[2025-11-14 18:52:58,867][src.utils.utils][INFO] - [rank: 0] Enforcing tags! <cfg.extras.enforce_tags=True>
[2025-11-14 18:52:58,880][src.utils.utils][INFO] - [rank: 0] Printing config tree with Rich! <cfg.extras.print_config=True>
[2025-11-14 18:52:58,881][src.utils.restart_job][INFO] - [rank: 0] should_skip_retry set to True. Skipping retry logic.
[2025-11-14 18:52:58,886][src.utils.launcher_utils][INFO] - [rank: 0] Instantiating datamodule <src.data.loading.datamodules.sequence_datamodule.SequenceDataModule>
[2025-11-14 18:52:58,979][src.utils.launcher_utils][INFO] - [rank: 0] Instantiating model <src.models.modules.semantic_id.tiger_generation_model.SemanticIDEncoderDecoder>
[2025-11-14 18:52:59,234][src.models.modules.semantic_id.tiger_generation_model][INFO] - [rank: 0] i am here
[2025-11-14 18:52:59,682][src.utils.launcher_utils][INFO] - [rank: 0] Instantiating callbacks...
[2025-11-14 18:52:59,683][src.utils.instantiators][INFO] - [rank: 0] Instantiating callback <lightning.pytorch.callbacks.ModelCheckpoint>
[2025-11-14 18:52:59,688][src.utils.instantiators][INFO] - [rank: 0] Instantiating callback <lightning.pytorch.callbacks.EarlyStopping>
[2025-11-14 18:52:59,691][src.utils.instantiators][INFO] - [rank: 0] Instantiating callback <lightning.pytorch.callbacks.RichModelSummary>
[2025-11-14 18:52:59,692][src.utils.instantiators][INFO] - [rank: 0] Instantiating callback <src.utils.restart_job.RestartAndLoadCheckpointCallback>
[2025-11-14 18:52:59,696][src.utils.restart_job_utils][INFO] - [rank: 0] Trying to load metadata from /data/mhwang/Rec/GRID/logs/train/runs/2025-11-14/18-52-58/metadata/restart_metadata.json
[2025-11-14 18:52:59,697][src.utils.restart_job_utils][WARNING] - [rank: 0] Metadata file not found at /data/mhwang/Rec/GRID/logs/train/runs/2025-11-14/18-52-58/metadata/restart_metadata.json. Creating empty metadata.
[2025-11-14 18:52:59,697][src.utils.restart_job_utils][INFO] - [rank: 0] Saving metadata to /data/mhwang/Rec/GRID/logs/train/runs/2025-11-14/18-52-58/metadata/restart_metadata.json. {'start_time': '2025-11-14T18:52:59.697562', 'restarts': [], 'current_run': 0, 'used_ports': [], 'world_size': 0, 'node_rank': 0, 'master_addr': '', 'original_args': ['/data/mhwang/Rec/GRID/src/train.py', 'experiment=tiger_train_flat', 'data_dir=/data/mhwang/Rec/GRID/amazon_data/beauty', 'semantic_id_path=/data/mhwang/Rec/GRID/logs/inference/runs/2025-11-12/23-33-09/pickle/merged_predictions_tensor.pt', 'num_hierarchies=10', '++should_skip_retry=True']}
[2025-11-14 18:52:59,698][src.utils.launcher_utils][INFO] - [rank: 0] Instantiating loggers...
[2025-11-14 18:52:59,699][src.utils.instantiators][INFO] - [rank: 0] Instantiating logger <lightning.pytorch.loggers.csv_logs.CSVLogger>
[2025-11-14 18:52:59,702][src.utils.launcher_utils][INFO] - [rank: 0] Instantiating trainer <lightning.pytorch.trainer.Trainer>
[2025-11-14 18:52:59,705][src.utils.restart_job_utils][INFO] - [rank: 0] Trying to load metadata from /data/mhwang/Rec/GRID/logs/train/runs/2025-11-14/18-52-58/metadata/restart_metadata.json
[2025-11-14 18:52:59,706][src.utils.restart_job_utils][INFO] - [rank: 0] Metadata loaded successfully from /data/mhwang/Rec/GRID/logs/train/runs/2025-11-14/18-52-58/metadata/restart_metadata.json
[2025-11-14 18:52:59,706][src.utils.restart_job_utils][INFO] - [rank: 0] Retrieved current_run: 0 from metadata /data/mhwang/Rec/GRID/logs/train/runs/2025-11-14/18-52-58/metadata/restart_metadata.json
[2025-11-14 18:52:59,844][src.utils.launcher_utils][INFO] - [rank: 0] Logging hyperparameters!
[2025-11-14 18:53:00,200][__main__][INFO] - [rank: 0] Starting training!
[2025-11-14 18:53:26,437][src.utils.restart_job_utils][INFO] - [rank: 0] Saving metadata to /data/mhwang/Rec/GRID/logs/train/runs/2025-11-14/18-52-58/metadata/restart_metadata.json. {'start_time': '2025-11-14T18:52:59.697562', 'restarts': [], 'current_run': 0, 'used_ports': ['36445'], 'world_size': 4, 'node_rank': 0, 'master_addr': '127.0.0.1', 'original_args': ['/data/mhwang/Rec/GRID/src/train.py', 'experiment=tiger_train_flat', 'data_dir=/data/mhwang/Rec/GRID/amazon_data/beauty', 'semantic_id_path=/data/mhwang/Rec/GRID/logs/inference/runs/2025-11-12/23-33-09/pickle/merged_predictions_tensor.pt', 'num_hierarchies=10', '++should_skip_retry=True']}
[2025-11-14 19:24:17,204][src.models.modules.semantic_id.tiger_generation_model][INFO] - [rank: 0] 开始统计训练集中的item流行度...
[2025-11-14 19:24:17,206][src.models.modules.semantic_id.tiger_generation_model][INFO] - [rank: 0] 训练集dataloader类型: <class 'tuple'>
[2025-11-14 19:24:17,206][src.models.modules.semantic_id.tiger_generation_model][INFO] - [rank: 0] 实际dataloader类型: <class 'src.data.loading.components.custom_dataloader.DataloaderWithIterationRetry'>
[2025-11-14 19:24:57,189][src.models.modules.semantic_id.tiger_generation_model][INFO] - [rank: 0] 已处理 1000 个batch，累计统计 545708 个item交互
[2025-11-14 19:25:34,160][src.models.modules.semantic_id.tiger_generation_model][INFO] - [rank: 0] 已处理 2000 个batch，累计统计 1088426 个item交互
[2025-11-14 19:26:06,032][src.models.modules.semantic_id.tiger_generation_model][INFO] - [rank: 0] 已处理 3000 个batch，累计统计 1673033 个item交互
[2025-11-14 19:26:37,721][src.models.modules.semantic_id.tiger_generation_model][INFO] - [rank: 0] 已处理 4000 个batch，累计统计 2238092 个item交互
[2025-11-14 19:27:11,691][src.models.modules.semantic_id.tiger_generation_model][INFO] - [rank: 0] 已处理 5000 个batch，累计统计 2819658 个item交互
[2025-11-14 19:27:46,454][src.models.modules.semantic_id.tiger_generation_model][INFO] - [rank: 0] 已处理 6000 个batch，累计统计 3394069 个item交互
[2025-11-14 19:28:15,130][src.models.modules.semantic_id.tiger_generation_model][INFO] - [rank: 0] 已处理 7000 个batch，累计统计 3923110 个item交互
[2025-11-14 19:28:44,223][src.models.modules.semantic_id.tiger_generation_model][INFO] - [rank: 0] 已处理 8000 个batch，累计统计 4463523 个item交互
[2025-11-14 19:29:16,198][src.models.modules.semantic_id.tiger_generation_model][INFO] - [rank: 0] 已处理 9000 个batch，累计统计 5055251 个item交互
[2025-11-14 19:29:45,728][src.models.modules.semantic_id.tiger_generation_model][INFO] - [rank: 0] 已处理 10000 个batch，累计统计 5622108 个item交互
[2025-11-14 19:29:45,737][src.models.modules.semantic_id.tiger_generation_model][INFO] - [rank: 0] 已达到最大batch限制(10000)，停止统计
[2025-11-14 19:29:45,738][src.models.modules.semantic_id.tiger_generation_model][INFO] - [rank: 0] 训练集统计完成：共 11998 个唯一item，总交互次数 5622108
[2025-11-14 19:29:45,783][src.models.modules.semantic_id.tiger_generation_model][INFO] - [rank: 0] 流行度分组完成:
[2025-11-14 19:29:45,789][src.models.modules.semantic_id.tiger_generation_model][INFO] - [rank: 0]   Head组 (前20%): 2399 个item
[2025-11-14 19:29:45,790][src.models.modules.semantic_id.tiger_generation_model][INFO] - [rank: 0]   Body组 (20%-50%): 3600 个item
[2025-11-14 19:29:45,791][src.models.modules.semantic_id.tiger_generation_model][INFO] - [rank: 0]   Tail组 (后50%): 5999 个item
[2025-11-14 19:29:45,791][src.models.modules.semantic_id.tiger_generation_model][INFO] - [rank: 0]   Head组示例: item (164, 106, 165, 37, 87, 207, 73, 46, 119, 0) 出现 17337 次
[2025-11-14 19:29:45,793][src.models.modules.semantic_id.tiger_generation_model][INFO] - [rank: 0]   Tail组示例: item (189, 103, 95, 160, 115, 63, 177, 101, 168, 0) 出现 1 次
[2025-11-14 19:29:45,794][src.models.modules.semantic_id.tiger_generation_model][INFO] - [rank: 0] 已启用按流行度分组的评测（Head/Body/Tail）。
[2025-11-14 19:29:46,413][src.models.modules.semantic_id.tiger_generation_model][INFO] - [rank: 0] 使用分块生成策略，num_hierarchies=10
[2025-11-14 19:29:48,070][src.models.modules.semantic_id.tiger_generation_model][INFO] - [rank: 0] 使用分块生成策略，num_hierarchies=10
[2025-11-14 19:29:49,168][src.models.modules.semantic_id.tiger_generation_model][INFO] - [rank: 0] 使用分块生成策略，num_hierarchies=10
[2025-11-14 19:29:50,429][src.models.modules.semantic_id.tiger_generation_model][INFO] - [rank: 0] 使用分块生成策略，num_hierarchies=10
[2025-11-14 19:29:51,177][src.models.modules.semantic_id.tiger_generation_model][INFO] - [rank: 0] 使用分块生成策略，num_hierarchies=10
[2025-11-14 19:29:52,083][src.models.modules.semantic_id.tiger_generation_model][INFO] - [rank: 0] 使用分块生成策略，num_hierarchies=10
[2025-11-14 19:29:53,212][src.models.modules.semantic_id.tiger_generation_model][INFO] - [rank: 0] 使用分块生成策略，num_hierarchies=10
[2025-11-14 19:29:54,365][src.models.modules.semantic_id.tiger_generation_model][INFO] - [rank: 0] 使用分块生成策略，num_hierarchies=10
[2025-11-14 19:29:55,627][src.models.modules.semantic_id.tiger_generation_model][INFO] - [rank: 0] 使用分块生成策略，num_hierarchies=10
[2025-11-14 19:29:56,310][src.models.modules.semantic_id.tiger_generation_model][INFO] - [rank: 0] 使用分块生成策略，num_hierarchies=10
[2025-11-14 19:29:56,988][src.models.modules.semantic_id.tiger_generation_model][INFO] - [rank: 0] 使用分块生成策略，num_hierarchies=10
[2025-11-14 19:29:58,399][src.models.modules.semantic_id.tiger_generation_model][INFO] - [rank: 0] 使用分块生成策略，num_hierarchies=10
[2025-11-14 19:29:59,479][src.models.modules.semantic_id.tiger_generation_model][INFO] - [rank: 0] 使用分块生成策略，num_hierarchies=10
[2025-11-14 19:30:00,273][src.models.modules.semantic_id.tiger_generation_model][INFO] - [rank: 0] 使用分块生成策略，num_hierarchies=10
[2025-11-14 19:30:01,191][src.models.modules.semantic_id.tiger_generation_model][INFO] - [rank: 0] 使用分块生成策略，num_hierarchies=10
[2025-11-14 19:30:01,926][src.models.modules.semantic_id.tiger_generation_model][INFO] - [rank: 0] 使用分块生成策略，num_hierarchies=10
[2025-11-14 19:30:02,617][src.models.modules.semantic_id.tiger_generation_model][INFO] - [rank: 0] 使用分块生成策略，num_hierarchies=10
[2025-11-14 19:30:03,907][src.models.modules.semantic_id.tiger_generation_model][INFO] - [rank: 0] 使用分块生成策略，num_hierarchies=10
[2025-11-14 19:30:04,653][src.models.modules.semantic_id.tiger_generation_model][INFO] - [rank: 0] 使用分块生成策略，num_hierarchies=10
[2025-11-14 19:30:05,491][src.models.modules.semantic_id.tiger_generation_model][INFO] - [rank: 0] 使用分块生成策略，num_hierarchies=10
[2025-11-14 19:30:06,840][src.models.modules.semantic_id.tiger_generation_model][INFO] - [rank: 0] 使用分块生成策略，num_hierarchies=10
[2025-11-14 19:30:08,175][src.models.modules.semantic_id.tiger_generation_model][INFO] - [rank: 0] 使用分块生成策略，num_hierarchies=10
[2025-11-14 19:30:09,304][src.models.modules.semantic_id.tiger_generation_model][INFO] - [rank: 0] 使用分块生成策略，num_hierarchies=10
[2025-11-14 19:30:09,984][src.models.modules.semantic_id.tiger_generation_model][INFO] - [rank: 0] 使用分块生成策略，num_hierarchies=10
[2025-11-14 19:30:10,636][src.models.modules.semantic_id.tiger_generation_model][INFO] - [rank: 0] 使用分块生成策略，num_hierarchies=10
[2025-11-14 19:30:11,485][src.models.modules.semantic_id.tiger_generation_model][INFO] - [rank: 0] 使用分块生成策略，num_hierarchies=10
[2025-11-14 19:30:12,049][src.models.modules.semantic_id.tiger_generation_model][INFO] - [rank: 0] 使用分块生成策略，num_hierarchies=10
[2025-11-14 19:30:12,805][src.models.modules.semantic_id.tiger_generation_model][INFO] - [rank: 0] 使用分块生成策略，num_hierarchies=10
[2025-11-14 19:30:13,471][src.models.modules.semantic_id.tiger_generation_model][INFO] - [rank: 0] 使用分块生成策略，num_hierarchies=10
[2025-11-14 19:30:14,645][src.models.modules.semantic_id.tiger_generation_model][INFO] - [rank: 0] 使用分块生成策略，num_hierarchies=10
[2025-11-14 19:30:15,278][src.models.modules.semantic_id.tiger_generation_model][INFO] - [rank: 0] 使用分块生成策略，num_hierarchies=10
[2025-11-14 19:30:16,475][src.models.modules.semantic_id.tiger_generation_model][INFO] - [rank: 0] 使用分块生成策略，num_hierarchies=10
[2025-11-14 19:30:17,705][src.models.modules.semantic_id.tiger_generation_model][INFO] - [rank: 0] 使用分块生成策略，num_hierarchies=10
[2025-11-14 19:30:19,501][src.models.modules.semantic_id.tiger_generation_model][INFO] - [rank: 0] 使用分块生成策略，num_hierarchies=10
[2025-11-14 19:30:22,089][src.models.modules.semantic_id.tiger_generation_model][INFO] - [rank: 0] 使用分块生成策略，num_hierarchies=10
[2025-11-14 19:30:24,249][src.models.modules.semantic_id.tiger_generation_model][INFO] - [rank: 0] 使用分块生成策略，num_hierarchies=10
[2025-11-14 19:30:25,788][src.models.modules.semantic_id.tiger_generation_model][INFO] - [rank: 0] 使用分块生成策略，num_hierarchies=10
[2025-11-14 19:30:27,434][src.models.modules.semantic_id.tiger_generation_model][INFO] - [rank: 0] 使用分块生成策略，num_hierarchies=10
[2025-11-14 19:30:29,295][src.models.modules.semantic_id.tiger_generation_model][INFO] - [rank: 0] 使用分块生成策略，num_hierarchies=10
[2025-11-14 19:30:30,575][src.models.modules.semantic_id.tiger_generation_model][INFO] - [rank: 0] 使用分块生成策略，num_hierarchies=10
[2025-11-14 19:30:31,330][src.models.modules.semantic_id.tiger_generation_model][INFO] - [rank: 0] 使用分块生成策略，num_hierarchies=10
[2025-11-14 19:30:32,238][src.models.modules.semantic_id.tiger_generation_model][INFO] - [rank: 0] 使用分块生成策略，num_hierarchies=10
[2025-11-14 19:30:33,962][src.models.modules.semantic_id.tiger_generation_model][INFO] - [rank: 0] 使用分块生成策略，num_hierarchies=10
[2025-11-14 19:30:35,346][src.models.modules.semantic_id.tiger_generation_model][INFO] - [rank: 0] 使用分块生成策略，num_hierarchies=10
[2025-11-14 19:30:36,705][src.models.modules.semantic_id.tiger_generation_model][INFO] - [rank: 0] 使用分块生成策略，num_hierarchies=10
[2025-11-14 19:30:38,348][src.models.modules.semantic_id.tiger_generation_model][INFO] - [rank: 0] 使用分块生成策略，num_hierarchies=10
[2025-11-14 19:30:39,934][src.models.modules.semantic_id.tiger_generation_model][INFO] - [rank: 0] 使用分块生成策略，num_hierarchies=10
[2025-11-14 19:30:41,488][src.models.modules.semantic_id.tiger_generation_model][INFO] - [rank: 0] 使用分块生成策略，num_hierarchies=10
[2025-11-14 19:30:43,136][src.models.modules.semantic_id.tiger_generation_model][INFO] - [rank: 0] 使用分块生成策略，num_hierarchies=10
[2025-11-14 19:30:45,004][src.models.modules.semantic_id.tiger_generation_model][INFO] - [rank: 0] 使用分块生成策略，num_hierarchies=10
[2025-11-14 19:30:46,196][src.models.modules.semantic_id.tiger_generation_model][INFO] - [rank: 0] 使用分块生成策略，num_hierarchies=10
[2025-11-14 19:30:47,287][src.models.modules.semantic_id.tiger_generation_model][INFO] - [rank: 0] 使用分块生成策略，num_hierarchies=10
[2025-11-14 19:30:48,686][src.models.modules.semantic_id.tiger_generation_model][INFO] - [rank: 0] 使用分块生成策略，num_hierarchies=10
[2025-11-14 19:30:49,872][src.models.modules.semantic_id.tiger_generation_model][INFO] - [rank: 0] 使用分块生成策略，num_hierarchies=10
[2025-11-14 19:30:51,137][src.models.modules.semantic_id.tiger_generation_model][INFO] - [rank: 0] 使用分块生成策略，num_hierarchies=10
[2025-11-14 19:30:52,313][src.models.modules.semantic_id.tiger_generation_model][INFO] - [rank: 0] 使用分块生成策略，num_hierarchies=10
[2025-11-14 19:30:53,602][src.models.modules.semantic_id.tiger_generation_model][INFO] - [rank: 0] 使用分块生成策略，num_hierarchies=10
[2025-11-14 19:30:54,929][src.models.modules.semantic_id.tiger_generation_model][INFO] - [rank: 0] 使用分块生成策略，num_hierarchies=10
[2025-11-14 19:30:56,327][src.models.modules.semantic_id.tiger_generation_model][INFO] - [rank: 0] 使用分块生成策略，num_hierarchies=10
[2025-11-14 19:30:57,658][src.models.modules.semantic_id.tiger_generation_model][INFO] - [rank: 0] 使用分块生成策略，num_hierarchies=10
[2025-11-14 19:30:58,931][src.models.modules.semantic_id.tiger_generation_model][INFO] - [rank: 0] 使用分块生成策略，num_hierarchies=10
[2025-11-14 19:30:59,770][src.models.modules.semantic_id.tiger_generation_model][INFO] - [rank: 0] 使用分块生成策略，num_hierarchies=10
[2025-11-14 19:31:00,672][src.models.modules.semantic_id.tiger_generation_model][INFO] - [rank: 0] 使用分块生成策略，num_hierarchies=10
[2025-11-14 19:31:01,687][src.models.modules.semantic_id.tiger_generation_model][INFO] - [rank: 0] 使用分块生成策略，num_hierarchies=10
[2025-11-14 19:31:02,970][src.models.modules.semantic_id.tiger_generation_model][INFO] - [rank: 0] 使用分块生成策略，num_hierarchies=10
[2025-11-14 19:31:04,138][src.models.modules.semantic_id.tiger_generation_model][INFO] - [rank: 0] 使用分块生成策略，num_hierarchies=10
[2025-11-14 19:31:05,720][src.models.modules.semantic_id.tiger_generation_model][INFO] - [rank: 0] 使用分块生成策略，num_hierarchies=10
[2025-11-14 19:31:07,023][src.models.modules.semantic_id.tiger_generation_model][INFO] - [rank: 0] 使用分块生成策略，num_hierarchies=10
[2025-11-14 19:31:08,335][src.models.modules.semantic_id.tiger_generation_model][INFO] - [rank: 0] 使用分块生成策略，num_hierarchies=10
[2025-11-14 19:31:09,501][src.models.modules.semantic_id.tiger_generation_model][INFO] - [rank: 0] 使用分块生成策略，num_hierarchies=10
[2025-11-14 19:31:10,934][src.models.modules.semantic_id.tiger_generation_model][INFO] - [rank: 0] 使用分块生成策略，num_hierarchies=10
[2025-11-14 19:31:12,264][src.models.modules.semantic_id.tiger_generation_model][INFO] - [rank: 0] 使用分块生成策略，num_hierarchies=10
[2025-11-14 19:31:13,663][src.models.modules.semantic_id.tiger_generation_model][INFO] - [rank: 0] 使用分块生成策略，num_hierarchies=10
[2025-11-14 19:31:15,038][src.models.modules.semantic_id.tiger_generation_model][INFO] - [rank: 0] 使用分块生成策略，num_hierarchies=10
[2025-11-14 19:31:15,880][src.models.modules.semantic_id.tiger_generation_model][INFO] - [rank: 0] 使用分块生成策略，num_hierarchies=10
[2025-11-14 19:31:16,598][src.models.modules.semantic_id.tiger_generation_model][INFO] - [rank: 0] 使用分块生成策略，num_hierarchies=10
[2025-11-14 19:31:17,202][src.models.modules.semantic_id.tiger_generation_model][INFO] - [rank: 0] 使用分块生成策略，num_hierarchies=10
[2025-11-14 19:31:17,882][src.models.modules.semantic_id.tiger_generation_model][INFO] - [rank: 0] 使用分块生成策略，num_hierarchies=10
[2025-11-14 19:31:18,580][src.models.modules.semantic_id.tiger_generation_model][INFO] - [rank: 0] 使用分块生成策略，num_hierarchies=10
[2025-11-14 19:31:19,195][src.models.modules.semantic_id.tiger_generation_model][INFO] - [rank: 0] 使用分块生成策略，num_hierarchies=10
[2025-11-14 19:31:20,106][src.models.modules.semantic_id.tiger_generation_model][INFO] - [rank: 0] 使用分块生成策略，num_hierarchies=10
[2025-11-14 19:31:21,519][src.models.modules.semantic_id.tiger_generation_model][INFO] - [rank: 0] 使用分块生成策略，num_hierarchies=10
[2025-11-14 19:31:22,562][src.models.modules.semantic_id.tiger_generation_model][INFO] - [rank: 0] 使用分块生成策略，num_hierarchies=10
[2025-11-14 19:31:24,307][src.models.modules.semantic_id.tiger_generation_model][INFO] - [rank: 0] 使用分块生成策略，num_hierarchies=10
[2025-11-14 19:31:24,986][src.models.modules.semantic_id.tiger_generation_model][INFO] - [rank: 0] 使用分块生成策略，num_hierarchies=10
[2025-11-14 19:31:25,716][src.models.modules.semantic_id.tiger_generation_model][INFO] - [rank: 0] 使用分块生成策略，num_hierarchies=10
[2025-11-14 19:31:26,303][src.models.modules.semantic_id.tiger_generation_model][INFO] - [rank: 0] 使用分块生成策略，num_hierarchies=10
[2025-11-14 19:31:27,048][src.models.modules.semantic_id.tiger_generation_model][INFO] - [rank: 0] 使用分块生成策略，num_hierarchies=10
[2025-11-14 19:31:27,909][src.models.modules.semantic_id.tiger_generation_model][INFO] - [rank: 0] 使用分块生成策略，num_hierarchies=10
[2025-11-14 19:31:28,917][src.models.modules.semantic_id.tiger_generation_model][INFO] - [rank: 0] 使用分块生成策略，num_hierarchies=10
[2025-11-14 19:31:30,133][src.models.modules.semantic_id.tiger_generation_model][INFO] - [rank: 0] 使用分块生成策略，num_hierarchies=10
[2025-11-14 19:31:31,442][src.models.modules.semantic_id.tiger_generation_model][INFO] - [rank: 0] 使用分块生成策略，num_hierarchies=10
[2025-11-14 19:31:32,725][src.models.modules.semantic_id.tiger_generation_model][INFO] - [rank: 0] 使用分块生成策略，num_hierarchies=10
[2025-11-14 19:31:34,040][src.models.modules.semantic_id.tiger_generation_model][INFO] - [rank: 0] 使用分块生成策略，num_hierarchies=10
[2025-11-14 19:31:35,110][src.models.modules.semantic_id.tiger_generation_model][INFO] - [rank: 0] 使用分块生成策略，num_hierarchies=10
[2025-11-14 19:31:36,460][src.models.modules.semantic_id.tiger_generation_model][INFO] - [rank: 0] 使用分块生成策略，num_hierarchies=10
[2025-11-14 19:31:37,601][src.models.modules.semantic_id.tiger_generation_model][INFO] - [rank: 0] 使用分块生成策略，num_hierarchies=10
[2025-11-14 19:31:38,699][src.models.modules.semantic_id.tiger_generation_model][INFO] - [rank: 0] 使用分块生成策略，num_hierarchies=10
[2025-11-14 19:31:40,020][src.models.modules.semantic_id.tiger_generation_model][INFO] - [rank: 0] 使用分块生成策略，num_hierarchies=10
[2025-11-14 19:31:40,832][src.models.modules.semantic_id.tiger_generation_model][INFO] - [rank: 0] 使用分块生成策略，num_hierarchies=10
[2025-11-14 19:31:41,797][src.models.modules.semantic_id.tiger_generation_model][INFO] - [rank: 0] 使用分块生成策略，num_hierarchies=10
[2025-11-14 19:31:42,812][src.models.modules.semantic_id.tiger_generation_model][INFO] - [rank: 0] 使用分块生成策略，num_hierarchies=10
[2025-11-14 19:31:44,185][src.models.modules.semantic_id.tiger_generation_model][INFO] - [rank: 0] 使用分块生成策略，num_hierarchies=10
[2025-11-14 19:31:45,290][src.models.modules.semantic_id.tiger_generation_model][INFO] - [rank: 0] 使用分块生成策略，num_hierarchies=10
[2025-11-14 19:31:46,757][src.models.modules.semantic_id.tiger_generation_model][INFO] - [rank: 0] 使用分块生成策略，num_hierarchies=10
[2025-11-14 19:31:48,423][src.models.modules.semantic_id.tiger_generation_model][INFO] - [rank: 0] 使用分块生成策略，num_hierarchies=10
[2025-11-14 19:31:49,531][src.models.modules.semantic_id.tiger_generation_model][INFO] - [rank: 0] 使用分块生成策略，num_hierarchies=10
[2025-11-14 19:31:50,390][src.models.modules.semantic_id.tiger_generation_model][INFO] - [rank: 0] 使用分块生成策略，num_hierarchies=10
[2025-11-14 19:31:51,246][src.models.modules.semantic_id.tiger_generation_model][INFO] - [rank: 0] 使用分块生成策略，num_hierarchies=10
[2025-11-14 19:31:52,086][src.models.modules.semantic_id.tiger_generation_model][INFO] - [rank: 0] 使用分块生成策略，num_hierarchies=10
[2025-11-14 19:31:52,873][src.models.modules.semantic_id.tiger_generation_model][INFO] - [rank: 0] 使用分块生成策略，num_hierarchies=10
[2025-11-14 19:31:54,054][src.models.modules.semantic_id.tiger_generation_model][INFO] - [rank: 0] 使用分块生成策略，num_hierarchies=10
[2025-11-14 19:31:55,462][src.models.modules.semantic_id.tiger_generation_model][INFO] - [rank: 0] 使用分块生成策略，num_hierarchies=10
[2025-11-14 19:31:56,680][src.models.modules.semantic_id.tiger_generation_model][INFO] - [rank: 0] 使用分块生成策略，num_hierarchies=10
[2025-11-14 19:31:57,979][src.models.modules.semantic_id.tiger_generation_model][INFO] - [rank: 0] 使用分块生成策略，num_hierarchies=10
[2025-11-14 19:31:58,734][src.models.modules.semantic_id.tiger_generation_model][INFO] - [rank: 0] 使用分块生成策略，num_hierarchies=10
[2025-11-14 19:31:59,529][src.models.modules.semantic_id.tiger_generation_model][INFO] - [rank: 0] 使用分块生成策略，num_hierarchies=10
[2025-11-14 19:32:00,927][src.models.modules.semantic_id.tiger_generation_model][INFO] - [rank: 0] 使用分块生成策略，num_hierarchies=10
[2025-11-14 19:32:01,937][src.models.modules.semantic_id.tiger_generation_model][INFO] - [rank: 0] 使用分块生成策略，num_hierarchies=10
[2025-11-14 19:32:03,199][src.models.modules.semantic_id.tiger_generation_model][INFO] - [rank: 0] 使用分块生成策略，num_hierarchies=10
[2025-11-14 19:32:04,495][src.models.modules.semantic_id.tiger_generation_model][INFO] - [rank: 0] 使用分块生成策略，num_hierarchies=10
[2025-11-14 19:32:05,301][src.models.modules.semantic_id.tiger_generation_model][INFO] - [rank: 0] 使用分块生成策略，num_hierarchies=10
[2025-11-14 19:32:06,234][src.models.modules.semantic_id.tiger_generation_model][INFO] - [rank: 0] 使用分块生成策略，num_hierarchies=10
[2025-11-14 19:32:07,463][src.models.modules.semantic_id.tiger_generation_model][INFO] - [rank: 0] 使用分块生成策略，num_hierarchies=10
[2025-11-14 19:32:08,699][src.models.modules.semantic_id.tiger_generation_model][INFO] - [rank: 0] 使用分块生成策略，num_hierarchies=10
[2025-11-14 19:32:09,309][src.models.modules.semantic_id.tiger_generation_model][INFO] - [rank: 0] 使用分块生成策略，num_hierarchies=10
[2025-11-14 19:32:10,270][src.models.modules.semantic_id.tiger_generation_model][INFO] - [rank: 0] 使用分块生成策略，num_hierarchies=10
[2025-11-14 19:32:11,208][src.models.modules.semantic_id.tiger_generation_model][INFO] - [rank: 0] 使用分块生成策略，num_hierarchies=10
[2025-11-14 19:32:11,986][src.models.modules.semantic_id.tiger_generation_model][INFO] - [rank: 0] 使用分块生成策略，num_hierarchies=10
[2025-11-14 19:32:12,735][src.models.modules.semantic_id.tiger_generation_model][INFO] - [rank: 0] 使用分块生成策略，num_hierarchies=10
[2025-11-14 19:32:13,575][src.models.modules.semantic_id.tiger_generation_model][INFO] - [rank: 0] 使用分块生成策略，num_hierarchies=10
[2025-11-14 19:32:14,486][src.models.modules.semantic_id.tiger_generation_model][INFO] - [rank: 0] 使用分块生成策略，num_hierarchies=10
[2025-11-14 19:32:15,358][src.models.modules.semantic_id.tiger_generation_model][INFO] - [rank: 0] 使用分块生成策略，num_hierarchies=10
[2025-11-14 19:32:16,003][src.models.modules.semantic_id.tiger_generation_model][INFO] - [rank: 0] 使用分块生成策略，num_hierarchies=10
[2025-11-14 19:32:16,711][src.models.modules.semantic_id.tiger_generation_model][INFO] - [rank: 0] 使用分块生成策略，num_hierarchies=10
[2025-11-14 19:32:17,412][src.models.modules.semantic_id.tiger_generation_model][INFO] - [rank: 0] 使用分块生成策略，num_hierarchies=10
[2025-11-14 19:32:19,049][src.models.modules.semantic_id.tiger_generation_model][INFO] - [rank: 0] 使用分块生成策略，num_hierarchies=10
[2025-11-14 19:32:20,287][src.models.modules.semantic_id.tiger_generation_model][INFO] - [rank: 0] 使用分块生成策略，num_hierarchies=10
[2025-11-14 19:32:21,202][src.models.modules.semantic_id.tiger_generation_model][INFO] - [rank: 0] 使用分块生成策略，num_hierarchies=10
[2025-11-14 19:32:22,213][src.models.modules.semantic_id.tiger_generation_model][INFO] - [rank: 0] 使用分块生成策略，num_hierarchies=10
[2025-11-14 19:32:23,560][src.models.modules.semantic_id.tiger_generation_model][INFO] - [rank: 0] 使用分块生成策略，num_hierarchies=10
[2025-11-14 19:32:25,123][src.models.modules.semantic_id.tiger_generation_model][INFO] - [rank: 0] 使用分块生成策略，num_hierarchies=10
[2025-11-14 19:32:26,555][src.models.modules.semantic_id.tiger_generation_model][INFO] - [rank: 0] 使用分块生成策略，num_hierarchies=10
[2025-11-14 19:32:27,431][src.models.modules.semantic_id.tiger_generation_model][INFO] - [rank: 0] 使用分块生成策略，num_hierarchies=10
[2025-11-14 19:32:28,626][src.models.modules.semantic_id.tiger_generation_model][INFO] - [rank: 0] 使用分块生成策略，num_hierarchies=10
[2025-11-14 19:32:29,612][src.models.modules.semantic_id.tiger_generation_model][INFO] - [rank: 0] 使用分块生成策略，num_hierarchies=10
[2025-11-14 19:32:30,488][src.models.modules.semantic_id.tiger_generation_model][INFO] - [rank: 0] 使用分块生成策略，num_hierarchies=10
[2025-11-14 19:32:31,481][src.models.modules.semantic_id.tiger_generation_model][INFO] - [rank: 0] 使用分块生成策略，num_hierarchies=10
[2025-11-14 19:32:32,705][src.models.modules.semantic_id.tiger_generation_model][INFO] - [rank: 0] 使用分块生成策略，num_hierarchies=10
[2025-11-14 19:32:33,903][src.models.modules.semantic_id.tiger_generation_model][INFO] - [rank: 0] 使用分块生成策略，num_hierarchies=10
[2025-11-14 19:32:34,701][src.models.modules.semantic_id.tiger_generation_model][INFO] - [rank: 0] 使用分块生成策略，num_hierarchies=10
[2025-11-14 19:32:35,970][src.models.modules.semantic_id.tiger_generation_model][INFO] - [rank: 0] 使用分块生成策略，num_hierarchies=10
[2025-11-14 19:32:37,253][src.models.modules.semantic_id.tiger_generation_model][INFO] - [rank: 0] 使用分块生成策略，num_hierarchies=10
[2025-11-14 19:32:38,266][src.models.modules.semantic_id.tiger_generation_model][INFO] - [rank: 0] 使用分块生成策略，num_hierarchies=10
[2025-11-14 19:32:39,504][src.models.modules.semantic_id.tiger_generation_model][INFO] - [rank: 0] 使用分块生成策略，num_hierarchies=10
[2025-11-14 19:32:40,665][src.models.modules.semantic_id.tiger_generation_model][INFO] - [rank: 0] 使用分块生成策略，num_hierarchies=10
[2025-11-14 19:32:41,667][src.models.modules.semantic_id.tiger_generation_model][INFO] - [rank: 0] 使用分块生成策略，num_hierarchies=10
[2025-11-14 19:32:42,698][src.models.modules.semantic_id.tiger_generation_model][INFO] - [rank: 0] 使用分块生成策略，num_hierarchies=10
[2025-11-14 19:32:43,585][src.models.modules.semantic_id.tiger_generation_model][INFO] - [rank: 0] 使用分块生成策略，num_hierarchies=10
[2025-11-14 19:32:44,957][src.models.modules.semantic_id.tiger_generation_model][INFO] - [rank: 0] 使用分块生成策略，num_hierarchies=10
[2025-11-14 19:32:46,066][src.models.modules.semantic_id.tiger_generation_model][INFO] - [rank: 0] 使用分块生成策略，num_hierarchies=10
[2025-11-14 19:32:46,727][src.models.modules.semantic_id.tiger_generation_model][INFO] - [rank: 0] 使用分块生成策略，num_hierarchies=10
[2025-11-14 19:32:47,425][src.models.modules.semantic_id.tiger_generation_model][INFO] - [rank: 0] 使用分块生成策略，num_hierarchies=10
[2025-11-14 19:32:48,062][src.models.modules.semantic_id.tiger_generation_model][INFO] - [rank: 0] 使用分块生成策略，num_hierarchies=10
[2025-11-14 19:32:48,866][src.models.modules.semantic_id.tiger_generation_model][INFO] - [rank: 0] 使用分块生成策略，num_hierarchies=10
[2025-11-14 19:32:49,617][src.models.modules.semantic_id.tiger_generation_model][INFO] - [rank: 0] 使用分块生成策略，num_hierarchies=10
[2025-11-14 19:32:50,750][src.models.modules.semantic_id.tiger_generation_model][INFO] - [rank: 0] 使用分块生成策略，num_hierarchies=10
[2025-11-14 19:32:51,891][src.models.modules.semantic_id.tiger_generation_model][INFO] - [rank: 0] 使用分块生成策略，num_hierarchies=10
[2025-11-14 19:32:53,065][src.models.modules.semantic_id.tiger_generation_model][INFO] - [rank: 0] 使用分块生成策略，num_hierarchies=10
[2025-11-14 19:32:53,955][src.models.modules.semantic_id.tiger_generation_model][INFO] - [rank: 0] 使用分块生成策略，num_hierarchies=10
[2025-11-14 19:32:54,861][src.models.modules.semantic_id.tiger_generation_model][INFO] - [rank: 0] 使用分块生成策略，num_hierarchies=10
[2025-11-14 19:32:56,063][src.models.modules.semantic_id.tiger_generation_model][INFO] - [rank: 0] 使用分块生成策略，num_hierarchies=10
[2025-11-14 19:32:57,074][src.models.modules.semantic_id.tiger_generation_model][INFO] - [rank: 0] 使用分块生成策略，num_hierarchies=10
[2025-11-14 19:32:57,958][src.models.modules.semantic_id.tiger_generation_model][INFO] - [rank: 0] 使用分块生成策略，num_hierarchies=10
[2025-11-14 19:32:58,817][src.models.modules.semantic_id.tiger_generation_model][INFO] - [rank: 0] 使用分块生成策略，num_hierarchies=10
[2025-11-14 19:33:00,031][src.models.modules.semantic_id.tiger_generation_model][INFO] - [rank: 0] 使用分块生成策略，num_hierarchies=10
[2025-11-14 19:33:01,430][src.models.modules.semantic_id.tiger_generation_model][INFO] - [rank: 0] 使用分块生成策略，num_hierarchies=10
[2025-11-14 19:33:03,331][src.models.modules.semantic_id.tiger_generation_model][INFO] - [rank: 0] 使用分块生成策略，num_hierarchies=10
[2025-11-14 19:33:04,353][src.models.modules.semantic_id.tiger_generation_model][INFO] - [rank: 0] 使用分块生成策略，num_hierarchies=10
[2025-11-14 19:33:05,711][src.models.modules.semantic_id.tiger_generation_model][INFO] - [rank: 0] 使用分块生成策略，num_hierarchies=10
[2025-11-14 19:33:06,506][src.models.modules.semantic_id.tiger_generation_model][INFO] - [rank: 0] 使用分块生成策略，num_hierarchies=10
[2025-11-14 19:33:07,536][src.models.modules.semantic_id.tiger_generation_model][INFO] - [rank: 0] 使用分块生成策略，num_hierarchies=10
[2025-11-14 19:33:08,637][src.models.modules.semantic_id.tiger_generation_model][INFO] - [rank: 0] 使用分块生成策略，num_hierarchies=10
[2025-11-14 19:33:09,490][src.models.modules.semantic_id.tiger_generation_model][INFO] - [rank: 0] 使用分块生成策略，num_hierarchies=10
[2025-11-14 19:33:10,301][src.models.modules.semantic_id.tiger_generation_model][INFO] - [rank: 0] 使用分块生成策略，num_hierarchies=10
[2025-11-14 19:33:10,989][src.models.modules.semantic_id.tiger_generation_model][INFO] - [rank: 0] 使用分块生成策略，num_hierarchies=10
[2025-11-14 19:33:11,653][src.models.modules.semantic_id.tiger_generation_model][INFO] - [rank: 0] 使用分块生成策略，num_hierarchies=10
[2025-11-14 19:33:12,552][src.models.modules.semantic_id.tiger_generation_model][INFO] - [rank: 0] 使用分块生成策略，num_hierarchies=10
[2025-11-14 19:33:13,722][src.models.modules.semantic_id.tiger_generation_model][INFO] - [rank: 0] 使用分块生成策略，num_hierarchies=10
[2025-11-14 19:33:14,833][src.models.modules.semantic_id.tiger_generation_model][INFO] - [rank: 0] 使用分块生成策略，num_hierarchies=10
[2025-11-14 19:33:15,888][src.models.modules.semantic_id.tiger_generation_model][INFO] - [rank: 0] 使用分块生成策略，num_hierarchies=10
[2025-11-14 19:33:17,339][src.models.modules.semantic_id.tiger_generation_model][INFO] - [rank: 0] 使用分块生成策略，num_hierarchies=10
[2025-11-14 19:33:18,908][src.models.modules.semantic_id.tiger_generation_model][INFO] - [rank: 0] 使用分块生成策略，num_hierarchies=10
[2025-11-14 19:33:20,300][src.models.modules.semantic_id.tiger_generation_model][INFO] - [rank: 0] 使用分块生成策略，num_hierarchies=10
[2025-11-14 19:33:21,396][src.models.modules.semantic_id.tiger_generation_model][INFO] - [rank: 0] 使用分块生成策略，num_hierarchies=10
[2025-11-14 19:33:22,265][src.models.modules.semantic_id.tiger_generation_model][INFO] - [rank: 0] 使用分块生成策略，num_hierarchies=10
[2025-11-14 19:33:23,064][src.models.modules.semantic_id.tiger_generation_model][INFO] - [rank: 0] 使用分块生成策略，num_hierarchies=10
[2025-11-14 19:33:24,052][src.models.modules.semantic_id.tiger_generation_model][INFO] - [rank: 0] 使用分块生成策略，num_hierarchies=10
[2025-11-14 19:33:25,742][src.models.modules.semantic_id.tiger_generation_model][INFO] - [rank: 0] 使用分块生成策略，num_hierarchies=10
[2025-11-14 19:33:26,962][src.models.modules.semantic_id.tiger_generation_model][INFO] - [rank: 0] 使用分块生成策略，num_hierarchies=10
[2025-11-14 19:33:27,686][src.models.modules.semantic_id.tiger_generation_model][INFO] - [rank: 0] 使用分块生成策略，num_hierarchies=10
[2025-11-14 19:33:28,850][src.models.modules.semantic_id.tiger_generation_model][INFO] - [rank: 0] 使用分块生成策略，num_hierarchies=10
[2025-11-14 19:33:30,249][src.models.modules.semantic_id.tiger_generation_model][INFO] - [rank: 0] 使用分块生成策略，num_hierarchies=10
[2025-11-14 19:33:31,007][src.models.modules.semantic_id.tiger_generation_model][INFO] - [rank: 0] 使用分块生成策略，num_hierarchies=10
[2025-11-14 19:33:32,200][src.models.modules.semantic_id.tiger_generation_model][INFO] - [rank: 0] 使用分块生成策略，num_hierarchies=10
[2025-11-14 19:33:33,511][src.models.modules.semantic_id.tiger_generation_model][INFO] - [rank: 0] 使用分块生成策略，num_hierarchies=10
[2025-11-14 19:33:34,753][src.models.modules.semantic_id.tiger_generation_model][INFO] - [rank: 0] 使用分块生成策略，num_hierarchies=10
[2025-11-14 19:33:35,659][src.models.modules.semantic_id.tiger_generation_model][INFO] - [rank: 0] 使用分块生成策略，num_hierarchies=10
[2025-11-14 19:33:36,999][src.models.modules.semantic_id.tiger_generation_model][INFO] - [rank: 0] 使用分块生成策略，num_hierarchies=10
[2025-11-14 19:33:38,107][src.models.modules.semantic_id.tiger_generation_model][INFO] - [rank: 0] 使用分块生成策略，num_hierarchies=10
[2025-11-14 19:33:39,467][src.models.modules.semantic_id.tiger_generation_model][INFO] - [rank: 0] 使用分块生成策略，num_hierarchies=10
[2025-11-14 19:33:40,675][src.models.modules.semantic_id.tiger_generation_model][INFO] - [rank: 0] 使用分块生成策略，num_hierarchies=10
[2025-11-14 19:33:41,747][src.models.modules.semantic_id.tiger_generation_model][INFO] - [rank: 0] 使用分块生成策略，num_hierarchies=10
[2025-11-14 19:33:42,879][src.models.modules.semantic_id.tiger_generation_model][INFO] - [rank: 0] 使用分块生成策略，num_hierarchies=10
[2025-11-14 19:33:44,013][src.models.modules.semantic_id.tiger_generation_model][INFO] - [rank: 0] 使用分块生成策略，num_hierarchies=10
[2025-11-14 19:33:45,070][src.models.modules.semantic_id.tiger_generation_model][INFO] - [rank: 0] 使用分块生成策略，num_hierarchies=10
[2025-11-14 19:33:46,229][src.models.modules.semantic_id.tiger_generation_model][INFO] - [rank: 0] 使用分块生成策略，num_hierarchies=10
[2025-11-14 19:33:47,507][src.models.modules.semantic_id.tiger_generation_model][INFO] - [rank: 0] 使用分块生成策略，num_hierarchies=10
[2025-11-14 19:33:48,792][src.models.modules.semantic_id.tiger_generation_model][INFO] - [rank: 0] 使用分块生成策略，num_hierarchies=10
[2025-11-14 19:33:50,218][src.models.modules.semantic_id.tiger_generation_model][INFO] - [rank: 0] 使用分块生成策略，num_hierarchies=10
[2025-11-14 19:33:51,677][src.models.modules.semantic_id.tiger_generation_model][INFO] - [rank: 0] 使用分块生成策略，num_hierarchies=10
[2025-11-14 19:33:52,692][src.models.modules.semantic_id.tiger_generation_model][INFO] - [rank: 0] 使用分块生成策略，num_hierarchies=10
[2025-11-14 19:33:53,324][src.models.modules.semantic_id.tiger_generation_model][INFO] - [rank: 0] 使用分块生成策略，num_hierarchies=10
[2025-11-14 19:33:54,789][src.models.modules.semantic_id.tiger_generation_model][INFO] - [rank: 0] 使用分块生成策略，num_hierarchies=10
[2025-11-14 19:33:55,897][src.models.modules.semantic_id.tiger_generation_model][INFO] - [rank: 0] 使用分块生成策略，num_hierarchies=10
[2025-11-14 19:33:57,077][src.models.modules.semantic_id.tiger_generation_model][INFO] - [rank: 0] 使用分块生成策略，num_hierarchies=10
[2025-11-14 19:33:58,257][src.models.modules.semantic_id.tiger_generation_model][INFO] - [rank: 0] 使用分块生成策略，num_hierarchies=10
[2025-11-14 19:33:59,829][src.models.modules.semantic_id.tiger_generation_model][INFO] - [rank: 0] 使用分块生成策略，num_hierarchies=10
[2025-11-14 19:34:00,680][src.models.modules.semantic_id.tiger_generation_model][INFO] - [rank: 0] 使用分块生成策略，num_hierarchies=10
[2025-11-14 19:34:01,423][src.models.modules.semantic_id.tiger_generation_model][INFO] - [rank: 0] 使用分块生成策略，num_hierarchies=10
[2025-11-14 19:34:02,733][src.models.modules.semantic_id.tiger_generation_model][INFO] - [rank: 0] 使用分块生成策略，num_hierarchies=10
[2025-11-14 19:34:03,664][src.models.modules.semantic_id.tiger_generation_model][INFO] - [rank: 0] 使用分块生成策略，num_hierarchies=10
[2025-11-14 19:34:04,242][src.models.modules.semantic_id.tiger_generation_model][INFO] - [rank: 0] 使用分块生成策略，num_hierarchies=10
[2025-11-14 19:34:04,935][src.models.modules.semantic_id.tiger_generation_model][INFO] - [rank: 0] 使用分块生成策略，num_hierarchies=10
[2025-11-14 19:34:05,547][src.models.modules.semantic_id.tiger_generation_model][INFO] - [rank: 0] 使用分块生成策略，num_hierarchies=10
[2025-11-14 19:34:06,139][src.models.modules.semantic_id.tiger_generation_model][INFO] - [rank: 0] 使用分块生成策略，num_hierarchies=10
[2025-11-14 19:34:07,675][src.models.modules.semantic_id.tiger_generation_model][INFO] - [rank: 0] 使用分块生成策略，num_hierarchies=10
[2025-11-14 19:34:09,437][src.models.modules.semantic_id.tiger_generation_model][INFO] - [rank: 0] 使用分块生成策略，num_hierarchies=10
[2025-11-14 19:34:11,220][src.models.modules.semantic_id.tiger_generation_model][INFO] - [rank: 0] 使用分块生成策略，num_hierarchies=10
[2025-11-14 19:34:12,252][src.models.modules.semantic_id.tiger_generation_model][INFO] - [rank: 0] 使用分块生成策略，num_hierarchies=10
[2025-11-14 19:34:13,257][src.models.modules.semantic_id.tiger_generation_model][INFO] - [rank: 0] 使用分块生成策略，num_hierarchies=10
[2025-11-14 19:34:14,256][src.models.modules.semantic_id.tiger_generation_model][INFO] - [rank: 0] 使用分块生成策略，num_hierarchies=10
[2025-11-14 19:34:15,757][src.models.modules.semantic_id.tiger_generation_model][INFO] - [rank: 0] 使用分块生成策略，num_hierarchies=10
[2025-11-14 19:34:16,378][src.models.modules.semantic_id.tiger_generation_model][INFO] - [rank: 0] 使用分块生成策略，num_hierarchies=10
[2025-11-14 19:34:17,677][src.models.modules.semantic_id.tiger_generation_model][INFO] - [rank: 0] 使用分块生成策略，num_hierarchies=10
[2025-11-14 19:34:18,900][src.models.modules.semantic_id.tiger_generation_model][INFO] - [rank: 0] 使用分块生成策略，num_hierarchies=10
[2025-11-14 19:34:19,797][src.models.modules.semantic_id.tiger_generation_model][INFO] - [rank: 0] 使用分块生成策略，num_hierarchies=10
[2025-11-14 19:34:20,734][src.models.modules.semantic_id.tiger_generation_model][INFO] - [rank: 0] 使用分块生成策略，num_hierarchies=10
[2025-11-14 19:34:21,901][src.models.modules.semantic_id.tiger_generation_model][INFO] - [rank: 0] 使用分块生成策略，num_hierarchies=10
[2025-11-14 19:34:23,131][src.models.modules.semantic_id.tiger_generation_model][INFO] - [rank: 0] 使用分块生成策略，num_hierarchies=10
[2025-11-14 19:34:24,100][src.models.modules.semantic_id.tiger_generation_model][INFO] - [rank: 0] 使用分块生成策略，num_hierarchies=10
[2025-11-14 19:34:25,527][src.models.modules.semantic_id.tiger_generation_model][INFO] - [rank: 0] 使用分块生成策略，num_hierarchies=10
[2025-11-14 19:34:26,841][src.models.modules.semantic_id.tiger_generation_model][INFO] - [rank: 0] 使用分块生成策略，num_hierarchies=10
[2025-11-14 19:34:27,993][src.models.modules.semantic_id.tiger_generation_model][INFO] - [rank: 0] 使用分块生成策略，num_hierarchies=10
[2025-11-14 19:34:28,689][src.models.modules.semantic_id.tiger_generation_model][INFO] - [rank: 0] 使用分块生成策略，num_hierarchies=10
[2025-11-14 19:34:29,538][src.models.modules.semantic_id.tiger_generation_model][INFO] - [rank: 0] 使用分块生成策略，num_hierarchies=10
[2025-11-14 19:34:30,267][src.models.modules.semantic_id.tiger_generation_model][INFO] - [rank: 0] 使用分块生成策略，num_hierarchies=10
[2025-11-14 19:34:31,303][src.models.modules.semantic_id.tiger_generation_model][INFO] - [rank: 0] 使用分块生成策略，num_hierarchies=10
[2025-11-14 19:34:32,416][src.models.modules.semantic_id.tiger_generation_model][INFO] - [rank: 0] 使用分块生成策略，num_hierarchies=10
[2025-11-14 19:34:33,499][src.models.modules.semantic_id.tiger_generation_model][INFO] - [rank: 0] 使用分块生成策略，num_hierarchies=10
[2025-11-14 19:34:35,048][src.models.modules.semantic_id.tiger_generation_model][INFO] - [rank: 0] 使用分块生成策略，num_hierarchies=10
[2025-11-14 19:34:35,689][src.models.modules.semantic_id.tiger_generation_model][INFO] - [rank: 0] 使用分块生成策略，num_hierarchies=10
[2025-11-14 19:34:36,885][src.models.modules.semantic_id.tiger_generation_model][INFO] - [rank: 0] 使用分块生成策略，num_hierarchies=10
[2025-11-14 19:34:38,040][src.models.modules.semantic_id.tiger_generation_model][INFO] - [rank: 0] 使用分块生成策略，num_hierarchies=10
[2025-11-14 19:34:39,388][src.models.modules.semantic_id.tiger_generation_model][INFO] - [rank: 0] 使用分块生成策略，num_hierarchies=10
[2025-11-14 19:34:40,498][src.models.modules.semantic_id.tiger_generation_model][INFO] - [rank: 0] 使用分块生成策略，num_hierarchies=10
[2025-11-14 19:34:41,657][src.models.modules.semantic_id.tiger_generation_model][INFO] - [rank: 0] 使用分块生成策略，num_hierarchies=10
[2025-11-14 19:34:42,850][src.models.modules.semantic_id.tiger_generation_model][INFO] - [rank: 0] 使用分块生成策略，num_hierarchies=10
[2025-11-14 19:34:44,019][src.models.modules.semantic_id.tiger_generation_model][INFO] - [rank: 0] 使用分块生成策略，num_hierarchies=10
[2025-11-14 19:34:45,426][src.models.modules.semantic_id.tiger_generation_model][INFO] - [rank: 0] 使用分块生成策略，num_hierarchies=10
[2025-11-14 19:34:46,237][src.models.modules.semantic_id.tiger_generation_model][INFO] - [rank: 0] 使用分块生成策略，num_hierarchies=10
[2025-11-14 19:34:47,505][src.models.modules.semantic_id.tiger_generation_model][INFO] - [rank: 0] 使用分块生成策略，num_hierarchies=10
[2025-11-14 19:34:48,710][src.models.modules.semantic_id.tiger_generation_model][INFO] - [rank: 0] 使用分块生成策略，num_hierarchies=10
[2025-11-14 19:34:49,977][src.models.modules.semantic_id.tiger_generation_model][INFO] - [rank: 0] 使用分块生成策略，num_hierarchies=10
[2025-11-14 19:34:50,966][src.models.modules.semantic_id.tiger_generation_model][INFO] - [rank: 0] 使用分块生成策略，num_hierarchies=10
[2025-11-14 19:34:52,334][src.models.modules.semantic_id.tiger_generation_model][INFO] - [rank: 0] 使用分块生成策略，num_hierarchies=10
[2025-11-14 19:34:53,216][src.models.modules.semantic_id.tiger_generation_model][INFO] - [rank: 0] 使用分块生成策略，num_hierarchies=10
[2025-11-14 19:34:54,586][src.models.modules.semantic_id.tiger_generation_model][INFO] - [rank: 0] 使用分块生成策略，num_hierarchies=10
[2025-11-14 19:34:55,280][src.models.modules.semantic_id.tiger_generation_model][INFO] - [rank: 0] 使用分块生成策略，num_hierarchies=10
[2025-11-14 19:34:55,871][src.models.modules.semantic_id.tiger_generation_model][INFO] - [rank: 0] 使用分块生成策略，num_hierarchies=10
[2025-11-14 19:34:56,457][src.models.modules.semantic_id.tiger_generation_model][INFO] - [rank: 0] 使用分块生成策略，num_hierarchies=10
[2025-11-14 19:34:57,097][src.models.modules.semantic_id.tiger_generation_model][INFO] - [rank: 0] 使用分块生成策略，num_hierarchies=10
[2025-11-14 19:34:57,694][src.models.modules.semantic_id.tiger_generation_model][INFO] - [rank: 0] 使用分块生成策略，num_hierarchies=10
[2025-11-14 19:34:58,352][src.models.modules.semantic_id.tiger_generation_model][INFO] - [rank: 0] 使用分块生成策略，num_hierarchies=10
[2025-11-14 19:34:59,060][src.models.modules.semantic_id.tiger_generation_model][INFO] - [rank: 0] 使用分块生成策略，num_hierarchies=10
[2025-11-14 19:34:59,665][src.models.modules.semantic_id.tiger_generation_model][INFO] - [rank: 0] 使用分块生成策略，num_hierarchies=10
[2025-11-14 19:35:00,253][src.models.modules.semantic_id.tiger_generation_model][INFO] - [rank: 0] 使用分块生成策略，num_hierarchies=10
[2025-11-14 19:35:00,985][src.models.modules.semantic_id.tiger_generation_model][INFO] - [rank: 0] 使用分块生成策略，num_hierarchies=10
[2025-11-14 19:35:01,625][src.models.modules.semantic_id.tiger_generation_model][INFO] - [rank: 0] 使用分块生成策略，num_hierarchies=10
[2025-11-14 19:35:02,244][src.models.modules.semantic_id.tiger_generation_model][INFO] - [rank: 0] 使用分块生成策略，num_hierarchies=10
[2025-11-14 19:35:02,854][src.models.modules.semantic_id.tiger_generation_model][INFO] - [rank: 0] 使用分块生成策略，num_hierarchies=10
[2025-11-14 19:35:03,477][src.models.modules.semantic_id.tiger_generation_model][INFO] - [rank: 0] 使用分块生成策略，num_hierarchies=10
[2025-11-14 19:35:04,271][src.models.modules.semantic_id.tiger_generation_model][INFO] - [rank: 0] 使用分块生成策略，num_hierarchies=10
[2025-11-14 19:35:04,943][src.models.modules.semantic_id.tiger_generation_model][INFO] - [rank: 0] 使用分块生成策略，num_hierarchies=10
[2025-11-14 19:35:05,697][src.models.modules.semantic_id.tiger_generation_model][INFO] - [rank: 0] 使用分块生成策略，num_hierarchies=10
[2025-11-14 19:35:06,373][src.models.modules.semantic_id.tiger_generation_model][INFO] - [rank: 0] 使用分块生成策略，num_hierarchies=10
[2025-11-14 19:35:06,952][src.models.modules.semantic_id.tiger_generation_model][INFO] - [rank: 0] 使用分块生成策略，num_hierarchies=10
[2025-11-14 19:35:07,548][src.models.modules.semantic_id.tiger_generation_model][INFO] - [rank: 0] 使用分块生成策略，num_hierarchies=10
[2025-11-14 19:35:08,223][src.models.modules.semantic_id.tiger_generation_model][INFO] - [rank: 0] 使用分块生成策略，num_hierarchies=10
[2025-11-14 19:35:08,829][src.models.modules.semantic_id.tiger_generation_model][INFO] - [rank: 0] 使用分块生成策略，num_hierarchies=10
[2025-11-14 19:35:09,456][src.models.modules.semantic_id.tiger_generation_model][INFO] - [rank: 0] 使用分块生成策略，num_hierarchies=10
[2025-11-14 19:35:10,092][src.models.modules.semantic_id.tiger_generation_model][INFO] - [rank: 0] 使用分块生成策略，num_hierarchies=10
[2025-11-14 19:35:10,788][src.models.modules.semantic_id.tiger_generation_model][INFO] - [rank: 0] 使用分块生成策略，num_hierarchies=10
[2025-11-14 19:35:11,452][src.models.modules.semantic_id.tiger_generation_model][INFO] - [rank: 0] 使用分块生成策略，num_hierarchies=10
[2025-11-14 19:35:12,093][src.models.modules.semantic_id.tiger_generation_model][INFO] - [rank: 0] 使用分块生成策略，num_hierarchies=10
[2025-11-14 19:35:12,760][src.models.modules.semantic_id.tiger_generation_model][INFO] - [rank: 0] 使用分块生成策略，num_hierarchies=10
[2025-11-14 19:35:13,435][src.models.modules.semantic_id.tiger_generation_model][INFO] - [rank: 0] 使用分块生成策略，num_hierarchies=10
[2025-11-14 19:35:14,115][src.models.modules.semantic_id.tiger_generation_model][INFO] - [rank: 0] 使用分块生成策略，num_hierarchies=10
[2025-11-14 19:35:14,746][src.models.modules.semantic_id.tiger_generation_model][INFO] - [rank: 0] 使用分块生成策略，num_hierarchies=10
[2025-11-14 19:35:15,495][src.models.modules.semantic_id.tiger_generation_model][INFO] - [rank: 0] 使用分块生成策略，num_hierarchies=10
[2025-11-14 19:35:16,118][src.models.modules.semantic_id.tiger_generation_model][INFO] - [rank: 0] 使用分块生成策略，num_hierarchies=10
[2025-11-14 19:35:16,765][src.models.modules.semantic_id.tiger_generation_model][INFO] - [rank: 0] 使用分块生成策略，num_hierarchies=10
[2025-11-14 19:35:17,559][src.models.modules.semantic_id.tiger_generation_model][INFO] - [rank: 0] 使用分块生成策略，num_hierarchies=10
[2025-11-14 19:35:18,734][src.models.modules.semantic_id.tiger_generation_model][INFO] - [rank: 0] 使用分块生成策略，num_hierarchies=10
[2025-11-14 19:35:19,452][src.models.modules.semantic_id.tiger_generation_model][INFO] - [rank: 0] 使用分块生成策略，num_hierarchies=10
[2025-11-14 19:35:20,133][src.models.modules.semantic_id.tiger_generation_model][INFO] - [rank: 0] 使用分块生成策略，num_hierarchies=10
[2025-11-14 19:35:21,053][src.models.modules.semantic_id.tiger_generation_model][INFO] - [rank: 0] 使用分块生成策略，num_hierarchies=10
[2025-11-14 19:35:21,762][src.models.modules.semantic_id.tiger_generation_model][INFO] - [rank: 0] 使用分块生成策略，num_hierarchies=10
[2025-11-14 19:35:22,480][src.models.modules.semantic_id.tiger_generation_model][INFO] - [rank: 0] 使用分块生成策略，num_hierarchies=10
[2025-11-14 19:35:23,207][src.models.modules.semantic_id.tiger_generation_model][INFO] - [rank: 0] 使用分块生成策略，num_hierarchies=10
[2025-11-14 19:35:23,845][src.models.modules.semantic_id.tiger_generation_model][INFO] - [rank: 0] 使用分块生成策略，num_hierarchies=10
[2025-11-14 19:35:24,501][src.models.modules.semantic_id.tiger_generation_model][INFO] - [rank: 0] 使用分块生成策略，num_hierarchies=10
[2025-11-14 19:35:25,203][src.models.modules.semantic_id.tiger_generation_model][INFO] - [rank: 0] 使用分块生成策略，num_hierarchies=10
[2025-11-14 19:35:25,887][src.models.modules.semantic_id.tiger_generation_model][INFO] - [rank: 0] 使用分块生成策略，num_hierarchies=10
[2025-11-14 19:35:26,520][src.models.modules.semantic_id.tiger_generation_model][INFO] - [rank: 0] 使用分块生成策略，num_hierarchies=10
[2025-11-14 19:35:27,175][src.models.modules.semantic_id.tiger_generation_model][INFO] - [rank: 0] 使用分块生成策略，num_hierarchies=10
[2025-11-14 19:35:27,870][src.models.modules.semantic_id.tiger_generation_model][INFO] - [rank: 0] 使用分块生成策略，num_hierarchies=10
[2025-11-14 19:35:28,574][src.models.modules.semantic_id.tiger_generation_model][INFO] - [rank: 0] 使用分块生成策略，num_hierarchies=10
[2025-11-14 19:35:29,263][src.models.modules.semantic_id.tiger_generation_model][INFO] - [rank: 0] 使用分块生成策略，num_hierarchies=10
[2025-11-14 19:35:29,931][src.models.modules.semantic_id.tiger_generation_model][INFO] - [rank: 0] 使用分块生成策略，num_hierarchies=10
[2025-11-14 19:35:30,560][src.models.modules.semantic_id.tiger_generation_model][INFO] - [rank: 0] 使用分块生成策略，num_hierarchies=10
[2025-11-14 19:35:31,268][src.models.modules.semantic_id.tiger_generation_model][INFO] - [rank: 0] 使用分块生成策略，num_hierarchies=10
[2025-11-14 19:35:32,245][src.models.modules.semantic_id.tiger_generation_model][INFO] - [rank: 0] 使用分块生成策略，num_hierarchies=10
[2025-11-14 19:35:33,262][src.models.modules.semantic_id.tiger_generation_model][INFO] - [rank: 0] 使用分块生成策略，num_hierarchies=10
[2025-11-14 19:35:34,035][src.models.modules.semantic_id.tiger_generation_model][INFO] - [rank: 0] 使用分块生成策略，num_hierarchies=10
[2025-11-14 19:35:34,910][src.models.modules.semantic_id.tiger_generation_model][INFO] - [rank: 0] 使用分块生成策略，num_hierarchies=10
[2025-11-14 19:35:35,616][src.models.modules.semantic_id.tiger_generation_model][INFO] - [rank: 0] 使用分块生成策略，num_hierarchies=10
[2025-11-14 19:35:36,322][src.models.modules.semantic_id.tiger_generation_model][INFO] - [rank: 0] 使用分块生成策略，num_hierarchies=10
[2025-11-14 19:35:36,928][src.models.modules.semantic_id.tiger_generation_model][INFO] - [rank: 0] 使用分块生成策略，num_hierarchies=10
[2025-11-14 19:35:37,561][src.models.modules.semantic_id.tiger_generation_model][INFO] - [rank: 0] 使用分块生成策略，num_hierarchies=10
[2025-11-14 19:35:38,201][src.models.modules.semantic_id.tiger_generation_model][INFO] - [rank: 0] 使用分块生成策略，num_hierarchies=10
[2025-11-14 19:35:38,790][src.models.modules.semantic_id.tiger_generation_model][INFO] - [rank: 0] 使用分块生成策略，num_hierarchies=10
[2025-11-14 19:35:39,412][src.models.modules.semantic_id.tiger_generation_model][INFO] - [rank: 0] 使用分块生成策略，num_hierarchies=10
[2025-11-14 19:35:40,000][src.models.modules.semantic_id.tiger_generation_model][INFO] - [rank: 0] 使用分块生成策略，num_hierarchies=10
[2025-11-14 19:35:40,641][src.models.modules.semantic_id.tiger_generation_model][INFO] - [rank: 0] 使用分块生成策略，num_hierarchies=10
[2025-11-14 19:35:41,287][src.models.modules.semantic_id.tiger_generation_model][INFO] - [rank: 0] 使用分块生成策略，num_hierarchies=10
[2025-11-14 19:35:41,911][src.models.modules.semantic_id.tiger_generation_model][INFO] - [rank: 0] 使用分块生成策略，num_hierarchies=10
[2025-11-14 19:35:42,542][src.models.modules.semantic_id.tiger_generation_model][INFO] - [rank: 0] 使用分块生成策略，num_hierarchies=10
[2025-11-14 19:35:43,166][src.models.modules.semantic_id.tiger_generation_model][INFO] - [rank: 0] 使用分块生成策略，num_hierarchies=10
[2025-11-14 19:35:43,811][src.models.modules.semantic_id.tiger_generation_model][INFO] - [rank: 0] 使用分块生成策略，num_hierarchies=10
[2025-11-14 19:35:44,441][src.models.modules.semantic_id.tiger_generation_model][INFO] - [rank: 0] 使用分块生成策略，num_hierarchies=10
[2025-11-14 19:35:45,075][src.models.modules.semantic_id.tiger_generation_model][INFO] - [rank: 0] 使用分块生成策略，num_hierarchies=10
[2025-11-14 19:35:45,723][src.models.modules.semantic_id.tiger_generation_model][INFO] - [rank: 0] 使用分块生成策略，num_hierarchies=10
[2025-11-14 19:35:46,394][src.models.modules.semantic_id.tiger_generation_model][INFO] - [rank: 0] 使用分块生成策略，num_hierarchies=10
[2025-11-14 19:35:47,034][src.models.modules.semantic_id.tiger_generation_model][INFO] - [rank: 0] 使用分块生成策略，num_hierarchies=10
[2025-11-14 19:35:47,671][src.models.modules.semantic_id.tiger_generation_model][INFO] - [rank: 0] 使用分块生成策略，num_hierarchies=10
[2025-11-14 19:35:48,335][src.models.modules.semantic_id.tiger_generation_model][INFO] - [rank: 0] 使用分块生成策略，num_hierarchies=10
[2025-11-14 19:35:48,937][src.models.modules.semantic_id.tiger_generation_model][INFO] - [rank: 0] 使用分块生成策略，num_hierarchies=10
[2025-11-14 19:35:49,602][src.models.modules.semantic_id.tiger_generation_model][INFO] - [rank: 0] 使用分块生成策略，num_hierarchies=10
[2025-11-14 19:35:50,261][src.models.modules.semantic_id.tiger_generation_model][INFO] - [rank: 0] 使用分块生成策略，num_hierarchies=10
[2025-11-14 19:35:51,094][src.models.modules.semantic_id.tiger_generation_model][INFO] - [rank: 0] 使用分块生成策略，num_hierarchies=10
[2025-11-14 19:35:51,770][src.models.modules.semantic_id.tiger_generation_model][INFO] - [rank: 0] 使用分块生成策略，num_hierarchies=10
[2025-11-14 19:35:52,506][src.models.modules.semantic_id.tiger_generation_model][INFO] - [rank: 0] 使用分块生成策略，num_hierarchies=10
[2025-11-14 19:35:53,201][src.models.modules.semantic_id.tiger_generation_model][INFO] - [rank: 0] 使用分块生成策略，num_hierarchies=10
[2025-11-14 19:35:53,816][src.models.modules.semantic_id.tiger_generation_model][INFO] - [rank: 0] 使用分块生成策略，num_hierarchies=10
[2025-11-14 19:35:54,438][src.models.modules.semantic_id.tiger_generation_model][INFO] - [rank: 0] 使用分块生成策略，num_hierarchies=10
[2025-11-14 19:35:55,056][src.models.modules.semantic_id.tiger_generation_model][INFO] - [rank: 0] 使用分块生成策略，num_hierarchies=10
[2025-11-14 19:35:55,705][src.models.modules.semantic_id.tiger_generation_model][INFO] - [rank: 0] 使用分块生成策略，num_hierarchies=10
[2025-11-14 19:35:56,342][src.models.modules.semantic_id.tiger_generation_model][INFO] - [rank: 0] 使用分块生成策略，num_hierarchies=10
[2025-11-14 19:35:56,984][src.models.modules.semantic_id.tiger_generation_model][INFO] - [rank: 0] 使用分块生成策略，num_hierarchies=10
[2025-11-14 19:35:57,603][src.models.modules.semantic_id.tiger_generation_model][INFO] - [rank: 0] 使用分块生成策略，num_hierarchies=10
[2025-11-14 19:35:58,276][src.models.modules.semantic_id.tiger_generation_model][INFO] - [rank: 0] 使用分块生成策略，num_hierarchies=10
[2025-11-14 19:35:58,961][src.models.modules.semantic_id.tiger_generation_model][INFO] - [rank: 0] 使用分块生成策略，num_hierarchies=10
[2025-11-14 19:35:59,630][src.models.modules.semantic_id.tiger_generation_model][INFO] - [rank: 0] 使用分块生成策略，num_hierarchies=10
[2025-11-14 19:36:00,300][src.models.modules.semantic_id.tiger_generation_model][INFO] - [rank: 0] 使用分块生成策略，num_hierarchies=10
[2025-11-14 19:36:00,979][src.models.modules.semantic_id.tiger_generation_model][INFO] - [rank: 0] 使用分块生成策略，num_hierarchies=10
[2025-11-14 19:36:01,582][src.models.modules.semantic_id.tiger_generation_model][INFO] - [rank: 0] 使用分块生成策略，num_hierarchies=10
[2025-11-14 19:36:02,230][src.models.modules.semantic_id.tiger_generation_model][INFO] - [rank: 0] 使用分块生成策略，num_hierarchies=10
[2025-11-14 19:36:02,877][src.models.modules.semantic_id.tiger_generation_model][INFO] - [rank: 0] 使用分块生成策略，num_hierarchies=10
[2025-11-14 19:36:03,519][src.models.modules.semantic_id.tiger_generation_model][INFO] - [rank: 0] 使用分块生成策略，num_hierarchies=10
[2025-11-14 19:36:04,194][src.models.modules.semantic_id.tiger_generation_model][INFO] - [rank: 0] 使用分块生成策略，num_hierarchies=10
[2025-11-14 19:36:04,827][src.models.modules.semantic_id.tiger_generation_model][INFO] - [rank: 0] 使用分块生成策略，num_hierarchies=10
[2025-11-14 19:36:05,480][src.models.modules.semantic_id.tiger_generation_model][INFO] - [rank: 0] 使用分块生成策略，num_hierarchies=10
[2025-11-14 19:36:06,093][src.models.modules.semantic_id.tiger_generation_model][INFO] - [rank: 0] 使用分块生成策略，num_hierarchies=10
[2025-11-14 19:36:06,720][src.models.modules.semantic_id.tiger_generation_model][INFO] - [rank: 0] 使用分块生成策略，num_hierarchies=10
[2025-11-14 19:36:07,349][src.models.modules.semantic_id.tiger_generation_model][INFO] - [rank: 0] 使用分块生成策略，num_hierarchies=10
[2025-11-14 19:36:07,974][src.models.modules.semantic_id.tiger_generation_model][INFO] - [rank: 0] 使用分块生成策略，num_hierarchies=10
[2025-11-14 19:36:08,643][src.models.modules.semantic_id.tiger_generation_model][INFO] - [rank: 0] 使用分块生成策略，num_hierarchies=10
[2025-11-14 19:36:09,245][src.models.modules.semantic_id.tiger_generation_model][INFO] - [rank: 0] 使用分块生成策略，num_hierarchies=10
[2025-11-14 19:36:09,928][src.models.modules.semantic_id.tiger_generation_model][INFO] - [rank: 0] 使用分块生成策略，num_hierarchies=10
[2025-11-14 19:36:10,632][src.models.modules.semantic_id.tiger_generation_model][INFO] - [rank: 0] 使用分块生成策略，num_hierarchies=10
[2025-11-14 19:36:11,208][src.models.modules.semantic_id.tiger_generation_model][INFO] - [rank: 0] 使用分块生成策略，num_hierarchies=10
[2025-11-14 19:36:11,889][src.models.modules.semantic_id.tiger_generation_model][INFO] - [rank: 0] 使用分块生成策略，num_hierarchies=10
[2025-11-14 19:36:12,489][src.models.modules.semantic_id.tiger_generation_model][INFO] - [rank: 0] 使用分块生成策略，num_hierarchies=10
[2025-11-14 19:36:13,146][src.models.modules.semantic_id.tiger_generation_model][INFO] - [rank: 0] 使用分块生成策略，num_hierarchies=10
[2025-11-14 19:36:13,758][src.models.modules.semantic_id.tiger_generation_model][INFO] - [rank: 0] 使用分块生成策略，num_hierarchies=10
[2025-11-14 19:36:14,399][src.models.modules.semantic_id.tiger_generation_model][INFO] - [rank: 0] 使用分块生成策略，num_hierarchies=10
[2025-11-14 19:36:15,077][src.models.modules.semantic_id.tiger_generation_model][INFO] - [rank: 0] 使用分块生成策略，num_hierarchies=10
[2025-11-14 19:36:15,752][src.models.modules.semantic_id.tiger_generation_model][INFO] - [rank: 0] 使用分块生成策略，num_hierarchies=10
[2025-11-14 19:36:16,415][src.models.modules.semantic_id.tiger_generation_model][INFO] - [rank: 0] 使用分块生成策略，num_hierarchies=10
[2025-11-14 19:36:17,099][src.models.modules.semantic_id.tiger_generation_model][INFO] - [rank: 0] 使用分块生成策略，num_hierarchies=10
[2025-11-14 19:36:17,705][src.models.modules.semantic_id.tiger_generation_model][INFO] - [rank: 0] 使用分块生成策略，num_hierarchies=10
[2025-11-14 19:36:18,426][src.models.modules.semantic_id.tiger_generation_model][INFO] - [rank: 0] 使用分块生成策略，num_hierarchies=10
[2025-11-14 19:36:19,083][src.models.modules.semantic_id.tiger_generation_model][INFO] - [rank: 0] 使用分块生成策略，num_hierarchies=10
[2025-11-14 19:36:19,656][src.models.modules.semantic_id.tiger_generation_model][INFO] - [rank: 0] 使用分块生成策略，num_hierarchies=10
[2025-11-14 19:36:20,279][src.models.modules.semantic_id.tiger_generation_model][INFO] - [rank: 0] 使用分块生成策略，num_hierarchies=10
[2025-11-14 19:36:20,935][src.models.modules.semantic_id.tiger_generation_model][INFO] - [rank: 0] 使用分块生成策略，num_hierarchies=10
[2025-11-14 19:36:21,600][src.models.modules.semantic_id.tiger_generation_model][INFO] - [rank: 0] 使用分块生成策略，num_hierarchies=10
[2025-11-14 19:36:22,268][src.models.modules.semantic_id.tiger_generation_model][INFO] - [rank: 0] 使用分块生成策略，num_hierarchies=10
[2025-11-14 19:36:22,945][src.models.modules.semantic_id.tiger_generation_model][INFO] - [rank: 0] 使用分块生成策略，num_hierarchies=10
[2025-11-14 19:36:23,604][src.models.modules.semantic_id.tiger_generation_model][INFO] - [rank: 0] 使用分块生成策略，num_hierarchies=10
[2025-11-14 19:36:24,271][src.models.modules.semantic_id.tiger_generation_model][INFO] - [rank: 0] 使用分块生成策略，num_hierarchies=10
[2025-11-14 19:36:24,935][src.models.modules.semantic_id.tiger_generation_model][INFO] - [rank: 0] 使用分块生成策略，num_hierarchies=10
[2025-11-14 19:36:25,561][src.models.modules.semantic_id.tiger_generation_model][INFO] - [rank: 0] 使用分块生成策略，num_hierarchies=10
[2025-11-14 19:36:26,505][src.models.modules.semantic_id.tiger_generation_model][INFO] - [rank: 0] 使用分块生成策略，num_hierarchies=10
[2025-11-14 19:36:27,179][src.models.modules.semantic_id.tiger_generation_model][INFO] - [rank: 0] 使用分块生成策略，num_hierarchies=10
[2025-11-14 19:36:28,074][src.models.modules.semantic_id.tiger_generation_model][INFO] - [rank: 0] 使用分块生成策略，num_hierarchies=10
[2025-11-14 19:36:28,698][src.models.modules.semantic_id.tiger_generation_model][INFO] - [rank: 0] 使用分块生成策略，num_hierarchies=10
[2025-11-14 19:36:29,382][src.models.modules.semantic_id.tiger_generation_model][INFO] - [rank: 0] 使用分块生成策略，num_hierarchies=10
[2025-11-14 19:36:30,077][src.models.modules.semantic_id.tiger_generation_model][INFO] - [rank: 0] 使用分块生成策略，num_hierarchies=10
[2025-11-14 19:36:30,747][src.models.modules.semantic_id.tiger_generation_model][INFO] - [rank: 0] 使用分块生成策略，num_hierarchies=10
[2025-11-14 19:36:31,429][src.models.modules.semantic_id.tiger_generation_model][INFO] - [rank: 0] 使用分块生成策略，num_hierarchies=10
[2025-11-14 19:36:32,086][src.models.modules.semantic_id.tiger_generation_model][INFO] - [rank: 0] 使用分块生成策略，num_hierarchies=10
[2025-11-14 19:36:32,752][src.models.modules.semantic_id.tiger_generation_model][INFO] - [rank: 0] 使用分块生成策略，num_hierarchies=10
[2025-11-14 19:36:33,454][src.models.modules.semantic_id.tiger_generation_model][INFO] - [rank: 0] 使用分块生成策略，num_hierarchies=10
[2025-11-14 19:36:34,178][src.models.modules.semantic_id.tiger_generation_model][INFO] - [rank: 0] 使用分块生成策略，num_hierarchies=10
[2025-11-14 19:36:34,769][src.models.modules.semantic_id.tiger_generation_model][INFO] - [rank: 0] 使用分块生成策略，num_hierarchies=10
[2025-11-14 19:36:35,384][src.models.modules.semantic_id.tiger_generation_model][INFO] - [rank: 0] 使用分块生成策略，num_hierarchies=10
[2025-11-14 19:36:36,004][src.models.modules.semantic_id.tiger_generation_model][INFO] - [rank: 0] 使用分块生成策略，num_hierarchies=10
[2025-11-14 19:36:36,599][src.models.modules.semantic_id.tiger_generation_model][INFO] - [rank: 0] 使用分块生成策略，num_hierarchies=10
[2025-11-14 19:36:37,307][src.models.modules.semantic_id.tiger_generation_model][INFO] - [rank: 0] 使用分块生成策略，num_hierarchies=10
[2025-11-14 19:36:37,901][src.models.modules.semantic_id.tiger_generation_model][INFO] - [rank: 0] 使用分块生成策略，num_hierarchies=10
[2025-11-14 19:36:38,490][src.models.modules.semantic_id.tiger_generation_model][INFO] - [rank: 0] 使用分块生成策略，num_hierarchies=10
[2025-11-14 19:36:39,093][src.models.modules.semantic_id.tiger_generation_model][INFO] - [rank: 0] 使用分块生成策略，num_hierarchies=10
[2025-11-14 19:36:39,702][src.models.modules.semantic_id.tiger_generation_model][INFO] - [rank: 0] 使用分块生成策略，num_hierarchies=10
[2025-11-14 19:36:40,306][src.models.modules.semantic_id.tiger_generation_model][INFO] - [rank: 0] 使用分块生成策略，num_hierarchies=10
[2025-11-14 19:36:40,913][src.models.modules.semantic_id.tiger_generation_model][INFO] - [rank: 0] 使用分块生成策略，num_hierarchies=10
[2025-11-14 19:36:41,583][src.models.modules.semantic_id.tiger_generation_model][INFO] - [rank: 0] 使用分块生成策略，num_hierarchies=10
[2025-11-14 19:36:42,411][src.models.modules.semantic_id.tiger_generation_model][INFO] - [rank: 0] 使用分块生成策略，num_hierarchies=10
[2025-11-14 19:36:43,126][src.models.modules.semantic_id.tiger_generation_model][INFO] - [rank: 0] 使用分块生成策略，num_hierarchies=10
[2025-11-14 19:36:43,688][src.models.modules.semantic_id.tiger_generation_model][INFO] - [rank: 0] 使用分块生成策略，num_hierarchies=10
[2025-11-14 19:36:44,301][src.models.modules.semantic_id.tiger_generation_model][INFO] - [rank: 0] 使用分块生成策略，num_hierarchies=10
[2025-11-14 19:36:44,945][src.models.modules.semantic_id.tiger_generation_model][INFO] - [rank: 0] 使用分块生成策略，num_hierarchies=10
[2025-11-14 19:36:45,769][src.models.modules.semantic_id.tiger_generation_model][INFO] - [rank: 0] 使用分块生成策略，num_hierarchies=10
[2025-11-14 19:36:46,413][src.models.modules.semantic_id.tiger_generation_model][INFO] - [rank: 0] 使用分块生成策略，num_hierarchies=10
[2025-11-14 19:36:47,023][src.models.modules.semantic_id.tiger_generation_model][INFO] - [rank: 0] 使用分块生成策略，num_hierarchies=10
[2025-11-14 19:36:47,678][src.models.modules.semantic_id.tiger_generation_model][INFO] - [rank: 0] 使用分块生成策略，num_hierarchies=10
[2025-11-14 19:36:48,785][src.models.modules.semantic_id.tiger_generation_model][INFO] - [rank: 0] 使用分块生成策略，num_hierarchies=10
[2025-11-14 19:36:49,658][src.models.modules.semantic_id.tiger_generation_model][INFO] - [rank: 0] 使用分块生成策略，num_hierarchies=10
[2025-11-14 19:36:50,323][src.models.modules.semantic_id.tiger_generation_model][INFO] - [rank: 0] 使用分块生成策略，num_hierarchies=10
[2025-11-14 19:36:51,042][src.models.modules.semantic_id.tiger_generation_model][INFO] - [rank: 0] 使用分块生成策略，num_hierarchies=10
[2025-11-14 19:36:52,399][src.models.modules.semantic_id.tiger_generation_model][INFO] - [rank: 0] 使用分块生成策略，num_hierarchies=10
[2025-11-14 19:36:53,464][src.models.modules.semantic_id.tiger_generation_model][INFO] - [rank: 0] 使用分块生成策略，num_hierarchies=10
[2025-11-14 19:36:54,601][src.models.modules.semantic_id.tiger_generation_model][INFO] - [rank: 0] 使用分块生成策略，num_hierarchies=10
[2025-11-14 19:36:55,188][src.models.modules.semantic_id.tiger_generation_model][INFO] - [rank: 0] 使用分块生成策略，num_hierarchies=10
[2025-11-14 19:36:56,010][src.models.modules.semantic_id.tiger_generation_model][INFO] - [rank: 0] 使用分块生成策略，num_hierarchies=10
[2025-11-14 19:36:56,827][src.models.modules.semantic_id.tiger_generation_model][INFO] - [rank: 0] 使用分块生成策略，num_hierarchies=10
[2025-11-14 19:36:57,707][src.models.modules.semantic_id.tiger_generation_model][INFO] - [rank: 0] 使用分块生成策略，num_hierarchies=10
[2025-11-14 19:36:58,713][src.models.modules.semantic_id.tiger_generation_model][INFO] - [rank: 0] 使用分块生成策略，num_hierarchies=10
[2025-11-14 19:36:59,850][src.models.modules.semantic_id.tiger_generation_model][INFO] - [rank: 0] 使用分块生成策略，num_hierarchies=10
[2025-11-14 19:37:00,789][src.models.modules.semantic_id.tiger_generation_model][INFO] - [rank: 0] 使用分块生成策略，num_hierarchies=10
[2025-11-14 19:37:01,546][src.models.modules.semantic_id.tiger_generation_model][INFO] - [rank: 0] 使用分块生成策略，num_hierarchies=10
[2025-11-14 19:37:02,263][src.models.modules.semantic_id.tiger_generation_model][INFO] - [rank: 0] 使用分块生成策略，num_hierarchies=10
[2025-11-14 19:37:02,910][src.models.modules.semantic_id.tiger_generation_model][INFO] - [rank: 0] 使用分块生成策略，num_hierarchies=10
[2025-11-14 19:37:04,020][src.models.modules.semantic_id.tiger_generation_model][INFO] - [rank: 0] 使用分块生成策略，num_hierarchies=10
[2025-11-14 19:37:05,448][src.models.modules.semantic_id.tiger_generation_model][INFO] - [rank: 0] 使用分块生成策略，num_hierarchies=10
[2025-11-14 19:37:06,752][src.models.modules.semantic_id.tiger_generation_model][INFO] - [rank: 0] 使用分块生成策略，num_hierarchies=10
[2025-11-14 19:37:07,888][src.models.modules.semantic_id.tiger_generation_model][INFO] - [rank: 0] 使用分块生成策略，num_hierarchies=10
[2025-11-14 19:37:09,020][src.models.modules.semantic_id.tiger_generation_model][INFO] - [rank: 0] 使用分块生成策略，num_hierarchies=10
[2025-11-14 19:37:10,529][src.models.modules.semantic_id.tiger_generation_model][INFO] - [rank: 0] 使用分块生成策略，num_hierarchies=10
[2025-11-14 19:37:11,643][src.models.modules.semantic_id.tiger_generation_model][INFO] - [rank: 0] 使用分块生成策略，num_hierarchies=10
[2025-11-14 19:37:12,996][src.models.modules.semantic_id.tiger_generation_model][INFO] - [rank: 0] 使用分块生成策略，num_hierarchies=10
[2025-11-14 19:37:14,441][src.models.modules.semantic_id.tiger_generation_model][INFO] - [rank: 0] 使用分块生成策略，num_hierarchies=10
[2025-11-14 19:37:15,495][src.models.modules.semantic_id.tiger_generation_model][INFO] - [rank: 0] 使用分块生成策略，num_hierarchies=10
[2025-11-14 19:37:16,469][src.models.modules.semantic_id.tiger_generation_model][INFO] - [rank: 0] 使用分块生成策略，num_hierarchies=10
[2025-11-14 19:37:17,568][src.models.modules.semantic_id.tiger_generation_model][INFO] - [rank: 0] 使用分块生成策略，num_hierarchies=10
[2025-11-14 19:37:18,275][src.models.modules.semantic_id.tiger_generation_model][INFO] - [rank: 0] 使用分块生成策略，num_hierarchies=10
[2025-11-14 19:37:18,847][src.models.modules.semantic_id.tiger_generation_model][INFO] - [rank: 0] 使用分块生成策略，num_hierarchies=10
[2025-11-14 19:37:19,728][src.models.modules.semantic_id.tiger_generation_model][INFO] - [rank: 0] 使用分块生成策略，num_hierarchies=10
[2025-11-14 19:37:20,662][src.models.modules.semantic_id.tiger_generation_model][INFO] - [rank: 0] 使用分块生成策略，num_hierarchies=10
[2025-11-14 19:37:21,624][src.models.modules.semantic_id.tiger_generation_model][INFO] - [rank: 0] 使用分块生成策略，num_hierarchies=10
[2025-11-14 19:37:22,658][src.models.modules.semantic_id.tiger_generation_model][INFO] - [rank: 0] 使用分块生成策略，num_hierarchies=10
[2025-11-14 19:37:24,044][src.models.modules.semantic_id.tiger_generation_model][INFO] - [rank: 0] 使用分块生成策略，num_hierarchies=10
[2025-11-14 19:37:24,743][src.models.modules.semantic_id.tiger_generation_model][INFO] - [rank: 0] 使用分块生成策略，num_hierarchies=10
[2025-11-14 19:37:25,641][src.models.modules.semantic_id.tiger_generation_model][INFO] - [rank: 0] 使用分块生成策略，num_hierarchies=10
[2025-11-14 19:37:26,666][src.models.modules.semantic_id.tiger_generation_model][INFO] - [rank: 0] 使用分块生成策略，num_hierarchies=10
[2025-11-14 19:37:27,619][src.models.modules.semantic_id.tiger_generation_model][INFO] - [rank: 0] 使用分块生成策略，num_hierarchies=10
[2025-11-14 19:37:29,024][src.models.modules.semantic_id.tiger_generation_model][INFO] - [rank: 0] 使用分块生成策略，num_hierarchies=10
[2025-11-14 19:37:29,768][src.models.modules.semantic_id.tiger_generation_model][INFO] - [rank: 0] 使用分块生成策略，num_hierarchies=10
[2025-11-14 19:37:30,363][src.models.modules.semantic_id.tiger_generation_model][INFO] - [rank: 0] 使用分块生成策略，num_hierarchies=10
[2025-11-14 19:37:30,985][src.models.modules.semantic_id.tiger_generation_model][INFO] - [rank: 0] 使用分块生成策略，num_hierarchies=10
[2025-11-14 19:37:31,635][src.models.modules.semantic_id.tiger_generation_model][INFO] - [rank: 0] 使用分块生成策略，num_hierarchies=10
[2025-11-14 19:37:32,742][src.models.modules.semantic_id.tiger_generation_model][INFO] - [rank: 0] 使用分块生成策略，num_hierarchies=10
[2025-11-14 19:37:33,355][src.models.modules.semantic_id.tiger_generation_model][INFO] - [rank: 0] 使用分块生成策略，num_hierarchies=10
[2025-11-14 19:37:34,006][src.models.modules.semantic_id.tiger_generation_model][INFO] - [rank: 0] 使用分块生成策略，num_hierarchies=10
[2025-11-14 19:37:34,693][src.models.modules.semantic_id.tiger_generation_model][INFO] - [rank: 0] 使用分块生成策略，num_hierarchies=10
[2025-11-14 19:37:35,375][src.models.modules.semantic_id.tiger_generation_model][INFO] - [rank: 0] 使用分块生成策略，num_hierarchies=10
[2025-11-14 19:37:35,993][src.models.modules.semantic_id.tiger_generation_model][INFO] - [rank: 0] 使用分块生成策略，num_hierarchies=10
[2025-11-14 19:37:36,531][src.models.modules.semantic_id.tiger_generation_model][INFO] - [rank: 0] 使用分块生成策略，num_hierarchies=10
[2025-11-14 19:37:37,392][src.models.modules.semantic_id.tiger_generation_model][INFO] - [rank: 0] 使用分块生成策略，num_hierarchies=10
[2025-11-14 19:37:38,497][src.models.modules.semantic_id.tiger_generation_model][INFO] - [rank: 0] 使用分块生成策略，num_hierarchies=10
[2025-11-14 19:37:39,382][src.models.modules.semantic_id.tiger_generation_model][INFO] - [rank: 0] 使用分块生成策略，num_hierarchies=10
[2025-11-14 19:37:40,374][src.models.modules.semantic_id.tiger_generation_model][INFO] - [rank: 0] 使用分块生成策略，num_hierarchies=10
[2025-11-14 19:37:41,107][src.models.modules.semantic_id.tiger_generation_model][INFO] - [rank: 0] 使用分块生成策略，num_hierarchies=10
[2025-11-14 19:37:41,906][src.models.modules.semantic_id.tiger_generation_model][INFO] - [rank: 0] 使用分块生成策略，num_hierarchies=10
[2025-11-14 19:37:42,643][src.models.modules.semantic_id.tiger_generation_model][INFO] - [rank: 0] 使用分块生成策略，num_hierarchies=10
[2025-11-14 19:37:43,626][src.models.modules.semantic_id.tiger_generation_model][INFO] - [rank: 0] 使用分块生成策略，num_hierarchies=10
[2025-11-14 19:37:44,469][src.models.modules.semantic_id.tiger_generation_model][INFO] - [rank: 0] 使用分块生成策略，num_hierarchies=10
[2025-11-14 19:37:45,717][src.models.modules.semantic_id.tiger_generation_model][INFO] - [rank: 0] 使用分块生成策略，num_hierarchies=10
[2025-11-14 19:37:46,483][src.models.modules.semantic_id.tiger_generation_model][INFO] - [rank: 0] 使用分块生成策略，num_hierarchies=10
[2025-11-14 19:37:47,368][src.models.modules.semantic_id.tiger_generation_model][INFO] - [rank: 0] 使用分块生成策略，num_hierarchies=10
[2025-11-14 19:37:48,083][src.models.modules.semantic_id.tiger_generation_model][INFO] - [rank: 0] 使用分块生成策略，num_hierarchies=10
[2025-11-14 19:37:48,831][src.models.modules.semantic_id.tiger_generation_model][INFO] - [rank: 0] 使用分块生成策略，num_hierarchies=10
[2025-11-14 19:37:49,598][src.models.modules.semantic_id.tiger_generation_model][INFO] - [rank: 0] 使用分块生成策略，num_hierarchies=10
[2025-11-14 19:37:50,276][src.models.modules.semantic_id.tiger_generation_model][INFO] - [rank: 0] 使用分块生成策略，num_hierarchies=10
[2025-11-14 19:37:50,911][src.models.modules.semantic_id.tiger_generation_model][INFO] - [rank: 0] 使用分块生成策略，num_hierarchies=10
[2025-11-14 19:37:51,634][src.models.modules.semantic_id.tiger_generation_model][INFO] - [rank: 0] 使用分块生成策略，num_hierarchies=10
[2025-11-14 19:37:52,759][src.models.modules.semantic_id.tiger_generation_model][INFO] - [rank: 0] 使用分块生成策略，num_hierarchies=10
[2025-11-14 19:37:54,074][src.models.modules.semantic_id.tiger_generation_model][INFO] - [rank: 0] 使用分块生成策略，num_hierarchies=10
[2025-11-14 19:37:55,296][src.models.modules.semantic_id.tiger_generation_model][INFO] - [rank: 0] 使用分块生成策略，num_hierarchies=10
[2025-11-14 19:37:56,482][src.models.modules.semantic_id.tiger_generation_model][INFO] - [rank: 0] 使用分块生成策略，num_hierarchies=10
[2025-11-14 19:37:57,746][src.models.modules.semantic_id.tiger_generation_model][INFO] - [rank: 0] 使用分块生成策略，num_hierarchies=10
[2025-11-14 19:37:59,241][src.models.modules.semantic_id.tiger_generation_model][INFO] - [rank: 0] 使用分块生成策略，num_hierarchies=10
[2025-11-14 19:38:00,246][src.models.modules.semantic_id.tiger_generation_model][INFO] - [rank: 0] 使用分块生成策略，num_hierarchies=10
[2025-11-14 19:38:00,864][src.models.modules.semantic_id.tiger_generation_model][INFO] - [rank: 0] 使用分块生成策略，num_hierarchies=10
[2025-11-14 19:38:01,514][src.models.modules.semantic_id.tiger_generation_model][INFO] - [rank: 0] 使用分块生成策略，num_hierarchies=10
[2025-11-14 19:38:02,542][src.models.modules.semantic_id.tiger_generation_model][INFO] - [rank: 0] 使用分块生成策略，num_hierarchies=10
[2025-11-14 19:38:03,706][src.models.modules.semantic_id.tiger_generation_model][INFO] - [rank: 0] 使用分块生成策略，num_hierarchies=10
[2025-11-14 19:38:04,929][src.models.modules.semantic_id.tiger_generation_model][INFO] - [rank: 0] 使用分块生成策略，num_hierarchies=10
[2025-11-14 19:38:05,594][src.models.modules.semantic_id.tiger_generation_model][INFO] - [rank: 0] 使用分块生成策略，num_hierarchies=10
[2025-11-14 19:38:06,141][src.models.modules.semantic_id.tiger_generation_model][INFO] - [rank: 0] 使用分块生成策略，num_hierarchies=10
[2025-11-14 19:38:06,773][src.models.modules.semantic_id.tiger_generation_model][INFO] - [rank: 0] 使用分块生成策略，num_hierarchies=10
[2025-11-14 19:38:07,394][src.models.modules.semantic_id.tiger_generation_model][INFO] - [rank: 0] 使用分块生成策略，num_hierarchies=10
[2025-11-14 19:38:07,956][src.models.modules.semantic_id.tiger_generation_model][INFO] - [rank: 0] 使用分块生成策略，num_hierarchies=10
[2025-11-14 19:38:08,548][src.models.modules.semantic_id.tiger_generation_model][INFO] - [rank: 0] 使用分块生成策略，num_hierarchies=10
[2025-11-14 19:38:09,143][src.models.modules.semantic_id.tiger_generation_model][INFO] - [rank: 0] 使用分块生成策略，num_hierarchies=10
[2025-11-14 19:38:09,712][src.models.modules.semantic_id.tiger_generation_model][INFO] - [rank: 0] 使用分块生成策略，num_hierarchies=10
[2025-11-14 19:38:10,292][src.models.modules.semantic_id.tiger_generation_model][INFO] - [rank: 0] 使用分块生成策略，num_hierarchies=10
[2025-11-14 19:38:11,056][src.models.modules.semantic_id.tiger_generation_model][INFO] - [rank: 0] 使用分块生成策略，num_hierarchies=10
[2025-11-14 19:38:12,338][src.models.modules.semantic_id.tiger_generation_model][INFO] - [rank: 0] 使用分块生成策略，num_hierarchies=10
[2025-11-14 19:38:13,114][src.models.modules.semantic_id.tiger_generation_model][INFO] - [rank: 0] 使用分块生成策略，num_hierarchies=10
[2025-11-14 19:38:14,280][src.models.modules.semantic_id.tiger_generation_model][INFO] - [rank: 0] 使用分块生成策略，num_hierarchies=10
[2025-11-14 19:38:15,807][src.models.modules.semantic_id.tiger_generation_model][INFO] - [rank: 0] 使用分块生成策略，num_hierarchies=10
[2025-11-14 19:38:17,122][src.models.modules.semantic_id.tiger_generation_model][INFO] - [rank: 0] 使用分块生成策略，num_hierarchies=10
[2025-11-14 19:38:18,102][src.models.modules.semantic_id.tiger_generation_model][INFO] - [rank: 0] 使用分块生成策略，num_hierarchies=10
[2025-11-14 19:38:19,453][src.models.modules.semantic_id.tiger_generation_model][INFO] - [rank: 0] 使用分块生成策略，num_hierarchies=10
[2025-11-14 19:38:20,642][src.models.modules.semantic_id.tiger_generation_model][INFO] - [rank: 0] 使用分块生成策略，num_hierarchies=10
[2025-11-14 19:38:21,992][src.models.modules.semantic_id.tiger_generation_model][INFO] - [rank: 0] 使用分块生成策略，num_hierarchies=10
[2025-11-14 19:38:23,321][src.models.modules.semantic_id.tiger_generation_model][INFO] - [rank: 0] 使用分块生成策略，num_hierarchies=10
[2025-11-14 19:38:24,919][src.models.modules.semantic_id.tiger_generation_model][INFO] - [rank: 0] 使用分块生成策略，num_hierarchies=10
[2025-11-14 19:38:26,442][src.models.modules.semantic_id.tiger_generation_model][INFO] - [rank: 0] 使用分块生成策略，num_hierarchies=10
[2025-11-14 19:38:27,922][src.models.modules.semantic_id.tiger_generation_model][INFO] - [rank: 0] 使用分块生成策略，num_hierarchies=10
[2025-11-14 19:38:29,176][src.models.modules.semantic_id.tiger_generation_model][INFO] - [rank: 0] 使用分块生成策略，num_hierarchies=10
[2025-11-14 19:38:30,596][src.models.modules.semantic_id.tiger_generation_model][INFO] - [rank: 0] 使用分块生成策略，num_hierarchies=10
[2025-11-14 19:38:31,864][src.models.modules.semantic_id.tiger_generation_model][INFO] - [rank: 0] 使用分块生成策略，num_hierarchies=10
[2025-11-14 19:38:33,292][src.models.modules.semantic_id.tiger_generation_model][INFO] - [rank: 0] 使用分块生成策略，num_hierarchies=10
[2025-11-14 19:38:34,678][src.models.modules.semantic_id.tiger_generation_model][INFO] - [rank: 0] 使用分块生成策略，num_hierarchies=10
[2025-11-14 19:38:36,238][src.models.modules.semantic_id.tiger_generation_model][INFO] - [rank: 0] 使用分块生成策略，num_hierarchies=10
[2025-11-14 19:38:37,739][src.models.modules.semantic_id.tiger_generation_model][INFO] - [rank: 0] 使用分块生成策略，num_hierarchies=10
[2025-11-14 19:38:38,601][src.models.modules.semantic_id.tiger_generation_model][INFO] - [rank: 0] 使用分块生成策略，num_hierarchies=10
[2025-11-14 19:38:39,729][src.models.modules.semantic_id.tiger_generation_model][INFO] - [rank: 0] 使用分块生成策略，num_hierarchies=10
[2025-11-14 19:38:41,001][src.models.modules.semantic_id.tiger_generation_model][INFO] - [rank: 0] 使用分块生成策略，num_hierarchies=10
[2025-11-14 19:38:42,594][src.models.modules.semantic_id.tiger_generation_model][INFO] - [rank: 0] 使用分块生成策略，num_hierarchies=10
[2025-11-14 19:38:44,215][src.models.modules.semantic_id.tiger_generation_model][INFO] - [rank: 0] 使用分块生成策略，num_hierarchies=10
[2025-11-14 19:38:45,581][src.models.modules.semantic_id.tiger_generation_model][INFO] - [rank: 0] 使用分块生成策略，num_hierarchies=10
[2025-11-14 19:38:47,128][src.models.modules.semantic_id.tiger_generation_model][INFO] - [rank: 0] 使用分块生成策略，num_hierarchies=10
[2025-11-14 19:38:48,230][src.models.modules.semantic_id.tiger_generation_model][INFO] - [rank: 0] 使用分块生成策略，num_hierarchies=10
[2025-11-14 19:38:49,280][src.models.modules.semantic_id.tiger_generation_model][INFO] - [rank: 0] 使用分块生成策略，num_hierarchies=10
[2025-11-14 19:38:50,465][src.models.modules.semantic_id.tiger_generation_model][INFO] - [rank: 0] 使用分块生成策略，num_hierarchies=10
[2025-11-14 19:38:51,194][src.models.modules.semantic_id.tiger_generation_model][INFO] - [rank: 0] 使用分块生成策略，num_hierarchies=10
[2025-11-14 19:38:52,086][src.models.modules.semantic_id.tiger_generation_model][INFO] - [rank: 0] 使用分块生成策略，num_hierarchies=10
[2025-11-14 19:38:52,934][src.models.modules.semantic_id.tiger_generation_model][INFO] - [rank: 0] 使用分块生成策略，num_hierarchies=10
[2025-11-14 19:38:54,032][src.models.modules.semantic_id.tiger_generation_model][INFO] - [rank: 0] 使用分块生成策略，num_hierarchies=10
[2025-11-14 19:38:55,267][src.models.modules.semantic_id.tiger_generation_model][INFO] - [rank: 0] 使用分块生成策略，num_hierarchies=10
[2025-11-14 19:38:56,097][src.models.modules.semantic_id.tiger_generation_model][INFO] - [rank: 0] 使用分块生成策略，num_hierarchies=10
[2025-11-14 19:38:56,745][src.models.modules.semantic_id.tiger_generation_model][INFO] - [rank: 0] 使用分块生成策略，num_hierarchies=10
[2025-11-14 19:38:57,435][src.models.modules.semantic_id.tiger_generation_model][INFO] - [rank: 0] 使用分块生成策略，num_hierarchies=10
[2025-11-14 19:38:58,109][src.models.modules.semantic_id.tiger_generation_model][INFO] - [rank: 0] 使用分块生成策略，num_hierarchies=10
[2025-11-14 19:38:59,239][src.models.modules.semantic_id.tiger_generation_model][INFO] - [rank: 0] 使用分块生成策略，num_hierarchies=10
[2025-11-14 19:39:00,634][src.models.modules.semantic_id.tiger_generation_model][INFO] - [rank: 0] 使用分块生成策略，num_hierarchies=10
[2025-11-14 19:39:01,959][src.models.modules.semantic_id.tiger_generation_model][INFO] - [rank: 0] 使用分块生成策略，num_hierarchies=10
[2025-11-14 19:39:03,333][src.models.modules.semantic_id.tiger_generation_model][INFO] - [rank: 0] 使用分块生成策略，num_hierarchies=10
[2025-11-14 19:39:04,925][src.models.modules.semantic_id.tiger_generation_model][INFO] - [rank: 0] 使用分块生成策略，num_hierarchies=10
[2025-11-14 19:39:05,708][src.models.modules.semantic_id.tiger_generation_model][INFO] - [rank: 0] 使用分块生成策略，num_hierarchies=10
[2025-11-14 19:39:06,392][src.models.modules.semantic_id.tiger_generation_model][INFO] - [rank: 0] 使用分块生成策略，num_hierarchies=10
[2025-11-14 19:39:07,333][src.models.modules.semantic_id.tiger_generation_model][INFO] - [rank: 0] 使用分块生成策略，num_hierarchies=10
[2025-11-14 19:39:08,082][src.models.modules.semantic_id.tiger_generation_model][INFO] - [rank: 0] 使用分块生成策略，num_hierarchies=10
[2025-11-14 19:39:08,672][src.models.modules.semantic_id.tiger_generation_model][INFO] - [rank: 0] 使用分块生成策略，num_hierarchies=10
[2025-11-14 19:39:09,537][src.models.modules.semantic_id.tiger_generation_model][INFO] - [rank: 0] 使用分块生成策略，num_hierarchies=10
[2025-11-14 19:39:10,199][src.models.modules.semantic_id.tiger_generation_model][INFO] - [rank: 0] 使用分块生成策略，num_hierarchies=10
[2025-11-14 19:39:10,935][src.models.modules.semantic_id.tiger_generation_model][INFO] - [rank: 0] 使用分块生成策略，num_hierarchies=10
[2025-11-14 19:39:11,496][src.models.modules.semantic_id.tiger_generation_model][INFO] - [rank: 0] 使用分块生成策略，num_hierarchies=10
[2025-11-14 19:39:12,147][src.models.modules.semantic_id.tiger_generation_model][INFO] - [rank: 0] 使用分块生成策略，num_hierarchies=10
[2025-11-14 19:39:12,816][src.models.modules.semantic_id.tiger_generation_model][INFO] - [rank: 0] 使用分块生成策略，num_hierarchies=10
[2025-11-14 19:39:13,449][src.models.modules.semantic_id.tiger_generation_model][INFO] - [rank: 0] 使用分块生成策略，num_hierarchies=10
[2025-11-14 19:39:14,083][src.models.modules.semantic_id.tiger_generation_model][INFO] - [rank: 0] 使用分块生成策略，num_hierarchies=10
[2025-11-14 19:39:14,728][src.models.modules.semantic_id.tiger_generation_model][INFO] - [rank: 0] 使用分块生成策略，num_hierarchies=10
[2025-11-14 19:39:15,359][src.models.modules.semantic_id.tiger_generation_model][INFO] - [rank: 0] 使用分块生成策略，num_hierarchies=10
[2025-11-14 19:39:16,500][src.models.modules.semantic_id.tiger_generation_model][INFO] - [rank: 0] 使用分块生成策略，num_hierarchies=10
[2025-11-14 19:39:17,738][src.models.modules.semantic_id.tiger_generation_model][INFO] - [rank: 0] 使用分块生成策略，num_hierarchies=10
[2025-11-14 19:39:19,377][src.models.modules.semantic_id.tiger_generation_model][INFO] - [rank: 0] 使用分块生成策略，num_hierarchies=10
[2025-11-14 19:39:20,841][src.models.modules.semantic_id.tiger_generation_model][INFO] - [rank: 0] 使用分块生成策略，num_hierarchies=10
[2025-11-14 19:39:22,189][src.models.modules.semantic_id.tiger_generation_model][INFO] - [rank: 0] 使用分块生成策略，num_hierarchies=10
[2025-11-14 19:39:23,376][src.models.modules.semantic_id.tiger_generation_model][INFO] - [rank: 0] 使用分块生成策略，num_hierarchies=10
[2025-11-14 19:39:25,015][src.models.modules.semantic_id.tiger_generation_model][INFO] - [rank: 0] 使用分块生成策略，num_hierarchies=10
[2025-11-14 19:39:26,279][src.models.modules.semantic_id.tiger_generation_model][INFO] - [rank: 0] 使用分块生成策略，num_hierarchies=10
[2025-11-14 19:39:27,625][src.models.modules.semantic_id.tiger_generation_model][INFO] - [rank: 0] 使用分块生成策略，num_hierarchies=10
[2025-11-14 19:39:28,317][src.models.modules.semantic_id.tiger_generation_model][INFO] - [rank: 0] 使用分块生成策略，num_hierarchies=10
[2025-11-14 19:39:29,093][src.models.modules.semantic_id.tiger_generation_model][INFO] - [rank: 0] 使用分块生成策略，num_hierarchies=10
[2025-11-14 19:39:29,838][src.models.modules.semantic_id.tiger_generation_model][INFO] - [rank: 0] 使用分块生成策略，num_hierarchies=10
[2025-11-14 19:39:30,679][src.models.modules.semantic_id.tiger_generation_model][INFO] - [rank: 0] 使用分块生成策略，num_hierarchies=10
[2025-11-14 19:39:31,372][src.models.modules.semantic_id.tiger_generation_model][INFO] - [rank: 0] 使用分块生成策略，num_hierarchies=10
[2025-11-14 19:39:32,017][src.models.modules.semantic_id.tiger_generation_model][INFO] - [rank: 0] 使用分块生成策略，num_hierarchies=10
[2025-11-14 19:39:33,744][src.models.modules.semantic_id.tiger_generation_model][INFO] - [rank: 0] 使用分块生成策略，num_hierarchies=10
[2025-11-14 19:39:35,028][src.models.modules.semantic_id.tiger_generation_model][INFO] - [rank: 0] 使用分块生成策略，num_hierarchies=10
[2025-11-14 19:39:36,416][src.models.modules.semantic_id.tiger_generation_model][INFO] - [rank: 0] 使用分块生成策略，num_hierarchies=10
[2025-11-14 19:39:37,584][src.models.modules.semantic_id.tiger_generation_model][INFO] - [rank: 0] 使用分块生成策略，num_hierarchies=10
[2025-11-14 19:39:38,258][src.models.modules.semantic_id.tiger_generation_model][INFO] - [rank: 0] 使用分块生成策略，num_hierarchies=10
[2025-11-14 19:39:38,958][src.models.modules.semantic_id.tiger_generation_model][INFO] - [rank: 0] 使用分块生成策略，num_hierarchies=10
[2025-11-14 19:39:39,791][src.models.modules.semantic_id.tiger_generation_model][INFO] - [rank: 0] 使用分块生成策略，num_hierarchies=10
[2025-11-14 19:39:40,564][src.models.modules.semantic_id.tiger_generation_model][INFO] - [rank: 0] 使用分块生成策略，num_hierarchies=10
[2025-11-14 19:39:41,924][src.models.modules.semantic_id.tiger_generation_model][INFO] - [rank: 0] 使用分块生成策略，num_hierarchies=10
[2025-11-14 19:39:42,814][src.models.modules.semantic_id.tiger_generation_model][INFO] - [rank: 0] 使用分块生成策略，num_hierarchies=10
[2025-11-14 19:39:44,396][src.models.modules.semantic_id.tiger_generation_model][INFO] - [rank: 0] 使用分块生成策略，num_hierarchies=10
[2025-11-14 19:39:45,740][src.models.modules.semantic_id.tiger_generation_model][INFO] - [rank: 0] 使用分块生成策略，num_hierarchies=10
[2025-11-14 19:39:46,979][src.models.modules.semantic_id.tiger_generation_model][INFO] - [rank: 0] 使用分块生成策略，num_hierarchies=10
[2025-11-14 19:39:48,061][src.models.modules.semantic_id.tiger_generation_model][INFO] - [rank: 0] 使用分块生成策略，num_hierarchies=10
[2025-11-14 19:39:49,479][src.models.modules.semantic_id.tiger_generation_model][INFO] - [rank: 0] 使用分块生成策略，num_hierarchies=10
[2025-11-14 19:39:50,757][src.models.modules.semantic_id.tiger_generation_model][INFO] - [rank: 0] 使用分块生成策略，num_hierarchies=10
[2025-11-14 19:39:51,884][src.models.modules.semantic_id.tiger_generation_model][INFO] - [rank: 0] 使用分块生成策略，num_hierarchies=10
[2025-11-14 19:39:53,131][src.models.modules.semantic_id.tiger_generation_model][INFO] - [rank: 0] 使用分块生成策略，num_hierarchies=10
[2025-11-14 19:39:54,446][src.models.modules.semantic_id.tiger_generation_model][INFO] - [rank: 0] 使用分块生成策略，num_hierarchies=10
[2025-11-14 19:39:55,429][src.models.modules.semantic_id.tiger_generation_model][INFO] - [rank: 0] 使用分块生成策略，num_hierarchies=10
[2025-11-14 19:39:56,692][src.models.modules.semantic_id.tiger_generation_model][INFO] - [rank: 0] 使用分块生成策略，num_hierarchies=10
[2025-11-14 19:39:58,216][src.models.modules.semantic_id.tiger_generation_model][INFO] - [rank: 0] 使用分块生成策略，num_hierarchies=10
[2025-11-14 19:39:59,526][src.models.modules.semantic_id.tiger_generation_model][INFO] - [rank: 0] 使用分块生成策略，num_hierarchies=10
[2025-11-14 19:40:00,471][src.models.modules.semantic_id.tiger_generation_model][INFO] - [rank: 0] 使用分块生成策略，num_hierarchies=10
[2025-11-14 19:40:01,494][src.models.modules.semantic_id.tiger_generation_model][INFO] - [rank: 0] 使用分块生成策略，num_hierarchies=10
[2025-11-14 19:40:02,646][src.models.modules.semantic_id.tiger_generation_model][INFO] - [rank: 0] 使用分块生成策略，num_hierarchies=10
[2025-11-14 19:40:04,409][src.models.modules.semantic_id.tiger_generation_model][INFO] - [rank: 0] 使用分块生成策略，num_hierarchies=10
[2025-11-14 19:40:05,751][src.models.modules.semantic_id.tiger_generation_model][INFO] - [rank: 0] 使用分块生成策略，num_hierarchies=10
[2025-11-14 19:40:07,045][src.models.modules.semantic_id.tiger_generation_model][INFO] - [rank: 0] 使用分块生成策略，num_hierarchies=10
[2025-11-14 19:40:08,466][src.models.modules.semantic_id.tiger_generation_model][INFO] - [rank: 0] 使用分块生成策略，num_hierarchies=10
[2025-11-14 19:40:10,031][src.models.modules.semantic_id.tiger_generation_model][INFO] - [rank: 0] 使用分块生成策略，num_hierarchies=10
[2025-11-14 19:40:10,911][src.models.modules.semantic_id.tiger_generation_model][INFO] - [rank: 0] 使用分块生成策略，num_hierarchies=10
[2025-11-14 19:40:12,112][src.models.modules.semantic_id.tiger_generation_model][INFO] - [rank: 0] 使用分块生成策略，num_hierarchies=10
[2025-11-14 19:40:13,598][src.models.modules.semantic_id.tiger_generation_model][INFO] - [rank: 0] 使用分块生成策略，num_hierarchies=10
[2025-11-14 19:40:14,611][src.models.modules.semantic_id.tiger_generation_model][INFO] - [rank: 0] 使用分块生成策略，num_hierarchies=10
[2025-11-14 19:40:15,731][src.models.modules.semantic_id.tiger_generation_model][INFO] - [rank: 0] 使用分块生成策略，num_hierarchies=10
[2025-11-14 19:40:17,045][src.models.modules.semantic_id.tiger_generation_model][INFO] - [rank: 0] 使用分块生成策略，num_hierarchies=10
[2025-11-14 19:40:18,019][src.models.modules.semantic_id.tiger_generation_model][INFO] - [rank: 0] 使用分块生成策略，num_hierarchies=10
[2025-11-14 19:40:19,339][src.models.modules.semantic_id.tiger_generation_model][INFO] - [rank: 0] 使用分块生成策略，num_hierarchies=10
[2025-11-14 19:40:20,442][src.models.modules.semantic_id.tiger_generation_model][INFO] - [rank: 0] 使用分块生成策略，num_hierarchies=10
[2025-11-14 19:40:21,793][src.models.modules.semantic_id.tiger_generation_model][INFO] - [rank: 0] 使用分块生成策略，num_hierarchies=10
[2025-11-14 19:40:22,884][src.models.modules.semantic_id.tiger_generation_model][INFO] - [rank: 0] 使用分块生成策略，num_hierarchies=10
[2025-11-14 19:40:23,720][src.models.modules.semantic_id.tiger_generation_model][INFO] - [rank: 0] 使用分块生成策略，num_hierarchies=10
[2025-11-14 19:40:24,566][src.models.modules.semantic_id.tiger_generation_model][INFO] - [rank: 0] 使用分块生成策略，num_hierarchies=10
[2025-11-14 19:40:25,370][src.models.modules.semantic_id.tiger_generation_model][INFO] - [rank: 0] 使用分块生成策略，num_hierarchies=10
[2025-11-14 19:40:26,255][src.models.modules.semantic_id.tiger_generation_model][INFO] - [rank: 0] 使用分块生成策略，num_hierarchies=10
[2025-11-14 19:40:27,134][src.models.modules.semantic_id.tiger_generation_model][INFO] - [rank: 0] 使用分块生成策略，num_hierarchies=10
[2025-11-14 19:40:28,002][src.models.modules.semantic_id.tiger_generation_model][INFO] - [rank: 0] 使用分块生成策略，num_hierarchies=10
[2025-11-14 19:40:28,853][src.models.modules.semantic_id.tiger_generation_model][INFO] - [rank: 0] 使用分块生成策略，num_hierarchies=10
[2025-11-14 19:40:29,513][src.models.modules.semantic_id.tiger_generation_model][INFO] - [rank: 0] 使用分块生成策略，num_hierarchies=10
[2025-11-14 19:40:30,216][src.models.modules.semantic_id.tiger_generation_model][INFO] - [rank: 0] 使用分块生成策略，num_hierarchies=10
[2025-11-14 19:40:30,856][src.models.modules.semantic_id.tiger_generation_model][INFO] - [rank: 0] 使用分块生成策略，num_hierarchies=10
[2025-11-14 19:40:31,979][src.models.modules.semantic_id.tiger_generation_model][INFO] - [rank: 0] 使用分块生成策略，num_hierarchies=10
[2025-11-14 19:40:32,929][src.models.modules.semantic_id.tiger_generation_model][INFO] - [rank: 0] 使用分块生成策略，num_hierarchies=10
[2025-11-14 19:40:33,817][src.models.modules.semantic_id.tiger_generation_model][INFO] - [rank: 0] 使用分块生成策略，num_hierarchies=10
[2025-11-14 19:40:34,763][src.models.modules.semantic_id.tiger_generation_model][INFO] - [rank: 0] 使用分块生成策略，num_hierarchies=10
[2025-11-14 19:40:35,918][src.models.modules.semantic_id.tiger_generation_model][INFO] - [rank: 0] 使用分块生成策略，num_hierarchies=10
[2025-11-14 19:40:36,996][src.models.modules.semantic_id.tiger_generation_model][INFO] - [rank: 0] 使用分块生成策略，num_hierarchies=10
[2025-11-14 19:40:37,960][src.models.modules.semantic_id.tiger_generation_model][INFO] - [rank: 0] 使用分块生成策略，num_hierarchies=10
[2025-11-14 19:40:38,834][src.models.modules.semantic_id.tiger_generation_model][INFO] - [rank: 0] 使用分块生成策略，num_hierarchies=10
[2025-11-14 19:40:39,911][src.models.modules.semantic_id.tiger_generation_model][INFO] - [rank: 0] 使用分块生成策略，num_hierarchies=10
[2025-11-14 19:40:41,047][src.models.modules.semantic_id.tiger_generation_model][INFO] - [rank: 0] 使用分块生成策略，num_hierarchies=10
[2025-11-14 19:40:41,960][src.models.modules.semantic_id.tiger_generation_model][INFO] - [rank: 0] 使用分块生成策略，num_hierarchies=10
[2025-11-14 19:40:42,817][src.models.modules.semantic_id.tiger_generation_model][INFO] - [rank: 0] 使用分块生成策略，num_hierarchies=10
[2025-11-14 19:40:43,720][src.models.modules.semantic_id.tiger_generation_model][INFO] - [rank: 0] 使用分块生成策略，num_hierarchies=10
[2025-11-14 19:40:44,671][src.models.modules.semantic_id.tiger_generation_model][INFO] - [rank: 0] 使用分块生成策略，num_hierarchies=10
[2025-11-14 19:40:45,932][src.models.modules.semantic_id.tiger_generation_model][INFO] - [rank: 0] 使用分块生成策略，num_hierarchies=10
[2025-11-14 19:40:46,799][src.models.modules.semantic_id.tiger_generation_model][INFO] - [rank: 0] 使用分块生成策略，num_hierarchies=10
[2025-11-14 19:40:47,738][src.models.modules.semantic_id.tiger_generation_model][INFO] - [rank: 0] 使用分块生成策略，num_hierarchies=10
[2025-11-14 19:40:48,740][src.models.modules.semantic_id.tiger_generation_model][INFO] - [rank: 0] 使用分块生成策略，num_hierarchies=10
[2025-11-14 19:40:50,204][src.models.modules.semantic_id.tiger_generation_model][INFO] - [rank: 0] 使用分块生成策略，num_hierarchies=10
[2025-11-14 19:40:51,683][src.models.modules.semantic_id.tiger_generation_model][INFO] - [rank: 0] 使用分块生成策略，num_hierarchies=10
[2025-11-14 19:40:53,090][src.models.modules.semantic_id.tiger_generation_model][INFO] - [rank: 0] 使用分块生成策略，num_hierarchies=10
[2025-11-14 19:40:54,393][src.models.modules.semantic_id.tiger_generation_model][INFO] - [rank: 0] 使用分块生成策略，num_hierarchies=10
[2025-11-14 19:40:55,423][src.models.modules.semantic_id.tiger_generation_model][INFO] - [rank: 0] 使用分块生成策略，num_hierarchies=10
[2025-11-14 19:40:56,566][src.models.modules.semantic_id.tiger_generation_model][INFO] - [rank: 0] 使用分块生成策略，num_hierarchies=10
[2025-11-14 19:40:57,717][src.models.modules.semantic_id.tiger_generation_model][INFO] - [rank: 0] 使用分块生成策略，num_hierarchies=10
[2025-11-14 19:40:59,394][src.models.modules.semantic_id.tiger_generation_model][INFO] - [rank: 0] 使用分块生成策略，num_hierarchies=10
[2025-11-14 19:41:00,638][src.models.modules.semantic_id.tiger_generation_model][INFO] - [rank: 0] 使用分块生成策略，num_hierarchies=10
[2025-11-14 19:41:01,417][src.models.modules.semantic_id.tiger_generation_model][INFO] - [rank: 0] 使用分块生成策略，num_hierarchies=10
[2025-11-14 19:41:02,519][src.models.modules.semantic_id.tiger_generation_model][INFO] - [rank: 0] 使用分块生成策略，num_hierarchies=10
[2025-11-14 19:41:03,583][src.models.modules.semantic_id.tiger_generation_model][INFO] - [rank: 0] 使用分块生成策略，num_hierarchies=10
[2025-11-14 19:41:04,600][src.models.modules.semantic_id.tiger_generation_model][INFO] - [rank: 0] 使用分块生成策略，num_hierarchies=10
[2025-11-14 19:41:05,601][src.models.modules.semantic_id.tiger_generation_model][INFO] - [rank: 0] 使用分块生成策略，num_hierarchies=10
[2025-11-14 19:41:06,317][src.models.modules.semantic_id.tiger_generation_model][INFO] - [rank: 0] 使用分块生成策略，num_hierarchies=10
[2025-11-14 19:41:07,257][src.models.modules.semantic_id.tiger_generation_model][INFO] - [rank: 0] 使用分块生成策略，num_hierarchies=10
[2025-11-14 19:41:08,078][src.models.modules.semantic_id.tiger_generation_model][INFO] - [rank: 0] 使用分块生成策略，num_hierarchies=10
[2025-11-14 19:41:08,871][src.models.modules.semantic_id.tiger_generation_model][INFO] - [rank: 0] 使用分块生成策略，num_hierarchies=10
[2025-11-14 19:41:09,507][src.models.modules.semantic_id.tiger_generation_model][INFO] - [rank: 0] 使用分块生成策略，num_hierarchies=10
[2025-11-14 19:41:10,413][src.models.modules.semantic_id.tiger_generation_model][INFO] - [rank: 0] 使用分块生成策略，num_hierarchies=10
[2025-11-14 19:41:11,270][src.models.modules.semantic_id.tiger_generation_model][INFO] - [rank: 0] 使用分块生成策略，num_hierarchies=10
[2025-11-14 19:41:14,007][src.models.modules.semantic_id.tiger_generation_model][INFO] - [rank: 0] 
================================================================================
[2025-11-14 19:41:14,007][src.models.modules.semantic_id.tiger_generation_model][INFO] - [rank: 0] === 生成的语义ID Embedding相似度矩阵 (平均自 704 个batch) ===
[2025-11-14 19:41:14,010][src.models.modules.semantic_id.tiger_generation_model][INFO] - [rank: 0] 
[[ 9.99999344e-01 -3.80371399e-02 -3.20939049e-02 -2.28936016e-03
  -3.49230058e-02  1.08798556e-02  5.17755747e-02 -1.87675375e-02
  -8.23505875e-03  6.83253538e-03]
 [-3.80371399e-02  1.00002193e+00 -4.36151447e-03 -3.03665698e-02
   4.69154418e-02 -1.47191789e-02  9.59439389e-03 -9.88686457e-03
  -9.15368786e-04 -1.09284697e-02]
 [-3.20939049e-02 -4.36151447e-03  1.00000703e+00  1.05446083e-02
  -9.06421919e-04  2.10690591e-02 -2.57314481e-02  3.24470103e-02
  -3.65526564e-02 -4.65917488e-04]
 [-2.28936016e-03 -3.03665698e-02  1.05446083e-02  9.99987185e-01
  -3.74728255e-02  1.59098115e-03 -1.08801983e-02 -3.86418290e-02
   7.64849177e-03 -6.17618412e-02]
 [-3.49230058e-02  4.69154418e-02 -9.06421919e-04 -3.74728255e-02
   1.00002277e+00  9.63242073e-03  3.25020850e-02 -1.17370235e-02
   3.41564305e-02 -8.30754172e-03]
 [ 1.08798556e-02 -1.47191789e-02  2.10690591e-02  1.59098115e-03
   9.63242073e-03  1.00002909e+00 -3.75240445e-02  1.92731880e-02
   5.82677796e-02 -4.27377336e-02]
 [ 5.17755747e-02  9.59439389e-03 -2.57314481e-02 -1.08801983e-02
   3.25020850e-02 -3.75240445e-02  1.00002682e+00 -3.09262332e-02
   3.39815975e-03 -1.61458999e-02]
 [-1.87675375e-02 -9.88686457e-03  3.24470103e-02 -3.86418290e-02
  -1.17370235e-02  1.92731880e-02 -3.09262332e-02  1.00000536e+00
  -4.26033251e-02  7.39593208e-02]
 [-8.23505875e-03 -9.15368786e-04 -3.65526564e-02  7.64849177e-03
   3.41564305e-02  5.82677796e-02  3.39815975e-03 -4.26033251e-02
   9.99959171e-01  3.00297532e-02]
 [ 6.83253538e-03 -1.09284697e-02 -4.65917488e-04 -6.17618412e-02
  -8.30754172e-03 -4.27377336e-02 -1.61458999e-02  7.39593208e-02
   3.00297532e-02  9.99939084e-01]]
[2025-11-14 19:41:14,011][src.models.modules.semantic_id.tiger_generation_model][INFO] - [rank: 0] ================================================================================

[2025-11-14 19:41:14,011][src.models.modules.semantic_id.tiger_generation_model][INFO] - [rank: 0] 
================================================================================
[2025-11-14 19:41:14,011][src.models.modules.semantic_id.tiger_generation_model][INFO] - [rank: 0] === 输入序列中每个Item的Hierarchy Embedding相似度矩阵 (平均自 704 个batch) ===
[2025-11-14 19:41:14,013][src.models.modules.semantic_id.tiger_generation_model][INFO] - [rank: 0] 
[[ 9.9999499e-01 -1.8489372e-03 -3.1499697e-03 -2.4174144e-03
  -1.4455876e-03 -1.5440733e-03 -8.5391983e-04 -3.3079488e-03
   2.0083523e-04 -7.1280748e-03]
 [-1.8489372e-03  1.0000002e+00 -2.7352152e-03 -5.5357616e-04
   2.7506098e-03 -9.7694632e-04  3.8166561e-03 -5.4557484e-05
  -5.1753293e-04  1.4563051e-02]
 [-3.1499697e-03 -2.7352152e-03  9.9999785e-01 -6.9898111e-04
  -1.4258240e-03 -2.1809991e-03 -9.1071834e-04 -1.5520387e-03
  -1.2108270e-03  4.4746561e-05]
 [-2.4174144e-03 -5.5357616e-04 -6.9898111e-04  1.0000001e+00
  -1.8174481e-03 -6.1848614e-04 -1.4995263e-03 -7.0207514e-04
  -7.5530639e-04 -3.4124651e-03]
 [-1.4455876e-03  2.7506098e-03 -1.4258240e-03 -1.8174481e-03
   1.0000002e+00 -2.9944841e-04 -1.4162181e-04  2.4466749e-04
  -1.0416788e-03 -8.4754694e-03]
 [-1.5440733e-03 -9.7694632e-04 -2.1809991e-03 -6.1848614e-04
  -2.9944841e-04  9.9998933e-01 -3.3939322e-03 -9.1705396e-04
  -6.6420194e-05  6.2155547e-03]
 [-8.5391983e-04  3.8166561e-03 -9.1071834e-04 -1.4995263e-03
  -1.4162181e-04 -3.3939322e-03  9.9999774e-01  1.7743211e-03
  -4.8372662e-04 -7.6656672e-03]
 [-3.3079488e-03 -5.4557484e-05 -1.5520387e-03 -7.0207514e-04
   2.4466749e-04 -9.1705396e-04  1.7743211e-03  1.0000001e+00
  -1.7229561e-03  5.5956375e-03]
 [ 2.0083523e-04 -5.1753293e-04 -1.2108270e-03 -7.5530639e-04
  -1.0416788e-03 -6.6420194e-05 -4.8372662e-04 -1.7229561e-03
   9.9999517e-01  1.4474085e-02]
 [-7.1280748e-03  1.4563051e-02  4.4746561e-05 -3.4124651e-03
  -8.4754694e-03  6.2155547e-03 -7.6656672e-03  5.5956375e-03
   1.4474085e-02  9.9993902e-01]]
[2025-11-14 19:41:14,014][src.models.modules.semantic_id.tiger_generation_model][INFO] - [rank: 0] ================================================================================

[2025-11-14 19:41:14,074][src.models.modules.semantic_id.tiger_generation_model][INFO] - [rank: 0] 
================================================================================
[2025-11-14 19:41:14,074][src.models.modules.semantic_id.tiger_generation_model][INFO] - [rank: 0] === 按流行度分组的评测指标（累计到当前阶段）===
[2025-11-14 19:41:14,075][src.models.modules.semantic_id.tiger_generation_model][INFO] - [rank: 0] [Body] ndcg@5: 0.004303  ndcg@10: 0.004303  recall@5: 0.006010  recall@10: 0.006010
[2025-11-14 19:41:14,075][src.models.modules.semantic_id.tiger_generation_model][INFO] - [rank: 0] [Head] ndcg@5: 0.004978  ndcg@10: 0.004978  recall@5: 0.006848  recall@10: 0.006848
[2025-11-14 19:41:14,075][src.models.modules.semantic_id.tiger_generation_model][INFO] - [rank: 0] [Tail] ndcg@5: 0.002730  ndcg@10: 0.002730  recall@5: 0.003477  recall@10: 0.003477
[2025-11-14 19:41:14,075][src.models.modules.semantic_id.tiger_generation_model][INFO] - [rank: 0] ================================================================================

[2025-11-14 20:10:51,058][src.models.modules.semantic_id.tiger_generation_model][INFO] - [rank: 0] 使用分块生成策略，num_hierarchies=10
[2025-11-14 20:10:51,998][src.models.modules.semantic_id.tiger_generation_model][INFO] - [rank: 0] 使用分块生成策略，num_hierarchies=10
[2025-11-14 20:10:52,718][src.models.modules.semantic_id.tiger_generation_model][INFO] - [rank: 0] 使用分块生成策略，num_hierarchies=10
[2025-11-14 20:10:53,704][src.models.modules.semantic_id.tiger_generation_model][INFO] - [rank: 0] 使用分块生成策略，num_hierarchies=10
[2025-11-14 20:10:54,406][src.models.modules.semantic_id.tiger_generation_model][INFO] - [rank: 0] 使用分块生成策略，num_hierarchies=10
[2025-11-14 20:10:55,085][src.models.modules.semantic_id.tiger_generation_model][INFO] - [rank: 0] 使用分块生成策略，num_hierarchies=10
[2025-11-14 20:10:55,791][src.models.modules.semantic_id.tiger_generation_model][INFO] - [rank: 0] 使用分块生成策略，num_hierarchies=10
[2025-11-14 20:10:56,773][src.models.modules.semantic_id.tiger_generation_model][INFO] - [rank: 0] 使用分块生成策略，num_hierarchies=10
[2025-11-14 20:10:57,586][src.models.modules.semantic_id.tiger_generation_model][INFO] - [rank: 0] 使用分块生成策略，num_hierarchies=10
[2025-11-14 20:10:58,444][src.models.modules.semantic_id.tiger_generation_model][INFO] - [rank: 0] 使用分块生成策略，num_hierarchies=10
[2025-11-14 20:10:59,264][src.models.modules.semantic_id.tiger_generation_model][INFO] - [rank: 0] 使用分块生成策略，num_hierarchies=10
[2025-11-14 20:11:00,122][src.models.modules.semantic_id.tiger_generation_model][INFO] - [rank: 0] 使用分块生成策略，num_hierarchies=10
[2025-11-14 20:11:00,918][src.models.modules.semantic_id.tiger_generation_model][INFO] - [rank: 0] 使用分块生成策略，num_hierarchies=10
[2025-11-14 20:11:01,695][src.models.modules.semantic_id.tiger_generation_model][INFO] - [rank: 0] 使用分块生成策略，num_hierarchies=10
[2025-11-14 20:11:02,566][src.models.modules.semantic_id.tiger_generation_model][INFO] - [rank: 0] 使用分块生成策略，num_hierarchies=10
[2025-11-14 20:11:03,347][src.models.modules.semantic_id.tiger_generation_model][INFO] - [rank: 0] 使用分块生成策略，num_hierarchies=10
[2025-11-14 20:11:04,090][src.models.modules.semantic_id.tiger_generation_model][INFO] - [rank: 0] 使用分块生成策略，num_hierarchies=10
[2025-11-14 20:11:04,834][src.models.modules.semantic_id.tiger_generation_model][INFO] - [rank: 0] 使用分块生成策略，num_hierarchies=10
[2025-11-14 20:11:05,635][src.models.modules.semantic_id.tiger_generation_model][INFO] - [rank: 0] 使用分块生成策略，num_hierarchies=10
[2025-11-14 20:11:06,548][src.models.modules.semantic_id.tiger_generation_model][INFO] - [rank: 0] 使用分块生成策略，num_hierarchies=10
[2025-11-14 20:11:07,429][src.models.modules.semantic_id.tiger_generation_model][INFO] - [rank: 0] 使用分块生成策略，num_hierarchies=10
[2025-11-14 20:11:08,257][src.models.modules.semantic_id.tiger_generation_model][INFO] - [rank: 0] 使用分块生成策略，num_hierarchies=10
[2025-11-14 20:11:08,945][src.models.modules.semantic_id.tiger_generation_model][INFO] - [rank: 0] 使用分块生成策略，num_hierarchies=10
[2025-11-14 20:11:09,888][src.models.modules.semantic_id.tiger_generation_model][INFO] - [rank: 0] 使用分块生成策略，num_hierarchies=10
[2025-11-14 20:11:10,625][src.models.modules.semantic_id.tiger_generation_model][INFO] - [rank: 0] 使用分块生成策略，num_hierarchies=10
[2025-11-14 20:11:11,336][src.models.modules.semantic_id.tiger_generation_model][INFO] - [rank: 0] 使用分块生成策略，num_hierarchies=10
[2025-11-14 20:11:11,989][src.models.modules.semantic_id.tiger_generation_model][INFO] - [rank: 0] 使用分块生成策略，num_hierarchies=10
[2025-11-14 20:11:12,759][src.models.modules.semantic_id.tiger_generation_model][INFO] - [rank: 0] 使用分块生成策略，num_hierarchies=10
[2025-11-14 20:11:13,430][src.models.modules.semantic_id.tiger_generation_model][INFO] - [rank: 0] 使用分块生成策略，num_hierarchies=10
[2025-11-14 20:11:14,228][src.models.modules.semantic_id.tiger_generation_model][INFO] - [rank: 0] 使用分块生成策略，num_hierarchies=10
[2025-11-14 20:11:15,418][src.models.modules.semantic_id.tiger_generation_model][INFO] - [rank: 0] 使用分块生成策略，num_hierarchies=10
[2025-11-14 20:11:16,417][src.models.modules.semantic_id.tiger_generation_model][INFO] - [rank: 0] 使用分块生成策略，num_hierarchies=10
[2025-11-14 20:11:17,274][src.models.modules.semantic_id.tiger_generation_model][INFO] - [rank: 0] 使用分块生成策略，num_hierarchies=10
[2025-11-14 20:11:18,080][src.models.modules.semantic_id.tiger_generation_model][INFO] - [rank: 0] 使用分块生成策略，num_hierarchies=10
[2025-11-14 20:11:18,774][src.models.modules.semantic_id.tiger_generation_model][INFO] - [rank: 0] 使用分块生成策略，num_hierarchies=10
[2025-11-14 20:11:19,761][src.models.modules.semantic_id.tiger_generation_model][INFO] - [rank: 0] 使用分块生成策略，num_hierarchies=10
[2025-11-14 20:11:20,526][src.models.modules.semantic_id.tiger_generation_model][INFO] - [rank: 0] 使用分块生成策略，num_hierarchies=10
[2025-11-14 20:11:21,241][src.models.modules.semantic_id.tiger_generation_model][INFO] - [rank: 0] 使用分块生成策略，num_hierarchies=10
[2025-11-14 20:11:22,110][src.models.modules.semantic_id.tiger_generation_model][INFO] - [rank: 0] 使用分块生成策略，num_hierarchies=10
[2025-11-14 20:11:22,817][src.models.modules.semantic_id.tiger_generation_model][INFO] - [rank: 0] 使用分块生成策略，num_hierarchies=10
[2025-11-14 20:11:23,624][src.models.modules.semantic_id.tiger_generation_model][INFO] - [rank: 0] 使用分块生成策略，num_hierarchies=10
[2025-11-14 20:11:24,770][src.models.modules.semantic_id.tiger_generation_model][INFO] - [rank: 0] 使用分块生成策略，num_hierarchies=10
[2025-11-14 20:11:26,043][src.models.modules.semantic_id.tiger_generation_model][INFO] - [rank: 0] 使用分块生成策略，num_hierarchies=10
[2025-11-14 20:11:27,192][src.models.modules.semantic_id.tiger_generation_model][INFO] - [rank: 0] 使用分块生成策略，num_hierarchies=10
[2025-11-14 20:11:28,445][src.models.modules.semantic_id.tiger_generation_model][INFO] - [rank: 0] 使用分块生成策略，num_hierarchies=10
[2025-11-14 20:11:29,698][src.models.modules.semantic_id.tiger_generation_model][INFO] - [rank: 0] 使用分块生成策略，num_hierarchies=10
[2025-11-14 20:11:31,015][src.models.modules.semantic_id.tiger_generation_model][INFO] - [rank: 0] 使用分块生成策略，num_hierarchies=10
[2025-11-14 20:11:32,077][src.models.modules.semantic_id.tiger_generation_model][INFO] - [rank: 0] 使用分块生成策略，num_hierarchies=10
[2025-11-14 20:11:32,780][src.models.modules.semantic_id.tiger_generation_model][INFO] - [rank: 0] 使用分块生成策略，num_hierarchies=10
[2025-11-14 20:11:33,396][src.models.modules.semantic_id.tiger_generation_model][INFO] - [rank: 0] 使用分块生成策略，num_hierarchies=10
[2025-11-14 20:11:34,035][src.models.modules.semantic_id.tiger_generation_model][INFO] - [rank: 0] 使用分块生成策略，num_hierarchies=10
[2025-11-14 20:11:34,726][src.models.modules.semantic_id.tiger_generation_model][INFO] - [rank: 0] 使用分块生成策略，num_hierarchies=10
[2025-11-14 20:11:35,418][src.models.modules.semantic_id.tiger_generation_model][INFO] - [rank: 0] 使用分块生成策略，num_hierarchies=10
[2025-11-14 20:11:36,333][src.models.modules.semantic_id.tiger_generation_model][INFO] - [rank: 0] 使用分块生成策略，num_hierarchies=10
[2025-11-14 20:11:37,343][src.models.modules.semantic_id.tiger_generation_model][INFO] - [rank: 0] 使用分块生成策略，num_hierarchies=10
[2025-11-14 20:11:38,489][src.models.modules.semantic_id.tiger_generation_model][INFO] - [rank: 0] 使用分块生成策略，num_hierarchies=10
[2025-11-14 20:11:39,479][src.models.modules.semantic_id.tiger_generation_model][INFO] - [rank: 0] 使用分块生成策略，num_hierarchies=10
[2025-11-14 20:11:40,468][src.models.modules.semantic_id.tiger_generation_model][INFO] - [rank: 0] 使用分块生成策略，num_hierarchies=10
[2025-11-14 20:11:41,210][src.models.modules.semantic_id.tiger_generation_model][INFO] - [rank: 0] 使用分块生成策略，num_hierarchies=10
[2025-11-14 20:11:42,575][src.models.modules.semantic_id.tiger_generation_model][INFO] - [rank: 0] 使用分块生成策略，num_hierarchies=10
[2025-11-14 20:11:43,802][src.models.modules.semantic_id.tiger_generation_model][INFO] - [rank: 0] 使用分块生成策略，num_hierarchies=10
[2025-11-14 20:11:44,639][src.models.modules.semantic_id.tiger_generation_model][INFO] - [rank: 0] 使用分块生成策略，num_hierarchies=10
[2025-11-14 20:11:45,735][src.models.modules.semantic_id.tiger_generation_model][INFO] - [rank: 0] 使用分块生成策略，num_hierarchies=10
[2025-11-14 20:11:46,465][src.models.modules.semantic_id.tiger_generation_model][INFO] - [rank: 0] 使用分块生成策略，num_hierarchies=10
[2025-11-14 20:11:47,162][src.models.modules.semantic_id.tiger_generation_model][INFO] - [rank: 0] 使用分块生成策略，num_hierarchies=10
[2025-11-14 20:11:47,800][src.models.modules.semantic_id.tiger_generation_model][INFO] - [rank: 0] 使用分块生成策略，num_hierarchies=10
[2025-11-14 20:11:48,544][src.models.modules.semantic_id.tiger_generation_model][INFO] - [rank: 0] 使用分块生成策略，num_hierarchies=10
[2025-11-14 20:11:49,664][src.models.modules.semantic_id.tiger_generation_model][INFO] - [rank: 0] 使用分块生成策略，num_hierarchies=10
[2025-11-14 20:11:50,404][src.models.modules.semantic_id.tiger_generation_model][INFO] - [rank: 0] 使用分块生成策略，num_hierarchies=10
[2025-11-14 20:11:51,134][src.models.modules.semantic_id.tiger_generation_model][INFO] - [rank: 0] 使用分块生成策略，num_hierarchies=10
[2025-11-14 20:11:52,372][src.models.modules.semantic_id.tiger_generation_model][INFO] - [rank: 0] 使用分块生成策略，num_hierarchies=10
[2025-11-14 20:11:53,324][src.models.modules.semantic_id.tiger_generation_model][INFO] - [rank: 0] 使用分块生成策略，num_hierarchies=10
[2025-11-14 20:11:54,047][src.models.modules.semantic_id.tiger_generation_model][INFO] - [rank: 0] 使用分块生成策略，num_hierarchies=10
[2025-11-14 20:11:55,696][src.models.modules.semantic_id.tiger_generation_model][INFO] - [rank: 0] 使用分块生成策略，num_hierarchies=10
[2025-11-14 20:11:56,953][src.models.modules.semantic_id.tiger_generation_model][INFO] - [rank: 0] 使用分块生成策略，num_hierarchies=10
[2025-11-14 20:11:58,460][src.models.modules.semantic_id.tiger_generation_model][INFO] - [rank: 0] 使用分块生成策略，num_hierarchies=10
[2025-11-14 20:11:59,796][src.models.modules.semantic_id.tiger_generation_model][INFO] - [rank: 0] 使用分块生成策略，num_hierarchies=10
[2025-11-14 20:12:00,708][src.models.modules.semantic_id.tiger_generation_model][INFO] - [rank: 0] 使用分块生成策略，num_hierarchies=10
[2025-11-14 20:12:02,021][src.models.modules.semantic_id.tiger_generation_model][INFO] - [rank: 0] 使用分块生成策略，num_hierarchies=10
[2025-11-14 20:12:03,037][src.models.modules.semantic_id.tiger_generation_model][INFO] - [rank: 0] 使用分块生成策略，num_hierarchies=10
[2025-11-14 20:12:03,925][src.models.modules.semantic_id.tiger_generation_model][INFO] - [rank: 0] 使用分块生成策略，num_hierarchies=10
[2025-11-14 20:12:04,781][src.models.modules.semantic_id.tiger_generation_model][INFO] - [rank: 0] 使用分块生成策略，num_hierarchies=10
[2025-11-14 20:12:05,425][src.models.modules.semantic_id.tiger_generation_model][INFO] - [rank: 0] 使用分块生成策略，num_hierarchies=10
[2025-11-14 20:12:06,448][src.models.modules.semantic_id.tiger_generation_model][INFO] - [rank: 0] 使用分块生成策略，num_hierarchies=10
[2025-11-14 20:12:07,458][src.models.modules.semantic_id.tiger_generation_model][INFO] - [rank: 0] 使用分块生成策略，num_hierarchies=10
[2025-11-14 20:12:08,572][src.models.modules.semantic_id.tiger_generation_model][INFO] - [rank: 0] 使用分块生成策略，num_hierarchies=10
[2025-11-14 20:12:09,782][src.models.modules.semantic_id.tiger_generation_model][INFO] - [rank: 0] 使用分块生成策略，num_hierarchies=10
[2025-11-14 20:12:10,665][src.models.modules.semantic_id.tiger_generation_model][INFO] - [rank: 0] 使用分块生成策略，num_hierarchies=10
[2025-11-14 20:12:11,601][src.models.modules.semantic_id.tiger_generation_model][INFO] - [rank: 0] 使用分块生成策略，num_hierarchies=10
[2025-11-14 20:12:12,410][src.models.modules.semantic_id.tiger_generation_model][INFO] - [rank: 0] 使用分块生成策略，num_hierarchies=10
[2025-11-14 20:12:13,189][src.models.modules.semantic_id.tiger_generation_model][INFO] - [rank: 0] 使用分块生成策略，num_hierarchies=10
[2025-11-14 20:12:14,153][src.models.modules.semantic_id.tiger_generation_model][INFO] - [rank: 0] 使用分块生成策略，num_hierarchies=10
[2025-11-14 20:12:15,360][src.models.modules.semantic_id.tiger_generation_model][INFO] - [rank: 0] 使用分块生成策略，num_hierarchies=10
[2025-11-14 20:12:16,205][src.models.modules.semantic_id.tiger_generation_model][INFO] - [rank: 0] 使用分块生成策略，num_hierarchies=10
[2025-11-14 20:12:16,925][src.models.modules.semantic_id.tiger_generation_model][INFO] - [rank: 0] 使用分块生成策略，num_hierarchies=10
[2025-11-14 20:12:17,917][src.models.modules.semantic_id.tiger_generation_model][INFO] - [rank: 0] 使用分块生成策略，num_hierarchies=10
[2025-11-14 20:12:19,207][src.models.modules.semantic_id.tiger_generation_model][INFO] - [rank: 0] 使用分块生成策略，num_hierarchies=10
[2025-11-14 20:12:20,056][src.models.modules.semantic_id.tiger_generation_model][INFO] - [rank: 0] 使用分块生成策略，num_hierarchies=10
[2025-11-14 20:12:20,811][src.models.modules.semantic_id.tiger_generation_model][INFO] - [rank: 0] 使用分块生成策略，num_hierarchies=10
[2025-11-14 20:12:21,998][src.models.modules.semantic_id.tiger_generation_model][INFO] - [rank: 0] 使用分块生成策略，num_hierarchies=10
[2025-11-14 20:12:22,859][src.models.modules.semantic_id.tiger_generation_model][INFO] - [rank: 0] 使用分块生成策略，num_hierarchies=10
[2025-11-14 20:12:23,574][src.models.modules.semantic_id.tiger_generation_model][INFO] - [rank: 0] 使用分块生成策略，num_hierarchies=10
[2025-11-14 20:12:24,399][src.models.modules.semantic_id.tiger_generation_model][INFO] - [rank: 0] 使用分块生成策略，num_hierarchies=10
[2025-11-14 20:12:25,550][src.models.modules.semantic_id.tiger_generation_model][INFO] - [rank: 0] 使用分块生成策略，num_hierarchies=10
[2025-11-14 20:12:26,433][src.models.modules.semantic_id.tiger_generation_model][INFO] - [rank: 0] 使用分块生成策略，num_hierarchies=10
[2025-11-14 20:12:27,274][src.models.modules.semantic_id.tiger_generation_model][INFO] - [rank: 0] 使用分块生成策略，num_hierarchies=10
[2025-11-14 20:12:28,474][src.models.modules.semantic_id.tiger_generation_model][INFO] - [rank: 0] 使用分块生成策略，num_hierarchies=10
[2025-11-14 20:12:29,289][src.models.modules.semantic_id.tiger_generation_model][INFO] - [rank: 0] 使用分块生成策略，num_hierarchies=10
[2025-11-14 20:12:29,997][src.models.modules.semantic_id.tiger_generation_model][INFO] - [rank: 0] 使用分块生成策略，num_hierarchies=10
[2025-11-14 20:12:30,981][src.models.modules.semantic_id.tiger_generation_model][INFO] - [rank: 0] 使用分块生成策略，num_hierarchies=10
[2025-11-14 20:12:31,800][src.models.modules.semantic_id.tiger_generation_model][INFO] - [rank: 0] 使用分块生成策略，num_hierarchies=10
[2025-11-14 20:12:32,554][src.models.modules.semantic_id.tiger_generation_model][INFO] - [rank: 0] 使用分块生成策略，num_hierarchies=10
[2025-11-14 20:12:33,790][src.models.modules.semantic_id.tiger_generation_model][INFO] - [rank: 0] 使用分块生成策略，num_hierarchies=10
[2025-11-14 20:12:34,978][src.models.modules.semantic_id.tiger_generation_model][INFO] - [rank: 0] 使用分块生成策略，num_hierarchies=10
[2025-11-14 20:12:35,660][src.models.modules.semantic_id.tiger_generation_model][INFO] - [rank: 0] 使用分块生成策略，num_hierarchies=10
[2025-11-14 20:12:36,386][src.models.modules.semantic_id.tiger_generation_model][INFO] - [rank: 0] 使用分块生成策略，num_hierarchies=10
[2025-11-14 20:12:37,124][src.models.modules.semantic_id.tiger_generation_model][INFO] - [rank: 0] 使用分块生成策略，num_hierarchies=10
[2025-11-14 20:12:37,881][src.models.modules.semantic_id.tiger_generation_model][INFO] - [rank: 0] 使用分块生成策略，num_hierarchies=10
[2025-11-14 20:12:38,624][src.models.modules.semantic_id.tiger_generation_model][INFO] - [rank: 0] 使用分块生成策略，num_hierarchies=10
[2025-11-14 20:12:39,353][src.models.modules.semantic_id.tiger_generation_model][INFO] - [rank: 0] 使用分块生成策略，num_hierarchies=10
[2025-11-14 20:12:40,248][src.models.modules.semantic_id.tiger_generation_model][INFO] - [rank: 0] 使用分块生成策略，num_hierarchies=10
[2025-11-14 20:12:41,221][src.models.modules.semantic_id.tiger_generation_model][INFO] - [rank: 0] 使用分块生成策略，num_hierarchies=10
[2025-11-14 20:12:42,892][src.models.modules.semantic_id.tiger_generation_model][INFO] - [rank: 0] 使用分块生成策略，num_hierarchies=10
[2025-11-14 20:12:43,688][src.models.modules.semantic_id.tiger_generation_model][INFO] - [rank: 0] 使用分块生成策略，num_hierarchies=10
[2025-11-14 20:12:44,391][src.models.modules.semantic_id.tiger_generation_model][INFO] - [rank: 0] 使用分块生成策略，num_hierarchies=10
[2025-11-14 20:12:45,382][src.models.modules.semantic_id.tiger_generation_model][INFO] - [rank: 0] 使用分块生成策略，num_hierarchies=10
[2025-11-14 20:12:46,137][src.models.modules.semantic_id.tiger_generation_model][INFO] - [rank: 0] 使用分块生成策略，num_hierarchies=10
[2025-11-14 20:12:46,853][src.models.modules.semantic_id.tiger_generation_model][INFO] - [rank: 0] 使用分块生成策略，num_hierarchies=10
[2025-11-14 20:12:47,544][src.models.modules.semantic_id.tiger_generation_model][INFO] - [rank: 0] 使用分块生成策略，num_hierarchies=10
[2025-11-14 20:12:48,229][src.models.modules.semantic_id.tiger_generation_model][INFO] - [rank: 0] 使用分块生成策略，num_hierarchies=10
[2025-11-14 20:12:49,019][src.models.modules.semantic_id.tiger_generation_model][INFO] - [rank: 0] 使用分块生成策略，num_hierarchies=10
[2025-11-14 20:12:50,149][src.models.modules.semantic_id.tiger_generation_model][INFO] - [rank: 0] 使用分块生成策略，num_hierarchies=10
[2025-11-14 20:12:51,326][src.models.modules.semantic_id.tiger_generation_model][INFO] - [rank: 0] 使用分块生成策略，num_hierarchies=10
[2025-11-14 20:12:53,458][src.models.modules.semantic_id.tiger_generation_model][INFO] - [rank: 0] 使用分块生成策略，num_hierarchies=10
[2025-11-14 20:12:54,289][src.models.modules.semantic_id.tiger_generation_model][INFO] - [rank: 0] 使用分块生成策略，num_hierarchies=10
[2025-11-14 20:12:54,950][src.models.modules.semantic_id.tiger_generation_model][INFO] - [rank: 0] 使用分块生成策略，num_hierarchies=10
[2025-11-14 20:12:55,717][src.models.modules.semantic_id.tiger_generation_model][INFO] - [rank: 0] 使用分块生成策略，num_hierarchies=10
[2025-11-14 20:12:56,404][src.models.modules.semantic_id.tiger_generation_model][INFO] - [rank: 0] 使用分块生成策略，num_hierarchies=10
[2025-11-14 20:12:57,091][src.models.modules.semantic_id.tiger_generation_model][INFO] - [rank: 0] 使用分块生成策略，num_hierarchies=10
[2025-11-14 20:12:57,808][src.models.modules.semantic_id.tiger_generation_model][INFO] - [rank: 0] 使用分块生成策略，num_hierarchies=10
[2025-11-14 20:12:58,758][src.models.modules.semantic_id.tiger_generation_model][INFO] - [rank: 0] 使用分块生成策略，num_hierarchies=10
[2025-11-14 20:12:59,617][src.models.modules.semantic_id.tiger_generation_model][INFO] - [rank: 0] 使用分块生成策略，num_hierarchies=10
[2025-11-14 20:13:00,643][src.models.modules.semantic_id.tiger_generation_model][INFO] - [rank: 0] 使用分块生成策略，num_hierarchies=10
[2025-11-14 20:13:01,319][src.models.modules.semantic_id.tiger_generation_model][INFO] - [rank: 0] 使用分块生成策略，num_hierarchies=10
[2025-11-14 20:13:01,932][src.models.modules.semantic_id.tiger_generation_model][INFO] - [rank: 0] 使用分块生成策略，num_hierarchies=10
[2025-11-14 20:13:02,544][src.models.modules.semantic_id.tiger_generation_model][INFO] - [rank: 0] 使用分块生成策略，num_hierarchies=10
[2025-11-14 20:13:03,142][src.models.modules.semantic_id.tiger_generation_model][INFO] - [rank: 0] 使用分块生成策略，num_hierarchies=10
[2025-11-14 20:13:03,765][src.models.modules.semantic_id.tiger_generation_model][INFO] - [rank: 0] 使用分块生成策略，num_hierarchies=10
[2025-11-14 20:13:04,467][src.models.modules.semantic_id.tiger_generation_model][INFO] - [rank: 0] 使用分块生成策略，num_hierarchies=10
[2025-11-14 20:13:05,106][src.models.modules.semantic_id.tiger_generation_model][INFO] - [rank: 0] 使用分块生成策略，num_hierarchies=10
[2025-11-14 20:13:05,699][src.models.modules.semantic_id.tiger_generation_model][INFO] - [rank: 0] 使用分块生成策略，num_hierarchies=10
[2025-11-14 20:13:06,321][src.models.modules.semantic_id.tiger_generation_model][INFO] - [rank: 0] 使用分块生成策略，num_hierarchies=10
[2025-11-14 20:13:07,118][src.models.modules.semantic_id.tiger_generation_model][INFO] - [rank: 0] 使用分块生成策略，num_hierarchies=10
[2025-11-14 20:13:07,798][src.models.modules.semantic_id.tiger_generation_model][INFO] - [rank: 0] 使用分块生成策略，num_hierarchies=10
[2025-11-14 20:13:08,686][src.models.modules.semantic_id.tiger_generation_model][INFO] - [rank: 0] 使用分块生成策略，num_hierarchies=10
[2025-11-14 20:13:09,639][src.models.modules.semantic_id.tiger_generation_model][INFO] - [rank: 0] 使用分块生成策略，num_hierarchies=10
[2025-11-14 20:13:10,325][src.models.modules.semantic_id.tiger_generation_model][INFO] - [rank: 0] 使用分块生成策略，num_hierarchies=10
[2025-11-14 20:13:10,919][src.models.modules.semantic_id.tiger_generation_model][INFO] - [rank: 0] 使用分块生成策略，num_hierarchies=10
[2025-11-14 20:13:11,581][src.models.modules.semantic_id.tiger_generation_model][INFO] - [rank: 0] 使用分块生成策略，num_hierarchies=10
[2025-11-14 20:13:12,254][src.models.modules.semantic_id.tiger_generation_model][INFO] - [rank: 0] 使用分块生成策略，num_hierarchies=10
[2025-11-14 20:13:12,906][src.models.modules.semantic_id.tiger_generation_model][INFO] - [rank: 0] 使用分块生成策略，num_hierarchies=10
[2025-11-14 20:13:13,568][src.models.modules.semantic_id.tiger_generation_model][INFO] - [rank: 0] 使用分块生成策略，num_hierarchies=10
[2025-11-14 20:13:14,509][src.models.modules.semantic_id.tiger_generation_model][INFO] - [rank: 0] 使用分块生成策略，num_hierarchies=10
[2025-11-14 20:13:15,111][src.models.modules.semantic_id.tiger_generation_model][INFO] - [rank: 0] 使用分块生成策略，num_hierarchies=10
[2025-11-14 20:13:15,731][src.models.modules.semantic_id.tiger_generation_model][INFO] - [rank: 0] 使用分块生成策略，num_hierarchies=10
[2025-11-14 20:13:16,347][src.models.modules.semantic_id.tiger_generation_model][INFO] - [rank: 0] 使用分块生成策略，num_hierarchies=10
[2025-11-14 20:13:16,994][src.models.modules.semantic_id.tiger_generation_model][INFO] - [rank: 0] 使用分块生成策略，num_hierarchies=10
[2025-11-14 20:13:17,629][src.models.modules.semantic_id.tiger_generation_model][INFO] - [rank: 0] 使用分块生成策略，num_hierarchies=10
[2025-11-14 20:13:18,268][src.models.modules.semantic_id.tiger_generation_model][INFO] - [rank: 0] 使用分块生成策略，num_hierarchies=10
[2025-11-14 20:13:18,938][src.models.modules.semantic_id.tiger_generation_model][INFO] - [rank: 0] 使用分块生成策略，num_hierarchies=10
[2025-11-14 20:13:19,647][src.models.modules.semantic_id.tiger_generation_model][INFO] - [rank: 0] 使用分块生成策略，num_hierarchies=10
[2025-11-14 20:13:20,322][src.models.modules.semantic_id.tiger_generation_model][INFO] - [rank: 0] 使用分块生成策略，num_hierarchies=10
[2025-11-14 20:13:21,294][src.models.modules.semantic_id.tiger_generation_model][INFO] - [rank: 0] 使用分块生成策略，num_hierarchies=10
[2025-11-14 20:13:21,907][src.models.modules.semantic_id.tiger_generation_model][INFO] - [rank: 0] 使用分块生成策略，num_hierarchies=10
[2025-11-14 20:13:22,594][src.models.modules.semantic_id.tiger_generation_model][INFO] - [rank: 0] 使用分块生成策略，num_hierarchies=10
[2025-11-14 20:13:23,291][src.models.modules.semantic_id.tiger_generation_model][INFO] - [rank: 0] 使用分块生成策略，num_hierarchies=10
[2025-11-14 20:13:24,037][src.models.modules.semantic_id.tiger_generation_model][INFO] - [rank: 0] 使用分块生成策略，num_hierarchies=10
[2025-11-14 20:13:24,708][src.models.modules.semantic_id.tiger_generation_model][INFO] - [rank: 0] 使用分块生成策略，num_hierarchies=10
[2025-11-14 20:13:25,611][src.models.modules.semantic_id.tiger_generation_model][INFO] - [rank: 0] 使用分块生成策略，num_hierarchies=10
[2025-11-14 20:13:26,385][src.models.modules.semantic_id.tiger_generation_model][INFO] - [rank: 0] 使用分块生成策略，num_hierarchies=10
[2025-11-14 20:13:27,091][src.models.modules.semantic_id.tiger_generation_model][INFO] - [rank: 0] 使用分块生成策略，num_hierarchies=10
[2025-11-14 20:13:27,861][src.models.modules.semantic_id.tiger_generation_model][INFO] - [rank: 0] 使用分块生成策略，num_hierarchies=10
[2025-11-14 20:13:28,482][src.models.modules.semantic_id.tiger_generation_model][INFO] - [rank: 0] 使用分块生成策略，num_hierarchies=10
[2025-11-14 20:13:29,118][src.models.modules.semantic_id.tiger_generation_model][INFO] - [rank: 0] 使用分块生成策略，num_hierarchies=10
[2025-11-14 20:13:29,772][src.models.modules.semantic_id.tiger_generation_model][INFO] - [rank: 0] 使用分块生成策略，num_hierarchies=10
[2025-11-14 20:13:30,451][src.models.modules.semantic_id.tiger_generation_model][INFO] - [rank: 0] 使用分块生成策略，num_hierarchies=10
[2025-11-14 20:13:31,305][src.models.modules.semantic_id.tiger_generation_model][INFO] - [rank: 0] 使用分块生成策略，num_hierarchies=10
[2025-11-14 20:13:32,179][src.models.modules.semantic_id.tiger_generation_model][INFO] - [rank: 0] 使用分块生成策略，num_hierarchies=10
[2025-11-14 20:13:32,839][src.models.modules.semantic_id.tiger_generation_model][INFO] - [rank: 0] 使用分块生成策略，num_hierarchies=10
[2025-11-14 20:13:33,527][src.models.modules.semantic_id.tiger_generation_model][INFO] - [rank: 0] 使用分块生成策略，num_hierarchies=10
[2025-11-14 20:13:34,210][src.models.modules.semantic_id.tiger_generation_model][INFO] - [rank: 0] 使用分块生成策略，num_hierarchies=10
[2025-11-14 20:13:34,875][src.models.modules.semantic_id.tiger_generation_model][INFO] - [rank: 0] 使用分块生成策略，num_hierarchies=10
[2025-11-14 20:13:35,561][src.models.modules.semantic_id.tiger_generation_model][INFO] - [rank: 0] 使用分块生成策略，num_hierarchies=10
[2025-11-14 20:13:36,259][src.models.modules.semantic_id.tiger_generation_model][INFO] - [rank: 0] 使用分块生成策略，num_hierarchies=10
[2025-11-14 20:13:36,937][src.models.modules.semantic_id.tiger_generation_model][INFO] - [rank: 0] 使用分块生成策略，num_hierarchies=10
[2025-11-14 20:13:37,631][src.models.modules.semantic_id.tiger_generation_model][INFO] - [rank: 0] 使用分块生成策略，num_hierarchies=10
[2025-11-14 20:13:38,308][src.models.modules.semantic_id.tiger_generation_model][INFO] - [rank: 0] 使用分块生成策略，num_hierarchies=10
[2025-11-14 20:13:38,973][src.models.modules.semantic_id.tiger_generation_model][INFO] - [rank: 0] 使用分块生成策略，num_hierarchies=10
[2025-11-14 20:13:39,651][src.models.modules.semantic_id.tiger_generation_model][INFO] - [rank: 0] 使用分块生成策略，num_hierarchies=10
[2025-11-14 20:13:40,286][src.models.modules.semantic_id.tiger_generation_model][INFO] - [rank: 0] 使用分块生成策略，num_hierarchies=10
[2025-11-14 20:13:40,985][src.models.modules.semantic_id.tiger_generation_model][INFO] - [rank: 0] 使用分块生成策略，num_hierarchies=10
[2025-11-14 20:13:41,630][src.models.modules.semantic_id.tiger_generation_model][INFO] - [rank: 0] 使用分块生成策略，num_hierarchies=10
[2025-11-14 20:13:42,362][src.models.modules.semantic_id.tiger_generation_model][INFO] - [rank: 0] 使用分块生成策略，num_hierarchies=10
[2025-11-14 20:13:43,009][src.models.modules.semantic_id.tiger_generation_model][INFO] - [rank: 0] 使用分块生成策略，num_hierarchies=10
[2025-11-14 20:13:43,655][src.models.modules.semantic_id.tiger_generation_model][INFO] - [rank: 0] 使用分块生成策略，num_hierarchies=10
[2025-11-14 20:13:44,288][src.models.modules.semantic_id.tiger_generation_model][INFO] - [rank: 0] 使用分块生成策略，num_hierarchies=10
[2025-11-14 20:13:45,075][src.models.modules.semantic_id.tiger_generation_model][INFO] - [rank: 0] 使用分块生成策略，num_hierarchies=10
[2025-11-14 20:13:45,996][src.models.modules.semantic_id.tiger_generation_model][INFO] - [rank: 0] 使用分块生成策略，num_hierarchies=10
[2025-11-14 20:13:46,860][src.models.modules.semantic_id.tiger_generation_model][INFO] - [rank: 0] 使用分块生成策略，num_hierarchies=10
[2025-11-14 20:13:48,115][src.models.modules.semantic_id.tiger_generation_model][INFO] - [rank: 0] 使用分块生成策略，num_hierarchies=10
[2025-11-14 20:13:48,793][src.models.modules.semantic_id.tiger_generation_model][INFO] - [rank: 0] 使用分块生成策略，num_hierarchies=10
[2025-11-14 20:13:49,422][src.models.modules.semantic_id.tiger_generation_model][INFO] - [rank: 0] 使用分块生成策略，num_hierarchies=10
[2025-11-14 20:13:50,463][src.models.modules.semantic_id.tiger_generation_model][INFO] - [rank: 0] 使用分块生成策略，num_hierarchies=10
[2025-11-14 20:13:51,246][src.models.modules.semantic_id.tiger_generation_model][INFO] - [rank: 0] 使用分块生成策略，num_hierarchies=10
[2025-11-14 20:13:51,897][src.models.modules.semantic_id.tiger_generation_model][INFO] - [rank: 0] 使用分块生成策略，num_hierarchies=10
[2025-11-14 20:13:52,530][src.models.modules.semantic_id.tiger_generation_model][INFO] - [rank: 0] 使用分块生成策略，num_hierarchies=10
[2025-11-14 20:13:53,119][src.models.modules.semantic_id.tiger_generation_model][INFO] - [rank: 0] 使用分块生成策略，num_hierarchies=10
[2025-11-14 20:13:53,774][src.models.modules.semantic_id.tiger_generation_model][INFO] - [rank: 0] 使用分块生成策略，num_hierarchies=10
[2025-11-14 20:13:54,422][src.models.modules.semantic_id.tiger_generation_model][INFO] - [rank: 0] 使用分块生成策略，num_hierarchies=10
[2025-11-14 20:13:55,010][src.models.modules.semantic_id.tiger_generation_model][INFO] - [rank: 0] 使用分块生成策略，num_hierarchies=10
[2025-11-14 20:13:55,641][src.models.modules.semantic_id.tiger_generation_model][INFO] - [rank: 0] 使用分块生成策略，num_hierarchies=10
[2025-11-14 20:13:56,284][src.models.modules.semantic_id.tiger_generation_model][INFO] - [rank: 0] 使用分块生成策略，num_hierarchies=10
[2025-11-14 20:13:56,860][src.models.modules.semantic_id.tiger_generation_model][INFO] - [rank: 0] 使用分块生成策略，num_hierarchies=10
[2025-11-14 20:13:57,474][src.models.modules.semantic_id.tiger_generation_model][INFO] - [rank: 0] 使用分块生成策略，num_hierarchies=10
[2025-11-14 20:13:58,105][src.models.modules.semantic_id.tiger_generation_model][INFO] - [rank: 0] 使用分块生成策略，num_hierarchies=10
[2025-11-14 20:13:58,726][src.models.modules.semantic_id.tiger_generation_model][INFO] - [rank: 0] 使用分块生成策略，num_hierarchies=10
[2025-11-14 20:13:59,396][src.models.modules.semantic_id.tiger_generation_model][INFO] - [rank: 0] 使用分块生成策略，num_hierarchies=10
[2025-11-14 20:14:00,070][src.models.modules.semantic_id.tiger_generation_model][INFO] - [rank: 0] 使用分块生成策略，num_hierarchies=10
[2025-11-14 20:14:01,090][src.models.modules.semantic_id.tiger_generation_model][INFO] - [rank: 0] 使用分块生成策略，num_hierarchies=10
[2025-11-14 20:14:01,704][src.models.modules.semantic_id.tiger_generation_model][INFO] - [rank: 0] 使用分块生成策略，num_hierarchies=10
[2025-11-14 20:14:02,347][src.models.modules.semantic_id.tiger_generation_model][INFO] - [rank: 0] 使用分块生成策略，num_hierarchies=10
[2025-11-14 20:14:03,386][src.models.modules.semantic_id.tiger_generation_model][INFO] - [rank: 0] 使用分块生成策略，num_hierarchies=10
[2025-11-14 20:14:04,252][src.models.modules.semantic_id.tiger_generation_model][INFO] - [rank: 0] 使用分块生成策略，num_hierarchies=10
[2025-11-14 20:14:04,977][src.models.modules.semantic_id.tiger_generation_model][INFO] - [rank: 0] 使用分块生成策略，num_hierarchies=10
[2025-11-14 20:14:05,643][src.models.modules.semantic_id.tiger_generation_model][INFO] - [rank: 0] 使用分块生成策略，num_hierarchies=10
[2025-11-14 20:14:06,314][src.models.modules.semantic_id.tiger_generation_model][INFO] - [rank: 0] 使用分块生成策略，num_hierarchies=10
[2025-11-14 20:14:07,067][src.models.modules.semantic_id.tiger_generation_model][INFO] - [rank: 0] 使用分块生成策略，num_hierarchies=10
[2025-11-14 20:14:08,110][src.models.modules.semantic_id.tiger_generation_model][INFO] - [rank: 0] 使用分块生成策略，num_hierarchies=10
[2025-11-14 20:14:09,121][src.models.modules.semantic_id.tiger_generation_model][INFO] - [rank: 0] 使用分块生成策略，num_hierarchies=10
[2025-11-14 20:14:09,907][src.models.modules.semantic_id.tiger_generation_model][INFO] - [rank: 0] 使用分块生成策略，num_hierarchies=10
[2025-11-14 20:14:10,587][src.models.modules.semantic_id.tiger_generation_model][INFO] - [rank: 0] 使用分块生成策略，num_hierarchies=10
[2025-11-14 20:14:11,277][src.models.modules.semantic_id.tiger_generation_model][INFO] - [rank: 0] 使用分块生成策略，num_hierarchies=10
[2025-11-14 20:14:11,981][src.models.modules.semantic_id.tiger_generation_model][INFO] - [rank: 0] 使用分块生成策略，num_hierarchies=10
[2025-11-14 20:14:12,681][src.models.modules.semantic_id.tiger_generation_model][INFO] - [rank: 0] 使用分块生成策略，num_hierarchies=10
[2025-11-14 20:14:13,344][src.models.modules.semantic_id.tiger_generation_model][INFO] - [rank: 0] 使用分块生成策略，num_hierarchies=10
[2025-11-14 20:14:14,051][src.models.modules.semantic_id.tiger_generation_model][INFO] - [rank: 0] 使用分块生成策略，num_hierarchies=10
[2025-11-14 20:14:14,690][src.models.modules.semantic_id.tiger_generation_model][INFO] - [rank: 0] 使用分块生成策略，num_hierarchies=10
[2025-11-14 20:14:15,430][src.models.modules.semantic_id.tiger_generation_model][INFO] - [rank: 0] 使用分块生成策略，num_hierarchies=10
[2025-11-14 20:14:16,136][src.models.modules.semantic_id.tiger_generation_model][INFO] - [rank: 0] 使用分块生成策略，num_hierarchies=10
[2025-11-14 20:14:16,785][src.models.modules.semantic_id.tiger_generation_model][INFO] - [rank: 0] 使用分块生成策略，num_hierarchies=10
[2025-11-14 20:14:17,769][src.models.modules.semantic_id.tiger_generation_model][INFO] - [rank: 0] 使用分块生成策略，num_hierarchies=10
[2025-11-14 20:14:18,544][src.models.modules.semantic_id.tiger_generation_model][INFO] - [rank: 0] 使用分块生成策略，num_hierarchies=10
[2025-11-14 20:14:19,224][src.models.modules.semantic_id.tiger_generation_model][INFO] - [rank: 0] 使用分块生成策略，num_hierarchies=10
[2025-11-14 20:14:20,086][src.models.modules.semantic_id.tiger_generation_model][INFO] - [rank: 0] 使用分块生成策略，num_hierarchies=10
[2025-11-14 20:14:20,931][src.models.modules.semantic_id.tiger_generation_model][INFO] - [rank: 0] 使用分块生成策略，num_hierarchies=10
[2025-11-14 20:14:21,702][src.models.modules.semantic_id.tiger_generation_model][INFO] - [rank: 0] 使用分块生成策略，num_hierarchies=10
[2025-11-14 20:14:22,358][src.models.modules.semantic_id.tiger_generation_model][INFO] - [rank: 0] 使用分块生成策略，num_hierarchies=10
[2025-11-14 20:14:23,142][src.models.modules.semantic_id.tiger_generation_model][INFO] - [rank: 0] 使用分块生成策略，num_hierarchies=10
[2025-11-14 20:14:24,153][src.models.modules.semantic_id.tiger_generation_model][INFO] - [rank: 0] 使用分块生成策略，num_hierarchies=10
[2025-11-14 20:14:24,847][src.models.modules.semantic_id.tiger_generation_model][INFO] - [rank: 0] 使用分块生成策略，num_hierarchies=10
[2025-11-14 20:14:25,538][src.models.modules.semantic_id.tiger_generation_model][INFO] - [rank: 0] 使用分块生成策略，num_hierarchies=10
[2025-11-14 20:14:26,225][src.models.modules.semantic_id.tiger_generation_model][INFO] - [rank: 0] 使用分块生成策略，num_hierarchies=10
[2025-11-14 20:14:26,917][src.models.modules.semantic_id.tiger_generation_model][INFO] - [rank: 0] 使用分块生成策略，num_hierarchies=10
[2025-11-14 20:14:27,611][src.models.modules.semantic_id.tiger_generation_model][INFO] - [rank: 0] 使用分块生成策略，num_hierarchies=10
[2025-11-14 20:14:28,262][src.models.modules.semantic_id.tiger_generation_model][INFO] - [rank: 0] 使用分块生成策略，num_hierarchies=10
[2025-11-14 20:14:28,915][src.models.modules.semantic_id.tiger_generation_model][INFO] - [rank: 0] 使用分块生成策略，num_hierarchies=10
[2025-11-14 20:14:29,601][src.models.modules.semantic_id.tiger_generation_model][INFO] - [rank: 0] 使用分块生成策略，num_hierarchies=10
[2025-11-14 20:14:30,414][src.models.modules.semantic_id.tiger_generation_model][INFO] - [rank: 0] 使用分块生成策略，num_hierarchies=10
[2025-11-14 20:14:31,188][src.models.modules.semantic_id.tiger_generation_model][INFO] - [rank: 0] 使用分块生成策略，num_hierarchies=10
[2025-11-14 20:14:31,983][src.models.modules.semantic_id.tiger_generation_model][INFO] - [rank: 0] 使用分块生成策略，num_hierarchies=10
[2025-11-14 20:14:32,727][src.models.modules.semantic_id.tiger_generation_model][INFO] - [rank: 0] 使用分块生成策略，num_hierarchies=10
[2025-11-14 20:14:33,451][src.models.modules.semantic_id.tiger_generation_model][INFO] - [rank: 0] 使用分块生成策略，num_hierarchies=10
[2025-11-14 20:14:34,232][src.models.modules.semantic_id.tiger_generation_model][INFO] - [rank: 0] 使用分块生成策略，num_hierarchies=10
[2025-11-14 20:14:34,941][src.models.modules.semantic_id.tiger_generation_model][INFO] - [rank: 0] 使用分块生成策略，num_hierarchies=10
[2025-11-14 20:14:35,600][src.models.modules.semantic_id.tiger_generation_model][INFO] - [rank: 0] 使用分块生成策略，num_hierarchies=10
[2025-11-14 20:14:36,318][src.models.modules.semantic_id.tiger_generation_model][INFO] - [rank: 0] 使用分块生成策略，num_hierarchies=10
[2025-11-14 20:14:37,080][src.models.modules.semantic_id.tiger_generation_model][INFO] - [rank: 0] 使用分块生成策略，num_hierarchies=10
[2025-11-14 20:14:37,942][src.models.modules.semantic_id.tiger_generation_model][INFO] - [rank: 0] 使用分块生成策略，num_hierarchies=10
[2025-11-14 20:14:38,979][src.models.modules.semantic_id.tiger_generation_model][INFO] - [rank: 0] 使用分块生成策略，num_hierarchies=10
[2025-11-14 20:14:39,862][src.models.modules.semantic_id.tiger_generation_model][INFO] - [rank: 0] 使用分块生成策略，num_hierarchies=10
[2025-11-14 20:14:40,585][src.models.modules.semantic_id.tiger_generation_model][INFO] - [rank: 0] 使用分块生成策略，num_hierarchies=10
[2025-11-14 20:14:41,285][src.models.modules.semantic_id.tiger_generation_model][INFO] - [rank: 0] 使用分块生成策略，num_hierarchies=10
[2025-11-14 20:14:42,016][src.models.modules.semantic_id.tiger_generation_model][INFO] - [rank: 0] 使用分块生成策略，num_hierarchies=10
[2025-11-14 20:14:42,714][src.models.modules.semantic_id.tiger_generation_model][INFO] - [rank: 0] 使用分块生成策略，num_hierarchies=10
[2025-11-14 20:14:43,420][src.models.modules.semantic_id.tiger_generation_model][INFO] - [rank: 0] 使用分块生成策略，num_hierarchies=10
[2025-11-14 20:14:44,073][src.models.modules.semantic_id.tiger_generation_model][INFO] - [rank: 0] 使用分块生成策略，num_hierarchies=10
[2025-11-14 20:14:44,713][src.models.modules.semantic_id.tiger_generation_model][INFO] - [rank: 0] 使用分块生成策略，num_hierarchies=10
[2025-11-14 20:14:45,277][src.models.modules.semantic_id.tiger_generation_model][INFO] - [rank: 0] 使用分块生成策略，num_hierarchies=10
[2025-11-14 20:14:45,841][src.models.modules.semantic_id.tiger_generation_model][INFO] - [rank: 0] 使用分块生成策略，num_hierarchies=10
[2025-11-14 20:14:46,462][src.models.modules.semantic_id.tiger_generation_model][INFO] - [rank: 0] 使用分块生成策略，num_hierarchies=10
[2025-11-14 20:14:47,149][src.models.modules.semantic_id.tiger_generation_model][INFO] - [rank: 0] 使用分块生成策略，num_hierarchies=10
[2025-11-14 20:14:47,876][src.models.modules.semantic_id.tiger_generation_model][INFO] - [rank: 0] 使用分块生成策略，num_hierarchies=10
[2025-11-14 20:14:48,590][src.models.modules.semantic_id.tiger_generation_model][INFO] - [rank: 0] 使用分块生成策略，num_hierarchies=10
[2025-11-14 20:14:49,262][src.models.modules.semantic_id.tiger_generation_model][INFO] - [rank: 0] 使用分块生成策略，num_hierarchies=10
[2025-11-14 20:14:49,947][src.models.modules.semantic_id.tiger_generation_model][INFO] - [rank: 0] 使用分块生成策略，num_hierarchies=10
[2025-11-14 20:14:50,649][src.models.modules.semantic_id.tiger_generation_model][INFO] - [rank: 0] 使用分块生成策略，num_hierarchies=10
[2025-11-14 20:14:51,386][src.models.modules.semantic_id.tiger_generation_model][INFO] - [rank: 0] 使用分块生成策略，num_hierarchies=10
[2025-11-14 20:14:52,589][src.models.modules.semantic_id.tiger_generation_model][INFO] - [rank: 0] 使用分块生成策略，num_hierarchies=10
[2025-11-14 20:14:53,619][src.models.modules.semantic_id.tiger_generation_model][INFO] - [rank: 0] 使用分块生成策略，num_hierarchies=10
[2025-11-14 20:14:54,409][src.models.modules.semantic_id.tiger_generation_model][INFO] - [rank: 0] 使用分块生成策略，num_hierarchies=10
[2025-11-14 20:14:55,331][src.models.modules.semantic_id.tiger_generation_model][INFO] - [rank: 0] 使用分块生成策略，num_hierarchies=10
[2025-11-14 20:14:56,044][src.models.modules.semantic_id.tiger_generation_model][INFO] - [rank: 0] 使用分块生成策略，num_hierarchies=10
[2025-11-14 20:14:56,871][src.models.modules.semantic_id.tiger_generation_model][INFO] - [rank: 0] 使用分块生成策略，num_hierarchies=10
[2025-11-14 20:14:57,885][src.models.modules.semantic_id.tiger_generation_model][INFO] - [rank: 0] 使用分块生成策略，num_hierarchies=10
[2025-11-14 20:14:58,575][src.models.modules.semantic_id.tiger_generation_model][INFO] - [rank: 0] 使用分块生成策略，num_hierarchies=10
[2025-11-14 20:14:59,241][src.models.modules.semantic_id.tiger_generation_model][INFO] - [rank: 0] 使用分块生成策略，num_hierarchies=10
[2025-11-14 20:14:59,907][src.models.modules.semantic_id.tiger_generation_model][INFO] - [rank: 0] 使用分块生成策略，num_hierarchies=10
[2025-11-14 20:15:00,583][src.models.modules.semantic_id.tiger_generation_model][INFO] - [rank: 0] 使用分块生成策略，num_hierarchies=10
[2025-11-14 20:15:01,248][src.models.modules.semantic_id.tiger_generation_model][INFO] - [rank: 0] 使用分块生成策略，num_hierarchies=10
[2025-11-14 20:15:01,896][src.models.modules.semantic_id.tiger_generation_model][INFO] - [rank: 0] 使用分块生成策略，num_hierarchies=10
[2025-11-14 20:15:02,644][src.models.modules.semantic_id.tiger_generation_model][INFO] - [rank: 0] 使用分块生成策略，num_hierarchies=10
[2025-11-14 20:15:03,315][src.models.modules.semantic_id.tiger_generation_model][INFO] - [rank: 0] 使用分块生成策略，num_hierarchies=10
[2025-11-14 20:15:04,021][src.models.modules.semantic_id.tiger_generation_model][INFO] - [rank: 0] 使用分块生成策略，num_hierarchies=10
[2025-11-14 20:15:04,734][src.models.modules.semantic_id.tiger_generation_model][INFO] - [rank: 0] 使用分块生成策略，num_hierarchies=10
[2025-11-14 20:15:05,500][src.models.modules.semantic_id.tiger_generation_model][INFO] - [rank: 0] 使用分块生成策略，num_hierarchies=10
[2025-11-14 20:15:06,220][src.models.modules.semantic_id.tiger_generation_model][INFO] - [rank: 0] 使用分块生成策略，num_hierarchies=10
[2025-11-14 20:15:06,869][src.models.modules.semantic_id.tiger_generation_model][INFO] - [rank: 0] 使用分块生成策略，num_hierarchies=10
[2025-11-14 20:15:07,614][src.models.modules.semantic_id.tiger_generation_model][INFO] - [rank: 0] 使用分块生成策略，num_hierarchies=10
[2025-11-14 20:15:08,742][src.models.modules.semantic_id.tiger_generation_model][INFO] - [rank: 0] 使用分块生成策略，num_hierarchies=10
[2025-11-14 20:15:09,568][src.models.modules.semantic_id.tiger_generation_model][INFO] - [rank: 0] 使用分块生成策略，num_hierarchies=10
[2025-11-14 20:15:10,640][src.models.modules.semantic_id.tiger_generation_model][INFO] - [rank: 0] 使用分块生成策略，num_hierarchies=10
[2025-11-14 20:15:11,439][src.models.modules.semantic_id.tiger_generation_model][INFO] - [rank: 0] 使用分块生成策略，num_hierarchies=10
[2025-11-14 20:15:12,170][src.models.modules.semantic_id.tiger_generation_model][INFO] - [rank: 0] 使用分块生成策略，num_hierarchies=10
[2025-11-14 20:15:12,773][src.models.modules.semantic_id.tiger_generation_model][INFO] - [rank: 0] 使用分块生成策略，num_hierarchies=10
[2025-11-14 20:15:14,082][src.models.modules.semantic_id.tiger_generation_model][INFO] - [rank: 0] 使用分块生成策略，num_hierarchies=10
[2025-11-14 20:15:14,799][src.models.modules.semantic_id.tiger_generation_model][INFO] - [rank: 0] 使用分块生成策略，num_hierarchies=10
[2025-11-14 20:15:16,192][src.models.modules.semantic_id.tiger_generation_model][INFO] - [rank: 0] 使用分块生成策略，num_hierarchies=10
[2025-11-14 20:15:17,030][src.models.modules.semantic_id.tiger_generation_model][INFO] - [rank: 0] 使用分块生成策略，num_hierarchies=10
[2025-11-14 20:15:18,129][src.models.modules.semantic_id.tiger_generation_model][INFO] - [rank: 0] 使用分块生成策略，num_hierarchies=10
[2025-11-14 20:15:19,339][src.models.modules.semantic_id.tiger_generation_model][INFO] - [rank: 0] 使用分块生成策略，num_hierarchies=10
[2025-11-14 20:15:20,033][src.models.modules.semantic_id.tiger_generation_model][INFO] - [rank: 0] 使用分块生成策略，num_hierarchies=10
[2025-11-14 20:15:20,687][src.models.modules.semantic_id.tiger_generation_model][INFO] - [rank: 0] 使用分块生成策略，num_hierarchies=10
[2025-11-14 20:15:21,836][src.models.modules.semantic_id.tiger_generation_model][INFO] - [rank: 0] 使用分块生成策略，num_hierarchies=10
[2025-11-14 20:15:23,152][src.models.modules.semantic_id.tiger_generation_model][INFO] - [rank: 0] 使用分块生成策略，num_hierarchies=10
[2025-11-14 20:15:23,775][src.models.modules.semantic_id.tiger_generation_model][INFO] - [rank: 0] 使用分块生成策略，num_hierarchies=10
[2025-11-14 20:15:24,589][src.models.modules.semantic_id.tiger_generation_model][INFO] - [rank: 0] 使用分块生成策略，num_hierarchies=10
[2025-11-14 20:15:25,386][src.models.modules.semantic_id.tiger_generation_model][INFO] - [rank: 0] 使用分块生成策略，num_hierarchies=10
[2025-11-14 20:15:26,211][src.models.modules.semantic_id.tiger_generation_model][INFO] - [rank: 0] 使用分块生成策略，num_hierarchies=10
[2025-11-14 20:15:27,309][src.models.modules.semantic_id.tiger_generation_model][INFO] - [rank: 0] 使用分块生成策略，num_hierarchies=10
[2025-11-14 20:15:28,064][src.models.modules.semantic_id.tiger_generation_model][INFO] - [rank: 0] 使用分块生成策略，num_hierarchies=10
[2025-11-14 20:15:28,787][src.models.modules.semantic_id.tiger_generation_model][INFO] - [rank: 0] 使用分块生成策略，num_hierarchies=10
[2025-11-14 20:15:29,696][src.models.modules.semantic_id.tiger_generation_model][INFO] - [rank: 0] 使用分块生成策略，num_hierarchies=10
[2025-11-14 20:15:30,656][src.models.modules.semantic_id.tiger_generation_model][INFO] - [rank: 0] 使用分块生成策略，num_hierarchies=10
[2025-11-14 20:15:31,477][src.models.modules.semantic_id.tiger_generation_model][INFO] - [rank: 0] 使用分块生成策略，num_hierarchies=10
[2025-11-14 20:15:32,295][src.models.modules.semantic_id.tiger_generation_model][INFO] - [rank: 0] 使用分块生成策略，num_hierarchies=10
[2025-11-14 20:15:33,018][src.models.modules.semantic_id.tiger_generation_model][INFO] - [rank: 0] 使用分块生成策略，num_hierarchies=10
[2025-11-14 20:15:33,869][src.models.modules.semantic_id.tiger_generation_model][INFO] - [rank: 0] 使用分块生成策略，num_hierarchies=10
[2025-11-14 20:15:34,687][src.models.modules.semantic_id.tiger_generation_model][INFO] - [rank: 0] 使用分块生成策略，num_hierarchies=10
[2025-11-14 20:15:35,426][src.models.modules.semantic_id.tiger_generation_model][INFO] - [rank: 0] 使用分块生成策略，num_hierarchies=10
[2025-11-14 20:15:36,189][src.models.modules.semantic_id.tiger_generation_model][INFO] - [rank: 0] 使用分块生成策略，num_hierarchies=10
[2025-11-14 20:15:36,994][src.models.modules.semantic_id.tiger_generation_model][INFO] - [rank: 0] 使用分块生成策略，num_hierarchies=10
[2025-11-14 20:15:38,129][src.models.modules.semantic_id.tiger_generation_model][INFO] - [rank: 0] 使用分块生成策略，num_hierarchies=10
[2025-11-14 20:15:39,083][src.models.modules.semantic_id.tiger_generation_model][INFO] - [rank: 0] 使用分块生成策略，num_hierarchies=10
[2025-11-14 20:15:39,930][src.models.modules.semantic_id.tiger_generation_model][INFO] - [rank: 0] 使用分块生成策略，num_hierarchies=10
[2025-11-14 20:15:40,772][src.models.modules.semantic_id.tiger_generation_model][INFO] - [rank: 0] 使用分块生成策略，num_hierarchies=10
[2025-11-14 20:15:41,587][src.models.modules.semantic_id.tiger_generation_model][INFO] - [rank: 0] 使用分块生成策略，num_hierarchies=10
[2025-11-14 20:15:42,298][src.models.modules.semantic_id.tiger_generation_model][INFO] - [rank: 0] 使用分块生成策略，num_hierarchies=10
[2025-11-14 20:15:42,936][src.models.modules.semantic_id.tiger_generation_model][INFO] - [rank: 0] 使用分块生成策略，num_hierarchies=10
[2025-11-14 20:15:43,615][src.models.modules.semantic_id.tiger_generation_model][INFO] - [rank: 0] 使用分块生成策略，num_hierarchies=10
[2025-11-14 20:15:44,492][src.models.modules.semantic_id.tiger_generation_model][INFO] - [rank: 0] 使用分块生成策略，num_hierarchies=10
[2025-11-14 20:15:45,199][src.models.modules.semantic_id.tiger_generation_model][INFO] - [rank: 0] 使用分块生成策略，num_hierarchies=10
[2025-11-14 20:15:45,908][src.models.modules.semantic_id.tiger_generation_model][INFO] - [rank: 0] 使用分块生成策略，num_hierarchies=10
[2025-11-14 20:15:46,543][src.models.modules.semantic_id.tiger_generation_model][INFO] - [rank: 0] 使用分块生成策略，num_hierarchies=10
[2025-11-14 20:15:47,248][src.models.modules.semantic_id.tiger_generation_model][INFO] - [rank: 0] 使用分块生成策略，num_hierarchies=10
[2025-11-14 20:15:48,011][src.models.modules.semantic_id.tiger_generation_model][INFO] - [rank: 0] 使用分块生成策略，num_hierarchies=10
[2025-11-14 20:15:48,703][src.models.modules.semantic_id.tiger_generation_model][INFO] - [rank: 0] 使用分块生成策略，num_hierarchies=10
[2025-11-14 20:15:49,437][src.models.modules.semantic_id.tiger_generation_model][INFO] - [rank: 0] 使用分块生成策略，num_hierarchies=10
[2025-11-14 20:15:50,069][src.models.modules.semantic_id.tiger_generation_model][INFO] - [rank: 0] 使用分块生成策略，num_hierarchies=10
[2025-11-14 20:15:50,782][src.models.modules.semantic_id.tiger_generation_model][INFO] - [rank: 0] 使用分块生成策略，num_hierarchies=10
[2025-11-14 20:15:51,472][src.models.modules.semantic_id.tiger_generation_model][INFO] - [rank: 0] 使用分块生成策略，num_hierarchies=10
[2025-11-14 20:15:52,131][src.models.modules.semantic_id.tiger_generation_model][INFO] - [rank: 0] 使用分块生成策略，num_hierarchies=10
[2025-11-14 20:15:52,834][src.models.modules.semantic_id.tiger_generation_model][INFO] - [rank: 0] 使用分块生成策略，num_hierarchies=10
[2025-11-14 20:15:53,562][src.models.modules.semantic_id.tiger_generation_model][INFO] - [rank: 0] 使用分块生成策略，num_hierarchies=10
[2025-11-14 20:15:54,320][src.models.modules.semantic_id.tiger_generation_model][INFO] - [rank: 0] 使用分块生成策略，num_hierarchies=10
[2025-11-14 20:15:54,995][src.models.modules.semantic_id.tiger_generation_model][INFO] - [rank: 0] 使用分块生成策略，num_hierarchies=10
[2025-11-14 20:15:55,663][src.models.modules.semantic_id.tiger_generation_model][INFO] - [rank: 0] 使用分块生成策略，num_hierarchies=10
[2025-11-14 20:15:56,380][src.models.modules.semantic_id.tiger_generation_model][INFO] - [rank: 0] 使用分块生成策略，num_hierarchies=10
[2025-11-14 20:15:57,278][src.models.modules.semantic_id.tiger_generation_model][INFO] - [rank: 0] 使用分块生成策略，num_hierarchies=10
[2025-11-14 20:15:58,152][src.models.modules.semantic_id.tiger_generation_model][INFO] - [rank: 0] 使用分块生成策略，num_hierarchies=10
[2025-11-14 20:15:59,384][src.models.modules.semantic_id.tiger_generation_model][INFO] - [rank: 0] 使用分块生成策略，num_hierarchies=10
[2025-11-14 20:16:00,343][src.models.modules.semantic_id.tiger_generation_model][INFO] - [rank: 0] 使用分块生成策略，num_hierarchies=10
[2025-11-14 20:16:01,359][src.models.modules.semantic_id.tiger_generation_model][INFO] - [rank: 0] 使用分块生成策略，num_hierarchies=10
[2025-11-14 20:16:02,262][src.models.modules.semantic_id.tiger_generation_model][INFO] - [rank: 0] 使用分块生成策略，num_hierarchies=10
[2025-11-14 20:16:03,097][src.models.modules.semantic_id.tiger_generation_model][INFO] - [rank: 0] 使用分块生成策略，num_hierarchies=10
[2025-11-14 20:16:03,844][src.models.modules.semantic_id.tiger_generation_model][INFO] - [rank: 0] 使用分块生成策略，num_hierarchies=10
[2025-11-14 20:16:04,564][src.models.modules.semantic_id.tiger_generation_model][INFO] - [rank: 0] 使用分块生成策略，num_hierarchies=10
[2025-11-14 20:16:05,367][src.models.modules.semantic_id.tiger_generation_model][INFO] - [rank: 0] 使用分块生成策略，num_hierarchies=10
[2025-11-14 20:16:06,126][src.models.modules.semantic_id.tiger_generation_model][INFO] - [rank: 0] 使用分块生成策略，num_hierarchies=10
[2025-11-14 20:16:06,982][src.models.modules.semantic_id.tiger_generation_model][INFO] - [rank: 0] 使用分块生成策略，num_hierarchies=10
[2025-11-14 20:16:08,072][src.models.modules.semantic_id.tiger_generation_model][INFO] - [rank: 0] 使用分块生成策略，num_hierarchies=10
[2025-11-14 20:16:09,121][src.models.modules.semantic_id.tiger_generation_model][INFO] - [rank: 0] 使用分块生成策略，num_hierarchies=10
[2025-11-14 20:16:10,195][src.models.modules.semantic_id.tiger_generation_model][INFO] - [rank: 0] 使用分块生成策略，num_hierarchies=10
[2025-11-14 20:16:11,143][src.models.modules.semantic_id.tiger_generation_model][INFO] - [rank: 0] 使用分块生成策略，num_hierarchies=10
[2025-11-14 20:16:11,947][src.models.modules.semantic_id.tiger_generation_model][INFO] - [rank: 0] 使用分块生成策略，num_hierarchies=10
[2025-11-14 20:16:13,121][src.models.modules.semantic_id.tiger_generation_model][INFO] - [rank: 0] 使用分块生成策略，num_hierarchies=10
[2025-11-14 20:16:14,384][src.models.modules.semantic_id.tiger_generation_model][INFO] - [rank: 0] 使用分块生成策略，num_hierarchies=10
[2025-11-14 20:16:15,404][src.models.modules.semantic_id.tiger_generation_model][INFO] - [rank: 0] 使用分块生成策略，num_hierarchies=10
[2025-11-14 20:16:16,103][src.models.modules.semantic_id.tiger_generation_model][INFO] - [rank: 0] 使用分块生成策略，num_hierarchies=10
[2025-11-14 20:16:16,753][src.models.modules.semantic_id.tiger_generation_model][INFO] - [rank: 0] 使用分块生成策略，num_hierarchies=10
[2025-11-14 20:16:17,454][src.models.modules.semantic_id.tiger_generation_model][INFO] - [rank: 0] 使用分块生成策略，num_hierarchies=10
[2025-11-14 20:16:18,146][src.models.modules.semantic_id.tiger_generation_model][INFO] - [rank: 0] 使用分块生成策略，num_hierarchies=10
[2025-11-14 20:16:18,766][src.models.modules.semantic_id.tiger_generation_model][INFO] - [rank: 0] 使用分块生成策略，num_hierarchies=10
[2025-11-14 20:16:19,833][src.models.modules.semantic_id.tiger_generation_model][INFO] - [rank: 0] 使用分块生成策略，num_hierarchies=10
[2025-11-14 20:16:20,672][src.models.modules.semantic_id.tiger_generation_model][INFO] - [rank: 0] 使用分块生成策略，num_hierarchies=10
[2025-11-14 20:16:21,507][src.models.modules.semantic_id.tiger_generation_model][INFO] - [rank: 0] 使用分块生成策略，num_hierarchies=10
[2025-11-14 20:16:22,329][src.models.modules.semantic_id.tiger_generation_model][INFO] - [rank: 0] 使用分块生成策略，num_hierarchies=10
[2025-11-14 20:16:23,200][src.models.modules.semantic_id.tiger_generation_model][INFO] - [rank: 0] 使用分块生成策略，num_hierarchies=10
[2025-11-14 20:16:23,979][src.models.modules.semantic_id.tiger_generation_model][INFO] - [rank: 0] 使用分块生成策略，num_hierarchies=10
[2025-11-14 20:16:24,748][src.models.modules.semantic_id.tiger_generation_model][INFO] - [rank: 0] 使用分块生成策略，num_hierarchies=10
[2025-11-14 20:16:25,424][src.models.modules.semantic_id.tiger_generation_model][INFO] - [rank: 0] 使用分块生成策略，num_hierarchies=10
[2025-11-14 20:16:26,143][src.models.modules.semantic_id.tiger_generation_model][INFO] - [rank: 0] 使用分块生成策略，num_hierarchies=10
[2025-11-14 20:16:26,890][src.models.modules.semantic_id.tiger_generation_model][INFO] - [rank: 0] 使用分块生成策略，num_hierarchies=10
[2025-11-14 20:16:27,679][src.models.modules.semantic_id.tiger_generation_model][INFO] - [rank: 0] 使用分块生成策略，num_hierarchies=10
[2025-11-14 20:16:28,443][src.models.modules.semantic_id.tiger_generation_model][INFO] - [rank: 0] 使用分块生成策略，num_hierarchies=10
[2025-11-14 20:16:29,469][src.models.modules.semantic_id.tiger_generation_model][INFO] - [rank: 0] 使用分块生成策略，num_hierarchies=10
[2025-11-14 20:16:30,304][src.models.modules.semantic_id.tiger_generation_model][INFO] - [rank: 0] 使用分块生成策略，num_hierarchies=10
[2025-11-14 20:16:31,092][src.models.modules.semantic_id.tiger_generation_model][INFO] - [rank: 0] 使用分块生成策略，num_hierarchies=10
[2025-11-14 20:16:31,763][src.models.modules.semantic_id.tiger_generation_model][INFO] - [rank: 0] 使用分块生成策略，num_hierarchies=10
[2025-11-14 20:16:32,390][src.models.modules.semantic_id.tiger_generation_model][INFO] - [rank: 0] 使用分块生成策略，num_hierarchies=10
[2025-11-14 20:16:32,996][src.models.modules.semantic_id.tiger_generation_model][INFO] - [rank: 0] 使用分块生成策略，num_hierarchies=10
[2025-11-14 20:16:33,603][src.models.modules.semantic_id.tiger_generation_model][INFO] - [rank: 0] 使用分块生成策略，num_hierarchies=10
[2025-11-14 20:16:34,237][src.models.modules.semantic_id.tiger_generation_model][INFO] - [rank: 0] 使用分块生成策略，num_hierarchies=10
[2025-11-14 20:16:34,853][src.models.modules.semantic_id.tiger_generation_model][INFO] - [rank: 0] 使用分块生成策略，num_hierarchies=10
[2025-11-14 20:16:35,473][src.models.modules.semantic_id.tiger_generation_model][INFO] - [rank: 0] 使用分块生成策略，num_hierarchies=10
[2025-11-14 20:16:36,113][src.models.modules.semantic_id.tiger_generation_model][INFO] - [rank: 0] 使用分块生成策略，num_hierarchies=10
[2025-11-14 20:16:36,735][src.models.modules.semantic_id.tiger_generation_model][INFO] - [rank: 0] 使用分块生成策略，num_hierarchies=10
[2025-11-14 20:16:37,600][src.models.modules.semantic_id.tiger_generation_model][INFO] - [rank: 0] 使用分块生成策略，num_hierarchies=10
[2025-11-14 20:16:38,190][src.models.modules.semantic_id.tiger_generation_model][INFO] - [rank: 0] 使用分块生成策略，num_hierarchies=10
[2025-11-14 20:16:38,779][src.models.modules.semantic_id.tiger_generation_model][INFO] - [rank: 0] 使用分块生成策略，num_hierarchies=10
[2025-11-14 20:16:39,772][src.models.modules.semantic_id.tiger_generation_model][INFO] - [rank: 0] 使用分块生成策略，num_hierarchies=10
[2025-11-14 20:16:40,890][src.models.modules.semantic_id.tiger_generation_model][INFO] - [rank: 0] 使用分块生成策略，num_hierarchies=10
[2025-11-14 20:16:41,705][src.models.modules.semantic_id.tiger_generation_model][INFO] - [rank: 0] 使用分块生成策略，num_hierarchies=10
[2025-11-14 20:16:42,529][src.models.modules.semantic_id.tiger_generation_model][INFO] - [rank: 0] 使用分块生成策略，num_hierarchies=10
[2025-11-14 20:16:43,505][src.models.modules.semantic_id.tiger_generation_model][INFO] - [rank: 0] 使用分块生成策略，num_hierarchies=10
[2025-11-14 20:16:44,208][src.models.modules.semantic_id.tiger_generation_model][INFO] - [rank: 0] 使用分块生成策略，num_hierarchies=10
[2025-11-14 20:16:45,029][src.models.modules.semantic_id.tiger_generation_model][INFO] - [rank: 0] 使用分块生成策略，num_hierarchies=10
[2025-11-14 20:16:45,747][src.models.modules.semantic_id.tiger_generation_model][INFO] - [rank: 0] 使用分块生成策略，num_hierarchies=10
[2025-11-14 20:16:46,551][src.models.modules.semantic_id.tiger_generation_model][INFO] - [rank: 0] 使用分块生成策略，num_hierarchies=10
[2025-11-14 20:16:47,320][src.models.modules.semantic_id.tiger_generation_model][INFO] - [rank: 0] 使用分块生成策略，num_hierarchies=10
[2025-11-14 20:16:48,053][src.models.modules.semantic_id.tiger_generation_model][INFO] - [rank: 0] 使用分块生成策略，num_hierarchies=10
[2025-11-14 20:16:48,790][src.models.modules.semantic_id.tiger_generation_model][INFO] - [rank: 0] 使用分块生成策略，num_hierarchies=10
[2025-11-14 20:16:49,542][src.models.modules.semantic_id.tiger_generation_model][INFO] - [rank: 0] 使用分块生成策略，num_hierarchies=10
[2025-11-14 20:16:50,290][src.models.modules.semantic_id.tiger_generation_model][INFO] - [rank: 0] 使用分块生成策略，num_hierarchies=10
[2025-11-14 20:16:51,054][src.models.modules.semantic_id.tiger_generation_model][INFO] - [rank: 0] 使用分块生成策略，num_hierarchies=10
[2025-11-14 20:16:51,749][src.models.modules.semantic_id.tiger_generation_model][INFO] - [rank: 0] 使用分块生成策略，num_hierarchies=10
[2025-11-14 20:16:52,495][src.models.modules.semantic_id.tiger_generation_model][INFO] - [rank: 0] 使用分块生成策略，num_hierarchies=10
[2025-11-14 20:16:53,266][src.models.modules.semantic_id.tiger_generation_model][INFO] - [rank: 0] 使用分块生成策略，num_hierarchies=10
[2025-11-14 20:16:54,014][src.models.modules.semantic_id.tiger_generation_model][INFO] - [rank: 0] 使用分块生成策略，num_hierarchies=10
[2025-11-14 20:16:54,685][src.models.modules.semantic_id.tiger_generation_model][INFO] - [rank: 0] 使用分块生成策略，num_hierarchies=10
[2025-11-14 20:16:55,366][src.models.modules.semantic_id.tiger_generation_model][INFO] - [rank: 0] 使用分块生成策略，num_hierarchies=10
[2025-11-14 20:16:56,011][src.models.modules.semantic_id.tiger_generation_model][INFO] - [rank: 0] 使用分块生成策略，num_hierarchies=10
[2025-11-14 20:16:56,716][src.models.modules.semantic_id.tiger_generation_model][INFO] - [rank: 0] 使用分块生成策略，num_hierarchies=10
[2025-11-14 20:16:57,352][src.models.modules.semantic_id.tiger_generation_model][INFO] - [rank: 0] 使用分块生成策略，num_hierarchies=10
[2025-11-14 20:16:58,111][src.models.modules.semantic_id.tiger_generation_model][INFO] - [rank: 0] 使用分块生成策略，num_hierarchies=10
[2025-11-14 20:16:59,055][src.models.modules.semantic_id.tiger_generation_model][INFO] - [rank: 0] 使用分块生成策略，num_hierarchies=10
[2025-11-14 20:16:59,803][src.models.modules.semantic_id.tiger_generation_model][INFO] - [rank: 0] 使用分块生成策略，num_hierarchies=10
[2025-11-14 20:17:00,476][src.models.modules.semantic_id.tiger_generation_model][INFO] - [rank: 0] 使用分块生成策略，num_hierarchies=10
[2025-11-14 20:17:01,324][src.models.modules.semantic_id.tiger_generation_model][INFO] - [rank: 0] 使用分块生成策略，num_hierarchies=10
[2025-11-14 20:17:02,138][src.models.modules.semantic_id.tiger_generation_model][INFO] - [rank: 0] 使用分块生成策略，num_hierarchies=10
[2025-11-14 20:17:02,948][src.models.modules.semantic_id.tiger_generation_model][INFO] - [rank: 0] 使用分块生成策略，num_hierarchies=10
[2025-11-14 20:17:04,472][src.models.modules.semantic_id.tiger_generation_model][INFO] - [rank: 0] 使用分块生成策略，num_hierarchies=10
[2025-11-14 20:17:05,636][src.models.modules.semantic_id.tiger_generation_model][INFO] - [rank: 0] 使用分块生成策略，num_hierarchies=10
[2025-11-14 20:17:06,335][src.models.modules.semantic_id.tiger_generation_model][INFO] - [rank: 0] 使用分块生成策略，num_hierarchies=10
[2025-11-14 20:17:07,023][src.models.modules.semantic_id.tiger_generation_model][INFO] - [rank: 0] 使用分块生成策略，num_hierarchies=10
[2025-11-14 20:17:07,674][src.models.modules.semantic_id.tiger_generation_model][INFO] - [rank: 0] 使用分块生成策略，num_hierarchies=10
[2025-11-14 20:17:08,654][src.models.modules.semantic_id.tiger_generation_model][INFO] - [rank: 0] 使用分块生成策略，num_hierarchies=10
[2025-11-14 20:17:09,658][src.models.modules.semantic_id.tiger_generation_model][INFO] - [rank: 0] 使用分块生成策略，num_hierarchies=10
[2025-11-14 20:17:10,451][src.models.modules.semantic_id.tiger_generation_model][INFO] - [rank: 0] 使用分块生成策略，num_hierarchies=10
[2025-11-14 20:17:11,189][src.models.modules.semantic_id.tiger_generation_model][INFO] - [rank: 0] 使用分块生成策略，num_hierarchies=10
[2025-11-14 20:17:12,030][src.models.modules.semantic_id.tiger_generation_model][INFO] - [rank: 0] 使用分块生成策略，num_hierarchies=10
[2025-11-14 20:17:12,830][src.models.modules.semantic_id.tiger_generation_model][INFO] - [rank: 0] 使用分块生成策略，num_hierarchies=10
[2025-11-14 20:17:13,634][src.models.modules.semantic_id.tiger_generation_model][INFO] - [rank: 0] 使用分块生成策略，num_hierarchies=10
[2025-11-14 20:17:14,445][src.models.modules.semantic_id.tiger_generation_model][INFO] - [rank: 0] 使用分块生成策略，num_hierarchies=10
[2025-11-14 20:17:15,215][src.models.modules.semantic_id.tiger_generation_model][INFO] - [rank: 0] 使用分块生成策略，num_hierarchies=10
[2025-11-14 20:17:16,075][src.models.modules.semantic_id.tiger_generation_model][INFO] - [rank: 0] 使用分块生成策略，num_hierarchies=10
[2025-11-14 20:17:17,312][src.models.modules.semantic_id.tiger_generation_model][INFO] - [rank: 0] 使用分块生成策略，num_hierarchies=10
[2025-11-14 20:17:18,062][src.models.modules.semantic_id.tiger_generation_model][INFO] - [rank: 0] 使用分块生成策略，num_hierarchies=10
[2025-11-14 20:17:18,844][src.models.modules.semantic_id.tiger_generation_model][INFO] - [rank: 0] 使用分块生成策略，num_hierarchies=10
[2025-11-14 20:17:19,527][src.models.modules.semantic_id.tiger_generation_model][INFO] - [rank: 0] 使用分块生成策略，num_hierarchies=10
[2025-11-14 20:17:20,201][src.models.modules.semantic_id.tiger_generation_model][INFO] - [rank: 0] 使用分块生成策略，num_hierarchies=10
[2025-11-14 20:17:20,926][src.models.modules.semantic_id.tiger_generation_model][INFO] - [rank: 0] 使用分块生成策略，num_hierarchies=10
[2025-11-14 20:17:21,585][src.models.modules.semantic_id.tiger_generation_model][INFO] - [rank: 0] 使用分块生成策略，num_hierarchies=10
[2025-11-14 20:17:22,264][src.models.modules.semantic_id.tiger_generation_model][INFO] - [rank: 0] 使用分块生成策略，num_hierarchies=10
[2025-11-14 20:17:22,955][src.models.modules.semantic_id.tiger_generation_model][INFO] - [rank: 0] 使用分块生成策略，num_hierarchies=10
[2025-11-14 20:17:23,642][src.models.modules.semantic_id.tiger_generation_model][INFO] - [rank: 0] 使用分块生成策略，num_hierarchies=10
[2025-11-14 20:17:24,314][src.models.modules.semantic_id.tiger_generation_model][INFO] - [rank: 0] 使用分块生成策略，num_hierarchies=10
[2025-11-14 20:17:25,027][src.models.modules.semantic_id.tiger_generation_model][INFO] - [rank: 0] 使用分块生成策略，num_hierarchies=10
[2025-11-14 20:17:25,866][src.models.modules.semantic_id.tiger_generation_model][INFO] - [rank: 0] 使用分块生成策略，num_hierarchies=10
[2025-11-14 20:17:27,001][src.models.modules.semantic_id.tiger_generation_model][INFO] - [rank: 0] 使用分块生成策略，num_hierarchies=10
[2025-11-14 20:17:27,661][src.models.modules.semantic_id.tiger_generation_model][INFO] - [rank: 0] 使用分块生成策略，num_hierarchies=10
[2025-11-14 20:17:28,360][src.models.modules.semantic_id.tiger_generation_model][INFO] - [rank: 0] 使用分块生成策略，num_hierarchies=10
[2025-11-14 20:17:29,134][src.models.modules.semantic_id.tiger_generation_model][INFO] - [rank: 0] 使用分块生成策略，num_hierarchies=10
[2025-11-14 20:17:29,911][src.models.modules.semantic_id.tiger_generation_model][INFO] - [rank: 0] 使用分块生成策略，num_hierarchies=10
[2025-11-14 20:17:30,691][src.models.modules.semantic_id.tiger_generation_model][INFO] - [rank: 0] 使用分块生成策略，num_hierarchies=10
[2025-11-14 20:17:31,482][src.models.modules.semantic_id.tiger_generation_model][INFO] - [rank: 0] 使用分块生成策略，num_hierarchies=10
[2025-11-14 20:17:32,241][src.models.modules.semantic_id.tiger_generation_model][INFO] - [rank: 0] 使用分块生成策略，num_hierarchies=10
[2025-11-14 20:17:33,114][src.models.modules.semantic_id.tiger_generation_model][INFO] - [rank: 0] 使用分块生成策略，num_hierarchies=10
[2025-11-14 20:17:33,776][src.models.modules.semantic_id.tiger_generation_model][INFO] - [rank: 0] 使用分块生成策略，num_hierarchies=10
[2025-11-14 20:17:34,509][src.models.modules.semantic_id.tiger_generation_model][INFO] - [rank: 0] 使用分块生成策略，num_hierarchies=10
[2025-11-14 20:17:35,344][src.models.modules.semantic_id.tiger_generation_model][INFO] - [rank: 0] 使用分块生成策略，num_hierarchies=10
[2025-11-14 20:17:36,316][src.models.modules.semantic_id.tiger_generation_model][INFO] - [rank: 0] 使用分块生成策略，num_hierarchies=10
[2025-11-14 20:17:37,224][src.models.modules.semantic_id.tiger_generation_model][INFO] - [rank: 0] 使用分块生成策略，num_hierarchies=10
[2025-11-14 20:17:38,004][src.models.modules.semantic_id.tiger_generation_model][INFO] - [rank: 0] 使用分块生成策略，num_hierarchies=10
[2025-11-14 20:17:38,850][src.models.modules.semantic_id.tiger_generation_model][INFO] - [rank: 0] 使用分块生成策略，num_hierarchies=10
[2025-11-14 20:17:39,489][src.models.modules.semantic_id.tiger_generation_model][INFO] - [rank: 0] 使用分块生成策略，num_hierarchies=10
[2025-11-14 20:17:40,111][src.models.modules.semantic_id.tiger_generation_model][INFO] - [rank: 0] 使用分块生成策略，num_hierarchies=10
[2025-11-14 20:17:40,735][src.models.modules.semantic_id.tiger_generation_model][INFO] - [rank: 0] 使用分块生成策略，num_hierarchies=10
[2025-11-14 20:17:41,364][src.models.modules.semantic_id.tiger_generation_model][INFO] - [rank: 0] 使用分块生成策略，num_hierarchies=10
[2025-11-14 20:17:42,033][src.models.modules.semantic_id.tiger_generation_model][INFO] - [rank: 0] 使用分块生成策略，num_hierarchies=10
[2025-11-14 20:17:42,677][src.models.modules.semantic_id.tiger_generation_model][INFO] - [rank: 0] 使用分块生成策略，num_hierarchies=10
[2025-11-14 20:17:43,297][src.models.modules.semantic_id.tiger_generation_model][INFO] - [rank: 0] 使用分块生成策略，num_hierarchies=10
[2025-11-14 20:17:43,919][src.models.modules.semantic_id.tiger_generation_model][INFO] - [rank: 0] 使用分块生成策略，num_hierarchies=10
[2025-11-14 20:17:44,589][src.models.modules.semantic_id.tiger_generation_model][INFO] - [rank: 0] 使用分块生成策略，num_hierarchies=10
[2025-11-14 20:17:45,286][src.models.modules.semantic_id.tiger_generation_model][INFO] - [rank: 0] 使用分块生成策略，num_hierarchies=10
[2025-11-14 20:17:45,989][src.models.modules.semantic_id.tiger_generation_model][INFO] - [rank: 0] 使用分块生成策略，num_hierarchies=10
[2025-11-14 20:17:46,696][src.models.modules.semantic_id.tiger_generation_model][INFO] - [rank: 0] 使用分块生成策略，num_hierarchies=10
[2025-11-14 20:17:47,455][src.models.modules.semantic_id.tiger_generation_model][INFO] - [rank: 0] 使用分块生成策略，num_hierarchies=10
[2025-11-14 20:17:48,155][src.models.modules.semantic_id.tiger_generation_model][INFO] - [rank: 0] 使用分块生成策略，num_hierarchies=10
[2025-11-14 20:17:48,856][src.models.modules.semantic_id.tiger_generation_model][INFO] - [rank: 0] 使用分块生成策略，num_hierarchies=10
[2025-11-14 20:17:49,593][src.models.modules.semantic_id.tiger_generation_model][INFO] - [rank: 0] 使用分块生成策略，num_hierarchies=10
[2025-11-14 20:17:50,288][src.models.modules.semantic_id.tiger_generation_model][INFO] - [rank: 0] 使用分块生成策略，num_hierarchies=10
[2025-11-14 20:17:51,024][src.models.modules.semantic_id.tiger_generation_model][INFO] - [rank: 0] 使用分块生成策略，num_hierarchies=10
[2025-11-14 20:17:51,725][src.models.modules.semantic_id.tiger_generation_model][INFO] - [rank: 0] 使用分块生成策略，num_hierarchies=10
[2025-11-14 20:17:52,458][src.models.modules.semantic_id.tiger_generation_model][INFO] - [rank: 0] 使用分块生成策略，num_hierarchies=10
[2025-11-14 20:17:53,179][src.models.modules.semantic_id.tiger_generation_model][INFO] - [rank: 0] 使用分块生成策略，num_hierarchies=10
[2025-11-14 20:17:53,964][src.models.modules.semantic_id.tiger_generation_model][INFO] - [rank: 0] 使用分块生成策略，num_hierarchies=10
[2025-11-14 20:17:54,790][src.models.modules.semantic_id.tiger_generation_model][INFO] - [rank: 0] 使用分块生成策略，num_hierarchies=10
[2025-11-14 20:17:56,265][src.models.modules.semantic_id.tiger_generation_model][INFO] - [rank: 0] 使用分块生成策略，num_hierarchies=10
[2025-11-14 20:17:57,212][src.models.modules.semantic_id.tiger_generation_model][INFO] - [rank: 0] 使用分块生成策略，num_hierarchies=10
[2025-11-14 20:17:57,871][src.models.modules.semantic_id.tiger_generation_model][INFO] - [rank: 0] 使用分块生成策略，num_hierarchies=10
[2025-11-14 20:17:58,598][src.models.modules.semantic_id.tiger_generation_model][INFO] - [rank: 0] 使用分块生成策略，num_hierarchies=10
[2025-11-14 20:17:59,274][src.models.modules.semantic_id.tiger_generation_model][INFO] - [rank: 0] 使用分块生成策略，num_hierarchies=10
[2025-11-14 20:17:59,930][src.models.modules.semantic_id.tiger_generation_model][INFO] - [rank: 0] 使用分块生成策略，num_hierarchies=10
[2025-11-14 20:18:00,898][src.models.modules.semantic_id.tiger_generation_model][INFO] - [rank: 0] 使用分块生成策略，num_hierarchies=10
[2025-11-14 20:18:01,671][src.models.modules.semantic_id.tiger_generation_model][INFO] - [rank: 0] 使用分块生成策略，num_hierarchies=10
[2025-11-14 20:18:02,349][src.models.modules.semantic_id.tiger_generation_model][INFO] - [rank: 0] 使用分块生成策略，num_hierarchies=10
[2025-11-14 20:18:03,084][src.models.modules.semantic_id.tiger_generation_model][INFO] - [rank: 0] 使用分块生成策略，num_hierarchies=10
[2025-11-14 20:18:04,281][src.models.modules.semantic_id.tiger_generation_model][INFO] - [rank: 0] 使用分块生成策略，num_hierarchies=10
[2025-11-14 20:18:05,789][src.models.modules.semantic_id.tiger_generation_model][INFO] - [rank: 0] 使用分块生成策略，num_hierarchies=10
[2025-11-14 20:18:07,189][src.models.modules.semantic_id.tiger_generation_model][INFO] - [rank: 0] 使用分块生成策略，num_hierarchies=10
[2025-11-14 20:18:08,047][src.models.modules.semantic_id.tiger_generation_model][INFO] - [rank: 0] 使用分块生成策略，num_hierarchies=10
[2025-11-14 20:18:09,103][src.models.modules.semantic_id.tiger_generation_model][INFO] - [rank: 0] 使用分块生成策略，num_hierarchies=10
[2025-11-14 20:18:09,874][src.models.modules.semantic_id.tiger_generation_model][INFO] - [rank: 0] 使用分块生成策略，num_hierarchies=10
[2025-11-14 20:18:10,642][src.models.modules.semantic_id.tiger_generation_model][INFO] - [rank: 0] 使用分块生成策略，num_hierarchies=10
[2025-11-14 20:18:11,381][src.models.modules.semantic_id.tiger_generation_model][INFO] - [rank: 0] 使用分块生成策略，num_hierarchies=10
[2025-11-14 20:18:12,447][src.models.modules.semantic_id.tiger_generation_model][INFO] - [rank: 0] 使用分块生成策略，num_hierarchies=10
[2025-11-14 20:18:13,489][src.models.modules.semantic_id.tiger_generation_model][INFO] - [rank: 0] 使用分块生成策略，num_hierarchies=10
[2025-11-14 20:18:14,509][src.models.modules.semantic_id.tiger_generation_model][INFO] - [rank: 0] 使用分块生成策略，num_hierarchies=10
[2025-11-14 20:18:15,523][src.models.modules.semantic_id.tiger_generation_model][INFO] - [rank: 0] 使用分块生成策略，num_hierarchies=10
[2025-11-14 20:18:16,473][src.models.modules.semantic_id.tiger_generation_model][INFO] - [rank: 0] 使用分块生成策略，num_hierarchies=10
[2025-11-14 20:18:17,248][src.models.modules.semantic_id.tiger_generation_model][INFO] - [rank: 0] 使用分块生成策略，num_hierarchies=10
[2025-11-14 20:18:17,969][src.models.modules.semantic_id.tiger_generation_model][INFO] - [rank: 0] 使用分块生成策略，num_hierarchies=10
[2025-11-14 20:18:18,621][src.models.modules.semantic_id.tiger_generation_model][INFO] - [rank: 0] 使用分块生成策略，num_hierarchies=10
[2025-11-14 20:18:19,508][src.models.modules.semantic_id.tiger_generation_model][INFO] - [rank: 0] 使用分块生成策略，num_hierarchies=10
[2025-11-14 20:18:20,211][src.models.modules.semantic_id.tiger_generation_model][INFO] - [rank: 0] 使用分块生成策略，num_hierarchies=10
[2025-11-14 20:18:20,905][src.models.modules.semantic_id.tiger_generation_model][INFO] - [rank: 0] 使用分块生成策略，num_hierarchies=10
[2025-11-14 20:18:21,598][src.models.modules.semantic_id.tiger_generation_model][INFO] - [rank: 0] 使用分块生成策略，num_hierarchies=10
[2025-11-14 20:18:22,304][src.models.modules.semantic_id.tiger_generation_model][INFO] - [rank: 0] 使用分块生成策略，num_hierarchies=10
[2025-11-14 20:18:23,393][src.models.modules.semantic_id.tiger_generation_model][INFO] - [rank: 0] 使用分块生成策略，num_hierarchies=10
[2025-11-14 20:18:24,209][src.models.modules.semantic_id.tiger_generation_model][INFO] - [rank: 0] 使用分块生成策略，num_hierarchies=10
[2025-11-14 20:18:25,076][src.models.modules.semantic_id.tiger_generation_model][INFO] - [rank: 0] 使用分块生成策略，num_hierarchies=10
[2025-11-14 20:18:25,736][src.models.modules.semantic_id.tiger_generation_model][INFO] - [rank: 0] 使用分块生成策略，num_hierarchies=10
[2025-11-14 20:18:26,444][src.models.modules.semantic_id.tiger_generation_model][INFO] - [rank: 0] 使用分块生成策略，num_hierarchies=10
[2025-11-14 20:18:27,135][src.models.modules.semantic_id.tiger_generation_model][INFO] - [rank: 0] 使用分块生成策略，num_hierarchies=10
[2025-11-14 20:18:27,842][src.models.modules.semantic_id.tiger_generation_model][INFO] - [rank: 0] 使用分块生成策略，num_hierarchies=10
[2025-11-14 20:18:28,545][src.models.modules.semantic_id.tiger_generation_model][INFO] - [rank: 0] 使用分块生成策略，num_hierarchies=10
[2025-11-14 20:18:29,222][src.models.modules.semantic_id.tiger_generation_model][INFO] - [rank: 0] 使用分块生成策略，num_hierarchies=10
[2025-11-14 20:18:29,935][src.models.modules.semantic_id.tiger_generation_model][INFO] - [rank: 0] 使用分块生成策略，num_hierarchies=10
[2025-11-14 20:18:30,594][src.models.modules.semantic_id.tiger_generation_model][INFO] - [rank: 0] 使用分块生成策略，num_hierarchies=10
[2025-11-14 20:18:31,275][src.models.modules.semantic_id.tiger_generation_model][INFO] - [rank: 0] 使用分块生成策略，num_hierarchies=10
[2025-11-14 20:18:31,966][src.models.modules.semantic_id.tiger_generation_model][INFO] - [rank: 0] 使用分块生成策略，num_hierarchies=10
[2025-11-14 20:18:32,652][src.models.modules.semantic_id.tiger_generation_model][INFO] - [rank: 0] 使用分块生成策略，num_hierarchies=10
[2025-11-14 20:18:33,281][src.models.modules.semantic_id.tiger_generation_model][INFO] - [rank: 0] 使用分块生成策略，num_hierarchies=10
[2025-11-14 20:18:33,912][src.models.modules.semantic_id.tiger_generation_model][INFO] - [rank: 0] 使用分块生成策略，num_hierarchies=10
[2025-11-14 20:18:34,599][src.models.modules.semantic_id.tiger_generation_model][INFO] - [rank: 0] 使用分块生成策略，num_hierarchies=10
[2025-11-14 20:18:35,247][src.models.modules.semantic_id.tiger_generation_model][INFO] - [rank: 0] 使用分块生成策略，num_hierarchies=10
[2025-11-14 20:18:35,882][src.models.modules.semantic_id.tiger_generation_model][INFO] - [rank: 0] 使用分块生成策略，num_hierarchies=10
[2025-11-14 20:18:36,541][src.models.modules.semantic_id.tiger_generation_model][INFO] - [rank: 0] 使用分块生成策略，num_hierarchies=10
[2025-11-14 20:18:37,174][src.models.modules.semantic_id.tiger_generation_model][INFO] - [rank: 0] 使用分块生成策略，num_hierarchies=10
[2025-11-14 20:18:37,826][src.models.modules.semantic_id.tiger_generation_model][INFO] - [rank: 0] 使用分块生成策略，num_hierarchies=10
[2025-11-14 20:18:38,478][src.models.modules.semantic_id.tiger_generation_model][INFO] - [rank: 0] 使用分块生成策略，num_hierarchies=10
[2025-11-14 20:18:39,159][src.models.modules.semantic_id.tiger_generation_model][INFO] - [rank: 0] 使用分块生成策略，num_hierarchies=10
[2025-11-14 20:18:40,177][src.models.modules.semantic_id.tiger_generation_model][INFO] - [rank: 0] 使用分块生成策略，num_hierarchies=10
[2025-11-14 20:18:41,082][src.models.modules.semantic_id.tiger_generation_model][INFO] - [rank: 0] 使用分块生成策略，num_hierarchies=10
[2025-11-14 20:18:41,874][src.models.modules.semantic_id.tiger_generation_model][INFO] - [rank: 0] 使用分块生成策略，num_hierarchies=10
[2025-11-14 20:18:42,686][src.models.modules.semantic_id.tiger_generation_model][INFO] - [rank: 0] 使用分块生成策略，num_hierarchies=10
[2025-11-14 20:18:43,832][src.models.modules.semantic_id.tiger_generation_model][INFO] - [rank: 0] 使用分块生成策略，num_hierarchies=10
[2025-11-14 20:18:44,561][src.models.modules.semantic_id.tiger_generation_model][INFO] - [rank: 0] 使用分块生成策略，num_hierarchies=10
[2025-11-14 20:18:45,706][src.models.modules.semantic_id.tiger_generation_model][INFO] - [rank: 0] 使用分块生成策略，num_hierarchies=10
[2025-11-14 20:18:46,396][src.models.modules.semantic_id.tiger_generation_model][INFO] - [rank: 0] 使用分块生成策略，num_hierarchies=10
[2025-11-14 20:18:47,057][src.models.modules.semantic_id.tiger_generation_model][INFO] - [rank: 0] 使用分块生成策略，num_hierarchies=10
[2025-11-14 20:18:47,680][src.models.modules.semantic_id.tiger_generation_model][INFO] - [rank: 0] 使用分块生成策略，num_hierarchies=10
[2025-11-14 20:18:48,350][src.models.modules.semantic_id.tiger_generation_model][INFO] - [rank: 0] 使用分块生成策略，num_hierarchies=10
[2025-11-14 20:18:49,103][src.models.modules.semantic_id.tiger_generation_model][INFO] - [rank: 0] 使用分块生成策略，num_hierarchies=10
[2025-11-14 20:18:49,813][src.models.modules.semantic_id.tiger_generation_model][INFO] - [rank: 0] 使用分块生成策略，num_hierarchies=10
[2025-11-14 20:18:50,457][src.models.modules.semantic_id.tiger_generation_model][INFO] - [rank: 0] 使用分块生成策略，num_hierarchies=10
[2025-11-14 20:18:51,228][src.models.modules.semantic_id.tiger_generation_model][INFO] - [rank: 0] 使用分块生成策略，num_hierarchies=10
[2025-11-14 20:18:51,949][src.models.modules.semantic_id.tiger_generation_model][INFO] - [rank: 0] 使用分块生成策略，num_hierarchies=10
[2025-11-14 20:18:52,731][src.models.modules.semantic_id.tiger_generation_model][INFO] - [rank: 0] 使用分块生成策略，num_hierarchies=10
[2025-11-14 20:18:53,492][src.models.modules.semantic_id.tiger_generation_model][INFO] - [rank: 0] 使用分块生成策略，num_hierarchies=10
[2025-11-14 20:18:54,149][src.models.modules.semantic_id.tiger_generation_model][INFO] - [rank: 0] 使用分块生成策略，num_hierarchies=10
[2025-11-14 20:18:54,968][src.models.modules.semantic_id.tiger_generation_model][INFO] - [rank: 0] 使用分块生成策略，num_hierarchies=10
[2025-11-14 20:18:55,608][src.models.modules.semantic_id.tiger_generation_model][INFO] - [rank: 0] 使用分块生成策略，num_hierarchies=10
[2025-11-14 20:18:56,285][src.models.modules.semantic_id.tiger_generation_model][INFO] - [rank: 0] 使用分块生成策略，num_hierarchies=10
[2025-11-14 20:18:57,001][src.models.modules.semantic_id.tiger_generation_model][INFO] - [rank: 0] 使用分块生成策略，num_hierarchies=10
[2025-11-14 20:18:57,687][src.models.modules.semantic_id.tiger_generation_model][INFO] - [rank: 0] 使用分块生成策略，num_hierarchies=10
[2025-11-14 20:18:58,301][src.models.modules.semantic_id.tiger_generation_model][INFO] - [rank: 0] 使用分块生成策略，num_hierarchies=10
[2025-11-14 20:18:58,941][src.models.modules.semantic_id.tiger_generation_model][INFO] - [rank: 0] 使用分块生成策略，num_hierarchies=10
[2025-11-14 20:18:59,564][src.models.modules.semantic_id.tiger_generation_model][INFO] - [rank: 0] 使用分块生成策略，num_hierarchies=10
[2025-11-14 20:19:00,197][src.models.modules.semantic_id.tiger_generation_model][INFO] - [rank: 0] 使用分块生成策略，num_hierarchies=10
[2025-11-14 20:19:01,016][src.models.modules.semantic_id.tiger_generation_model][INFO] - [rank: 0] 使用分块生成策略，num_hierarchies=10
[2025-11-14 20:19:01,691][src.models.modules.semantic_id.tiger_generation_model][INFO] - [rank: 0] 使用分块生成策略，num_hierarchies=10
[2025-11-14 20:19:02,370][src.models.modules.semantic_id.tiger_generation_model][INFO] - [rank: 0] 使用分块生成策略，num_hierarchies=10
[2025-11-14 20:19:02,984][src.models.modules.semantic_id.tiger_generation_model][INFO] - [rank: 0] 使用分块生成策略，num_hierarchies=10
[2025-11-14 20:19:03,604][src.models.modules.semantic_id.tiger_generation_model][INFO] - [rank: 0] 使用分块生成策略，num_hierarchies=10
[2025-11-14 20:19:04,231][src.models.modules.semantic_id.tiger_generation_model][INFO] - [rank: 0] 使用分块生成策略，num_hierarchies=10
[2025-11-14 20:19:04,883][src.models.modules.semantic_id.tiger_generation_model][INFO] - [rank: 0] 使用分块生成策略，num_hierarchies=10
[2025-11-14 20:19:05,519][src.models.modules.semantic_id.tiger_generation_model][INFO] - [rank: 0] 使用分块生成策略，num_hierarchies=10
[2025-11-14 20:19:06,191][src.models.modules.semantic_id.tiger_generation_model][INFO] - [rank: 0] 使用分块生成策略，num_hierarchies=10
[2025-11-14 20:19:06,895][src.models.modules.semantic_id.tiger_generation_model][INFO] - [rank: 0] 使用分块生成策略，num_hierarchies=10
[2025-11-14 20:19:07,570][src.models.modules.semantic_id.tiger_generation_model][INFO] - [rank: 0] 使用分块生成策略，num_hierarchies=10
[2025-11-14 20:19:08,207][src.models.modules.semantic_id.tiger_generation_model][INFO] - [rank: 0] 使用分块生成策略，num_hierarchies=10
[2025-11-14 20:19:08,876][src.models.modules.semantic_id.tiger_generation_model][INFO] - [rank: 0] 使用分块生成策略，num_hierarchies=10
[2025-11-14 20:19:09,552][src.models.modules.semantic_id.tiger_generation_model][INFO] - [rank: 0] 使用分块生成策略，num_hierarchies=10
[2025-11-14 20:19:10,222][src.models.modules.semantic_id.tiger_generation_model][INFO] - [rank: 0] 使用分块生成策略，num_hierarchies=10
[2025-11-14 20:19:10,870][src.models.modules.semantic_id.tiger_generation_model][INFO] - [rank: 0] 使用分块生成策略，num_hierarchies=10
[2025-11-14 20:19:11,540][src.models.modules.semantic_id.tiger_generation_model][INFO] - [rank: 0] 使用分块生成策略，num_hierarchies=10
[2025-11-14 20:19:12,221][src.models.modules.semantic_id.tiger_generation_model][INFO] - [rank: 0] 使用分块生成策略，num_hierarchies=10
[2025-11-14 20:19:12,965][src.models.modules.semantic_id.tiger_generation_model][INFO] - [rank: 0] 使用分块生成策略，num_hierarchies=10
[2025-11-14 20:19:13,645][src.models.modules.semantic_id.tiger_generation_model][INFO] - [rank: 0] 使用分块生成策略，num_hierarchies=10
[2025-11-14 20:19:14,381][src.models.modules.semantic_id.tiger_generation_model][INFO] - [rank: 0] 使用分块生成策略，num_hierarchies=10
[2025-11-14 20:19:15,078][src.models.modules.semantic_id.tiger_generation_model][INFO] - [rank: 0] 使用分块生成策略，num_hierarchies=10
[2025-11-14 20:19:15,805][src.models.modules.semantic_id.tiger_generation_model][INFO] - [rank: 0] 使用分块生成策略，num_hierarchies=10
[2025-11-14 20:19:16,455][src.models.modules.semantic_id.tiger_generation_model][INFO] - [rank: 0] 使用分块生成策略，num_hierarchies=10
[2025-11-14 20:19:17,133][src.models.modules.semantic_id.tiger_generation_model][INFO] - [rank: 0] 使用分块生成策略，num_hierarchies=10
[2025-11-14 20:19:17,772][src.models.modules.semantic_id.tiger_generation_model][INFO] - [rank: 0] 使用分块生成策略，num_hierarchies=10
[2025-11-14 20:19:18,453][src.models.modules.semantic_id.tiger_generation_model][INFO] - [rank: 0] 使用分块生成策略，num_hierarchies=10
[2025-11-14 20:19:19,076][src.models.modules.semantic_id.tiger_generation_model][INFO] - [rank: 0] 使用分块生成策略，num_hierarchies=10
[2025-11-14 20:19:19,720][src.models.modules.semantic_id.tiger_generation_model][INFO] - [rank: 0] 使用分块生成策略，num_hierarchies=10
[2025-11-14 20:19:20,370][src.models.modules.semantic_id.tiger_generation_model][INFO] - [rank: 0] 使用分块生成策略，num_hierarchies=10
[2025-11-14 20:19:21,094][src.models.modules.semantic_id.tiger_generation_model][INFO] - [rank: 0] 使用分块生成策略，num_hierarchies=10
[2025-11-14 20:19:21,829][src.models.modules.semantic_id.tiger_generation_model][INFO] - [rank: 0] 使用分块生成策略，num_hierarchies=10
[2025-11-14 20:19:22,603][src.models.modules.semantic_id.tiger_generation_model][INFO] - [rank: 0] 使用分块生成策略，num_hierarchies=10
[2025-11-14 20:19:23,384][src.models.modules.semantic_id.tiger_generation_model][INFO] - [rank: 0] 使用分块生成策略，num_hierarchies=10
[2025-11-14 20:19:24,376][src.models.modules.semantic_id.tiger_generation_model][INFO] - [rank: 0] 使用分块生成策略，num_hierarchies=10
[2025-11-14 20:19:25,550][src.models.modules.semantic_id.tiger_generation_model][INFO] - [rank: 0] 使用分块生成策略，num_hierarchies=10
[2025-11-14 20:19:26,417][src.models.modules.semantic_id.tiger_generation_model][INFO] - [rank: 0] 使用分块生成策略，num_hierarchies=10
[2025-11-14 20:19:27,403][src.models.modules.semantic_id.tiger_generation_model][INFO] - [rank: 0] 使用分块生成策略，num_hierarchies=10
[2025-11-14 20:19:28,258][src.models.modules.semantic_id.tiger_generation_model][INFO] - [rank: 0] 使用分块生成策略，num_hierarchies=10
[2025-11-14 20:19:29,060][src.models.modules.semantic_id.tiger_generation_model][INFO] - [rank: 0] 使用分块生成策略，num_hierarchies=10
[2025-11-14 20:19:29,966][src.models.modules.semantic_id.tiger_generation_model][INFO] - [rank: 0] 使用分块生成策略，num_hierarchies=10
[2025-11-14 20:19:30,726][src.models.modules.semantic_id.tiger_generation_model][INFO] - [rank: 0] 使用分块生成策略，num_hierarchies=10
[2025-11-14 20:19:31,453][src.models.modules.semantic_id.tiger_generation_model][INFO] - [rank: 0] 使用分块生成策略，num_hierarchies=10
[2025-11-14 20:19:32,171][src.models.modules.semantic_id.tiger_generation_model][INFO] - [rank: 0] 使用分块生成策略，num_hierarchies=10
[2025-11-14 20:19:33,105][src.models.modules.semantic_id.tiger_generation_model][INFO] - [rank: 0] 使用分块生成策略，num_hierarchies=10
[2025-11-14 20:19:33,793][src.models.modules.semantic_id.tiger_generation_model][INFO] - [rank: 0] 使用分块生成策略，num_hierarchies=10
[2025-11-14 20:19:34,626][src.models.modules.semantic_id.tiger_generation_model][INFO] - [rank: 0] 使用分块生成策略，num_hierarchies=10
[2025-11-14 20:19:35,625][src.models.modules.semantic_id.tiger_generation_model][INFO] - [rank: 0] 使用分块生成策略，num_hierarchies=10
[2025-11-14 20:19:36,639][src.models.modules.semantic_id.tiger_generation_model][INFO] - [rank: 0] 使用分块生成策略，num_hierarchies=10
[2025-11-14 20:19:37,759][src.models.modules.semantic_id.tiger_generation_model][INFO] - [rank: 0] 使用分块生成策略，num_hierarchies=10
[2025-11-14 20:19:38,770][src.models.modules.semantic_id.tiger_generation_model][INFO] - [rank: 0] 使用分块生成策略，num_hierarchies=10
[2025-11-14 20:19:40,017][src.models.modules.semantic_id.tiger_generation_model][INFO] - [rank: 0] 使用分块生成策略，num_hierarchies=10
[2025-11-14 20:19:41,029][src.models.modules.semantic_id.tiger_generation_model][INFO] - [rank: 0] 使用分块生成策略，num_hierarchies=10
[2025-11-14 20:19:42,284][src.models.modules.semantic_id.tiger_generation_model][INFO] - [rank: 0] 使用分块生成策略，num_hierarchies=10
[2025-11-14 20:19:43,245][src.models.modules.semantic_id.tiger_generation_model][INFO] - [rank: 0] 使用分块生成策略，num_hierarchies=10
[2025-11-14 20:19:44,655][src.models.modules.semantic_id.tiger_generation_model][INFO] - [rank: 0] 使用分块生成策略，num_hierarchies=10
[2025-11-14 20:19:45,659][src.models.modules.semantic_id.tiger_generation_model][INFO] - [rank: 0] 使用分块生成策略，num_hierarchies=10
[2025-11-14 20:19:46,595][src.models.modules.semantic_id.tiger_generation_model][INFO] - [rank: 0] 使用分块生成策略，num_hierarchies=10
[2025-11-14 20:19:47,565][src.models.modules.semantic_id.tiger_generation_model][INFO] - [rank: 0] 使用分块生成策略，num_hierarchies=10
[2025-11-14 20:19:48,389][src.models.modules.semantic_id.tiger_generation_model][INFO] - [rank: 0] 使用分块生成策略，num_hierarchies=10
[2025-11-14 20:19:49,667][src.models.modules.semantic_id.tiger_generation_model][INFO] - [rank: 0] 使用分块生成策略，num_hierarchies=10
[2025-11-14 20:19:50,667][src.models.modules.semantic_id.tiger_generation_model][INFO] - [rank: 0] 使用分块生成策略，num_hierarchies=10
[2025-11-14 20:19:51,516][src.models.modules.semantic_id.tiger_generation_model][INFO] - [rank: 0] 使用分块生成策略，num_hierarchies=10
[2025-11-14 20:19:53,240][src.models.modules.semantic_id.tiger_generation_model][INFO] - [rank: 0] 使用分块生成策略，num_hierarchies=10
[2025-11-14 20:19:54,010][src.models.modules.semantic_id.tiger_generation_model][INFO] - [rank: 0] 使用分块生成策略，num_hierarchies=10
[2025-11-14 20:19:55,116][src.models.modules.semantic_id.tiger_generation_model][INFO] - [rank: 0] 使用分块生成策略，num_hierarchies=10
[2025-11-14 20:19:56,386][src.models.modules.semantic_id.tiger_generation_model][INFO] - [rank: 0] 使用分块生成策略，num_hierarchies=10
[2025-11-14 20:19:57,090][src.models.modules.semantic_id.tiger_generation_model][INFO] - [rank: 0] 使用分块生成策略，num_hierarchies=10
[2025-11-14 20:19:57,894][src.models.modules.semantic_id.tiger_generation_model][INFO] - [rank: 0] 使用分块生成策略，num_hierarchies=10
[2025-11-14 20:19:58,675][src.models.modules.semantic_id.tiger_generation_model][INFO] - [rank: 0] 使用分块生成策略，num_hierarchies=10
[2025-11-14 20:19:59,635][src.models.modules.semantic_id.tiger_generation_model][INFO] - [rank: 0] 使用分块生成策略，num_hierarchies=10
[2025-11-14 20:20:00,434][src.models.modules.semantic_id.tiger_generation_model][INFO] - [rank: 0] 使用分块生成策略，num_hierarchies=10
[2025-11-14 20:20:01,470][src.models.modules.semantic_id.tiger_generation_model][INFO] - [rank: 0] 使用分块生成策略，num_hierarchies=10
[2025-11-14 20:20:03,056][src.models.modules.semantic_id.tiger_generation_model][INFO] - [rank: 0] 使用分块生成策略，num_hierarchies=10
[2025-11-14 20:20:03,951][src.models.modules.semantic_id.tiger_generation_model][INFO] - [rank: 0] 使用分块生成策略，num_hierarchies=10
[2025-11-14 20:20:04,819][src.models.modules.semantic_id.tiger_generation_model][INFO] - [rank: 0] 使用分块生成策略，num_hierarchies=10
[2025-11-14 20:20:05,798][src.models.modules.semantic_id.tiger_generation_model][INFO] - [rank: 0] 使用分块生成策略，num_hierarchies=10
[2025-11-14 20:20:06,509][src.models.modules.semantic_id.tiger_generation_model][INFO] - [rank: 0] 使用分块生成策略，num_hierarchies=10
[2025-11-14 20:20:07,326][src.models.modules.semantic_id.tiger_generation_model][INFO] - [rank: 0] 使用分块生成策略，num_hierarchies=10
[2025-11-14 20:20:08,669][src.models.modules.semantic_id.tiger_generation_model][INFO] - [rank: 0] 使用分块生成策略，num_hierarchies=10
[2025-11-14 20:20:09,449][src.models.modules.semantic_id.tiger_generation_model][INFO] - [rank: 0] 使用分块生成策略，num_hierarchies=10
[2025-11-14 20:20:10,552][src.models.modules.semantic_id.tiger_generation_model][INFO] - [rank: 0] 使用分块生成策略，num_hierarchies=10
[2025-11-14 20:20:11,708][src.models.modules.semantic_id.tiger_generation_model][INFO] - [rank: 0] 使用分块生成策略，num_hierarchies=10
[2025-11-14 20:20:12,418][src.models.modules.semantic_id.tiger_generation_model][INFO] - [rank: 0] 使用分块生成策略，num_hierarchies=10
[2025-11-14 20:20:13,214][src.models.modules.semantic_id.tiger_generation_model][INFO] - [rank: 0] 使用分块生成策略，num_hierarchies=10
[2025-11-14 20:20:13,828][src.models.modules.semantic_id.tiger_generation_model][INFO] - [rank: 0] 使用分块生成策略，num_hierarchies=10
[2025-11-14 20:20:15,100][src.models.modules.semantic_id.tiger_generation_model][INFO] - [rank: 0] 使用分块生成策略，num_hierarchies=10
[2025-11-14 20:20:15,886][src.models.modules.semantic_id.tiger_generation_model][INFO] - [rank: 0] 使用分块生成策略，num_hierarchies=10
[2025-11-14 20:20:17,471][src.models.modules.semantic_id.tiger_generation_model][INFO] - [rank: 0] 使用分块生成策略，num_hierarchies=10
[2025-11-14 20:20:18,780][src.models.modules.semantic_id.tiger_generation_model][INFO] - [rank: 0] 使用分块生成策略，num_hierarchies=10
[2025-11-14 20:20:20,096][src.models.modules.semantic_id.tiger_generation_model][INFO] - [rank: 0] 使用分块生成策略，num_hierarchies=10
[2025-11-14 20:20:21,546][src.models.modules.semantic_id.tiger_generation_model][INFO] - [rank: 0] 使用分块生成策略，num_hierarchies=10
[2025-11-14 20:20:23,045][src.models.modules.semantic_id.tiger_generation_model][INFO] - [rank: 0] 使用分块生成策略，num_hierarchies=10
[2025-11-14 20:20:24,109][src.models.modules.semantic_id.tiger_generation_model][INFO] - [rank: 0] 使用分块生成策略，num_hierarchies=10
[2025-11-14 20:20:27,720][src.models.modules.semantic_id.tiger_generation_model][INFO] - [rank: 0] 
================================================================================
[2025-11-14 20:20:27,720][src.models.modules.semantic_id.tiger_generation_model][INFO] - [rank: 0] === 生成的语义ID Embedding相似度矩阵 (平均自 704 个batch) ===
[2025-11-14 20:20:27,723][src.models.modules.semantic_id.tiger_generation_model][INFO] - [rank: 0] 
[[ 1.0000283e+00  2.8847961e-02 -1.9384142e-02 -2.5913903e-02
  -1.2500754e-02 -2.4917893e-02  4.3422736e-02  8.2412027e-03
  -4.3389471e-03 -1.9920439e-02]
 [ 2.8847961e-02  9.9997872e-01  4.3913875e-02 -1.7378250e-02
  -9.6541690e-03 -1.5054464e-02  1.6550819e-03 -5.4448016e-02
   1.8556877e-04 -8.9088576e-03]
 [-1.9384142e-02  4.3913875e-02  9.9999177e-01  9.5693124e-03
   3.7531827e-02 -1.4897779e-04  8.7750405e-03  4.3785997e-02
  -4.9693674e-02 -1.2955233e-02]
 [-2.5913903e-02 -1.7378250e-02  9.5693124e-03  9.9997586e-01
   3.6898707e-03 -1.0411817e-03 -3.2665197e-02 -1.9403180e-03
  -4.8772222e-03  1.7756006e-02]
 [-1.2500754e-02 -9.6541690e-03  3.7531827e-02  3.6898707e-03
   9.9998939e-01  6.3911476e-03  1.7586555e-02 -1.4155664e-02
   1.1856653e-02  3.2053072e-02]
 [-2.4917893e-02 -1.5054464e-02 -1.4897779e-04 -1.0411817e-03
   6.3911476e-03  9.9998760e-01 -2.0742894e-03 -1.8676210e-02
   3.7940487e-02  1.7412590e-02]
 [ 4.3422736e-02  1.6550819e-03  8.7750405e-03 -3.2665197e-02
   1.7586555e-02 -2.0742894e-03  9.9998850e-01 -3.1540483e-02
   3.6296681e-02 -2.7112808e-02]
 [ 8.2412027e-03 -5.4448016e-02  4.3785997e-02 -1.9403180e-03
  -1.4155664e-02 -1.8676210e-02 -3.1540483e-02  9.9997991e-01
  -7.6074809e-02  3.0071190e-02]
 [-4.3389471e-03  1.8556877e-04 -4.9693674e-02 -4.8772222e-03
   1.1856653e-02  3.7940487e-02  3.6296681e-02 -7.6074809e-02
   9.9999440e-01  8.8209379e-04]
 [-1.9920439e-02 -8.9088576e-03 -1.2955233e-02  1.7756006e-02
   3.2053072e-02  1.7412590e-02 -2.7112808e-02  3.0071190e-02
   8.8209379e-04  9.9996310e-01]]
[2025-11-14 20:20:27,723][src.models.modules.semantic_id.tiger_generation_model][INFO] - [rank: 0] ================================================================================

[2025-11-14 20:20:27,724][src.models.modules.semantic_id.tiger_generation_model][INFO] - [rank: 0] 
================================================================================
[2025-11-14 20:20:27,724][src.models.modules.semantic_id.tiger_generation_model][INFO] - [rank: 0] === 输入序列中每个Item的Hierarchy Embedding相似度矩阵 (平均自 704 个batch) ===
[2025-11-14 20:20:27,726][src.models.modules.semantic_id.tiger_generation_model][INFO] - [rank: 0] 
[[ 1.00000143e+00 -9.04672081e-04 -1.78655901e-03 -1.60833809e-03
  -9.19808110e-04 -1.30476046e-03 -6.05493318e-04 -3.19020730e-03
   2.07728895e-04 -8.83347169e-03]
 [-9.04672081e-04  1.00000370e+00 -1.56289409e-03  8.25825380e-04
   4.11870377e-03 -6.97473937e-04  4.38762084e-03  7.35919748e-04
  -7.75422202e-04  1.47423595e-02]
 [-1.78655901e-03 -1.56289409e-03  9.99995291e-01  2.44536728e-04
  -5.46359341e-04 -1.29674783e-03 -2.39707049e-04 -1.12687179e-03
  -1.72409345e-03  1.30054168e-03]
 [-1.60833809e-03  8.25825380e-04  2.44536728e-04  9.99984980e-01
  -6.83254621e-04  1.54661120e-05 -1.03903643e-03 -2.88261130e-04
  -2.55346880e-03 -2.69163563e-03]
 [-9.19808110e-04  4.11870377e-03 -5.46359341e-04 -6.83254621e-04
   9.99999225e-01  2.35906191e-04  7.95408385e-04  5.94128796e-04
  -1.96172507e-03 -7.68585317e-03]
 [-1.30476046e-03 -6.97473937e-04 -1.29674783e-03  1.54661120e-05
   2.35906191e-04  1.00000143e+00 -2.86797411e-03  2.25357348e-04
  -1.23561942e-03  5.40428376e-03]
 [-6.05493318e-04  4.38762084e-03 -2.39707049e-04 -1.03903643e-03
   7.95408385e-04 -2.86797411e-03  9.99996185e-01  2.18581199e-03
  -2.15605786e-03 -7.43745873e-03]
 [-3.19020730e-03  7.35919748e-04 -1.12687179e-03 -2.88261130e-04
   5.94128796e-04  2.25357348e-04  2.18581199e-03  9.99997854e-01
  -3.40877497e-03  4.75894986e-03]
 [ 2.07728895e-04 -7.75422202e-04 -1.72409345e-03 -2.55346880e-03
  -1.96172507e-03 -1.23561942e-03 -2.15605786e-03 -3.40877497e-03
   1.00000155e+00  1.52755268e-02]
 [-8.83347169e-03  1.47423595e-02  1.30054168e-03 -2.69163563e-03
  -7.68585317e-03  5.40428376e-03 -7.43745873e-03  4.75894986e-03
   1.52755268e-02  9.99960363e-01]]
[2025-11-14 20:20:27,727][src.models.modules.semantic_id.tiger_generation_model][INFO] - [rank: 0] ================================================================================

[2025-11-14 20:20:27,872][src.models.modules.semantic_id.tiger_generation_model][INFO] - [rank: 0] 
================================================================================
[2025-11-14 20:20:27,873][src.models.modules.semantic_id.tiger_generation_model][INFO] - [rank: 0] === 按流行度分组的评测指标（累计到当前阶段）===
[2025-11-14 20:20:27,873][src.models.modules.semantic_id.tiger_generation_model][INFO] - [rank: 0] [Body] ndcg@5: 0.008682  ndcg@10: 0.008682  recall@5: 0.011507  recall@10: 0.011507
[2025-11-14 20:20:27,873][src.models.modules.semantic_id.tiger_generation_model][INFO] - [rank: 0] [Head] ndcg@5: 0.011571  ndcg@10: 0.011571  recall@5: 0.015916  recall@10: 0.015916
[2025-11-14 20:20:27,874][src.models.modules.semantic_id.tiger_generation_model][INFO] - [rank: 0] [Tail] ndcg@5: 0.006067  ndcg@10: 0.006067  recall@5: 0.008024  recall@10: 0.008024
[2025-11-14 20:20:27,874][src.models.modules.semantic_id.tiger_generation_model][INFO] - [rank: 0] ================================================================================

[2025-11-14 20:51:36,534][src.models.modules.semantic_id.tiger_generation_model][INFO] - [rank: 0] 使用分块生成策略，num_hierarchies=10
[2025-11-14 20:51:37,292][src.models.modules.semantic_id.tiger_generation_model][INFO] - [rank: 0] 使用分块生成策略，num_hierarchies=10
[2025-11-14 20:51:38,184][src.models.modules.semantic_id.tiger_generation_model][INFO] - [rank: 0] 使用分块生成策略，num_hierarchies=10
[2025-11-14 20:51:39,063][src.models.modules.semantic_id.tiger_generation_model][INFO] - [rank: 0] 使用分块生成策略，num_hierarchies=10
[2025-11-14 20:51:39,916][src.models.modules.semantic_id.tiger_generation_model][INFO] - [rank: 0] 使用分块生成策略，num_hierarchies=10
[2025-11-14 20:51:40,944][src.models.modules.semantic_id.tiger_generation_model][INFO] - [rank: 0] 使用分块生成策略，num_hierarchies=10
[2025-11-14 20:51:41,807][src.models.modules.semantic_id.tiger_generation_model][INFO] - [rank: 0] 使用分块生成策略，num_hierarchies=10
[2025-11-14 20:51:42,698][src.models.modules.semantic_id.tiger_generation_model][INFO] - [rank: 0] 使用分块生成策略，num_hierarchies=10
[2025-11-14 20:51:43,624][src.models.modules.semantic_id.tiger_generation_model][INFO] - [rank: 0] 使用分块生成策略，num_hierarchies=10
[2025-11-14 20:51:44,440][src.models.modules.semantic_id.tiger_generation_model][INFO] - [rank: 0] 使用分块生成策略，num_hierarchies=10
[2025-11-14 20:51:45,219][src.models.modules.semantic_id.tiger_generation_model][INFO] - [rank: 0] 使用分块生成策略，num_hierarchies=10
[2025-11-14 20:51:46,009][src.models.modules.semantic_id.tiger_generation_model][INFO] - [rank: 0] 使用分块生成策略，num_hierarchies=10
[2025-11-14 20:51:46,774][src.models.modules.semantic_id.tiger_generation_model][INFO] - [rank: 0] 使用分块生成策略，num_hierarchies=10
[2025-11-14 20:51:47,727][src.models.modules.semantic_id.tiger_generation_model][INFO] - [rank: 0] 使用分块生成策略，num_hierarchies=10
[2025-11-14 20:51:48,636][src.models.modules.semantic_id.tiger_generation_model][INFO] - [rank: 0] 使用分块生成策略，num_hierarchies=10
[2025-11-14 20:51:49,641][src.models.modules.semantic_id.tiger_generation_model][INFO] - [rank: 0] 使用分块生成策略，num_hierarchies=10
[2025-11-14 20:51:50,602][src.models.modules.semantic_id.tiger_generation_model][INFO] - [rank: 0] 使用分块生成策略，num_hierarchies=10
[2025-11-14 20:51:51,567][src.models.modules.semantic_id.tiger_generation_model][INFO] - [rank: 0] 使用分块生成策略，num_hierarchies=10
[2025-11-14 20:51:52,421][src.models.modules.semantic_id.tiger_generation_model][INFO] - [rank: 0] 使用分块生成策略，num_hierarchies=10
[2025-11-14 20:51:53,203][src.models.modules.semantic_id.tiger_generation_model][INFO] - [rank: 0] 使用分块生成策略，num_hierarchies=10
[2025-11-14 20:51:53,958][src.models.modules.semantic_id.tiger_generation_model][INFO] - [rank: 0] 使用分块生成策略，num_hierarchies=10
[2025-11-14 20:51:54,815][src.models.modules.semantic_id.tiger_generation_model][INFO] - [rank: 0] 使用分块生成策略，num_hierarchies=10
[2025-11-14 20:51:55,702][src.models.modules.semantic_id.tiger_generation_model][INFO] - [rank: 0] 使用分块生成策略，num_hierarchies=10
[2025-11-14 20:51:56,557][src.models.modules.semantic_id.tiger_generation_model][INFO] - [rank: 0] 使用分块生成策略，num_hierarchies=10
[2025-11-14 20:51:57,416][src.models.modules.semantic_id.tiger_generation_model][INFO] - [rank: 0] 使用分块生成策略，num_hierarchies=10
[2025-11-14 20:51:58,298][src.models.modules.semantic_id.tiger_generation_model][INFO] - [rank: 0] 使用分块生成策略，num_hierarchies=10
[2025-11-14 20:51:59,196][src.models.modules.semantic_id.tiger_generation_model][INFO] - [rank: 0] 使用分块生成策略，num_hierarchies=10
[2025-11-14 20:52:00,105][src.models.modules.semantic_id.tiger_generation_model][INFO] - [rank: 0] 使用分块生成策略，num_hierarchies=10
[2025-11-14 20:52:00,982][src.models.modules.semantic_id.tiger_generation_model][INFO] - [rank: 0] 使用分块生成策略，num_hierarchies=10
[2025-11-14 20:52:01,793][src.models.modules.semantic_id.tiger_generation_model][INFO] - [rank: 0] 使用分块生成策略，num_hierarchies=10
[2025-11-14 20:52:02,622][src.models.modules.semantic_id.tiger_generation_model][INFO] - [rank: 0] 使用分块生成策略，num_hierarchies=10
[2025-11-14 20:52:03,471][src.models.modules.semantic_id.tiger_generation_model][INFO] - [rank: 0] 使用分块生成策略，num_hierarchies=10
[2025-11-14 20:52:04,392][src.models.modules.semantic_id.tiger_generation_model][INFO] - [rank: 0] 使用分块生成策略，num_hierarchies=10
[2025-11-14 20:52:05,290][src.models.modules.semantic_id.tiger_generation_model][INFO] - [rank: 0] 使用分块生成策略，num_hierarchies=10
[2025-11-14 20:52:06,157][src.models.modules.semantic_id.tiger_generation_model][INFO] - [rank: 0] 使用分块生成策略，num_hierarchies=10
[2025-11-14 20:52:07,153][src.models.modules.semantic_id.tiger_generation_model][INFO] - [rank: 0] 使用分块生成策略，num_hierarchies=10
[2025-11-14 20:52:07,920][src.models.modules.semantic_id.tiger_generation_model][INFO] - [rank: 0] 使用分块生成策略，num_hierarchies=10
[2025-11-14 20:52:08,709][src.models.modules.semantic_id.tiger_generation_model][INFO] - [rank: 0] 使用分块生成策略，num_hierarchies=10
[2025-11-14 20:52:09,548][src.models.modules.semantic_id.tiger_generation_model][INFO] - [rank: 0] 使用分块生成策略，num_hierarchies=10
[2025-11-14 20:52:10,367][src.models.modules.semantic_id.tiger_generation_model][INFO] - [rank: 0] 使用分块生成策略，num_hierarchies=10
[2025-11-14 20:52:11,349][src.models.modules.semantic_id.tiger_generation_model][INFO] - [rank: 0] 使用分块生成策略，num_hierarchies=10
[2025-11-14 20:52:12,291][src.models.modules.semantic_id.tiger_generation_model][INFO] - [rank: 0] 使用分块生成策略，num_hierarchies=10
[2025-11-14 20:52:13,173][src.models.modules.semantic_id.tiger_generation_model][INFO] - [rank: 0] 使用分块生成策略，num_hierarchies=10
[2025-11-14 20:52:14,006][src.models.modules.semantic_id.tiger_generation_model][INFO] - [rank: 0] 使用分块生成策略，num_hierarchies=10
[2025-11-14 20:52:14,869][src.models.modules.semantic_id.tiger_generation_model][INFO] - [rank: 0] 使用分块生成策略，num_hierarchies=10
[2025-11-14 20:52:15,804][src.models.modules.semantic_id.tiger_generation_model][INFO] - [rank: 0] 使用分块生成策略，num_hierarchies=10
[2025-11-14 20:52:16,537][src.models.modules.semantic_id.tiger_generation_model][INFO] - [rank: 0] 使用分块生成策略，num_hierarchies=10
[2025-11-14 20:52:17,253][src.models.modules.semantic_id.tiger_generation_model][INFO] - [rank: 0] 使用分块生成策略，num_hierarchies=10
[2025-11-14 20:52:18,007][src.models.modules.semantic_id.tiger_generation_model][INFO] - [rank: 0] 使用分块生成策略，num_hierarchies=10
[2025-11-14 20:52:18,708][src.models.modules.semantic_id.tiger_generation_model][INFO] - [rank: 0] 使用分块生成策略，num_hierarchies=10
[2025-11-14 20:52:19,450][src.models.modules.semantic_id.tiger_generation_model][INFO] - [rank: 0] 使用分块生成策略，num_hierarchies=10
[2025-11-14 20:52:20,220][src.models.modules.semantic_id.tiger_generation_model][INFO] - [rank: 0] 使用分块生成策略，num_hierarchies=10
[2025-11-14 20:52:21,165][src.models.modules.semantic_id.tiger_generation_model][INFO] - [rank: 0] 使用分块生成策略，num_hierarchies=10
[2025-11-14 20:52:22,122][src.models.modules.semantic_id.tiger_generation_model][INFO] - [rank: 0] 使用分块生成策略，num_hierarchies=10
[2025-11-14 20:52:22,979][src.models.modules.semantic_id.tiger_generation_model][INFO] - [rank: 0] 使用分块生成策略，num_hierarchies=10
[2025-11-14 20:52:23,824][src.models.modules.semantic_id.tiger_generation_model][INFO] - [rank: 0] 使用分块生成策略，num_hierarchies=10
[2025-11-14 20:52:24,693][src.models.modules.semantic_id.tiger_generation_model][INFO] - [rank: 0] 使用分块生成策略，num_hierarchies=10
[2025-11-14 20:52:25,478][src.models.modules.semantic_id.tiger_generation_model][INFO] - [rank: 0] 使用分块生成策略，num_hierarchies=10
[2025-11-14 20:52:26,294][src.models.modules.semantic_id.tiger_generation_model][INFO] - [rank: 0] 使用分块生成策略，num_hierarchies=10
[2025-11-14 20:52:27,089][src.models.modules.semantic_id.tiger_generation_model][INFO] - [rank: 0] 使用分块生成策略，num_hierarchies=10
[2025-11-14 20:52:28,046][src.models.modules.semantic_id.tiger_generation_model][INFO] - [rank: 0] 使用分块生成策略，num_hierarchies=10
[2025-11-14 20:52:28,965][src.models.modules.semantic_id.tiger_generation_model][INFO] - [rank: 0] 使用分块生成策略，num_hierarchies=10
[2025-11-14 20:52:29,917][src.models.modules.semantic_id.tiger_generation_model][INFO] - [rank: 0] 使用分块生成策略，num_hierarchies=10
[2025-11-14 20:52:30,780][src.models.modules.semantic_id.tiger_generation_model][INFO] - [rank: 0] 使用分块生成策略，num_hierarchies=10
[2025-11-14 20:52:31,672][src.models.modules.semantic_id.tiger_generation_model][INFO] - [rank: 0] 使用分块生成策略，num_hierarchies=10
[2025-11-14 20:52:32,571][src.models.modules.semantic_id.tiger_generation_model][INFO] - [rank: 0] 使用分块生成策略，num_hierarchies=10
[2025-11-14 20:52:33,416][src.models.modules.semantic_id.tiger_generation_model][INFO] - [rank: 0] 使用分块生成策略，num_hierarchies=10
[2025-11-14 20:52:34,185][src.models.modules.semantic_id.tiger_generation_model][INFO] - [rank: 0] 使用分块生成策略，num_hierarchies=10
[2025-11-14 20:52:35,071][src.models.modules.semantic_id.tiger_generation_model][INFO] - [rank: 0] 使用分块生成策略，num_hierarchies=10
[2025-11-14 20:52:35,936][src.models.modules.semantic_id.tiger_generation_model][INFO] - [rank: 0] 使用分块生成策略，num_hierarchies=10
[2025-11-14 20:52:36,816][src.models.modules.semantic_id.tiger_generation_model][INFO] - [rank: 0] 使用分块生成策略，num_hierarchies=10
[2025-11-14 20:52:37,842][src.models.modules.semantic_id.tiger_generation_model][INFO] - [rank: 0] 使用分块生成策略，num_hierarchies=10
[2025-11-14 20:52:38,703][src.models.modules.semantic_id.tiger_generation_model][INFO] - [rank: 0] 使用分块生成策略，num_hierarchies=10
[2025-11-14 20:52:39,601][src.models.modules.semantic_id.tiger_generation_model][INFO] - [rank: 0] 使用分块生成策略，num_hierarchies=10
[2025-11-14 20:52:40,379][src.models.modules.semantic_id.tiger_generation_model][INFO] - [rank: 0] 使用分块生成策略，num_hierarchies=10
[2025-11-14 20:52:42,048][src.models.modules.semantic_id.tiger_generation_model][INFO] - [rank: 0] 使用分块生成策略，num_hierarchies=10
[2025-11-14 20:52:43,399][src.models.modules.semantic_id.tiger_generation_model][INFO] - [rank: 0] 使用分块生成策略，num_hierarchies=10
[2025-11-14 20:52:45,265][src.models.modules.semantic_id.tiger_generation_model][INFO] - [rank: 0] 使用分块生成策略，num_hierarchies=10
[2025-11-14 20:52:46,930][src.models.modules.semantic_id.tiger_generation_model][INFO] - [rank: 0] 使用分块生成策略，num_hierarchies=10
[2025-11-14 20:52:48,232][src.models.modules.semantic_id.tiger_generation_model][INFO] - [rank: 0] 使用分块生成策略，num_hierarchies=10
[2025-11-14 20:52:49,617][src.models.modules.semantic_id.tiger_generation_model][INFO] - [rank: 0] 使用分块生成策略，num_hierarchies=10
[2025-11-14 20:52:51,006][src.models.modules.semantic_id.tiger_generation_model][INFO] - [rank: 0] 使用分块生成策略，num_hierarchies=10
[2025-11-14 20:52:52,405][src.models.modules.semantic_id.tiger_generation_model][INFO] - [rank: 0] 使用分块生成策略，num_hierarchies=10
[2025-11-14 20:52:53,551][src.models.modules.semantic_id.tiger_generation_model][INFO] - [rank: 0] 使用分块生成策略，num_hierarchies=10
[2025-11-14 20:52:54,650][src.models.modules.semantic_id.tiger_generation_model][INFO] - [rank: 0] 使用分块生成策略，num_hierarchies=10
[2025-11-14 20:52:55,571][src.models.modules.semantic_id.tiger_generation_model][INFO] - [rank: 0] 使用分块生成策略，num_hierarchies=10
[2025-11-14 20:52:56,508][src.models.modules.semantic_id.tiger_generation_model][INFO] - [rank: 0] 使用分块生成策略，num_hierarchies=10
[2025-11-14 20:52:57,456][src.models.modules.semantic_id.tiger_generation_model][INFO] - [rank: 0] 使用分块生成策略，num_hierarchies=10
[2025-11-14 20:52:58,248][src.models.modules.semantic_id.tiger_generation_model][INFO] - [rank: 0] 使用分块生成策略，num_hierarchies=10
[2025-11-14 20:52:59,382][src.models.modules.semantic_id.tiger_generation_model][INFO] - [rank: 0] 使用分块生成策略，num_hierarchies=10
[2025-11-14 20:53:00,230][src.models.modules.semantic_id.tiger_generation_model][INFO] - [rank: 0] 使用分块生成策略，num_hierarchies=10
[2025-11-14 20:53:01,093][src.models.modules.semantic_id.tiger_generation_model][INFO] - [rank: 0] 使用分块生成策略，num_hierarchies=10
[2025-11-14 20:53:02,197][src.models.modules.semantic_id.tiger_generation_model][INFO] - [rank: 0] 使用分块生成策略，num_hierarchies=10
[2025-11-14 20:53:03,363][src.models.modules.semantic_id.tiger_generation_model][INFO] - [rank: 0] 使用分块生成策略，num_hierarchies=10
[2025-11-14 20:53:04,041][src.models.modules.semantic_id.tiger_generation_model][INFO] - [rank: 0] 使用分块生成策略，num_hierarchies=10
[2025-11-14 20:53:05,204][src.models.modules.semantic_id.tiger_generation_model][INFO] - [rank: 0] 使用分块生成策略，num_hierarchies=10
[2025-11-14 20:53:06,258][src.models.modules.semantic_id.tiger_generation_model][INFO] - [rank: 0] 使用分块生成策略，num_hierarchies=10
[2025-11-14 20:53:07,191][src.models.modules.semantic_id.tiger_generation_model][INFO] - [rank: 0] 使用分块生成策略，num_hierarchies=10
[2025-11-14 20:53:07,958][src.models.modules.semantic_id.tiger_generation_model][INFO] - [rank: 0] 使用分块生成策略，num_hierarchies=10
[2025-11-14 20:53:08,772][src.models.modules.semantic_id.tiger_generation_model][INFO] - [rank: 0] 使用分块生成策略，num_hierarchies=10
[2025-11-14 20:53:09,759][src.models.modules.semantic_id.tiger_generation_model][INFO] - [rank: 0] 使用分块生成策略，num_hierarchies=10
[2025-11-14 20:53:10,647][src.models.modules.semantic_id.tiger_generation_model][INFO] - [rank: 0] 使用分块生成策略，num_hierarchies=10
[2025-11-14 20:53:11,554][src.models.modules.semantic_id.tiger_generation_model][INFO] - [rank: 0] 使用分块生成策略，num_hierarchies=10
[2025-11-14 20:53:12,368][src.models.modules.semantic_id.tiger_generation_model][INFO] - [rank: 0] 使用分块生成策略，num_hierarchies=10
[2025-11-14 20:53:13,509][src.models.modules.semantic_id.tiger_generation_model][INFO] - [rank: 0] 使用分块生成策略，num_hierarchies=10
[2025-11-14 20:53:14,531][src.models.modules.semantic_id.tiger_generation_model][INFO] - [rank: 0] 使用分块生成策略，num_hierarchies=10
[2025-11-14 20:53:15,246][src.models.modules.semantic_id.tiger_generation_model][INFO] - [rank: 0] 使用分块生成策略，num_hierarchies=10
[2025-11-14 20:53:15,977][src.models.modules.semantic_id.tiger_generation_model][INFO] - [rank: 0] 使用分块生成策略，num_hierarchies=10
[2025-11-14 20:53:16,828][src.models.modules.semantic_id.tiger_generation_model][INFO] - [rank: 0] 使用分块生成策略，num_hierarchies=10
[2025-11-14 20:53:17,650][src.models.modules.semantic_id.tiger_generation_model][INFO] - [rank: 0] 使用分块生成策略，num_hierarchies=10
[2025-11-14 20:53:18,836][src.models.modules.semantic_id.tiger_generation_model][INFO] - [rank: 0] 使用分块生成策略，num_hierarchies=10
[2025-11-14 20:53:19,593][src.models.modules.semantic_id.tiger_generation_model][INFO] - [rank: 0] 使用分块生成策略，num_hierarchies=10
[2025-11-14 20:53:20,573][src.models.modules.semantic_id.tiger_generation_model][INFO] - [rank: 0] 使用分块生成策略，num_hierarchies=10
[2025-11-14 20:53:21,392][src.models.modules.semantic_id.tiger_generation_model][INFO] - [rank: 0] 使用分块生成策略，num_hierarchies=10
[2025-11-14 20:53:22,501][src.models.modules.semantic_id.tiger_generation_model][INFO] - [rank: 0] 使用分块生成策略，num_hierarchies=10
[2025-11-14 20:53:23,780][src.models.modules.semantic_id.tiger_generation_model][INFO] - [rank: 0] 使用分块生成策略，num_hierarchies=10
[2025-11-14 20:53:24,929][src.models.modules.semantic_id.tiger_generation_model][INFO] - [rank: 0] 使用分块生成策略，num_hierarchies=10
[2025-11-14 20:53:25,775][src.models.modules.semantic_id.tiger_generation_model][INFO] - [rank: 0] 使用分块生成策略，num_hierarchies=10
[2025-11-14 20:53:26,982][src.models.modules.semantic_id.tiger_generation_model][INFO] - [rank: 0] 使用分块生成策略，num_hierarchies=10
[2025-11-14 20:53:28,272][src.models.modules.semantic_id.tiger_generation_model][INFO] - [rank: 0] 使用分块生成策略，num_hierarchies=10
[2025-11-14 20:53:29,621][src.models.modules.semantic_id.tiger_generation_model][INFO] - [rank: 0] 使用分块生成策略，num_hierarchies=10
[2025-11-14 20:53:30,352][src.models.modules.semantic_id.tiger_generation_model][INFO] - [rank: 0] 使用分块生成策略，num_hierarchies=10
[2025-11-14 20:53:31,535][src.models.modules.semantic_id.tiger_generation_model][INFO] - [rank: 0] 使用分块生成策略，num_hierarchies=10
[2025-11-14 20:53:32,677][src.models.modules.semantic_id.tiger_generation_model][INFO] - [rank: 0] 使用分块生成策略，num_hierarchies=10
[2025-11-14 20:53:33,417][src.models.modules.semantic_id.tiger_generation_model][INFO] - [rank: 0] 使用分块生成策略，num_hierarchies=10
[2025-11-14 20:53:34,132][src.models.modules.semantic_id.tiger_generation_model][INFO] - [rank: 0] 使用分块生成策略，num_hierarchies=10
[2025-11-14 20:53:34,860][src.models.modules.semantic_id.tiger_generation_model][INFO] - [rank: 0] 使用分块生成策略，num_hierarchies=10
[2025-11-14 20:53:35,687][src.models.modules.semantic_id.tiger_generation_model][INFO] - [rank: 0] 使用分块生成策略，num_hierarchies=10
[2025-11-14 20:53:36,427][src.models.modules.semantic_id.tiger_generation_model][INFO] - [rank: 0] 使用分块生成策略，num_hierarchies=10
[2025-11-14 20:53:37,316][src.models.modules.semantic_id.tiger_generation_model][INFO] - [rank: 0] 使用分块生成策略，num_hierarchies=10
[2025-11-14 20:53:38,453][src.models.modules.semantic_id.tiger_generation_model][INFO] - [rank: 0] 使用分块生成策略，num_hierarchies=10
[2025-11-14 20:53:39,861][src.models.modules.semantic_id.tiger_generation_model][INFO] - [rank: 0] 使用分块生成策略，num_hierarchies=10
[2025-11-14 20:53:41,021][src.models.modules.semantic_id.tiger_generation_model][INFO] - [rank: 0] 使用分块生成策略，num_hierarchies=10
[2025-11-14 20:53:41,897][src.models.modules.semantic_id.tiger_generation_model][INFO] - [rank: 0] 使用分块生成策略，num_hierarchies=10
[2025-11-14 20:53:42,692][src.models.modules.semantic_id.tiger_generation_model][INFO] - [rank: 0] 使用分块生成策略，num_hierarchies=10
[2025-11-14 20:53:43,586][src.models.modules.semantic_id.tiger_generation_model][INFO] - [rank: 0] 使用分块生成策略，num_hierarchies=10
[2025-11-14 20:53:44,415][src.models.modules.semantic_id.tiger_generation_model][INFO] - [rank: 0] 使用分块生成策略，num_hierarchies=10
[2025-11-14 20:53:45,108][src.models.modules.semantic_id.tiger_generation_model][INFO] - [rank: 0] 使用分块生成策略，num_hierarchies=10
[2025-11-14 20:53:45,742][src.models.modules.semantic_id.tiger_generation_model][INFO] - [rank: 0] 使用分块生成策略，num_hierarchies=10
[2025-11-14 20:53:46,404][src.models.modules.semantic_id.tiger_generation_model][INFO] - [rank: 0] 使用分块生成策略，num_hierarchies=10
[2025-11-14 20:53:47,149][src.models.modules.semantic_id.tiger_generation_model][INFO] - [rank: 0] 使用分块生成策略，num_hierarchies=10
[2025-11-14 20:53:47,855][src.models.modules.semantic_id.tiger_generation_model][INFO] - [rank: 0] 使用分块生成策略，num_hierarchies=10
[2025-11-14 20:53:48,630][src.models.modules.semantic_id.tiger_generation_model][INFO] - [rank: 0] 使用分块生成策略，num_hierarchies=10
[2025-11-14 20:53:49,831][src.models.modules.semantic_id.tiger_generation_model][INFO] - [rank: 0] 使用分块生成策略，num_hierarchies=10
[2025-11-14 20:53:51,213][src.models.modules.semantic_id.tiger_generation_model][INFO] - [rank: 0] 使用分块生成策略，num_hierarchies=10
[2025-11-14 20:53:52,615][src.models.modules.semantic_id.tiger_generation_model][INFO] - [rank: 0] 使用分块生成策略，num_hierarchies=10
[2025-11-14 20:53:53,851][src.models.modules.semantic_id.tiger_generation_model][INFO] - [rank: 0] 使用分块生成策略，num_hierarchies=10
[2025-11-14 20:53:55,143][src.models.modules.semantic_id.tiger_generation_model][INFO] - [rank: 0] 使用分块生成策略，num_hierarchies=10
[2025-11-14 20:53:55,847][src.models.modules.semantic_id.tiger_generation_model][INFO] - [rank: 0] 使用分块生成策略，num_hierarchies=10
[2025-11-14 20:53:56,679][src.models.modules.semantic_id.tiger_generation_model][INFO] - [rank: 0] 使用分块生成策略，num_hierarchies=10
[2025-11-14 20:53:57,465][src.models.modules.semantic_id.tiger_generation_model][INFO] - [rank: 0] 使用分块生成策略，num_hierarchies=10
[2025-11-14 20:53:58,292][src.models.modules.semantic_id.tiger_generation_model][INFO] - [rank: 0] 使用分块生成策略，num_hierarchies=10
[2025-11-14 20:53:59,195][src.models.modules.semantic_id.tiger_generation_model][INFO] - [rank: 0] 使用分块生成策略，num_hierarchies=10
[2025-11-14 20:54:00,143][src.models.modules.semantic_id.tiger_generation_model][INFO] - [rank: 0] 使用分块生成策略，num_hierarchies=10
[2025-11-14 20:54:01,067][src.models.modules.semantic_id.tiger_generation_model][INFO] - [rank: 0] 使用分块生成策略，num_hierarchies=10
[2025-11-14 20:54:01,911][src.models.modules.semantic_id.tiger_generation_model][INFO] - [rank: 0] 使用分块生成策略，num_hierarchies=10
[2025-11-14 20:54:02,867][src.models.modules.semantic_id.tiger_generation_model][INFO] - [rank: 0] 使用分块生成策略，num_hierarchies=10
[2025-11-14 20:54:04,043][src.models.modules.semantic_id.tiger_generation_model][INFO] - [rank: 0] 使用分块生成策略，num_hierarchies=10
[2025-11-14 20:54:04,824][src.models.modules.semantic_id.tiger_generation_model][INFO] - [rank: 0] 使用分块生成策略，num_hierarchies=10
[2025-11-14 20:54:06,021][src.models.modules.semantic_id.tiger_generation_model][INFO] - [rank: 0] 使用分块生成策略，num_hierarchies=10
[2025-11-14 20:54:07,125][src.models.modules.semantic_id.tiger_generation_model][INFO] - [rank: 0] 使用分块生成策略，num_hierarchies=10
[2025-11-14 20:54:07,931][src.models.modules.semantic_id.tiger_generation_model][INFO] - [rank: 0] 使用分块生成策略，num_hierarchies=10
[2025-11-14 20:54:08,733][src.models.modules.semantic_id.tiger_generation_model][INFO] - [rank: 0] 使用分块生成策略，num_hierarchies=10
[2025-11-14 20:54:09,512][src.models.modules.semantic_id.tiger_generation_model][INFO] - [rank: 0] 使用分块生成策略，num_hierarchies=10
[2025-11-14 20:54:10,396][src.models.modules.semantic_id.tiger_generation_model][INFO] - [rank: 0] 使用分块生成策略，num_hierarchies=10
[2025-11-14 20:54:11,256][src.models.modules.semantic_id.tiger_generation_model][INFO] - [rank: 0] 使用分块生成策略，num_hierarchies=10
[2025-11-14 20:54:12,244][src.models.modules.semantic_id.tiger_generation_model][INFO] - [rank: 0] 使用分块生成策略，num_hierarchies=10
[2025-11-14 20:54:13,161][src.models.modules.semantic_id.tiger_generation_model][INFO] - [rank: 0] 使用分块生成策略，num_hierarchies=10
[2025-11-14 20:54:14,155][src.models.modules.semantic_id.tiger_generation_model][INFO] - [rank: 0] 使用分块生成策略，num_hierarchies=10
[2025-11-14 20:54:15,439][src.models.modules.semantic_id.tiger_generation_model][INFO] - [rank: 0] 使用分块生成策略，num_hierarchies=10
[2025-11-14 20:54:16,265][src.models.modules.semantic_id.tiger_generation_model][INFO] - [rank: 0] 使用分块生成策略，num_hierarchies=10
[2025-11-14 20:54:18,349][src.models.modules.semantic_id.tiger_generation_model][INFO] - [rank: 0] 使用分块生成策略，num_hierarchies=10
[2025-11-14 20:54:19,403][src.models.modules.semantic_id.tiger_generation_model][INFO] - [rank: 0] 使用分块生成策略，num_hierarchies=10
[2025-11-14 20:54:20,042][src.models.modules.semantic_id.tiger_generation_model][INFO] - [rank: 0] 使用分块生成策略，num_hierarchies=10
[2025-11-14 20:54:20,715][src.models.modules.semantic_id.tiger_generation_model][INFO] - [rank: 0] 使用分块生成策略，num_hierarchies=10
[2025-11-14 20:54:21,422][src.models.modules.semantic_id.tiger_generation_model][INFO] - [rank: 0] 使用分块生成策略，num_hierarchies=10
[2025-11-14 20:54:22,066][src.models.modules.semantic_id.tiger_generation_model][INFO] - [rank: 0] 使用分块生成策略，num_hierarchies=10
[2025-11-14 20:54:22,691][src.models.modules.semantic_id.tiger_generation_model][INFO] - [rank: 0] 使用分块生成策略，num_hierarchies=10
[2025-11-14 20:54:23,365][src.models.modules.semantic_id.tiger_generation_model][INFO] - [rank: 0] 使用分块生成策略，num_hierarchies=10
[2025-11-14 20:54:24,066][src.models.modules.semantic_id.tiger_generation_model][INFO] - [rank: 0] 使用分块生成策略，num_hierarchies=10
[2025-11-14 20:54:24,893][src.models.modules.semantic_id.tiger_generation_model][INFO] - [rank: 0] 使用分块生成策略，num_hierarchies=10
[2025-11-14 20:54:25,930][src.models.modules.semantic_id.tiger_generation_model][INFO] - [rank: 0] 使用分块生成策略，num_hierarchies=10
[2025-11-14 20:54:26,579][src.models.modules.semantic_id.tiger_generation_model][INFO] - [rank: 0] 使用分块生成策略，num_hierarchies=10
[2025-11-14 20:54:27,235][src.models.modules.semantic_id.tiger_generation_model][INFO] - [rank: 0] 使用分块生成策略，num_hierarchies=10
[2025-11-14 20:54:28,126][src.models.modules.semantic_id.tiger_generation_model][INFO] - [rank: 0] 使用分块生成策略，num_hierarchies=10
[2025-11-14 20:54:29,342][src.models.modules.semantic_id.tiger_generation_model][INFO] - [rank: 0] 使用分块生成策略，num_hierarchies=10
[2025-11-14 20:54:30,492][src.models.modules.semantic_id.tiger_generation_model][INFO] - [rank: 0] 使用分块生成策略，num_hierarchies=10
[2025-11-14 20:54:31,473][src.models.modules.semantic_id.tiger_generation_model][INFO] - [rank: 0] 使用分块生成策略，num_hierarchies=10
[2025-11-14 20:54:32,157][src.models.modules.semantic_id.tiger_generation_model][INFO] - [rank: 0] 使用分块生成策略，num_hierarchies=10
[2025-11-14 20:54:32,855][src.models.modules.semantic_id.tiger_generation_model][INFO] - [rank: 0] 使用分块生成策略，num_hierarchies=10
[2025-11-14 20:54:33,544][src.models.modules.semantic_id.tiger_generation_model][INFO] - [rank: 0] 使用分块生成策略，num_hierarchies=10
[2025-11-14 20:54:34,204][src.models.modules.semantic_id.tiger_generation_model][INFO] - [rank: 0] 使用分块生成策略，num_hierarchies=10
[2025-11-14 20:54:34,855][src.models.modules.semantic_id.tiger_generation_model][INFO] - [rank: 0] 使用分块生成策略，num_hierarchies=10
[2025-11-14 20:54:35,582][src.models.modules.semantic_id.tiger_generation_model][INFO] - [rank: 0] 使用分块生成策略，num_hierarchies=10
[2025-11-14 20:54:36,492][src.models.modules.semantic_id.tiger_generation_model][INFO] - [rank: 0] 使用分块生成策略，num_hierarchies=10
[2025-11-14 20:54:37,239][src.models.modules.semantic_id.tiger_generation_model][INFO] - [rank: 0] 使用分块生成策略，num_hierarchies=10
[2025-11-14 20:54:37,910][src.models.modules.semantic_id.tiger_generation_model][INFO] - [rank: 0] 使用分块生成策略，num_hierarchies=10
[2025-11-14 20:54:38,884][src.models.modules.semantic_id.tiger_generation_model][INFO] - [rank: 0] 使用分块生成策略，num_hierarchies=10
[2025-11-14 20:54:39,672][src.models.modules.semantic_id.tiger_generation_model][INFO] - [rank: 0] 使用分块生成策略，num_hierarchies=10
[2025-11-14 20:54:40,477][src.models.modules.semantic_id.tiger_generation_model][INFO] - [rank: 0] 使用分块生成策略，num_hierarchies=10
[2025-11-14 20:54:41,196][src.models.modules.semantic_id.tiger_generation_model][INFO] - [rank: 0] 使用分块生成策略，num_hierarchies=10
[2025-11-14 20:54:42,247][src.models.modules.semantic_id.tiger_generation_model][INFO] - [rank: 0] 使用分块生成策略，num_hierarchies=10
[2025-11-14 20:54:42,840][src.models.modules.semantic_id.tiger_generation_model][INFO] - [rank: 0] 使用分块生成策略，num_hierarchies=10
[2025-11-14 20:54:44,258][src.models.modules.semantic_id.tiger_generation_model][INFO] - [rank: 0] 使用分块生成策略，num_hierarchies=10
[2025-11-14 20:54:45,502][src.models.modules.semantic_id.tiger_generation_model][INFO] - [rank: 0] 使用分块生成策略，num_hierarchies=10
[2025-11-14 20:54:46,630][src.models.modules.semantic_id.tiger_generation_model][INFO] - [rank: 0] 使用分块生成策略，num_hierarchies=10
[2025-11-14 20:54:47,859][src.models.modules.semantic_id.tiger_generation_model][INFO] - [rank: 0] 使用分块生成策略，num_hierarchies=10
[2025-11-14 20:54:49,081][src.models.modules.semantic_id.tiger_generation_model][INFO] - [rank: 0] 使用分块生成策略，num_hierarchies=10
[2025-11-14 20:54:49,818][src.models.modules.semantic_id.tiger_generation_model][INFO] - [rank: 0] 使用分块生成策略，num_hierarchies=10
[2025-11-14 20:54:50,770][src.models.modules.semantic_id.tiger_generation_model][INFO] - [rank: 0] 使用分块生成策略，num_hierarchies=10
[2025-11-14 20:54:51,504][src.models.modules.semantic_id.tiger_generation_model][INFO] - [rank: 0] 使用分块生成策略，num_hierarchies=10
[2025-11-14 20:54:52,530][src.models.modules.semantic_id.tiger_generation_model][INFO] - [rank: 0] 使用分块生成策略，num_hierarchies=10
[2025-11-14 20:54:53,760][src.models.modules.semantic_id.tiger_generation_model][INFO] - [rank: 0] 使用分块生成策略，num_hierarchies=10
[2025-11-14 20:54:54,969][src.models.modules.semantic_id.tiger_generation_model][INFO] - [rank: 0] 使用分块生成策略，num_hierarchies=10
[2025-11-14 20:54:56,001][src.models.modules.semantic_id.tiger_generation_model][INFO] - [rank: 0] 使用分块生成策略，num_hierarchies=10
[2025-11-14 20:54:56,990][src.models.modules.semantic_id.tiger_generation_model][INFO] - [rank: 0] 使用分块生成策略，num_hierarchies=10
[2025-11-14 20:54:58,165][src.models.modules.semantic_id.tiger_generation_model][INFO] - [rank: 0] 使用分块生成策略，num_hierarchies=10
[2025-11-14 20:54:59,404][src.models.modules.semantic_id.tiger_generation_model][INFO] - [rank: 0] 使用分块生成策略，num_hierarchies=10
[2025-11-14 20:55:00,786][src.models.modules.semantic_id.tiger_generation_model][INFO] - [rank: 0] 使用分块生成策略，num_hierarchies=10
[2025-11-14 20:55:01,589][src.models.modules.semantic_id.tiger_generation_model][INFO] - [rank: 0] 使用分块生成策略，num_hierarchies=10
[2025-11-14 20:55:02,261][src.models.modules.semantic_id.tiger_generation_model][INFO] - [rank: 0] 使用分块生成策略，num_hierarchies=10
[2025-11-14 20:55:02,811][src.models.modules.semantic_id.tiger_generation_model][INFO] - [rank: 0] 使用分块生成策略，num_hierarchies=10
[2025-11-14 20:55:03,697][src.models.modules.semantic_id.tiger_generation_model][INFO] - [rank: 0] 使用分块生成策略，num_hierarchies=10
[2025-11-14 20:55:04,949][src.models.modules.semantic_id.tiger_generation_model][INFO] - [rank: 0] 使用分块生成策略，num_hierarchies=10
[2025-11-14 20:55:06,141][src.models.modules.semantic_id.tiger_generation_model][INFO] - [rank: 0] 使用分块生成策略，num_hierarchies=10
[2025-11-14 20:55:07,097][src.models.modules.semantic_id.tiger_generation_model][INFO] - [rank: 0] 使用分块生成策略，num_hierarchies=10
[2025-11-14 20:55:07,690][src.models.modules.semantic_id.tiger_generation_model][INFO] - [rank: 0] 使用分块生成策略，num_hierarchies=10
[2025-11-14 20:55:08,386][src.models.modules.semantic_id.tiger_generation_model][INFO] - [rank: 0] 使用分块生成策略，num_hierarchies=10
[2025-11-14 20:55:09,257][src.models.modules.semantic_id.tiger_generation_model][INFO] - [rank: 0] 使用分块生成策略，num_hierarchies=10
[2025-11-14 20:55:10,600][src.models.modules.semantic_id.tiger_generation_model][INFO] - [rank: 0] 使用分块生成策略，num_hierarchies=10
[2025-11-14 20:55:11,822][src.models.modules.semantic_id.tiger_generation_model][INFO] - [rank: 0] 使用分块生成策略，num_hierarchies=10
[2025-11-14 20:55:12,696][src.models.modules.semantic_id.tiger_generation_model][INFO] - [rank: 0] 使用分块生成策略，num_hierarchies=10
[2025-11-14 20:55:13,320][src.models.modules.semantic_id.tiger_generation_model][INFO] - [rank: 0] 使用分块生成策略，num_hierarchies=10
[2025-11-14 20:55:14,197][src.models.modules.semantic_id.tiger_generation_model][INFO] - [rank: 0] 使用分块生成策略，num_hierarchies=10
[2025-11-14 20:55:14,783][src.models.modules.semantic_id.tiger_generation_model][INFO] - [rank: 0] 使用分块生成策略，num_hierarchies=10
[2025-11-14 20:55:15,738][src.models.modules.semantic_id.tiger_generation_model][INFO] - [rank: 0] 使用分块生成策略，num_hierarchies=10
[2025-11-14 20:55:16,356][src.models.modules.semantic_id.tiger_generation_model][INFO] - [rank: 0] 使用分块生成策略，num_hierarchies=10
[2025-11-14 20:55:17,003][src.models.modules.semantic_id.tiger_generation_model][INFO] - [rank: 0] 使用分块生成策略，num_hierarchies=10
[2025-11-14 20:55:18,483][src.models.modules.semantic_id.tiger_generation_model][INFO] - [rank: 0] 使用分块生成策略，num_hierarchies=10
[2025-11-14 20:55:19,784][src.models.modules.semantic_id.tiger_generation_model][INFO] - [rank: 0] 使用分块生成策略，num_hierarchies=10
[2025-11-14 20:55:20,921][src.models.modules.semantic_id.tiger_generation_model][INFO] - [rank: 0] 使用分块生成策略，num_hierarchies=10
[2025-11-14 20:55:22,113][src.models.modules.semantic_id.tiger_generation_model][INFO] - [rank: 0] 使用分块生成策略，num_hierarchies=10
[2025-11-14 20:55:23,393][src.models.modules.semantic_id.tiger_generation_model][INFO] - [rank: 0] 使用分块生成策略，num_hierarchies=10
[2025-11-14 20:55:24,550][src.models.modules.semantic_id.tiger_generation_model][INFO] - [rank: 0] 使用分块生成策略，num_hierarchies=10
[2025-11-14 20:55:25,301][src.models.modules.semantic_id.tiger_generation_model][INFO] - [rank: 0] 使用分块生成策略，num_hierarchies=10
[2025-11-14 20:55:26,387][src.models.modules.semantic_id.tiger_generation_model][INFO] - [rank: 0] 使用分块生成策略，num_hierarchies=10
[2025-11-14 20:55:27,163][src.models.modules.semantic_id.tiger_generation_model][INFO] - [rank: 0] 使用分块生成策略，num_hierarchies=10
[2025-11-14 20:55:27,935][src.models.modules.semantic_id.tiger_generation_model][INFO] - [rank: 0] 使用分块生成策略，num_hierarchies=10
[2025-11-14 20:55:28,593][src.models.modules.semantic_id.tiger_generation_model][INFO] - [rank: 0] 使用分块生成策略，num_hierarchies=10
[2025-11-14 20:55:29,257][src.models.modules.semantic_id.tiger_generation_model][INFO] - [rank: 0] 使用分块生成策略，num_hierarchies=10
[2025-11-14 20:55:29,894][src.models.modules.semantic_id.tiger_generation_model][INFO] - [rank: 0] 使用分块生成策略，num_hierarchies=10
[2025-11-14 20:55:30,521][src.models.modules.semantic_id.tiger_generation_model][INFO] - [rank: 0] 使用分块生成策略，num_hierarchies=10
[2025-11-14 20:55:31,154][src.models.modules.semantic_id.tiger_generation_model][INFO] - [rank: 0] 使用分块生成策略，num_hierarchies=10
[2025-11-14 20:55:31,825][src.models.modules.semantic_id.tiger_generation_model][INFO] - [rank: 0] 使用分块生成策略，num_hierarchies=10
[2025-11-14 20:55:32,459][src.models.modules.semantic_id.tiger_generation_model][INFO] - [rank: 0] 使用分块生成策略，num_hierarchies=10
[2025-11-14 20:55:33,137][src.models.modules.semantic_id.tiger_generation_model][INFO] - [rank: 0] 使用分块生成策略，num_hierarchies=10
[2025-11-14 20:55:33,763][src.models.modules.semantic_id.tiger_generation_model][INFO] - [rank: 0] 使用分块生成策略，num_hierarchies=10
[2025-11-14 20:55:34,483][src.models.modules.semantic_id.tiger_generation_model][INFO] - [rank: 0] 使用分块生成策略，num_hierarchies=10
[2025-11-14 20:55:35,136][src.models.modules.semantic_id.tiger_generation_model][INFO] - [rank: 0] 使用分块生成策略，num_hierarchies=10
[2025-11-14 20:55:36,284][src.models.modules.semantic_id.tiger_generation_model][INFO] - [rank: 0] 使用分块生成策略，num_hierarchies=10
[2025-11-14 20:55:37,395][src.models.modules.semantic_id.tiger_generation_model][INFO] - [rank: 0] 使用分块生成策略，num_hierarchies=10
[2025-11-14 20:55:38,887][src.models.modules.semantic_id.tiger_generation_model][INFO] - [rank: 0] 使用分块生成策略，num_hierarchies=10
[2025-11-14 20:55:40,037][src.models.modules.semantic_id.tiger_generation_model][INFO] - [rank: 0] 使用分块生成策略，num_hierarchies=10
[2025-11-14 20:55:40,861][src.models.modules.semantic_id.tiger_generation_model][INFO] - [rank: 0] 使用分块生成策略，num_hierarchies=10
[2025-11-14 20:55:41,536][src.models.modules.semantic_id.tiger_generation_model][INFO] - [rank: 0] 使用分块生成策略，num_hierarchies=10
[2025-11-14 20:55:42,093][src.models.modules.semantic_id.tiger_generation_model][INFO] - [rank: 0] 使用分块生成策略，num_hierarchies=10
[2025-11-14 20:55:42,739][src.models.modules.semantic_id.tiger_generation_model][INFO] - [rank: 0] 使用分块生成策略，num_hierarchies=10
[2025-11-14 20:55:43,602][src.models.modules.semantic_id.tiger_generation_model][INFO] - [rank: 0] 使用分块生成策略，num_hierarchies=10
[2025-11-14 20:55:44,516][src.models.modules.semantic_id.tiger_generation_model][INFO] - [rank: 0] 使用分块生成策略，num_hierarchies=10
[2025-11-14 20:55:45,191][src.models.modules.semantic_id.tiger_generation_model][INFO] - [rank: 0] 使用分块生成策略，num_hierarchies=10
[2025-11-14 20:55:45,779][src.models.modules.semantic_id.tiger_generation_model][INFO] - [rank: 0] 使用分块生成策略，num_hierarchies=10
[2025-11-14 20:55:46,449][src.models.modules.semantic_id.tiger_generation_model][INFO] - [rank: 0] 使用分块生成策略，num_hierarchies=10
[2025-11-14 20:55:47,151][src.models.modules.semantic_id.tiger_generation_model][INFO] - [rank: 0] 使用分块生成策略，num_hierarchies=10
[2025-11-14 20:55:47,760][src.models.modules.semantic_id.tiger_generation_model][INFO] - [rank: 0] 使用分块生成策略，num_hierarchies=10
[2025-11-14 20:55:48,623][src.models.modules.semantic_id.tiger_generation_model][INFO] - [rank: 0] 使用分块生成策略，num_hierarchies=10
[2025-11-14 20:55:49,322][src.models.modules.semantic_id.tiger_generation_model][INFO] - [rank: 0] 使用分块生成策略，num_hierarchies=10
[2025-11-14 20:55:50,543][src.models.modules.semantic_id.tiger_generation_model][INFO] - [rank: 0] 使用分块生成策略，num_hierarchies=10
[2025-11-14 20:55:51,712][src.models.modules.semantic_id.tiger_generation_model][INFO] - [rank: 0] 使用分块生成策略，num_hierarchies=10
[2025-11-14 20:55:52,792][src.models.modules.semantic_id.tiger_generation_model][INFO] - [rank: 0] 使用分块生成策略，num_hierarchies=10
[2025-11-14 20:55:53,922][src.models.modules.semantic_id.tiger_generation_model][INFO] - [rank: 0] 使用分块生成策略，num_hierarchies=10
[2025-11-14 20:55:55,007][src.models.modules.semantic_id.tiger_generation_model][INFO] - [rank: 0] 使用分块生成策略，num_hierarchies=10
[2025-11-14 20:55:56,078][src.models.modules.semantic_id.tiger_generation_model][INFO] - [rank: 0] 使用分块生成策略，num_hierarchies=10
[2025-11-14 20:55:56,939][src.models.modules.semantic_id.tiger_generation_model][INFO] - [rank: 0] 使用分块生成策略，num_hierarchies=10
[2025-11-14 20:55:58,259][src.models.modules.semantic_id.tiger_generation_model][INFO] - [rank: 0] 使用分块生成策略，num_hierarchies=10
[2025-11-14 20:55:59,555][src.models.modules.semantic_id.tiger_generation_model][INFO] - [rank: 0] 使用分块生成策略，num_hierarchies=10
[2025-11-14 20:56:00,534][src.models.modules.semantic_id.tiger_generation_model][INFO] - [rank: 0] 使用分块生成策略，num_hierarchies=10
[2025-11-14 20:56:01,463][src.models.modules.semantic_id.tiger_generation_model][INFO] - [rank: 0] 使用分块生成策略，num_hierarchies=10
[2025-11-14 20:56:02,839][src.models.modules.semantic_id.tiger_generation_model][INFO] - [rank: 0] 使用分块生成策略，num_hierarchies=10
[2025-11-14 20:56:04,052][src.models.modules.semantic_id.tiger_generation_model][INFO] - [rank: 0] 使用分块生成策略，num_hierarchies=10
[2025-11-14 20:56:05,207][src.models.modules.semantic_id.tiger_generation_model][INFO] - [rank: 0] 使用分块生成策略，num_hierarchies=10
[2025-11-14 20:56:06,527][src.models.modules.semantic_id.tiger_generation_model][INFO] - [rank: 0] 使用分块生成策略，num_hierarchies=10
[2025-11-14 20:56:07,138][src.models.modules.semantic_id.tiger_generation_model][INFO] - [rank: 0] 使用分块生成策略，num_hierarchies=10
[2025-11-14 20:56:07,758][src.models.modules.semantic_id.tiger_generation_model][INFO] - [rank: 0] 使用分块生成策略，num_hierarchies=10
[2025-11-14 20:56:08,688][src.models.modules.semantic_id.tiger_generation_model][INFO] - [rank: 0] 使用分块生成策略，num_hierarchies=10
[2025-11-14 20:56:09,378][src.models.modules.semantic_id.tiger_generation_model][INFO] - [rank: 0] 使用分块生成策略，num_hierarchies=10
[2025-11-14 20:56:10,071][src.models.modules.semantic_id.tiger_generation_model][INFO] - [rank: 0] 使用分块生成策略，num_hierarchies=10
[2025-11-14 20:56:10,736][src.models.modules.semantic_id.tiger_generation_model][INFO] - [rank: 0] 使用分块生成策略，num_hierarchies=10
[2025-11-14 20:56:11,406][src.models.modules.semantic_id.tiger_generation_model][INFO] - [rank: 0] 使用分块生成策略，num_hierarchies=10
[2025-11-14 20:56:12,079][src.models.modules.semantic_id.tiger_generation_model][INFO] - [rank: 0] 使用分块生成策略，num_hierarchies=10
[2025-11-14 20:56:12,773][src.models.modules.semantic_id.tiger_generation_model][INFO] - [rank: 0] 使用分块生成策略，num_hierarchies=10
[2025-11-14 20:56:13,411][src.models.modules.semantic_id.tiger_generation_model][INFO] - [rank: 0] 使用分块生成策略，num_hierarchies=10
[2025-11-14 20:56:14,069][src.models.modules.semantic_id.tiger_generation_model][INFO] - [rank: 0] 使用分块生成策略，num_hierarchies=10
[2025-11-14 20:56:14,914][src.models.modules.semantic_id.tiger_generation_model][INFO] - [rank: 0] 使用分块生成策略，num_hierarchies=10
[2025-11-14 20:56:15,512][src.models.modules.semantic_id.tiger_generation_model][INFO] - [rank: 0] 使用分块生成策略，num_hierarchies=10
[2025-11-14 20:56:16,149][src.models.modules.semantic_id.tiger_generation_model][INFO] - [rank: 0] 使用分块生成策略，num_hierarchies=10
[2025-11-14 20:56:16,738][src.models.modules.semantic_id.tiger_generation_model][INFO] - [rank: 0] 使用分块生成策略，num_hierarchies=10
[2025-11-14 20:56:17,298][src.models.modules.semantic_id.tiger_generation_model][INFO] - [rank: 0] 使用分块生成策略，num_hierarchies=10
[2025-11-14 20:56:17,920][src.models.modules.semantic_id.tiger_generation_model][INFO] - [rank: 0] 使用分块生成策略，num_hierarchies=10
[2025-11-14 20:56:18,925][src.models.modules.semantic_id.tiger_generation_model][INFO] - [rank: 0] 使用分块生成策略，num_hierarchies=10
[2025-11-14 20:56:19,655][src.models.modules.semantic_id.tiger_generation_model][INFO] - [rank: 0] 使用分块生成策略，num_hierarchies=10
[2025-11-14 20:56:20,328][src.models.modules.semantic_id.tiger_generation_model][INFO] - [rank: 0] 使用分块生成策略，num_hierarchies=10
[2025-11-14 20:56:20,892][src.models.modules.semantic_id.tiger_generation_model][INFO] - [rank: 0] 使用分块生成策略，num_hierarchies=10
[2025-11-14 20:56:21,802][src.models.modules.semantic_id.tiger_generation_model][INFO] - [rank: 0] 使用分块生成策略，num_hierarchies=10
[2025-11-14 20:56:22,957][src.models.modules.semantic_id.tiger_generation_model][INFO] - [rank: 0] 使用分块生成策略，num_hierarchies=10
[2025-11-14 20:56:23,919][src.models.modules.semantic_id.tiger_generation_model][INFO] - [rank: 0] 使用分块生成策略，num_hierarchies=10
[2025-11-14 20:56:25,152][src.models.modules.semantic_id.tiger_generation_model][INFO] - [rank: 0] 使用分块生成策略，num_hierarchies=10
[2025-11-14 20:56:26,404][src.models.modules.semantic_id.tiger_generation_model][INFO] - [rank: 0] 使用分块生成策略，num_hierarchies=10
[2025-11-14 20:56:27,538][src.models.modules.semantic_id.tiger_generation_model][INFO] - [rank: 0] 使用分块生成策略，num_hierarchies=10
[2025-11-14 20:56:28,652][src.models.modules.semantic_id.tiger_generation_model][INFO] - [rank: 0] 使用分块生成策略，num_hierarchies=10
[2025-11-14 20:56:29,994][src.models.modules.semantic_id.tiger_generation_model][INFO] - [rank: 0] 使用分块生成策略，num_hierarchies=10
[2025-11-14 20:56:31,477][src.models.modules.semantic_id.tiger_generation_model][INFO] - [rank: 0] 使用分块生成策略，num_hierarchies=10
[2025-11-14 20:56:32,727][src.models.modules.semantic_id.tiger_generation_model][INFO] - [rank: 0] 使用分块生成策略，num_hierarchies=10
[2025-11-14 20:56:33,970][src.models.modules.semantic_id.tiger_generation_model][INFO] - [rank: 0] 使用分块生成策略，num_hierarchies=10
[2025-11-14 20:56:35,388][src.models.modules.semantic_id.tiger_generation_model][INFO] - [rank: 0] 使用分块生成策略，num_hierarchies=10
[2025-11-14 20:56:35,969][src.models.modules.semantic_id.tiger_generation_model][INFO] - [rank: 0] 使用分块生成策略，num_hierarchies=10
[2025-11-14 20:56:36,656][src.models.modules.semantic_id.tiger_generation_model][INFO] - [rank: 0] 使用分块生成策略，num_hierarchies=10
[2025-11-14 20:56:37,539][src.models.modules.semantic_id.tiger_generation_model][INFO] - [rank: 0] 使用分块生成策略，num_hierarchies=10
[2025-11-14 20:56:38,229][src.models.modules.semantic_id.tiger_generation_model][INFO] - [rank: 0] 使用分块生成策略，num_hierarchies=10
[2025-11-14 20:56:38,771][src.models.modules.semantic_id.tiger_generation_model][INFO] - [rank: 0] 使用分块生成策略，num_hierarchies=10
[2025-11-14 20:56:39,449][src.models.modules.semantic_id.tiger_generation_model][INFO] - [rank: 0] 使用分块生成策略，num_hierarchies=10
[2025-11-14 20:56:39,992][src.models.modules.semantic_id.tiger_generation_model][INFO] - [rank: 0] 使用分块生成策略，num_hierarchies=10
[2025-11-14 20:56:40,576][src.models.modules.semantic_id.tiger_generation_model][INFO] - [rank: 0] 使用分块生成策略，num_hierarchies=10
[2025-11-14 20:56:41,257][src.models.modules.semantic_id.tiger_generation_model][INFO] - [rank: 0] 使用分块生成策略，num_hierarchies=10
[2025-11-14 20:56:42,613][src.models.modules.semantic_id.tiger_generation_model][INFO] - [rank: 0] 使用分块生成策略，num_hierarchies=10
[2025-11-14 20:56:43,806][src.models.modules.semantic_id.tiger_generation_model][INFO] - [rank: 0] 使用分块生成策略，num_hierarchies=10
[2025-11-14 20:56:44,896][src.models.modules.semantic_id.tiger_generation_model][INFO] - [rank: 0] 使用分块生成策略，num_hierarchies=10
[2025-11-14 20:56:45,991][src.models.modules.semantic_id.tiger_generation_model][INFO] - [rank: 0] 使用分块生成策略，num_hierarchies=10
[2025-11-14 20:56:47,308][src.models.modules.semantic_id.tiger_generation_model][INFO] - [rank: 0] 使用分块生成策略，num_hierarchies=10
[2025-11-14 20:56:48,733][src.models.modules.semantic_id.tiger_generation_model][INFO] - [rank: 0] 使用分块生成策略，num_hierarchies=10
[2025-11-14 20:56:49,992][src.models.modules.semantic_id.tiger_generation_model][INFO] - [rank: 0] 使用分块生成策略，num_hierarchies=10
[2025-11-14 20:56:50,679][src.models.modules.semantic_id.tiger_generation_model][INFO] - [rank: 0] 使用分块生成策略，num_hierarchies=10
[2025-11-14 20:56:51,233][src.models.modules.semantic_id.tiger_generation_model][INFO] - [rank: 0] 使用分块生成策略，num_hierarchies=10
[2025-11-14 20:56:51,839][src.models.modules.semantic_id.tiger_generation_model][INFO] - [rank: 0] 使用分块生成策略，num_hierarchies=10
[2025-11-14 20:56:52,458][src.models.modules.semantic_id.tiger_generation_model][INFO] - [rank: 0] 使用分块生成策略，num_hierarchies=10
[2025-11-14 20:56:53,097][src.models.modules.semantic_id.tiger_generation_model][INFO] - [rank: 0] 使用分块生成策略，num_hierarchies=10
[2025-11-14 20:56:54,159][src.models.modules.semantic_id.tiger_generation_model][INFO] - [rank: 0] 使用分块生成策略，num_hierarchies=10
[2025-11-14 20:56:55,117][src.models.modules.semantic_id.tiger_generation_model][INFO] - [rank: 0] 使用分块生成策略，num_hierarchies=10
[2025-11-14 20:56:56,363][src.models.modules.semantic_id.tiger_generation_model][INFO] - [rank: 0] 使用分块生成策略，num_hierarchies=10
[2025-11-14 20:56:57,573][src.models.modules.semantic_id.tiger_generation_model][INFO] - [rank: 0] 使用分块生成策略，num_hierarchies=10
[2025-11-14 20:56:58,754][src.models.modules.semantic_id.tiger_generation_model][INFO] - [rank: 0] 使用分块生成策略，num_hierarchies=10
[2025-11-14 20:56:59,367][src.models.modules.semantic_id.tiger_generation_model][INFO] - [rank: 0] 使用分块生成策略，num_hierarchies=10
[2025-11-14 20:57:00,031][src.models.modules.semantic_id.tiger_generation_model][INFO] - [rank: 0] 使用分块生成策略，num_hierarchies=10
[2025-11-14 20:57:00,680][src.models.modules.semantic_id.tiger_generation_model][INFO] - [rank: 0] 使用分块生成策略，num_hierarchies=10
[2025-11-14 20:57:01,320][src.models.modules.semantic_id.tiger_generation_model][INFO] - [rank: 0] 使用分块生成策略，num_hierarchies=10
[2025-11-14 20:57:01,958][src.models.modules.semantic_id.tiger_generation_model][INFO] - [rank: 0] 使用分块生成策略，num_hierarchies=10
[2025-11-14 20:57:02,632][src.models.modules.semantic_id.tiger_generation_model][INFO] - [rank: 0] 使用分块生成策略，num_hierarchies=10
[2025-11-14 20:57:03,293][src.models.modules.semantic_id.tiger_generation_model][INFO] - [rank: 0] 使用分块生成策略，num_hierarchies=10
[2025-11-14 20:57:03,983][src.models.modules.semantic_id.tiger_generation_model][INFO] - [rank: 0] 使用分块生成策略，num_hierarchies=10
[2025-11-14 20:57:04,642][src.models.modules.semantic_id.tiger_generation_model][INFO] - [rank: 0] 使用分块生成策略，num_hierarchies=10
[2025-11-14 20:57:05,288][src.models.modules.semantic_id.tiger_generation_model][INFO] - [rank: 0] 使用分块生成策略，num_hierarchies=10
[2025-11-14 20:57:05,906][src.models.modules.semantic_id.tiger_generation_model][INFO] - [rank: 0] 使用分块生成策略，num_hierarchies=10
[2025-11-14 20:57:06,541][src.models.modules.semantic_id.tiger_generation_model][INFO] - [rank: 0] 使用分块生成策略，num_hierarchies=10
[2025-11-14 20:57:07,162][src.models.modules.semantic_id.tiger_generation_model][INFO] - [rank: 0] 使用分块生成策略，num_hierarchies=10
[2025-11-14 20:57:07,802][src.models.modules.semantic_id.tiger_generation_model][INFO] - [rank: 0] 使用分块生成策略，num_hierarchies=10
[2025-11-14 20:57:08,416][src.models.modules.semantic_id.tiger_generation_model][INFO] - [rank: 0] 使用分块生成策略，num_hierarchies=10
[2025-11-14 20:57:09,105][src.models.modules.semantic_id.tiger_generation_model][INFO] - [rank: 0] 使用分块生成策略，num_hierarchies=10
[2025-11-14 20:57:09,774][src.models.modules.semantic_id.tiger_generation_model][INFO] - [rank: 0] 使用分块生成策略，num_hierarchies=10
[2025-11-14 20:57:11,081][src.models.modules.semantic_id.tiger_generation_model][INFO] - [rank: 0] 使用分块生成策略，num_hierarchies=10
[2025-11-14 20:57:11,857][src.models.modules.semantic_id.tiger_generation_model][INFO] - [rank: 0] 使用分块生成策略，num_hierarchies=10
[2025-11-14 20:57:12,617][src.models.modules.semantic_id.tiger_generation_model][INFO] - [rank: 0] 使用分块生成策略，num_hierarchies=10
[2025-11-14 20:57:13,547][src.models.modules.semantic_id.tiger_generation_model][INFO] - [rank: 0] 使用分块生成策略，num_hierarchies=10
[2025-11-14 20:57:14,521][src.models.modules.semantic_id.tiger_generation_model][INFO] - [rank: 0] 使用分块生成策略，num_hierarchies=10
[2025-11-14 20:57:15,188][src.models.modules.semantic_id.tiger_generation_model][INFO] - [rank: 0] 使用分块生成策略，num_hierarchies=10
[2025-11-14 20:57:15,967][src.models.modules.semantic_id.tiger_generation_model][INFO] - [rank: 0] 使用分块生成策略，num_hierarchies=10
[2025-11-14 20:57:16,948][src.models.modules.semantic_id.tiger_generation_model][INFO] - [rank: 0] 使用分块生成策略，num_hierarchies=10
[2025-11-14 20:57:17,589][src.models.modules.semantic_id.tiger_generation_model][INFO] - [rank: 0] 使用分块生成策略，num_hierarchies=10
[2025-11-14 20:57:18,260][src.models.modules.semantic_id.tiger_generation_model][INFO] - [rank: 0] 使用分块生成策略，num_hierarchies=10
[2025-11-14 20:57:19,104][src.models.modules.semantic_id.tiger_generation_model][INFO] - [rank: 0] 使用分块生成策略，num_hierarchies=10
[2025-11-14 20:57:20,371][src.models.modules.semantic_id.tiger_generation_model][INFO] - [rank: 0] 使用分块生成策略，num_hierarchies=10
[2025-11-14 20:57:21,829][src.models.modules.semantic_id.tiger_generation_model][INFO] - [rank: 0] 使用分块生成策略，num_hierarchies=10
[2025-11-14 20:57:22,951][src.models.modules.semantic_id.tiger_generation_model][INFO] - [rank: 0] 使用分块生成策略，num_hierarchies=10
[2025-11-14 20:57:24,129][src.models.modules.semantic_id.tiger_generation_model][INFO] - [rank: 0] 使用分块生成策略，num_hierarchies=10
[2025-11-14 20:57:25,081][src.models.modules.semantic_id.tiger_generation_model][INFO] - [rank: 0] 使用分块生成策略，num_hierarchies=10
[2025-11-14 20:57:26,357][src.models.modules.semantic_id.tiger_generation_model][INFO] - [rank: 0] 使用分块生成策略，num_hierarchies=10
[2025-11-14 20:57:27,640][src.models.modules.semantic_id.tiger_generation_model][INFO] - [rank: 0] 使用分块生成策略，num_hierarchies=10
[2025-11-14 20:57:28,809][src.models.modules.semantic_id.tiger_generation_model][INFO] - [rank: 0] 使用分块生成策略，num_hierarchies=10
[2025-11-14 20:57:30,077][src.models.modules.semantic_id.tiger_generation_model][INFO] - [rank: 0] 使用分块生成策略，num_hierarchies=10
[2025-11-14 20:57:31,411][src.models.modules.semantic_id.tiger_generation_model][INFO] - [rank: 0] 使用分块生成策略，num_hierarchies=10
[2025-11-14 20:57:32,532][src.models.modules.semantic_id.tiger_generation_model][INFO] - [rank: 0] 使用分块生成策略，num_hierarchies=10
[2025-11-14 20:57:33,795][src.models.modules.semantic_id.tiger_generation_model][INFO] - [rank: 0] 使用分块生成策略，num_hierarchies=10
[2025-11-14 20:57:34,969][src.models.modules.semantic_id.tiger_generation_model][INFO] - [rank: 0] 使用分块生成策略，num_hierarchies=10
[2025-11-14 20:57:36,199][src.models.modules.semantic_id.tiger_generation_model][INFO] - [rank: 0] 使用分块生成策略，num_hierarchies=10
[2025-11-14 20:57:37,114][src.models.modules.semantic_id.tiger_generation_model][INFO] - [rank: 0] 使用分块生成策略，num_hierarchies=10
[2025-11-14 20:57:38,192][src.models.modules.semantic_id.tiger_generation_model][INFO] - [rank: 0] 使用分块生成策略，num_hierarchies=10
[2025-11-14 20:57:39,350][src.models.modules.semantic_id.tiger_generation_model][INFO] - [rank: 0] 使用分块生成策略，num_hierarchies=10
[2025-11-14 20:57:40,061][src.models.modules.semantic_id.tiger_generation_model][INFO] - [rank: 0] 使用分块生成策略，num_hierarchies=10
[2025-11-14 20:57:40,745][src.models.modules.semantic_id.tiger_generation_model][INFO] - [rank: 0] 使用分块生成策略，num_hierarchies=10
[2025-11-14 20:57:41,414][src.models.modules.semantic_id.tiger_generation_model][INFO] - [rank: 0] 使用分块生成策略，num_hierarchies=10
[2025-11-14 20:57:42,060][src.models.modules.semantic_id.tiger_generation_model][INFO] - [rank: 0] 使用分块生成策略，num_hierarchies=10
[2025-11-14 20:57:42,707][src.models.modules.semantic_id.tiger_generation_model][INFO] - [rank: 0] 使用分块生成策略，num_hierarchies=10
[2025-11-14 20:57:43,301][src.models.modules.semantic_id.tiger_generation_model][INFO] - [rank: 0] 使用分块生成策略，num_hierarchies=10
[2025-11-14 20:57:43,926][src.models.modules.semantic_id.tiger_generation_model][INFO] - [rank: 0] 使用分块生成策略，num_hierarchies=10
[2025-11-14 20:57:44,543][src.models.modules.semantic_id.tiger_generation_model][INFO] - [rank: 0] 使用分块生成策略，num_hierarchies=10
[2025-11-14 20:57:45,172][src.models.modules.semantic_id.tiger_generation_model][INFO] - [rank: 0] 使用分块生成策略，num_hierarchies=10
[2025-11-14 20:57:45,746][src.models.modules.semantic_id.tiger_generation_model][INFO] - [rank: 0] 使用分块生成策略，num_hierarchies=10
[2025-11-14 20:57:46,403][src.models.modules.semantic_id.tiger_generation_model][INFO] - [rank: 0] 使用分块生成策略，num_hierarchies=10
[2025-11-14 20:57:47,550][src.models.modules.semantic_id.tiger_generation_model][INFO] - [rank: 0] 使用分块生成策略，num_hierarchies=10
[2025-11-14 20:57:48,161][src.models.modules.semantic_id.tiger_generation_model][INFO] - [rank: 0] 使用分块生成策略，num_hierarchies=10
[2025-11-14 20:57:48,788][src.models.modules.semantic_id.tiger_generation_model][INFO] - [rank: 0] 使用分块生成策略，num_hierarchies=10
[2025-11-14 20:57:49,718][src.models.modules.semantic_id.tiger_generation_model][INFO] - [rank: 0] 使用分块生成策略，num_hierarchies=10
[2025-11-14 20:57:50,891][src.models.modules.semantic_id.tiger_generation_model][INFO] - [rank: 0] 使用分块生成策略，num_hierarchies=10
[2025-11-14 20:57:52,062][src.models.modules.semantic_id.tiger_generation_model][INFO] - [rank: 0] 使用分块生成策略，num_hierarchies=10
[2025-11-14 20:57:53,305][src.models.modules.semantic_id.tiger_generation_model][INFO] - [rank: 0] 使用分块生成策略，num_hierarchies=10
[2025-11-14 20:57:54,433][src.models.modules.semantic_id.tiger_generation_model][INFO] - [rank: 0] 使用分块生成策略，num_hierarchies=10
[2025-11-14 20:57:55,611][src.models.modules.semantic_id.tiger_generation_model][INFO] - [rank: 0] 使用分块生成策略，num_hierarchies=10
[2025-11-14 20:57:56,780][src.models.modules.semantic_id.tiger_generation_model][INFO] - [rank: 0] 使用分块生成策略，num_hierarchies=10
[2025-11-14 20:57:58,375][src.models.modules.semantic_id.tiger_generation_model][INFO] - [rank: 0] 使用分块生成策略，num_hierarchies=10
[2025-11-14 20:57:59,600][src.models.modules.semantic_id.tiger_generation_model][INFO] - [rank: 0] 使用分块生成策略，num_hierarchies=10
[2025-11-14 20:58:00,804][src.models.modules.semantic_id.tiger_generation_model][INFO] - [rank: 0] 使用分块生成策略，num_hierarchies=10
[2025-11-14 20:58:01,972][src.models.modules.semantic_id.tiger_generation_model][INFO] - [rank: 0] 使用分块生成策略，num_hierarchies=10
[2025-11-14 20:58:03,206][src.models.modules.semantic_id.tiger_generation_model][INFO] - [rank: 0] 使用分块生成策略，num_hierarchies=10
[2025-11-14 20:58:04,489][src.models.modules.semantic_id.tiger_generation_model][INFO] - [rank: 0] 使用分块生成策略，num_hierarchies=10
[2025-11-14 20:58:05,617][src.models.modules.semantic_id.tiger_generation_model][INFO] - [rank: 0] 使用分块生成策略，num_hierarchies=10
[2025-11-14 20:58:06,756][src.models.modules.semantic_id.tiger_generation_model][INFO] - [rank: 0] 使用分块生成策略，num_hierarchies=10
[2025-11-14 20:58:07,921][src.models.modules.semantic_id.tiger_generation_model][INFO] - [rank: 0] 使用分块生成策略，num_hierarchies=10
[2025-11-14 20:58:09,366][src.models.modules.semantic_id.tiger_generation_model][INFO] - [rank: 0] 使用分块生成策略，num_hierarchies=10
[2025-11-14 20:58:10,459][src.models.modules.semantic_id.tiger_generation_model][INFO] - [rank: 0] 使用分块生成策略，num_hierarchies=10
[2025-11-14 20:58:11,715][src.models.modules.semantic_id.tiger_generation_model][INFO] - [rank: 0] 使用分块生成策略，num_hierarchies=10
[2025-11-14 20:58:12,859][src.models.modules.semantic_id.tiger_generation_model][INFO] - [rank: 0] 使用分块生成策略，num_hierarchies=10
[2025-11-14 20:58:14,130][src.models.modules.semantic_id.tiger_generation_model][INFO] - [rank: 0] 使用分块生成策略，num_hierarchies=10
[2025-11-14 20:58:15,549][src.models.modules.semantic_id.tiger_generation_model][INFO] - [rank: 0] 使用分块生成策略，num_hierarchies=10
[2025-11-14 20:58:16,714][src.models.modules.semantic_id.tiger_generation_model][INFO] - [rank: 0] 使用分块生成策略，num_hierarchies=10
[2025-11-14 20:58:18,001][src.models.modules.semantic_id.tiger_generation_model][INFO] - [rank: 0] 使用分块生成策略，num_hierarchies=10
[2025-11-14 20:58:19,181][src.models.modules.semantic_id.tiger_generation_model][INFO] - [rank: 0] 使用分块生成策略，num_hierarchies=10
[2025-11-14 20:58:20,493][src.models.modules.semantic_id.tiger_generation_model][INFO] - [rank: 0] 使用分块生成策略，num_hierarchies=10
[2025-11-14 20:58:21,705][src.models.modules.semantic_id.tiger_generation_model][INFO] - [rank: 0] 使用分块生成策略，num_hierarchies=10
[2025-11-14 20:58:22,667][src.models.modules.semantic_id.tiger_generation_model][INFO] - [rank: 0] 使用分块生成策略，num_hierarchies=10
[2025-11-14 20:58:23,387][src.models.modules.semantic_id.tiger_generation_model][INFO] - [rank: 0] 使用分块生成策略，num_hierarchies=10
[2025-11-14 20:58:23,991][src.models.modules.semantic_id.tiger_generation_model][INFO] - [rank: 0] 使用分块生成策略，num_hierarchies=10
[2025-11-14 20:58:24,643][src.models.modules.semantic_id.tiger_generation_model][INFO] - [rank: 0] 使用分块生成策略，num_hierarchies=10
[2025-11-14 20:58:25,283][src.models.modules.semantic_id.tiger_generation_model][INFO] - [rank: 0] 使用分块生成策略，num_hierarchies=10
[2025-11-14 20:58:25,999][src.models.modules.semantic_id.tiger_generation_model][INFO] - [rank: 0] 使用分块生成策略，num_hierarchies=10
[2025-11-14 20:58:26,598][src.models.modules.semantic_id.tiger_generation_model][INFO] - [rank: 0] 使用分块生成策略，num_hierarchies=10
[2025-11-14 20:58:27,223][src.models.modules.semantic_id.tiger_generation_model][INFO] - [rank: 0] 使用分块生成策略，num_hierarchies=10
[2025-11-14 20:58:28,077][src.models.modules.semantic_id.tiger_generation_model][INFO] - [rank: 0] 使用分块生成策略，num_hierarchies=10
[2025-11-14 20:58:29,046][src.models.modules.semantic_id.tiger_generation_model][INFO] - [rank: 0] 使用分块生成策略，num_hierarchies=10
[2025-11-14 20:58:29,667][src.models.modules.semantic_id.tiger_generation_model][INFO] - [rank: 0] 使用分块生成策略，num_hierarchies=10
[2025-11-14 20:58:30,212][src.models.modules.semantic_id.tiger_generation_model][INFO] - [rank: 0] 使用分块生成策略，num_hierarchies=10
[2025-11-14 20:58:30,848][src.models.modules.semantic_id.tiger_generation_model][INFO] - [rank: 0] 使用分块生成策略，num_hierarchies=10
[2025-11-14 20:58:31,560][src.models.modules.semantic_id.tiger_generation_model][INFO] - [rank: 0] 使用分块生成策略，num_hierarchies=10
[2025-11-14 20:58:32,398][src.models.modules.semantic_id.tiger_generation_model][INFO] - [rank: 0] 使用分块生成策略，num_hierarchies=10
[2025-11-14 20:58:33,507][src.models.modules.semantic_id.tiger_generation_model][INFO] - [rank: 0] 使用分块生成策略，num_hierarchies=10
[2025-11-14 20:58:34,447][src.models.modules.semantic_id.tiger_generation_model][INFO] - [rank: 0] 使用分块生成策略，num_hierarchies=10
[2025-11-14 20:58:35,247][src.models.modules.semantic_id.tiger_generation_model][INFO] - [rank: 0] 使用分块生成策略，num_hierarchies=10
[2025-11-14 20:58:36,390][src.models.modules.semantic_id.tiger_generation_model][INFO] - [rank: 0] 使用分块生成策略，num_hierarchies=10
[2025-11-14 20:58:37,653][src.models.modules.semantic_id.tiger_generation_model][INFO] - [rank: 0] 使用分块生成策略，num_hierarchies=10
[2025-11-14 20:58:38,945][src.models.modules.semantic_id.tiger_generation_model][INFO] - [rank: 0] 使用分块生成策略，num_hierarchies=10
[2025-11-14 20:58:40,350][src.models.modules.semantic_id.tiger_generation_model][INFO] - [rank: 0] 使用分块生成策略，num_hierarchies=10
[2025-11-14 20:58:41,578][src.models.modules.semantic_id.tiger_generation_model][INFO] - [rank: 0] 使用分块生成策略，num_hierarchies=10
[2025-11-14 20:58:42,459][src.models.modules.semantic_id.tiger_generation_model][INFO] - [rank: 0] 使用分块生成策略，num_hierarchies=10
[2025-11-14 20:58:43,069][src.models.modules.semantic_id.tiger_generation_model][INFO] - [rank: 0] 使用分块生成策略，num_hierarchies=10
[2025-11-14 20:58:43,837][src.models.modules.semantic_id.tiger_generation_model][INFO] - [rank: 0] 使用分块生成策略，num_hierarchies=10
[2025-11-14 20:58:44,410][src.models.modules.semantic_id.tiger_generation_model][INFO] - [rank: 0] 使用分块生成策略，num_hierarchies=10
[2025-11-14 20:58:45,081][src.models.modules.semantic_id.tiger_generation_model][INFO] - [rank: 0] 使用分块生成策略，num_hierarchies=10
[2025-11-14 20:58:46,222][src.models.modules.semantic_id.tiger_generation_model][INFO] - [rank: 0] 使用分块生成策略，num_hierarchies=10
[2025-11-14 20:58:47,513][src.models.modules.semantic_id.tiger_generation_model][INFO] - [rank: 0] 使用分块生成策略，num_hierarchies=10
[2025-11-14 20:58:48,561][src.models.modules.semantic_id.tiger_generation_model][INFO] - [rank: 0] 使用分块生成策略，num_hierarchies=10
[2025-11-14 20:58:49,584][src.models.modules.semantic_id.tiger_generation_model][INFO] - [rank: 0] 使用分块生成策略，num_hierarchies=10
[2025-11-14 20:58:50,404][src.models.modules.semantic_id.tiger_generation_model][INFO] - [rank: 0] 使用分块生成策略，num_hierarchies=10
[2025-11-14 20:58:51,690][src.models.modules.semantic_id.tiger_generation_model][INFO] - [rank: 0] 使用分块生成策略，num_hierarchies=10
[2025-11-14 20:58:52,339][src.models.modules.semantic_id.tiger_generation_model][INFO] - [rank: 0] 使用分块生成策略，num_hierarchies=10
[2025-11-14 20:58:53,399][src.models.modules.semantic_id.tiger_generation_model][INFO] - [rank: 0] 使用分块生成策略，num_hierarchies=10
[2025-11-14 20:58:54,374][src.models.modules.semantic_id.tiger_generation_model][INFO] - [rank: 0] 使用分块生成策略，num_hierarchies=10
[2025-11-14 20:58:55,230][src.models.modules.semantic_id.tiger_generation_model][INFO] - [rank: 0] 使用分块生成策略，num_hierarchies=10
[2025-11-14 20:58:55,882][src.models.modules.semantic_id.tiger_generation_model][INFO] - [rank: 0] 使用分块生成策略，num_hierarchies=10
[2025-11-14 20:58:56,580][src.models.modules.semantic_id.tiger_generation_model][INFO] - [rank: 0] 使用分块生成策略，num_hierarchies=10
[2025-11-14 20:58:57,182][src.models.modules.semantic_id.tiger_generation_model][INFO] - [rank: 0] 使用分块生成策略，num_hierarchies=10
[2025-11-14 20:58:58,542][src.models.modules.semantic_id.tiger_generation_model][INFO] - [rank: 0] 使用分块生成策略，num_hierarchies=10
[2025-11-14 20:58:59,913][src.models.modules.semantic_id.tiger_generation_model][INFO] - [rank: 0] 使用分块生成策略，num_hierarchies=10
[2025-11-14 20:59:01,167][src.models.modules.semantic_id.tiger_generation_model][INFO] - [rank: 0] 使用分块生成策略，num_hierarchies=10
[2025-11-14 20:59:02,300][src.models.modules.semantic_id.tiger_generation_model][INFO] - [rank: 0] 使用分块生成策略，num_hierarchies=10
[2025-11-14 20:59:03,555][src.models.modules.semantic_id.tiger_generation_model][INFO] - [rank: 0] 使用分块生成策略，num_hierarchies=10
[2025-11-14 20:59:05,061][src.models.modules.semantic_id.tiger_generation_model][INFO] - [rank: 0] 使用分块生成策略，num_hierarchies=10
[2025-11-14 20:59:06,428][src.models.modules.semantic_id.tiger_generation_model][INFO] - [rank: 0] 使用分块生成策略，num_hierarchies=10
[2025-11-14 20:59:07,706][src.models.modules.semantic_id.tiger_generation_model][INFO] - [rank: 0] 使用分块生成策略，num_hierarchies=10
[2025-11-14 20:59:09,254][src.models.modules.semantic_id.tiger_generation_model][INFO] - [rank: 0] 使用分块生成策略，num_hierarchies=10
[2025-11-14 20:59:10,822][src.models.modules.semantic_id.tiger_generation_model][INFO] - [rank: 0] 使用分块生成策略，num_hierarchies=10
[2025-11-14 20:59:12,126][src.models.modules.semantic_id.tiger_generation_model][INFO] - [rank: 0] 使用分块生成策略，num_hierarchies=10
[2025-11-14 20:59:13,428][src.models.modules.semantic_id.tiger_generation_model][INFO] - [rank: 0] 使用分块生成策略，num_hierarchies=10
[2025-11-14 20:59:14,501][src.models.modules.semantic_id.tiger_generation_model][INFO] - [rank: 0] 使用分块生成策略，num_hierarchies=10
[2025-11-14 20:59:15,301][src.models.modules.semantic_id.tiger_generation_model][INFO] - [rank: 0] 使用分块生成策略，num_hierarchies=10
[2025-11-14 20:59:16,036][src.models.modules.semantic_id.tiger_generation_model][INFO] - [rank: 0] 使用分块生成策略，num_hierarchies=10
[2025-11-14 20:59:16,700][src.models.modules.semantic_id.tiger_generation_model][INFO] - [rank: 0] 使用分块生成策略，num_hierarchies=10
[2025-11-14 20:59:17,370][src.models.modules.semantic_id.tiger_generation_model][INFO] - [rank: 0] 使用分块生成策略，num_hierarchies=10
[2025-11-14 20:59:18,062][src.models.modules.semantic_id.tiger_generation_model][INFO] - [rank: 0] 使用分块生成策略，num_hierarchies=10
[2025-11-14 20:59:18,858][src.models.modules.semantic_id.tiger_generation_model][INFO] - [rank: 0] 使用分块生成策略，num_hierarchies=10
[2025-11-14 20:59:20,399][src.models.modules.semantic_id.tiger_generation_model][INFO] - [rank: 0] 使用分块生成策略，num_hierarchies=10
[2025-11-14 20:59:21,773][src.models.modules.semantic_id.tiger_generation_model][INFO] - [rank: 0] 使用分块生成策略，num_hierarchies=10
[2025-11-14 20:59:23,105][src.models.modules.semantic_id.tiger_generation_model][INFO] - [rank: 0] 使用分块生成策略，num_hierarchies=10
[2025-11-14 20:59:24,679][src.models.modules.semantic_id.tiger_generation_model][INFO] - [rank: 0] 使用分块生成策略，num_hierarchies=10
[2025-11-14 20:59:25,563][src.models.modules.semantic_id.tiger_generation_model][INFO] - [rank: 0] 使用分块生成策略，num_hierarchies=10
[2025-11-14 20:59:26,693][src.models.modules.semantic_id.tiger_generation_model][INFO] - [rank: 0] 使用分块生成策略，num_hierarchies=10
[2025-11-14 20:59:27,815][src.models.modules.semantic_id.tiger_generation_model][INFO] - [rank: 0] 使用分块生成策略，num_hierarchies=10
[2025-11-14 20:59:29,041][src.models.modules.semantic_id.tiger_generation_model][INFO] - [rank: 0] 使用分块生成策略，num_hierarchies=10
[2025-11-14 20:59:30,505][src.models.modules.semantic_id.tiger_generation_model][INFO] - [rank: 0] 使用分块生成策略，num_hierarchies=10
[2025-11-14 20:59:32,092][src.models.modules.semantic_id.tiger_generation_model][INFO] - [rank: 0] 使用分块生成策略，num_hierarchies=10
[2025-11-14 20:59:33,485][src.models.modules.semantic_id.tiger_generation_model][INFO] - [rank: 0] 使用分块生成策略，num_hierarchies=10
[2025-11-14 20:59:35,367][src.models.modules.semantic_id.tiger_generation_model][INFO] - [rank: 0] 使用分块生成策略，num_hierarchies=10
[2025-11-14 20:59:36,760][src.models.modules.semantic_id.tiger_generation_model][INFO] - [rank: 0] 使用分块生成策略，num_hierarchies=10
[2025-11-14 20:59:37,996][src.models.modules.semantic_id.tiger_generation_model][INFO] - [rank: 0] 使用分块生成策略，num_hierarchies=10
[2025-11-14 20:59:39,397][src.models.modules.semantic_id.tiger_generation_model][INFO] - [rank: 0] 使用分块生成策略，num_hierarchies=10
[2025-11-14 20:59:40,670][src.models.modules.semantic_id.tiger_generation_model][INFO] - [rank: 0] 使用分块生成策略，num_hierarchies=10
[2025-11-14 20:59:41,974][src.models.modules.semantic_id.tiger_generation_model][INFO] - [rank: 0] 使用分块生成策略，num_hierarchies=10
[2025-11-14 20:59:43,432][src.models.modules.semantic_id.tiger_generation_model][INFO] - [rank: 0] 使用分块生成策略，num_hierarchies=10
[2025-11-14 20:59:44,912][src.models.modules.semantic_id.tiger_generation_model][INFO] - [rank: 0] 使用分块生成策略，num_hierarchies=10
[2025-11-14 20:59:45,801][src.models.modules.semantic_id.tiger_generation_model][INFO] - [rank: 0] 使用分块生成策略，num_hierarchies=10
[2025-11-14 20:59:46,858][src.models.modules.semantic_id.tiger_generation_model][INFO] - [rank: 0] 使用分块生成策略，num_hierarchies=10
[2025-11-14 20:59:47,630][src.models.modules.semantic_id.tiger_generation_model][INFO] - [rank: 0] 使用分块生成策略，num_hierarchies=10
[2025-11-14 20:59:48,533][src.models.modules.semantic_id.tiger_generation_model][INFO] - [rank: 0] 使用分块生成策略，num_hierarchies=10
[2025-11-14 20:59:49,616][src.models.modules.semantic_id.tiger_generation_model][INFO] - [rank: 0] 使用分块生成策略，num_hierarchies=10
[2025-11-14 20:59:50,261][src.models.modules.semantic_id.tiger_generation_model][INFO] - [rank: 0] 使用分块生成策略，num_hierarchies=10
[2025-11-14 20:59:51,006][src.models.modules.semantic_id.tiger_generation_model][INFO] - [rank: 0] 使用分块生成策略，num_hierarchies=10
[2025-11-14 20:59:52,399][src.models.modules.semantic_id.tiger_generation_model][INFO] - [rank: 0] 使用分块生成策略，num_hierarchies=10
[2025-11-14 20:59:53,524][src.models.modules.semantic_id.tiger_generation_model][INFO] - [rank: 0] 使用分块生成策略，num_hierarchies=10
[2025-11-14 20:59:54,571][src.models.modules.semantic_id.tiger_generation_model][INFO] - [rank: 0] 使用分块生成策略，num_hierarchies=10
[2025-11-14 20:59:55,581][src.models.modules.semantic_id.tiger_generation_model][INFO] - [rank: 0] 使用分块生成策略，num_hierarchies=10
[2025-11-14 20:59:57,399][src.models.modules.semantic_id.tiger_generation_model][INFO] - [rank: 0] 使用分块生成策略，num_hierarchies=10
[2025-11-14 20:59:58,607][src.models.modules.semantic_id.tiger_generation_model][INFO] - [rank: 0] 使用分块生成策略，num_hierarchies=10
[2025-11-14 20:59:59,967][src.models.modules.semantic_id.tiger_generation_model][INFO] - [rank: 0] 使用分块生成策略，num_hierarchies=10
[2025-11-14 21:00:01,208][src.models.modules.semantic_id.tiger_generation_model][INFO] - [rank: 0] 使用分块生成策略，num_hierarchies=10
[2025-11-14 21:00:02,949][src.models.modules.semantic_id.tiger_generation_model][INFO] - [rank: 0] 使用分块生成策略，num_hierarchies=10
[2025-11-14 21:00:04,588][src.models.modules.semantic_id.tiger_generation_model][INFO] - [rank: 0] 使用分块生成策略，num_hierarchies=10
[2025-11-14 21:00:06,002][src.models.modules.semantic_id.tiger_generation_model][INFO] - [rank: 0] 使用分块生成策略，num_hierarchies=10
[2025-11-14 21:00:07,124][src.models.modules.semantic_id.tiger_generation_model][INFO] - [rank: 0] 使用分块生成策略，num_hierarchies=10
[2025-11-14 21:00:07,911][src.models.modules.semantic_id.tiger_generation_model][INFO] - [rank: 0] 使用分块生成策略，num_hierarchies=10
[2025-11-14 21:00:08,607][src.models.modules.semantic_id.tiger_generation_model][INFO] - [rank: 0] 使用分块生成策略，num_hierarchies=10
[2025-11-14 21:00:09,354][src.models.modules.semantic_id.tiger_generation_model][INFO] - [rank: 0] 使用分块生成策略，num_hierarchies=10
[2025-11-14 21:00:10,174][src.models.modules.semantic_id.tiger_generation_model][INFO] - [rank: 0] 使用分块生成策略，num_hierarchies=10
[2025-11-14 21:00:10,949][src.models.modules.semantic_id.tiger_generation_model][INFO] - [rank: 0] 使用分块生成策略，num_hierarchies=10
[2025-11-14 21:00:11,662][src.models.modules.semantic_id.tiger_generation_model][INFO] - [rank: 0] 使用分块生成策略，num_hierarchies=10
[2025-11-14 21:00:12,430][src.models.modules.semantic_id.tiger_generation_model][INFO] - [rank: 0] 使用分块生成策略，num_hierarchies=10
[2025-11-14 21:00:13,162][src.models.modules.semantic_id.tiger_generation_model][INFO] - [rank: 0] 使用分块生成策略，num_hierarchies=10
[2025-11-14 21:00:13,924][src.models.modules.semantic_id.tiger_generation_model][INFO] - [rank: 0] 使用分块生成策略，num_hierarchies=10
[2025-11-14 21:00:14,719][src.models.modules.semantic_id.tiger_generation_model][INFO] - [rank: 0] 使用分块生成策略，num_hierarchies=10
[2025-11-14 21:00:15,484][src.models.modules.semantic_id.tiger_generation_model][INFO] - [rank: 0] 使用分块生成策略，num_hierarchies=10
[2025-11-14 21:00:16,229][src.models.modules.semantic_id.tiger_generation_model][INFO] - [rank: 0] 使用分块生成策略，num_hierarchies=10
[2025-11-14 21:00:16,998][src.models.modules.semantic_id.tiger_generation_model][INFO] - [rank: 0] 使用分块生成策略，num_hierarchies=10
[2025-11-14 21:00:17,818][src.models.modules.semantic_id.tiger_generation_model][INFO] - [rank: 0] 使用分块生成策略，num_hierarchies=10
[2025-11-14 21:00:18,541][src.models.modules.semantic_id.tiger_generation_model][INFO] - [rank: 0] 使用分块生成策略，num_hierarchies=10
[2025-11-14 21:00:19,356][src.models.modules.semantic_id.tiger_generation_model][INFO] - [rank: 0] 使用分块生成策略，num_hierarchies=10
[2025-11-14 21:00:20,371][src.models.modules.semantic_id.tiger_generation_model][INFO] - [rank: 0] 使用分块生成策略，num_hierarchies=10
[2025-11-14 21:00:21,283][src.models.modules.semantic_id.tiger_generation_model][INFO] - [rank: 0] 使用分块生成策略，num_hierarchies=10
[2025-11-14 21:00:22,133][src.models.modules.semantic_id.tiger_generation_model][INFO] - [rank: 0] 使用分块生成策略，num_hierarchies=10
[2025-11-14 21:00:22,847][src.models.modules.semantic_id.tiger_generation_model][INFO] - [rank: 0] 使用分块生成策略，num_hierarchies=10
[2025-11-14 21:00:23,607][src.models.modules.semantic_id.tiger_generation_model][INFO] - [rank: 0] 使用分块生成策略，num_hierarchies=10
[2025-11-14 21:00:24,300][src.models.modules.semantic_id.tiger_generation_model][INFO] - [rank: 0] 使用分块生成策略，num_hierarchies=10
[2025-11-14 21:00:24,909][src.models.modules.semantic_id.tiger_generation_model][INFO] - [rank: 0] 使用分块生成策略，num_hierarchies=10
[2025-11-14 21:00:25,543][src.models.modules.semantic_id.tiger_generation_model][INFO] - [rank: 0] 使用分块生成策略，num_hierarchies=10
[2025-11-14 21:00:26,191][src.models.modules.semantic_id.tiger_generation_model][INFO] - [rank: 0] 使用分块生成策略，num_hierarchies=10
[2025-11-14 21:00:26,879][src.models.modules.semantic_id.tiger_generation_model][INFO] - [rank: 0] 使用分块生成策略，num_hierarchies=10
[2025-11-14 21:00:27,615][src.models.modules.semantic_id.tiger_generation_model][INFO] - [rank: 0] 使用分块生成策略，num_hierarchies=10
[2025-11-14 21:00:28,546][src.models.modules.semantic_id.tiger_generation_model][INFO] - [rank: 0] 使用分块生成策略，num_hierarchies=10
[2025-11-14 21:00:29,348][src.models.modules.semantic_id.tiger_generation_model][INFO] - [rank: 0] 使用分块生成策略，num_hierarchies=10
[2025-11-14 21:00:30,364][src.models.modules.semantic_id.tiger_generation_model][INFO] - [rank: 0] 使用分块生成策略，num_hierarchies=10
[2025-11-14 21:00:30,939][src.models.modules.semantic_id.tiger_generation_model][INFO] - [rank: 0] 使用分块生成策略，num_hierarchies=10
[2025-11-14 21:00:31,604][src.models.modules.semantic_id.tiger_generation_model][INFO] - [rank: 0] 使用分块生成策略，num_hierarchies=10
[2025-11-14 21:00:32,316][src.models.modules.semantic_id.tiger_generation_model][INFO] - [rank: 0] 使用分块生成策略，num_hierarchies=10
[2025-11-14 21:00:32,998][src.models.modules.semantic_id.tiger_generation_model][INFO] - [rank: 0] 使用分块生成策略，num_hierarchies=10
[2025-11-14 21:00:33,642][src.models.modules.semantic_id.tiger_generation_model][INFO] - [rank: 0] 使用分块生成策略，num_hierarchies=10
[2025-11-14 21:00:34,393][src.models.modules.semantic_id.tiger_generation_model][INFO] - [rank: 0] 使用分块生成策略，num_hierarchies=10
[2025-11-14 21:00:35,109][src.models.modules.semantic_id.tiger_generation_model][INFO] - [rank: 0] 使用分块生成策略，num_hierarchies=10
[2025-11-14 21:00:35,705][src.models.modules.semantic_id.tiger_generation_model][INFO] - [rank: 0] 使用分块生成策略，num_hierarchies=10
[2025-11-14 21:00:36,362][src.models.modules.semantic_id.tiger_generation_model][INFO] - [rank: 0] 使用分块生成策略，num_hierarchies=10
[2025-11-14 21:00:37,082][src.models.modules.semantic_id.tiger_generation_model][INFO] - [rank: 0] 使用分块生成策略，num_hierarchies=10
[2025-11-14 21:00:37,780][src.models.modules.semantic_id.tiger_generation_model][INFO] - [rank: 0] 使用分块生成策略，num_hierarchies=10
[2025-11-14 21:00:38,701][src.models.modules.semantic_id.tiger_generation_model][INFO] - [rank: 0] 使用分块生成策略，num_hierarchies=10
[2025-11-14 21:00:39,510][src.models.modules.semantic_id.tiger_generation_model][INFO] - [rank: 0] 使用分块生成策略，num_hierarchies=10
[2025-11-14 21:00:40,250][src.models.modules.semantic_id.tiger_generation_model][INFO] - [rank: 0] 使用分块生成策略，num_hierarchies=10
[2025-11-14 21:00:40,864][src.models.modules.semantic_id.tiger_generation_model][INFO] - [rank: 0] 使用分块生成策略，num_hierarchies=10
[2025-11-14 21:00:41,566][src.models.modules.semantic_id.tiger_generation_model][INFO] - [rank: 0] 使用分块生成策略，num_hierarchies=10
[2025-11-14 21:00:42,324][src.models.modules.semantic_id.tiger_generation_model][INFO] - [rank: 0] 使用分块生成策略，num_hierarchies=10
[2025-11-14 21:00:43,022][src.models.modules.semantic_id.tiger_generation_model][INFO] - [rank: 0] 使用分块生成策略，num_hierarchies=10
[2025-11-14 21:00:43,766][src.models.modules.semantic_id.tiger_generation_model][INFO] - [rank: 0] 使用分块生成策略，num_hierarchies=10
[2025-11-14 21:00:44,459][src.models.modules.semantic_id.tiger_generation_model][INFO] - [rank: 0] 使用分块生成策略，num_hierarchies=10
[2025-11-14 21:00:45,197][src.models.modules.semantic_id.tiger_generation_model][INFO] - [rank: 0] 使用分块生成策略，num_hierarchies=10
[2025-11-14 21:00:45,900][src.models.modules.semantic_id.tiger_generation_model][INFO] - [rank: 0] 使用分块生成策略，num_hierarchies=10
[2025-11-14 21:00:46,507][src.models.modules.semantic_id.tiger_generation_model][INFO] - [rank: 0] 使用分块生成策略，num_hierarchies=10
[2025-11-14 21:00:47,244][src.models.modules.semantic_id.tiger_generation_model][INFO] - [rank: 0] 使用分块生成策略，num_hierarchies=10
[2025-11-14 21:00:48,213][src.models.modules.semantic_id.tiger_generation_model][INFO] - [rank: 0] 使用分块生成策略，num_hierarchies=10
[2025-11-14 21:00:48,974][src.models.modules.semantic_id.tiger_generation_model][INFO] - [rank: 0] 使用分块生成策略，num_hierarchies=10
[2025-11-14 21:00:49,938][src.models.modules.semantic_id.tiger_generation_model][INFO] - [rank: 0] 使用分块生成策略，num_hierarchies=10
[2025-11-14 21:00:50,611][src.models.modules.semantic_id.tiger_generation_model][INFO] - [rank: 0] 使用分块生成策略，num_hierarchies=10
[2025-11-14 21:00:51,301][src.models.modules.semantic_id.tiger_generation_model][INFO] - [rank: 0] 使用分块生成策略，num_hierarchies=10
[2025-11-14 21:00:51,991][src.models.modules.semantic_id.tiger_generation_model][INFO] - [rank: 0] 使用分块生成策略，num_hierarchies=10
[2025-11-14 21:00:52,774][src.models.modules.semantic_id.tiger_generation_model][INFO] - [rank: 0] 使用分块生成策略，num_hierarchies=10
[2025-11-14 21:00:53,691][src.models.modules.semantic_id.tiger_generation_model][INFO] - [rank: 0] 使用分块生成策略，num_hierarchies=10
[2025-11-14 21:00:54,466][src.models.modules.semantic_id.tiger_generation_model][INFO] - [rank: 0] 使用分块生成策略，num_hierarchies=10
[2025-11-14 21:00:55,124][src.models.modules.semantic_id.tiger_generation_model][INFO] - [rank: 0] 使用分块生成策略，num_hierarchies=10
[2025-11-14 21:00:55,766][src.models.modules.semantic_id.tiger_generation_model][INFO] - [rank: 0] 使用分块生成策略，num_hierarchies=10
[2025-11-14 21:00:56,369][src.models.modules.semantic_id.tiger_generation_model][INFO] - [rank: 0] 使用分块生成策略，num_hierarchies=10
[2025-11-14 21:00:56,986][src.models.modules.semantic_id.tiger_generation_model][INFO] - [rank: 0] 使用分块生成策略，num_hierarchies=10
[2025-11-14 21:00:57,640][src.models.modules.semantic_id.tiger_generation_model][INFO] - [rank: 0] 使用分块生成策略，num_hierarchies=10
[2025-11-14 21:00:58,309][src.models.modules.semantic_id.tiger_generation_model][INFO] - [rank: 0] 使用分块生成策略，num_hierarchies=10
[2025-11-14 21:00:58,973][src.models.modules.semantic_id.tiger_generation_model][INFO] - [rank: 0] 使用分块生成策略，num_hierarchies=10
[2025-11-14 21:00:59,592][src.models.modules.semantic_id.tiger_generation_model][INFO] - [rank: 0] 使用分块生成策略，num_hierarchies=10
[2025-11-14 21:01:00,254][src.models.modules.semantic_id.tiger_generation_model][INFO] - [rank: 0] 使用分块生成策略，num_hierarchies=10
[2025-11-14 21:01:00,917][src.models.modules.semantic_id.tiger_generation_model][INFO] - [rank: 0] 使用分块生成策略，num_hierarchies=10
[2025-11-14 21:01:01,576][src.models.modules.semantic_id.tiger_generation_model][INFO] - [rank: 0] 使用分块生成策略，num_hierarchies=10
[2025-11-14 21:01:02,305][src.models.modules.semantic_id.tiger_generation_model][INFO] - [rank: 0] 使用分块生成策略，num_hierarchies=10
[2025-11-14 21:01:03,051][src.models.modules.semantic_id.tiger_generation_model][INFO] - [rank: 0] 使用分块生成策略，num_hierarchies=10
[2025-11-14 21:01:03,981][src.models.modules.semantic_id.tiger_generation_model][INFO] - [rank: 0] 使用分块生成策略，num_hierarchies=10
[2025-11-14 21:01:04,857][src.models.modules.semantic_id.tiger_generation_model][INFO] - [rank: 0] 使用分块生成策略，num_hierarchies=10
[2025-11-14 21:01:05,615][src.models.modules.semantic_id.tiger_generation_model][INFO] - [rank: 0] 使用分块生成策略，num_hierarchies=10
[2025-11-14 21:01:06,305][src.models.modules.semantic_id.tiger_generation_model][INFO] - [rank: 0] 使用分块生成策略，num_hierarchies=10
[2025-11-14 21:01:07,065][src.models.modules.semantic_id.tiger_generation_model][INFO] - [rank: 0] 使用分块生成策略，num_hierarchies=10
[2025-11-14 21:01:08,126][src.models.modules.semantic_id.tiger_generation_model][INFO] - [rank: 0] 使用分块生成策略，num_hierarchies=10
[2025-11-14 21:01:08,759][src.models.modules.semantic_id.tiger_generation_model][INFO] - [rank: 0] 使用分块生成策略，num_hierarchies=10
[2025-11-14 21:01:09,423][src.models.modules.semantic_id.tiger_generation_model][INFO] - [rank: 0] 使用分块生成策略，num_hierarchies=10
[2025-11-14 21:01:10,118][src.models.modules.semantic_id.tiger_generation_model][INFO] - [rank: 0] 使用分块生成策略，num_hierarchies=10
[2025-11-14 21:01:10,818][src.models.modules.semantic_id.tiger_generation_model][INFO] - [rank: 0] 使用分块生成策略，num_hierarchies=10
[2025-11-14 21:01:11,626][src.models.modules.semantic_id.tiger_generation_model][INFO] - [rank: 0] 使用分块生成策略，num_hierarchies=10
[2025-11-14 21:01:12,306][src.models.modules.semantic_id.tiger_generation_model][INFO] - [rank: 0] 使用分块生成策略，num_hierarchies=10
[2025-11-14 21:01:12,989][src.models.modules.semantic_id.tiger_generation_model][INFO] - [rank: 0] 使用分块生成策略，num_hierarchies=10
[2025-11-14 21:01:13,763][src.models.modules.semantic_id.tiger_generation_model][INFO] - [rank: 0] 使用分块生成策略，num_hierarchies=10
[2025-11-14 21:01:14,374][src.models.modules.semantic_id.tiger_generation_model][INFO] - [rank: 0] 使用分块生成策略，num_hierarchies=10
[2025-11-14 21:01:15,120][src.models.modules.semantic_id.tiger_generation_model][INFO] - [rank: 0] 使用分块生成策略，num_hierarchies=10
[2025-11-14 21:01:15,852][src.models.modules.semantic_id.tiger_generation_model][INFO] - [rank: 0] 使用分块生成策略，num_hierarchies=10
[2025-11-14 21:01:16,825][src.models.modules.semantic_id.tiger_generation_model][INFO] - [rank: 0] 使用分块生成策略，num_hierarchies=10
[2025-11-14 21:01:17,667][src.models.modules.semantic_id.tiger_generation_model][INFO] - [rank: 0] 使用分块生成策略，num_hierarchies=10
[2025-11-14 21:01:18,508][src.models.modules.semantic_id.tiger_generation_model][INFO] - [rank: 0] 使用分块生成策略，num_hierarchies=10
[2025-11-14 21:01:19,188][src.models.modules.semantic_id.tiger_generation_model][INFO] - [rank: 0] 使用分块生成策略，num_hierarchies=10
[2025-11-14 21:01:19,839][src.models.modules.semantic_id.tiger_generation_model][INFO] - [rank: 0] 使用分块生成策略，num_hierarchies=10
[2025-11-14 21:01:20,551][src.models.modules.semantic_id.tiger_generation_model][INFO] - [rank: 0] 使用分块生成策略，num_hierarchies=10
[2025-11-14 21:01:21,363][src.models.modules.semantic_id.tiger_generation_model][INFO] - [rank: 0] 使用分块生成策略，num_hierarchies=10
[2025-11-14 21:01:22,165][src.models.modules.semantic_id.tiger_generation_model][INFO] - [rank: 0] 使用分块生成策略，num_hierarchies=10
[2025-11-14 21:01:22,982][src.models.modules.semantic_id.tiger_generation_model][INFO] - [rank: 0] 使用分块生成策略，num_hierarchies=10
[2025-11-14 21:01:23,744][src.models.modules.semantic_id.tiger_generation_model][INFO] - [rank: 0] 使用分块生成策略，num_hierarchies=10
[2025-11-14 21:01:24,461][src.models.modules.semantic_id.tiger_generation_model][INFO] - [rank: 0] 使用分块生成策略，num_hierarchies=10
[2025-11-14 21:01:25,278][src.models.modules.semantic_id.tiger_generation_model][INFO] - [rank: 0] 使用分块生成策略，num_hierarchies=10
[2025-11-14 21:01:25,974][src.models.modules.semantic_id.tiger_generation_model][INFO] - [rank: 0] 使用分块生成策略，num_hierarchies=10
[2025-11-14 21:01:26,723][src.models.modules.semantic_id.tiger_generation_model][INFO] - [rank: 0] 使用分块生成策略，num_hierarchies=10
[2025-11-14 21:01:27,498][src.models.modules.semantic_id.tiger_generation_model][INFO] - [rank: 0] 使用分块生成策略，num_hierarchies=10
[2025-11-14 21:01:28,199][src.models.modules.semantic_id.tiger_generation_model][INFO] - [rank: 0] 使用分块生成策略，num_hierarchies=10
[2025-11-14 21:01:58,447][src.models.modules.semantic_id.tiger_generation_model][INFO] - [rank: 0] 使用分块生成策略，num_hierarchies=10
[2025-11-14 21:01:59,284][src.models.modules.semantic_id.tiger_generation_model][INFO] - [rank: 0] 使用分块生成策略，num_hierarchies=10
[2025-11-14 21:01:59,912][src.models.modules.semantic_id.tiger_generation_model][INFO] - [rank: 0] 使用分块生成策略，num_hierarchies=10
[2025-11-14 21:02:00,517][src.models.modules.semantic_id.tiger_generation_model][INFO] - [rank: 0] 使用分块生成策略，num_hierarchies=10
[2025-11-14 21:02:01,135][src.models.modules.semantic_id.tiger_generation_model][INFO] - [rank: 0] 使用分块生成策略，num_hierarchies=10
[2025-11-14 21:02:01,734][src.models.modules.semantic_id.tiger_generation_model][INFO] - [rank: 0] 使用分块生成策略，num_hierarchies=10
[2025-11-14 21:02:02,402][src.models.modules.semantic_id.tiger_generation_model][INFO] - [rank: 0] 使用分块生成策略，num_hierarchies=10
[2025-11-14 21:02:03,339][src.models.modules.semantic_id.tiger_generation_model][INFO] - [rank: 0] 使用分块生成策略，num_hierarchies=10
[2025-11-14 21:02:03,958][src.models.modules.semantic_id.tiger_generation_model][INFO] - [rank: 0] 使用分块生成策略，num_hierarchies=10
[2025-11-14 21:02:05,006][src.models.modules.semantic_id.tiger_generation_model][INFO] - [rank: 0] 使用分块生成策略，num_hierarchies=10
[2025-11-14 21:02:06,519][src.models.modules.semantic_id.tiger_generation_model][INFO] - [rank: 0] 使用分块生成策略，num_hierarchies=10
[2025-11-14 21:02:07,272][src.models.modules.semantic_id.tiger_generation_model][INFO] - [rank: 0] 使用分块生成策略，num_hierarchies=10
[2025-11-14 21:02:08,563][src.models.modules.semantic_id.tiger_generation_model][INFO] - [rank: 0] 使用分块生成策略，num_hierarchies=10
[2025-11-14 21:02:09,848][src.models.modules.semantic_id.tiger_generation_model][INFO] - [rank: 0] 使用分块生成策略，num_hierarchies=10
[2025-11-14 21:02:11,051][src.models.modules.semantic_id.tiger_generation_model][INFO] - [rank: 0] 使用分块生成策略，num_hierarchies=10
[2025-11-14 21:02:12,340][src.models.modules.semantic_id.tiger_generation_model][INFO] - [rank: 0] 使用分块生成策略，num_hierarchies=10
[2025-11-14 21:02:13,703][src.models.modules.semantic_id.tiger_generation_model][INFO] - [rank: 0] 使用分块生成策略，num_hierarchies=10
[2025-11-14 21:02:15,255][src.models.modules.semantic_id.tiger_generation_model][INFO] - [rank: 0] 使用分块生成策略，num_hierarchies=10
[2025-11-14 21:02:16,543][src.models.modules.semantic_id.tiger_generation_model][INFO] - [rank: 0] 使用分块生成策略，num_hierarchies=10
[2025-11-14 21:02:17,343][src.models.modules.semantic_id.tiger_generation_model][INFO] - [rank: 0] 使用分块生成策略，num_hierarchies=10
[2025-11-14 21:02:18,402][src.models.modules.semantic_id.tiger_generation_model][INFO] - [rank: 0] 使用分块生成策略，num_hierarchies=10
[2025-11-14 21:02:19,399][src.models.modules.semantic_id.tiger_generation_model][INFO] - [rank: 0] 使用分块生成策略，num_hierarchies=10
[2025-11-14 21:02:20,207][src.models.modules.semantic_id.tiger_generation_model][INFO] - [rank: 0] 使用分块生成策略，num_hierarchies=10
[2025-11-14 21:02:20,984][src.models.modules.semantic_id.tiger_generation_model][INFO] - [rank: 0] 使用分块生成策略，num_hierarchies=10
[2025-11-14 21:02:21,738][src.models.modules.semantic_id.tiger_generation_model][INFO] - [rank: 0] 使用分块生成策略，num_hierarchies=10
[2025-11-14 21:02:22,690][src.models.modules.semantic_id.tiger_generation_model][INFO] - [rank: 0] 使用分块生成策略，num_hierarchies=10
[2025-11-14 21:02:23,466][src.models.modules.semantic_id.tiger_generation_model][INFO] - [rank: 0] 使用分块生成策略，num_hierarchies=10
[2025-11-14 21:02:24,755][src.models.modules.semantic_id.tiger_generation_model][INFO] - [rank: 0] 使用分块生成策略，num_hierarchies=10
[2025-11-14 21:02:25,790][src.models.modules.semantic_id.tiger_generation_model][INFO] - [rank: 0] 使用分块生成策略，num_hierarchies=10
[2025-11-14 21:02:26,803][src.models.modules.semantic_id.tiger_generation_model][INFO] - [rank: 0] 使用分块生成策略，num_hierarchies=10
[2025-11-14 21:02:27,771][src.models.modules.semantic_id.tiger_generation_model][INFO] - [rank: 0] 使用分块生成策略，num_hierarchies=10
[2025-11-14 21:02:28,925][src.models.modules.semantic_id.tiger_generation_model][INFO] - [rank: 0] 使用分块生成策略，num_hierarchies=10
[2025-11-14 21:02:29,917][src.models.modules.semantic_id.tiger_generation_model][INFO] - [rank: 0] 使用分块生成策略，num_hierarchies=10
[2025-11-14 21:02:31,209][src.models.modules.semantic_id.tiger_generation_model][INFO] - [rank: 0] 使用分块生成策略，num_hierarchies=10
[2025-11-14 21:02:32,513][src.models.modules.semantic_id.tiger_generation_model][INFO] - [rank: 0] 使用分块生成策略，num_hierarchies=10
[2025-11-14 21:02:33,707][src.models.modules.semantic_id.tiger_generation_model][INFO] - [rank: 0] 使用分块生成策略，num_hierarchies=10
[2025-11-14 21:02:34,420][src.models.modules.semantic_id.tiger_generation_model][INFO] - [rank: 0] 使用分块生成策略，num_hierarchies=10
[2025-11-14 21:02:35,102][src.models.modules.semantic_id.tiger_generation_model][INFO] - [rank: 0] 使用分块生成策略，num_hierarchies=10
[2025-11-14 21:02:35,823][src.models.modules.semantic_id.tiger_generation_model][INFO] - [rank: 0] 使用分块生成策略，num_hierarchies=10
[2025-11-14 21:02:36,557][src.models.modules.semantic_id.tiger_generation_model][INFO] - [rank: 0] 使用分块生成策略，num_hierarchies=10
[2025-11-14 21:02:37,334][src.models.modules.semantic_id.tiger_generation_model][INFO] - [rank: 0] 使用分块生成策略，num_hierarchies=10
[2025-11-14 21:02:38,000][src.models.modules.semantic_id.tiger_generation_model][INFO] - [rank: 0] 使用分块生成策略，num_hierarchies=10
[2025-11-14 21:02:38,801][src.models.modules.semantic_id.tiger_generation_model][INFO] - [rank: 0] 使用分块生成策略，num_hierarchies=10
[2025-11-14 21:02:39,981][src.models.modules.semantic_id.tiger_generation_model][INFO] - [rank: 0] 使用分块生成策略，num_hierarchies=10
[2025-11-14 21:02:40,817][src.models.modules.semantic_id.tiger_generation_model][INFO] - [rank: 0] 使用分块生成策略，num_hierarchies=10
[2025-11-14 21:02:42,022][src.models.modules.semantic_id.tiger_generation_model][INFO] - [rank: 0] 使用分块生成策略，num_hierarchies=10
[2025-11-14 21:02:43,259][src.models.modules.semantic_id.tiger_generation_model][INFO] - [rank: 0] 使用分块生成策略，num_hierarchies=10
[2025-11-14 21:02:44,141][src.models.modules.semantic_id.tiger_generation_model][INFO] - [rank: 0] 使用分块生成策略，num_hierarchies=10
[2025-11-14 21:02:45,337][src.models.modules.semantic_id.tiger_generation_model][INFO] - [rank: 0] 使用分块生成策略，num_hierarchies=10
[2025-11-14 21:02:46,278][src.models.modules.semantic_id.tiger_generation_model][INFO] - [rank: 0] 使用分块生成策略，num_hierarchies=10
[2025-11-14 21:02:46,995][src.models.modules.semantic_id.tiger_generation_model][INFO] - [rank: 0] 使用分块生成策略，num_hierarchies=10
[2025-11-14 21:02:47,818][src.models.modules.semantic_id.tiger_generation_model][INFO] - [rank: 0] 使用分块生成策略，num_hierarchies=10
[2025-11-14 21:02:48,521][src.models.modules.semantic_id.tiger_generation_model][INFO] - [rank: 0] 使用分块生成策略，num_hierarchies=10
[2025-11-14 21:02:49,486][src.models.modules.semantic_id.tiger_generation_model][INFO] - [rank: 0] 使用分块生成策略，num_hierarchies=10
[2025-11-14 21:02:50,206][src.models.modules.semantic_id.tiger_generation_model][INFO] - [rank: 0] 使用分块生成策略，num_hierarchies=10
[2025-11-14 21:02:51,149][src.models.modules.semantic_id.tiger_generation_model][INFO] - [rank: 0] 使用分块生成策略，num_hierarchies=10
[2025-11-14 21:02:51,938][src.models.modules.semantic_id.tiger_generation_model][INFO] - [rank: 0] 使用分块生成策略，num_hierarchies=10
[2025-11-14 21:02:52,838][src.models.modules.semantic_id.tiger_generation_model][INFO] - [rank: 0] 使用分块生成策略，num_hierarchies=10
[2025-11-14 21:02:53,624][src.models.modules.semantic_id.tiger_generation_model][INFO] - [rank: 0] 使用分块生成策略，num_hierarchies=10
[2025-11-14 21:02:54,389][src.models.modules.semantic_id.tiger_generation_model][INFO] - [rank: 0] 使用分块生成策略，num_hierarchies=10
[2025-11-14 21:02:55,324][src.models.modules.semantic_id.tiger_generation_model][INFO] - [rank: 0] 使用分块生成策略，num_hierarchies=10
[2025-11-14 21:02:58,202][src.models.modules.semantic_id.tiger_generation_model][INFO] - [rank: 0] 
================================================================================
[2025-11-14 21:02:58,203][src.models.modules.semantic_id.tiger_generation_model][INFO] - [rank: 0] === 生成的语义ID Embedding相似度矩阵 (平均自 704 个batch) ===
[2025-11-14 21:02:58,206][src.models.modules.semantic_id.tiger_generation_model][INFO] - [rank: 0] 
[[ 1.0000273   0.00684332 -0.00414928 -0.00499702  0.01926172 -0.00177695
   0.02571157 -0.01183166 -0.01558896 -0.02617399]
 [ 0.00684332  0.9999774   0.02105929  0.01540301  0.03019045 -0.02552782
   0.00248716 -0.01077078 -0.00133428 -0.00328813]
 [-0.00414928  0.02105929  1.0000076  -0.01059008  0.00663162 -0.01038148
  -0.00567624  0.0274446  -0.02345828 -0.00652042]
 [-0.00499702  0.01540301 -0.01059008  0.9999824  -0.01632797  0.00745342
   0.00665176 -0.02069542  0.01150672  0.00707378]
 [ 0.01926172  0.03019045  0.00663162 -0.01632797  1.0000134  -0.005918
   0.00778283  0.00759376  0.00925454  0.00289288]
 [-0.00177695 -0.02552782 -0.01038148  0.00745342 -0.005918    0.9999908
  -0.00818067 -0.01026777  0.01159145 -0.00286528]
 [ 0.02571157  0.00248716 -0.00567624  0.00665176  0.00778283 -0.00818067
   0.9999862   0.01381635 -0.01639255 -0.028935  ]
 [-0.01183166 -0.01077078  0.0274446  -0.02069542  0.00759376 -0.01026777
   0.01381635  1.000021   -0.03491392  0.01191436]
 [-0.01558896 -0.00133428 -0.02345828  0.01150672  0.00925454  0.01159145
  -0.01639255 -0.03491392  1.0000045   0.00540086]
 [-0.02617399 -0.00328813 -0.00652042  0.00707378  0.00289288 -0.00286528
  -0.028935    0.01191436  0.00540086  0.999983  ]]
[2025-11-14 21:02:58,208][src.models.modules.semantic_id.tiger_generation_model][INFO] - [rank: 0] ================================================================================

[2025-11-14 21:02:58,209][src.models.modules.semantic_id.tiger_generation_model][INFO] - [rank: 0] 
================================================================================
[2025-11-14 21:02:58,210][src.models.modules.semantic_id.tiger_generation_model][INFO] - [rank: 0] === 输入序列中每个Item的Hierarchy Embedding相似度矩阵 (平均自 704 个batch) ===
[2025-11-14 21:02:58,212][src.models.modules.semantic_id.tiger_generation_model][INFO] - [rank: 0] 
[[ 1.0000052e+00  9.3985512e-04  1.1071135e-04 -2.5640702e-05
  -1.4986124e-04 -8.8087918e-04 -4.8110783e-04 -2.8573973e-03
   1.6551210e-04 -9.8083969e-03]
 [ 9.3985512e-04  9.9999505e-01 -7.3041971e-05  2.5153686e-03
   5.5067311e-03  4.4795734e-04  5.2718418e-03  1.7444328e-03
  -1.4250040e-03  1.4224173e-02]
 [ 1.1071135e-04 -7.3041971e-05  9.9999928e-01  1.6183603e-03
   1.0624216e-03 -2.2834534e-04  8.6067390e-04 -5.4095505e-04
  -1.9717305e-03  2.3743047e-03]
 [-2.5640702e-05  2.5153686e-03  1.6183603e-03  9.9999774e-01
   9.0027432e-04  9.9416741e-04 -2.8671906e-05  6.4536906e-04
  -4.0451800e-03 -1.3560753e-03]
 [-1.4986124e-04  5.5067311e-03  1.0624216e-03  9.0027432e-04
   1.0000001e+00  1.0583411e-03  1.8021066e-03  1.3439736e-03
  -3.1060942e-03 -6.6095721e-03]
 [-8.8087918e-04  4.4795734e-04 -2.2834534e-04  9.9416741e-04
   1.0583411e-03  9.9999028e-01 -1.7052462e-03  1.7275729e-03
  -2.3435203e-03  6.4012511e-03]
 [-4.8110783e-04  5.2718418e-03  8.6067390e-04 -2.8671906e-05
   1.8021066e-03 -1.7052462e-03  1.0000014e+00  2.9625499e-03
  -3.6260278e-03 -7.2219134e-03]
 [-2.8573973e-03  1.7444328e-03 -5.4095505e-04  6.4536906e-04
   1.3439736e-03  1.7275729e-03  2.9625499e-03  1.0000083e+00
  -5.7514263e-03  5.2048014e-03]
 [ 1.6551210e-04 -1.4250040e-03 -1.9717305e-03 -4.0451800e-03
  -3.1060942e-03 -2.3435203e-03 -3.6260278e-03 -5.7514263e-03
   1.0000046e+00  1.6426781e-02]
 [-9.8083969e-03  1.4224173e-02  2.3743047e-03 -1.3560753e-03
  -6.6095721e-03  6.4012511e-03 -7.2219134e-03  5.2048014e-03
   1.6426781e-02  9.9998301e-01]]
[2025-11-14 21:02:58,213][src.models.modules.semantic_id.tiger_generation_model][INFO] - [rank: 0] ================================================================================

[2025-11-14 21:02:58,448][src.models.modules.semantic_id.tiger_generation_model][INFO] - [rank: 0] 
================================================================================
[2025-11-14 21:02:58,449][src.models.modules.semantic_id.tiger_generation_model][INFO] - [rank: 0] === 按流行度分组的评测指标（累计到当前阶段）===
[2025-11-14 21:02:58,449][src.models.modules.semantic_id.tiger_generation_model][INFO] - [rank: 0] [Body] ndcg@5: 0.011339  ndcg@10: 0.011339  recall@5: 0.015196  recall@10: 0.015196
[2025-11-14 21:02:58,450][src.models.modules.semantic_id.tiger_generation_model][INFO] - [rank: 0] [Head] ndcg@5: 0.016518  ndcg@10: 0.016518  recall@5: 0.021856  recall@10: 0.021856
[2025-11-14 21:02:58,451][src.models.modules.semantic_id.tiger_generation_model][INFO] - [rank: 0] [Tail] ndcg@5: 0.008621  ndcg@10: 0.008621  recall@5: 0.011322  recall@10: 0.011322
[2025-11-14 21:02:58,451][src.models.modules.semantic_id.tiger_generation_model][INFO] - [rank: 0] ================================================================================

[2025-11-14 21:31:33,454][src.models.modules.semantic_id.tiger_generation_model][INFO] - [rank: 0] 使用分块生成策略，num_hierarchies=10
[2025-11-14 21:31:34,471][src.models.modules.semantic_id.tiger_generation_model][INFO] - [rank: 0] 使用分块生成策略，num_hierarchies=10
[2025-11-14 21:31:35,015][src.models.modules.semantic_id.tiger_generation_model][INFO] - [rank: 0] 使用分块生成策略，num_hierarchies=10
[2025-11-14 21:31:35,636][src.models.modules.semantic_id.tiger_generation_model][INFO] - [rank: 0] 使用分块生成策略，num_hierarchies=10
[2025-11-14 21:31:36,233][src.models.modules.semantic_id.tiger_generation_model][INFO] - [rank: 0] 使用分块生成策略，num_hierarchies=10
[2025-11-14 21:31:36,849][src.models.modules.semantic_id.tiger_generation_model][INFO] - [rank: 0] 使用分块生成策略，num_hierarchies=10
[2025-11-14 21:31:37,938][src.models.modules.semantic_id.tiger_generation_model][INFO] - [rank: 0] 使用分块生成策略，num_hierarchies=10
[2025-11-14 21:31:38,984][src.models.modules.semantic_id.tiger_generation_model][INFO] - [rank: 0] 使用分块生成策略，num_hierarchies=10
[2025-11-14 21:31:40,005][src.models.modules.semantic_id.tiger_generation_model][INFO] - [rank: 0] 使用分块生成策略，num_hierarchies=10
[2025-11-14 21:31:40,724][src.models.modules.semantic_id.tiger_generation_model][INFO] - [rank: 0] 使用分块生成策略，num_hierarchies=10
[2025-11-14 21:31:41,341][src.models.modules.semantic_id.tiger_generation_model][INFO] - [rank: 0] 使用分块生成策略，num_hierarchies=10
[2025-11-14 21:31:41,913][src.models.modules.semantic_id.tiger_generation_model][INFO] - [rank: 0] 使用分块生成策略，num_hierarchies=10
[2025-11-14 21:31:42,568][src.models.modules.semantic_id.tiger_generation_model][INFO] - [rank: 0] 使用分块生成策略，num_hierarchies=10
[2025-11-14 21:31:43,167][src.models.modules.semantic_id.tiger_generation_model][INFO] - [rank: 0] 使用分块生成策略，num_hierarchies=10
[2025-11-14 21:31:43,823][src.models.modules.semantic_id.tiger_generation_model][INFO] - [rank: 0] 使用分块生成策略，num_hierarchies=10
[2025-11-14 21:31:44,790][src.models.modules.semantic_id.tiger_generation_model][INFO] - [rank: 0] 使用分块生成策略，num_hierarchies=10
[2025-11-14 21:31:45,744][src.models.modules.semantic_id.tiger_generation_model][INFO] - [rank: 0] 使用分块生成策略，num_hierarchies=10
[2025-11-14 21:31:46,440][src.models.modules.semantic_id.tiger_generation_model][INFO] - [rank: 0] 使用分块生成策略，num_hierarchies=10
[2025-11-14 21:31:46,963][src.models.modules.semantic_id.tiger_generation_model][INFO] - [rank: 0] 使用分块生成策略，num_hierarchies=10
[2025-11-14 21:31:47,634][src.models.modules.semantic_id.tiger_generation_model][INFO] - [rank: 0] 使用分块生成策略，num_hierarchies=10
[2025-11-14 21:31:48,640][src.models.modules.semantic_id.tiger_generation_model][INFO] - [rank: 0] 使用分块生成策略，num_hierarchies=10
[2025-11-14 21:31:49,260][src.models.modules.semantic_id.tiger_generation_model][INFO] - [rank: 0] 使用分块生成策略，num_hierarchies=10
[2025-11-14 21:31:49,864][src.models.modules.semantic_id.tiger_generation_model][INFO] - [rank: 0] 使用分块生成策略，num_hierarchies=10
[2025-11-14 21:31:50,459][src.models.modules.semantic_id.tiger_generation_model][INFO] - [rank: 0] 使用分块生成策略，num_hierarchies=10
[2025-11-14 21:31:51,063][src.models.modules.semantic_id.tiger_generation_model][INFO] - [rank: 0] 使用分块生成策略，num_hierarchies=10
[2025-11-14 21:31:51,685][src.models.modules.semantic_id.tiger_generation_model][INFO] - [rank: 0] 使用分块生成策略，num_hierarchies=10
[2025-11-14 21:31:52,284][src.models.modules.semantic_id.tiger_generation_model][INFO] - [rank: 0] 使用分块生成策略，num_hierarchies=10
[2025-11-14 21:31:53,198][src.models.modules.semantic_id.tiger_generation_model][INFO] - [rank: 0] 使用分块生成策略，num_hierarchies=10
[2025-11-14 21:31:53,925][src.models.modules.semantic_id.tiger_generation_model][INFO] - [rank: 0] 使用分块生成策略，num_hierarchies=10
[2025-11-14 21:31:54,545][src.models.modules.semantic_id.tiger_generation_model][INFO] - [rank: 0] 使用分块生成策略，num_hierarchies=10
[2025-11-14 21:31:55,340][src.models.modules.semantic_id.tiger_generation_model][INFO] - [rank: 0] 使用分块生成策略，num_hierarchies=10
[2025-11-14 21:31:56,377][src.models.modules.semantic_id.tiger_generation_model][INFO] - [rank: 0] 使用分块生成策略，num_hierarchies=10
[2025-11-14 21:31:56,986][src.models.modules.semantic_id.tiger_generation_model][INFO] - [rank: 0] 使用分块生成策略，num_hierarchies=10
[2025-11-14 21:31:57,888][src.models.modules.semantic_id.tiger_generation_model][INFO] - [rank: 0] 使用分块生成策略，num_hierarchies=10
[2025-11-14 21:31:58,871][src.models.modules.semantic_id.tiger_generation_model][INFO] - [rank: 0] 使用分块生成策略，num_hierarchies=10
[2025-11-14 21:31:59,822][src.models.modules.semantic_id.tiger_generation_model][INFO] - [rank: 0] 使用分块生成策略，num_hierarchies=10
[2025-11-14 21:32:00,332][src.models.modules.semantic_id.tiger_generation_model][INFO] - [rank: 0] 使用分块生成策略，num_hierarchies=10
[2025-11-14 21:32:01,116][src.models.modules.semantic_id.tiger_generation_model][INFO] - [rank: 0] 使用分块生成策略，num_hierarchies=10
[2025-11-14 21:32:02,024][src.models.modules.semantic_id.tiger_generation_model][INFO] - [rank: 0] 使用分块生成策略，num_hierarchies=10
[2025-11-14 21:32:03,116][src.models.modules.semantic_id.tiger_generation_model][INFO] - [rank: 0] 使用分块生成策略，num_hierarchies=10
[2025-11-14 21:32:03,764][src.models.modules.semantic_id.tiger_generation_model][INFO] - [rank: 0] 使用分块生成策略，num_hierarchies=10
[2025-11-14 21:32:04,400][src.models.modules.semantic_id.tiger_generation_model][INFO] - [rank: 0] 使用分块生成策略，num_hierarchies=10
[2025-11-14 21:32:05,022][src.models.modules.semantic_id.tiger_generation_model][INFO] - [rank: 0] 使用分块生成策略，num_hierarchies=10
[2025-11-14 21:32:05,701][src.models.modules.semantic_id.tiger_generation_model][INFO] - [rank: 0] 使用分块生成策略，num_hierarchies=10
[2025-11-14 21:32:06,523][src.models.modules.semantic_id.tiger_generation_model][INFO] - [rank: 0] 使用分块生成策略，num_hierarchies=10
[2025-11-14 21:32:07,224][src.models.modules.semantic_id.tiger_generation_model][INFO] - [rank: 0] 使用分块生成策略，num_hierarchies=10
[2025-11-14 21:32:07,990][src.models.modules.semantic_id.tiger_generation_model][INFO] - [rank: 0] 使用分块生成策略，num_hierarchies=10
[2025-11-14 21:32:08,721][src.models.modules.semantic_id.tiger_generation_model][INFO] - [rank: 0] 使用分块生成策略，num_hierarchies=10
[2025-11-14 21:32:09,399][src.models.modules.semantic_id.tiger_generation_model][INFO] - [rank: 0] 使用分块生成策略，num_hierarchies=10
[2025-11-14 21:32:10,009][src.models.modules.semantic_id.tiger_generation_model][INFO] - [rank: 0] 使用分块生成策略，num_hierarchies=10
[2025-11-14 21:32:10,625][src.models.modules.semantic_id.tiger_generation_model][INFO] - [rank: 0] 使用分块生成策略，num_hierarchies=10
[2025-11-14 21:32:11,223][src.models.modules.semantic_id.tiger_generation_model][INFO] - [rank: 0] 使用分块生成策略，num_hierarchies=10
[2025-11-14 21:32:12,024][src.models.modules.semantic_id.tiger_generation_model][INFO] - [rank: 0] 使用分块生成策略，num_hierarchies=10
[2025-11-14 21:32:12,661][src.models.modules.semantic_id.tiger_generation_model][INFO] - [rank: 0] 使用分块生成策略，num_hierarchies=10
[2025-11-14 21:32:13,256][src.models.modules.semantic_id.tiger_generation_model][INFO] - [rank: 0] 使用分块生成策略，num_hierarchies=10
[2025-11-14 21:32:14,479][src.models.modules.semantic_id.tiger_generation_model][INFO] - [rank: 0] 使用分块生成策略，num_hierarchies=10
[2025-11-14 21:32:15,609][src.models.modules.semantic_id.tiger_generation_model][INFO] - [rank: 0] 使用分块生成策略，num_hierarchies=10
[2025-11-14 21:32:16,720][src.models.modules.semantic_id.tiger_generation_model][INFO] - [rank: 0] 使用分块生成策略，num_hierarchies=10
[2025-11-14 21:32:17,695][src.models.modules.semantic_id.tiger_generation_model][INFO] - [rank: 0] 使用分块生成策略，num_hierarchies=10
[2025-11-14 21:32:18,622][src.models.modules.semantic_id.tiger_generation_model][INFO] - [rank: 0] 使用分块生成策略，num_hierarchies=10
[2025-11-14 21:32:19,405][src.models.modules.semantic_id.tiger_generation_model][INFO] - [rank: 0] 使用分块生成策略，num_hierarchies=10
[2025-11-14 21:32:20,047][src.models.modules.semantic_id.tiger_generation_model][INFO] - [rank: 0] 使用分块生成策略，num_hierarchies=10
[2025-11-14 21:32:20,601][src.models.modules.semantic_id.tiger_generation_model][INFO] - [rank: 0] 使用分块生成策略，num_hierarchies=10
[2025-11-14 21:32:21,253][src.models.modules.semantic_id.tiger_generation_model][INFO] - [rank: 0] 使用分块生成策略，num_hierarchies=10
[2025-11-14 21:32:21,888][src.models.modules.semantic_id.tiger_generation_model][INFO] - [rank: 0] 使用分块生成策略，num_hierarchies=10
[2025-11-14 21:32:22,931][src.models.modules.semantic_id.tiger_generation_model][INFO] - [rank: 0] 使用分块生成策略，num_hierarchies=10
[2025-11-14 21:32:23,908][src.models.modules.semantic_id.tiger_generation_model][INFO] - [rank: 0] 使用分块生成策略，num_hierarchies=10
[2025-11-14 21:32:24,843][src.models.modules.semantic_id.tiger_generation_model][INFO] - [rank: 0] 使用分块生成策略，num_hierarchies=10
[2025-11-14 21:32:25,802][src.models.modules.semantic_id.tiger_generation_model][INFO] - [rank: 0] 使用分块生成策略，num_hierarchies=10
[2025-11-14 21:32:26,965][src.models.modules.semantic_id.tiger_generation_model][INFO] - [rank: 0] 使用分块生成策略，num_hierarchies=10
[2025-11-14 21:32:27,572][src.models.modules.semantic_id.tiger_generation_model][INFO] - [rank: 0] 使用分块生成策略，num_hierarchies=10
[2025-11-14 21:32:28,455][src.models.modules.semantic_id.tiger_generation_model][INFO] - [rank: 0] 使用分块生成策略，num_hierarchies=10
[2025-11-14 21:32:29,144][src.models.modules.semantic_id.tiger_generation_model][INFO] - [rank: 0] 使用分块生成策略，num_hierarchies=10
[2025-11-14 21:32:29,860][src.models.modules.semantic_id.tiger_generation_model][INFO] - [rank: 0] 使用分块生成策略，num_hierarchies=10
[2025-11-14 21:32:30,426][src.models.modules.semantic_id.tiger_generation_model][INFO] - [rank: 0] 使用分块生成策略，num_hierarchies=10
[2025-11-14 21:32:31,075][src.models.modules.semantic_id.tiger_generation_model][INFO] - [rank: 0] 使用分块生成策略，num_hierarchies=10
[2025-11-14 21:32:31,711][src.models.modules.semantic_id.tiger_generation_model][INFO] - [rank: 0] 使用分块生成策略，num_hierarchies=10
[2025-11-14 21:32:32,326][src.models.modules.semantic_id.tiger_generation_model][INFO] - [rank: 0] 使用分块生成策略，num_hierarchies=10
[2025-11-14 21:32:32,947][src.models.modules.semantic_id.tiger_generation_model][INFO] - [rank: 0] 使用分块生成策略，num_hierarchies=10
[2025-11-14 21:32:33,579][src.models.modules.semantic_id.tiger_generation_model][INFO] - [rank: 0] 使用分块生成策略，num_hierarchies=10
[2025-11-14 21:32:34,265][src.models.modules.semantic_id.tiger_generation_model][INFO] - [rank: 0] 使用分块生成策略，num_hierarchies=10
[2025-11-14 21:32:34,836][src.models.modules.semantic_id.tiger_generation_model][INFO] - [rank: 0] 使用分块生成策略，num_hierarchies=10
[2025-11-14 21:32:35,423][src.models.modules.semantic_id.tiger_generation_model][INFO] - [rank: 0] 使用分块生成策略，num_hierarchies=10
[2025-11-14 21:32:36,002][src.models.modules.semantic_id.tiger_generation_model][INFO] - [rank: 0] 使用分块生成策略，num_hierarchies=10
[2025-11-14 21:32:36,583][src.models.modules.semantic_id.tiger_generation_model][INFO] - [rank: 0] 使用分块生成策略，num_hierarchies=10
[2025-11-14 21:32:37,168][src.models.modules.semantic_id.tiger_generation_model][INFO] - [rank: 0] 使用分块生成策略，num_hierarchies=10
[2025-11-14 21:32:37,730][src.models.modules.semantic_id.tiger_generation_model][INFO] - [rank: 0] 使用分块生成策略，num_hierarchies=10
[2025-11-14 21:32:38,327][src.models.modules.semantic_id.tiger_generation_model][INFO] - [rank: 0] 使用分块生成策略，num_hierarchies=10
[2025-11-14 21:32:38,904][src.models.modules.semantic_id.tiger_generation_model][INFO] - [rank: 0] 使用分块生成策略，num_hierarchies=10
[2025-11-14 21:32:39,618][src.models.modules.semantic_id.tiger_generation_model][INFO] - [rank: 0] 使用分块生成策略，num_hierarchies=10
[2025-11-14 21:32:40,811][src.models.modules.semantic_id.tiger_generation_model][INFO] - [rank: 0] 使用分块生成策略，num_hierarchies=10
[2025-11-14 21:32:41,847][src.models.modules.semantic_id.tiger_generation_model][INFO] - [rank: 0] 使用分块生成策略，num_hierarchies=10
[2025-11-14 21:32:42,466][src.models.modules.semantic_id.tiger_generation_model][INFO] - [rank: 0] 使用分块生成策略，num_hierarchies=10
[2025-11-14 21:32:43,098][src.models.modules.semantic_id.tiger_generation_model][INFO] - [rank: 0] 使用分块生成策略，num_hierarchies=10
[2025-11-14 21:32:43,744][src.models.modules.semantic_id.tiger_generation_model][INFO] - [rank: 0] 使用分块生成策略，num_hierarchies=10
[2025-11-14 21:32:44,383][src.models.modules.semantic_id.tiger_generation_model][INFO] - [rank: 0] 使用分块生成策略，num_hierarchies=10
[2025-11-14 21:32:45,085][src.models.modules.semantic_id.tiger_generation_model][INFO] - [rank: 0] 使用分块生成策略，num_hierarchies=10
[2025-11-14 21:32:46,112][src.models.modules.semantic_id.tiger_generation_model][INFO] - [rank: 0] 使用分块生成策略，num_hierarchies=10
[2025-11-14 21:32:47,353][src.models.modules.semantic_id.tiger_generation_model][INFO] - [rank: 0] 使用分块生成策略，num_hierarchies=10
[2025-11-14 21:32:48,791][src.models.modules.semantic_id.tiger_generation_model][INFO] - [rank: 0] 使用分块生成策略，num_hierarchies=10
[2025-11-14 21:32:49,453][src.models.modules.semantic_id.tiger_generation_model][INFO] - [rank: 0] 使用分块生成策略，num_hierarchies=10
[2025-11-14 21:32:50,180][src.models.modules.semantic_id.tiger_generation_model][INFO] - [rank: 0] 使用分块生成策略，num_hierarchies=10
[2025-11-14 21:32:51,037][src.models.modules.semantic_id.tiger_generation_model][INFO] - [rank: 0] 使用分块生成策略，num_hierarchies=10
[2025-11-14 21:32:51,815][src.models.modules.semantic_id.tiger_generation_model][INFO] - [rank: 0] 使用分块生成策略，num_hierarchies=10
[2025-11-14 21:32:52,451][src.models.modules.semantic_id.tiger_generation_model][INFO] - [rank: 0] 使用分块生成策略，num_hierarchies=10
[2025-11-14 21:32:53,134][src.models.modules.semantic_id.tiger_generation_model][INFO] - [rank: 0] 使用分块生成策略，num_hierarchies=10
[2025-11-14 21:32:53,772][src.models.modules.semantic_id.tiger_generation_model][INFO] - [rank: 0] 使用分块生成策略，num_hierarchies=10
[2025-11-14 21:32:54,436][src.models.modules.semantic_id.tiger_generation_model][INFO] - [rank: 0] 使用分块生成策略，num_hierarchies=10
[2025-11-14 21:32:55,080][src.models.modules.semantic_id.tiger_generation_model][INFO] - [rank: 0] 使用分块生成策略，num_hierarchies=10
[2025-11-14 21:32:55,707][src.models.modules.semantic_id.tiger_generation_model][INFO] - [rank: 0] 使用分块生成策略，num_hierarchies=10
[2025-11-14 21:32:56,361][src.models.modules.semantic_id.tiger_generation_model][INFO] - [rank: 0] 使用分块生成策略，num_hierarchies=10
[2025-11-14 21:32:57,023][src.models.modules.semantic_id.tiger_generation_model][INFO] - [rank: 0] 使用分块生成策略，num_hierarchies=10
[2025-11-14 21:32:57,660][src.models.modules.semantic_id.tiger_generation_model][INFO] - [rank: 0] 使用分块生成策略，num_hierarchies=10
[2025-11-14 21:32:58,301][src.models.modules.semantic_id.tiger_generation_model][INFO] - [rank: 0] 使用分块生成策略，num_hierarchies=10
[2025-11-14 21:32:58,948][src.models.modules.semantic_id.tiger_generation_model][INFO] - [rank: 0] 使用分块生成策略，num_hierarchies=10
[2025-11-14 21:32:59,631][src.models.modules.semantic_id.tiger_generation_model][INFO] - [rank: 0] 使用分块生成策略，num_hierarchies=10
[2025-11-14 21:33:00,276][src.models.modules.semantic_id.tiger_generation_model][INFO] - [rank: 0] 使用分块生成策略，num_hierarchies=10
[2025-11-14 21:33:00,892][src.models.modules.semantic_id.tiger_generation_model][INFO] - [rank: 0] 使用分块生成策略，num_hierarchies=10
[2025-11-14 21:33:01,516][src.models.modules.semantic_id.tiger_generation_model][INFO] - [rank: 0] 使用分块生成策略，num_hierarchies=10
[2025-11-14 21:33:02,169][src.models.modules.semantic_id.tiger_generation_model][INFO] - [rank: 0] 使用分块生成策略，num_hierarchies=10
[2025-11-14 21:33:02,791][src.models.modules.semantic_id.tiger_generation_model][INFO] - [rank: 0] 使用分块生成策略，num_hierarchies=10
[2025-11-14 21:33:03,622][src.models.modules.semantic_id.tiger_generation_model][INFO] - [rank: 0] 使用分块生成策略，num_hierarchies=10
[2025-11-14 21:33:04,639][src.models.modules.semantic_id.tiger_generation_model][INFO] - [rank: 0] 使用分块生成策略，num_hierarchies=10
[2025-11-14 21:33:05,466][src.models.modules.semantic_id.tiger_generation_model][INFO] - [rank: 0] 使用分块生成策略，num_hierarchies=10
[2025-11-14 21:33:06,254][src.models.modules.semantic_id.tiger_generation_model][INFO] - [rank: 0] 使用分块生成策略，num_hierarchies=10
[2025-11-14 21:33:06,950][src.models.modules.semantic_id.tiger_generation_model][INFO] - [rank: 0] 使用分块生成策略，num_hierarchies=10
[2025-11-14 21:33:07,535][src.models.modules.semantic_id.tiger_generation_model][INFO] - [rank: 0] 使用分块生成策略，num_hierarchies=10
[2025-11-14 21:33:08,164][src.models.modules.semantic_id.tiger_generation_model][INFO] - [rank: 0] 使用分块生成策略，num_hierarchies=10
[2025-11-14 21:33:08,761][src.models.modules.semantic_id.tiger_generation_model][INFO] - [rank: 0] 使用分块生成策略，num_hierarchies=10
[2025-11-14 21:33:09,975][src.models.modules.semantic_id.tiger_generation_model][INFO] - [rank: 0] 使用分块生成策略，num_hierarchies=10
[2025-11-14 21:33:10,539][src.models.modules.semantic_id.tiger_generation_model][INFO] - [rank: 0] 使用分块生成策略，num_hierarchies=10
[2025-11-14 21:33:11,133][src.models.modules.semantic_id.tiger_generation_model][INFO] - [rank: 0] 使用分块生成策略，num_hierarchies=10
[2025-11-14 21:33:11,726][src.models.modules.semantic_id.tiger_generation_model][INFO] - [rank: 0] 使用分块生成策略，num_hierarchies=10
[2025-11-14 21:33:12,481][src.models.modules.semantic_id.tiger_generation_model][INFO] - [rank: 0] 使用分块生成策略，num_hierarchies=10
[2025-11-14 21:33:13,352][src.models.modules.semantic_id.tiger_generation_model][INFO] - [rank: 0] 使用分块生成策略，num_hierarchies=10
[2025-11-14 21:33:14,614][src.models.modules.semantic_id.tiger_generation_model][INFO] - [rank: 0] 使用分块生成策略，num_hierarchies=10
[2025-11-14 21:33:15,465][src.models.modules.semantic_id.tiger_generation_model][INFO] - [rank: 0] 使用分块生成策略，num_hierarchies=10
[2025-11-14 21:33:16,499][src.models.modules.semantic_id.tiger_generation_model][INFO] - [rank: 0] 使用分块生成策略，num_hierarchies=10
[2025-11-14 21:33:17,346][src.models.modules.semantic_id.tiger_generation_model][INFO] - [rank: 0] 使用分块生成策略，num_hierarchies=10
[2025-11-14 21:33:18,324][src.models.modules.semantic_id.tiger_generation_model][INFO] - [rank: 0] 使用分块生成策略，num_hierarchies=10
[2025-11-14 21:33:19,049][src.models.modules.semantic_id.tiger_generation_model][INFO] - [rank: 0] 使用分块生成策略，num_hierarchies=10
[2025-11-14 21:33:19,796][src.models.modules.semantic_id.tiger_generation_model][INFO] - [rank: 0] 使用分块生成策略，num_hierarchies=10
[2025-11-14 21:33:20,516][src.models.modules.semantic_id.tiger_generation_model][INFO] - [rank: 0] 使用分块生成策略，num_hierarchies=10
[2025-11-14 21:33:21,138][src.models.modules.semantic_id.tiger_generation_model][INFO] - [rank: 0] 使用分块生成策略，num_hierarchies=10
[2025-11-14 21:33:21,745][src.models.modules.semantic_id.tiger_generation_model][INFO] - [rank: 0] 使用分块生成策略，num_hierarchies=10
[2025-11-14 21:33:22,550][src.models.modules.semantic_id.tiger_generation_model][INFO] - [rank: 0] 使用分块生成策略，num_hierarchies=10
[2025-11-14 21:33:23,197][src.models.modules.semantic_id.tiger_generation_model][INFO] - [rank: 0] 使用分块生成策略，num_hierarchies=10
[2025-11-14 21:33:23,773][src.models.modules.semantic_id.tiger_generation_model][INFO] - [rank: 0] 使用分块生成策略，num_hierarchies=10
[2025-11-14 21:33:24,417][src.models.modules.semantic_id.tiger_generation_model][INFO] - [rank: 0] 使用分块生成策略，num_hierarchies=10
[2025-11-14 21:33:25,014][src.models.modules.semantic_id.tiger_generation_model][INFO] - [rank: 0] 使用分块生成策略，num_hierarchies=10
[2025-11-14 21:33:25,605][src.models.modules.semantic_id.tiger_generation_model][INFO] - [rank: 0] 使用分块生成策略，num_hierarchies=10
[2025-11-14 21:33:26,573][src.models.modules.semantic_id.tiger_generation_model][INFO] - [rank: 0] 使用分块生成策略，num_hierarchies=10
[2025-11-14 21:33:27,881][src.models.modules.semantic_id.tiger_generation_model][INFO] - [rank: 0] 使用分块生成策略，num_hierarchies=10
[2025-11-14 21:33:29,158][src.models.modules.semantic_id.tiger_generation_model][INFO] - [rank: 0] 使用分块生成策略，num_hierarchies=10
[2025-11-14 21:33:30,348][src.models.modules.semantic_id.tiger_generation_model][INFO] - [rank: 0] 使用分块生成策略，num_hierarchies=10
[2025-11-14 21:33:31,535][src.models.modules.semantic_id.tiger_generation_model][INFO] - [rank: 0] 使用分块生成策略，num_hierarchies=10
[2025-11-14 21:33:32,681][src.models.modules.semantic_id.tiger_generation_model][INFO] - [rank: 0] 使用分块生成策略，num_hierarchies=10
[2025-11-14 21:33:33,520][src.models.modules.semantic_id.tiger_generation_model][INFO] - [rank: 0] 使用分块生成策略，num_hierarchies=10
[2025-11-14 21:33:34,154][src.models.modules.semantic_id.tiger_generation_model][INFO] - [rank: 0] 使用分块生成策略，num_hierarchies=10
[2025-11-14 21:33:34,820][src.models.modules.semantic_id.tiger_generation_model][INFO] - [rank: 0] 使用分块生成策略，num_hierarchies=10
[2025-11-14 21:33:35,581][src.models.modules.semantic_id.tiger_generation_model][INFO] - [rank: 0] 使用分块生成策略，num_hierarchies=10
[2025-11-14 21:33:36,960][src.models.modules.semantic_id.tiger_generation_model][INFO] - [rank: 0] 使用分块生成策略，num_hierarchies=10
[2025-11-14 21:33:38,295][src.models.modules.semantic_id.tiger_generation_model][INFO] - [rank: 0] 使用分块生成策略，num_hierarchies=10
[2025-11-14 21:33:39,379][src.models.modules.semantic_id.tiger_generation_model][INFO] - [rank: 0] 使用分块生成策略，num_hierarchies=10
[2025-11-14 21:33:40,835][src.models.modules.semantic_id.tiger_generation_model][INFO] - [rank: 0] 使用分块生成策略，num_hierarchies=10
[2025-11-14 21:33:41,608][src.models.modules.semantic_id.tiger_generation_model][INFO] - [rank: 0] 使用分块生成策略，num_hierarchies=10
[2025-11-14 21:33:42,283][src.models.modules.semantic_id.tiger_generation_model][INFO] - [rank: 0] 使用分块生成策略，num_hierarchies=10
[2025-11-14 21:33:42,959][src.models.modules.semantic_id.tiger_generation_model][INFO] - [rank: 0] 使用分块生成策略，num_hierarchies=10
[2025-11-14 21:33:43,569][src.models.modules.semantic_id.tiger_generation_model][INFO] - [rank: 0] 使用分块生成策略，num_hierarchies=10
[2025-11-14 21:33:44,315][src.models.modules.semantic_id.tiger_generation_model][INFO] - [rank: 0] 使用分块生成策略，num_hierarchies=10
[2025-11-14 21:33:45,177][src.models.modules.semantic_id.tiger_generation_model][INFO] - [rank: 0] 使用分块生成策略，num_hierarchies=10
[2025-11-14 21:33:45,825][src.models.modules.semantic_id.tiger_generation_model][INFO] - [rank: 0] 使用分块生成策略，num_hierarchies=10
[2025-11-14 21:33:46,402][src.models.modules.semantic_id.tiger_generation_model][INFO] - [rank: 0] 使用分块生成策略，num_hierarchies=10
[2025-11-14 21:33:47,054][src.models.modules.semantic_id.tiger_generation_model][INFO] - [rank: 0] 使用分块生成策略，num_hierarchies=10
[2025-11-14 21:33:48,397][src.models.modules.semantic_id.tiger_generation_model][INFO] - [rank: 0] 使用分块生成策略，num_hierarchies=10
[2025-11-14 21:33:49,083][src.models.modules.semantic_id.tiger_generation_model][INFO] - [rank: 0] 使用分块生成策略，num_hierarchies=10
[2025-11-14 21:33:50,547][src.models.modules.semantic_id.tiger_generation_model][INFO] - [rank: 0] 使用分块生成策略，num_hierarchies=10
[2025-11-14 21:33:51,707][src.models.modules.semantic_id.tiger_generation_model][INFO] - [rank: 0] 使用分块生成策略，num_hierarchies=10
[2025-11-14 21:33:52,903][src.models.modules.semantic_id.tiger_generation_model][INFO] - [rank: 0] 使用分块生成策略，num_hierarchies=10
[2025-11-14 21:33:54,405][src.models.modules.semantic_id.tiger_generation_model][INFO] - [rank: 0] 使用分块生成策略，num_hierarchies=10
[2025-11-14 21:33:55,415][src.models.modules.semantic_id.tiger_generation_model][INFO] - [rank: 0] 使用分块生成策略，num_hierarchies=10
[2025-11-14 21:33:56,024][src.models.modules.semantic_id.tiger_generation_model][INFO] - [rank: 0] 使用分块生成策略，num_hierarchies=10
[2025-11-14 21:33:56,607][src.models.modules.semantic_id.tiger_generation_model][INFO] - [rank: 0] 使用分块生成策略，num_hierarchies=10
[2025-11-14 21:33:57,826][src.models.modules.semantic_id.tiger_generation_model][INFO] - [rank: 0] 使用分块生成策略，num_hierarchies=10
[2025-11-14 21:33:59,174][src.models.modules.semantic_id.tiger_generation_model][INFO] - [rank: 0] 使用分块生成策略，num_hierarchies=10
[2025-11-14 21:34:00,140][src.models.modules.semantic_id.tiger_generation_model][INFO] - [rank: 0] 使用分块生成策略，num_hierarchies=10
[2025-11-14 21:34:00,695][src.models.modules.semantic_id.tiger_generation_model][INFO] - [rank: 0] 使用分块生成策略，num_hierarchies=10
[2025-11-14 21:34:01,349][src.models.modules.semantic_id.tiger_generation_model][INFO] - [rank: 0] 使用分块生成策略，num_hierarchies=10
[2025-11-14 21:34:02,039][src.models.modules.semantic_id.tiger_generation_model][INFO] - [rank: 0] 使用分块生成策略，num_hierarchies=10
[2025-11-14 21:34:03,274][src.models.modules.semantic_id.tiger_generation_model][INFO] - [rank: 0] 使用分块生成策略，num_hierarchies=10
[2025-11-14 21:34:03,882][src.models.modules.semantic_id.tiger_generation_model][INFO] - [rank: 0] 使用分块生成策略，num_hierarchies=10
[2025-11-14 21:34:04,477][src.models.modules.semantic_id.tiger_generation_model][INFO] - [rank: 0] 使用分块生成策略，num_hierarchies=10
[2025-11-14 21:34:05,951][src.models.modules.semantic_id.tiger_generation_model][INFO] - [rank: 0] 使用分块生成策略，num_hierarchies=10
[2025-11-14 21:34:06,711][src.models.modules.semantic_id.tiger_generation_model][INFO] - [rank: 0] 使用分块生成策略，num_hierarchies=10
[2025-11-14 21:34:07,496][src.models.modules.semantic_id.tiger_generation_model][INFO] - [rank: 0] 使用分块生成策略，num_hierarchies=10
[2025-11-14 21:34:08,669][src.models.modules.semantic_id.tiger_generation_model][INFO] - [rank: 0] 使用分块生成策略，num_hierarchies=10
[2025-11-14 21:34:09,358][src.models.modules.semantic_id.tiger_generation_model][INFO] - [rank: 0] 使用分块生成策略，num_hierarchies=10
[2025-11-14 21:34:10,006][src.models.modules.semantic_id.tiger_generation_model][INFO] - [rank: 0] 使用分块生成策略，num_hierarchies=10
[2025-11-14 21:34:11,924][src.models.modules.semantic_id.tiger_generation_model][INFO] - [rank: 0] 使用分块生成策略，num_hierarchies=10
[2025-11-14 21:34:13,251][src.models.modules.semantic_id.tiger_generation_model][INFO] - [rank: 0] 使用分块生成策略，num_hierarchies=10
[2025-11-14 21:34:14,534][src.models.modules.semantic_id.tiger_generation_model][INFO] - [rank: 0] 使用分块生成策略，num_hierarchies=10
[2025-11-14 21:34:15,530][src.models.modules.semantic_id.tiger_generation_model][INFO] - [rank: 0] 使用分块生成策略，num_hierarchies=10
[2025-11-14 21:34:16,598][src.models.modules.semantic_id.tiger_generation_model][INFO] - [rank: 0] 使用分块生成策略，num_hierarchies=10
[2025-11-14 21:34:17,996][src.models.modules.semantic_id.tiger_generation_model][INFO] - [rank: 0] 使用分块生成策略，num_hierarchies=10
[2025-11-14 21:34:18,703][src.models.modules.semantic_id.tiger_generation_model][INFO] - [rank: 0] 使用分块生成策略，num_hierarchies=10
[2025-11-14 21:34:19,382][src.models.modules.semantic_id.tiger_generation_model][INFO] - [rank: 0] 使用分块生成策略，num_hierarchies=10
[2025-11-14 21:34:20,403][src.models.modules.semantic_id.tiger_generation_model][INFO] - [rank: 0] 使用分块生成策略，num_hierarchies=10
[2025-11-14 21:34:21,453][src.models.modules.semantic_id.tiger_generation_model][INFO] - [rank: 0] 使用分块生成策略，num_hierarchies=10
[2025-11-14 21:34:22,397][src.models.modules.semantic_id.tiger_generation_model][INFO] - [rank: 0] 使用分块生成策略，num_hierarchies=10
[2025-11-14 21:34:23,150][src.models.modules.semantic_id.tiger_generation_model][INFO] - [rank: 0] 使用分块生成策略，num_hierarchies=10
[2025-11-14 21:34:23,805][src.models.modules.semantic_id.tiger_generation_model][INFO] - [rank: 0] 使用分块生成策略，num_hierarchies=10
[2025-11-14 21:34:24,502][src.models.modules.semantic_id.tiger_generation_model][INFO] - [rank: 0] 使用分块生成策略，num_hierarchies=10
[2025-11-14 21:34:25,295][src.models.modules.semantic_id.tiger_generation_model][INFO] - [rank: 0] 使用分块生成策略，num_hierarchies=10
[2025-11-14 21:34:26,457][src.models.modules.semantic_id.tiger_generation_model][INFO] - [rank: 0] 使用分块生成策略，num_hierarchies=10
[2025-11-14 21:34:28,029][src.models.modules.semantic_id.tiger_generation_model][INFO] - [rank: 0] 使用分块生成策略，num_hierarchies=10
[2025-11-14 21:34:29,119][src.models.modules.semantic_id.tiger_generation_model][INFO] - [rank: 0] 使用分块生成策略，num_hierarchies=10
[2025-11-14 21:34:30,305][src.models.modules.semantic_id.tiger_generation_model][INFO] - [rank: 0] 使用分块生成策略，num_hierarchies=10
[2025-11-14 21:34:31,433][src.models.modules.semantic_id.tiger_generation_model][INFO] - [rank: 0] 使用分块生成策略，num_hierarchies=10
[2025-11-14 21:34:32,811][src.models.modules.semantic_id.tiger_generation_model][INFO] - [rank: 0] 使用分块生成策略，num_hierarchies=10
[2025-11-14 21:34:33,727][src.models.modules.semantic_id.tiger_generation_model][INFO] - [rank: 0] 使用分块生成策略，num_hierarchies=10
[2025-11-14 21:34:34,615][src.models.modules.semantic_id.tiger_generation_model][INFO] - [rank: 0] 使用分块生成策略，num_hierarchies=10
[2025-11-14 21:34:35,476][src.models.modules.semantic_id.tiger_generation_model][INFO] - [rank: 0] 使用分块生成策略，num_hierarchies=10
[2025-11-14 21:34:36,372][src.models.modules.semantic_id.tiger_generation_model][INFO] - [rank: 0] 使用分块生成策略，num_hierarchies=10
[2025-11-14 21:34:37,234][src.models.modules.semantic_id.tiger_generation_model][INFO] - [rank: 0] 使用分块生成策略，num_hierarchies=10
[2025-11-14 21:34:38,702][src.models.modules.semantic_id.tiger_generation_model][INFO] - [rank: 0] 使用分块生成策略，num_hierarchies=10
[2025-11-14 21:34:39,368][src.models.modules.semantic_id.tiger_generation_model][INFO] - [rank: 0] 使用分块生成策略，num_hierarchies=10
[2025-11-14 21:34:40,489][src.models.modules.semantic_id.tiger_generation_model][INFO] - [rank: 0] 使用分块生成策略，num_hierarchies=10
[2025-11-14 21:34:41,142][src.models.modules.semantic_id.tiger_generation_model][INFO] - [rank: 0] 使用分块生成策略，num_hierarchies=10
[2025-11-14 21:34:41,945][src.models.modules.semantic_id.tiger_generation_model][INFO] - [rank: 0] 使用分块生成策略，num_hierarchies=10
[2025-11-14 21:34:42,845][src.models.modules.semantic_id.tiger_generation_model][INFO] - [rank: 0] 使用分块生成策略，num_hierarchies=10
[2025-11-14 21:34:43,654][src.models.modules.semantic_id.tiger_generation_model][INFO] - [rank: 0] 使用分块生成策略，num_hierarchies=10
[2025-11-14 21:34:44,306][src.models.modules.semantic_id.tiger_generation_model][INFO] - [rank: 0] 使用分块生成策略，num_hierarchies=10
[2025-11-14 21:34:45,224][src.models.modules.semantic_id.tiger_generation_model][INFO] - [rank: 0] 使用分块生成策略，num_hierarchies=10
[2025-11-14 21:34:46,851][src.models.modules.semantic_id.tiger_generation_model][INFO] - [rank: 0] 使用分块生成策略，num_hierarchies=10
[2025-11-14 21:34:48,101][src.models.modules.semantic_id.tiger_generation_model][INFO] - [rank: 0] 使用分块生成策略，num_hierarchies=10
[2025-11-14 21:34:49,103][src.models.modules.semantic_id.tiger_generation_model][INFO] - [rank: 0] 使用分块生成策略，num_hierarchies=10
[2025-11-14 21:34:49,859][src.models.modules.semantic_id.tiger_generation_model][INFO] - [rank: 0] 使用分块生成策略，num_hierarchies=10
[2025-11-14 21:34:50,476][src.models.modules.semantic_id.tiger_generation_model][INFO] - [rank: 0] 使用分块生成策略，num_hierarchies=10
[2025-11-14 21:34:51,123][src.models.modules.semantic_id.tiger_generation_model][INFO] - [rank: 0] 使用分块生成策略，num_hierarchies=10
[2025-11-14 21:34:51,793][src.models.modules.semantic_id.tiger_generation_model][INFO] - [rank: 0] 使用分块生成策略，num_hierarchies=10
[2025-11-14 21:34:52,562][src.models.modules.semantic_id.tiger_generation_model][INFO] - [rank: 0] 使用分块生成策略，num_hierarchies=10
[2025-11-14 21:34:53,244][src.models.modules.semantic_id.tiger_generation_model][INFO] - [rank: 0] 使用分块生成策略，num_hierarchies=10
[2025-11-14 21:34:53,990][src.models.modules.semantic_id.tiger_generation_model][INFO] - [rank: 0] 使用分块生成策略，num_hierarchies=10
[2025-11-14 21:34:55,207][src.models.modules.semantic_id.tiger_generation_model][INFO] - [rank: 0] 使用分块生成策略，num_hierarchies=10
[2025-11-14 21:34:56,613][src.models.modules.semantic_id.tiger_generation_model][INFO] - [rank: 0] 使用分块生成策略，num_hierarchies=10
[2025-11-14 21:34:57,706][src.models.modules.semantic_id.tiger_generation_model][INFO] - [rank: 0] 使用分块生成策略，num_hierarchies=10
[2025-11-14 21:34:58,420][src.models.modules.semantic_id.tiger_generation_model][INFO] - [rank: 0] 使用分块生成策略，num_hierarchies=10
[2025-11-14 21:34:59,087][src.models.modules.semantic_id.tiger_generation_model][INFO] - [rank: 0] 使用分块生成策略，num_hierarchies=10
[2025-11-14 21:34:59,867][src.models.modules.semantic_id.tiger_generation_model][INFO] - [rank: 0] 使用分块生成策略，num_hierarchies=10
[2025-11-14 21:35:00,894][src.models.modules.semantic_id.tiger_generation_model][INFO] - [rank: 0] 使用分块生成策略，num_hierarchies=10
[2025-11-14 21:35:02,169][src.models.modules.semantic_id.tiger_generation_model][INFO] - [rank: 0] 使用分块生成策略，num_hierarchies=10
[2025-11-14 21:35:03,472][src.models.modules.semantic_id.tiger_generation_model][INFO] - [rank: 0] 使用分块生成策略，num_hierarchies=10
[2025-11-14 21:35:04,980][src.models.modules.semantic_id.tiger_generation_model][INFO] - [rank: 0] 使用分块生成策略，num_hierarchies=10
[2025-11-14 21:35:06,407][src.models.modules.semantic_id.tiger_generation_model][INFO] - [rank: 0] 使用分块生成策略，num_hierarchies=10
[2025-11-14 21:35:07,622][src.models.modules.semantic_id.tiger_generation_model][INFO] - [rank: 0] 使用分块生成策略，num_hierarchies=10
[2025-11-14 21:35:08,842][src.models.modules.semantic_id.tiger_generation_model][INFO] - [rank: 0] 使用分块生成策略，num_hierarchies=10
[2025-11-14 21:35:10,013][src.models.modules.semantic_id.tiger_generation_model][INFO] - [rank: 0] 使用分块生成策略，num_hierarchies=10
[2025-11-14 21:35:11,171][src.models.modules.semantic_id.tiger_generation_model][INFO] - [rank: 0] 使用分块生成策略，num_hierarchies=10
[2025-11-14 21:35:12,497][src.models.modules.semantic_id.tiger_generation_model][INFO] - [rank: 0] 使用分块生成策略，num_hierarchies=10
[2025-11-14 21:35:13,855][src.models.modules.semantic_id.tiger_generation_model][INFO] - [rank: 0] 使用分块生成策略，num_hierarchies=10
[2025-11-14 21:35:15,223][src.models.modules.semantic_id.tiger_generation_model][INFO] - [rank: 0] 使用分块生成策略，num_hierarchies=10
[2025-11-14 21:35:17,089][src.models.modules.semantic_id.tiger_generation_model][INFO] - [rank: 0] 使用分块生成策略，num_hierarchies=10
[2025-11-14 21:35:18,311][src.models.modules.semantic_id.tiger_generation_model][INFO] - [rank: 0] 使用分块生成策略，num_hierarchies=10
[2025-11-14 21:35:19,549][src.models.modules.semantic_id.tiger_generation_model][INFO] - [rank: 0] 使用分块生成策略，num_hierarchies=10
[2025-11-14 21:35:20,787][src.models.modules.semantic_id.tiger_generation_model][INFO] - [rank: 0] 使用分块生成策略，num_hierarchies=10
[2025-11-14 21:35:22,172][src.models.modules.semantic_id.tiger_generation_model][INFO] - [rank: 0] 使用分块生成策略，num_hierarchies=10
[2025-11-14 21:35:23,605][src.models.modules.semantic_id.tiger_generation_model][INFO] - [rank: 0] 使用分块生成策略，num_hierarchies=10
[2025-11-14 21:35:24,889][src.models.modules.semantic_id.tiger_generation_model][INFO] - [rank: 0] 使用分块生成策略，num_hierarchies=10
[2025-11-14 21:35:25,929][src.models.modules.semantic_id.tiger_generation_model][INFO] - [rank: 0] 使用分块生成策略，num_hierarchies=10
[2025-11-14 21:35:26,555][src.models.modules.semantic_id.tiger_generation_model][INFO] - [rank: 0] 使用分块生成策略，num_hierarchies=10
[2025-11-14 21:35:27,157][src.models.modules.semantic_id.tiger_generation_model][INFO] - [rank: 0] 使用分块生成策略，num_hierarchies=10
[2025-11-14 21:35:27,989][src.models.modules.semantic_id.tiger_generation_model][INFO] - [rank: 0] 使用分块生成策略，num_hierarchies=10
[2025-11-14 21:35:28,858][src.models.modules.semantic_id.tiger_generation_model][INFO] - [rank: 0] 使用分块生成策略，num_hierarchies=10
[2025-11-14 21:35:29,437][src.models.modules.semantic_id.tiger_generation_model][INFO] - [rank: 0] 使用分块生成策略，num_hierarchies=10
[2025-11-14 21:35:30,060][src.models.modules.semantic_id.tiger_generation_model][INFO] - [rank: 0] 使用分块生成策略，num_hierarchies=10
[2025-11-14 21:35:30,692][src.models.modules.semantic_id.tiger_generation_model][INFO] - [rank: 0] 使用分块生成策略，num_hierarchies=10
[2025-11-14 21:35:31,306][src.models.modules.semantic_id.tiger_generation_model][INFO] - [rank: 0] 使用分块生成策略，num_hierarchies=10
[2025-11-14 21:35:31,927][src.models.modules.semantic_id.tiger_generation_model][INFO] - [rank: 0] 使用分块生成策略，num_hierarchies=10
[2025-11-14 21:35:32,927][src.models.modules.semantic_id.tiger_generation_model][INFO] - [rank: 0] 使用分块生成策略，num_hierarchies=10
[2025-11-14 21:35:34,189][src.models.modules.semantic_id.tiger_generation_model][INFO] - [rank: 0] 使用分块生成策略，num_hierarchies=10
[2025-11-14 21:35:35,234][src.models.modules.semantic_id.tiger_generation_model][INFO] - [rank: 0] 使用分块生成策略，num_hierarchies=10
[2025-11-14 21:35:36,367][src.models.modules.semantic_id.tiger_generation_model][INFO] - [rank: 0] 使用分块生成策略，num_hierarchies=10
[2025-11-14 21:35:37,592][src.models.modules.semantic_id.tiger_generation_model][INFO] - [rank: 0] 使用分块生成策略，num_hierarchies=10
[2025-11-14 21:35:38,465][src.models.modules.semantic_id.tiger_generation_model][INFO] - [rank: 0] 使用分块生成策略，num_hierarchies=10
[2025-11-14 21:35:39,790][src.models.modules.semantic_id.tiger_generation_model][INFO] - [rank: 0] 使用分块生成策略，num_hierarchies=10
[2025-11-14 21:35:40,880][src.models.modules.semantic_id.tiger_generation_model][INFO] - [rank: 0] 使用分块生成策略，num_hierarchies=10
[2025-11-14 21:35:42,119][src.models.modules.semantic_id.tiger_generation_model][INFO] - [rank: 0] 使用分块生成策略，num_hierarchies=10
[2025-11-14 21:35:42,981][src.models.modules.semantic_id.tiger_generation_model][INFO] - [rank: 0] 使用分块生成策略，num_hierarchies=10
[2025-11-14 21:35:43,988][src.models.modules.semantic_id.tiger_generation_model][INFO] - [rank: 0] 使用分块生成策略，num_hierarchies=10
[2025-11-14 21:35:44,763][src.models.modules.semantic_id.tiger_generation_model][INFO] - [rank: 0] 使用分块生成策略，num_hierarchies=10
[2025-11-14 21:35:45,444][src.models.modules.semantic_id.tiger_generation_model][INFO] - [rank: 0] 使用分块生成策略，num_hierarchies=10
[2025-11-14 21:35:46,091][src.models.modules.semantic_id.tiger_generation_model][INFO] - [rank: 0] 使用分块生成策略，num_hierarchies=10
[2025-11-14 21:35:46,858][src.models.modules.semantic_id.tiger_generation_model][INFO] - [rank: 0] 使用分块生成策略，num_hierarchies=10
[2025-11-14 21:35:47,763][src.models.modules.semantic_id.tiger_generation_model][INFO] - [rank: 0] 使用分块生成策略，num_hierarchies=10
[2025-11-14 21:35:48,520][src.models.modules.semantic_id.tiger_generation_model][INFO] - [rank: 0] 使用分块生成策略，num_hierarchies=10
[2025-11-14 21:35:49,269][src.models.modules.semantic_id.tiger_generation_model][INFO] - [rank: 0] 使用分块生成策略，num_hierarchies=10
[2025-11-14 21:35:50,127][src.models.modules.semantic_id.tiger_generation_model][INFO] - [rank: 0] 使用分块生成策略，num_hierarchies=10
[2025-11-14 21:35:50,883][src.models.modules.semantic_id.tiger_generation_model][INFO] - [rank: 0] 使用分块生成策略，num_hierarchies=10
[2025-11-14 21:35:51,646][src.models.modules.semantic_id.tiger_generation_model][INFO] - [rank: 0] 使用分块生成策略，num_hierarchies=10
[2025-11-14 21:35:52,695][src.models.modules.semantic_id.tiger_generation_model][INFO] - [rank: 0] 使用分块生成策略，num_hierarchies=10
[2025-11-14 21:35:53,421][src.models.modules.semantic_id.tiger_generation_model][INFO] - [rank: 0] 使用分块生成策略，num_hierarchies=10
[2025-11-14 21:35:54,169][src.models.modules.semantic_id.tiger_generation_model][INFO] - [rank: 0] 使用分块生成策略，num_hierarchies=10
[2025-11-14 21:35:54,910][src.models.modules.semantic_id.tiger_generation_model][INFO] - [rank: 0] 使用分块生成策略，num_hierarchies=10
[2025-11-14 21:35:55,543][src.models.modules.semantic_id.tiger_generation_model][INFO] - [rank: 0] 使用分块生成策略，num_hierarchies=10
[2025-11-14 21:35:56,170][src.models.modules.semantic_id.tiger_generation_model][INFO] - [rank: 0] 使用分块生成策略，num_hierarchies=10
[2025-11-14 21:35:56,783][src.models.modules.semantic_id.tiger_generation_model][INFO] - [rank: 0] 使用分块生成策略，num_hierarchies=10
[2025-11-14 21:35:57,529][src.models.modules.semantic_id.tiger_generation_model][INFO] - [rank: 0] 使用分块生成策略，num_hierarchies=10
[2025-11-14 21:35:58,239][src.models.modules.semantic_id.tiger_generation_model][INFO] - [rank: 0] 使用分块生成策略，num_hierarchies=10
[2025-11-14 21:35:58,935][src.models.modules.semantic_id.tiger_generation_model][INFO] - [rank: 0] 使用分块生成策略，num_hierarchies=10
[2025-11-14 21:35:59,596][src.models.modules.semantic_id.tiger_generation_model][INFO] - [rank: 0] 使用分块生成策略，num_hierarchies=10
[2025-11-14 21:36:00,255][src.models.modules.semantic_id.tiger_generation_model][INFO] - [rank: 0] 使用分块生成策略，num_hierarchies=10
[2025-11-14 21:36:00,927][src.models.modules.semantic_id.tiger_generation_model][INFO] - [rank: 0] 使用分块生成策略，num_hierarchies=10
[2025-11-14 21:36:01,571][src.models.modules.semantic_id.tiger_generation_model][INFO] - [rank: 0] 使用分块生成策略，num_hierarchies=10
[2025-11-14 21:36:02,288][src.models.modules.semantic_id.tiger_generation_model][INFO] - [rank: 0] 使用分块生成策略，num_hierarchies=10
[2025-11-14 21:36:02,946][src.models.modules.semantic_id.tiger_generation_model][INFO] - [rank: 0] 使用分块生成策略，num_hierarchies=10
[2025-11-14 21:36:03,632][src.models.modules.semantic_id.tiger_generation_model][INFO] - [rank: 0] 使用分块生成策略，num_hierarchies=10
[2025-11-14 21:36:04,560][src.models.modules.semantic_id.tiger_generation_model][INFO] - [rank: 0] 使用分块生成策略，num_hierarchies=10
[2025-11-14 21:36:05,961][src.models.modules.semantic_id.tiger_generation_model][INFO] - [rank: 0] 使用分块生成策略，num_hierarchies=10
[2025-11-14 21:36:06,675][src.models.modules.semantic_id.tiger_generation_model][INFO] - [rank: 0] 使用分块生成策略，num_hierarchies=10
[2025-11-14 21:36:07,645][src.models.modules.semantic_id.tiger_generation_model][INFO] - [rank: 0] 使用分块生成策略，num_hierarchies=10
[2025-11-14 21:36:08,212][src.models.modules.semantic_id.tiger_generation_model][INFO] - [rank: 0] 使用分块生成策略，num_hierarchies=10
[2025-11-14 21:36:08,820][src.models.modules.semantic_id.tiger_generation_model][INFO] - [rank: 0] 使用分块生成策略，num_hierarchies=10
[2025-11-14 21:36:09,384][src.models.modules.semantic_id.tiger_generation_model][INFO] - [rank: 0] 使用分块生成策略，num_hierarchies=10
[2025-11-14 21:36:10,022][src.models.modules.semantic_id.tiger_generation_model][INFO] - [rank: 0] 使用分块生成策略，num_hierarchies=10
[2025-11-14 21:36:10,707][src.models.modules.semantic_id.tiger_generation_model][INFO] - [rank: 0] 使用分块生成策略，num_hierarchies=10
[2025-11-14 21:36:11,471][src.models.modules.semantic_id.tiger_generation_model][INFO] - [rank: 0] 使用分块生成策略，num_hierarchies=10
[2025-11-14 21:36:12,123][src.models.modules.semantic_id.tiger_generation_model][INFO] - [rank: 0] 使用分块生成策略，num_hierarchies=10
[2025-11-14 21:36:12,832][src.models.modules.semantic_id.tiger_generation_model][INFO] - [rank: 0] 使用分块生成策略，num_hierarchies=10
[2025-11-14 21:36:13,629][src.models.modules.semantic_id.tiger_generation_model][INFO] - [rank: 0] 使用分块生成策略，num_hierarchies=10
[2025-11-14 21:36:14,381][src.models.modules.semantic_id.tiger_generation_model][INFO] - [rank: 0] 使用分块生成策略，num_hierarchies=10
[2025-11-14 21:36:15,166][src.models.modules.semantic_id.tiger_generation_model][INFO] - [rank: 0] 使用分块生成策略，num_hierarchies=10
[2025-11-14 21:36:15,863][src.models.modules.semantic_id.tiger_generation_model][INFO] - [rank: 0] 使用分块生成策略，num_hierarchies=10
[2025-11-14 21:36:16,707][src.models.modules.semantic_id.tiger_generation_model][INFO] - [rank: 0] 使用分块生成策略，num_hierarchies=10
[2025-11-14 21:36:17,318][src.models.modules.semantic_id.tiger_generation_model][INFO] - [rank: 0] 使用分块生成策略，num_hierarchies=10
[2025-11-14 21:36:17,933][src.models.modules.semantic_id.tiger_generation_model][INFO] - [rank: 0] 使用分块生成策略，num_hierarchies=10
[2025-11-14 21:36:18,636][src.models.modules.semantic_id.tiger_generation_model][INFO] - [rank: 0] 使用分块生成策略，num_hierarchies=10
[2025-11-14 21:36:19,227][src.models.modules.semantic_id.tiger_generation_model][INFO] - [rank: 0] 使用分块生成策略，num_hierarchies=10
[2025-11-14 21:36:19,992][src.models.modules.semantic_id.tiger_generation_model][INFO] - [rank: 0] 使用分块生成策略，num_hierarchies=10
[2025-11-14 21:36:20,707][src.models.modules.semantic_id.tiger_generation_model][INFO] - [rank: 0] 使用分块生成策略，num_hierarchies=10
[2025-11-14 21:36:21,590][src.models.modules.semantic_id.tiger_generation_model][INFO] - [rank: 0] 使用分块生成策略，num_hierarchies=10
[2025-11-14 21:36:22,255][src.models.modules.semantic_id.tiger_generation_model][INFO] - [rank: 0] 使用分块生成策略，num_hierarchies=10
[2025-11-14 21:36:23,103][src.models.modules.semantic_id.tiger_generation_model][INFO] - [rank: 0] 使用分块生成策略，num_hierarchies=10
[2025-11-14 21:36:23,838][src.models.modules.semantic_id.tiger_generation_model][INFO] - [rank: 0] 使用分块生成策略，num_hierarchies=10
[2025-11-14 21:36:24,547][src.models.modules.semantic_id.tiger_generation_model][INFO] - [rank: 0] 使用分块生成策略，num_hierarchies=10
[2025-11-14 21:36:25,171][src.models.modules.semantic_id.tiger_generation_model][INFO] - [rank: 0] 使用分块生成策略，num_hierarchies=10
[2025-11-14 21:36:25,879][src.models.modules.semantic_id.tiger_generation_model][INFO] - [rank: 0] 使用分块生成策略，num_hierarchies=10
[2025-11-14 21:36:26,582][src.models.modules.semantic_id.tiger_generation_model][INFO] - [rank: 0] 使用分块生成策略，num_hierarchies=10
[2025-11-14 21:36:27,326][src.models.modules.semantic_id.tiger_generation_model][INFO] - [rank: 0] 使用分块生成策略，num_hierarchies=10
[2025-11-14 21:36:28,301][src.models.modules.semantic_id.tiger_generation_model][INFO] - [rank: 0] 使用分块生成策略，num_hierarchies=10
[2025-11-14 21:36:29,143][src.models.modules.semantic_id.tiger_generation_model][INFO] - [rank: 0] 使用分块生成策略，num_hierarchies=10
[2025-11-14 21:36:29,906][src.models.modules.semantic_id.tiger_generation_model][INFO] - [rank: 0] 使用分块生成策略，num_hierarchies=10
[2025-11-14 21:36:30,643][src.models.modules.semantic_id.tiger_generation_model][INFO] - [rank: 0] 使用分块生成策略，num_hierarchies=10
[2025-11-14 21:36:31,342][src.models.modules.semantic_id.tiger_generation_model][INFO] - [rank: 0] 使用分块生成策略，num_hierarchies=10
[2025-11-14 21:36:32,070][src.models.modules.semantic_id.tiger_generation_model][INFO] - [rank: 0] 使用分块生成策略，num_hierarchies=10
[2025-11-14 21:36:32,654][src.models.modules.semantic_id.tiger_generation_model][INFO] - [rank: 0] 使用分块生成策略，num_hierarchies=10
[2025-11-14 21:36:33,322][src.models.modules.semantic_id.tiger_generation_model][INFO] - [rank: 0] 使用分块生成策略，num_hierarchies=10
[2025-11-14 21:36:33,998][src.models.modules.semantic_id.tiger_generation_model][INFO] - [rank: 0] 使用分块生成策略，num_hierarchies=10
[2025-11-14 21:36:34,726][src.models.modules.semantic_id.tiger_generation_model][INFO] - [rank: 0] 使用分块生成策略，num_hierarchies=10
[2025-11-14 21:36:35,460][src.models.modules.semantic_id.tiger_generation_model][INFO] - [rank: 0] 使用分块生成策略，num_hierarchies=10
[2025-11-14 21:36:36,200][src.models.modules.semantic_id.tiger_generation_model][INFO] - [rank: 0] 使用分块生成策略，num_hierarchies=10
[2025-11-14 21:36:36,842][src.models.modules.semantic_id.tiger_generation_model][INFO] - [rank: 0] 使用分块生成策略，num_hierarchies=10
[2025-11-14 21:36:37,563][src.models.modules.semantic_id.tiger_generation_model][INFO] - [rank: 0] 使用分块生成策略，num_hierarchies=10
[2025-11-14 21:36:38,275][src.models.modules.semantic_id.tiger_generation_model][INFO] - [rank: 0] 使用分块生成策略，num_hierarchies=10
[2025-11-14 21:36:39,041][src.models.modules.semantic_id.tiger_generation_model][INFO] - [rank: 0] 使用分块生成策略，num_hierarchies=10
[2025-11-14 21:36:39,754][src.models.modules.semantic_id.tiger_generation_model][INFO] - [rank: 0] 使用分块生成策略，num_hierarchies=10
[2025-11-14 21:36:40,673][src.models.modules.semantic_id.tiger_generation_model][INFO] - [rank: 0] 使用分块生成策略，num_hierarchies=10
[2025-11-14 21:36:41,321][src.models.modules.semantic_id.tiger_generation_model][INFO] - [rank: 0] 使用分块生成策略，num_hierarchies=10
[2025-11-14 21:36:41,915][src.models.modules.semantic_id.tiger_generation_model][INFO] - [rank: 0] 使用分块生成策略，num_hierarchies=10
[2025-11-14 21:36:42,575][src.models.modules.semantic_id.tiger_generation_model][INFO] - [rank: 0] 使用分块生成策略，num_hierarchies=10
[2025-11-14 21:36:43,196][src.models.modules.semantic_id.tiger_generation_model][INFO] - [rank: 0] 使用分块生成策略，num_hierarchies=10
[2025-11-14 21:36:43,902][src.models.modules.semantic_id.tiger_generation_model][INFO] - [rank: 0] 使用分块生成策略，num_hierarchies=10
[2025-11-14 21:36:44,539][src.models.modules.semantic_id.tiger_generation_model][INFO] - [rank: 0] 使用分块生成策略，num_hierarchies=10
[2025-11-14 21:36:45,237][src.models.modules.semantic_id.tiger_generation_model][INFO] - [rank: 0] 使用分块生成策略，num_hierarchies=10
[2025-11-14 21:36:45,925][src.models.modules.semantic_id.tiger_generation_model][INFO] - [rank: 0] 使用分块生成策略，num_hierarchies=10
[2025-11-14 21:36:46,569][src.models.modules.semantic_id.tiger_generation_model][INFO] - [rank: 0] 使用分块生成策略，num_hierarchies=10
[2025-11-14 21:36:47,206][src.models.modules.semantic_id.tiger_generation_model][INFO] - [rank: 0] 使用分块生成策略，num_hierarchies=10
[2025-11-14 21:36:47,906][src.models.modules.semantic_id.tiger_generation_model][INFO] - [rank: 0] 使用分块生成策略，num_hierarchies=10
[2025-11-14 21:36:48,515][src.models.modules.semantic_id.tiger_generation_model][INFO] - [rank: 0] 使用分块生成策略，num_hierarchies=10
[2025-11-14 21:36:49,170][src.models.modules.semantic_id.tiger_generation_model][INFO] - [rank: 0] 使用分块生成策略，num_hierarchies=10
[2025-11-14 21:36:49,923][src.models.modules.semantic_id.tiger_generation_model][INFO] - [rank: 0] 使用分块生成策略，num_hierarchies=10
[2025-11-14 21:36:50,634][src.models.modules.semantic_id.tiger_generation_model][INFO] - [rank: 0] 使用分块生成策略，num_hierarchies=10
[2025-11-14 21:36:51,315][src.models.modules.semantic_id.tiger_generation_model][INFO] - [rank: 0] 使用分块生成策略，num_hierarchies=10
[2025-11-14 21:36:51,982][src.models.modules.semantic_id.tiger_generation_model][INFO] - [rank: 0] 使用分块生成策略，num_hierarchies=10
[2025-11-14 21:36:52,549][src.models.modules.semantic_id.tiger_generation_model][INFO] - [rank: 0] 使用分块生成策略，num_hierarchies=10
[2025-11-14 21:36:53,175][src.models.modules.semantic_id.tiger_generation_model][INFO] - [rank: 0] 使用分块生成策略，num_hierarchies=10
[2025-11-14 21:36:53,835][src.models.modules.semantic_id.tiger_generation_model][INFO] - [rank: 0] 使用分块生成策略，num_hierarchies=10
[2025-11-14 21:36:54,541][src.models.modules.semantic_id.tiger_generation_model][INFO] - [rank: 0] 使用分块生成策略，num_hierarchies=10
[2025-11-14 21:36:55,256][src.models.modules.semantic_id.tiger_generation_model][INFO] - [rank: 0] 使用分块生成策略，num_hierarchies=10
[2025-11-14 21:36:55,872][src.models.modules.semantic_id.tiger_generation_model][INFO] - [rank: 0] 使用分块生成策略，num_hierarchies=10
[2025-11-14 21:36:56,799][src.models.modules.semantic_id.tiger_generation_model][INFO] - [rank: 0] 使用分块生成策略，num_hierarchies=10
[2025-11-14 21:36:57,487][src.models.modules.semantic_id.tiger_generation_model][INFO] - [rank: 0] 使用分块生成策略，num_hierarchies=10
[2025-11-14 21:36:58,245][src.models.modules.semantic_id.tiger_generation_model][INFO] - [rank: 0] 使用分块生成策略，num_hierarchies=10
[2025-11-14 21:36:58,971][src.models.modules.semantic_id.tiger_generation_model][INFO] - [rank: 0] 使用分块生成策略，num_hierarchies=10
[2025-11-14 21:36:59,730][src.models.modules.semantic_id.tiger_generation_model][INFO] - [rank: 0] 使用分块生成策略，num_hierarchies=10
[2025-11-14 21:37:00,485][src.models.modules.semantic_id.tiger_generation_model][INFO] - [rank: 0] 使用分块生成策略，num_hierarchies=10
[2025-11-14 21:37:01,209][src.models.modules.semantic_id.tiger_generation_model][INFO] - [rank: 0] 使用分块生成策略，num_hierarchies=10
[2025-11-14 21:37:02,097][src.models.modules.semantic_id.tiger_generation_model][INFO] - [rank: 0] 使用分块生成策略，num_hierarchies=10
[2025-11-14 21:37:02,851][src.models.modules.semantic_id.tiger_generation_model][INFO] - [rank: 0] 使用分块生成策略，num_hierarchies=10
[2025-11-14 21:37:03,691][src.models.modules.semantic_id.tiger_generation_model][INFO] - [rank: 0] 使用分块生成策略，num_hierarchies=10
[2025-11-14 21:37:04,671][src.models.modules.semantic_id.tiger_generation_model][INFO] - [rank: 0] 使用分块生成策略，num_hierarchies=10
[2025-11-14 21:37:05,260][src.models.modules.semantic_id.tiger_generation_model][INFO] - [rank: 0] 使用分块生成策略，num_hierarchies=10
[2025-11-14 21:37:06,254][src.models.modules.semantic_id.tiger_generation_model][INFO] - [rank: 0] 使用分块生成策略，num_hierarchies=10
[2025-11-14 21:37:06,929][src.models.modules.semantic_id.tiger_generation_model][INFO] - [rank: 0] 使用分块生成策略，num_hierarchies=10
[2025-11-14 21:37:07,660][src.models.modules.semantic_id.tiger_generation_model][INFO] - [rank: 0] 使用分块生成策略，num_hierarchies=10
[2025-11-14 21:37:08,714][src.models.modules.semantic_id.tiger_generation_model][INFO] - [rank: 0] 使用分块生成策略，num_hierarchies=10
[2025-11-14 21:37:09,424][src.models.modules.semantic_id.tiger_generation_model][INFO] - [rank: 0] 使用分块生成策略，num_hierarchies=10
[2025-11-14 21:37:10,267][src.models.modules.semantic_id.tiger_generation_model][INFO] - [rank: 0] 使用分块生成策略，num_hierarchies=10
[2025-11-14 21:37:11,246][src.models.modules.semantic_id.tiger_generation_model][INFO] - [rank: 0] 使用分块生成策略，num_hierarchies=10
[2025-11-14 21:37:12,008][src.models.modules.semantic_id.tiger_generation_model][INFO] - [rank: 0] 使用分块生成策略，num_hierarchies=10
[2025-11-14 21:37:12,724][src.models.modules.semantic_id.tiger_generation_model][INFO] - [rank: 0] 使用分块生成策略，num_hierarchies=10
[2025-11-14 21:37:13,518][src.models.modules.semantic_id.tiger_generation_model][INFO] - [rank: 0] 使用分块生成策略，num_hierarchies=10
[2025-11-14 21:37:14,231][src.models.modules.semantic_id.tiger_generation_model][INFO] - [rank: 0] 使用分块生成策略，num_hierarchies=10
[2025-11-14 21:37:15,041][src.models.modules.semantic_id.tiger_generation_model][INFO] - [rank: 0] 使用分块生成策略，num_hierarchies=10
[2025-11-14 21:37:15,752][src.models.modules.semantic_id.tiger_generation_model][INFO] - [rank: 0] 使用分块生成策略，num_hierarchies=10
[2025-11-14 21:37:16,608][src.models.modules.semantic_id.tiger_generation_model][INFO] - [rank: 0] 使用分块生成策略，num_hierarchies=10
[2025-11-14 21:37:17,262][src.models.modules.semantic_id.tiger_generation_model][INFO] - [rank: 0] 使用分块生成策略，num_hierarchies=10
[2025-11-14 21:37:18,026][src.models.modules.semantic_id.tiger_generation_model][INFO] - [rank: 0] 使用分块生成策略，num_hierarchies=10
[2025-11-14 21:37:18,860][src.models.modules.semantic_id.tiger_generation_model][INFO] - [rank: 0] 使用分块生成策略，num_hierarchies=10
[2025-11-14 21:37:19,554][src.models.modules.semantic_id.tiger_generation_model][INFO] - [rank: 0] 使用分块生成策略，num_hierarchies=10
[2025-11-14 21:37:20,591][src.models.modules.semantic_id.tiger_generation_model][INFO] - [rank: 0] 使用分块生成策略，num_hierarchies=10
[2025-11-14 21:37:21,418][src.models.modules.semantic_id.tiger_generation_model][INFO] - [rank: 0] 使用分块生成策略，num_hierarchies=10
[2025-11-14 21:37:22,208][src.models.modules.semantic_id.tiger_generation_model][INFO] - [rank: 0] 使用分块生成策略，num_hierarchies=10
[2025-11-14 21:37:23,127][src.models.modules.semantic_id.tiger_generation_model][INFO] - [rank: 0] 使用分块生成策略，num_hierarchies=10
[2025-11-14 21:37:23,762][src.models.modules.semantic_id.tiger_generation_model][INFO] - [rank: 0] 使用分块生成策略，num_hierarchies=10
[2025-11-14 21:37:24,588][src.models.modules.semantic_id.tiger_generation_model][INFO] - [rank: 0] 使用分块生成策略，num_hierarchies=10
[2025-11-14 21:37:25,300][src.models.modules.semantic_id.tiger_generation_model][INFO] - [rank: 0] 使用分块生成策略，num_hierarchies=10
[2025-11-14 21:37:26,117][src.models.modules.semantic_id.tiger_generation_model][INFO] - [rank: 0] 使用分块生成策略，num_hierarchies=10
[2025-11-14 21:37:27,083][src.models.modules.semantic_id.tiger_generation_model][INFO] - [rank: 0] 使用分块生成策略，num_hierarchies=10
[2025-11-14 21:37:27,695][src.models.modules.semantic_id.tiger_generation_model][INFO] - [rank: 0] 使用分块生成策略，num_hierarchies=10
[2025-11-14 21:37:28,330][src.models.modules.semantic_id.tiger_generation_model][INFO] - [rank: 0] 使用分块生成策略，num_hierarchies=10
[2025-11-14 21:37:29,020][src.models.modules.semantic_id.tiger_generation_model][INFO] - [rank: 0] 使用分块生成策略，num_hierarchies=10
[2025-11-14 21:37:29,759][src.models.modules.semantic_id.tiger_generation_model][INFO] - [rank: 0] 使用分块生成策略，num_hierarchies=10
[2025-11-14 21:37:30,512][src.models.modules.semantic_id.tiger_generation_model][INFO] - [rank: 0] 使用分块生成策略，num_hierarchies=10
[2025-11-14 21:37:31,400][src.models.modules.semantic_id.tiger_generation_model][INFO] - [rank: 0] 使用分块生成策略，num_hierarchies=10
[2025-11-14 21:37:32,205][src.models.modules.semantic_id.tiger_generation_model][INFO] - [rank: 0] 使用分块生成策略，num_hierarchies=10
[2025-11-14 21:37:32,922][src.models.modules.semantic_id.tiger_generation_model][INFO] - [rank: 0] 使用分块生成策略，num_hierarchies=10
[2025-11-14 21:37:33,772][src.models.modules.semantic_id.tiger_generation_model][INFO] - [rank: 0] 使用分块生成策略，num_hierarchies=10
[2025-11-14 21:37:35,547][src.models.modules.semantic_id.tiger_generation_model][INFO] - [rank: 0] 使用分块生成策略，num_hierarchies=10
[2025-11-14 21:37:36,681][src.models.modules.semantic_id.tiger_generation_model][INFO] - [rank: 0] 使用分块生成策略，num_hierarchies=10
[2025-11-14 21:37:37,719][src.models.modules.semantic_id.tiger_generation_model][INFO] - [rank: 0] 使用分块生成策略，num_hierarchies=10
[2025-11-14 21:37:38,686][src.models.modules.semantic_id.tiger_generation_model][INFO] - [rank: 0] 使用分块生成策略，num_hierarchies=10
[2025-11-14 21:37:39,889][src.models.modules.semantic_id.tiger_generation_model][INFO] - [rank: 0] 使用分块生成策略，num_hierarchies=10
[2025-11-14 21:37:41,605][src.models.modules.semantic_id.tiger_generation_model][INFO] - [rank: 0] 使用分块生成策略，num_hierarchies=10
[2025-11-14 21:37:43,068][src.models.modules.semantic_id.tiger_generation_model][INFO] - [rank: 0] 使用分块生成策略，num_hierarchies=10
[2025-11-14 21:37:44,220][src.models.modules.semantic_id.tiger_generation_model][INFO] - [rank: 0] 使用分块生成策略，num_hierarchies=10
[2025-11-14 21:37:45,333][src.models.modules.semantic_id.tiger_generation_model][INFO] - [rank: 0] 使用分块生成策略，num_hierarchies=10
[2025-11-14 21:37:46,432][src.models.modules.semantic_id.tiger_generation_model][INFO] - [rank: 0] 使用分块生成策略，num_hierarchies=10
[2025-11-14 21:37:47,690][src.models.modules.semantic_id.tiger_generation_model][INFO] - [rank: 0] 使用分块生成策略，num_hierarchies=10
[2025-11-14 21:37:48,583][src.models.modules.semantic_id.tiger_generation_model][INFO] - [rank: 0] 使用分块生成策略，num_hierarchies=10
[2025-11-14 21:37:49,833][src.models.modules.semantic_id.tiger_generation_model][INFO] - [rank: 0] 使用分块生成策略，num_hierarchies=10
[2025-11-14 21:37:50,615][src.models.modules.semantic_id.tiger_generation_model][INFO] - [rank: 0] 使用分块生成策略，num_hierarchies=10
[2025-11-14 21:37:51,653][src.models.modules.semantic_id.tiger_generation_model][INFO] - [rank: 0] 使用分块生成策略，num_hierarchies=10
[2025-11-14 21:37:52,841][src.models.modules.semantic_id.tiger_generation_model][INFO] - [rank: 0] 使用分块生成策略，num_hierarchies=10
[2025-11-14 21:37:53,832][src.models.modules.semantic_id.tiger_generation_model][INFO] - [rank: 0] 使用分块生成策略，num_hierarchies=10
[2025-11-14 21:37:54,459][src.models.modules.semantic_id.tiger_generation_model][INFO] - [rank: 0] 使用分块生成策略，num_hierarchies=10
[2025-11-14 21:37:55,147][src.models.modules.semantic_id.tiger_generation_model][INFO] - [rank: 0] 使用分块生成策略，num_hierarchies=10
[2025-11-14 21:37:56,182][src.models.modules.semantic_id.tiger_generation_model][INFO] - [rank: 0] 使用分块生成策略，num_hierarchies=10
[2025-11-14 21:37:56,964][src.models.modules.semantic_id.tiger_generation_model][INFO] - [rank: 0] 使用分块生成策略，num_hierarchies=10
[2025-11-14 21:37:58,004][src.models.modules.semantic_id.tiger_generation_model][INFO] - [rank: 0] 使用分块生成策略，num_hierarchies=10
[2025-11-14 21:37:58,641][src.models.modules.semantic_id.tiger_generation_model][INFO] - [rank: 0] 使用分块生成策略，num_hierarchies=10
[2025-11-14 21:37:59,444][src.models.modules.semantic_id.tiger_generation_model][INFO] - [rank: 0] 使用分块生成策略，num_hierarchies=10
[2025-11-14 21:38:00,593][src.models.modules.semantic_id.tiger_generation_model][INFO] - [rank: 0] 使用分块生成策略，num_hierarchies=10
[2025-11-14 21:38:01,516][src.models.modules.semantic_id.tiger_generation_model][INFO] - [rank: 0] 使用分块生成策略，num_hierarchies=10
[2025-11-14 21:38:02,520][src.models.modules.semantic_id.tiger_generation_model][INFO] - [rank: 0] 使用分块生成策略，num_hierarchies=10
[2025-11-14 21:38:03,343][src.models.modules.semantic_id.tiger_generation_model][INFO] - [rank: 0] 使用分块生成策略，num_hierarchies=10
[2025-11-14 21:38:04,074][src.models.modules.semantic_id.tiger_generation_model][INFO] - [rank: 0] 使用分块生成策略，num_hierarchies=10
[2025-11-14 21:38:05,208][src.models.modules.semantic_id.tiger_generation_model][INFO] - [rank: 0] 使用分块生成策略，num_hierarchies=10
[2025-11-14 21:38:05,995][src.models.modules.semantic_id.tiger_generation_model][INFO] - [rank: 0] 使用分块生成策略，num_hierarchies=10
[2025-11-14 21:38:06,910][src.models.modules.semantic_id.tiger_generation_model][INFO] - [rank: 0] 使用分块生成策略，num_hierarchies=10
[2025-11-14 21:38:07,949][src.models.modules.semantic_id.tiger_generation_model][INFO] - [rank: 0] 使用分块生成策略，num_hierarchies=10
[2025-11-14 21:38:08,674][src.models.modules.semantic_id.tiger_generation_model][INFO] - [rank: 0] 使用分块生成策略，num_hierarchies=10
[2025-11-14 21:38:09,769][src.models.modules.semantic_id.tiger_generation_model][INFO] - [rank: 0] 使用分块生成策略，num_hierarchies=10
[2025-11-14 21:38:11,098][src.models.modules.semantic_id.tiger_generation_model][INFO] - [rank: 0] 使用分块生成策略，num_hierarchies=10
[2025-11-14 21:38:11,805][src.models.modules.semantic_id.tiger_generation_model][INFO] - [rank: 0] 使用分块生成策略，num_hierarchies=10
[2025-11-14 21:38:12,932][src.models.modules.semantic_id.tiger_generation_model][INFO] - [rank: 0] 使用分块生成策略，num_hierarchies=10
[2025-11-14 21:38:13,961][src.models.modules.semantic_id.tiger_generation_model][INFO] - [rank: 0] 使用分块生成策略，num_hierarchies=10
[2025-11-14 21:38:15,166][src.models.modules.semantic_id.tiger_generation_model][INFO] - [rank: 0] 使用分块生成策略，num_hierarchies=10
[2025-11-14 21:38:15,952][src.models.modules.semantic_id.tiger_generation_model][INFO] - [rank: 0] 使用分块生成策略，num_hierarchies=10
[2025-11-14 21:38:16,876][src.models.modules.semantic_id.tiger_generation_model][INFO] - [rank: 0] 使用分块生成策略，num_hierarchies=10
[2025-11-14 21:38:17,596][src.models.modules.semantic_id.tiger_generation_model][INFO] - [rank: 0] 使用分块生成策略，num_hierarchies=10
[2025-11-14 21:38:19,063][src.models.modules.semantic_id.tiger_generation_model][INFO] - [rank: 0] 使用分块生成策略，num_hierarchies=10
[2025-11-14 21:38:20,309][src.models.modules.semantic_id.tiger_generation_model][INFO] - [rank: 0] 使用分块生成策略，num_hierarchies=10
[2025-11-14 21:38:21,972][src.models.modules.semantic_id.tiger_generation_model][INFO] - [rank: 0] 使用分块生成策略，num_hierarchies=10
[2025-11-14 21:38:23,241][src.models.modules.semantic_id.tiger_generation_model][INFO] - [rank: 0] 使用分块生成策略，num_hierarchies=10
[2025-11-14 21:38:24,463][src.models.modules.semantic_id.tiger_generation_model][INFO] - [rank: 0] 使用分块生成策略，num_hierarchies=10
[2025-11-14 21:38:25,741][src.models.modules.semantic_id.tiger_generation_model][INFO] - [rank: 0] 使用分块生成策略，num_hierarchies=10
[2025-11-14 21:38:26,745][src.models.modules.semantic_id.tiger_generation_model][INFO] - [rank: 0] 使用分块生成策略，num_hierarchies=10
[2025-11-14 21:38:27,446][src.models.modules.semantic_id.tiger_generation_model][INFO] - [rank: 0] 使用分块生成策略，num_hierarchies=10
[2025-11-14 21:38:28,188][src.models.modules.semantic_id.tiger_generation_model][INFO] - [rank: 0] 使用分块生成策略，num_hierarchies=10
[2025-11-14 21:38:28,998][src.models.modules.semantic_id.tiger_generation_model][INFO] - [rank: 0] 使用分块生成策略，num_hierarchies=10
[2025-11-14 21:38:29,849][src.models.modules.semantic_id.tiger_generation_model][INFO] - [rank: 0] 使用分块生成策略，num_hierarchies=10
[2025-11-14 21:38:31,302][src.models.modules.semantic_id.tiger_generation_model][INFO] - [rank: 0] 使用分块生成策略，num_hierarchies=10
[2025-11-14 21:38:32,558][src.models.modules.semantic_id.tiger_generation_model][INFO] - [rank: 0] 使用分块生成策略，num_hierarchies=10
[2025-11-14 21:38:33,474][src.models.modules.semantic_id.tiger_generation_model][INFO] - [rank: 0] 使用分块生成策略，num_hierarchies=10
[2025-11-14 21:38:34,423][src.models.modules.semantic_id.tiger_generation_model][INFO] - [rank: 0] 使用分块生成策略，num_hierarchies=10
[2025-11-14 21:38:35,871][src.models.modules.semantic_id.tiger_generation_model][INFO] - [rank: 0] 使用分块生成策略，num_hierarchies=10
[2025-11-14 21:38:37,290][src.models.modules.semantic_id.tiger_generation_model][INFO] - [rank: 0] 使用分块生成策略，num_hierarchies=10
[2025-11-14 21:38:38,731][src.models.modules.semantic_id.tiger_generation_model][INFO] - [rank: 0] 使用分块生成策略，num_hierarchies=10
[2025-11-14 21:38:40,164][src.models.modules.semantic_id.tiger_generation_model][INFO] - [rank: 0] 使用分块生成策略，num_hierarchies=10
[2025-11-14 21:38:40,822][src.models.modules.semantic_id.tiger_generation_model][INFO] - [rank: 0] 使用分块生成策略，num_hierarchies=10
[2025-11-14 21:38:41,798][src.models.modules.semantic_id.tiger_generation_model][INFO] - [rank: 0] 使用分块生成策略，num_hierarchies=10
[2025-11-14 21:38:42,756][src.models.modules.semantic_id.tiger_generation_model][INFO] - [rank: 0] 使用分块生成策略，num_hierarchies=10
[2025-11-14 21:38:43,762][src.models.modules.semantic_id.tiger_generation_model][INFO] - [rank: 0] 使用分块生成策略，num_hierarchies=10
[2025-11-14 21:38:44,475][src.models.modules.semantic_id.tiger_generation_model][INFO] - [rank: 0] 使用分块生成策略，num_hierarchies=10
[2025-11-14 21:38:45,543][src.models.modules.semantic_id.tiger_generation_model][INFO] - [rank: 0] 使用分块生成策略，num_hierarchies=10
[2025-11-14 21:38:46,376][src.models.modules.semantic_id.tiger_generation_model][INFO] - [rank: 0] 使用分块生成策略，num_hierarchies=10
[2025-11-14 21:38:47,112][src.models.modules.semantic_id.tiger_generation_model][INFO] - [rank: 0] 使用分块生成策略，num_hierarchies=10
[2025-11-14 21:38:47,995][src.models.modules.semantic_id.tiger_generation_model][INFO] - [rank: 0] 使用分块生成策略，num_hierarchies=10
[2025-11-14 21:38:48,769][src.models.modules.semantic_id.tiger_generation_model][INFO] - [rank: 0] 使用分块生成策略，num_hierarchies=10
[2025-11-14 21:38:49,660][src.models.modules.semantic_id.tiger_generation_model][INFO] - [rank: 0] 使用分块生成策略，num_hierarchies=10
[2025-11-14 21:38:50,373][src.models.modules.semantic_id.tiger_generation_model][INFO] - [rank: 0] 使用分块生成策略，num_hierarchies=10
[2025-11-14 21:38:51,155][src.models.modules.semantic_id.tiger_generation_model][INFO] - [rank: 0] 使用分块生成策略，num_hierarchies=10
[2025-11-14 21:38:52,160][src.models.modules.semantic_id.tiger_generation_model][INFO] - [rank: 0] 使用分块生成策略，num_hierarchies=10
[2025-11-14 21:38:53,515][src.models.modules.semantic_id.tiger_generation_model][INFO] - [rank: 0] 使用分块生成策略，num_hierarchies=10
[2025-11-14 21:38:54,967][src.models.modules.semantic_id.tiger_generation_model][INFO] - [rank: 0] 使用分块生成策略，num_hierarchies=10
[2025-11-14 21:38:56,018][src.models.modules.semantic_id.tiger_generation_model][INFO] - [rank: 0] 使用分块生成策略，num_hierarchies=10
[2025-11-14 21:38:57,040][src.models.modules.semantic_id.tiger_generation_model][INFO] - [rank: 0] 使用分块生成策略，num_hierarchies=10
[2025-11-14 21:38:58,547][src.models.modules.semantic_id.tiger_generation_model][INFO] - [rank: 0] 使用分块生成策略，num_hierarchies=10
[2025-11-14 21:38:59,976][src.models.modules.semantic_id.tiger_generation_model][INFO] - [rank: 0] 使用分块生成策略，num_hierarchies=10
[2025-11-14 21:39:00,577][src.models.modules.semantic_id.tiger_generation_model][INFO] - [rank: 0] 使用分块生成策略，num_hierarchies=10
[2025-11-14 21:39:01,445][src.models.modules.semantic_id.tiger_generation_model][INFO] - [rank: 0] 使用分块生成策略，num_hierarchies=10
[2025-11-14 21:39:02,322][src.models.modules.semantic_id.tiger_generation_model][INFO] - [rank: 0] 使用分块生成策略，num_hierarchies=10
[2025-11-14 21:39:03,388][src.models.modules.semantic_id.tiger_generation_model][INFO] - [rank: 0] 使用分块生成策略，num_hierarchies=10
[2025-11-14 21:39:04,334][src.models.modules.semantic_id.tiger_generation_model][INFO] - [rank: 0] 使用分块生成策略，num_hierarchies=10
[2025-11-14 21:39:05,701][src.models.modules.semantic_id.tiger_generation_model][INFO] - [rank: 0] 使用分块生成策略，num_hierarchies=10
[2025-11-14 21:39:07,184][src.models.modules.semantic_id.tiger_generation_model][INFO] - [rank: 0] 使用分块生成策略，num_hierarchies=10
[2025-11-14 21:39:08,495][src.models.modules.semantic_id.tiger_generation_model][INFO] - [rank: 0] 使用分块生成策略，num_hierarchies=10
[2025-11-14 21:39:09,134][src.models.modules.semantic_id.tiger_generation_model][INFO] - [rank: 0] 使用分块生成策略，num_hierarchies=10
[2025-11-14 21:39:09,891][src.models.modules.semantic_id.tiger_generation_model][INFO] - [rank: 0] 使用分块生成策略，num_hierarchies=10
[2025-11-14 21:39:10,643][src.models.modules.semantic_id.tiger_generation_model][INFO] - [rank: 0] 使用分块生成策略，num_hierarchies=10
[2025-11-14 21:39:11,302][src.models.modules.semantic_id.tiger_generation_model][INFO] - [rank: 0] 使用分块生成策略，num_hierarchies=10
[2025-11-14 21:39:12,158][src.models.modules.semantic_id.tiger_generation_model][INFO] - [rank: 0] 使用分块生成策略，num_hierarchies=10
[2025-11-14 21:39:12,783][src.models.modules.semantic_id.tiger_generation_model][INFO] - [rank: 0] 使用分块生成策略，num_hierarchies=10
[2025-11-14 21:39:13,494][src.models.modules.semantic_id.tiger_generation_model][INFO] - [rank: 0] 使用分块生成策略，num_hierarchies=10
[2025-11-14 21:39:14,229][src.models.modules.semantic_id.tiger_generation_model][INFO] - [rank: 0] 使用分块生成策略，num_hierarchies=10
[2025-11-14 21:39:15,699][src.models.modules.semantic_id.tiger_generation_model][INFO] - [rank: 0] 使用分块生成策略，num_hierarchies=10
[2025-11-14 21:39:17,191][src.models.modules.semantic_id.tiger_generation_model][INFO] - [rank: 0] 使用分块生成策略，num_hierarchies=10
[2025-11-14 21:39:17,918][src.models.modules.semantic_id.tiger_generation_model][INFO] - [rank: 0] 使用分块生成策略，num_hierarchies=10
[2025-11-14 21:39:18,645][src.models.modules.semantic_id.tiger_generation_model][INFO] - [rank: 0] 使用分块生成策略，num_hierarchies=10
[2025-11-14 21:39:19,337][src.models.modules.semantic_id.tiger_generation_model][INFO] - [rank: 0] 使用分块生成策略，num_hierarchies=10
[2025-11-14 21:39:20,477][src.models.modules.semantic_id.tiger_generation_model][INFO] - [rank: 0] 使用分块生成策略，num_hierarchies=10
[2025-11-14 21:39:21,211][src.models.modules.semantic_id.tiger_generation_model][INFO] - [rank: 0] 使用分块生成策略，num_hierarchies=10
[2025-11-14 21:39:21,958][src.models.modules.semantic_id.tiger_generation_model][INFO] - [rank: 0] 使用分块生成策略，num_hierarchies=10
[2025-11-14 21:39:22,676][src.models.modules.semantic_id.tiger_generation_model][INFO] - [rank: 0] 使用分块生成策略，num_hierarchies=10
[2025-11-14 21:39:23,386][src.models.modules.semantic_id.tiger_generation_model][INFO] - [rank: 0] 使用分块生成策略，num_hierarchies=10
[2025-11-14 21:39:24,037][src.models.modules.semantic_id.tiger_generation_model][INFO] - [rank: 0] 使用分块生成策略，num_hierarchies=10
[2025-11-14 21:39:24,868][src.models.modules.semantic_id.tiger_generation_model][INFO] - [rank: 0] 使用分块生成策略，num_hierarchies=10
[2025-11-14 21:39:25,750][src.models.modules.semantic_id.tiger_generation_model][INFO] - [rank: 0] 使用分块生成策略，num_hierarchies=10
[2025-11-14 21:39:26,553][src.models.modules.semantic_id.tiger_generation_model][INFO] - [rank: 0] 使用分块生成策略，num_hierarchies=10
[2025-11-14 21:39:27,249][src.models.modules.semantic_id.tiger_generation_model][INFO] - [rank: 0] 使用分块生成策略，num_hierarchies=10
[2025-11-14 21:39:28,016][src.models.modules.semantic_id.tiger_generation_model][INFO] - [rank: 0] 使用分块生成策略，num_hierarchies=10
[2025-11-14 21:39:28,952][src.models.modules.semantic_id.tiger_generation_model][INFO] - [rank: 0] 使用分块生成策略，num_hierarchies=10
[2025-11-14 21:39:30,026][src.models.modules.semantic_id.tiger_generation_model][INFO] - [rank: 0] 使用分块生成策略，num_hierarchies=10
[2025-11-14 21:39:31,464][src.models.modules.semantic_id.tiger_generation_model][INFO] - [rank: 0] 使用分块生成策略，num_hierarchies=10
[2025-11-14 21:39:32,741][src.models.modules.semantic_id.tiger_generation_model][INFO] - [rank: 0] 使用分块生成策略，num_hierarchies=10
[2025-11-14 21:39:34,171][src.models.modules.semantic_id.tiger_generation_model][INFO] - [rank: 0] 使用分块生成策略，num_hierarchies=10
[2025-11-14 21:39:35,426][src.models.modules.semantic_id.tiger_generation_model][INFO] - [rank: 0] 使用分块生成策略，num_hierarchies=10
[2025-11-14 21:39:36,655][src.models.modules.semantic_id.tiger_generation_model][INFO] - [rank: 0] 使用分块生成策略，num_hierarchies=10
[2025-11-14 21:39:38,030][src.models.modules.semantic_id.tiger_generation_model][INFO] - [rank: 0] 使用分块生成策略，num_hierarchies=10
[2025-11-14 21:39:39,373][src.models.modules.semantic_id.tiger_generation_model][INFO] - [rank: 0] 使用分块生成策略，num_hierarchies=10
[2025-11-14 21:39:40,717][src.models.modules.semantic_id.tiger_generation_model][INFO] - [rank: 0] 使用分块生成策略，num_hierarchies=10
[2025-11-14 21:39:41,869][src.models.modules.semantic_id.tiger_generation_model][INFO] - [rank: 0] 使用分块生成策略，num_hierarchies=10
[2025-11-14 21:39:43,062][src.models.modules.semantic_id.tiger_generation_model][INFO] - [rank: 0] 使用分块生成策略，num_hierarchies=10
[2025-11-14 21:39:44,182][src.models.modules.semantic_id.tiger_generation_model][INFO] - [rank: 0] 使用分块生成策略，num_hierarchies=10
[2025-11-14 21:39:45,303][src.models.modules.semantic_id.tiger_generation_model][INFO] - [rank: 0] 使用分块生成策略，num_hierarchies=10
[2025-11-14 21:39:46,624][src.models.modules.semantic_id.tiger_generation_model][INFO] - [rank: 0] 使用分块生成策略，num_hierarchies=10
[2025-11-14 21:39:47,226][src.models.modules.semantic_id.tiger_generation_model][INFO] - [rank: 0] 使用分块生成策略，num_hierarchies=10
[2025-11-14 21:39:48,074][src.models.modules.semantic_id.tiger_generation_model][INFO] - [rank: 0] 使用分块生成策略，num_hierarchies=10
[2025-11-14 21:39:48,671][src.models.modules.semantic_id.tiger_generation_model][INFO] - [rank: 0] 使用分块生成策略，num_hierarchies=10
[2025-11-14 21:39:49,262][src.models.modules.semantic_id.tiger_generation_model][INFO] - [rank: 0] 使用分块生成策略，num_hierarchies=10
[2025-11-14 21:39:49,931][src.models.modules.semantic_id.tiger_generation_model][INFO] - [rank: 0] 使用分块生成策略，num_hierarchies=10
[2025-11-14 21:39:50,616][src.models.modules.semantic_id.tiger_generation_model][INFO] - [rank: 0] 使用分块生成策略，num_hierarchies=10
[2025-11-14 21:39:51,634][src.models.modules.semantic_id.tiger_generation_model][INFO] - [rank: 0] 使用分块生成策略，num_hierarchies=10
[2025-11-14 21:39:52,229][src.models.modules.semantic_id.tiger_generation_model][INFO] - [rank: 0] 使用分块生成策略，num_hierarchies=10
[2025-11-14 21:39:52,797][src.models.modules.semantic_id.tiger_generation_model][INFO] - [rank: 0] 使用分块生成策略，num_hierarchies=10
[2025-11-14 21:39:53,743][src.models.modules.semantic_id.tiger_generation_model][INFO] - [rank: 0] 使用分块生成策略，num_hierarchies=10
[2025-11-14 21:39:55,030][src.models.modules.semantic_id.tiger_generation_model][INFO] - [rank: 0] 使用分块生成策略，num_hierarchies=10
[2025-11-14 21:39:56,396][src.models.modules.semantic_id.tiger_generation_model][INFO] - [rank: 0] 使用分块生成策略，num_hierarchies=10
[2025-11-14 21:39:57,843][src.models.modules.semantic_id.tiger_generation_model][INFO] - [rank: 0] 使用分块生成策略，num_hierarchies=10
[2025-11-14 21:39:58,905][src.models.modules.semantic_id.tiger_generation_model][INFO] - [rank: 0] 使用分块生成策略，num_hierarchies=10
[2025-11-14 21:40:00,262][src.models.modules.semantic_id.tiger_generation_model][INFO] - [rank: 0] 使用分块生成策略，num_hierarchies=10
[2025-11-14 21:40:01,542][src.models.modules.semantic_id.tiger_generation_model][INFO] - [rank: 0] 使用分块生成策略，num_hierarchies=10
[2025-11-14 21:40:02,740][src.models.modules.semantic_id.tiger_generation_model][INFO] - [rank: 0] 使用分块生成策略，num_hierarchies=10
[2025-11-14 21:40:04,063][src.models.modules.semantic_id.tiger_generation_model][INFO] - [rank: 0] 使用分块生成策略，num_hierarchies=10
[2025-11-14 21:40:05,432][src.models.modules.semantic_id.tiger_generation_model][INFO] - [rank: 0] 使用分块生成策略，num_hierarchies=10
[2025-11-14 21:40:06,747][src.models.modules.semantic_id.tiger_generation_model][INFO] - [rank: 0] 使用分块生成策略，num_hierarchies=10
[2025-11-14 21:40:08,056][src.models.modules.semantic_id.tiger_generation_model][INFO] - [rank: 0] 使用分块生成策略，num_hierarchies=10
[2025-11-14 21:40:09,282][src.models.modules.semantic_id.tiger_generation_model][INFO] - [rank: 0] 使用分块生成策略，num_hierarchies=10
[2025-11-14 21:40:10,618][src.models.modules.semantic_id.tiger_generation_model][INFO] - [rank: 0] 使用分块生成策略，num_hierarchies=10
[2025-11-14 21:40:11,667][src.models.modules.semantic_id.tiger_generation_model][INFO] - [rank: 0] 使用分块生成策略，num_hierarchies=10
[2025-11-14 21:40:12,434][src.models.modules.semantic_id.tiger_generation_model][INFO] - [rank: 0] 使用分块生成策略，num_hierarchies=10
[2025-11-14 21:40:13,224][src.models.modules.semantic_id.tiger_generation_model][INFO] - [rank: 0] 使用分块生成策略，num_hierarchies=10
[2025-11-14 21:40:13,994][src.models.modules.semantic_id.tiger_generation_model][INFO] - [rank: 0] 使用分块生成策略，num_hierarchies=10
[2025-11-14 21:40:15,101][src.models.modules.semantic_id.tiger_generation_model][INFO] - [rank: 0] 使用分块生成策略，num_hierarchies=10
[2025-11-14 21:40:15,860][src.models.modules.semantic_id.tiger_generation_model][INFO] - [rank: 0] 使用分块生成策略，num_hierarchies=10
[2025-11-14 21:40:16,880][src.models.modules.semantic_id.tiger_generation_model][INFO] - [rank: 0] 使用分块生成策略，num_hierarchies=10
[2025-11-14 21:40:17,750][src.models.modules.semantic_id.tiger_generation_model][INFO] - [rank: 0] 使用分块生成策略，num_hierarchies=10
[2025-11-14 21:40:18,484][src.models.modules.semantic_id.tiger_generation_model][INFO] - [rank: 0] 使用分块生成策略，num_hierarchies=10
[2025-11-14 21:40:19,256][src.models.modules.semantic_id.tiger_generation_model][INFO] - [rank: 0] 使用分块生成策略，num_hierarchies=10
[2025-11-14 21:40:20,090][src.models.modules.semantic_id.tiger_generation_model][INFO] - [rank: 0] 使用分块生成策略，num_hierarchies=10
[2025-11-14 21:40:21,049][src.models.modules.semantic_id.tiger_generation_model][INFO] - [rank: 0] 使用分块生成策略，num_hierarchies=10
[2025-11-14 21:40:22,325][src.models.modules.semantic_id.tiger_generation_model][INFO] - [rank: 0] 使用分块生成策略，num_hierarchies=10
[2025-11-14 21:40:23,778][src.models.modules.semantic_id.tiger_generation_model][INFO] - [rank: 0] 使用分块生成策略，num_hierarchies=10
[2025-11-14 21:40:25,020][src.models.modules.semantic_id.tiger_generation_model][INFO] - [rank: 0] 使用分块生成策略，num_hierarchies=10
[2025-11-14 21:40:26,258][src.models.modules.semantic_id.tiger_generation_model][INFO] - [rank: 0] 使用分块生成策略，num_hierarchies=10
[2025-11-14 21:40:27,674][src.models.modules.semantic_id.tiger_generation_model][INFO] - [rank: 0] 使用分块生成策略，num_hierarchies=10
[2025-11-14 21:40:29,096][src.models.modules.semantic_id.tiger_generation_model][INFO] - [rank: 0] 使用分块生成策略，num_hierarchies=10
[2025-11-14 21:40:30,226][src.models.modules.semantic_id.tiger_generation_model][INFO] - [rank: 0] 使用分块生成策略，num_hierarchies=10
[2025-11-14 21:40:31,413][src.models.modules.semantic_id.tiger_generation_model][INFO] - [rank: 0] 使用分块生成策略，num_hierarchies=10
[2025-11-14 21:40:32,658][src.models.modules.semantic_id.tiger_generation_model][INFO] - [rank: 0] 使用分块生成策略，num_hierarchies=10
[2025-11-14 21:40:33,831][src.models.modules.semantic_id.tiger_generation_model][INFO] - [rank: 0] 使用分块生成策略，num_hierarchies=10
[2025-11-14 21:40:35,048][src.models.modules.semantic_id.tiger_generation_model][INFO] - [rank: 0] 使用分块生成策略，num_hierarchies=10
[2025-11-14 21:40:36,414][src.models.modules.semantic_id.tiger_generation_model][INFO] - [rank: 0] 使用分块生成策略，num_hierarchies=10
[2025-11-14 21:40:37,759][src.models.modules.semantic_id.tiger_generation_model][INFO] - [rank: 0] 使用分块生成策略，num_hierarchies=10
[2025-11-14 21:40:38,485][src.models.modules.semantic_id.tiger_generation_model][INFO] - [rank: 0] 使用分块生成策略，num_hierarchies=10
[2025-11-14 21:40:39,101][src.models.modules.semantic_id.tiger_generation_model][INFO] - [rank: 0] 使用分块生成策略，num_hierarchies=10
[2025-11-14 21:40:40,479][src.models.modules.semantic_id.tiger_generation_model][INFO] - [rank: 0] 使用分块生成策略，num_hierarchies=10
[2025-11-14 21:40:41,173][src.models.modules.semantic_id.tiger_generation_model][INFO] - [rank: 0] 使用分块生成策略，num_hierarchies=10
[2025-11-14 21:40:41,900][src.models.modules.semantic_id.tiger_generation_model][INFO] - [rank: 0] 使用分块生成策略，num_hierarchies=10
[2025-11-14 21:40:43,295][src.models.modules.semantic_id.tiger_generation_model][INFO] - [rank: 0] 使用分块生成策略，num_hierarchies=10
[2025-11-14 21:40:44,326][src.models.modules.semantic_id.tiger_generation_model][INFO] - [rank: 0] 使用分块生成策略，num_hierarchies=10
[2025-11-14 21:40:45,511][src.models.modules.semantic_id.tiger_generation_model][INFO] - [rank: 0] 使用分块生成策略，num_hierarchies=10
[2025-11-14 21:40:46,323][src.models.modules.semantic_id.tiger_generation_model][INFO] - [rank: 0] 使用分块生成策略，num_hierarchies=10
[2025-11-14 21:40:47,133][src.models.modules.semantic_id.tiger_generation_model][INFO] - [rank: 0] 使用分块生成策略，num_hierarchies=10
[2025-11-14 21:40:48,685][src.models.modules.semantic_id.tiger_generation_model][INFO] - [rank: 0] 使用分块生成策略，num_hierarchies=10
[2025-11-14 21:40:50,365][src.models.modules.semantic_id.tiger_generation_model][INFO] - [rank: 0] 使用分块生成策略，num_hierarchies=10
[2025-11-14 21:40:51,951][src.models.modules.semantic_id.tiger_generation_model][INFO] - [rank: 0] 使用分块生成策略，num_hierarchies=10
[2025-11-14 21:40:53,141][src.models.modules.semantic_id.tiger_generation_model][INFO] - [rank: 0] 使用分块生成策略，num_hierarchies=10
[2025-11-14 21:40:53,925][src.models.modules.semantic_id.tiger_generation_model][INFO] - [rank: 0] 使用分块生成策略，num_hierarchies=10
[2025-11-14 21:40:54,981][src.models.modules.semantic_id.tiger_generation_model][INFO] - [rank: 0] 使用分块生成策略，num_hierarchies=10
[2025-11-14 21:40:55,950][src.models.modules.semantic_id.tiger_generation_model][INFO] - [rank: 0] 使用分块生成策略，num_hierarchies=10
[2025-11-14 21:40:56,697][src.models.modules.semantic_id.tiger_generation_model][INFO] - [rank: 0] 使用分块生成策略，num_hierarchies=10
[2025-11-14 21:40:57,308][src.models.modules.semantic_id.tiger_generation_model][INFO] - [rank: 0] 使用分块生成策略，num_hierarchies=10
[2025-11-14 21:40:57,978][src.models.modules.semantic_id.tiger_generation_model][INFO] - [rank: 0] 使用分块生成策略，num_hierarchies=10
[2025-11-14 21:40:58,817][src.models.modules.semantic_id.tiger_generation_model][INFO] - [rank: 0] 使用分块生成策略，num_hierarchies=10
[2025-11-14 21:40:59,438][src.models.modules.semantic_id.tiger_generation_model][INFO] - [rank: 0] 使用分块生成策略，num_hierarchies=10
[2025-11-14 21:41:00,770][src.models.modules.semantic_id.tiger_generation_model][INFO] - [rank: 0] 使用分块生成策略，num_hierarchies=10
[2025-11-14 21:41:01,959][src.models.modules.semantic_id.tiger_generation_model][INFO] - [rank: 0] 使用分块生成策略，num_hierarchies=10
[2025-11-14 21:41:03,009][src.models.modules.semantic_id.tiger_generation_model][INFO] - [rank: 0] 使用分块生成策略，num_hierarchies=10
[2025-11-14 21:41:04,196][src.models.modules.semantic_id.tiger_generation_model][INFO] - [rank: 0] 使用分块生成策略，num_hierarchies=10
[2025-11-14 21:41:05,343][src.models.modules.semantic_id.tiger_generation_model][INFO] - [rank: 0] 使用分块生成策略，num_hierarchies=10
[2025-11-14 21:41:06,518][src.models.modules.semantic_id.tiger_generation_model][INFO] - [rank: 0] 使用分块生成策略，num_hierarchies=10
[2025-11-14 21:41:07,664][src.models.modules.semantic_id.tiger_generation_model][INFO] - [rank: 0] 使用分块生成策略，num_hierarchies=10
[2025-11-14 21:41:08,966][src.models.modules.semantic_id.tiger_generation_model][INFO] - [rank: 0] 使用分块生成策略，num_hierarchies=10
[2025-11-14 21:41:09,695][src.models.modules.semantic_id.tiger_generation_model][INFO] - [rank: 0] 使用分块生成策略，num_hierarchies=10
[2025-11-14 21:41:10,310][src.models.modules.semantic_id.tiger_generation_model][INFO] - [rank: 0] 使用分块生成策略，num_hierarchies=10
[2025-11-14 21:41:11,029][src.models.modules.semantic_id.tiger_generation_model][INFO] - [rank: 0] 使用分块生成策略，num_hierarchies=10
[2025-11-14 21:41:11,754][src.models.modules.semantic_id.tiger_generation_model][INFO] - [rank: 0] 使用分块生成策略，num_hierarchies=10
[2025-11-14 21:41:12,325][src.models.modules.semantic_id.tiger_generation_model][INFO] - [rank: 0] 使用分块生成策略，num_hierarchies=10
[2025-11-14 21:41:13,092][src.models.modules.semantic_id.tiger_generation_model][INFO] - [rank: 0] 使用分块生成策略，num_hierarchies=10
[2025-11-14 21:41:14,463][src.models.modules.semantic_id.tiger_generation_model][INFO] - [rank: 0] 使用分块生成策略，num_hierarchies=10
[2025-11-14 21:41:16,056][src.models.modules.semantic_id.tiger_generation_model][INFO] - [rank: 0] 使用分块生成策略，num_hierarchies=10
[2025-11-14 21:41:17,175][src.models.modules.semantic_id.tiger_generation_model][INFO] - [rank: 0] 使用分块生成策略，num_hierarchies=10
[2025-11-14 21:41:18,335][src.models.modules.semantic_id.tiger_generation_model][INFO] - [rank: 0] 使用分块生成策略，num_hierarchies=10
[2025-11-14 21:41:19,548][src.models.modules.semantic_id.tiger_generation_model][INFO] - [rank: 0] 使用分块生成策略，num_hierarchies=10
[2025-11-14 21:41:20,701][src.models.modules.semantic_id.tiger_generation_model][INFO] - [rank: 0] 使用分块生成策略，num_hierarchies=10
[2025-11-14 21:41:21,928][src.models.modules.semantic_id.tiger_generation_model][INFO] - [rank: 0] 使用分块生成策略，num_hierarchies=10
[2025-11-14 21:41:23,220][src.models.modules.semantic_id.tiger_generation_model][INFO] - [rank: 0] 使用分块生成策略，num_hierarchies=10
[2025-11-14 21:41:24,350][src.models.modules.semantic_id.tiger_generation_model][INFO] - [rank: 0] 使用分块生成策略，num_hierarchies=10
[2025-11-14 21:41:25,514][src.models.modules.semantic_id.tiger_generation_model][INFO] - [rank: 0] 使用分块生成策略，num_hierarchies=10
[2025-11-14 21:41:26,637][src.models.modules.semantic_id.tiger_generation_model][INFO] - [rank: 0] 使用分块生成策略，num_hierarchies=10
[2025-11-14 21:41:27,820][src.models.modules.semantic_id.tiger_generation_model][INFO] - [rank: 0] 使用分块生成策略，num_hierarchies=10
[2025-11-14 21:41:29,157][src.models.modules.semantic_id.tiger_generation_model][INFO] - [rank: 0] 使用分块生成策略，num_hierarchies=10
[2025-11-14 21:41:30,432][src.models.modules.semantic_id.tiger_generation_model][INFO] - [rank: 0] 使用分块生成策略，num_hierarchies=10
[2025-11-14 21:41:31,011][src.models.modules.semantic_id.tiger_generation_model][INFO] - [rank: 0] 使用分块生成策略，num_hierarchies=10
[2025-11-14 21:41:31,559][src.models.modules.semantic_id.tiger_generation_model][INFO] - [rank: 0] 使用分块生成策略，num_hierarchies=10
[2025-11-14 21:41:32,156][src.models.modules.semantic_id.tiger_generation_model][INFO] - [rank: 0] 使用分块生成策略，num_hierarchies=10
[2025-11-14 21:41:33,323][src.models.modules.semantic_id.tiger_generation_model][INFO] - [rank: 0] 使用分块生成策略，num_hierarchies=10
[2025-11-14 21:41:34,427][src.models.modules.semantic_id.tiger_generation_model][INFO] - [rank: 0] 使用分块生成策略，num_hierarchies=10
[2025-11-14 21:41:35,515][src.models.modules.semantic_id.tiger_generation_model][INFO] - [rank: 0] 使用分块生成策略，num_hierarchies=10
[2025-11-14 21:41:36,641][src.models.modules.semantic_id.tiger_generation_model][INFO] - [rank: 0] 使用分块生成策略，num_hierarchies=10
[2025-11-14 21:41:37,530][src.models.modules.semantic_id.tiger_generation_model][INFO] - [rank: 0] 使用分块生成策略，num_hierarchies=10
[2025-11-14 21:41:38,289][src.models.modules.semantic_id.tiger_generation_model][INFO] - [rank: 0] 使用分块生成策略，num_hierarchies=10
[2025-11-14 21:41:39,514][src.models.modules.semantic_id.tiger_generation_model][INFO] - [rank: 0] 使用分块生成策略，num_hierarchies=10
[2025-11-14 21:41:40,622][src.models.modules.semantic_id.tiger_generation_model][INFO] - [rank: 0] 使用分块生成策略，num_hierarchies=10
[2025-11-14 21:41:41,638][src.models.modules.semantic_id.tiger_generation_model][INFO] - [rank: 0] 使用分块生成策略，num_hierarchies=10
[2025-11-14 21:41:42,765][src.models.modules.semantic_id.tiger_generation_model][INFO] - [rank: 0] 使用分块生成策略，num_hierarchies=10
[2025-11-14 21:41:44,390][src.models.modules.semantic_id.tiger_generation_model][INFO] - [rank: 0] 使用分块生成策略，num_hierarchies=10
[2025-11-14 21:41:45,998][src.models.modules.semantic_id.tiger_generation_model][INFO] - [rank: 0] 使用分块生成策略，num_hierarchies=10
[2025-11-14 21:41:47,544][src.models.modules.semantic_id.tiger_generation_model][INFO] - [rank: 0] 使用分块生成策略，num_hierarchies=10
[2025-11-14 21:41:49,085][src.models.modules.semantic_id.tiger_generation_model][INFO] - [rank: 0] 使用分块生成策略，num_hierarchies=10
[2025-11-14 21:41:50,613][src.models.modules.semantic_id.tiger_generation_model][INFO] - [rank: 0] 使用分块生成策略，num_hierarchies=10
[2025-11-14 21:41:51,646][src.models.modules.semantic_id.tiger_generation_model][INFO] - [rank: 0] 使用分块生成策略，num_hierarchies=10
[2025-11-14 21:41:53,233][src.models.modules.semantic_id.tiger_generation_model][INFO] - [rank: 0] 使用分块生成策略，num_hierarchies=10
[2025-11-14 21:41:54,731][src.models.modules.semantic_id.tiger_generation_model][INFO] - [rank: 0] 使用分块生成策略，num_hierarchies=10
[2025-11-14 21:41:55,757][src.models.modules.semantic_id.tiger_generation_model][INFO] - [rank: 0] 使用分块生成策略，num_hierarchies=10
[2025-11-14 21:41:56,628][src.models.modules.semantic_id.tiger_generation_model][INFO] - [rank: 0] 使用分块生成策略，num_hierarchies=10
[2025-11-14 21:41:57,534][src.models.modules.semantic_id.tiger_generation_model][INFO] - [rank: 0] 使用分块生成策略，num_hierarchies=10
[2025-11-14 21:41:58,948][src.models.modules.semantic_id.tiger_generation_model][INFO] - [rank: 0] 使用分块生成策略，num_hierarchies=10
[2025-11-14 21:41:59,923][src.models.modules.semantic_id.tiger_generation_model][INFO] - [rank: 0] 使用分块生成策略，num_hierarchies=10
[2025-11-14 21:42:00,634][src.models.modules.semantic_id.tiger_generation_model][INFO] - [rank: 0] 使用分块生成策略，num_hierarchies=10
[2025-11-14 21:42:01,376][src.models.modules.semantic_id.tiger_generation_model][INFO] - [rank: 0] 使用分块生成策略，num_hierarchies=10
[2025-11-14 21:42:02,116][src.models.modules.semantic_id.tiger_generation_model][INFO] - [rank: 0] 使用分块生成策略，num_hierarchies=10
[2025-11-14 21:42:02,862][src.models.modules.semantic_id.tiger_generation_model][INFO] - [rank: 0] 使用分块生成策略，num_hierarchies=10
[2025-11-14 21:42:04,404][src.models.modules.semantic_id.tiger_generation_model][INFO] - [rank: 0] 使用分块生成策略，num_hierarchies=10
[2025-11-14 21:42:05,692][src.models.modules.semantic_id.tiger_generation_model][INFO] - [rank: 0] 使用分块生成策略，num_hierarchies=10
[2025-11-14 21:42:06,801][src.models.modules.semantic_id.tiger_generation_model][INFO] - [rank: 0] 使用分块生成策略，num_hierarchies=10
[2025-11-14 21:42:07,562][src.models.modules.semantic_id.tiger_generation_model][INFO] - [rank: 0] 使用分块生成策略，num_hierarchies=10
[2025-11-14 21:42:08,374][src.models.modules.semantic_id.tiger_generation_model][INFO] - [rank: 0] 使用分块生成策略，num_hierarchies=10
[2025-11-14 21:42:09,039][src.models.modules.semantic_id.tiger_generation_model][INFO] - [rank: 0] 使用分块生成策略，num_hierarchies=10
[2025-11-14 21:42:09,892][src.models.modules.semantic_id.tiger_generation_model][INFO] - [rank: 0] 使用分块生成策略，num_hierarchies=10
[2025-11-14 21:42:10,592][src.models.modules.semantic_id.tiger_generation_model][INFO] - [rank: 0] 使用分块生成策略，num_hierarchies=10
[2025-11-14 21:42:11,338][src.models.modules.semantic_id.tiger_generation_model][INFO] - [rank: 0] 使用分块生成策略，num_hierarchies=10
[2025-11-14 21:42:12,268][src.models.modules.semantic_id.tiger_generation_model][INFO] - [rank: 0] 使用分块生成策略，num_hierarchies=10
[2025-11-14 21:42:35,777][src.models.modules.semantic_id.tiger_generation_model][INFO] - [rank: 0] 
================================================================================
[2025-11-14 21:42:35,778][src.models.modules.semantic_id.tiger_generation_model][INFO] - [rank: 0] === 生成的语义ID Embedding相似度矩阵 (平均自 704 个batch) ===
[2025-11-14 21:42:35,780][src.models.modules.semantic_id.tiger_generation_model][INFO] - [rank: 0] 
[[ 9.9999499e-01  1.7553763e-02  1.7993499e-02 -5.6406375e-06
   4.9360450e-03 -1.7332527e-03  2.1668296e-02 -8.6809285e-03
  -1.7806370e-02 -2.2556722e-02]
 [ 1.7553763e-02  1.0000050e+00  2.0646030e-02  9.2989076e-03
   2.6856130e-02 -1.6660344e-02 -2.0849599e-02 -3.8487341e-03
   4.8369244e-03 -1.9351861e-03]
 [ 1.7993499e-02  2.0646030e-02  1.0000181e+00 -1.1366491e-02
   6.3420678e-03  1.6029835e-06 -1.4350055e-02  3.0900201e-02
  -2.3957765e-02  9.7314538e-03]
 [-5.6406375e-06  9.2989076e-03 -1.1366491e-02  9.9999112e-01
  -1.8596906e-02  9.3320953e-03  4.9996804e-03 -1.3943978e-02
   3.0458730e-03  1.5537711e-02]
 [ 4.9360450e-03  2.6856130e-02  6.3420678e-03 -1.8596906e-02
   1.0000001e+00 -1.2670174e-03  4.4148080e-03 -3.8687519e-03
   1.1240952e-02 -6.2808320e-03]
 [-1.7332527e-03 -1.6660344e-02  1.6029835e-06  9.3320953e-03
  -1.2670174e-03  9.9998063e-01  7.6168044e-03  7.1567083e-03
  -1.3188967e-02 -6.6247638e-03]
 [ 2.1668296e-02 -2.0849599e-02 -1.4350055e-02  4.9996804e-03
   4.4148080e-03  7.6168044e-03  9.9999702e-01  6.8694111e-03
  -1.1070351e-02 -7.7794595e-03]
 [-8.6809285e-03 -3.8487341e-03  3.0900201e-02 -1.3943978e-02
  -3.8687519e-03  7.1567083e-03  6.8694111e-03  9.9997890e-01
  -4.0208258e-02  2.0673225e-02]
 [-1.7806370e-02  4.8369244e-03 -2.3957765e-02  3.0458730e-03
   1.1240952e-02 -1.3188967e-02 -1.1070351e-02 -4.0208258e-02
   1.0000010e+00  1.7019305e-02]
 [-2.2556722e-02 -1.9351861e-03  9.7314538e-03  1.5537711e-02
  -6.2808320e-03 -6.6247638e-03 -7.7794595e-03  2.0673225e-02
   1.7019305e-02  9.9989903e-01]]
[2025-11-14 21:42:35,781][src.models.modules.semantic_id.tiger_generation_model][INFO] - [rank: 0] ================================================================================

[2025-11-14 21:42:35,781][src.models.modules.semantic_id.tiger_generation_model][INFO] - [rank: 0] 
================================================================================
[2025-11-14 21:42:35,782][src.models.modules.semantic_id.tiger_generation_model][INFO] - [rank: 0] === 输入序列中每个Item的Hierarchy Embedding相似度矩阵 (平均自 704 个batch) ===
[2025-11-14 21:42:35,784][src.models.modules.semantic_id.tiger_generation_model][INFO] - [rank: 0] 
[[ 9.9999946e-01  3.0129962e-03  2.2907506e-03  1.3759246e-03
   5.8009592e-04  2.0266043e-04 -1.5797690e-04 -2.6939143e-03
  -5.6055048e-04 -1.0511235e-02]
 [ 3.0129962e-03  1.0000104e+00  1.7358158e-03  4.1231308e-03
   6.8858354e-03  1.1303093e-03  6.0638343e-03  2.4292150e-03
  -2.5004707e-03  1.4190117e-02]
 [ 2.2907506e-03  1.7358158e-03  9.9999577e-01  2.9998394e-03
   2.8682726e-03  1.2044841e-03  2.0943114e-03  2.8435900e-04
  -2.8527705e-03  2.5092417e-03]
 [ 1.3759246e-03  4.1231308e-03  2.9998394e-03  9.9999595e-01
   2.7903002e-03  2.3138092e-03  8.1153173e-04  1.4793065e-03
  -5.3703119e-03 -4.1678979e-04]
 [ 5.8009592e-04  6.8858354e-03  2.8682726e-03  2.7903002e-03
   1.0000030e+00  2.1293899e-03  2.9665751e-03  2.5273517e-03
  -4.6762344e-03 -5.7783052e-03]
 [ 2.0266043e-04  1.1303093e-03  1.2044841e-03  2.3138092e-03
   2.1293899e-03  1.0000062e+00 -5.0027104e-04  3.1270771e-03
  -3.5110058e-03  6.8198666e-03]
 [-1.5797690e-04  6.0638343e-03  2.0943114e-03  8.1153173e-04
   2.9665751e-03 -5.0027104e-04  1.0000001e+00  3.9222576e-03
  -4.8921201e-03 -7.4138851e-03]
 [-2.6939143e-03  2.4292150e-03  2.8435900e-04  1.4793065e-03
   2.5273517e-03  3.1270771e-03  3.9222576e-03  9.9999213e-01
  -9.0042902e-03  5.2808872e-03]
 [-5.6055048e-04 -2.5004707e-03 -2.8527705e-03 -5.3703119e-03
  -4.6762344e-03 -3.5110058e-03 -4.8921201e-03 -9.0042902e-03
   1.0000126e+00  1.8544314e-02]
 [-1.0511235e-02  1.4190117e-02  2.5092417e-03 -4.1678979e-04
  -5.7783052e-03  6.8198666e-03 -7.4138851e-03  5.2808872e-03
   1.8544314e-02  9.9989897e-01]]
[2025-11-14 21:42:35,784][src.models.modules.semantic_id.tiger_generation_model][INFO] - [rank: 0] ================================================================================

[2025-11-14 21:42:36,075][src.models.modules.semantic_id.tiger_generation_model][INFO] - [rank: 0] 
================================================================================
[2025-11-14 21:42:36,091][src.models.modules.semantic_id.tiger_generation_model][INFO] - [rank: 0] === 按流行度分组的评测指标（累计到当前阶段）===
[2025-11-14 21:42:36,091][src.models.modules.semantic_id.tiger_generation_model][INFO] - [rank: 0] [Body] ndcg@5: 0.014003  ndcg@10: 0.014003  recall@5: 0.018396  recall@10: 0.018396
[2025-11-14 21:42:36,092][src.models.modules.semantic_id.tiger_generation_model][INFO] - [rank: 0] [Head] ndcg@5: 0.020843  ndcg@10: 0.020843  recall@5: 0.027267  recall@10: 0.027267
[2025-11-14 21:42:36,092][src.models.modules.semantic_id.tiger_generation_model][INFO] - [rank: 0] [Tail] ndcg@5: 0.010095  ndcg@10: 0.010095  recall@5: 0.013038  recall@10: 0.013038
[2025-11-14 21:42:36,092][src.models.modules.semantic_id.tiger_generation_model][INFO] - [rank: 0] ================================================================================

[2025-11-14 22:06:32,746][src.models.modules.semantic_id.tiger_generation_model][INFO] - [rank: 0] 使用分块生成策略，num_hierarchies=10
[2025-11-14 22:06:33,343][src.models.modules.semantic_id.tiger_generation_model][INFO] - [rank: 0] 使用分块生成策略，num_hierarchies=10
[2025-11-14 22:06:33,941][src.models.modules.semantic_id.tiger_generation_model][INFO] - [rank: 0] 使用分块生成策略，num_hierarchies=10
[2025-11-14 22:06:34,712][src.models.modules.semantic_id.tiger_generation_model][INFO] - [rank: 0] 使用分块生成策略，num_hierarchies=10
[2025-11-14 22:06:35,461][src.models.modules.semantic_id.tiger_generation_model][INFO] - [rank: 0] 使用分块生成策略，num_hierarchies=10
[2025-11-14 22:06:36,135][src.models.modules.semantic_id.tiger_generation_model][INFO] - [rank: 0] 使用分块生成策略，num_hierarchies=10
[2025-11-14 22:06:36,678][src.models.modules.semantic_id.tiger_generation_model][INFO] - [rank: 0] 使用分块生成策略，num_hierarchies=10
[2025-11-14 22:06:37,323][src.models.modules.semantic_id.tiger_generation_model][INFO] - [rank: 0] 使用分块生成策略，num_hierarchies=10
[2025-11-14 22:06:37,964][src.models.modules.semantic_id.tiger_generation_model][INFO] - [rank: 0] 使用分块生成策略，num_hierarchies=10
[2025-11-14 22:06:38,609][src.models.modules.semantic_id.tiger_generation_model][INFO] - [rank: 0] 使用分块生成策略，num_hierarchies=10
[2025-11-14 22:06:39,417][src.models.modules.semantic_id.tiger_generation_model][INFO] - [rank: 0] 使用分块生成策略，num_hierarchies=10
[2025-11-14 22:06:40,087][src.models.modules.semantic_id.tiger_generation_model][INFO] - [rank: 0] 使用分块生成策略，num_hierarchies=10
[2025-11-14 22:06:40,720][src.models.modules.semantic_id.tiger_generation_model][INFO] - [rank: 0] 使用分块生成策略，num_hierarchies=10
[2025-11-14 22:06:41,325][src.models.modules.semantic_id.tiger_generation_model][INFO] - [rank: 0] 使用分块生成策略，num_hierarchies=10
[2025-11-14 22:06:41,920][src.models.modules.semantic_id.tiger_generation_model][INFO] - [rank: 0] 使用分块生成策略，num_hierarchies=10
[2025-11-14 22:06:42,523][src.models.modules.semantic_id.tiger_generation_model][INFO] - [rank: 0] 使用分块生成策略，num_hierarchies=10
[2025-11-14 22:06:43,105][src.models.modules.semantic_id.tiger_generation_model][INFO] - [rank: 0] 使用分块生成策略，num_hierarchies=10
[2025-11-14 22:06:43,744][src.models.modules.semantic_id.tiger_generation_model][INFO] - [rank: 0] 使用分块生成策略，num_hierarchies=10
[2025-11-14 22:06:44,563][src.models.modules.semantic_id.tiger_generation_model][INFO] - [rank: 0] 使用分块生成策略，num_hierarchies=10
[2025-11-14 22:06:45,256][src.models.modules.semantic_id.tiger_generation_model][INFO] - [rank: 0] 使用分块生成策略，num_hierarchies=10
[2025-11-14 22:06:45,810][src.models.modules.semantic_id.tiger_generation_model][INFO] - [rank: 0] 使用分块生成策略，num_hierarchies=10
[2025-11-14 22:06:46,392][src.models.modules.semantic_id.tiger_generation_model][INFO] - [rank: 0] 使用分块生成策略，num_hierarchies=10
[2025-11-14 22:06:47,002][src.models.modules.semantic_id.tiger_generation_model][INFO] - [rank: 0] 使用分块生成策略，num_hierarchies=10
[2025-11-14 22:06:47,704][src.models.modules.semantic_id.tiger_generation_model][INFO] - [rank: 0] 使用分块生成策略，num_hierarchies=10
[2025-11-14 22:06:48,399][src.models.modules.semantic_id.tiger_generation_model][INFO] - [rank: 0] 使用分块生成策略，num_hierarchies=10
[2025-11-14 22:06:49,038][src.models.modules.semantic_id.tiger_generation_model][INFO] - [rank: 0] 使用分块生成策略，num_hierarchies=10
[2025-11-14 22:06:49,636][src.models.modules.semantic_id.tiger_generation_model][INFO] - [rank: 0] 使用分块生成策略，num_hierarchies=10
[2025-11-14 22:06:50,206][src.models.modules.semantic_id.tiger_generation_model][INFO] - [rank: 0] 使用分块生成策略，num_hierarchies=10
[2025-11-14 22:06:50,826][src.models.modules.semantic_id.tiger_generation_model][INFO] - [rank: 0] 使用分块生成策略，num_hierarchies=10
[2025-11-14 22:06:51,491][src.models.modules.semantic_id.tiger_generation_model][INFO] - [rank: 0] 使用分块生成策略，num_hierarchies=10
[2025-11-14 22:06:52,269][src.models.modules.semantic_id.tiger_generation_model][INFO] - [rank: 0] 使用分块生成策略，num_hierarchies=10
[2025-11-14 22:06:52,938][src.models.modules.semantic_id.tiger_generation_model][INFO] - [rank: 0] 使用分块生成策略，num_hierarchies=10
[2025-11-14 22:06:53,492][src.models.modules.semantic_id.tiger_generation_model][INFO] - [rank: 0] 使用分块生成策略，num_hierarchies=10
[2025-11-14 22:06:54,083][src.models.modules.semantic_id.tiger_generation_model][INFO] - [rank: 0] 使用分块生成策略，num_hierarchies=10
[2025-11-14 22:06:54,757][src.models.modules.semantic_id.tiger_generation_model][INFO] - [rank: 0] 使用分块生成策略，num_hierarchies=10
[2025-11-14 22:06:55,407][src.models.modules.semantic_id.tiger_generation_model][INFO] - [rank: 0] 使用分块生成策略，num_hierarchies=10
[2025-11-14 22:06:56,021][src.models.modules.semantic_id.tiger_generation_model][INFO] - [rank: 0] 使用分块生成策略，num_hierarchies=10
[2025-11-14 22:06:56,608][src.models.modules.semantic_id.tiger_generation_model][INFO] - [rank: 0] 使用分块生成策略，num_hierarchies=10
[2025-11-14 22:06:57,227][src.models.modules.semantic_id.tiger_generation_model][INFO] - [rank: 0] 使用分块生成策略，num_hierarchies=10
[2025-11-14 22:06:57,875][src.models.modules.semantic_id.tiger_generation_model][INFO] - [rank: 0] 使用分块生成策略，num_hierarchies=10
[2025-11-14 22:06:58,566][src.models.modules.semantic_id.tiger_generation_model][INFO] - [rank: 0] 使用分块生成策略，num_hierarchies=10
[2025-11-14 22:06:59,533][src.models.modules.semantic_id.tiger_generation_model][INFO] - [rank: 0] 使用分块生成策略，num_hierarchies=10
[2025-11-14 22:07:00,435][src.models.modules.semantic_id.tiger_generation_model][INFO] - [rank: 0] 使用分块生成策略，num_hierarchies=10
[2025-11-14 22:07:00,995][src.models.modules.semantic_id.tiger_generation_model][INFO] - [rank: 0] 使用分块生成策略，num_hierarchies=10
[2025-11-14 22:07:01,585][src.models.modules.semantic_id.tiger_generation_model][INFO] - [rank: 0] 使用分块生成策略，num_hierarchies=10
[2025-11-14 22:07:02,219][src.models.modules.semantic_id.tiger_generation_model][INFO] - [rank: 0] 使用分块生成策略，num_hierarchies=10
[2025-11-14 22:07:02,833][src.models.modules.semantic_id.tiger_generation_model][INFO] - [rank: 0] 使用分块生成策略，num_hierarchies=10
[2025-11-14 22:07:03,452][src.models.modules.semantic_id.tiger_generation_model][INFO] - [rank: 0] 使用分块生成策略，num_hierarchies=10
[2025-11-14 22:07:04,072][src.models.modules.semantic_id.tiger_generation_model][INFO] - [rank: 0] 使用分块生成策略，num_hierarchies=10
[2025-11-14 22:07:04,765][src.models.modules.semantic_id.tiger_generation_model][INFO] - [rank: 0] 使用分块生成策略，num_hierarchies=10
[2025-11-14 22:07:05,400][src.models.modules.semantic_id.tiger_generation_model][INFO] - [rank: 0] 使用分块生成策略，num_hierarchies=10
[2025-11-14 22:07:06,044][src.models.modules.semantic_id.tiger_generation_model][INFO] - [rank: 0] 使用分块生成策略，num_hierarchies=10
[2025-11-14 22:07:06,896][src.models.modules.semantic_id.tiger_generation_model][INFO] - [rank: 0] 使用分块生成策略，num_hierarchies=10
[2025-11-14 22:07:07,538][src.models.modules.semantic_id.tiger_generation_model][INFO] - [rank: 0] 使用分块生成策略，num_hierarchies=10
[2025-11-14 22:07:08,258][src.models.modules.semantic_id.tiger_generation_model][INFO] - [rank: 0] 使用分块生成策略，num_hierarchies=10
[2025-11-14 22:07:08,797][src.models.modules.semantic_id.tiger_generation_model][INFO] - [rank: 0] 使用分块生成策略，num_hierarchies=10
[2025-11-14 22:07:09,407][src.models.modules.semantic_id.tiger_generation_model][INFO] - [rank: 0] 使用分块生成策略，num_hierarchies=10
[2025-11-14 22:07:10,085][src.models.modules.semantic_id.tiger_generation_model][INFO] - [rank: 0] 使用分块生成策略，num_hierarchies=10
[2025-11-14 22:07:10,665][src.models.modules.semantic_id.tiger_generation_model][INFO] - [rank: 0] 使用分块生成策略，num_hierarchies=10
[2025-11-14 22:07:11,210][src.models.modules.semantic_id.tiger_generation_model][INFO] - [rank: 0] 使用分块生成策略，num_hierarchies=10
[2025-11-14 22:07:11,788][src.models.modules.semantic_id.tiger_generation_model][INFO] - [rank: 0] 使用分块生成策略，num_hierarchies=10
[2025-11-14 22:07:12,446][src.models.modules.semantic_id.tiger_generation_model][INFO] - [rank: 0] 使用分块生成策略，num_hierarchies=10
[2025-11-14 22:07:13,163][src.models.modules.semantic_id.tiger_generation_model][INFO] - [rank: 0] 使用分块生成策略，num_hierarchies=10
[2025-11-14 22:07:13,837][src.models.modules.semantic_id.tiger_generation_model][INFO] - [rank: 0] 使用分块生成策略，num_hierarchies=10
[2025-11-14 22:07:14,618][src.models.modules.semantic_id.tiger_generation_model][INFO] - [rank: 0] 使用分块生成策略，num_hierarchies=10
[2025-11-14 22:07:15,340][src.models.modules.semantic_id.tiger_generation_model][INFO] - [rank: 0] 使用分块生成策略，num_hierarchies=10
[2025-11-14 22:07:15,945][src.models.modules.semantic_id.tiger_generation_model][INFO] - [rank: 0] 使用分块生成策略，num_hierarchies=10
[2025-11-14 22:07:16,602][src.models.modules.semantic_id.tiger_generation_model][INFO] - [rank: 0] 使用分块生成策略，num_hierarchies=10
[2025-11-14 22:07:17,246][src.models.modules.semantic_id.tiger_generation_model][INFO] - [rank: 0] 使用分块生成策略，num_hierarchies=10
[2025-11-14 22:07:17,878][src.models.modules.semantic_id.tiger_generation_model][INFO] - [rank: 0] 使用分块生成策略，num_hierarchies=10
[2025-11-14 22:07:18,507][src.models.modules.semantic_id.tiger_generation_model][INFO] - [rank: 0] 使用分块生成策略，num_hierarchies=10
[2025-11-14 22:07:19,178][src.models.modules.semantic_id.tiger_generation_model][INFO] - [rank: 0] 使用分块生成策略，num_hierarchies=10
[2025-11-14 22:07:19,856][src.models.modules.semantic_id.tiger_generation_model][INFO] - [rank: 0] 使用分块生成策略，num_hierarchies=10
[2025-11-14 22:07:20,488][src.models.modules.semantic_id.tiger_generation_model][INFO] - [rank: 0] 使用分块生成策略，num_hierarchies=10
[2025-11-14 22:07:21,113][src.models.modules.semantic_id.tiger_generation_model][INFO] - [rank: 0] 使用分块生成策略，num_hierarchies=10
[2025-11-14 22:07:21,756][src.models.modules.semantic_id.tiger_generation_model][INFO] - [rank: 0] 使用分块生成策略，num_hierarchies=10
[2025-11-14 22:07:22,403][src.models.modules.semantic_id.tiger_generation_model][INFO] - [rank: 0] 使用分块生成策略，num_hierarchies=10
[2025-11-14 22:07:23,020][src.models.modules.semantic_id.tiger_generation_model][INFO] - [rank: 0] 使用分块生成策略，num_hierarchies=10
[2025-11-14 22:07:23,667][src.models.modules.semantic_id.tiger_generation_model][INFO] - [rank: 0] 使用分块生成策略，num_hierarchies=10
[2025-11-14 22:07:24,304][src.models.modules.semantic_id.tiger_generation_model][INFO] - [rank: 0] 使用分块生成策略，num_hierarchies=10
[2025-11-14 22:07:24,923][src.models.modules.semantic_id.tiger_generation_model][INFO] - [rank: 0] 使用分块生成策略，num_hierarchies=10
[2025-11-14 22:07:25,519][src.models.modules.semantic_id.tiger_generation_model][INFO] - [rank: 0] 使用分块生成策略，num_hierarchies=10
[2025-11-14 22:07:26,067][src.models.modules.semantic_id.tiger_generation_model][INFO] - [rank: 0] 使用分块生成策略，num_hierarchies=10
[2025-11-14 22:07:26,678][src.models.modules.semantic_id.tiger_generation_model][INFO] - [rank: 0] 使用分块生成策略，num_hierarchies=10
[2025-11-14 22:07:27,284][src.models.modules.semantic_id.tiger_generation_model][INFO] - [rank: 0] 使用分块生成策略，num_hierarchies=10
[2025-11-14 22:07:27,800][src.models.modules.semantic_id.tiger_generation_model][INFO] - [rank: 0] 使用分块生成策略，num_hierarchies=10
[2025-11-14 22:07:28,344][src.models.modules.semantic_id.tiger_generation_model][INFO] - [rank: 0] 使用分块生成策略，num_hierarchies=10
[2025-11-14 22:07:28,885][src.models.modules.semantic_id.tiger_generation_model][INFO] - [rank: 0] 使用分块生成策略，num_hierarchies=10
[2025-11-14 22:07:29,446][src.models.modules.semantic_id.tiger_generation_model][INFO] - [rank: 0] 使用分块生成策略，num_hierarchies=10
[2025-11-14 22:07:30,001][src.models.modules.semantic_id.tiger_generation_model][INFO] - [rank: 0] 使用分块生成策略，num_hierarchies=10
[2025-11-14 22:07:30,582][src.models.modules.semantic_id.tiger_generation_model][INFO] - [rank: 0] 使用分块生成策略，num_hierarchies=10
[2025-11-14 22:07:31,175][src.models.modules.semantic_id.tiger_generation_model][INFO] - [rank: 0] 使用分块生成策略，num_hierarchies=10
[2025-11-14 22:07:31,767][src.models.modules.semantic_id.tiger_generation_model][INFO] - [rank: 0] 使用分块生成策略，num_hierarchies=10
[2025-11-14 22:07:32,376][src.models.modules.semantic_id.tiger_generation_model][INFO] - [rank: 0] 使用分块生成策略，num_hierarchies=10
[2025-11-14 22:07:32,978][src.models.modules.semantic_id.tiger_generation_model][INFO] - [rank: 0] 使用分块生成策略，num_hierarchies=10
[2025-11-14 22:07:33,733][src.models.modules.semantic_id.tiger_generation_model][INFO] - [rank: 0] 使用分块生成策略，num_hierarchies=10
[2025-11-14 22:07:34,450][src.models.modules.semantic_id.tiger_generation_model][INFO] - [rank: 0] 使用分块生成策略，num_hierarchies=10
[2025-11-14 22:07:35,081][src.models.modules.semantic_id.tiger_generation_model][INFO] - [rank: 0] 使用分块生成策略，num_hierarchies=10
[2025-11-14 22:07:35,609][src.models.modules.semantic_id.tiger_generation_model][INFO] - [rank: 0] 使用分块生成策略，num_hierarchies=10
[2025-11-14 22:07:36,213][src.models.modules.semantic_id.tiger_generation_model][INFO] - [rank: 0] 使用分块生成策略，num_hierarchies=10
[2025-11-14 22:07:36,806][src.models.modules.semantic_id.tiger_generation_model][INFO] - [rank: 0] 使用分块生成策略，num_hierarchies=10
[2025-11-14 22:07:37,387][src.models.modules.semantic_id.tiger_generation_model][INFO] - [rank: 0] 使用分块生成策略，num_hierarchies=10
[2025-11-14 22:07:37,940][src.models.modules.semantic_id.tiger_generation_model][INFO] - [rank: 0] 使用分块生成策略，num_hierarchies=10
[2025-11-14 22:07:38,528][src.models.modules.semantic_id.tiger_generation_model][INFO] - [rank: 0] 使用分块生成策略，num_hierarchies=10
[2025-11-14 22:07:39,114][src.models.modules.semantic_id.tiger_generation_model][INFO] - [rank: 0] 使用分块生成策略，num_hierarchies=10
[2025-11-14 22:07:39,690][src.models.modules.semantic_id.tiger_generation_model][INFO] - [rank: 0] 使用分块生成策略，num_hierarchies=10
[2025-11-14 22:07:40,341][src.models.modules.semantic_id.tiger_generation_model][INFO] - [rank: 0] 使用分块生成策略，num_hierarchies=10
[2025-11-14 22:07:40,983][src.models.modules.semantic_id.tiger_generation_model][INFO] - [rank: 0] 使用分块生成策略，num_hierarchies=10
[2025-11-14 22:07:41,657][src.models.modules.semantic_id.tiger_generation_model][INFO] - [rank: 0] 使用分块生成策略，num_hierarchies=10
[2025-11-14 22:07:42,238][src.models.modules.semantic_id.tiger_generation_model][INFO] - [rank: 0] 使用分块生成策略，num_hierarchies=10
[2025-11-14 22:07:42,830][src.models.modules.semantic_id.tiger_generation_model][INFO] - [rank: 0] 使用分块生成策略，num_hierarchies=10
[2025-11-14 22:07:43,703][src.models.modules.semantic_id.tiger_generation_model][INFO] - [rank: 0] 使用分块生成策略，num_hierarchies=10
[2025-11-14 22:07:44,536][src.models.modules.semantic_id.tiger_generation_model][INFO] - [rank: 0] 使用分块生成策略，num_hierarchies=10
[2025-11-14 22:07:45,226][src.models.modules.semantic_id.tiger_generation_model][INFO] - [rank: 0] 使用分块生成策略，num_hierarchies=10
[2025-11-14 22:07:45,810][src.models.modules.semantic_id.tiger_generation_model][INFO] - [rank: 0] 使用分块生成策略，num_hierarchies=10
[2025-11-14 22:07:46,427][src.models.modules.semantic_id.tiger_generation_model][INFO] - [rank: 0] 使用分块生成策略，num_hierarchies=10
[2025-11-14 22:07:47,098][src.models.modules.semantic_id.tiger_generation_model][INFO] - [rank: 0] 使用分块生成策略，num_hierarchies=10
[2025-11-14 22:07:47,735][src.models.modules.semantic_id.tiger_generation_model][INFO] - [rank: 0] 使用分块生成策略，num_hierarchies=10
[2025-11-14 22:07:48,344][src.models.modules.semantic_id.tiger_generation_model][INFO] - [rank: 0] 使用分块生成策略，num_hierarchies=10
[2025-11-14 22:07:48,949][src.models.modules.semantic_id.tiger_generation_model][INFO] - [rank: 0] 使用分块生成策略，num_hierarchies=10
[2025-11-14 22:07:49,557][src.models.modules.semantic_id.tiger_generation_model][INFO] - [rank: 0] 使用分块生成策略，num_hierarchies=10
[2025-11-14 22:07:50,160][src.models.modules.semantic_id.tiger_generation_model][INFO] - [rank: 0] 使用分块生成策略，num_hierarchies=10
[2025-11-14 22:07:50,798][src.models.modules.semantic_id.tiger_generation_model][INFO] - [rank: 0] 使用分块生成策略，num_hierarchies=10
[2025-11-14 22:07:51,544][src.models.modules.semantic_id.tiger_generation_model][INFO] - [rank: 0] 使用分块生成策略，num_hierarchies=10
[2025-11-14 22:07:52,401][src.models.modules.semantic_id.tiger_generation_model][INFO] - [rank: 0] 使用分块生成策略，num_hierarchies=10
[2025-11-14 22:07:53,125][src.models.modules.semantic_id.tiger_generation_model][INFO] - [rank: 0] 使用分块生成策略，num_hierarchies=10
[2025-11-14 22:07:53,692][src.models.modules.semantic_id.tiger_generation_model][INFO] - [rank: 0] 使用分块生成策略，num_hierarchies=10
[2025-11-14 22:07:54,321][src.models.modules.semantic_id.tiger_generation_model][INFO] - [rank: 0] 使用分块生成策略，num_hierarchies=10
[2025-11-14 22:07:54,941][src.models.modules.semantic_id.tiger_generation_model][INFO] - [rank: 0] 使用分块生成策略，num_hierarchies=10
[2025-11-14 22:07:55,624][src.models.modules.semantic_id.tiger_generation_model][INFO] - [rank: 0] 使用分块生成策略，num_hierarchies=10
[2025-11-14 22:07:56,305][src.models.modules.semantic_id.tiger_generation_model][INFO] - [rank: 0] 使用分块生成策略，num_hierarchies=10
[2025-11-14 22:07:56,933][src.models.modules.semantic_id.tiger_generation_model][INFO] - [rank: 0] 使用分块生成策略，num_hierarchies=10
[2025-11-14 22:07:57,534][src.models.modules.semantic_id.tiger_generation_model][INFO] - [rank: 0] 使用分块生成策略，num_hierarchies=10
[2025-11-14 22:07:58,196][src.models.modules.semantic_id.tiger_generation_model][INFO] - [rank: 0] 使用分块生成策略，num_hierarchies=10
[2025-11-14 22:07:59,115][src.models.modules.semantic_id.tiger_generation_model][INFO] - [rank: 0] 使用分块生成策略，num_hierarchies=10
[2025-11-14 22:07:59,946][src.models.modules.semantic_id.tiger_generation_model][INFO] - [rank: 0] 使用分块生成策略，num_hierarchies=10
[2025-11-14 22:08:00,613][src.models.modules.semantic_id.tiger_generation_model][INFO] - [rank: 0] 使用分块生成策略，num_hierarchies=10
[2025-11-14 22:08:01,213][src.models.modules.semantic_id.tiger_generation_model][INFO] - [rank: 0] 使用分块生成策略，num_hierarchies=10
[2025-11-14 22:08:01,815][src.models.modules.semantic_id.tiger_generation_model][INFO] - [rank: 0] 使用分块生成策略，num_hierarchies=10
[2025-11-14 22:08:02,440][src.models.modules.semantic_id.tiger_generation_model][INFO] - [rank: 0] 使用分块生成策略，num_hierarchies=10
[2025-11-14 22:08:03,098][src.models.modules.semantic_id.tiger_generation_model][INFO] - [rank: 0] 使用分块生成策略，num_hierarchies=10
[2025-11-14 22:08:03,760][src.models.modules.semantic_id.tiger_generation_model][INFO] - [rank: 0] 使用分块生成策略，num_hierarchies=10
[2025-11-14 22:08:04,584][src.models.modules.semantic_id.tiger_generation_model][INFO] - [rank: 0] 使用分块生成策略，num_hierarchies=10
[2025-11-14 22:08:05,435][src.models.modules.semantic_id.tiger_generation_model][INFO] - [rank: 0] 使用分块生成策略，num_hierarchies=10
[2025-11-14 22:08:06,392][src.models.modules.semantic_id.tiger_generation_model][INFO] - [rank: 0] 使用分块生成策略，num_hierarchies=10
[2025-11-14 22:08:07,168][src.models.modules.semantic_id.tiger_generation_model][INFO] - [rank: 0] 使用分块生成策略，num_hierarchies=10
[2025-11-14 22:08:08,068][src.models.modules.semantic_id.tiger_generation_model][INFO] - [rank: 0] 使用分块生成策略，num_hierarchies=10
[2025-11-14 22:08:08,649][src.models.modules.semantic_id.tiger_generation_model][INFO] - [rank: 0] 使用分块生成策略，num_hierarchies=10
[2025-11-14 22:08:09,253][src.models.modules.semantic_id.tiger_generation_model][INFO] - [rank: 0] 使用分块生成策略，num_hierarchies=10
[2025-11-14 22:08:09,840][src.models.modules.semantic_id.tiger_generation_model][INFO] - [rank: 0] 使用分块生成策略，num_hierarchies=10
[2025-11-14 22:08:10,444][src.models.modules.semantic_id.tiger_generation_model][INFO] - [rank: 0] 使用分块生成策略，num_hierarchies=10
[2025-11-14 22:08:11,054][src.models.modules.semantic_id.tiger_generation_model][INFO] - [rank: 0] 使用分块生成策略，num_hierarchies=10
[2025-11-14 22:08:11,632][src.models.modules.semantic_id.tiger_generation_model][INFO] - [rank: 0] 使用分块生成策略，num_hierarchies=10
[2025-11-14 22:08:12,219][src.models.modules.semantic_id.tiger_generation_model][INFO] - [rank: 0] 使用分块生成策略，num_hierarchies=10
[2025-11-14 22:08:12,798][src.models.modules.semantic_id.tiger_generation_model][INFO] - [rank: 0] 使用分块生成策略，num_hierarchies=10
[2025-11-14 22:08:13,390][src.models.modules.semantic_id.tiger_generation_model][INFO] - [rank: 0] 使用分块生成策略，num_hierarchies=10
[2025-11-14 22:08:13,987][src.models.modules.semantic_id.tiger_generation_model][INFO] - [rank: 0] 使用分块生成策略，num_hierarchies=10
[2025-11-14 22:08:14,592][src.models.modules.semantic_id.tiger_generation_model][INFO] - [rank: 0] 使用分块生成策略，num_hierarchies=10
[2025-11-14 22:08:15,165][src.models.modules.semantic_id.tiger_generation_model][INFO] - [rank: 0] 使用分块生成策略，num_hierarchies=10
[2025-11-14 22:08:15,954][src.models.modules.semantic_id.tiger_generation_model][INFO] - [rank: 0] 使用分块生成策略，num_hierarchies=10
[2025-11-14 22:08:16,701][src.models.modules.semantic_id.tiger_generation_model][INFO] - [rank: 0] 使用分块生成策略，num_hierarchies=10
[2025-11-14 22:08:17,284][src.models.modules.semantic_id.tiger_generation_model][INFO] - [rank: 0] 使用分块生成策略，num_hierarchies=10
[2025-11-14 22:08:17,979][src.models.modules.semantic_id.tiger_generation_model][INFO] - [rank: 0] 使用分块生成策略，num_hierarchies=10
[2025-11-14 22:08:18,671][src.models.modules.semantic_id.tiger_generation_model][INFO] - [rank: 0] 使用分块生成策略，num_hierarchies=10
[2025-11-14 22:08:19,356][src.models.modules.semantic_id.tiger_generation_model][INFO] - [rank: 0] 使用分块生成策略，num_hierarchies=10
[2025-11-14 22:08:20,005][src.models.modules.semantic_id.tiger_generation_model][INFO] - [rank: 0] 使用分块生成策略，num_hierarchies=10
[2025-11-14 22:08:20,652][src.models.modules.semantic_id.tiger_generation_model][INFO] - [rank: 0] 使用分块生成策略，num_hierarchies=10
[2025-11-14 22:08:21,247][src.models.modules.semantic_id.tiger_generation_model][INFO] - [rank: 0] 使用分块生成策略，num_hierarchies=10
[2025-11-14 22:08:22,112][src.models.modules.semantic_id.tiger_generation_model][INFO] - [rank: 0] 使用分块生成策略，num_hierarchies=10
[2025-11-14 22:08:22,796][src.models.modules.semantic_id.tiger_generation_model][INFO] - [rank: 0] 使用分块生成策略，num_hierarchies=10
[2025-11-14 22:08:23,367][src.models.modules.semantic_id.tiger_generation_model][INFO] - [rank: 0] 使用分块生成策略，num_hierarchies=10
[2025-11-14 22:08:23,996][src.models.modules.semantic_id.tiger_generation_model][INFO] - [rank: 0] 使用分块生成策略，num_hierarchies=10
[2025-11-14 22:08:24,553][src.models.modules.semantic_id.tiger_generation_model][INFO] - [rank: 0] 使用分块生成策略，num_hierarchies=10
[2025-11-14 22:08:25,108][src.models.modules.semantic_id.tiger_generation_model][INFO] - [rank: 0] 使用分块生成策略，num_hierarchies=10
[2025-11-14 22:08:25,658][src.models.modules.semantic_id.tiger_generation_model][INFO] - [rank: 0] 使用分块生成策略，num_hierarchies=10
[2025-11-14 22:08:26,232][src.models.modules.semantic_id.tiger_generation_model][INFO] - [rank: 0] 使用分块生成策略，num_hierarchies=10
[2025-11-14 22:08:26,802][src.models.modules.semantic_id.tiger_generation_model][INFO] - [rank: 0] 使用分块生成策略，num_hierarchies=10
[2025-11-14 22:08:27,533][src.models.modules.semantic_id.tiger_generation_model][INFO] - [rank: 0] 使用分块生成策略，num_hierarchies=10
[2025-11-14 22:08:28,302][src.models.modules.semantic_id.tiger_generation_model][INFO] - [rank: 0] 使用分块生成策略，num_hierarchies=10
[2025-11-14 22:08:28,946][src.models.modules.semantic_id.tiger_generation_model][INFO] - [rank: 0] 使用分块生成策略，num_hierarchies=10
[2025-11-14 22:08:29,513][src.models.modules.semantic_id.tiger_generation_model][INFO] - [rank: 0] 使用分块生成策略，num_hierarchies=10
[2025-11-14 22:08:30,122][src.models.modules.semantic_id.tiger_generation_model][INFO] - [rank: 0] 使用分块生成策略，num_hierarchies=10
[2025-11-14 22:08:30,678][src.models.modules.semantic_id.tiger_generation_model][INFO] - [rank: 0] 使用分块生成策略，num_hierarchies=10
[2025-11-14 22:08:31,274][src.models.modules.semantic_id.tiger_generation_model][INFO] - [rank: 0] 使用分块生成策略，num_hierarchies=10
[2025-11-14 22:08:31,859][src.models.modules.semantic_id.tiger_generation_model][INFO] - [rank: 0] 使用分块生成策略，num_hierarchies=10
[2025-11-14 22:08:32,453][src.models.modules.semantic_id.tiger_generation_model][INFO] - [rank: 0] 使用分块生成策略，num_hierarchies=10
[2025-11-14 22:08:33,048][src.models.modules.semantic_id.tiger_generation_model][INFO] - [rank: 0] 使用分块生成策略，num_hierarchies=10
[2025-11-14 22:08:33,637][src.models.modules.semantic_id.tiger_generation_model][INFO] - [rank: 0] 使用分块生成策略，num_hierarchies=10
[2025-11-14 22:08:34,376][src.models.modules.semantic_id.tiger_generation_model][INFO] - [rank: 0] 使用分块生成策略，num_hierarchies=10
[2025-11-14 22:08:35,127][src.models.modules.semantic_id.tiger_generation_model][INFO] - [rank: 0] 使用分块生成策略，num_hierarchies=10
[2025-11-14 22:08:36,129][src.models.modules.semantic_id.tiger_generation_model][INFO] - [rank: 0] 使用分块生成策略，num_hierarchies=10
[2025-11-14 22:08:37,061][src.models.modules.semantic_id.tiger_generation_model][INFO] - [rank: 0] 使用分块生成策略，num_hierarchies=10
[2025-11-14 22:08:37,852][src.models.modules.semantic_id.tiger_generation_model][INFO] - [rank: 0] 使用分块生成策略，num_hierarchies=10
[2025-11-14 22:08:38,595][src.models.modules.semantic_id.tiger_generation_model][INFO] - [rank: 0] 使用分块生成策略，num_hierarchies=10
[2025-11-14 22:08:39,350][src.models.modules.semantic_id.tiger_generation_model][INFO] - [rank: 0] 使用分块生成策略，num_hierarchies=10
[2025-11-14 22:08:40,087][src.models.modules.semantic_id.tiger_generation_model][INFO] - [rank: 0] 使用分块生成策略，num_hierarchies=10
[2025-11-14 22:08:40,849][src.models.modules.semantic_id.tiger_generation_model][INFO] - [rank: 0] 使用分块生成策略，num_hierarchies=10
[2025-11-14 22:08:41,611][src.models.modules.semantic_id.tiger_generation_model][INFO] - [rank: 0] 使用分块生成策略，num_hierarchies=10
[2025-11-14 22:08:42,375][src.models.modules.semantic_id.tiger_generation_model][INFO] - [rank: 0] 使用分块生成策略，num_hierarchies=10
[2025-11-14 22:08:43,104][src.models.modules.semantic_id.tiger_generation_model][INFO] - [rank: 0] 使用分块生成策略，num_hierarchies=10
[2025-11-14 22:08:43,839][src.models.modules.semantic_id.tiger_generation_model][INFO] - [rank: 0] 使用分块生成策略，num_hierarchies=10
[2025-11-14 22:08:44,579][src.models.modules.semantic_id.tiger_generation_model][INFO] - [rank: 0] 使用分块生成策略，num_hierarchies=10
[2025-11-14 22:08:45,330][src.models.modules.semantic_id.tiger_generation_model][INFO] - [rank: 0] 使用分块生成策略，num_hierarchies=10
[2025-11-14 22:08:46,259][src.models.modules.semantic_id.tiger_generation_model][INFO] - [rank: 0] 使用分块生成策略，num_hierarchies=10
[2025-11-14 22:08:47,082][src.models.modules.semantic_id.tiger_generation_model][INFO] - [rank: 0] 使用分块生成策略，num_hierarchies=10
[2025-11-14 22:08:47,696][src.models.modules.semantic_id.tiger_generation_model][INFO] - [rank: 0] 使用分块生成策略，num_hierarchies=10
[2025-11-14 22:08:48,363][src.models.modules.semantic_id.tiger_generation_model][INFO] - [rank: 0] 使用分块生成策略，num_hierarchies=10
[2025-11-14 22:08:49,024][src.models.modules.semantic_id.tiger_generation_model][INFO] - [rank: 0] 使用分块生成策略，num_hierarchies=10
[2025-11-14 22:08:49,696][src.models.modules.semantic_id.tiger_generation_model][INFO] - [rank: 0] 使用分块生成策略，num_hierarchies=10
[2025-11-14 22:08:50,308][src.models.modules.semantic_id.tiger_generation_model][INFO] - [rank: 0] 使用分块生成策略，num_hierarchies=10
[2025-11-14 22:08:50,923][src.models.modules.semantic_id.tiger_generation_model][INFO] - [rank: 0] 使用分块生成策略，num_hierarchies=10
[2025-11-14 22:08:52,143][src.models.modules.semantic_id.tiger_generation_model][INFO] - [rank: 0] 使用分块生成策略，num_hierarchies=10
[2025-11-14 22:08:52,975][src.models.modules.semantic_id.tiger_generation_model][INFO] - [rank: 0] 使用分块生成策略，num_hierarchies=10
[2025-11-14 22:08:53,626][src.models.modules.semantic_id.tiger_generation_model][INFO] - [rank: 0] 使用分块生成策略，num_hierarchies=10
[2025-11-14 22:08:54,283][src.models.modules.semantic_id.tiger_generation_model][INFO] - [rank: 0] 使用分块生成策略，num_hierarchies=10
[2025-11-14 22:08:54,970][src.models.modules.semantic_id.tiger_generation_model][INFO] - [rank: 0] 使用分块生成策略，num_hierarchies=10
[2025-11-14 22:08:55,600][src.models.modules.semantic_id.tiger_generation_model][INFO] - [rank: 0] 使用分块生成策略，num_hierarchies=10
[2025-11-14 22:08:56,210][src.models.modules.semantic_id.tiger_generation_model][INFO] - [rank: 0] 使用分块生成策略，num_hierarchies=10
[2025-11-14 22:08:56,823][src.models.modules.semantic_id.tiger_generation_model][INFO] - [rank: 0] 使用分块生成策略，num_hierarchies=10
[2025-11-14 22:08:57,421][src.models.modules.semantic_id.tiger_generation_model][INFO] - [rank: 0] 使用分块生成策略，num_hierarchies=10
[2025-11-14 22:08:58,023][src.models.modules.semantic_id.tiger_generation_model][INFO] - [rank: 0] 使用分块生成策略，num_hierarchies=10
[2025-11-14 22:08:58,651][src.models.modules.semantic_id.tiger_generation_model][INFO] - [rank: 0] 使用分块生成策略，num_hierarchies=10
[2025-11-14 22:08:59,344][src.models.modules.semantic_id.tiger_generation_model][INFO] - [rank: 0] 使用分块生成策略，num_hierarchies=10
[2025-11-14 22:08:59,993][src.models.modules.semantic_id.tiger_generation_model][INFO] - [rank: 0] 使用分块生成策略，num_hierarchies=10
[2025-11-14 22:09:00,786][src.models.modules.semantic_id.tiger_generation_model][INFO] - [rank: 0] 使用分块生成策略，num_hierarchies=10
[2025-11-14 22:09:01,437][src.models.modules.semantic_id.tiger_generation_model][INFO] - [rank: 0] 使用分块生成策略，num_hierarchies=10
[2025-11-14 22:09:02,094][src.models.modules.semantic_id.tiger_generation_model][INFO] - [rank: 0] 使用分块生成策略，num_hierarchies=10
[2025-11-14 22:09:02,632][src.models.modules.semantic_id.tiger_generation_model][INFO] - [rank: 0] 使用分块生成策略，num_hierarchies=10
[2025-11-14 22:09:03,279][src.models.modules.semantic_id.tiger_generation_model][INFO] - [rank: 0] 使用分块生成策略，num_hierarchies=10
[2025-11-14 22:09:03,954][src.models.modules.semantic_id.tiger_generation_model][INFO] - [rank: 0] 使用分块生成策略，num_hierarchies=10
[2025-11-14 22:09:04,550][src.models.modules.semantic_id.tiger_generation_model][INFO] - [rank: 0] 使用分块生成策略，num_hierarchies=10
[2025-11-14 22:09:05,236][src.models.modules.semantic_id.tiger_generation_model][INFO] - [rank: 0] 使用分块生成策略，num_hierarchies=10
[2025-11-14 22:09:05,824][src.models.modules.semantic_id.tiger_generation_model][INFO] - [rank: 0] 使用分块生成策略，num_hierarchies=10
[2025-11-14 22:09:06,402][src.models.modules.semantic_id.tiger_generation_model][INFO] - [rank: 0] 使用分块生成策略，num_hierarchies=10
[2025-11-14 22:09:07,075][src.models.modules.semantic_id.tiger_generation_model][INFO] - [rank: 0] 使用分块生成策略，num_hierarchies=10
[2025-11-14 22:09:07,675][src.models.modules.semantic_id.tiger_generation_model][INFO] - [rank: 0] 使用分块生成策略，num_hierarchies=10
[2025-11-14 22:09:08,475][src.models.modules.semantic_id.tiger_generation_model][INFO] - [rank: 0] 使用分块生成策略，num_hierarchies=10
[2025-11-14 22:09:09,267][src.models.modules.semantic_id.tiger_generation_model][INFO] - [rank: 0] 使用分块生成策略，num_hierarchies=10
[2025-11-14 22:09:10,026][src.models.modules.semantic_id.tiger_generation_model][INFO] - [rank: 0] 使用分块生成策略，num_hierarchies=10
[2025-11-14 22:09:10,691][src.models.modules.semantic_id.tiger_generation_model][INFO] - [rank: 0] 使用分块生成策略，num_hierarchies=10
[2025-11-14 22:09:11,408][src.models.modules.semantic_id.tiger_generation_model][INFO] - [rank: 0] 使用分块生成策略，num_hierarchies=10
[2025-11-14 22:09:12,022][src.models.modules.semantic_id.tiger_generation_model][INFO] - [rank: 0] 使用分块生成策略，num_hierarchies=10
[2025-11-14 22:09:12,648][src.models.modules.semantic_id.tiger_generation_model][INFO] - [rank: 0] 使用分块生成策略，num_hierarchies=10
[2025-11-14 22:09:13,255][src.models.modules.semantic_id.tiger_generation_model][INFO] - [rank: 0] 使用分块生成策略，num_hierarchies=10
[2025-11-14 22:09:13,933][src.models.modules.semantic_id.tiger_generation_model][INFO] - [rank: 0] 使用分块生成策略，num_hierarchies=10
[2025-11-14 22:09:14,538][src.models.modules.semantic_id.tiger_generation_model][INFO] - [rank: 0] 使用分块生成策略，num_hierarchies=10
[2025-11-14 22:09:15,249][src.models.modules.semantic_id.tiger_generation_model][INFO] - [rank: 0] 使用分块生成策略，num_hierarchies=10
[2025-11-14 22:09:16,167][src.models.modules.semantic_id.tiger_generation_model][INFO] - [rank: 0] 使用分块生成策略，num_hierarchies=10
[2025-11-14 22:09:16,947][src.models.modules.semantic_id.tiger_generation_model][INFO] - [rank: 0] 使用分块生成策略，num_hierarchies=10
[2025-11-14 22:09:17,570][src.models.modules.semantic_id.tiger_generation_model][INFO] - [rank: 0] 使用分块生成策略，num_hierarchies=10
[2025-11-14 22:09:18,225][src.models.modules.semantic_id.tiger_generation_model][INFO] - [rank: 0] 使用分块生成策略，num_hierarchies=10
[2025-11-14 22:09:18,821][src.models.modules.semantic_id.tiger_generation_model][INFO] - [rank: 0] 使用分块生成策略，num_hierarchies=10
[2025-11-14 22:09:19,415][src.models.modules.semantic_id.tiger_generation_model][INFO] - [rank: 0] 使用分块生成策略，num_hierarchies=10
[2025-11-14 22:09:19,947][src.models.modules.semantic_id.tiger_generation_model][INFO] - [rank: 0] 使用分块生成策略，num_hierarchies=10
[2025-11-14 22:09:20,490][src.models.modules.semantic_id.tiger_generation_model][INFO] - [rank: 0] 使用分块生成策略，num_hierarchies=10
[2025-11-14 22:09:21,028][src.models.modules.semantic_id.tiger_generation_model][INFO] - [rank: 0] 使用分块生成策略，num_hierarchies=10
[2025-11-14 22:09:21,664][src.models.modules.semantic_id.tiger_generation_model][INFO] - [rank: 0] 使用分块生成策略，num_hierarchies=10
[2025-11-14 22:09:22,219][src.models.modules.semantic_id.tiger_generation_model][INFO] - [rank: 0] 使用分块生成策略，num_hierarchies=10
[2025-11-14 22:09:22,860][src.models.modules.semantic_id.tiger_generation_model][INFO] - [rank: 0] 使用分块生成策略，num_hierarchies=10
[2025-11-14 22:09:23,484][src.models.modules.semantic_id.tiger_generation_model][INFO] - [rank: 0] 使用分块生成策略，num_hierarchies=10
[2025-11-14 22:09:24,063][src.models.modules.semantic_id.tiger_generation_model][INFO] - [rank: 0] 使用分块生成策略，num_hierarchies=10
[2025-11-14 22:09:24,637][src.models.modules.semantic_id.tiger_generation_model][INFO] - [rank: 0] 使用分块生成策略，num_hierarchies=10
[2025-11-14 22:09:25,251][src.models.modules.semantic_id.tiger_generation_model][INFO] - [rank: 0] 使用分块生成策略，num_hierarchies=10
[2025-11-14 22:09:25,832][src.models.modules.semantic_id.tiger_generation_model][INFO] - [rank: 0] 使用分块生成策略，num_hierarchies=10
[2025-11-14 22:09:26,465][src.models.modules.semantic_id.tiger_generation_model][INFO] - [rank: 0] 使用分块生成策略，num_hierarchies=10
[2025-11-14 22:09:27,110][src.models.modules.semantic_id.tiger_generation_model][INFO] - [rank: 0] 使用分块生成策略，num_hierarchies=10
[2025-11-14 22:09:27,740][src.models.modules.semantic_id.tiger_generation_model][INFO] - [rank: 0] 使用分块生成策略，num_hierarchies=10
[2025-11-14 22:09:28,339][src.models.modules.semantic_id.tiger_generation_model][INFO] - [rank: 0] 使用分块生成策略，num_hierarchies=10
[2025-11-14 22:09:28,909][src.models.modules.semantic_id.tiger_generation_model][INFO] - [rank: 0] 使用分块生成策略，num_hierarchies=10
[2025-11-14 22:09:29,494][src.models.modules.semantic_id.tiger_generation_model][INFO] - [rank: 0] 使用分块生成策略，num_hierarchies=10
[2025-11-14 22:09:30,061][src.models.modules.semantic_id.tiger_generation_model][INFO] - [rank: 0] 使用分块生成策略，num_hierarchies=10
[2025-11-14 22:09:30,875][src.models.modules.semantic_id.tiger_generation_model][INFO] - [rank: 0] 使用分块生成策略，num_hierarchies=10
[2025-11-14 22:09:31,728][src.models.modules.semantic_id.tiger_generation_model][INFO] - [rank: 0] 使用分块生成策略，num_hierarchies=10
[2025-11-14 22:09:32,438][src.models.modules.semantic_id.tiger_generation_model][INFO] - [rank: 0] 使用分块生成策略，num_hierarchies=10
[2025-11-14 22:09:33,089][src.models.modules.semantic_id.tiger_generation_model][INFO] - [rank: 0] 使用分块生成策略，num_hierarchies=10
[2025-11-14 22:09:33,723][src.models.modules.semantic_id.tiger_generation_model][INFO] - [rank: 0] 使用分块生成策略，num_hierarchies=10
[2025-11-14 22:09:34,372][src.models.modules.semantic_id.tiger_generation_model][INFO] - [rank: 0] 使用分块生成策略，num_hierarchies=10
[2025-11-14 22:09:34,993][src.models.modules.semantic_id.tiger_generation_model][INFO] - [rank: 0] 使用分块生成策略，num_hierarchies=10
[2025-11-14 22:09:35,638][src.models.modules.semantic_id.tiger_generation_model][INFO] - [rank: 0] 使用分块生成策略，num_hierarchies=10
[2025-11-14 22:09:36,262][src.models.modules.semantic_id.tiger_generation_model][INFO] - [rank: 0] 使用分块生成策略，num_hierarchies=10
[2025-11-14 22:09:36,876][src.models.modules.semantic_id.tiger_generation_model][INFO] - [rank: 0] 使用分块生成策略，num_hierarchies=10
[2025-11-14 22:09:37,501][src.models.modules.semantic_id.tiger_generation_model][INFO] - [rank: 0] 使用分块生成策略，num_hierarchies=10
[2025-11-14 22:09:38,108][src.models.modules.semantic_id.tiger_generation_model][INFO] - [rank: 0] 使用分块生成策略，num_hierarchies=10
[2025-11-14 22:09:38,738][src.models.modules.semantic_id.tiger_generation_model][INFO] - [rank: 0] 使用分块生成策略，num_hierarchies=10
[2025-11-14 22:09:39,485][src.models.modules.semantic_id.tiger_generation_model][INFO] - [rank: 0] 使用分块生成策略，num_hierarchies=10
[2025-11-14 22:09:40,100][src.models.modules.semantic_id.tiger_generation_model][INFO] - [rank: 0] 使用分块生成策略，num_hierarchies=10
[2025-11-14 22:09:40,621][src.models.modules.semantic_id.tiger_generation_model][INFO] - [rank: 0] 使用分块生成策略，num_hierarchies=10
[2025-11-14 22:09:41,200][src.models.modules.semantic_id.tiger_generation_model][INFO] - [rank: 0] 使用分块生成策略，num_hierarchies=10
[2025-11-14 22:09:41,812][src.models.modules.semantic_id.tiger_generation_model][INFO] - [rank: 0] 使用分块生成策略，num_hierarchies=10
[2025-11-14 22:09:42,424][src.models.modules.semantic_id.tiger_generation_model][INFO] - [rank: 0] 使用分块生成策略，num_hierarchies=10
[2025-11-14 22:09:42,998][src.models.modules.semantic_id.tiger_generation_model][INFO] - [rank: 0] 使用分块生成策略，num_hierarchies=10
[2025-11-14 22:09:43,586][src.models.modules.semantic_id.tiger_generation_model][INFO] - [rank: 0] 使用分块生成策略，num_hierarchies=10
[2025-11-14 22:09:44,164][src.models.modules.semantic_id.tiger_generation_model][INFO] - [rank: 0] 使用分块生成策略，num_hierarchies=10
[2025-11-14 22:09:44,769][src.models.modules.semantic_id.tiger_generation_model][INFO] - [rank: 0] 使用分块生成策略，num_hierarchies=10
[2025-11-14 22:09:45,518][src.models.modules.semantic_id.tiger_generation_model][INFO] - [rank: 0] 使用分块生成策略，num_hierarchies=10
[2025-11-14 22:09:46,163][src.models.modules.semantic_id.tiger_generation_model][INFO] - [rank: 0] 使用分块生成策略，num_hierarchies=10
[2025-11-14 22:09:46,703][src.models.modules.semantic_id.tiger_generation_model][INFO] - [rank: 0] 使用分块生成策略，num_hierarchies=10
[2025-11-14 22:09:47,276][src.models.modules.semantic_id.tiger_generation_model][INFO] - [rank: 0] 使用分块生成策略，num_hierarchies=10
[2025-11-14 22:09:47,846][src.models.modules.semantic_id.tiger_generation_model][INFO] - [rank: 0] 使用分块生成策略，num_hierarchies=10
[2025-11-14 22:09:48,428][src.models.modules.semantic_id.tiger_generation_model][INFO] - [rank: 0] 使用分块生成策略，num_hierarchies=10
[2025-11-14 22:09:49,032][src.models.modules.semantic_id.tiger_generation_model][INFO] - [rank: 0] 使用分块生成策略，num_hierarchies=10
[2025-11-14 22:09:49,622][src.models.modules.semantic_id.tiger_generation_model][INFO] - [rank: 0] 使用分块生成策略，num_hierarchies=10
[2025-11-14 22:09:50,224][src.models.modules.semantic_id.tiger_generation_model][INFO] - [rank: 0] 使用分块生成策略，num_hierarchies=10
[2025-11-14 22:09:50,830][src.models.modules.semantic_id.tiger_generation_model][INFO] - [rank: 0] 使用分块生成策略，num_hierarchies=10
[2025-11-14 22:09:51,428][src.models.modules.semantic_id.tiger_generation_model][INFO] - [rank: 0] 使用分块生成策略，num_hierarchies=10
[2025-11-14 22:09:52,091][src.models.modules.semantic_id.tiger_generation_model][INFO] - [rank: 0] 使用分块生成策略，num_hierarchies=10
[2025-11-14 22:09:52,722][src.models.modules.semantic_id.tiger_generation_model][INFO] - [rank: 0] 使用分块生成策略，num_hierarchies=10
[2025-11-14 22:09:53,253][src.models.modules.semantic_id.tiger_generation_model][INFO] - [rank: 0] 使用分块生成策略，num_hierarchies=10
[2025-11-14 22:09:53,870][src.models.modules.semantic_id.tiger_generation_model][INFO] - [rank: 0] 使用分块生成策略，num_hierarchies=10
[2025-11-14 22:09:54,489][src.models.modules.semantic_id.tiger_generation_model][INFO] - [rank: 0] 使用分块生成策略，num_hierarchies=10
[2025-11-14 22:09:55,094][src.models.modules.semantic_id.tiger_generation_model][INFO] - [rank: 0] 使用分块生成策略，num_hierarchies=10
[2025-11-14 22:09:55,691][src.models.modules.semantic_id.tiger_generation_model][INFO] - [rank: 0] 使用分块生成策略，num_hierarchies=10
[2025-11-14 22:09:56,315][src.models.modules.semantic_id.tiger_generation_model][INFO] - [rank: 0] 使用分块生成策略，num_hierarchies=10
[2025-11-14 22:09:56,925][src.models.modules.semantic_id.tiger_generation_model][INFO] - [rank: 0] 使用分块生成策略，num_hierarchies=10
[2025-11-14 22:09:57,544][src.models.modules.semantic_id.tiger_generation_model][INFO] - [rank: 0] 使用分块生成策略，num_hierarchies=10
[2025-11-14 22:09:58,139][src.models.modules.semantic_id.tiger_generation_model][INFO] - [rank: 0] 使用分块生成策略，num_hierarchies=10
[2025-11-14 22:09:58,721][src.models.modules.semantic_id.tiger_generation_model][INFO] - [rank: 0] 使用分块生成策略，num_hierarchies=10
[2025-11-14 22:09:59,507][src.models.modules.semantic_id.tiger_generation_model][INFO] - [rank: 0] 使用分块生成策略，num_hierarchies=10
[2025-11-14 22:10:00,150][src.models.modules.semantic_id.tiger_generation_model][INFO] - [rank: 0] 使用分块生成策略，num_hierarchies=10
[2025-11-14 22:10:00,687][src.models.modules.semantic_id.tiger_generation_model][INFO] - [rank: 0] 使用分块生成策略，num_hierarchies=10
[2025-11-14 22:10:01,262][src.models.modules.semantic_id.tiger_generation_model][INFO] - [rank: 0] 使用分块生成策略，num_hierarchies=10
[2025-11-14 22:10:01,844][src.models.modules.semantic_id.tiger_generation_model][INFO] - [rank: 0] 使用分块生成策略，num_hierarchies=10
[2025-11-14 22:10:02,423][src.models.modules.semantic_id.tiger_generation_model][INFO] - [rank: 0] 使用分块生成策略，num_hierarchies=10
[2025-11-14 22:10:02,997][src.models.modules.semantic_id.tiger_generation_model][INFO] - [rank: 0] 使用分块生成策略，num_hierarchies=10
[2025-11-14 22:10:03,599][src.models.modules.semantic_id.tiger_generation_model][INFO] - [rank: 0] 使用分块生成策略，num_hierarchies=10
[2025-11-14 22:10:04,222][src.models.modules.semantic_id.tiger_generation_model][INFO] - [rank: 0] 使用分块生成策略，num_hierarchies=10
[2025-11-14 22:10:04,849][src.models.modules.semantic_id.tiger_generation_model][INFO] - [rank: 0] 使用分块生成策略，num_hierarchies=10
[2025-11-14 22:10:05,470][src.models.modules.semantic_id.tiger_generation_model][INFO] - [rank: 0] 使用分块生成策略，num_hierarchies=10
[2025-11-14 22:10:06,134][src.models.modules.semantic_id.tiger_generation_model][INFO] - [rank: 0] 使用分块生成策略，num_hierarchies=10
[2025-11-14 22:10:06,857][src.models.modules.semantic_id.tiger_generation_model][INFO] - [rank: 0] 使用分块生成策略，num_hierarchies=10
[2025-11-14 22:10:07,667][src.models.modules.semantic_id.tiger_generation_model][INFO] - [rank: 0] 使用分块生成策略，num_hierarchies=10
[2025-11-14 22:10:08,349][src.models.modules.semantic_id.tiger_generation_model][INFO] - [rank: 0] 使用分块生成策略，num_hierarchies=10
[2025-11-14 22:10:08,926][src.models.modules.semantic_id.tiger_generation_model][INFO] - [rank: 0] 使用分块生成策略，num_hierarchies=10
[2025-11-14 22:10:09,530][src.models.modules.semantic_id.tiger_generation_model][INFO] - [rank: 0] 使用分块生成策略，num_hierarchies=10
[2025-11-14 22:10:10,144][src.models.modules.semantic_id.tiger_generation_model][INFO] - [rank: 0] 使用分块生成策略，num_hierarchies=10
[2025-11-14 22:10:10,750][src.models.modules.semantic_id.tiger_generation_model][INFO] - [rank: 0] 使用分块生成策略，num_hierarchies=10
[2025-11-14 22:10:11,365][src.models.modules.semantic_id.tiger_generation_model][INFO] - [rank: 0] 使用分块生成策略，num_hierarchies=10
[2025-11-14 22:10:12,001][src.models.modules.semantic_id.tiger_generation_model][INFO] - [rank: 0] 使用分块生成策略，num_hierarchies=10
[2025-11-14 22:10:12,610][src.models.modules.semantic_id.tiger_generation_model][INFO] - [rank: 0] 使用分块生成策略，num_hierarchies=10
[2025-11-14 22:10:13,170][src.models.modules.semantic_id.tiger_generation_model][INFO] - [rank: 0] 使用分块生成策略，num_hierarchies=10
[2025-11-14 22:10:13,749][src.models.modules.semantic_id.tiger_generation_model][INFO] - [rank: 0] 使用分块生成策略，num_hierarchies=10
[2025-11-14 22:10:14,331][src.models.modules.semantic_id.tiger_generation_model][INFO] - [rank: 0] 使用分块生成策略，num_hierarchies=10
[2025-11-14 22:10:15,059][src.models.modules.semantic_id.tiger_generation_model][INFO] - [rank: 0] 使用分块生成策略，num_hierarchies=10
[2025-11-14 22:10:15,776][src.models.modules.semantic_id.tiger_generation_model][INFO] - [rank: 0] 使用分块生成策略，num_hierarchies=10
[2025-11-14 22:10:16,334][src.models.modules.semantic_id.tiger_generation_model][INFO] - [rank: 0] 使用分块生成策略，num_hierarchies=10
[2025-11-14 22:10:16,906][src.models.modules.semantic_id.tiger_generation_model][INFO] - [rank: 0] 使用分块生成策略，num_hierarchies=10
[2025-11-14 22:10:17,492][src.models.modules.semantic_id.tiger_generation_model][INFO] - [rank: 0] 使用分块生成策略，num_hierarchies=10
[2025-11-14 22:10:18,079][src.models.modules.semantic_id.tiger_generation_model][INFO] - [rank: 0] 使用分块生成策略，num_hierarchies=10
[2025-11-14 22:10:18,649][src.models.modules.semantic_id.tiger_generation_model][INFO] - [rank: 0] 使用分块生成策略，num_hierarchies=10
[2025-11-14 22:10:19,234][src.models.modules.semantic_id.tiger_generation_model][INFO] - [rank: 0] 使用分块生成策略，num_hierarchies=10
[2025-11-14 22:10:19,808][src.models.modules.semantic_id.tiger_generation_model][INFO] - [rank: 0] 使用分块生成策略，num_hierarchies=10
[2025-11-14 22:10:20,377][src.models.modules.semantic_id.tiger_generation_model][INFO] - [rank: 0] 使用分块生成策略，num_hierarchies=10
[2025-11-14 22:10:21,160][src.models.modules.semantic_id.tiger_generation_model][INFO] - [rank: 0] 使用分块生成策略，num_hierarchies=10
[2025-11-14 22:10:21,813][src.models.modules.semantic_id.tiger_generation_model][INFO] - [rank: 0] 使用分块生成策略，num_hierarchies=10
[2025-11-14 22:10:22,376][src.models.modules.semantic_id.tiger_generation_model][INFO] - [rank: 0] 使用分块生成策略，num_hierarchies=10
[2025-11-14 22:10:22,974][src.models.modules.semantic_id.tiger_generation_model][INFO] - [rank: 0] 使用分块生成策略，num_hierarchies=10
[2025-11-14 22:10:23,585][src.models.modules.semantic_id.tiger_generation_model][INFO] - [rank: 0] 使用分块生成策略，num_hierarchies=10
[2025-11-14 22:10:24,184][src.models.modules.semantic_id.tiger_generation_model][INFO] - [rank: 0] 使用分块生成策略，num_hierarchies=10
[2025-11-14 22:10:24,783][src.models.modules.semantic_id.tiger_generation_model][INFO] - [rank: 0] 使用分块生成策略，num_hierarchies=10
[2025-11-14 22:10:25,421][src.models.modules.semantic_id.tiger_generation_model][INFO] - [rank: 0] 使用分块生成策略，num_hierarchies=10
[2025-11-14 22:10:26,040][src.models.modules.semantic_id.tiger_generation_model][INFO] - [rank: 0] 使用分块生成策略，num_hierarchies=10
[2025-11-14 22:10:26,659][src.models.modules.semantic_id.tiger_generation_model][INFO] - [rank: 0] 使用分块生成策略，num_hierarchies=10
[2025-11-14 22:10:27,281][src.models.modules.semantic_id.tiger_generation_model][INFO] - [rank: 0] 使用分块生成策略，num_hierarchies=10
[2025-11-14 22:10:27,914][src.models.modules.semantic_id.tiger_generation_model][INFO] - [rank: 0] 使用分块生成策略，num_hierarchies=10
[2025-11-14 22:10:28,532][src.models.modules.semantic_id.tiger_generation_model][INFO] - [rank: 0] 使用分块生成策略，num_hierarchies=10
[2025-11-14 22:10:29,142][src.models.modules.semantic_id.tiger_generation_model][INFO] - [rank: 0] 使用分块生成策略，num_hierarchies=10
[2025-11-14 22:10:29,752][src.models.modules.semantic_id.tiger_generation_model][INFO] - [rank: 0] 使用分块生成策略，num_hierarchies=10
[2025-11-14 22:10:30,421][src.models.modules.semantic_id.tiger_generation_model][INFO] - [rank: 0] 使用分块生成策略，num_hierarchies=10
[2025-11-14 22:10:31,220][src.models.modules.semantic_id.tiger_generation_model][INFO] - [rank: 0] 使用分块生成策略，num_hierarchies=10
[2025-11-14 22:10:31,927][src.models.modules.semantic_id.tiger_generation_model][INFO] - [rank: 0] 使用分块生成策略，num_hierarchies=10
[2025-11-14 22:10:32,476][src.models.modules.semantic_id.tiger_generation_model][INFO] - [rank: 0] 使用分块生成策略，num_hierarchies=10
[2025-11-14 22:10:33,084][src.models.modules.semantic_id.tiger_generation_model][INFO] - [rank: 0] 使用分块生成策略，num_hierarchies=10
[2025-11-14 22:10:33,696][src.models.modules.semantic_id.tiger_generation_model][INFO] - [rank: 0] 使用分块生成策略，num_hierarchies=10
[2025-11-14 22:10:34,318][src.models.modules.semantic_id.tiger_generation_model][INFO] - [rank: 0] 使用分块生成策略，num_hierarchies=10
[2025-11-14 22:10:34,922][src.models.modules.semantic_id.tiger_generation_model][INFO] - [rank: 0] 使用分块生成策略，num_hierarchies=10
[2025-11-14 22:10:35,513][src.models.modules.semantic_id.tiger_generation_model][INFO] - [rank: 0] 使用分块生成策略，num_hierarchies=10
[2025-11-14 22:10:36,138][src.models.modules.semantic_id.tiger_generation_model][INFO] - [rank: 0] 使用分块生成策略，num_hierarchies=10
[2025-11-14 22:10:36,758][src.models.modules.semantic_id.tiger_generation_model][INFO] - [rank: 0] 使用分块生成策略，num_hierarchies=10
[2025-11-14 22:10:37,360][src.models.modules.semantic_id.tiger_generation_model][INFO] - [rank: 0] 使用分块生成策略，num_hierarchies=10
[2025-11-14 22:10:37,964][src.models.modules.semantic_id.tiger_generation_model][INFO] - [rank: 0] 使用分块生成策略，num_hierarchies=10
[2025-11-14 22:10:38,563][src.models.modules.semantic_id.tiger_generation_model][INFO] - [rank: 0] 使用分块生成策略，num_hierarchies=10
[2025-11-14 22:10:39,184][src.models.modules.semantic_id.tiger_generation_model][INFO] - [rank: 0] 使用分块生成策略，num_hierarchies=10
[2025-11-14 22:10:39,989][src.models.modules.semantic_id.tiger_generation_model][INFO] - [rank: 0] 使用分块生成策略，num_hierarchies=10
[2025-11-14 22:10:40,761][src.models.modules.semantic_id.tiger_generation_model][INFO] - [rank: 0] 使用分块生成策略，num_hierarchies=10
[2025-11-14 22:10:41,435][src.models.modules.semantic_id.tiger_generation_model][INFO] - [rank: 0] 使用分块生成策略，num_hierarchies=10
[2025-11-14 22:10:41,978][src.models.modules.semantic_id.tiger_generation_model][INFO] - [rank: 0] 使用分块生成策略，num_hierarchies=10
[2025-11-14 22:10:42,591][src.models.modules.semantic_id.tiger_generation_model][INFO] - [rank: 0] 使用分块生成策略，num_hierarchies=10
[2025-11-14 22:10:43,209][src.models.modules.semantic_id.tiger_generation_model][INFO] - [rank: 0] 使用分块生成策略，num_hierarchies=10
[2025-11-14 22:10:43,834][src.models.modules.semantic_id.tiger_generation_model][INFO] - [rank: 0] 使用分块生成策略，num_hierarchies=10
[2025-11-14 22:10:44,431][src.models.modules.semantic_id.tiger_generation_model][INFO] - [rank: 0] 使用分块生成策略，num_hierarchies=10
[2025-11-14 22:10:45,070][src.models.modules.semantic_id.tiger_generation_model][INFO] - [rank: 0] 使用分块生成策略，num_hierarchies=10
[2025-11-14 22:10:45,717][src.models.modules.semantic_id.tiger_generation_model][INFO] - [rank: 0] 使用分块生成策略，num_hierarchies=10
[2025-11-14 22:10:46,316][src.models.modules.semantic_id.tiger_generation_model][INFO] - [rank: 0] 使用分块生成策略，num_hierarchies=10
[2025-11-14 22:10:46,894][src.models.modules.semantic_id.tiger_generation_model][INFO] - [rank: 0] 使用分块生成策略，num_hierarchies=10
[2025-11-14 22:10:47,452][src.models.modules.semantic_id.tiger_generation_model][INFO] - [rank: 0] 使用分块生成策略，num_hierarchies=10
[2025-11-14 22:10:48,011][src.models.modules.semantic_id.tiger_generation_model][INFO] - [rank: 0] 使用分块生成策略，num_hierarchies=10
[2025-11-14 22:10:48,593][src.models.modules.semantic_id.tiger_generation_model][INFO] - [rank: 0] 使用分块生成策略，num_hierarchies=10
[2025-11-14 22:10:49,201][src.models.modules.semantic_id.tiger_generation_model][INFO] - [rank: 0] 使用分块生成策略，num_hierarchies=10
[2025-11-14 22:10:49,743][src.models.modules.semantic_id.tiger_generation_model][INFO] - [rank: 0] 使用分块生成策略，num_hierarchies=10
[2025-11-14 22:10:50,319][src.models.modules.semantic_id.tiger_generation_model][INFO] - [rank: 0] 使用分块生成策略，num_hierarchies=10
[2025-11-14 22:10:50,893][src.models.modules.semantic_id.tiger_generation_model][INFO] - [rank: 0] 使用分块生成策略，num_hierarchies=10
[2025-11-14 22:10:51,502][src.models.modules.semantic_id.tiger_generation_model][INFO] - [rank: 0] 使用分块生成策略，num_hierarchies=10
[2025-11-14 22:10:52,123][src.models.modules.semantic_id.tiger_generation_model][INFO] - [rank: 0] 使用分块生成策略，num_hierarchies=10
[2025-11-14 22:10:52,751][src.models.modules.semantic_id.tiger_generation_model][INFO] - [rank: 0] 使用分块生成策略，num_hierarchies=10
[2025-11-14 22:10:53,368][src.models.modules.semantic_id.tiger_generation_model][INFO] - [rank: 0] 使用分块生成策略，num_hierarchies=10
[2025-11-14 22:10:53,999][src.models.modules.semantic_id.tiger_generation_model][INFO] - [rank: 0] 使用分块生成策略，num_hierarchies=10
[2025-11-14 22:10:54,618][src.models.modules.semantic_id.tiger_generation_model][INFO] - [rank: 0] 使用分块生成策略，num_hierarchies=10
[2025-11-14 22:10:55,235][src.models.modules.semantic_id.tiger_generation_model][INFO] - [rank: 0] 使用分块生成策略，num_hierarchies=10
[2025-11-14 22:10:55,866][src.models.modules.semantic_id.tiger_generation_model][INFO] - [rank: 0] 使用分块生成策略，num_hierarchies=10
[2025-11-14 22:10:56,621][src.models.modules.semantic_id.tiger_generation_model][INFO] - [rank: 0] 使用分块生成策略，num_hierarchies=10
[2025-11-14 22:10:57,409][src.models.modules.semantic_id.tiger_generation_model][INFO] - [rank: 0] 使用分块生成策略，num_hierarchies=10
[2025-11-14 22:10:58,138][src.models.modules.semantic_id.tiger_generation_model][INFO] - [rank: 0] 使用分块生成策略，num_hierarchies=10
[2025-11-14 22:10:58,707][src.models.modules.semantic_id.tiger_generation_model][INFO] - [rank: 0] 使用分块生成策略，num_hierarchies=10
[2025-11-14 22:10:59,306][src.models.modules.semantic_id.tiger_generation_model][INFO] - [rank: 0] 使用分块生成策略，num_hierarchies=10
[2025-11-14 22:10:59,918][src.models.modules.semantic_id.tiger_generation_model][INFO] - [rank: 0] 使用分块生成策略，num_hierarchies=10
[2025-11-14 22:11:00,502][src.models.modules.semantic_id.tiger_generation_model][INFO] - [rank: 0] 使用分块生成策略，num_hierarchies=10
[2025-11-14 22:11:01,089][src.models.modules.semantic_id.tiger_generation_model][INFO] - [rank: 0] 使用分块生成策略，num_hierarchies=10
[2025-11-14 22:11:01,682][src.models.modules.semantic_id.tiger_generation_model][INFO] - [rank: 0] 使用分块生成策略，num_hierarchies=10
[2025-11-14 22:11:02,328][src.models.modules.semantic_id.tiger_generation_model][INFO] - [rank: 0] 使用分块生成策略，num_hierarchies=10
[2025-11-14 22:11:02,948][src.models.modules.semantic_id.tiger_generation_model][INFO] - [rank: 0] 使用分块生成策略，num_hierarchies=10
[2025-11-14 22:11:03,541][src.models.modules.semantic_id.tiger_generation_model][INFO] - [rank: 0] 使用分块生成策略，num_hierarchies=10
[2025-11-14 22:11:04,279][src.models.modules.semantic_id.tiger_generation_model][INFO] - [rank: 0] 使用分块生成策略，num_hierarchies=10
[2025-11-14 22:11:05,220][src.models.modules.semantic_id.tiger_generation_model][INFO] - [rank: 0] 使用分块生成策略，num_hierarchies=10
[2025-11-14 22:11:05,950][src.models.modules.semantic_id.tiger_generation_model][INFO] - [rank: 0] 使用分块生成策略，num_hierarchies=10
[2025-11-14 22:11:06,515][src.models.modules.semantic_id.tiger_generation_model][INFO] - [rank: 0] 使用分块生成策略，num_hierarchies=10
[2025-11-14 22:11:07,181][src.models.modules.semantic_id.tiger_generation_model][INFO] - [rank: 0] 使用分块生成策略，num_hierarchies=10
[2025-11-14 22:11:07,785][src.models.modules.semantic_id.tiger_generation_model][INFO] - [rank: 0] 使用分块生成策略，num_hierarchies=10
[2025-11-14 22:11:08,553][src.models.modules.semantic_id.tiger_generation_model][INFO] - [rank: 0] 使用分块生成策略，num_hierarchies=10
[2025-11-14 22:11:09,354][src.models.modules.semantic_id.tiger_generation_model][INFO] - [rank: 0] 使用分块生成策略，num_hierarchies=10
[2025-11-14 22:11:10,120][src.models.modules.semantic_id.tiger_generation_model][INFO] - [rank: 0] 使用分块生成策略，num_hierarchies=10
[2025-11-14 22:11:10,871][src.models.modules.semantic_id.tiger_generation_model][INFO] - [rank: 0] 使用分块生成策略，num_hierarchies=10
[2025-11-14 22:11:11,588][src.models.modules.semantic_id.tiger_generation_model][INFO] - [rank: 0] 使用分块生成策略，num_hierarchies=10
[2025-11-14 22:11:12,267][src.models.modules.semantic_id.tiger_generation_model][INFO] - [rank: 0] 使用分块生成策略，num_hierarchies=10
[2025-11-14 22:11:12,861][src.models.modules.semantic_id.tiger_generation_model][INFO] - [rank: 0] 使用分块生成策略，num_hierarchies=10
[2025-11-14 22:11:13,462][src.models.modules.semantic_id.tiger_generation_model][INFO] - [rank: 0] 使用分块生成策略，num_hierarchies=10
[2025-11-14 22:11:14,137][src.models.modules.semantic_id.tiger_generation_model][INFO] - [rank: 0] 使用分块生成策略，num_hierarchies=10
[2025-11-14 22:11:14,750][src.models.modules.semantic_id.tiger_generation_model][INFO] - [rank: 0] 使用分块生成策略，num_hierarchies=10
[2025-11-14 22:11:15,383][src.models.modules.semantic_id.tiger_generation_model][INFO] - [rank: 0] 使用分块生成策略，num_hierarchies=10
[2025-11-14 22:11:16,005][src.models.modules.semantic_id.tiger_generation_model][INFO] - [rank: 0] 使用分块生成策略，num_hierarchies=10
[2025-11-14 22:11:16,601][src.models.modules.semantic_id.tiger_generation_model][INFO] - [rank: 0] 使用分块生成策略，num_hierarchies=10
[2025-11-14 22:11:17,198][src.models.modules.semantic_id.tiger_generation_model][INFO] - [rank: 0] 使用分块生成策略，num_hierarchies=10
[2025-11-14 22:11:17,899][src.models.modules.semantic_id.tiger_generation_model][INFO] - [rank: 0] 使用分块生成策略，num_hierarchies=10
[2025-11-14 22:11:18,599][src.models.modules.semantic_id.tiger_generation_model][INFO] - [rank: 0] 使用分块生成策略，num_hierarchies=10
[2025-11-14 22:11:19,374][src.models.modules.semantic_id.tiger_generation_model][INFO] - [rank: 0] 使用分块生成策略，num_hierarchies=10
[2025-11-14 22:11:19,871][src.models.modules.semantic_id.tiger_generation_model][INFO] - [rank: 0] 使用分块生成策略，num_hierarchies=10
[2025-11-14 22:11:20,508][src.models.modules.semantic_id.tiger_generation_model][INFO] - [rank: 0] 使用分块生成策略，num_hierarchies=10
[2025-11-14 22:11:21,102][src.models.modules.semantic_id.tiger_generation_model][INFO] - [rank: 0] 使用分块生成策略，num_hierarchies=10
[2025-11-14 22:11:21,803][src.models.modules.semantic_id.tiger_generation_model][INFO] - [rank: 0] 使用分块生成策略，num_hierarchies=10
[2025-11-14 22:11:22,397][src.models.modules.semantic_id.tiger_generation_model][INFO] - [rank: 0] 使用分块生成策略，num_hierarchies=10
[2025-11-14 22:11:22,991][src.models.modules.semantic_id.tiger_generation_model][INFO] - [rank: 0] 使用分块生成策略，num_hierarchies=10
[2025-11-14 22:11:23,600][src.models.modules.semantic_id.tiger_generation_model][INFO] - [rank: 0] 使用分块生成策略，num_hierarchies=10
[2025-11-14 22:11:24,145][src.models.modules.semantic_id.tiger_generation_model][INFO] - [rank: 0] 使用分块生成策略，num_hierarchies=10
[2025-11-14 22:11:24,761][src.models.modules.semantic_id.tiger_generation_model][INFO] - [rank: 0] 使用分块生成策略，num_hierarchies=10
[2025-11-14 22:11:25,455][src.models.modules.semantic_id.tiger_generation_model][INFO] - [rank: 0] 使用分块生成策略，num_hierarchies=10
[2025-11-14 22:11:26,114][src.models.modules.semantic_id.tiger_generation_model][INFO] - [rank: 0] 使用分块生成策略，num_hierarchies=10
[2025-11-14 22:11:26,673][src.models.modules.semantic_id.tiger_generation_model][INFO] - [rank: 0] 使用分块生成策略，num_hierarchies=10
[2025-11-14 22:11:27,332][src.models.modules.semantic_id.tiger_generation_model][INFO] - [rank: 0] 使用分块生成策略，num_hierarchies=10
[2025-11-14 22:11:27,961][src.models.modules.semantic_id.tiger_generation_model][INFO] - [rank: 0] 使用分块生成策略，num_hierarchies=10
[2025-11-14 22:11:28,620][src.models.modules.semantic_id.tiger_generation_model][INFO] - [rank: 0] 使用分块生成策略，num_hierarchies=10
[2025-11-14 22:11:29,343][src.models.modules.semantic_id.tiger_generation_model][INFO] - [rank: 0] 使用分块生成策略，num_hierarchies=10
[2025-11-14 22:11:30,080][src.models.modules.semantic_id.tiger_generation_model][INFO] - [rank: 0] 使用分块生成策略，num_hierarchies=10
[2025-11-14 22:11:30,715][src.models.modules.semantic_id.tiger_generation_model][INFO] - [rank: 0] 使用分块生成策略，num_hierarchies=10
[2025-11-14 22:11:31,273][src.models.modules.semantic_id.tiger_generation_model][INFO] - [rank: 0] 使用分块生成策略，num_hierarchies=10
[2025-11-14 22:11:31,835][src.models.modules.semantic_id.tiger_generation_model][INFO] - [rank: 0] 使用分块生成策略，num_hierarchies=10
[2025-11-14 22:11:32,422][src.models.modules.semantic_id.tiger_generation_model][INFO] - [rank: 0] 使用分块生成策略，num_hierarchies=10
[2025-11-14 22:11:33,321][src.models.modules.semantic_id.tiger_generation_model][INFO] - [rank: 0] 使用分块生成策略，num_hierarchies=10
[2025-11-14 22:11:33,974][src.models.modules.semantic_id.tiger_generation_model][INFO] - [rank: 0] 使用分块生成策略，num_hierarchies=10
[2025-11-14 22:11:34,689][src.models.modules.semantic_id.tiger_generation_model][INFO] - [rank: 0] 使用分块生成策略，num_hierarchies=10
[2025-11-14 22:11:35,268][src.models.modules.semantic_id.tiger_generation_model][INFO] - [rank: 0] 使用分块生成策略，num_hierarchies=10
[2025-11-14 22:11:35,938][src.models.modules.semantic_id.tiger_generation_model][INFO] - [rank: 0] 使用分块生成策略，num_hierarchies=10
[2025-11-14 22:11:36,583][src.models.modules.semantic_id.tiger_generation_model][INFO] - [rank: 0] 使用分块生成策略，num_hierarchies=10
[2025-11-14 22:11:37,155][src.models.modules.semantic_id.tiger_generation_model][INFO] - [rank: 0] 使用分块生成策略，num_hierarchies=10
[2025-11-14 22:11:37,734][src.models.modules.semantic_id.tiger_generation_model][INFO] - [rank: 0] 使用分块生成策略，num_hierarchies=10
[2025-11-14 22:11:38,319][src.models.modules.semantic_id.tiger_generation_model][INFO] - [rank: 0] 使用分块生成策略，num_hierarchies=10
[2025-11-14 22:11:38,890][src.models.modules.semantic_id.tiger_generation_model][INFO] - [rank: 0] 使用分块生成策略，num_hierarchies=10
[2025-11-14 22:11:39,453][src.models.modules.semantic_id.tiger_generation_model][INFO] - [rank: 0] 使用分块生成策略，num_hierarchies=10
[2025-11-14 22:11:40,026][src.models.modules.semantic_id.tiger_generation_model][INFO] - [rank: 0] 使用分块生成策略，num_hierarchies=10
[2025-11-14 22:11:40,628][src.models.modules.semantic_id.tiger_generation_model][INFO] - [rank: 0] 使用分块生成策略，num_hierarchies=10
[2025-11-14 22:11:41,216][src.models.modules.semantic_id.tiger_generation_model][INFO] - [rank: 0] 使用分块生成策略，num_hierarchies=10
[2025-11-14 22:11:42,017][src.models.modules.semantic_id.tiger_generation_model][INFO] - [rank: 0] 使用分块生成策略，num_hierarchies=10
[2025-11-14 22:11:42,632][src.models.modules.semantic_id.tiger_generation_model][INFO] - [rank: 0] 使用分块生成策略，num_hierarchies=10
[2025-11-14 22:11:43,342][src.models.modules.semantic_id.tiger_generation_model][INFO] - [rank: 0] 使用分块生成策略，num_hierarchies=10
[2025-11-14 22:11:43,900][src.models.modules.semantic_id.tiger_generation_model][INFO] - [rank: 0] 使用分块生成策略，num_hierarchies=10
[2025-11-14 22:11:44,483][src.models.modules.semantic_id.tiger_generation_model][INFO] - [rank: 0] 使用分块生成策略，num_hierarchies=10
[2025-11-14 22:11:45,039][src.models.modules.semantic_id.tiger_generation_model][INFO] - [rank: 0] 使用分块生成策略，num_hierarchies=10
[2025-11-14 22:11:45,623][src.models.modules.semantic_id.tiger_generation_model][INFO] - [rank: 0] 使用分块生成策略，num_hierarchies=10
[2025-11-14 22:11:46,212][src.models.modules.semantic_id.tiger_generation_model][INFO] - [rank: 0] 使用分块生成策略，num_hierarchies=10
[2025-11-14 22:11:46,822][src.models.modules.semantic_id.tiger_generation_model][INFO] - [rank: 0] 使用分块生成策略，num_hierarchies=10
[2025-11-14 22:11:47,409][src.models.modules.semantic_id.tiger_generation_model][INFO] - [rank: 0] 使用分块生成策略，num_hierarchies=10
[2025-11-14 22:11:47,947][src.models.modules.semantic_id.tiger_generation_model][INFO] - [rank: 0] 使用分块生成策略，num_hierarchies=10
[2025-11-14 22:11:48,507][src.models.modules.semantic_id.tiger_generation_model][INFO] - [rank: 0] 使用分块生成策略，num_hierarchies=10
[2025-11-14 22:11:49,050][src.models.modules.semantic_id.tiger_generation_model][INFO] - [rank: 0] 使用分块生成策略，num_hierarchies=10
[2025-11-14 22:11:49,768][src.models.modules.semantic_id.tiger_generation_model][INFO] - [rank: 0] 使用分块生成策略，num_hierarchies=10
[2025-11-14 22:11:50,387][src.models.modules.semantic_id.tiger_generation_model][INFO] - [rank: 0] 使用分块生成策略，num_hierarchies=10
[2025-11-14 22:11:50,905][src.models.modules.semantic_id.tiger_generation_model][INFO] - [rank: 0] 使用分块生成策略，num_hierarchies=10
[2025-11-14 22:11:51,451][src.models.modules.semantic_id.tiger_generation_model][INFO] - [rank: 0] 使用分块生成策略，num_hierarchies=10
[2025-11-14 22:11:51,998][src.models.modules.semantic_id.tiger_generation_model][INFO] - [rank: 0] 使用分块生成策略，num_hierarchies=10
[2025-11-14 22:11:52,550][src.models.modules.semantic_id.tiger_generation_model][INFO] - [rank: 0] 使用分块生成策略，num_hierarchies=10
[2025-11-14 22:11:53,150][src.models.modules.semantic_id.tiger_generation_model][INFO] - [rank: 0] 使用分块生成策略，num_hierarchies=10
[2025-11-14 22:11:53,745][src.models.modules.semantic_id.tiger_generation_model][INFO] - [rank: 0] 使用分块生成策略，num_hierarchies=10
[2025-11-14 22:11:54,328][src.models.modules.semantic_id.tiger_generation_model][INFO] - [rank: 0] 使用分块生成策略，num_hierarchies=10
[2025-11-14 22:11:54,932][src.models.modules.semantic_id.tiger_generation_model][INFO] - [rank: 0] 使用分块生成策略，num_hierarchies=10
[2025-11-14 22:11:55,520][src.models.modules.semantic_id.tiger_generation_model][INFO] - [rank: 0] 使用分块生成策略，num_hierarchies=10
[2025-11-14 22:11:56,169][src.models.modules.semantic_id.tiger_generation_model][INFO] - [rank: 0] 使用分块生成策略，num_hierarchies=10
[2025-11-14 22:11:56,760][src.models.modules.semantic_id.tiger_generation_model][INFO] - [rank: 0] 使用分块生成策略，num_hierarchies=10
[2025-11-14 22:11:57,446][src.models.modules.semantic_id.tiger_generation_model][INFO] - [rank: 0] 使用分块生成策略，num_hierarchies=10
[2025-11-14 22:11:58,221][src.models.modules.semantic_id.tiger_generation_model][INFO] - [rank: 0] 使用分块生成策略，num_hierarchies=10
[2025-11-14 22:11:58,925][src.models.modules.semantic_id.tiger_generation_model][INFO] - [rank: 0] 使用分块生成策略，num_hierarchies=10
[2025-11-14 22:11:59,525][src.models.modules.semantic_id.tiger_generation_model][INFO] - [rank: 0] 使用分块生成策略，num_hierarchies=10
[2025-11-14 22:12:00,169][src.models.modules.semantic_id.tiger_generation_model][INFO] - [rank: 0] 使用分块生成策略，num_hierarchies=10
[2025-11-14 22:12:00,822][src.models.modules.semantic_id.tiger_generation_model][INFO] - [rank: 0] 使用分块生成策略，num_hierarchies=10
[2025-11-14 22:12:01,560][src.models.modules.semantic_id.tiger_generation_model][INFO] - [rank: 0] 使用分块生成策略，num_hierarchies=10
[2025-11-14 22:12:02,291][src.models.modules.semantic_id.tiger_generation_model][INFO] - [rank: 0] 使用分块生成策略，num_hierarchies=10
[2025-11-14 22:12:02,898][src.models.modules.semantic_id.tiger_generation_model][INFO] - [rank: 0] 使用分块生成策略，num_hierarchies=10
[2025-11-14 22:12:03,592][src.models.modules.semantic_id.tiger_generation_model][INFO] - [rank: 0] 使用分块生成策略，num_hierarchies=10
[2025-11-14 22:12:04,200][src.models.modules.semantic_id.tiger_generation_model][INFO] - [rank: 0] 使用分块生成策略，num_hierarchies=10
[2025-11-14 22:12:05,044][src.models.modules.semantic_id.tiger_generation_model][INFO] - [rank: 0] 使用分块生成策略，num_hierarchies=10
[2025-11-14 22:12:05,874][src.models.modules.semantic_id.tiger_generation_model][INFO] - [rank: 0] 使用分块生成策略，num_hierarchies=10
[2025-11-14 22:12:06,559][src.models.modules.semantic_id.tiger_generation_model][INFO] - [rank: 0] 使用分块生成策略，num_hierarchies=10
[2025-11-14 22:12:07,192][src.models.modules.semantic_id.tiger_generation_model][INFO] - [rank: 0] 使用分块生成策略，num_hierarchies=10
[2025-11-14 22:12:07,801][src.models.modules.semantic_id.tiger_generation_model][INFO] - [rank: 0] 使用分块生成策略，num_hierarchies=10
[2025-11-14 22:12:08,431][src.models.modules.semantic_id.tiger_generation_model][INFO] - [rank: 0] 使用分块生成策略，num_hierarchies=10
[2025-11-14 22:12:09,035][src.models.modules.semantic_id.tiger_generation_model][INFO] - [rank: 0] 使用分块生成策略，num_hierarchies=10
[2025-11-14 22:12:09,609][src.models.modules.semantic_id.tiger_generation_model][INFO] - [rank: 0] 使用分块生成策略，num_hierarchies=10
[2025-11-14 22:12:10,171][src.models.modules.semantic_id.tiger_generation_model][INFO] - [rank: 0] 使用分块生成策略，num_hierarchies=10
[2025-11-14 22:12:10,769][src.models.modules.semantic_id.tiger_generation_model][INFO] - [rank: 0] 使用分块生成策略，num_hierarchies=10
[2025-11-14 22:12:11,412][src.models.modules.semantic_id.tiger_generation_model][INFO] - [rank: 0] 使用分块生成策略，num_hierarchies=10
[2025-11-14 22:12:12,073][src.models.modules.semantic_id.tiger_generation_model][INFO] - [rank: 0] 使用分块生成策略，num_hierarchies=10
[2025-11-14 22:12:12,718][src.models.modules.semantic_id.tiger_generation_model][INFO] - [rank: 0] 使用分块生成策略，num_hierarchies=10
[2025-11-14 22:12:13,425][src.models.modules.semantic_id.tiger_generation_model][INFO] - [rank: 0] 使用分块生成策略，num_hierarchies=10
[2025-11-14 22:12:14,210][src.models.modules.semantic_id.tiger_generation_model][INFO] - [rank: 0] 使用分块生成策略，num_hierarchies=10
[2025-11-14 22:12:14,872][src.models.modules.semantic_id.tiger_generation_model][INFO] - [rank: 0] 使用分块生成策略，num_hierarchies=10
[2025-11-14 22:12:15,534][src.models.modules.semantic_id.tiger_generation_model][INFO] - [rank: 0] 使用分块生成策略，num_hierarchies=10
[2025-11-14 22:12:16,135][src.models.modules.semantic_id.tiger_generation_model][INFO] - [rank: 0] 使用分块生成策略，num_hierarchies=10
[2025-11-14 22:12:16,730][src.models.modules.semantic_id.tiger_generation_model][INFO] - [rank: 0] 使用分块生成策略，num_hierarchies=10
[2025-11-14 22:12:17,322][src.models.modules.semantic_id.tiger_generation_model][INFO] - [rank: 0] 使用分块生成策略，num_hierarchies=10
[2025-11-14 22:12:17,935][src.models.modules.semantic_id.tiger_generation_model][INFO] - [rank: 0] 使用分块生成策略，num_hierarchies=10
[2025-11-14 22:12:18,520][src.models.modules.semantic_id.tiger_generation_model][INFO] - [rank: 0] 使用分块生成策略，num_hierarchies=10
[2025-11-14 22:12:19,121][src.models.modules.semantic_id.tiger_generation_model][INFO] - [rank: 0] 使用分块生成策略，num_hierarchies=10
[2025-11-14 22:12:19,707][src.models.modules.semantic_id.tiger_generation_model][INFO] - [rank: 0] 使用分块生成策略，num_hierarchies=10
[2025-11-14 22:12:20,400][src.models.modules.semantic_id.tiger_generation_model][INFO] - [rank: 0] 使用分块生成策略，num_hierarchies=10
[2025-11-14 22:12:21,066][src.models.modules.semantic_id.tiger_generation_model][INFO] - [rank: 0] 使用分块生成策略，num_hierarchies=10
[2025-11-14 22:12:21,707][src.models.modules.semantic_id.tiger_generation_model][INFO] - [rank: 0] 使用分块生成策略，num_hierarchies=10
[2025-11-14 22:12:22,491][src.models.modules.semantic_id.tiger_generation_model][INFO] - [rank: 0] 使用分块生成策略，num_hierarchies=10
[2025-11-14 22:12:23,149][src.models.modules.semantic_id.tiger_generation_model][INFO] - [rank: 0] 使用分块生成策略，num_hierarchies=10
[2025-11-14 22:12:23,739][src.models.modules.semantic_id.tiger_generation_model][INFO] - [rank: 0] 使用分块生成策略，num_hierarchies=10
[2025-11-14 22:12:24,333][src.models.modules.semantic_id.tiger_generation_model][INFO] - [rank: 0] 使用分块生成策略，num_hierarchies=10
[2025-11-14 22:12:24,915][src.models.modules.semantic_id.tiger_generation_model][INFO] - [rank: 0] 使用分块生成策略，num_hierarchies=10
[2025-11-14 22:12:25,510][src.models.modules.semantic_id.tiger_generation_model][INFO] - [rank: 0] 使用分块生成策略，num_hierarchies=10
[2025-11-14 22:12:26,104][src.models.modules.semantic_id.tiger_generation_model][INFO] - [rank: 0] 使用分块生成策略，num_hierarchies=10
[2025-11-14 22:12:26,702][src.models.modules.semantic_id.tiger_generation_model][INFO] - [rank: 0] 使用分块生成策略，num_hierarchies=10
[2025-11-14 22:12:27,286][src.models.modules.semantic_id.tiger_generation_model][INFO] - [rank: 0] 使用分块生成策略，num_hierarchies=10
[2025-11-14 22:12:27,874][src.models.modules.semantic_id.tiger_generation_model][INFO] - [rank: 0] 使用分块生成策略，num_hierarchies=10
[2025-11-14 22:12:28,542][src.models.modules.semantic_id.tiger_generation_model][INFO] - [rank: 0] 使用分块生成策略，num_hierarchies=10
[2025-11-14 22:12:29,216][src.models.modules.semantic_id.tiger_generation_model][INFO] - [rank: 0] 使用分块生成策略，num_hierarchies=10
[2025-11-14 22:12:29,854][src.models.modules.semantic_id.tiger_generation_model][INFO] - [rank: 0] 使用分块生成策略，num_hierarchies=10
[2025-11-14 22:12:30,718][src.models.modules.semantic_id.tiger_generation_model][INFO] - [rank: 0] 使用分块生成策略，num_hierarchies=10
[2025-11-14 22:12:31,560][src.models.modules.semantic_id.tiger_generation_model][INFO] - [rank: 0] 使用分块生成策略，num_hierarchies=10
[2025-11-14 22:12:32,253][src.models.modules.semantic_id.tiger_generation_model][INFO] - [rank: 0] 使用分块生成策略，num_hierarchies=10
[2025-11-14 22:12:32,884][src.models.modules.semantic_id.tiger_generation_model][INFO] - [rank: 0] 使用分块生成策略，num_hierarchies=10
[2025-11-14 22:12:33,492][src.models.modules.semantic_id.tiger_generation_model][INFO] - [rank: 0] 使用分块生成策略，num_hierarchies=10
[2025-11-14 22:12:34,101][src.models.modules.semantic_id.tiger_generation_model][INFO] - [rank: 0] 使用分块生成策略，num_hierarchies=10
[2025-11-14 22:12:34,719][src.models.modules.semantic_id.tiger_generation_model][INFO] - [rank: 0] 使用分块生成策略，num_hierarchies=10
[2025-11-14 22:12:35,375][src.models.modules.semantic_id.tiger_generation_model][INFO] - [rank: 0] 使用分块生成策略，num_hierarchies=10
[2025-11-14 22:12:35,969][src.models.modules.semantic_id.tiger_generation_model][INFO] - [rank: 0] 使用分块生成策略，num_hierarchies=10
[2025-11-14 22:12:36,623][src.models.modules.semantic_id.tiger_generation_model][INFO] - [rank: 0] 使用分块生成策略，num_hierarchies=10
[2025-11-14 22:12:37,314][src.models.modules.semantic_id.tiger_generation_model][INFO] - [rank: 0] 使用分块生成策略，num_hierarchies=10
[2025-11-14 22:12:38,167][src.models.modules.semantic_id.tiger_generation_model][INFO] - [rank: 0] 使用分块生成策略，num_hierarchies=10
[2025-11-14 22:12:38,770][src.models.modules.semantic_id.tiger_generation_model][INFO] - [rank: 0] 使用分块生成策略，num_hierarchies=10
[2025-11-14 22:12:39,455][src.models.modules.semantic_id.tiger_generation_model][INFO] - [rank: 0] 使用分块生成策略，num_hierarchies=10
[2025-11-14 22:12:39,998][src.models.modules.semantic_id.tiger_generation_model][INFO] - [rank: 0] 使用分块生成策略，num_hierarchies=10
[2025-11-14 22:12:40,587][src.models.modules.semantic_id.tiger_generation_model][INFO] - [rank: 0] 使用分块生成策略，num_hierarchies=10
[2025-11-14 22:12:41,359][src.models.modules.semantic_id.tiger_generation_model][INFO] - [rank: 0] 使用分块生成策略，num_hierarchies=10
[2025-11-14 22:12:41,962][src.models.modules.semantic_id.tiger_generation_model][INFO] - [rank: 0] 使用分块生成策略，num_hierarchies=10
[2025-11-14 22:12:42,552][src.models.modules.semantic_id.tiger_generation_model][INFO] - [rank: 0] 使用分块生成策略，num_hierarchies=10
[2025-11-14 22:12:43,140][src.models.modules.semantic_id.tiger_generation_model][INFO] - [rank: 0] 使用分块生成策略，num_hierarchies=10
[2025-11-14 22:12:43,727][src.models.modules.semantic_id.tiger_generation_model][INFO] - [rank: 0] 使用分块生成策略，num_hierarchies=10
[2025-11-14 22:12:44,320][src.models.modules.semantic_id.tiger_generation_model][INFO] - [rank: 0] 使用分块生成策略，num_hierarchies=10
[2025-11-14 22:12:44,960][src.models.modules.semantic_id.tiger_generation_model][INFO] - [rank: 0] 使用分块生成策略，num_hierarchies=10
[2025-11-14 22:12:45,506][src.models.modules.semantic_id.tiger_generation_model][INFO] - [rank: 0] 使用分块生成策略，num_hierarchies=10
[2025-11-14 22:12:46,178][src.models.modules.semantic_id.tiger_generation_model][INFO] - [rank: 0] 使用分块生成策略，num_hierarchies=10
[2025-11-14 22:12:46,757][src.models.modules.semantic_id.tiger_generation_model][INFO] - [rank: 0] 使用分块生成策略，num_hierarchies=10
[2025-11-14 22:12:47,448][src.models.modules.semantic_id.tiger_generation_model][INFO] - [rank: 0] 使用分块生成策略，num_hierarchies=10
[2025-11-14 22:12:48,142][src.models.modules.semantic_id.tiger_generation_model][INFO] - [rank: 0] 使用分块生成策略，num_hierarchies=10
[2025-11-14 22:12:48,768][src.models.modules.semantic_id.tiger_generation_model][INFO] - [rank: 0] 使用分块生成策略，num_hierarchies=10
[2025-11-14 22:12:49,372][src.models.modules.semantic_id.tiger_generation_model][INFO] - [rank: 0] 使用分块生成策略，num_hierarchies=10
[2025-11-14 22:12:50,035][src.models.modules.semantic_id.tiger_generation_model][INFO] - [rank: 0] 使用分块生成策略，num_hierarchies=10
[2025-11-14 22:12:50,655][src.models.modules.semantic_id.tiger_generation_model][INFO] - [rank: 0] 使用分块生成策略，num_hierarchies=10
[2025-11-14 22:12:51,273][src.models.modules.semantic_id.tiger_generation_model][INFO] - [rank: 0] 使用分块生成策略，num_hierarchies=10
[2025-11-14 22:12:51,886][src.models.modules.semantic_id.tiger_generation_model][INFO] - [rank: 0] 使用分块生成策略，num_hierarchies=10
[2025-11-14 22:12:52,519][src.models.modules.semantic_id.tiger_generation_model][INFO] - [rank: 0] 使用分块生成策略，num_hierarchies=10
[2025-11-14 22:12:53,356][src.models.modules.semantic_id.tiger_generation_model][INFO] - [rank: 0] 使用分块生成策略，num_hierarchies=10
[2025-11-14 22:12:54,124][src.models.modules.semantic_id.tiger_generation_model][INFO] - [rank: 0] 使用分块生成策略，num_hierarchies=10
[2025-11-14 22:12:54,757][src.models.modules.semantic_id.tiger_generation_model][INFO] - [rank: 0] 使用分块生成策略，num_hierarchies=10
[2025-11-14 22:12:55,411][src.models.modules.semantic_id.tiger_generation_model][INFO] - [rank: 0] 使用分块生成策略，num_hierarchies=10
[2025-11-14 22:12:56,067][src.models.modules.semantic_id.tiger_generation_model][INFO] - [rank: 0] 使用分块生成策略，num_hierarchies=10
[2025-11-14 22:12:56,704][src.models.modules.semantic_id.tiger_generation_model][INFO] - [rank: 0] 使用分块生成策略，num_hierarchies=10
[2025-11-14 22:12:57,336][src.models.modules.semantic_id.tiger_generation_model][INFO] - [rank: 0] 使用分块生成策略，num_hierarchies=10
[2025-11-14 22:12:58,281][src.models.modules.semantic_id.tiger_generation_model][INFO] - [rank: 0] 使用分块生成策略，num_hierarchies=10
[2025-11-14 22:12:58,926][src.models.modules.semantic_id.tiger_generation_model][INFO] - [rank: 0] 使用分块生成策略，num_hierarchies=10
[2025-11-14 22:12:59,646][src.models.modules.semantic_id.tiger_generation_model][INFO] - [rank: 0] 使用分块生成策略，num_hierarchies=10
[2025-11-14 22:13:00,266][src.models.modules.semantic_id.tiger_generation_model][INFO] - [rank: 0] 使用分块生成策略，num_hierarchies=10
[2025-11-14 22:13:00,841][src.models.modules.semantic_id.tiger_generation_model][INFO] - [rank: 0] 使用分块生成策略，num_hierarchies=10
[2025-11-14 22:13:01,384][src.models.modules.semantic_id.tiger_generation_model][INFO] - [rank: 0] 使用分块生成策略，num_hierarchies=10
[2025-11-14 22:13:01,919][src.models.modules.semantic_id.tiger_generation_model][INFO] - [rank: 0] 使用分块生成策略，num_hierarchies=10
[2025-11-14 22:13:02,466][src.models.modules.semantic_id.tiger_generation_model][INFO] - [rank: 0] 使用分块生成策略，num_hierarchies=10
[2025-11-14 22:13:03,098][src.models.modules.semantic_id.tiger_generation_model][INFO] - [rank: 0] 使用分块生成策略，num_hierarchies=10
[2025-11-14 22:13:03,728][src.models.modules.semantic_id.tiger_generation_model][INFO] - [rank: 0] 使用分块生成策略，num_hierarchies=10
[2025-11-14 22:13:04,546][src.models.modules.semantic_id.tiger_generation_model][INFO] - [rank: 0] 使用分块生成策略，num_hierarchies=10
[2025-11-14 22:13:05,130][src.models.modules.semantic_id.tiger_generation_model][INFO] - [rank: 0] 使用分块生成策略，num_hierarchies=10
[2025-11-14 22:13:05,886][src.models.modules.semantic_id.tiger_generation_model][INFO] - [rank: 0] 使用分块生成策略，num_hierarchies=10
[2025-11-14 22:13:06,474][src.models.modules.semantic_id.tiger_generation_model][INFO] - [rank: 0] 使用分块生成策略，num_hierarchies=10
[2025-11-14 22:13:07,154][src.models.modules.semantic_id.tiger_generation_model][INFO] - [rank: 0] 使用分块生成策略，num_hierarchies=10
[2025-11-14 22:13:07,747][src.models.modules.semantic_id.tiger_generation_model][INFO] - [rank: 0] 使用分块生成策略，num_hierarchies=10
[2025-11-14 22:13:08,340][src.models.modules.semantic_id.tiger_generation_model][INFO] - [rank: 0] 使用分块生成策略，num_hierarchies=10
[2025-11-14 22:13:08,950][src.models.modules.semantic_id.tiger_generation_model][INFO] - [rank: 0] 使用分块生成策略，num_hierarchies=10
[2025-11-14 22:13:09,607][src.models.modules.semantic_id.tiger_generation_model][INFO] - [rank: 0] 使用分块生成策略，num_hierarchies=10
[2025-11-14 22:13:10,212][src.models.modules.semantic_id.tiger_generation_model][INFO] - [rank: 0] 使用分块生成策略，num_hierarchies=10
[2025-11-14 22:13:10,862][src.models.modules.semantic_id.tiger_generation_model][INFO] - [rank: 0] 使用分块生成策略，num_hierarchies=10
[2025-11-14 22:13:11,510][src.models.modules.semantic_id.tiger_generation_model][INFO] - [rank: 0] 使用分块生成策略，num_hierarchies=10
[2025-11-14 22:13:12,537][src.models.modules.semantic_id.tiger_generation_model][INFO] - [rank: 0] 使用分块生成策略，num_hierarchies=10
[2025-11-14 22:13:13,463][src.models.modules.semantic_id.tiger_generation_model][INFO] - [rank: 0] 使用分块生成策略，num_hierarchies=10
[2025-11-14 22:13:14,182][src.models.modules.semantic_id.tiger_generation_model][INFO] - [rank: 0] 使用分块生成策略，num_hierarchies=10
[2025-11-14 22:13:14,850][src.models.modules.semantic_id.tiger_generation_model][INFO] - [rank: 0] 使用分块生成策略，num_hierarchies=10
[2025-11-14 22:13:15,487][src.models.modules.semantic_id.tiger_generation_model][INFO] - [rank: 0] 使用分块生成策略，num_hierarchies=10
[2025-11-14 22:13:16,143][src.models.modules.semantic_id.tiger_generation_model][INFO] - [rank: 0] 使用分块生成策略，num_hierarchies=10
[2025-11-14 22:13:16,780][src.models.modules.semantic_id.tiger_generation_model][INFO] - [rank: 0] 使用分块生成策略，num_hierarchies=10
[2025-11-14 22:13:17,498][src.models.modules.semantic_id.tiger_generation_model][INFO] - [rank: 0] 使用分块生成策略，num_hierarchies=10
[2025-11-14 22:13:18,203][src.models.modules.semantic_id.tiger_generation_model][INFO] - [rank: 0] 使用分块生成策略，num_hierarchies=10
[2025-11-14 22:13:18,880][src.models.modules.semantic_id.tiger_generation_model][INFO] - [rank: 0] 使用分块生成策略，num_hierarchies=10
[2025-11-14 22:13:19,519][src.models.modules.semantic_id.tiger_generation_model][INFO] - [rank: 0] 使用分块生成策略，num_hierarchies=10
[2025-11-14 22:13:20,332][src.models.modules.semantic_id.tiger_generation_model][INFO] - [rank: 0] 使用分块生成策略，num_hierarchies=10
[2025-11-14 22:13:21,122][src.models.modules.semantic_id.tiger_generation_model][INFO] - [rank: 0] 使用分块生成策略，num_hierarchies=10
[2025-11-14 22:13:21,840][src.models.modules.semantic_id.tiger_generation_model][INFO] - [rank: 0] 使用分块生成策略，num_hierarchies=10
[2025-11-14 22:13:22,496][src.models.modules.semantic_id.tiger_generation_model][INFO] - [rank: 0] 使用分块生成策略，num_hierarchies=10
[2025-11-14 22:13:23,112][src.models.modules.semantic_id.tiger_generation_model][INFO] - [rank: 0] 使用分块生成策略，num_hierarchies=10
[2025-11-14 22:13:23,693][src.models.modules.semantic_id.tiger_generation_model][INFO] - [rank: 0] 使用分块生成策略，num_hierarchies=10
[2025-11-14 22:13:24,324][src.models.modules.semantic_id.tiger_generation_model][INFO] - [rank: 0] 使用分块生成策略，num_hierarchies=10
[2025-11-14 22:13:24,943][src.models.modules.semantic_id.tiger_generation_model][INFO] - [rank: 0] 使用分块生成策略，num_hierarchies=10
[2025-11-14 22:13:25,535][src.models.modules.semantic_id.tiger_generation_model][INFO] - [rank: 0] 使用分块生成策略，num_hierarchies=10
[2025-11-14 22:13:26,165][src.models.modules.semantic_id.tiger_generation_model][INFO] - [rank: 0] 使用分块生成策略，num_hierarchies=10
[2025-11-14 22:13:26,782][src.models.modules.semantic_id.tiger_generation_model][INFO] - [rank: 0] 使用分块生成策略，num_hierarchies=10
[2025-11-14 22:13:27,432][src.models.modules.semantic_id.tiger_generation_model][INFO] - [rank: 0] 使用分块生成策略，num_hierarchies=10
[2025-11-14 22:13:28,080][src.models.modules.semantic_id.tiger_generation_model][INFO] - [rank: 0] 使用分块生成策略，num_hierarchies=10
[2025-11-14 22:13:28,909][src.models.modules.semantic_id.tiger_generation_model][INFO] - [rank: 0] 使用分块生成策略，num_hierarchies=10
[2025-11-14 22:13:29,488][src.models.modules.semantic_id.tiger_generation_model][INFO] - [rank: 0] 使用分块生成策略，num_hierarchies=10
[2025-11-14 22:13:30,224][src.models.modules.semantic_id.tiger_generation_model][INFO] - [rank: 0] 使用分块生成策略，num_hierarchies=10
[2025-11-14 22:13:30,782][src.models.modules.semantic_id.tiger_generation_model][INFO] - [rank: 0] 使用分块生成策略，num_hierarchies=10
[2025-11-14 22:13:31,401][src.models.modules.semantic_id.tiger_generation_model][INFO] - [rank: 0] 使用分块生成策略，num_hierarchies=10
[2025-11-14 22:13:31,980][src.models.modules.semantic_id.tiger_generation_model][INFO] - [rank: 0] 使用分块生成策略，num_hierarchies=10
[2025-11-14 22:13:32,591][src.models.modules.semantic_id.tiger_generation_model][INFO] - [rank: 0] 使用分块生成策略，num_hierarchies=10
[2025-11-14 22:13:33,210][src.models.modules.semantic_id.tiger_generation_model][INFO] - [rank: 0] 使用分块生成策略，num_hierarchies=10
[2025-11-14 22:13:33,823][src.models.modules.semantic_id.tiger_generation_model][INFO] - [rank: 0] 使用分块生成策略，num_hierarchies=10
[2025-11-14 22:13:34,417][src.models.modules.semantic_id.tiger_generation_model][INFO] - [rank: 0] 使用分块生成策略，num_hierarchies=10
[2025-11-14 22:13:35,049][src.models.modules.semantic_id.tiger_generation_model][INFO] - [rank: 0] 使用分块生成策略，num_hierarchies=10
[2025-11-14 22:13:35,711][src.models.modules.semantic_id.tiger_generation_model][INFO] - [rank: 0] 使用分块生成策略，num_hierarchies=10
[2025-11-14 22:13:36,390][src.models.modules.semantic_id.tiger_generation_model][INFO] - [rank: 0] 使用分块生成策略，num_hierarchies=10
[2025-11-14 22:13:37,040][src.models.modules.semantic_id.tiger_generation_model][INFO] - [rank: 0] 使用分块生成策略，num_hierarchies=10
[2025-11-14 22:13:37,945][src.models.modules.semantic_id.tiger_generation_model][INFO] - [rank: 0] 使用分块生成策略，num_hierarchies=10
[2025-11-14 22:13:38,658][src.models.modules.semantic_id.tiger_generation_model][INFO] - [rank: 0] 使用分块生成策略，num_hierarchies=10
[2025-11-14 22:13:39,330][src.models.modules.semantic_id.tiger_generation_model][INFO] - [rank: 0] 使用分块生成策略，num_hierarchies=10
[2025-11-14 22:13:39,938][src.models.modules.semantic_id.tiger_generation_model][INFO] - [rank: 0] 使用分块生成策略，num_hierarchies=10
[2025-11-14 22:13:40,602][src.models.modules.semantic_id.tiger_generation_model][INFO] - [rank: 0] 使用分块生成策略，num_hierarchies=10
[2025-11-14 22:13:41,418][src.models.modules.semantic_id.tiger_generation_model][INFO] - [rank: 0] 使用分块生成策略，num_hierarchies=10
[2025-11-14 22:13:42,247][src.models.modules.semantic_id.tiger_generation_model][INFO] - [rank: 0] 使用分块生成策略，num_hierarchies=10
[2025-11-14 22:13:43,069][src.models.modules.semantic_id.tiger_generation_model][INFO] - [rank: 0] 使用分块生成策略，num_hierarchies=10
[2025-11-14 22:13:43,923][src.models.modules.semantic_id.tiger_generation_model][INFO] - [rank: 0] 使用分块生成策略，num_hierarchies=10
[2025-11-14 22:13:44,580][src.models.modules.semantic_id.tiger_generation_model][INFO] - [rank: 0] 使用分块生成策略，num_hierarchies=10
[2025-11-14 22:13:45,572][src.models.modules.semantic_id.tiger_generation_model][INFO] - [rank: 0] 使用分块生成策略，num_hierarchies=10
[2025-11-14 22:13:46,369][src.models.modules.semantic_id.tiger_generation_model][INFO] - [rank: 0] 使用分块生成策略，num_hierarchies=10
[2025-11-14 22:13:47,111][src.models.modules.semantic_id.tiger_generation_model][INFO] - [rank: 0] 使用分块生成策略，num_hierarchies=10
[2025-11-14 22:13:47,796][src.models.modules.semantic_id.tiger_generation_model][INFO] - [rank: 0] 使用分块生成策略，num_hierarchies=10
[2025-11-14 22:13:48,410][src.models.modules.semantic_id.tiger_generation_model][INFO] - [rank: 0] 使用分块生成策略，num_hierarchies=10
[2025-11-14 22:13:49,052][src.models.modules.semantic_id.tiger_generation_model][INFO] - [rank: 0] 使用分块生成策略，num_hierarchies=10
[2025-11-14 22:13:49,692][src.models.modules.semantic_id.tiger_generation_model][INFO] - [rank: 0] 使用分块生成策略，num_hierarchies=10
[2025-11-14 22:13:50,340][src.models.modules.semantic_id.tiger_generation_model][INFO] - [rank: 0] 使用分块生成策略，num_hierarchies=10
[2025-11-14 22:13:50,939][src.models.modules.semantic_id.tiger_generation_model][INFO] - [rank: 0] 使用分块生成策略，num_hierarchies=10
[2025-11-14 22:13:51,548][src.models.modules.semantic_id.tiger_generation_model][INFO] - [rank: 0] 使用分块生成策略，num_hierarchies=10
[2025-11-14 22:13:52,352][src.models.modules.semantic_id.tiger_generation_model][INFO] - [rank: 0] 使用分块生成策略，num_hierarchies=10
[2025-11-14 22:13:53,151][src.models.modules.semantic_id.tiger_generation_model][INFO] - [rank: 0] 使用分块生成策略，num_hierarchies=10
[2025-11-14 22:13:53,891][src.models.modules.semantic_id.tiger_generation_model][INFO] - [rank: 0] 使用分块生成策略，num_hierarchies=10
[2025-11-14 22:13:54,463][src.models.modules.semantic_id.tiger_generation_model][INFO] - [rank: 0] 使用分块生成策略，num_hierarchies=10
[2025-11-14 22:13:55,084][src.models.modules.semantic_id.tiger_generation_model][INFO] - [rank: 0] 使用分块生成策略，num_hierarchies=10
[2025-11-14 22:13:55,753][src.models.modules.semantic_id.tiger_generation_model][INFO] - [rank: 0] 使用分块生成策略，num_hierarchies=10
[2025-11-14 22:13:56,319][src.models.modules.semantic_id.tiger_generation_model][INFO] - [rank: 0] 使用分块生成策略，num_hierarchies=10
[2025-11-14 22:13:56,887][src.models.modules.semantic_id.tiger_generation_model][INFO] - [rank: 0] 使用分块生成策略，num_hierarchies=10
[2025-11-14 22:13:57,472][src.models.modules.semantic_id.tiger_generation_model][INFO] - [rank: 0] 使用分块生成策略，num_hierarchies=10
[2025-11-14 22:13:58,058][src.models.modules.semantic_id.tiger_generation_model][INFO] - [rank: 0] 使用分块生成策略，num_hierarchies=10
[2025-11-14 22:13:58,635][src.models.modules.semantic_id.tiger_generation_model][INFO] - [rank: 0] 使用分块生成策略，num_hierarchies=10
[2025-11-14 22:13:59,306][src.models.modules.semantic_id.tiger_generation_model][INFO] - [rank: 0] 使用分块生成策略，num_hierarchies=10
[2025-11-14 22:13:59,915][src.models.modules.semantic_id.tiger_generation_model][INFO] - [rank: 0] 使用分块生成策略，num_hierarchies=10
[2025-11-14 22:14:00,441][src.models.modules.semantic_id.tiger_generation_model][INFO] - [rank: 0] 使用分块生成策略，num_hierarchies=10
[2025-11-14 22:14:01,055][src.models.modules.semantic_id.tiger_generation_model][INFO] - [rank: 0] 使用分块生成策略，num_hierarchies=10
[2025-11-14 22:14:01,661][src.models.modules.semantic_id.tiger_generation_model][INFO] - [rank: 0] 使用分块生成策略，num_hierarchies=10
[2025-11-14 22:14:02,254][src.models.modules.semantic_id.tiger_generation_model][INFO] - [rank: 0] 使用分块生成策略，num_hierarchies=10
[2025-11-14 22:14:02,966][src.models.modules.semantic_id.tiger_generation_model][INFO] - [rank: 0] 使用分块生成策略，num_hierarchies=10
[2025-11-14 22:14:03,635][src.models.modules.semantic_id.tiger_generation_model][INFO] - [rank: 0] 使用分块生成策略，num_hierarchies=10
[2025-11-14 22:14:04,309][src.models.modules.semantic_id.tiger_generation_model][INFO] - [rank: 0] 使用分块生成策略，num_hierarchies=10
[2025-11-14 22:14:04,990][src.models.modules.semantic_id.tiger_generation_model][INFO] - [rank: 0] 使用分块生成策略，num_hierarchies=10
[2025-11-14 22:14:05,655][src.models.modules.semantic_id.tiger_generation_model][INFO] - [rank: 0] 使用分块生成策略，num_hierarchies=10
[2025-11-14 22:14:06,293][src.models.modules.semantic_id.tiger_generation_model][INFO] - [rank: 0] 使用分块生成策略，num_hierarchies=10
[2025-11-14 22:14:07,188][src.models.modules.semantic_id.tiger_generation_model][INFO] - [rank: 0] 使用分块生成策略，num_hierarchies=10
[2025-11-14 22:14:07,991][src.models.modules.semantic_id.tiger_generation_model][INFO] - [rank: 0] 使用分块生成策略，num_hierarchies=10
[2025-11-14 22:14:08,826][src.models.modules.semantic_id.tiger_generation_model][INFO] - [rank: 0] 使用分块生成策略，num_hierarchies=10
[2025-11-14 22:14:11,807][src.models.modules.semantic_id.tiger_generation_model][INFO] - [rank: 0] 
================================================================================
[2025-11-14 22:14:11,808][src.models.modules.semantic_id.tiger_generation_model][INFO] - [rank: 0] === 生成的语义ID Embedding相似度矩阵 (平均自 704 个batch) ===
[2025-11-14 22:14:11,812][src.models.modules.semantic_id.tiger_generation_model][INFO] - [rank: 0] 
[[ 1.0000129e+00  7.0763519e-03  2.5291363e-02  2.5022044e-03
   9.6093500e-03  4.8719482e-03  1.4916724e-02 -1.3674675e-02
  -8.8703232e-03 -2.5937563e-02]
 [ 7.0763519e-03  1.0000049e+00  1.4948722e-02  2.4497537e-02
   2.8224133e-02 -5.4248623e-03  5.8587231e-03 -7.2030597e-03
  -8.5207593e-04  6.9196178e-03]
 [ 2.5291363e-02  1.4948722e-02  9.9999976e-01  3.9211847e-03
  -2.1254565e-03  1.2202211e-02 -1.8895501e-03  2.1440452e-02
  -3.0869279e-02  9.5777167e-03]
 [ 2.5022044e-03  2.4497537e-02  3.9211847e-03  9.9997842e-01
  -6.9406265e-03  1.8822443e-02  5.6546256e-03 -2.1478044e-02
  -4.3775360e-03 -6.5110647e-04]
 [ 9.6093500e-03  2.8224133e-02 -2.1254565e-03 -6.9406265e-03
   9.9998713e-01  7.6898360e-03  5.2701891e-03  1.2895673e-04
  -3.5672307e-03 -4.3033869e-03]
 [ 4.8719482e-03 -5.4248623e-03  1.2202211e-02  1.8822443e-02
   7.6898360e-03  1.0000124e+00 -2.1175132e-03 -1.5832816e-03
  -5.5461219e-03  1.4791237e-02]
 [ 1.4916724e-02  5.8587231e-03 -1.8895501e-03  5.6546256e-03
   5.2701891e-03 -2.1175132e-03  1.0000160e+00  1.1982069e-03
  -2.4331262e-02 -9.1047017e-03]
 [-1.3674675e-02 -7.2030597e-03  2.1440452e-02 -2.1478044e-02
   1.2895673e-04 -1.5832816e-03  1.1982069e-03  1.0000005e+00
  -1.2634586e-02  2.4703411e-02]
 [-8.8703232e-03 -8.5207593e-04 -3.0869279e-02 -4.3775360e-03
  -3.5672307e-03 -5.5461219e-03 -2.4331262e-02 -1.2634586e-02
   9.9998188e-01  3.5327978e-02]
 [-2.5937563e-02  6.9196178e-03  9.5777167e-03 -6.5110647e-04
  -4.3033869e-03  1.4791237e-02 -9.1047017e-03  2.4703411e-02
   3.5327978e-02  9.9993932e-01]]
[2025-11-14 22:14:11,813][src.models.modules.semantic_id.tiger_generation_model][INFO] - [rank: 0] ================================================================================

[2025-11-14 22:14:11,814][src.models.modules.semantic_id.tiger_generation_model][INFO] - [rank: 0] 
================================================================================
[2025-11-14 22:14:11,814][src.models.modules.semantic_id.tiger_generation_model][INFO] - [rank: 0] === 输入序列中每个Item的Hierarchy Embedding相似度矩阵 (平均自 704 个batch) ===
[2025-11-14 22:14:11,816][src.models.modules.semantic_id.tiger_generation_model][INFO] - [rank: 0] 
[[ 1.0000070e+00  5.2533853e-03  4.3735499e-03  2.4310334e-03
   1.7646529e-03  9.2258264e-04  1.9985856e-04 -2.3003952e-03
  -1.4934721e-03 -1.1572571e-02]
 [ 5.2533853e-03  9.9999678e-01  3.1084353e-03  5.5586728e-03
   7.8996141e-03  2.1778843e-03  6.8190661e-03  3.3173850e-03
  -3.5995990e-03  1.3645959e-02]
 [ 4.3735499e-03  3.1084353e-03  9.9999774e-01  4.3991474e-03
   4.6380865e-03  2.6253795e-03  3.1833497e-03  1.1064636e-03
  -4.0158657e-03  2.7560981e-03]
 [ 2.4310334e-03  5.5586728e-03  4.3991474e-03  9.9998587e-01
   4.2528701e-03  3.3874677e-03  1.8083435e-03  2.5485742e-03
  -6.3271224e-03  3.1753277e-04]
 [ 1.7646529e-03  7.8996141e-03  4.6380865e-03  4.2528701e-03
   9.9999660e-01  3.7334412e-03  3.9848541e-03  3.6054680e-03
  -5.5635478e-03 -4.6354188e-03]
 [ 9.2258264e-04  2.1778843e-03  2.6253795e-03  3.3874677e-03
   3.7334412e-03  1.0000048e+00  7.0996617e-04  4.7161672e-03
  -5.1867040e-03  7.6169055e-03]
 [ 1.9985856e-04  6.8190661e-03  3.1833497e-03  1.8083435e-03
   3.9848541e-03  7.0996617e-04  1.0000058e+00  4.8913793e-03
  -5.8871447e-03 -6.9073741e-03]
 [-2.3003952e-03  3.3173850e-03  1.1064636e-03  2.5485742e-03
   3.6054680e-03  4.7161672e-03  4.8913793e-03  9.9999785e-01
  -1.1460639e-02  6.2040496e-03]
 [-1.4934721e-03 -3.5995990e-03 -4.0158657e-03 -6.3271224e-03
  -5.5635478e-03 -5.1867040e-03 -5.8871447e-03 -1.1460639e-02
   9.9999243e-01  2.0146092e-02]
 [-1.1572571e-02  1.3645959e-02  2.7560981e-03  3.1753277e-04
  -4.6354188e-03  7.6169055e-03 -6.9073741e-03  6.2040496e-03
   2.0146092e-02  9.9993932e-01]]
[2025-11-14 22:14:11,817][src.models.modules.semantic_id.tiger_generation_model][INFO] - [rank: 0] ================================================================================

[2025-11-14 22:14:11,866][src.models.modules.semantic_id.tiger_generation_model][INFO] - [rank: 0] 
================================================================================
[2025-11-14 22:14:11,867][src.models.modules.semantic_id.tiger_generation_model][INFO] - [rank: 0] === 按流行度分组的评测指标（累计到当前阶段）===
[2025-11-14 22:14:11,868][src.models.modules.semantic_id.tiger_generation_model][INFO] - [rank: 0] [Body] ndcg@5: 0.016162  ndcg@10: 0.016162  recall@5: 0.021020  recall@10: 0.021020
[2025-11-14 22:14:11,868][src.models.modules.semantic_id.tiger_generation_model][INFO] - [rank: 0] [Head] ndcg@5: 0.024097  ndcg@10: 0.024097  recall@5: 0.031224  recall@10: 0.031224
[2025-11-14 22:14:11,869][src.models.modules.semantic_id.tiger_generation_model][INFO] - [rank: 0] [Tail] ndcg@5: 0.011521  ndcg@10: 0.011521  recall@5: 0.015111  recall@10: 0.015111
[2025-11-14 22:14:11,870][src.models.modules.semantic_id.tiger_generation_model][INFO] - [rank: 0] ================================================================================

[2025-11-14 22:34:57,350][src.models.modules.semantic_id.tiger_generation_model][INFO] - [rank: 0] 使用分块生成策略，num_hierarchies=10
[2025-11-14 22:34:57,948][src.models.modules.semantic_id.tiger_generation_model][INFO] - [rank: 0] 使用分块生成策略，num_hierarchies=10
[2025-11-14 22:34:58,683][src.models.modules.semantic_id.tiger_generation_model][INFO] - [rank: 0] 使用分块生成策略，num_hierarchies=10
[2025-11-14 22:34:59,310][src.models.modules.semantic_id.tiger_generation_model][INFO] - [rank: 0] 使用分块生成策略，num_hierarchies=10
[2025-11-14 22:34:59,927][src.models.modules.semantic_id.tiger_generation_model][INFO] - [rank: 0] 使用分块生成策略，num_hierarchies=10
[2025-11-14 22:35:00,524][src.models.modules.semantic_id.tiger_generation_model][INFO] - [rank: 0] 使用分块生成策略，num_hierarchies=10
[2025-11-14 22:35:01,230][src.models.modules.semantic_id.tiger_generation_model][INFO] - [rank: 0] 使用分块生成策略，num_hierarchies=10
[2025-11-14 22:35:01,838][src.models.modules.semantic_id.tiger_generation_model][INFO] - [rank: 0] 使用分块生成策略，num_hierarchies=10
[2025-11-14 22:35:02,700][src.models.modules.semantic_id.tiger_generation_model][INFO] - [rank: 0] 使用分块生成策略，num_hierarchies=10
[2025-11-14 22:35:03,473][src.models.modules.semantic_id.tiger_generation_model][INFO] - [rank: 0] 使用分块生成策略，num_hierarchies=10
[2025-11-14 22:35:04,096][src.models.modules.semantic_id.tiger_generation_model][INFO] - [rank: 0] 使用分块生成策略，num_hierarchies=10
[2025-11-14 22:35:04,675][src.models.modules.semantic_id.tiger_generation_model][INFO] - [rank: 0] 使用分块生成策略，num_hierarchies=10
[2025-11-14 22:35:05,261][src.models.modules.semantic_id.tiger_generation_model][INFO] - [rank: 0] 使用分块生成策略，num_hierarchies=10
[2025-11-14 22:35:05,962][src.models.modules.semantic_id.tiger_generation_model][INFO] - [rank: 0] 使用分块生成策略，num_hierarchies=10
[2025-11-14 22:35:06,686][src.models.modules.semantic_id.tiger_generation_model][INFO] - [rank: 0] 使用分块生成策略，num_hierarchies=10
[2025-11-14 22:35:07,310][src.models.modules.semantic_id.tiger_generation_model][INFO] - [rank: 0] 使用分块生成策略，num_hierarchies=10
[2025-11-14 22:35:07,970][src.models.modules.semantic_id.tiger_generation_model][INFO] - [rank: 0] 使用分块生成策略，num_hierarchies=10
[2025-11-14 22:35:08,566][src.models.modules.semantic_id.tiger_generation_model][INFO] - [rank: 0] 使用分块生成策略，num_hierarchies=10
[2025-11-14 22:35:09,196][src.models.modules.semantic_id.tiger_generation_model][INFO] - [rank: 0] 使用分块生成策略，num_hierarchies=10
[2025-11-14 22:35:09,773][src.models.modules.semantic_id.tiger_generation_model][INFO] - [rank: 0] 使用分块生成策略，num_hierarchies=10
[2025-11-14 22:35:10,652][src.models.modules.semantic_id.tiger_generation_model][INFO] - [rank: 0] 使用分块生成策略，num_hierarchies=10
[2025-11-14 22:35:11,277][src.models.modules.semantic_id.tiger_generation_model][INFO] - [rank: 0] 使用分块生成策略，num_hierarchies=10
[2025-11-14 22:35:11,922][src.models.modules.semantic_id.tiger_generation_model][INFO] - [rank: 0] 使用分块生成策略，num_hierarchies=10
[2025-11-14 22:35:12,471][src.models.modules.semantic_id.tiger_generation_model][INFO] - [rank: 0] 使用分块生成策略，num_hierarchies=10
[2025-11-14 22:35:13,074][src.models.modules.semantic_id.tiger_generation_model][INFO] - [rank: 0] 使用分块生成策略，num_hierarchies=10
[2025-11-14 22:35:13,693][src.models.modules.semantic_id.tiger_generation_model][INFO] - [rank: 0] 使用分块生成策略，num_hierarchies=10
[2025-11-14 22:35:14,313][src.models.modules.semantic_id.tiger_generation_model][INFO] - [rank: 0] 使用分块生成策略，num_hierarchies=10
[2025-11-14 22:35:14,943][src.models.modules.semantic_id.tiger_generation_model][INFO] - [rank: 0] 使用分块生成策略，num_hierarchies=10
[2025-11-14 22:35:15,542][src.models.modules.semantic_id.tiger_generation_model][INFO] - [rank: 0] 使用分块生成策略，num_hierarchies=10
[2025-11-14 22:35:16,129][src.models.modules.semantic_id.tiger_generation_model][INFO] - [rank: 0] 使用分块生成策略，num_hierarchies=10
[2025-11-14 22:35:16,714][src.models.modules.semantic_id.tiger_generation_model][INFO] - [rank: 0] 使用分块生成策略，num_hierarchies=10
[2025-11-14 22:35:17,289][src.models.modules.semantic_id.tiger_generation_model][INFO] - [rank: 0] 使用分块生成策略，num_hierarchies=10
[2025-11-14 22:35:17,946][src.models.modules.semantic_id.tiger_generation_model][INFO] - [rank: 0] 使用分块生成策略，num_hierarchies=10
[2025-11-14 22:35:18,511][src.models.modules.semantic_id.tiger_generation_model][INFO] - [rank: 0] 使用分块生成策略，num_hierarchies=10
[2025-11-14 22:35:19,150][src.models.modules.semantic_id.tiger_generation_model][INFO] - [rank: 0] 使用分块生成策略，num_hierarchies=10
[2025-11-14 22:35:19,770][src.models.modules.semantic_id.tiger_generation_model][INFO] - [rank: 0] 使用分块生成策略，num_hierarchies=10
[2025-11-14 22:35:20,596][src.models.modules.semantic_id.tiger_generation_model][INFO] - [rank: 0] 使用分块生成策略，num_hierarchies=10
[2025-11-14 22:35:21,251][src.models.modules.semantic_id.tiger_generation_model][INFO] - [rank: 0] 使用分块生成策略，num_hierarchies=10
[2025-11-14 22:35:21,777][src.models.modules.semantic_id.tiger_generation_model][INFO] - [rank: 0] 使用分块生成策略，num_hierarchies=10
[2025-11-14 22:35:22,361][src.models.modules.semantic_id.tiger_generation_model][INFO] - [rank: 0] 使用分块生成策略，num_hierarchies=10
[2025-11-14 22:35:22,981][src.models.modules.semantic_id.tiger_generation_model][INFO] - [rank: 0] 使用分块生成策略，num_hierarchies=10
[2025-11-14 22:35:23,581][src.models.modules.semantic_id.tiger_generation_model][INFO] - [rank: 0] 使用分块生成策略，num_hierarchies=10
[2025-11-14 22:35:24,165][src.models.modules.semantic_id.tiger_generation_model][INFO] - [rank: 0] 使用分块生成策略，num_hierarchies=10
[2025-11-14 22:35:24,743][src.models.modules.semantic_id.tiger_generation_model][INFO] - [rank: 0] 使用分块生成策略，num_hierarchies=10
[2025-11-14 22:35:25,336][src.models.modules.semantic_id.tiger_generation_model][INFO] - [rank: 0] 使用分块生成策略，num_hierarchies=10
[2025-11-14 22:35:25,982][src.models.modules.semantic_id.tiger_generation_model][INFO] - [rank: 0] 使用分块生成策略，num_hierarchies=10
[2025-11-14 22:35:26,599][src.models.modules.semantic_id.tiger_generation_model][INFO] - [rank: 0] 使用分块生成策略，num_hierarchies=10
[2025-11-14 22:35:27,347][src.models.modules.semantic_id.tiger_generation_model][INFO] - [rank: 0] 使用分块生成策略，num_hierarchies=10
[2025-11-14 22:35:28,052][src.models.modules.semantic_id.tiger_generation_model][INFO] - [rank: 0] 使用分块生成策略，num_hierarchies=10
[2025-11-14 22:35:28,561][src.models.modules.semantic_id.tiger_generation_model][INFO] - [rank: 0] 使用分块生成策略，num_hierarchies=10
[2025-11-14 22:35:29,235][src.models.modules.semantic_id.tiger_generation_model][INFO] - [rank: 0] 使用分块生成策略，num_hierarchies=10
[2025-11-14 22:35:30,214][src.models.modules.semantic_id.tiger_generation_model][INFO] - [rank: 0] 使用分块生成策略，num_hierarchies=10
[2025-11-14 22:35:30,825][src.models.modules.semantic_id.tiger_generation_model][INFO] - [rank: 0] 使用分块生成策略，num_hierarchies=10
[2025-11-14 22:35:31,488][src.models.modules.semantic_id.tiger_generation_model][INFO] - [rank: 0] 使用分块生成策略，num_hierarchies=10
[2025-11-14 22:35:32,026][src.models.modules.semantic_id.tiger_generation_model][INFO] - [rank: 0] 使用分块生成策略，num_hierarchies=10
[2025-11-14 22:35:32,572][src.models.modules.semantic_id.tiger_generation_model][INFO] - [rank: 0] 使用分块生成策略，num_hierarchies=10
[2025-11-14 22:35:33,106][src.models.modules.semantic_id.tiger_generation_model][INFO] - [rank: 0] 使用分块生成策略，num_hierarchies=10
[2025-11-14 22:35:33,651][src.models.modules.semantic_id.tiger_generation_model][INFO] - [rank: 0] 使用分块生成策略，num_hierarchies=10
[2025-11-14 22:35:34,187][src.models.modules.semantic_id.tiger_generation_model][INFO] - [rank: 0] 使用分块生成策略，num_hierarchies=10
[2025-11-14 22:35:34,723][src.models.modules.semantic_id.tiger_generation_model][INFO] - [rank: 0] 使用分块生成策略，num_hierarchies=10
[2025-11-14 22:35:35,262][src.models.modules.semantic_id.tiger_generation_model][INFO] - [rank: 0] 使用分块生成策略，num_hierarchies=10
[2025-11-14 22:35:35,796][src.models.modules.semantic_id.tiger_generation_model][INFO] - [rank: 0] 使用分块生成策略，num_hierarchies=10
[2025-11-14 22:35:36,352][src.models.modules.semantic_id.tiger_generation_model][INFO] - [rank: 0] 使用分块生成策略，num_hierarchies=10
[2025-11-14 22:35:36,933][src.models.modules.semantic_id.tiger_generation_model][INFO] - [rank: 0] 使用分块生成策略，num_hierarchies=10
[2025-11-14 22:35:37,554][src.models.modules.semantic_id.tiger_generation_model][INFO] - [rank: 0] 使用分块生成策略，num_hierarchies=10
[2025-11-14 22:35:38,089][src.models.modules.semantic_id.tiger_generation_model][INFO] - [rank: 0] 使用分块生成策略，num_hierarchies=10
[2025-11-14 22:35:38,676][src.models.modules.semantic_id.tiger_generation_model][INFO] - [rank: 0] 使用分块生成策略，num_hierarchies=10
[2025-11-14 22:35:39,259][src.models.modules.semantic_id.tiger_generation_model][INFO] - [rank: 0] 使用分块生成策略，num_hierarchies=10
[2025-11-14 22:35:39,790][src.models.modules.semantic_id.tiger_generation_model][INFO] - [rank: 0] 使用分块生成策略，num_hierarchies=10
[2025-11-14 22:35:40,334][src.models.modules.semantic_id.tiger_generation_model][INFO] - [rank: 0] 使用分块生成策略，num_hierarchies=10
[2025-11-14 22:35:40,883][src.models.modules.semantic_id.tiger_generation_model][INFO] - [rank: 0] 使用分块生成策略，num_hierarchies=10
[2025-11-14 22:35:41,434][src.models.modules.semantic_id.tiger_generation_model][INFO] - [rank: 0] 使用分块生成策略，num_hierarchies=10
[2025-11-14 22:35:41,965][src.models.modules.semantic_id.tiger_generation_model][INFO] - [rank: 0] 使用分块生成策略，num_hierarchies=10
[2025-11-14 22:35:42,516][src.models.modules.semantic_id.tiger_generation_model][INFO] - [rank: 0] 使用分块生成策略，num_hierarchies=10
[2025-11-14 22:35:43,272][src.models.modules.semantic_id.tiger_generation_model][INFO] - [rank: 0] 使用分块生成策略，num_hierarchies=10
[2025-11-14 22:35:43,912][src.models.modules.semantic_id.tiger_generation_model][INFO] - [rank: 0] 使用分块生成策略，num_hierarchies=10
[2025-11-14 22:35:44,426][src.models.modules.semantic_id.tiger_generation_model][INFO] - [rank: 0] 使用分块生成策略，num_hierarchies=10
[2025-11-14 22:35:44,996][src.models.modules.semantic_id.tiger_generation_model][INFO] - [rank: 0] 使用分块生成策略，num_hierarchies=10
[2025-11-14 22:35:45,531][src.models.modules.semantic_id.tiger_generation_model][INFO] - [rank: 0] 使用分块生成策略，num_hierarchies=10
[2025-11-14 22:35:46,055][src.models.modules.semantic_id.tiger_generation_model][INFO] - [rank: 0] 使用分块生成策略，num_hierarchies=10
[2025-11-14 22:35:46,584][src.models.modules.semantic_id.tiger_generation_model][INFO] - [rank: 0] 使用分块生成策略，num_hierarchies=10
[2025-11-14 22:35:47,166][src.models.modules.semantic_id.tiger_generation_model][INFO] - [rank: 0] 使用分块生成策略，num_hierarchies=10
[2025-11-14 22:35:47,753][src.models.modules.semantic_id.tiger_generation_model][INFO] - [rank: 0] 使用分块生成策略，num_hierarchies=10
[2025-11-14 22:35:48,346][src.models.modules.semantic_id.tiger_generation_model][INFO] - [rank: 0] 使用分块生成策略，num_hierarchies=10
[2025-11-14 22:35:48,929][src.models.modules.semantic_id.tiger_generation_model][INFO] - [rank: 0] 使用分块生成策略，num_hierarchies=10
[2025-11-14 22:35:49,506][src.models.modules.semantic_id.tiger_generation_model][INFO] - [rank: 0] 使用分块生成策略，num_hierarchies=10
[2025-11-14 22:35:50,093][src.models.modules.semantic_id.tiger_generation_model][INFO] - [rank: 0] 使用分块生成策略，num_hierarchies=10
[2025-11-14 22:35:50,910][src.models.modules.semantic_id.tiger_generation_model][INFO] - [rank: 0] 使用分块生成策略，num_hierarchies=10
[2025-11-14 22:35:51,563][src.models.modules.semantic_id.tiger_generation_model][INFO] - [rank: 0] 使用分块生成策略，num_hierarchies=10
[2025-11-14 22:35:52,268][src.models.modules.semantic_id.tiger_generation_model][INFO] - [rank: 0] 使用分块生成策略，num_hierarchies=10
[2025-11-14 22:35:52,824][src.models.modules.semantic_id.tiger_generation_model][INFO] - [rank: 0] 使用分块生成策略，num_hierarchies=10
[2025-11-14 22:35:53,431][src.models.modules.semantic_id.tiger_generation_model][INFO] - [rank: 0] 使用分块生成策略，num_hierarchies=10
[2025-11-14 22:35:54,012][src.models.modules.semantic_id.tiger_generation_model][INFO] - [rank: 0] 使用分块生成策略，num_hierarchies=10
[2025-11-14 22:35:54,638][src.models.modules.semantic_id.tiger_generation_model][INFO] - [rank: 0] 使用分块生成策略，num_hierarchies=10
[2025-11-14 22:35:55,382][src.models.modules.semantic_id.tiger_generation_model][INFO] - [rank: 0] 使用分块生成策略，num_hierarchies=10
[2025-11-14 22:35:55,968][src.models.modules.semantic_id.tiger_generation_model][INFO] - [rank: 0] 使用分块生成策略，num_hierarchies=10
[2025-11-14 22:35:56,583][src.models.modules.semantic_id.tiger_generation_model][INFO] - [rank: 0] 使用分块生成策略，num_hierarchies=10
[2025-11-14 22:35:57,187][src.models.modules.semantic_id.tiger_generation_model][INFO] - [rank: 0] 使用分块生成策略，num_hierarchies=10
[2025-11-14 22:35:57,764][src.models.modules.semantic_id.tiger_generation_model][INFO] - [rank: 0] 使用分块生成策略，num_hierarchies=10
[2025-11-14 22:35:58,366][src.models.modules.semantic_id.tiger_generation_model][INFO] - [rank: 0] 使用分块生成策略，num_hierarchies=10
[2025-11-14 22:35:58,973][src.models.modules.semantic_id.tiger_generation_model][INFO] - [rank: 0] 使用分块生成策略，num_hierarchies=10
[2025-11-14 22:35:59,785][src.models.modules.semantic_id.tiger_generation_model][INFO] - [rank: 0] 使用分块生成策略，num_hierarchies=10
[2025-11-14 22:36:00,389][src.models.modules.semantic_id.tiger_generation_model][INFO] - [rank: 0] 使用分块生成策略，num_hierarchies=10
[2025-11-14 22:36:01,048][src.models.modules.semantic_id.tiger_generation_model][INFO] - [rank: 0] 使用分块生成策略，num_hierarchies=10
[2025-11-14 22:36:01,599][src.models.modules.semantic_id.tiger_generation_model][INFO] - [rank: 0] 使用分块生成策略，num_hierarchies=10
[2025-11-14 22:36:02,233][src.models.modules.semantic_id.tiger_generation_model][INFO] - [rank: 0] 使用分块生成策略，num_hierarchies=10
[2025-11-14 22:36:02,803][src.models.modules.semantic_id.tiger_generation_model][INFO] - [rank: 0] 使用分块生成策略，num_hierarchies=10
[2025-11-14 22:36:03,327][src.models.modules.semantic_id.tiger_generation_model][INFO] - [rank: 0] 使用分块生成策略，num_hierarchies=10
[2025-11-14 22:36:03,899][src.models.modules.semantic_id.tiger_generation_model][INFO] - [rank: 0] 使用分块生成策略，num_hierarchies=10
[2025-11-14 22:36:04,438][src.models.modules.semantic_id.tiger_generation_model][INFO] - [rank: 0] 使用分块生成策略，num_hierarchies=10
[2025-11-14 22:36:04,998][src.models.modules.semantic_id.tiger_generation_model][INFO] - [rank: 0] 使用分块生成策略，num_hierarchies=10
[2025-11-14 22:36:05,537][src.models.modules.semantic_id.tiger_generation_model][INFO] - [rank: 0] 使用分块生成策略，num_hierarchies=10
[2025-11-14 22:36:06,094][src.models.modules.semantic_id.tiger_generation_model][INFO] - [rank: 0] 使用分块生成策略，num_hierarchies=10
[2025-11-14 22:36:06,705][src.models.modules.semantic_id.tiger_generation_model][INFO] - [rank: 0] 使用分块生成策略，num_hierarchies=10
[2025-11-14 22:36:07,308][src.models.modules.semantic_id.tiger_generation_model][INFO] - [rank: 0] 使用分块生成策略，num_hierarchies=10
[2025-11-14 22:36:07,824][src.models.modules.semantic_id.tiger_generation_model][INFO] - [rank: 0] 使用分块生成策略，num_hierarchies=10
[2025-11-14 22:36:08,354][src.models.modules.semantic_id.tiger_generation_model][INFO] - [rank: 0] 使用分块生成策略，num_hierarchies=10
[2025-11-14 22:36:08,885][src.models.modules.semantic_id.tiger_generation_model][INFO] - [rank: 0] 使用分块生成策略，num_hierarchies=10
[2025-11-14 22:36:09,457][src.models.modules.semantic_id.tiger_generation_model][INFO] - [rank: 0] 使用分块生成策略，num_hierarchies=10
[2025-11-14 22:36:10,048][src.models.modules.semantic_id.tiger_generation_model][INFO] - [rank: 0] 使用分块生成策略，num_hierarchies=10
[2025-11-14 22:36:10,644][src.models.modules.semantic_id.tiger_generation_model][INFO] - [rank: 0] 使用分块生成策略，num_hierarchies=10
[2025-11-14 22:36:11,234][src.models.modules.semantic_id.tiger_generation_model][INFO] - [rank: 0] 使用分块生成策略，num_hierarchies=10
[2025-11-14 22:36:11,815][src.models.modules.semantic_id.tiger_generation_model][INFO] - [rank: 0] 使用分块生成策略，num_hierarchies=10
[2025-11-14 22:36:12,381][src.models.modules.semantic_id.tiger_generation_model][INFO] - [rank: 0] 使用分块生成策略，num_hierarchies=10
[2025-11-14 22:36:12,924][src.models.modules.semantic_id.tiger_generation_model][INFO] - [rank: 0] 使用分块生成策略，num_hierarchies=10
[2025-11-14 22:36:13,467][src.models.modules.semantic_id.tiger_generation_model][INFO] - [rank: 0] 使用分块生成策略，num_hierarchies=10
[2025-11-14 22:36:14,137][src.models.modules.semantic_id.tiger_generation_model][INFO] - [rank: 0] 使用分块生成策略，num_hierarchies=10
[2025-11-14 22:36:14,729][src.models.modules.semantic_id.tiger_generation_model][INFO] - [rank: 0] 使用分块生成策略，num_hierarchies=10
[2025-11-14 22:36:15,326][src.models.modules.semantic_id.tiger_generation_model][INFO] - [rank: 0] 使用分块生成策略，num_hierarchies=10
[2025-11-14 22:36:15,827][src.models.modules.semantic_id.tiger_generation_model][INFO] - [rank: 0] 使用分块生成策略，num_hierarchies=10
[2025-11-14 22:36:16,389][src.models.modules.semantic_id.tiger_generation_model][INFO] - [rank: 0] 使用分块生成策略，num_hierarchies=10
[2025-11-14 22:36:16,954][src.models.modules.semantic_id.tiger_generation_model][INFO] - [rank: 0] 使用分块生成策略，num_hierarchies=10
[2025-11-14 22:36:17,520][src.models.modules.semantic_id.tiger_generation_model][INFO] - [rank: 0] 使用分块生成策略，num_hierarchies=10
[2025-11-14 22:36:18,067][src.models.modules.semantic_id.tiger_generation_model][INFO] - [rank: 0] 使用分块生成策略，num_hierarchies=10
[2025-11-14 22:36:18,657][src.models.modules.semantic_id.tiger_generation_model][INFO] - [rank: 0] 使用分块生成策略，num_hierarchies=10
[2025-11-14 22:36:19,240][src.models.modules.semantic_id.tiger_generation_model][INFO] - [rank: 0] 使用分块生成策略，num_hierarchies=10
[2025-11-14 22:36:19,828][src.models.modules.semantic_id.tiger_generation_model][INFO] - [rank: 0] 使用分块生成策略，num_hierarchies=10
[2025-11-14 22:36:20,398][src.models.modules.semantic_id.tiger_generation_model][INFO] - [rank: 0] 使用分块生成策略，num_hierarchies=10
[2025-11-14 22:36:20,982][src.models.modules.semantic_id.tiger_generation_model][INFO] - [rank: 0] 使用分块生成策略，num_hierarchies=10
[2025-11-14 22:36:21,779][src.models.modules.semantic_id.tiger_generation_model][INFO] - [rank: 0] 使用分块生成策略，num_hierarchies=10
[2025-11-14 22:36:22,480][src.models.modules.semantic_id.tiger_generation_model][INFO] - [rank: 0] 使用分块生成策略，num_hierarchies=10
[2025-11-14 22:36:23,186][src.models.modules.semantic_id.tiger_generation_model][INFO] - [rank: 0] 使用分块生成策略，num_hierarchies=10
[2025-11-14 22:36:23,731][src.models.modules.semantic_id.tiger_generation_model][INFO] - [rank: 0] 使用分块生成策略，num_hierarchies=10
[2025-11-14 22:36:24,289][src.models.modules.semantic_id.tiger_generation_model][INFO] - [rank: 0] 使用分块生成策略，num_hierarchies=10
[2025-11-14 22:36:24,894][src.models.modules.semantic_id.tiger_generation_model][INFO] - [rank: 0] 使用分块生成策略，num_hierarchies=10
[2025-11-14 22:36:25,495][src.models.modules.semantic_id.tiger_generation_model][INFO] - [rank: 0] 使用分块生成策略，num_hierarchies=10
[2025-11-14 22:36:26,276][src.models.modules.semantic_id.tiger_generation_model][INFO] - [rank: 0] 使用分块生成策略，num_hierarchies=10
[2025-11-14 22:36:26,871][src.models.modules.semantic_id.tiger_generation_model][INFO] - [rank: 0] 使用分块生成策略，num_hierarchies=10
[2025-11-14 22:36:27,473][src.models.modules.semantic_id.tiger_generation_model][INFO] - [rank: 0] 使用分块生成策略，num_hierarchies=10
[2025-11-14 22:36:28,076][src.models.modules.semantic_id.tiger_generation_model][INFO] - [rank: 0] 使用分块生成策略，num_hierarchies=10
[2025-11-14 22:36:28,665][src.models.modules.semantic_id.tiger_generation_model][INFO] - [rank: 0] 使用分块生成策略，num_hierarchies=10
[2025-11-14 22:36:29,260][src.models.modules.semantic_id.tiger_generation_model][INFO] - [rank: 0] 使用分块生成策略，num_hierarchies=10
[2025-11-14 22:36:29,889][src.models.modules.semantic_id.tiger_generation_model][INFO] - [rank: 0] 使用分块生成策略，num_hierarchies=10
[2025-11-14 22:36:30,493][src.models.modules.semantic_id.tiger_generation_model][INFO] - [rank: 0] 使用分块生成策略，num_hierarchies=10
[2025-11-14 22:36:31,066][src.models.modules.semantic_id.tiger_generation_model][INFO] - [rank: 0] 使用分块生成策略，num_hierarchies=10
[2025-11-14 22:36:31,841][src.models.modules.semantic_id.tiger_generation_model][INFO] - [rank: 0] 使用分块生成策略，num_hierarchies=10
[2025-11-14 22:36:32,561][src.models.modules.semantic_id.tiger_generation_model][INFO] - [rank: 0] 使用分块生成策略，num_hierarchies=10
[2025-11-14 22:36:33,190][src.models.modules.semantic_id.tiger_generation_model][INFO] - [rank: 0] 使用分块生成策略，num_hierarchies=10
[2025-11-14 22:36:33,738][src.models.modules.semantic_id.tiger_generation_model][INFO] - [rank: 0] 使用分块生成策略，num_hierarchies=10
[2025-11-14 22:36:34,337][src.models.modules.semantic_id.tiger_generation_model][INFO] - [rank: 0] 使用分块生成策略，num_hierarchies=10
[2025-11-14 22:36:34,934][src.models.modules.semantic_id.tiger_generation_model][INFO] - [rank: 0] 使用分块生成策略，num_hierarchies=10
[2025-11-14 22:36:35,521][src.models.modules.semantic_id.tiger_generation_model][INFO] - [rank: 0] 使用分块生成策略，num_hierarchies=10
[2025-11-14 22:36:36,108][src.models.modules.semantic_id.tiger_generation_model][INFO] - [rank: 0] 使用分块生成策略，num_hierarchies=10
[2025-11-14 22:36:36,719][src.models.modules.semantic_id.tiger_generation_model][INFO] - [rank: 0] 使用分块生成策略，num_hierarchies=10
[2025-11-14 22:36:37,305][src.models.modules.semantic_id.tiger_generation_model][INFO] - [rank: 0] 使用分块生成策略，num_hierarchies=10
[2025-11-14 22:36:37,875][src.models.modules.semantic_id.tiger_generation_model][INFO] - [rank: 0] 使用分块生成策略，num_hierarchies=10
[2025-11-14 22:36:38,453][src.models.modules.semantic_id.tiger_generation_model][INFO] - [rank: 0] 使用分块生成策略，num_hierarchies=10
[2025-11-14 22:36:39,041][src.models.modules.semantic_id.tiger_generation_model][INFO] - [rank: 0] 使用分块生成策略，num_hierarchies=10
[2025-11-14 22:36:39,675][src.models.modules.semantic_id.tiger_generation_model][INFO] - [rank: 0] 使用分块生成策略，num_hierarchies=10
[2025-11-14 22:36:40,246][src.models.modules.semantic_id.tiger_generation_model][INFO] - [rank: 0] 使用分块生成策略，num_hierarchies=10
[2025-11-14 22:36:40,921][src.models.modules.semantic_id.tiger_generation_model][INFO] - [rank: 0] 使用分块生成策略，num_hierarchies=10
[2025-11-14 22:36:41,719][src.models.modules.semantic_id.tiger_generation_model][INFO] - [rank: 0] 使用分块生成策略，num_hierarchies=10
[2025-11-14 22:36:42,421][src.models.modules.semantic_id.tiger_generation_model][INFO] - [rank: 0] 使用分块生成策略，num_hierarchies=10
[2025-11-14 22:36:43,128][src.models.modules.semantic_id.tiger_generation_model][INFO] - [rank: 0] 使用分块生成策略，num_hierarchies=10
[2025-11-14 22:36:43,737][src.models.modules.semantic_id.tiger_generation_model][INFO] - [rank: 0] 使用分块生成策略，num_hierarchies=10
[2025-11-14 22:36:44,313][src.models.modules.semantic_id.tiger_generation_model][INFO] - [rank: 0] 使用分块生成策略，num_hierarchies=10
[2025-11-14 22:36:44,924][src.models.modules.semantic_id.tiger_generation_model][INFO] - [rank: 0] 使用分块生成策略，num_hierarchies=10
[2025-11-14 22:36:45,513][src.models.modules.semantic_id.tiger_generation_model][INFO] - [rank: 0] 使用分块生成策略，num_hierarchies=10
[2025-11-14 22:36:46,121][src.models.modules.semantic_id.tiger_generation_model][INFO] - [rank: 0] 使用分块生成策略，num_hierarchies=10
[2025-11-14 22:36:46,721][src.models.modules.semantic_id.tiger_generation_model][INFO] - [rank: 0] 使用分块生成策略，num_hierarchies=10
[2025-11-14 22:36:47,317][src.models.modules.semantic_id.tiger_generation_model][INFO] - [rank: 0] 使用分块生成策略，num_hierarchies=10
[2025-11-14 22:36:47,916][src.models.modules.semantic_id.tiger_generation_model][INFO] - [rank: 0] 使用分块生成策略，num_hierarchies=10
[2025-11-14 22:36:48,496][src.models.modules.semantic_id.tiger_generation_model][INFO] - [rank: 0] 使用分块生成策略，num_hierarchies=10
[2025-11-14 22:36:49,081][src.models.modules.semantic_id.tiger_generation_model][INFO] - [rank: 0] 使用分块生成策略，num_hierarchies=10
[2025-11-14 22:36:49,683][src.models.modules.semantic_id.tiger_generation_model][INFO] - [rank: 0] 使用分块生成策略，num_hierarchies=10
[2025-11-14 22:36:50,269][src.models.modules.semantic_id.tiger_generation_model][INFO] - [rank: 0] 使用分块生成策略，num_hierarchies=10
[2025-11-14 22:36:50,844][src.models.modules.semantic_id.tiger_generation_model][INFO] - [rank: 0] 使用分块生成策略，num_hierarchies=10
[2025-11-14 22:36:51,496][src.models.modules.semantic_id.tiger_generation_model][INFO] - [rank: 0] 使用分块生成策略，num_hierarchies=10
[2025-11-14 22:36:52,267][src.models.modules.semantic_id.tiger_generation_model][INFO] - [rank: 0] 使用分块生成策略，num_hierarchies=10
[2025-11-14 22:36:52,871][src.models.modules.semantic_id.tiger_generation_model][INFO] - [rank: 0] 使用分块生成策略，num_hierarchies=10
[2025-11-14 22:36:53,395][src.models.modules.semantic_id.tiger_generation_model][INFO] - [rank: 0] 使用分块生成策略，num_hierarchies=10
[2025-11-14 22:36:53,962][src.models.modules.semantic_id.tiger_generation_model][INFO] - [rank: 0] 使用分块生成策略，num_hierarchies=10
[2025-11-14 22:36:54,516][src.models.modules.semantic_id.tiger_generation_model][INFO] - [rank: 0] 使用分块生成策略，num_hierarchies=10
[2025-11-14 22:36:55,080][src.models.modules.semantic_id.tiger_generation_model][INFO] - [rank: 0] 使用分块生成策略，num_hierarchies=10
[2025-11-14 22:36:55,651][src.models.modules.semantic_id.tiger_generation_model][INFO] - [rank: 0] 使用分块生成策略，num_hierarchies=10
[2025-11-14 22:36:56,201][src.models.modules.semantic_id.tiger_generation_model][INFO] - [rank: 0] 使用分块生成策略，num_hierarchies=10
[2025-11-14 22:36:56,769][src.models.modules.semantic_id.tiger_generation_model][INFO] - [rank: 0] 使用分块生成策略，num_hierarchies=10
[2025-11-14 22:36:57,337][src.models.modules.semantic_id.tiger_generation_model][INFO] - [rank: 0] 使用分块生成策略，num_hierarchies=10
[2025-11-14 22:36:58,103][src.models.modules.semantic_id.tiger_generation_model][INFO] - [rank: 0] 使用分块生成策略，num_hierarchies=10
[2025-11-14 22:36:58,806][src.models.modules.semantic_id.tiger_generation_model][INFO] - [rank: 0] 使用分块生成策略，num_hierarchies=10
[2025-11-14 22:36:59,441][src.models.modules.semantic_id.tiger_generation_model][INFO] - [rank: 0] 使用分块生成策略，num_hierarchies=10
[2025-11-14 22:37:00,003][src.models.modules.semantic_id.tiger_generation_model][INFO] - [rank: 0] 使用分块生成策略，num_hierarchies=10
[2025-11-14 22:37:00,602][src.models.modules.semantic_id.tiger_generation_model][INFO] - [rank: 0] 使用分块生成策略，num_hierarchies=10
[2025-11-14 22:37:01,201][src.models.modules.semantic_id.tiger_generation_model][INFO] - [rank: 0] 使用分块生成策略，num_hierarchies=10
[2025-11-14 22:37:01,805][src.models.modules.semantic_id.tiger_generation_model][INFO] - [rank: 0] 使用分块生成策略，num_hierarchies=10
[2025-11-14 22:37:02,429][src.models.modules.semantic_id.tiger_generation_model][INFO] - [rank: 0] 使用分块生成策略，num_hierarchies=10
[2025-11-14 22:37:03,029][src.models.modules.semantic_id.tiger_generation_model][INFO] - [rank: 0] 使用分块生成策略，num_hierarchies=10
[2025-11-14 22:37:03,613][src.models.modules.semantic_id.tiger_generation_model][INFO] - [rank: 0] 使用分块生成策略，num_hierarchies=10
[2025-11-14 22:37:04,208][src.models.modules.semantic_id.tiger_generation_model][INFO] - [rank: 0] 使用分块生成策略，num_hierarchies=10
[2025-11-14 22:37:04,802][src.models.modules.semantic_id.tiger_generation_model][INFO] - [rank: 0] 使用分块生成策略，num_hierarchies=10
[2025-11-14 22:37:05,402][src.models.modules.semantic_id.tiger_generation_model][INFO] - [rank: 0] 使用分块生成策略，num_hierarchies=10
[2025-11-14 22:37:06,012][src.models.modules.semantic_id.tiger_generation_model][INFO] - [rank: 0] 使用分块生成策略，num_hierarchies=10
[2025-11-14 22:37:06,606][src.models.modules.semantic_id.tiger_generation_model][INFO] - [rank: 0] 使用分块生成策略，num_hierarchies=10
[2025-11-14 22:37:07,203][src.models.modules.semantic_id.tiger_generation_model][INFO] - [rank: 0] 使用分块生成策略，num_hierarchies=10
[2025-11-14 22:37:08,022][src.models.modules.semantic_id.tiger_generation_model][INFO] - [rank: 0] 使用分块生成策略，num_hierarchies=10
[2025-11-14 22:37:08,687][src.models.modules.semantic_id.tiger_generation_model][INFO] - [rank: 0] 使用分块生成策略，num_hierarchies=10
[2025-11-14 22:37:09,386][src.models.modules.semantic_id.tiger_generation_model][INFO] - [rank: 0] 使用分块生成策略，num_hierarchies=10
[2025-11-14 22:37:09,934][src.models.modules.semantic_id.tiger_generation_model][INFO] - [rank: 0] 使用分块生成策略，num_hierarchies=10
[2025-11-14 22:37:10,527][src.models.modules.semantic_id.tiger_generation_model][INFO] - [rank: 0] 使用分块生成策略，num_hierarchies=10
[2025-11-14 22:37:11,130][src.models.modules.semantic_id.tiger_generation_model][INFO] - [rank: 0] 使用分块生成策略，num_hierarchies=10
[2025-11-14 22:37:11,736][src.models.modules.semantic_id.tiger_generation_model][INFO] - [rank: 0] 使用分块生成策略，num_hierarchies=10
[2025-11-14 22:37:12,330][src.models.modules.semantic_id.tiger_generation_model][INFO] - [rank: 0] 使用分块生成策略，num_hierarchies=10
[2025-11-14 22:37:12,924][src.models.modules.semantic_id.tiger_generation_model][INFO] - [rank: 0] 使用分块生成策略，num_hierarchies=10
[2025-11-14 22:37:13,499][src.models.modules.semantic_id.tiger_generation_model][INFO] - [rank: 0] 使用分块生成策略，num_hierarchies=10
[2025-11-14 22:37:14,102][src.models.modules.semantic_id.tiger_generation_model][INFO] - [rank: 0] 使用分块生成策略，num_hierarchies=10
[2025-11-14 22:37:14,720][src.models.modules.semantic_id.tiger_generation_model][INFO] - [rank: 0] 使用分块生成策略，num_hierarchies=10
[2025-11-14 22:37:15,309][src.models.modules.semantic_id.tiger_generation_model][INFO] - [rank: 0] 使用分块生成策略，num_hierarchies=10
[2025-11-14 22:37:15,899][src.models.modules.semantic_id.tiger_generation_model][INFO] - [rank: 0] 使用分块生成策略，num_hierarchies=10
[2025-11-14 22:37:16,487][src.models.modules.semantic_id.tiger_generation_model][INFO] - [rank: 0] 使用分块生成策略，num_hierarchies=10
[2025-11-14 22:37:17,071][src.models.modules.semantic_id.tiger_generation_model][INFO] - [rank: 0] 使用分块生成策略，num_hierarchies=10
[2025-11-14 22:37:17,668][src.models.modules.semantic_id.tiger_generation_model][INFO] - [rank: 0] 使用分块生成策略，num_hierarchies=10
[2025-11-14 22:37:18,447][src.models.modules.semantic_id.tiger_generation_model][INFO] - [rank: 0] 使用分块生成策略，num_hierarchies=10
[2025-11-14 22:37:19,116][src.models.modules.semantic_id.tiger_generation_model][INFO] - [rank: 0] 使用分块生成策略，num_hierarchies=10
[2025-11-14 22:37:19,800][src.models.modules.semantic_id.tiger_generation_model][INFO] - [rank: 0] 使用分块生成策略，num_hierarchies=10
[2025-11-14 22:37:20,343][src.models.modules.semantic_id.tiger_generation_model][INFO] - [rank: 0] 使用分块生成策略，num_hierarchies=10
[2025-11-14 22:37:20,935][src.models.modules.semantic_id.tiger_generation_model][INFO] - [rank: 0] 使用分块生成策略，num_hierarchies=10
[2025-11-14 22:37:21,525][src.models.modules.semantic_id.tiger_generation_model][INFO] - [rank: 0] 使用分块生成策略，num_hierarchies=10
[2025-11-14 22:37:22,140][src.models.modules.semantic_id.tiger_generation_model][INFO] - [rank: 0] 使用分块生成策略，num_hierarchies=10
[2025-11-14 22:37:22,752][src.models.modules.semantic_id.tiger_generation_model][INFO] - [rank: 0] 使用分块生成策略，num_hierarchies=10
[2025-11-14 22:37:23,357][src.models.modules.semantic_id.tiger_generation_model][INFO] - [rank: 0] 使用分块生成策略，num_hierarchies=10
[2025-11-14 22:37:23,941][src.models.modules.semantic_id.tiger_generation_model][INFO] - [rank: 0] 使用分块生成策略，num_hierarchies=10
[2025-11-14 22:37:24,538][src.models.modules.semantic_id.tiger_generation_model][INFO] - [rank: 0] 使用分块生成策略，num_hierarchies=10
[2025-11-14 22:37:25,134][src.models.modules.semantic_id.tiger_generation_model][INFO] - [rank: 0] 使用分块生成策略，num_hierarchies=10
[2025-11-14 22:37:25,745][src.models.modules.semantic_id.tiger_generation_model][INFO] - [rank: 0] 使用分块生成策略，num_hierarchies=10
[2025-11-14 22:37:26,339][src.models.modules.semantic_id.tiger_generation_model][INFO] - [rank: 0] 使用分块生成策略，num_hierarchies=10
[2025-11-14 22:37:26,940][src.models.modules.semantic_id.tiger_generation_model][INFO] - [rank: 0] 使用分块生成策略，num_hierarchies=10
[2025-11-14 22:37:27,528][src.models.modules.semantic_id.tiger_generation_model][INFO] - [rank: 0] 使用分块生成策略，num_hierarchies=10
[2025-11-14 22:37:28,335][src.models.modules.semantic_id.tiger_generation_model][INFO] - [rank: 0] 使用分块生成策略，num_hierarchies=10
[2025-11-14 22:37:29,086][src.models.modules.semantic_id.tiger_generation_model][INFO] - [rank: 0] 使用分块生成策略，num_hierarchies=10
[2025-11-14 22:37:29,721][src.models.modules.semantic_id.tiger_generation_model][INFO] - [rank: 0] 使用分块生成策略，num_hierarchies=10
[2025-11-14 22:37:30,273][src.models.modules.semantic_id.tiger_generation_model][INFO] - [rank: 0] 使用分块生成策略，num_hierarchies=10
[2025-11-14 22:37:30,881][src.models.modules.semantic_id.tiger_generation_model][INFO] - [rank: 0] 使用分块生成策略，num_hierarchies=10
[2025-11-14 22:37:31,480][src.models.modules.semantic_id.tiger_generation_model][INFO] - [rank: 0] 使用分块生成策略，num_hierarchies=10
[2025-11-14 22:37:32,084][src.models.modules.semantic_id.tiger_generation_model][INFO] - [rank: 0] 使用分块生成策略，num_hierarchies=10
[2025-11-14 22:37:32,687][src.models.modules.semantic_id.tiger_generation_model][INFO] - [rank: 0] 使用分块生成策略，num_hierarchies=10
[2025-11-14 22:37:33,281][src.models.modules.semantic_id.tiger_generation_model][INFO] - [rank: 0] 使用分块生成策略，num_hierarchies=10
[2025-11-14 22:37:33,888][src.models.modules.semantic_id.tiger_generation_model][INFO] - [rank: 0] 使用分块生成策略，num_hierarchies=10
[2025-11-14 22:37:34,473][src.models.modules.semantic_id.tiger_generation_model][INFO] - [rank: 0] 使用分块生成策略，num_hierarchies=10
[2025-11-14 22:37:35,097][src.models.modules.semantic_id.tiger_generation_model][INFO] - [rank: 0] 使用分块生成策略，num_hierarchies=10
[2025-11-14 22:37:35,675][src.models.modules.semantic_id.tiger_generation_model][INFO] - [rank: 0] 使用分块生成策略，num_hierarchies=10
[2025-11-14 22:37:36,266][src.models.modules.semantic_id.tiger_generation_model][INFO] - [rank: 0] 使用分块生成策略，num_hierarchies=10
[2025-11-14 22:37:36,872][src.models.modules.semantic_id.tiger_generation_model][INFO] - [rank: 0] 使用分块生成策略，num_hierarchies=10
[2025-11-14 22:37:37,458][src.models.modules.semantic_id.tiger_generation_model][INFO] - [rank: 0] 使用分块生成策略，num_hierarchies=10
[2025-11-14 22:37:38,047][src.models.modules.semantic_id.tiger_generation_model][INFO] - [rank: 0] 使用分块生成策略，num_hierarchies=10
[2025-11-14 22:37:38,810][src.models.modules.semantic_id.tiger_generation_model][INFO] - [rank: 0] 使用分块生成策略，num_hierarchies=10
[2025-11-14 22:37:39,527][src.models.modules.semantic_id.tiger_generation_model][INFO] - [rank: 0] 使用分块生成策略，num_hierarchies=10
[2025-11-14 22:37:40,242][src.models.modules.semantic_id.tiger_generation_model][INFO] - [rank: 0] 使用分块生成策略，num_hierarchies=10
[2025-11-14 22:37:40,834][src.models.modules.semantic_id.tiger_generation_model][INFO] - [rank: 0] 使用分块生成策略，num_hierarchies=10
[2025-11-14 22:37:41,443][src.models.modules.semantic_id.tiger_generation_model][INFO] - [rank: 0] 使用分块生成策略，num_hierarchies=10
[2025-11-14 22:37:42,043][src.models.modules.semantic_id.tiger_generation_model][INFO] - [rank: 0] 使用分块生成策略，num_hierarchies=10
[2025-11-14 22:37:42,643][src.models.modules.semantic_id.tiger_generation_model][INFO] - [rank: 0] 使用分块生成策略，num_hierarchies=10
[2025-11-14 22:37:43,255][src.models.modules.semantic_id.tiger_generation_model][INFO] - [rank: 0] 使用分块生成策略，num_hierarchies=10
[2025-11-14 22:37:43,840][src.models.modules.semantic_id.tiger_generation_model][INFO] - [rank: 0] 使用分块生成策略，num_hierarchies=10
[2025-11-14 22:37:44,454][src.models.modules.semantic_id.tiger_generation_model][INFO] - [rank: 0] 使用分块生成策略，num_hierarchies=10
[2025-11-14 22:37:45,057][src.models.modules.semantic_id.tiger_generation_model][INFO] - [rank: 0] 使用分块生成策略，num_hierarchies=10
[2025-11-14 22:37:45,695][src.models.modules.semantic_id.tiger_generation_model][INFO] - [rank: 0] 使用分块生成策略，num_hierarchies=10
[2025-11-14 22:37:46,265][src.models.modules.semantic_id.tiger_generation_model][INFO] - [rank: 0] 使用分块生成策略，num_hierarchies=10
[2025-11-14 22:37:46,832][src.models.modules.semantic_id.tiger_generation_model][INFO] - [rank: 0] 使用分块生成策略，num_hierarchies=10
[2025-11-14 22:37:47,416][src.models.modules.semantic_id.tiger_generation_model][INFO] - [rank: 0] 使用分块生成策略，num_hierarchies=10
[2025-11-14 22:37:48,014][src.models.modules.semantic_id.tiger_generation_model][INFO] - [rank: 0] 使用分块生成策略，num_hierarchies=10
[2025-11-14 22:37:48,517][src.models.modules.semantic_id.tiger_generation_model][INFO] - [rank: 0] 使用分块生成策略，num_hierarchies=10
[2025-11-14 22:37:49,052][src.models.modules.semantic_id.tiger_generation_model][INFO] - [rank: 0] 使用分块生成策略，num_hierarchies=10
[2025-11-14 22:37:49,616][src.models.modules.semantic_id.tiger_generation_model][INFO] - [rank: 0] 使用分块生成策略，num_hierarchies=10
[2025-11-14 22:37:50,163][src.models.modules.semantic_id.tiger_generation_model][INFO] - [rank: 0] 使用分块生成策略，num_hierarchies=10
[2025-11-14 22:37:50,719][src.models.modules.semantic_id.tiger_generation_model][INFO] - [rank: 0] 使用分块生成策略，num_hierarchies=10
[2025-11-14 22:37:51,344][src.models.modules.semantic_id.tiger_generation_model][INFO] - [rank: 0] 使用分块生成策略，num_hierarchies=10
[2025-11-14 22:37:51,936][src.models.modules.semantic_id.tiger_generation_model][INFO] - [rank: 0] 使用分块生成策略，num_hierarchies=10
[2025-11-14 22:37:52,533][src.models.modules.semantic_id.tiger_generation_model][INFO] - [rank: 0] 使用分块生成策略，num_hierarchies=10
[2025-11-14 22:37:53,119][src.models.modules.semantic_id.tiger_generation_model][INFO] - [rank: 0] 使用分块生成策略，num_hierarchies=10
[2025-11-14 22:37:53,735][src.models.modules.semantic_id.tiger_generation_model][INFO] - [rank: 0] 使用分块生成策略，num_hierarchies=10
[2025-11-14 22:37:54,424][src.models.modules.semantic_id.tiger_generation_model][INFO] - [rank: 0] 使用分块生成策略，num_hierarchies=10
[2025-11-14 22:37:55,249][src.models.modules.semantic_id.tiger_generation_model][INFO] - [rank: 0] 使用分块生成策略，num_hierarchies=10
[2025-11-14 22:37:55,966][src.models.modules.semantic_id.tiger_generation_model][INFO] - [rank: 0] 使用分块生成策略，num_hierarchies=10
[2025-11-14 22:37:56,562][src.models.modules.semantic_id.tiger_generation_model][INFO] - [rank: 0] 使用分块生成策略，num_hierarchies=10
[2025-11-14 22:37:57,152][src.models.modules.semantic_id.tiger_generation_model][INFO] - [rank: 0] 使用分块生成策略，num_hierarchies=10
[2025-11-14 22:37:57,775][src.models.modules.semantic_id.tiger_generation_model][INFO] - [rank: 0] 使用分块生成策略，num_hierarchies=10
[2025-11-14 22:37:58,381][src.models.modules.semantic_id.tiger_generation_model][INFO] - [rank: 0] 使用分块生成策略，num_hierarchies=10
[2025-11-14 22:37:58,970][src.models.modules.semantic_id.tiger_generation_model][INFO] - [rank: 0] 使用分块生成策略，num_hierarchies=10
[2025-11-14 22:37:59,561][src.models.modules.semantic_id.tiger_generation_model][INFO] - [rank: 0] 使用分块生成策略，num_hierarchies=10
[2025-11-14 22:38:00,153][src.models.modules.semantic_id.tiger_generation_model][INFO] - [rank: 0] 使用分块生成策略，num_hierarchies=10
[2025-11-14 22:38:00,695][src.models.modules.semantic_id.tiger_generation_model][INFO] - [rank: 0] 使用分块生成策略，num_hierarchies=10
[2025-11-14 22:38:01,275][src.models.modules.semantic_id.tiger_generation_model][INFO] - [rank: 0] 使用分块生成策略，num_hierarchies=10
[2025-11-14 22:38:01,852][src.models.modules.semantic_id.tiger_generation_model][INFO] - [rank: 0] 使用分块生成策略，num_hierarchies=10
[2025-11-14 22:38:02,444][src.models.modules.semantic_id.tiger_generation_model][INFO] - [rank: 0] 使用分块生成策略，num_hierarchies=10
[2025-11-14 22:38:03,022][src.models.modules.semantic_id.tiger_generation_model][INFO] - [rank: 0] 使用分块生成策略，num_hierarchies=10
[2025-11-14 22:38:03,742][src.models.modules.semantic_id.tiger_generation_model][INFO] - [rank: 0] 使用分块生成策略，num_hierarchies=10
[2025-11-14 22:38:04,517][src.models.modules.semantic_id.tiger_generation_model][INFO] - [rank: 0] 使用分块生成策略，num_hierarchies=10
[2025-11-14 22:38:05,251][src.models.modules.semantic_id.tiger_generation_model][INFO] - [rank: 0] 使用分块生成策略，num_hierarchies=10
[2025-11-14 22:38:05,776][src.models.modules.semantic_id.tiger_generation_model][INFO] - [rank: 0] 使用分块生成策略，num_hierarchies=10
[2025-11-14 22:38:06,351][src.models.modules.semantic_id.tiger_generation_model][INFO] - [rank: 0] 使用分块生成策略，num_hierarchies=10
[2025-11-14 22:38:06,969][src.models.modules.semantic_id.tiger_generation_model][INFO] - [rank: 0] 使用分块生成策略，num_hierarchies=10
[2025-11-14 22:38:07,559][src.models.modules.semantic_id.tiger_generation_model][INFO] - [rank: 0] 使用分块生成策略，num_hierarchies=10
[2025-11-14 22:38:08,155][src.models.modules.semantic_id.tiger_generation_model][INFO] - [rank: 0] 使用分块生成策略，num_hierarchies=10
[2025-11-14 22:38:08,785][src.models.modules.semantic_id.tiger_generation_model][INFO] - [rank: 0] 使用分块生成策略，num_hierarchies=10
[2025-11-14 22:38:09,392][src.models.modules.semantic_id.tiger_generation_model][INFO] - [rank: 0] 使用分块生成策略，num_hierarchies=10
[2025-11-14 22:38:09,972][src.models.modules.semantic_id.tiger_generation_model][INFO] - [rank: 0] 使用分块生成策略，num_hierarchies=10
[2025-11-14 22:38:10,553][src.models.modules.semantic_id.tiger_generation_model][INFO] - [rank: 0] 使用分块生成策略，num_hierarchies=10
[2025-11-14 22:38:11,125][src.models.modules.semantic_id.tiger_generation_model][INFO] - [rank: 0] 使用分块生成策略，num_hierarchies=10
[2025-11-14 22:38:11,714][src.models.modules.semantic_id.tiger_generation_model][INFO] - [rank: 0] 使用分块生成策略，num_hierarchies=10
[2025-11-14 22:38:12,287][src.models.modules.semantic_id.tiger_generation_model][INFO] - [rank: 0] 使用分块生成策略，num_hierarchies=10
[2025-11-14 22:38:12,911][src.models.modules.semantic_id.tiger_generation_model][INFO] - [rank: 0] 使用分块生成策略，num_hierarchies=10
[2025-11-14 22:38:13,694][src.models.modules.semantic_id.tiger_generation_model][INFO] - [rank: 0] 使用分块生成策略，num_hierarchies=10
[2025-11-14 22:38:14,269][src.models.modules.semantic_id.tiger_generation_model][INFO] - [rank: 0] 使用分块生成策略，num_hierarchies=10
[2025-11-14 22:38:14,897][src.models.modules.semantic_id.tiger_generation_model][INFO] - [rank: 0] 使用分块生成策略，num_hierarchies=10
[2025-11-14 22:38:15,491][src.models.modules.semantic_id.tiger_generation_model][INFO] - [rank: 0] 使用分块生成策略，num_hierarchies=10
[2025-11-14 22:38:16,075][src.models.modules.semantic_id.tiger_generation_model][INFO] - [rank: 0] 使用分块生成策略，num_hierarchies=10
[2025-11-14 22:38:16,676][src.models.modules.semantic_id.tiger_generation_model][INFO] - [rank: 0] 使用分块生成策略，num_hierarchies=10
[2025-11-14 22:38:17,257][src.models.modules.semantic_id.tiger_generation_model][INFO] - [rank: 0] 使用分块生成策略，num_hierarchies=10
[2025-11-14 22:38:17,821][src.models.modules.semantic_id.tiger_generation_model][INFO] - [rank: 0] 使用分块生成策略，num_hierarchies=10
[2025-11-14 22:38:18,413][src.models.modules.semantic_id.tiger_generation_model][INFO] - [rank: 0] 使用分块生成策略，num_hierarchies=10
[2025-11-14 22:38:18,998][src.models.modules.semantic_id.tiger_generation_model][INFO] - [rank: 0] 使用分块生成策略，num_hierarchies=10
[2025-11-14 22:38:19,551][src.models.modules.semantic_id.tiger_generation_model][INFO] - [rank: 0] 使用分块生成策略，num_hierarchies=10
[2025-11-14 22:38:20,140][src.models.modules.semantic_id.tiger_generation_model][INFO] - [rank: 0] 使用分块生成策略，num_hierarchies=10
[2025-11-14 22:38:20,729][src.models.modules.semantic_id.tiger_generation_model][INFO] - [rank: 0] 使用分块生成策略，num_hierarchies=10
[2025-11-14 22:38:21,318][src.models.modules.semantic_id.tiger_generation_model][INFO] - [rank: 0] 使用分块生成策略，num_hierarchies=10
[2025-11-14 22:38:21,930][src.models.modules.semantic_id.tiger_generation_model][INFO] - [rank: 0] 使用分块生成策略，num_hierarchies=10
[2025-11-14 22:38:22,629][src.models.modules.semantic_id.tiger_generation_model][INFO] - [rank: 0] 使用分块生成策略，num_hierarchies=10
[2025-11-14 22:38:23,311][src.models.modules.semantic_id.tiger_generation_model][INFO] - [rank: 0] 使用分块生成策略，num_hierarchies=10
[2025-11-14 22:38:23,953][src.models.modules.semantic_id.tiger_generation_model][INFO] - [rank: 0] 使用分块生成策略，num_hierarchies=10
[2025-11-14 22:38:24,521][src.models.modules.semantic_id.tiger_generation_model][INFO] - [rank: 0] 使用分块生成策略，num_hierarchies=10
[2025-11-14 22:38:25,106][src.models.modules.semantic_id.tiger_generation_model][INFO] - [rank: 0] 使用分块生成策略，num_hierarchies=10
[2025-11-14 22:38:25,708][src.models.modules.semantic_id.tiger_generation_model][INFO] - [rank: 0] 使用分块生成策略，num_hierarchies=10
[2025-11-14 22:38:26,310][src.models.modules.semantic_id.tiger_generation_model][INFO] - [rank: 0] 使用分块生成策略，num_hierarchies=10
[2025-11-14 22:38:26,887][src.models.modules.semantic_id.tiger_generation_model][INFO] - [rank: 0] 使用分块生成策略，num_hierarchies=10
[2025-11-14 22:38:27,462][src.models.modules.semantic_id.tiger_generation_model][INFO] - [rank: 0] 使用分块生成策略，num_hierarchies=10
[2025-11-14 22:38:28,060][src.models.modules.semantic_id.tiger_generation_model][INFO] - [rank: 0] 使用分块生成策略，num_hierarchies=10
[2025-11-14 22:38:28,674][src.models.modules.semantic_id.tiger_generation_model][INFO] - [rank: 0] 使用分块生成策略，num_hierarchies=10
[2025-11-14 22:38:29,233][src.models.modules.semantic_id.tiger_generation_model][INFO] - [rank: 0] 使用分块生成策略，num_hierarchies=10
[2025-11-14 22:38:29,816][src.models.modules.semantic_id.tiger_generation_model][INFO] - [rank: 0] 使用分块生成策略，num_hierarchies=10
[2025-11-14 22:38:30,406][src.models.modules.semantic_id.tiger_generation_model][INFO] - [rank: 0] 使用分块生成策略，num_hierarchies=10
[2025-11-14 22:38:30,991][src.models.modules.semantic_id.tiger_generation_model][INFO] - [rank: 0] 使用分块生成策略，num_hierarchies=10
[2025-11-14 22:38:31,575][src.models.modules.semantic_id.tiger_generation_model][INFO] - [rank: 0] 使用分块生成策略，num_hierarchies=10
[2025-11-14 22:38:32,402][src.models.modules.semantic_id.tiger_generation_model][INFO] - [rank: 0] 使用分块生成策略，num_hierarchies=10
[2025-11-14 22:38:33,080][src.models.modules.semantic_id.tiger_generation_model][INFO] - [rank: 0] 使用分块生成策略，num_hierarchies=10
[2025-11-14 22:38:33,740][src.models.modules.semantic_id.tiger_generation_model][INFO] - [rank: 0] 使用分块生成策略，num_hierarchies=10
[2025-11-14 22:38:34,268][src.models.modules.semantic_id.tiger_generation_model][INFO] - [rank: 0] 使用分块生成策略，num_hierarchies=10
[2025-11-14 22:38:34,861][src.models.modules.semantic_id.tiger_generation_model][INFO] - [rank: 0] 使用分块生成策略，num_hierarchies=10
[2025-11-14 22:38:35,443][src.models.modules.semantic_id.tiger_generation_model][INFO] - [rank: 0] 使用分块生成策略，num_hierarchies=10
[2025-11-14 22:38:36,048][src.models.modules.semantic_id.tiger_generation_model][INFO] - [rank: 0] 使用分块生成策略，num_hierarchies=10
[2025-11-14 22:38:36,619][src.models.modules.semantic_id.tiger_generation_model][INFO] - [rank: 0] 使用分块生成策略，num_hierarchies=10
[2025-11-14 22:38:37,225][src.models.modules.semantic_id.tiger_generation_model][INFO] - [rank: 0] 使用分块生成策略，num_hierarchies=10
[2025-11-14 22:38:37,805][src.models.modules.semantic_id.tiger_generation_model][INFO] - [rank: 0] 使用分块生成策略，num_hierarchies=10
[2025-11-14 22:38:38,415][src.models.modules.semantic_id.tiger_generation_model][INFO] - [rank: 0] 使用分块生成策略，num_hierarchies=10
[2025-11-14 22:38:39,047][src.models.modules.semantic_id.tiger_generation_model][INFO] - [rank: 0] 使用分块生成策略，num_hierarchies=10
[2025-11-14 22:38:39,644][src.models.modules.semantic_id.tiger_generation_model][INFO] - [rank: 0] 使用分块生成策略，num_hierarchies=10
[2025-11-14 22:38:40,255][src.models.modules.semantic_id.tiger_generation_model][INFO] - [rank: 0] 使用分块生成策略，num_hierarchies=10
[2025-11-14 22:38:40,974][src.models.modules.semantic_id.tiger_generation_model][INFO] - [rank: 0] 使用分块生成策略，num_hierarchies=10
[2025-11-14 22:38:41,759][src.models.modules.semantic_id.tiger_generation_model][INFO] - [rank: 0] 使用分块生成策略，num_hierarchies=10
[2025-11-14 22:38:42,499][src.models.modules.semantic_id.tiger_generation_model][INFO] - [rank: 0] 使用分块生成策略，num_hierarchies=10
[2025-11-14 22:38:43,067][src.models.modules.semantic_id.tiger_generation_model][INFO] - [rank: 0] 使用分块生成策略，num_hierarchies=10
[2025-11-14 22:38:43,625][src.models.modules.semantic_id.tiger_generation_model][INFO] - [rank: 0] 使用分块生成策略，num_hierarchies=10
[2025-11-14 22:38:44,174][src.models.modules.semantic_id.tiger_generation_model][INFO] - [rank: 0] 使用分块生成策略，num_hierarchies=10
[2025-11-14 22:38:44,723][src.models.modules.semantic_id.tiger_generation_model][INFO] - [rank: 0] 使用分块生成策略，num_hierarchies=10
[2025-11-14 22:38:45,294][src.models.modules.semantic_id.tiger_generation_model][INFO] - [rank: 0] 使用分块生成策略，num_hierarchies=10
[2025-11-14 22:38:45,927][src.models.modules.semantic_id.tiger_generation_model][INFO] - [rank: 0] 使用分块生成策略，num_hierarchies=10
[2025-11-14 22:38:46,549][src.models.modules.semantic_id.tiger_generation_model][INFO] - [rank: 0] 使用分块生成策略，num_hierarchies=10
[2025-11-14 22:38:47,246][src.models.modules.semantic_id.tiger_generation_model][INFO] - [rank: 0] 使用分块生成策略，num_hierarchies=10
[2025-11-14 22:38:47,950][src.models.modules.semantic_id.tiger_generation_model][INFO] - [rank: 0] 使用分块生成策略，num_hierarchies=10
[2025-11-14 22:38:48,679][src.models.modules.semantic_id.tiger_generation_model][INFO] - [rank: 0] 使用分块生成策略，num_hierarchies=10
[2025-11-14 22:38:49,352][src.models.modules.semantic_id.tiger_generation_model][INFO] - [rank: 0] 使用分块生成策略，num_hierarchies=10
[2025-11-14 22:38:50,209][src.models.modules.semantic_id.tiger_generation_model][INFO] - [rank: 0] 使用分块生成策略，num_hierarchies=10
[2025-11-14 22:38:50,849][src.models.modules.semantic_id.tiger_generation_model][INFO] - [rank: 0] 使用分块生成策略，num_hierarchies=10
[2025-11-14 22:38:51,595][src.models.modules.semantic_id.tiger_generation_model][INFO] - [rank: 0] 使用分块生成策略，num_hierarchies=10
[2025-11-14 22:38:52,218][src.models.modules.semantic_id.tiger_generation_model][INFO] - [rank: 0] 使用分块生成策略，num_hierarchies=10
[2025-11-14 22:38:52,896][src.models.modules.semantic_id.tiger_generation_model][INFO] - [rank: 0] 使用分块生成策略，num_hierarchies=10
[2025-11-14 22:38:53,562][src.models.modules.semantic_id.tiger_generation_model][INFO] - [rank: 0] 使用分块生成策略，num_hierarchies=10
[2025-11-14 22:38:54,262][src.models.modules.semantic_id.tiger_generation_model][INFO] - [rank: 0] 使用分块生成策略，num_hierarchies=10
[2025-11-14 22:38:54,929][src.models.modules.semantic_id.tiger_generation_model][INFO] - [rank: 0] 使用分块生成策略，num_hierarchies=10
[2025-11-14 22:38:55,582][src.models.modules.semantic_id.tiger_generation_model][INFO] - [rank: 0] 使用分块生成策略，num_hierarchies=10
[2025-11-14 22:38:56,213][src.models.modules.semantic_id.tiger_generation_model][INFO] - [rank: 0] 使用分块生成策略，num_hierarchies=10
[2025-11-14 22:38:56,832][src.models.modules.semantic_id.tiger_generation_model][INFO] - [rank: 0] 使用分块生成策略，num_hierarchies=10
[2025-11-14 22:38:57,455][src.models.modules.semantic_id.tiger_generation_model][INFO] - [rank: 0] 使用分块生成策略，num_hierarchies=10
[2025-11-14 22:38:58,093][src.models.modules.semantic_id.tiger_generation_model][INFO] - [rank: 0] 使用分块生成策略，num_hierarchies=10
[2025-11-14 22:38:58,723][src.models.modules.semantic_id.tiger_generation_model][INFO] - [rank: 0] 使用分块生成策略，num_hierarchies=10
[2025-11-14 22:38:59,284][src.models.modules.semantic_id.tiger_generation_model][INFO] - [rank: 0] 使用分块生成策略，num_hierarchies=10
[2025-11-14 22:38:59,834][src.models.modules.semantic_id.tiger_generation_model][INFO] - [rank: 0] 使用分块生成策略，num_hierarchies=10
[2025-11-14 22:39:00,662][src.models.modules.semantic_id.tiger_generation_model][INFO] - [rank: 0] 使用分块生成策略，num_hierarchies=10
[2025-11-14 22:39:01,306][src.models.modules.semantic_id.tiger_generation_model][INFO] - [rank: 0] 使用分块生成策略，num_hierarchies=10
[2025-11-14 22:39:01,814][src.models.modules.semantic_id.tiger_generation_model][INFO] - [rank: 0] 使用分块生成策略，num_hierarchies=10
[2025-11-14 22:39:02,409][src.models.modules.semantic_id.tiger_generation_model][INFO] - [rank: 0] 使用分块生成策略，num_hierarchies=10
[2025-11-14 22:39:02,956][src.models.modules.semantic_id.tiger_generation_model][INFO] - [rank: 0] 使用分块生成策略，num_hierarchies=10
[2025-11-14 22:39:03,577][src.models.modules.semantic_id.tiger_generation_model][INFO] - [rank: 0] 使用分块生成策略，num_hierarchies=10
[2025-11-14 22:39:04,215][src.models.modules.semantic_id.tiger_generation_model][INFO] - [rank: 0] 使用分块生成策略，num_hierarchies=10
[2025-11-14 22:39:04,890][src.models.modules.semantic_id.tiger_generation_model][INFO] - [rank: 0] 使用分块生成策略，num_hierarchies=10
[2025-11-14 22:39:05,495][src.models.modules.semantic_id.tiger_generation_model][INFO] - [rank: 0] 使用分块生成策略，num_hierarchies=10
[2025-11-14 22:39:06,188][src.models.modules.semantic_id.tiger_generation_model][INFO] - [rank: 0] 使用分块生成策略，num_hierarchies=10
[2025-11-14 22:39:06,853][src.models.modules.semantic_id.tiger_generation_model][INFO] - [rank: 0] 使用分块生成策略，num_hierarchies=10
[2025-11-14 22:39:07,627][src.models.modules.semantic_id.tiger_generation_model][INFO] - [rank: 0] 使用分块生成策略，num_hierarchies=10
[2025-11-14 22:39:08,367][src.models.modules.semantic_id.tiger_generation_model][INFO] - [rank: 0] 使用分块生成策略，num_hierarchies=10
[2025-11-14 22:39:08,939][src.models.modules.semantic_id.tiger_generation_model][INFO] - [rank: 0] 使用分块生成策略，num_hierarchies=10
[2025-11-14 22:39:09,560][src.models.modules.semantic_id.tiger_generation_model][INFO] - [rank: 0] 使用分块生成策略，num_hierarchies=10
[2025-11-14 22:39:10,201][src.models.modules.semantic_id.tiger_generation_model][INFO] - [rank: 0] 使用分块生成策略，num_hierarchies=10
[2025-11-14 22:39:10,786][src.models.modules.semantic_id.tiger_generation_model][INFO] - [rank: 0] 使用分块生成策略，num_hierarchies=10
[2025-11-14 22:39:11,392][src.models.modules.semantic_id.tiger_generation_model][INFO] - [rank: 0] 使用分块生成策略，num_hierarchies=10
[2025-11-14 22:39:12,051][src.models.modules.semantic_id.tiger_generation_model][INFO] - [rank: 0] 使用分块生成策略，num_hierarchies=10
[2025-11-14 22:39:12,702][src.models.modules.semantic_id.tiger_generation_model][INFO] - [rank: 0] 使用分块生成策略，num_hierarchies=10
[2025-11-14 22:39:13,254][src.models.modules.semantic_id.tiger_generation_model][INFO] - [rank: 0] 使用分块生成策略，num_hierarchies=10
[2025-11-14 22:39:13,854][src.models.modules.semantic_id.tiger_generation_model][INFO] - [rank: 0] 使用分块生成策略，num_hierarchies=10
[2025-11-14 22:39:14,464][src.models.modules.semantic_id.tiger_generation_model][INFO] - [rank: 0] 使用分块生成策略，num_hierarchies=10
[2025-11-14 22:39:15,089][src.models.modules.semantic_id.tiger_generation_model][INFO] - [rank: 0] 使用分块生成策略，num_hierarchies=10
[2025-11-14 22:39:15,698][src.models.modules.semantic_id.tiger_generation_model][INFO] - [rank: 0] 使用分块生成策略，num_hierarchies=10
[2025-11-14 22:39:16,343][src.models.modules.semantic_id.tiger_generation_model][INFO] - [rank: 0] 使用分块生成策略，num_hierarchies=10
[2025-11-14 22:39:16,923][src.models.modules.semantic_id.tiger_generation_model][INFO] - [rank: 0] 使用分块生成策略，num_hierarchies=10
[2025-11-14 22:39:17,510][src.models.modules.semantic_id.tiger_generation_model][INFO] - [rank: 0] 使用分块生成策略，num_hierarchies=10
[2025-11-14 22:39:18,089][src.models.modules.semantic_id.tiger_generation_model][INFO] - [rank: 0] 使用分块生成策略，num_hierarchies=10
[2025-11-14 22:39:18,663][src.models.modules.semantic_id.tiger_generation_model][INFO] - [rank: 0] 使用分块生成策略，num_hierarchies=10
[2025-11-14 22:39:19,266][src.models.modules.semantic_id.tiger_generation_model][INFO] - [rank: 0] 使用分块生成策略，num_hierarchies=10
[2025-11-14 22:39:19,846][src.models.modules.semantic_id.tiger_generation_model][INFO] - [rank: 0] 使用分块生成策略，num_hierarchies=10
[2025-11-14 22:39:20,414][src.models.modules.semantic_id.tiger_generation_model][INFO] - [rank: 0] 使用分块生成策略，num_hierarchies=10
[2025-11-14 22:39:21,011][src.models.modules.semantic_id.tiger_generation_model][INFO] - [rank: 0] 使用分块生成策略，num_hierarchies=10
[2025-11-14 22:39:21,619][src.models.modules.semantic_id.tiger_generation_model][INFO] - [rank: 0] 使用分块生成策略，num_hierarchies=10
[2025-11-14 22:39:22,193][src.models.modules.semantic_id.tiger_generation_model][INFO] - [rank: 0] 使用分块生成策略，num_hierarchies=10
[2025-11-14 22:39:22,764][src.models.modules.semantic_id.tiger_generation_model][INFO] - [rank: 0] 使用分块生成策略，num_hierarchies=10
[2025-11-14 22:39:23,365][src.models.modules.semantic_id.tiger_generation_model][INFO] - [rank: 0] 使用分块生成策略，num_hierarchies=10
[2025-11-14 22:39:23,938][src.models.modules.semantic_id.tiger_generation_model][INFO] - [rank: 0] 使用分块生成策略，num_hierarchies=10
[2025-11-14 22:39:24,514][src.models.modules.semantic_id.tiger_generation_model][INFO] - [rank: 0] 使用分块生成策略，num_hierarchies=10
[2025-11-14 22:39:25,065][src.models.modules.semantic_id.tiger_generation_model][INFO] - [rank: 0] 使用分块生成策略，num_hierarchies=10
[2025-11-14 22:39:25,650][src.models.modules.semantic_id.tiger_generation_model][INFO] - [rank: 0] 使用分块生成策略，num_hierarchies=10
[2025-11-14 22:39:26,244][src.models.modules.semantic_id.tiger_generation_model][INFO] - [rank: 0] 使用分块生成策略，num_hierarchies=10
[2025-11-14 22:39:26,823][src.models.modules.semantic_id.tiger_generation_model][INFO] - [rank: 0] 使用分块生成策略，num_hierarchies=10
[2025-11-14 22:39:27,404][src.models.modules.semantic_id.tiger_generation_model][INFO] - [rank: 0] 使用分块生成策略，num_hierarchies=10
[2025-11-14 22:39:28,001][src.models.modules.semantic_id.tiger_generation_model][INFO] - [rank: 0] 使用分块生成策略，num_hierarchies=10
[2025-11-14 22:39:28,578][src.models.modules.semantic_id.tiger_generation_model][INFO] - [rank: 0] 使用分块生成策略，num_hierarchies=10
[2025-11-14 22:39:29,169][src.models.modules.semantic_id.tiger_generation_model][INFO] - [rank: 0] 使用分块生成策略，num_hierarchies=10
[2025-11-14 22:39:29,741][src.models.modules.semantic_id.tiger_generation_model][INFO] - [rank: 0] 使用分块生成策略，num_hierarchies=10
[2025-11-14 22:39:30,337][src.models.modules.semantic_id.tiger_generation_model][INFO] - [rank: 0] 使用分块生成策略，num_hierarchies=10
[2025-11-14 22:39:30,924][src.models.modules.semantic_id.tiger_generation_model][INFO] - [rank: 0] 使用分块生成策略，num_hierarchies=10
[2025-11-14 22:39:31,535][src.models.modules.semantic_id.tiger_generation_model][INFO] - [rank: 0] 使用分块生成策略，num_hierarchies=10
[2025-11-14 22:39:32,140][src.models.modules.semantic_id.tiger_generation_model][INFO] - [rank: 0] 使用分块生成策略，num_hierarchies=10
[2025-11-14 22:39:32,724][src.models.modules.semantic_id.tiger_generation_model][INFO] - [rank: 0] 使用分块生成策略，num_hierarchies=10
[2025-11-14 22:39:33,285][src.models.modules.semantic_id.tiger_generation_model][INFO] - [rank: 0] 使用分块生成策略，num_hierarchies=10
[2025-11-14 22:39:33,883][src.models.modules.semantic_id.tiger_generation_model][INFO] - [rank: 0] 使用分块生成策略，num_hierarchies=10
[2025-11-14 22:39:34,482][src.models.modules.semantic_id.tiger_generation_model][INFO] - [rank: 0] 使用分块生成策略，num_hierarchies=10
[2025-11-14 22:39:35,079][src.models.modules.semantic_id.tiger_generation_model][INFO] - [rank: 0] 使用分块生成策略，num_hierarchies=10
[2025-11-14 22:39:35,657][src.models.modules.semantic_id.tiger_generation_model][INFO] - [rank: 0] 使用分块生成策略，num_hierarchies=10
[2025-11-14 22:39:36,379][src.models.modules.semantic_id.tiger_generation_model][INFO] - [rank: 0] 使用分块生成策略，num_hierarchies=10
[2025-11-14 22:39:36,976][src.models.modules.semantic_id.tiger_generation_model][INFO] - [rank: 0] 使用分块生成策略，num_hierarchies=10
[2025-11-14 22:39:37,672][src.models.modules.semantic_id.tiger_generation_model][INFO] - [rank: 0] 使用分块生成策略，num_hierarchies=10
[2025-11-14 22:39:38,297][src.models.modules.semantic_id.tiger_generation_model][INFO] - [rank: 0] 使用分块生成策略，num_hierarchies=10
[2025-11-14 22:39:38,885][src.models.modules.semantic_id.tiger_generation_model][INFO] - [rank: 0] 使用分块生成策略，num_hierarchies=10
[2025-11-14 22:39:39,498][src.models.modules.semantic_id.tiger_generation_model][INFO] - [rank: 0] 使用分块生成策略，num_hierarchies=10
[2025-11-14 22:39:40,356][src.models.modules.semantic_id.tiger_generation_model][INFO] - [rank: 0] 使用分块生成策略，num_hierarchies=10
[2025-11-14 22:39:40,900][src.models.modules.semantic_id.tiger_generation_model][INFO] - [rank: 0] 使用分块生成策略，num_hierarchies=10
[2025-11-14 22:39:41,522][src.models.modules.semantic_id.tiger_generation_model][INFO] - [rank: 0] 使用分块生成策略，num_hierarchies=10
[2025-11-14 22:39:42,190][src.models.modules.semantic_id.tiger_generation_model][INFO] - [rank: 0] 使用分块生成策略，num_hierarchies=10
[2025-11-14 22:39:42,737][src.models.modules.semantic_id.tiger_generation_model][INFO] - [rank: 0] 使用分块生成策略，num_hierarchies=10
[2025-11-14 22:39:43,332][src.models.modules.semantic_id.tiger_generation_model][INFO] - [rank: 0] 使用分块生成策略，num_hierarchies=10
[2025-11-14 22:39:43,975][src.models.modules.semantic_id.tiger_generation_model][INFO] - [rank: 0] 使用分块生成策略，num_hierarchies=10
[2025-11-14 22:39:44,585][src.models.modules.semantic_id.tiger_generation_model][INFO] - [rank: 0] 使用分块生成策略，num_hierarchies=10
[2025-11-14 22:39:45,204][src.models.modules.semantic_id.tiger_generation_model][INFO] - [rank: 0] 使用分块生成策略，num_hierarchies=10
[2025-11-14 22:39:45,782][src.models.modules.semantic_id.tiger_generation_model][INFO] - [rank: 0] 使用分块生成策略，num_hierarchies=10
[2025-11-14 22:39:46,632][src.models.modules.semantic_id.tiger_generation_model][INFO] - [rank: 0] 使用分块生成策略，num_hierarchies=10
[2025-11-14 22:39:47,229][src.models.modules.semantic_id.tiger_generation_model][INFO] - [rank: 0] 使用分块生成策略，num_hierarchies=10
[2025-11-14 22:39:47,838][src.models.modules.semantic_id.tiger_generation_model][INFO] - [rank: 0] 使用分块生成策略，num_hierarchies=10
[2025-11-14 22:39:48,362][src.models.modules.semantic_id.tiger_generation_model][INFO] - [rank: 0] 使用分块生成策略，num_hierarchies=10
[2025-11-14 22:39:48,910][src.models.modules.semantic_id.tiger_generation_model][INFO] - [rank: 0] 使用分块生成策略，num_hierarchies=10
[2025-11-14 22:39:49,492][src.models.modules.semantic_id.tiger_generation_model][INFO] - [rank: 0] 使用分块生成策略，num_hierarchies=10
[2025-11-14 22:39:50,040][src.models.modules.semantic_id.tiger_generation_model][INFO] - [rank: 0] 使用分块生成策略，num_hierarchies=10
[2025-11-14 22:39:50,578][src.models.modules.semantic_id.tiger_generation_model][INFO] - [rank: 0] 使用分块生成策略，num_hierarchies=10
[2025-11-14 22:39:51,120][src.models.modules.semantic_id.tiger_generation_model][INFO] - [rank: 0] 使用分块生成策略，num_hierarchies=10
[2025-11-14 22:39:51,693][src.models.modules.semantic_id.tiger_generation_model][INFO] - [rank: 0] 使用分块生成策略，num_hierarchies=10
[2025-11-14 22:39:52,337][src.models.modules.semantic_id.tiger_generation_model][INFO] - [rank: 0] 使用分块生成策略，num_hierarchies=10
[2025-11-14 22:39:52,914][src.models.modules.semantic_id.tiger_generation_model][INFO] - [rank: 0] 使用分块生成策略，num_hierarchies=10
[2025-11-14 22:39:53,450][src.models.modules.semantic_id.tiger_generation_model][INFO] - [rank: 0] 使用分块生成策略，num_hierarchies=10
[2025-11-14 22:39:54,012][src.models.modules.semantic_id.tiger_generation_model][INFO] - [rank: 0] 使用分块生成策略，num_hierarchies=10
[2025-11-14 22:39:54,570][src.models.modules.semantic_id.tiger_generation_model][INFO] - [rank: 0] 使用分块生成策略，num_hierarchies=10
[2025-11-14 22:39:55,117][src.models.modules.semantic_id.tiger_generation_model][INFO] - [rank: 0] 使用分块生成策略，num_hierarchies=10
[2025-11-14 22:39:55,711][src.models.modules.semantic_id.tiger_generation_model][INFO] - [rank: 0] 使用分块生成策略，num_hierarchies=10
[2025-11-14 22:39:56,286][src.models.modules.semantic_id.tiger_generation_model][INFO] - [rank: 0] 使用分块生成策略，num_hierarchies=10
[2025-11-14 22:39:56,866][src.models.modules.semantic_id.tiger_generation_model][INFO] - [rank: 0] 使用分块生成策略，num_hierarchies=10
[2025-11-14 22:39:57,470][src.models.modules.semantic_id.tiger_generation_model][INFO] - [rank: 0] 使用分块生成策略，num_hierarchies=10
[2025-11-14 22:39:58,061][src.models.modules.semantic_id.tiger_generation_model][INFO] - [rank: 0] 使用分块生成策略，num_hierarchies=10
[2025-11-14 22:39:58,766][src.models.modules.semantic_id.tiger_generation_model][INFO] - [rank: 0] 使用分块生成策略，num_hierarchies=10
[2025-11-14 22:39:59,374][src.models.modules.semantic_id.tiger_generation_model][INFO] - [rank: 0] 使用分块生成策略，num_hierarchies=10
[2025-11-14 22:39:59,906][src.models.modules.semantic_id.tiger_generation_model][INFO] - [rank: 0] 使用分块生成策略，num_hierarchies=10
[2025-11-14 22:40:00,449][src.models.modules.semantic_id.tiger_generation_model][INFO] - [rank: 0] 使用分块生成策略，num_hierarchies=10
[2025-11-14 22:40:00,986][src.models.modules.semantic_id.tiger_generation_model][INFO] - [rank: 0] 使用分块生成策略，num_hierarchies=10
[2025-11-14 22:40:01,552][src.models.modules.semantic_id.tiger_generation_model][INFO] - [rank: 0] 使用分块生成策略，num_hierarchies=10
[2025-11-14 22:40:02,119][src.models.modules.semantic_id.tiger_generation_model][INFO] - [rank: 0] 使用分块生成策略，num_hierarchies=10
[2025-11-14 22:40:02,674][src.models.modules.semantic_id.tiger_generation_model][INFO] - [rank: 0] 使用分块生成策略，num_hierarchies=10
[2025-11-14 22:40:03,226][src.models.modules.semantic_id.tiger_generation_model][INFO] - [rank: 0] 使用分块生成策略，num_hierarchies=10
[2025-11-14 22:40:03,733][src.models.modules.semantic_id.tiger_generation_model][INFO] - [rank: 0] 使用分块生成策略，num_hierarchies=10
[2025-11-14 22:40:04,293][src.models.modules.semantic_id.tiger_generation_model][INFO] - [rank: 0] 使用分块生成策略，num_hierarchies=10
[2025-11-14 22:40:04,860][src.models.modules.semantic_id.tiger_generation_model][INFO] - [rank: 0] 使用分块生成策略，num_hierarchies=10
[2025-11-14 22:40:05,394][src.models.modules.semantic_id.tiger_generation_model][INFO] - [rank: 0] 使用分块生成策略，num_hierarchies=10
[2025-11-14 22:40:05,940][src.models.modules.semantic_id.tiger_generation_model][INFO] - [rank: 0] 使用分块生成策略，num_hierarchies=10
[2025-11-14 22:40:06,541][src.models.modules.semantic_id.tiger_generation_model][INFO] - [rank: 0] 使用分块生成策略，num_hierarchies=10
[2025-11-14 22:40:07,112][src.models.modules.semantic_id.tiger_generation_model][INFO] - [rank: 0] 使用分块生成策略，num_hierarchies=10
[2025-11-14 22:40:07,646][src.models.modules.semantic_id.tiger_generation_model][INFO] - [rank: 0] 使用分块生成策略，num_hierarchies=10
[2025-11-14 22:40:08,364][src.models.modules.semantic_id.tiger_generation_model][INFO] - [rank: 0] 使用分块生成策略，num_hierarchies=10
[2025-11-14 22:40:09,031][src.models.modules.semantic_id.tiger_generation_model][INFO] - [rank: 0] 使用分块生成策略，num_hierarchies=10
[2025-11-14 22:40:09,650][src.models.modules.semantic_id.tiger_generation_model][INFO] - [rank: 0] 使用分块生成策略，num_hierarchies=10
[2025-11-14 22:40:10,276][src.models.modules.semantic_id.tiger_generation_model][INFO] - [rank: 0] 使用分块生成策略，num_hierarchies=10
[2025-11-14 22:40:10,838][src.models.modules.semantic_id.tiger_generation_model][INFO] - [rank: 0] 使用分块生成策略，num_hierarchies=10
[2025-11-14 22:40:11,386][src.models.modules.semantic_id.tiger_generation_model][INFO] - [rank: 0] 使用分块生成策略，num_hierarchies=10
[2025-11-14 22:40:11,905][src.models.modules.semantic_id.tiger_generation_model][INFO] - [rank: 0] 使用分块生成策略，num_hierarchies=10
[2025-11-14 22:40:12,506][src.models.modules.semantic_id.tiger_generation_model][INFO] - [rank: 0] 使用分块生成策略，num_hierarchies=10
[2025-11-14 22:40:13,096][src.models.modules.semantic_id.tiger_generation_model][INFO] - [rank: 0] 使用分块生成策略，num_hierarchies=10
[2025-11-14 22:40:13,672][src.models.modules.semantic_id.tiger_generation_model][INFO] - [rank: 0] 使用分块生成策略，num_hierarchies=10
[2025-11-14 22:40:14,252][src.models.modules.semantic_id.tiger_generation_model][INFO] - [rank: 0] 使用分块生成策略，num_hierarchies=10
[2025-11-14 22:40:14,824][src.models.modules.semantic_id.tiger_generation_model][INFO] - [rank: 0] 使用分块生成策略，num_hierarchies=10
[2025-11-14 22:40:15,413][src.models.modules.semantic_id.tiger_generation_model][INFO] - [rank: 0] 使用分块生成策略，num_hierarchies=10
[2025-11-14 22:40:16,010][src.models.modules.semantic_id.tiger_generation_model][INFO] - [rank: 0] 使用分块生成策略，num_hierarchies=10
[2025-11-14 22:40:16,546][src.models.modules.semantic_id.tiger_generation_model][INFO] - [rank: 0] 使用分块生成策略，num_hierarchies=10
[2025-11-14 22:40:17,147][src.models.modules.semantic_id.tiger_generation_model][INFO] - [rank: 0] 使用分块生成策略，num_hierarchies=10
[2025-11-14 22:40:17,766][src.models.modules.semantic_id.tiger_generation_model][INFO] - [rank: 0] 使用分块生成策略，num_hierarchies=10
[2025-11-14 22:40:18,359][src.models.modules.semantic_id.tiger_generation_model][INFO] - [rank: 0] 使用分块生成策略，num_hierarchies=10
[2025-11-14 22:40:18,959][src.models.modules.semantic_id.tiger_generation_model][INFO] - [rank: 0] 使用分块生成策略，num_hierarchies=10
[2025-11-14 22:40:19,564][src.models.modules.semantic_id.tiger_generation_model][INFO] - [rank: 0] 使用分块生成策略，num_hierarchies=10
[2025-11-14 22:40:20,193][src.models.modules.semantic_id.tiger_generation_model][INFO] - [rank: 0] 使用分块生成策略，num_hierarchies=10
[2025-11-14 22:40:20,804][src.models.modules.semantic_id.tiger_generation_model][INFO] - [rank: 0] 使用分块生成策略，num_hierarchies=10
[2025-11-14 22:40:21,391][src.models.modules.semantic_id.tiger_generation_model][INFO] - [rank: 0] 使用分块生成策略，num_hierarchies=10
[2025-11-14 22:40:21,960][src.models.modules.semantic_id.tiger_generation_model][INFO] - [rank: 0] 使用分块生成策略，num_hierarchies=10
[2025-11-14 22:40:22,525][src.models.modules.semantic_id.tiger_generation_model][INFO] - [rank: 0] 使用分块生成策略，num_hierarchies=10
[2025-11-14 22:40:23,107][src.models.modules.semantic_id.tiger_generation_model][INFO] - [rank: 0] 使用分块生成策略，num_hierarchies=10
[2025-11-14 22:40:23,619][src.models.modules.semantic_id.tiger_generation_model][INFO] - [rank: 0] 使用分块生成策略，num_hierarchies=10
[2025-11-14 22:40:24,178][src.models.modules.semantic_id.tiger_generation_model][INFO] - [rank: 0] 使用分块生成策略，num_hierarchies=10
[2025-11-14 22:40:24,730][src.models.modules.semantic_id.tiger_generation_model][INFO] - [rank: 0] 使用分块生成策略，num_hierarchies=10
[2025-11-14 22:40:25,341][src.models.modules.semantic_id.tiger_generation_model][INFO] - [rank: 0] 使用分块生成策略，num_hierarchies=10
[2025-11-14 22:40:25,973][src.models.modules.semantic_id.tiger_generation_model][INFO] - [rank: 0] 使用分块生成策略，num_hierarchies=10
[2025-11-14 22:40:26,487][src.models.modules.semantic_id.tiger_generation_model][INFO] - [rank: 0] 使用分块生成策略，num_hierarchies=10
[2025-11-14 22:40:27,125][src.models.modules.semantic_id.tiger_generation_model][INFO] - [rank: 0] 使用分块生成策略，num_hierarchies=10
[2025-11-14 22:40:27,685][src.models.modules.semantic_id.tiger_generation_model][INFO] - [rank: 0] 使用分块生成策略，num_hierarchies=10
[2025-11-14 22:40:28,264][src.models.modules.semantic_id.tiger_generation_model][INFO] - [rank: 0] 使用分块生成策略，num_hierarchies=10
[2025-11-14 22:40:28,834][src.models.modules.semantic_id.tiger_generation_model][INFO] - [rank: 0] 使用分块生成策略，num_hierarchies=10
[2025-11-14 22:40:29,409][src.models.modules.semantic_id.tiger_generation_model][INFO] - [rank: 0] 使用分块生成策略，num_hierarchies=10
[2025-11-14 22:40:29,968][src.models.modules.semantic_id.tiger_generation_model][INFO] - [rank: 0] 使用分块生成策略，num_hierarchies=10
[2025-11-14 22:40:30,465][src.models.modules.semantic_id.tiger_generation_model][INFO] - [rank: 0] 使用分块生成策略，num_hierarchies=10
[2025-11-14 22:40:31,071][src.models.modules.semantic_id.tiger_generation_model][INFO] - [rank: 0] 使用分块生成策略，num_hierarchies=10
[2025-11-14 22:40:31,712][src.models.modules.semantic_id.tiger_generation_model][INFO] - [rank: 0] 使用分块生成策略，num_hierarchies=10
[2025-11-14 22:40:32,248][src.models.modules.semantic_id.tiger_generation_model][INFO] - [rank: 0] 使用分块生成策略，num_hierarchies=10
[2025-11-14 22:40:32,877][src.models.modules.semantic_id.tiger_generation_model][INFO] - [rank: 0] 使用分块生成策略，num_hierarchies=10
[2025-11-14 22:40:33,477][src.models.modules.semantic_id.tiger_generation_model][INFO] - [rank: 0] 使用分块生成策略，num_hierarchies=10
[2025-11-14 22:40:34,011][src.models.modules.semantic_id.tiger_generation_model][INFO] - [rank: 0] 使用分块生成策略，num_hierarchies=10
[2025-11-14 22:40:34,598][src.models.modules.semantic_id.tiger_generation_model][INFO] - [rank: 0] 使用分块生成策略，num_hierarchies=10
[2025-11-14 22:40:35,199][src.models.modules.semantic_id.tiger_generation_model][INFO] - [rank: 0] 使用分块生成策略，num_hierarchies=10
[2025-11-14 22:40:35,789][src.models.modules.semantic_id.tiger_generation_model][INFO] - [rank: 0] 使用分块生成策略，num_hierarchies=10
[2025-11-14 22:40:36,362][src.models.modules.semantic_id.tiger_generation_model][INFO] - [rank: 0] 使用分块生成策略，num_hierarchies=10
[2025-11-14 22:40:36,913][src.models.modules.semantic_id.tiger_generation_model][INFO] - [rank: 0] 使用分块生成策略，num_hierarchies=10
[2025-11-14 22:40:37,473][src.models.modules.semantic_id.tiger_generation_model][INFO] - [rank: 0] 使用分块生成策略，num_hierarchies=10
[2025-11-14 22:40:37,999][src.models.modules.semantic_id.tiger_generation_model][INFO] - [rank: 0] 使用分块生成策略，num_hierarchies=10
[2025-11-14 22:40:38,564][src.models.modules.semantic_id.tiger_generation_model][INFO] - [rank: 0] 使用分块生成策略，num_hierarchies=10
[2025-11-14 22:40:39,116][src.models.modules.semantic_id.tiger_generation_model][INFO] - [rank: 0] 使用分块生成策略，num_hierarchies=10
[2025-11-14 22:40:39,637][src.models.modules.semantic_id.tiger_generation_model][INFO] - [rank: 0] 使用分块生成策略，num_hierarchies=10
[2025-11-14 22:40:40,325][src.models.modules.semantic_id.tiger_generation_model][INFO] - [rank: 0] 使用分块生成策略，num_hierarchies=10
[2025-11-14 22:40:40,940][src.models.modules.semantic_id.tiger_generation_model][INFO] - [rank: 0] 使用分块生成策略，num_hierarchies=10
[2025-11-14 22:40:41,746][src.models.modules.semantic_id.tiger_generation_model][INFO] - [rank: 0] 使用分块生成策略，num_hierarchies=10
[2025-11-14 22:40:42,448][src.models.modules.semantic_id.tiger_generation_model][INFO] - [rank: 0] 使用分块生成策略，num_hierarchies=10
[2025-11-14 22:40:43,015][src.models.modules.semantic_id.tiger_generation_model][INFO] - [rank: 0] 使用分块生成策略，num_hierarchies=10
[2025-11-14 22:40:43,575][src.models.modules.semantic_id.tiger_generation_model][INFO] - [rank: 0] 使用分块生成策略，num_hierarchies=10
[2025-11-14 22:40:44,180][src.models.modules.semantic_id.tiger_generation_model][INFO] - [rank: 0] 使用分块生成策略，num_hierarchies=10
[2025-11-14 22:40:44,777][src.models.modules.semantic_id.tiger_generation_model][INFO] - [rank: 0] 使用分块生成策略，num_hierarchies=10
[2025-11-14 22:40:45,390][src.models.modules.semantic_id.tiger_generation_model][INFO] - [rank: 0] 使用分块生成策略，num_hierarchies=10
[2025-11-14 22:40:45,970][src.models.modules.semantic_id.tiger_generation_model][INFO] - [rank: 0] 使用分块生成策略，num_hierarchies=10
[2025-11-14 22:40:46,557][src.models.modules.semantic_id.tiger_generation_model][INFO] - [rank: 0] 使用分块生成策略，num_hierarchies=10
[2025-11-14 22:40:47,074][src.models.modules.semantic_id.tiger_generation_model][INFO] - [rank: 0] 使用分块生成策略，num_hierarchies=10
[2025-11-14 22:40:47,674][src.models.modules.semantic_id.tiger_generation_model][INFO] - [rank: 0] 使用分块生成策略，num_hierarchies=10
[2025-11-14 22:40:48,275][src.models.modules.semantic_id.tiger_generation_model][INFO] - [rank: 0] 使用分块生成策略，num_hierarchies=10
[2025-11-14 22:40:48,873][src.models.modules.semantic_id.tiger_generation_model][INFO] - [rank: 0] 使用分块生成策略，num_hierarchies=10
[2025-11-14 22:40:49,451][src.models.modules.semantic_id.tiger_generation_model][INFO] - [rank: 0] 使用分块生成策略，num_hierarchies=10
[2025-11-14 22:40:50,041][src.models.modules.semantic_id.tiger_generation_model][INFO] - [rank: 0] 使用分块生成策略，num_hierarchies=10
[2025-11-14 22:40:50,637][src.models.modules.semantic_id.tiger_generation_model][INFO] - [rank: 0] 使用分块生成策略，num_hierarchies=10
[2025-11-14 22:40:51,227][src.models.modules.semantic_id.tiger_generation_model][INFO] - [rank: 0] 使用分块生成策略，num_hierarchies=10
[2025-11-14 22:40:51,811][src.models.modules.semantic_id.tiger_generation_model][INFO] - [rank: 0] 使用分块生成策略，num_hierarchies=10
[2025-11-14 22:40:52,443][src.models.modules.semantic_id.tiger_generation_model][INFO] - [rank: 0] 使用分块生成策略，num_hierarchies=10
[2025-11-14 22:40:53,030][src.models.modules.semantic_id.tiger_generation_model][INFO] - [rank: 0] 使用分块生成策略，num_hierarchies=10
[2025-11-14 22:40:53,615][src.models.modules.semantic_id.tiger_generation_model][INFO] - [rank: 0] 使用分块生成策略，num_hierarchies=10
[2025-11-14 22:40:54,149][src.models.modules.semantic_id.tiger_generation_model][INFO] - [rank: 0] 使用分块生成策略，num_hierarchies=10
[2025-11-14 22:40:54,755][src.models.modules.semantic_id.tiger_generation_model][INFO] - [rank: 0] 使用分块生成策略，num_hierarchies=10
[2025-11-14 22:40:55,359][src.models.modules.semantic_id.tiger_generation_model][INFO] - [rank: 0] 使用分块生成策略，num_hierarchies=10
[2025-11-14 22:40:55,938][src.models.modules.semantic_id.tiger_generation_model][INFO] - [rank: 0] 使用分块生成策略，num_hierarchies=10
[2025-11-14 22:40:56,541][src.models.modules.semantic_id.tiger_generation_model][INFO] - [rank: 0] 使用分块生成策略，num_hierarchies=10
[2025-11-14 22:40:57,180][src.models.modules.semantic_id.tiger_generation_model][INFO] - [rank: 0] 使用分块生成策略，num_hierarchies=10
[2025-11-14 22:40:57,775][src.models.modules.semantic_id.tiger_generation_model][INFO] - [rank: 0] 使用分块生成策略，num_hierarchies=10
[2025-11-14 22:40:58,368][src.models.modules.semantic_id.tiger_generation_model][INFO] - [rank: 0] 使用分块生成策略，num_hierarchies=10
[2025-11-14 22:40:58,992][src.models.modules.semantic_id.tiger_generation_model][INFO] - [rank: 0] 使用分块生成策略，num_hierarchies=10
[2025-11-14 22:40:59,598][src.models.modules.semantic_id.tiger_generation_model][INFO] - [rank: 0] 使用分块生成策略，num_hierarchies=10
[2025-11-14 22:41:00,215][src.models.modules.semantic_id.tiger_generation_model][INFO] - [rank: 0] 使用分块生成策略，num_hierarchies=10
[2025-11-14 22:41:00,822][src.models.modules.semantic_id.tiger_generation_model][INFO] - [rank: 0] 使用分块生成策略，num_hierarchies=10
[2025-11-14 22:41:01,444][src.models.modules.semantic_id.tiger_generation_model][INFO] - [rank: 0] 使用分块生成策略，num_hierarchies=10
[2025-11-14 22:41:02,022][src.models.modules.semantic_id.tiger_generation_model][INFO] - [rank: 0] 使用分块生成策略，num_hierarchies=10
[2025-11-14 22:41:02,635][src.models.modules.semantic_id.tiger_generation_model][INFO] - [rank: 0] 使用分块生成策略，num_hierarchies=10
[2025-11-14 22:41:03,240][src.models.modules.semantic_id.tiger_generation_model][INFO] - [rank: 0] 使用分块生成策略，num_hierarchies=10
[2025-11-14 22:41:03,812][src.models.modules.semantic_id.tiger_generation_model][INFO] - [rank: 0] 使用分块生成策略，num_hierarchies=10
[2025-11-14 22:41:04,414][src.models.modules.semantic_id.tiger_generation_model][INFO] - [rank: 0] 使用分块生成策略，num_hierarchies=10
[2025-11-14 22:41:05,006][src.models.modules.semantic_id.tiger_generation_model][INFO] - [rank: 0] 使用分块生成策略，num_hierarchies=10
[2025-11-14 22:41:05,616][src.models.modules.semantic_id.tiger_generation_model][INFO] - [rank: 0] 使用分块生成策略，num_hierarchies=10
[2025-11-14 22:41:06,226][src.models.modules.semantic_id.tiger_generation_model][INFO] - [rank: 0] 使用分块生成策略，num_hierarchies=10
[2025-11-14 22:41:06,821][src.models.modules.semantic_id.tiger_generation_model][INFO] - [rank: 0] 使用分块生成策略，num_hierarchies=10
[2025-11-14 22:41:07,416][src.models.modules.semantic_id.tiger_generation_model][INFO] - [rank: 0] 使用分块生成策略，num_hierarchies=10
[2025-11-14 22:41:08,055][src.models.modules.semantic_id.tiger_generation_model][INFO] - [rank: 0] 使用分块生成策略，num_hierarchies=10
[2025-11-14 22:41:08,627][src.models.modules.semantic_id.tiger_generation_model][INFO] - [rank: 0] 使用分块生成策略，num_hierarchies=10
[2025-11-14 22:41:09,290][src.models.modules.semantic_id.tiger_generation_model][INFO] - [rank: 0] 使用分块生成策略，num_hierarchies=10
[2025-11-14 22:41:09,910][src.models.modules.semantic_id.tiger_generation_model][INFO] - [rank: 0] 使用分块生成策略，num_hierarchies=10
[2025-11-14 22:41:10,509][src.models.modules.semantic_id.tiger_generation_model][INFO] - [rank: 0] 使用分块生成策略，num_hierarchies=10
[2025-11-14 22:41:11,125][src.models.modules.semantic_id.tiger_generation_model][INFO] - [rank: 0] 使用分块生成策略，num_hierarchies=10
[2025-11-14 22:41:11,730][src.models.modules.semantic_id.tiger_generation_model][INFO] - [rank: 0] 使用分块生成策略，num_hierarchies=10
[2025-11-14 22:41:12,374][src.models.modules.semantic_id.tiger_generation_model][INFO] - [rank: 0] 使用分块生成策略，num_hierarchies=10
[2025-11-14 22:41:12,976][src.models.modules.semantic_id.tiger_generation_model][INFO] - [rank: 0] 使用分块生成策略，num_hierarchies=10
[2025-11-14 22:41:13,596][src.models.modules.semantic_id.tiger_generation_model][INFO] - [rank: 0] 使用分块生成策略，num_hierarchies=10
[2025-11-14 22:41:14,171][src.models.modules.semantic_id.tiger_generation_model][INFO] - [rank: 0] 使用分块生成策略，num_hierarchies=10
[2025-11-14 22:41:14,772][src.models.modules.semantic_id.tiger_generation_model][INFO] - [rank: 0] 使用分块生成策略，num_hierarchies=10
[2025-11-14 22:41:15,385][src.models.modules.semantic_id.tiger_generation_model][INFO] - [rank: 0] 使用分块生成策略，num_hierarchies=10
[2025-11-14 22:41:15,988][src.models.modules.semantic_id.tiger_generation_model][INFO] - [rank: 0] 使用分块生成策略，num_hierarchies=10
[2025-11-14 22:41:16,620][src.models.modules.semantic_id.tiger_generation_model][INFO] - [rank: 0] 使用分块生成策略，num_hierarchies=10
[2025-11-14 22:41:17,249][src.models.modules.semantic_id.tiger_generation_model][INFO] - [rank: 0] 使用分块生成策略，num_hierarchies=10
[2025-11-14 22:41:17,862][src.models.modules.semantic_id.tiger_generation_model][INFO] - [rank: 0] 使用分块生成策略，num_hierarchies=10
[2025-11-14 22:41:18,477][src.models.modules.semantic_id.tiger_generation_model][INFO] - [rank: 0] 使用分块生成策略，num_hierarchies=10
[2025-11-14 22:41:19,097][src.models.modules.semantic_id.tiger_generation_model][INFO] - [rank: 0] 使用分块生成策略，num_hierarchies=10
[2025-11-14 22:41:19,701][src.models.modules.semantic_id.tiger_generation_model][INFO] - [rank: 0] 使用分块生成策略，num_hierarchies=10
[2025-11-14 22:41:20,304][src.models.modules.semantic_id.tiger_generation_model][INFO] - [rank: 0] 使用分块生成策略，num_hierarchies=10
[2025-11-14 22:41:20,911][src.models.modules.semantic_id.tiger_generation_model][INFO] - [rank: 0] 使用分块生成策略，num_hierarchies=10
[2025-11-14 22:41:21,520][src.models.modules.semantic_id.tiger_generation_model][INFO] - [rank: 0] 使用分块生成策略，num_hierarchies=10
[2025-11-14 22:41:22,089][src.models.modules.semantic_id.tiger_generation_model][INFO] - [rank: 0] 使用分块生成策略，num_hierarchies=10
[2025-11-14 22:41:22,617][src.models.modules.semantic_id.tiger_generation_model][INFO] - [rank: 0] 使用分块生成策略，num_hierarchies=10
[2025-11-14 22:41:23,203][src.models.modules.semantic_id.tiger_generation_model][INFO] - [rank: 0] 使用分块生成策略，num_hierarchies=10
[2025-11-14 22:41:23,768][src.models.modules.semantic_id.tiger_generation_model][INFO] - [rank: 0] 使用分块生成策略，num_hierarchies=10
[2025-11-14 22:41:24,349][src.models.modules.semantic_id.tiger_generation_model][INFO] - [rank: 0] 使用分块生成策略，num_hierarchies=10
[2025-11-14 22:41:24,910][src.models.modules.semantic_id.tiger_generation_model][INFO] - [rank: 0] 使用分块生成策略，num_hierarchies=10
[2025-11-14 22:41:25,486][src.models.modules.semantic_id.tiger_generation_model][INFO] - [rank: 0] 使用分块生成策略，num_hierarchies=10
[2025-11-14 22:41:26,060][src.models.modules.semantic_id.tiger_generation_model][INFO] - [rank: 0] 使用分块生成策略，num_hierarchies=10
[2025-11-14 22:41:26,623][src.models.modules.semantic_id.tiger_generation_model][INFO] - [rank: 0] 使用分块生成策略，num_hierarchies=10
[2025-11-14 22:41:27,189][src.models.modules.semantic_id.tiger_generation_model][INFO] - [rank: 0] 使用分块生成策略，num_hierarchies=10
[2025-11-14 22:41:27,819][src.models.modules.semantic_id.tiger_generation_model][INFO] - [rank: 0] 使用分块生成策略，num_hierarchies=10
[2025-11-14 22:41:28,418][src.models.modules.semantic_id.tiger_generation_model][INFO] - [rank: 0] 使用分块生成策略，num_hierarchies=10
[2025-11-14 22:41:29,036][src.models.modules.semantic_id.tiger_generation_model][INFO] - [rank: 0] 使用分块生成策略，num_hierarchies=10
[2025-11-14 22:41:29,649][src.models.modules.semantic_id.tiger_generation_model][INFO] - [rank: 0] 使用分块生成策略，num_hierarchies=10
[2025-11-14 22:41:30,277][src.models.modules.semantic_id.tiger_generation_model][INFO] - [rank: 0] 使用分块生成策略，num_hierarchies=10
[2025-11-14 22:41:30,894][src.models.modules.semantic_id.tiger_generation_model][INFO] - [rank: 0] 使用分块生成策略，num_hierarchies=10
[2025-11-14 22:41:31,516][src.models.modules.semantic_id.tiger_generation_model][INFO] - [rank: 0] 使用分块生成策略，num_hierarchies=10
[2025-11-14 22:41:32,120][src.models.modules.semantic_id.tiger_generation_model][INFO] - [rank: 0] 使用分块生成策略，num_hierarchies=10
[2025-11-14 22:41:32,742][src.models.modules.semantic_id.tiger_generation_model][INFO] - [rank: 0] 使用分块生成策略，num_hierarchies=10
[2025-11-14 22:41:33,367][src.models.modules.semantic_id.tiger_generation_model][INFO] - [rank: 0] 使用分块生成策略，num_hierarchies=10
[2025-11-14 22:41:33,933][src.models.modules.semantic_id.tiger_generation_model][INFO] - [rank: 0] 使用分块生成策略，num_hierarchies=10
[2025-11-14 22:41:34,561][src.models.modules.semantic_id.tiger_generation_model][INFO] - [rank: 0] 使用分块生成策略，num_hierarchies=10
[2025-11-14 22:41:35,179][src.models.modules.semantic_id.tiger_generation_model][INFO] - [rank: 0] 使用分块生成策略，num_hierarchies=10
[2025-11-14 22:41:35,779][src.models.modules.semantic_id.tiger_generation_model][INFO] - [rank: 0] 使用分块生成策略，num_hierarchies=10
[2025-11-14 22:41:36,410][src.models.modules.semantic_id.tiger_generation_model][INFO] - [rank: 0] 使用分块生成策略，num_hierarchies=10
[2025-11-14 22:41:37,021][src.models.modules.semantic_id.tiger_generation_model][INFO] - [rank: 0] 使用分块生成策略，num_hierarchies=10
[2025-11-14 22:41:37,659][src.models.modules.semantic_id.tiger_generation_model][INFO] - [rank: 0] 使用分块生成策略，num_hierarchies=10
[2025-11-14 22:41:38,260][src.models.modules.semantic_id.tiger_generation_model][INFO] - [rank: 0] 使用分块生成策略，num_hierarchies=10
[2025-11-14 22:41:38,864][src.models.modules.semantic_id.tiger_generation_model][INFO] - [rank: 0] 使用分块生成策略，num_hierarchies=10
[2025-11-14 22:41:39,473][src.models.modules.semantic_id.tiger_generation_model][INFO] - [rank: 0] 使用分块生成策略，num_hierarchies=10
[2025-11-14 22:41:40,080][src.models.modules.semantic_id.tiger_generation_model][INFO] - [rank: 0] 使用分块生成策略，num_hierarchies=10
[2025-11-14 22:41:40,626][src.models.modules.semantic_id.tiger_generation_model][INFO] - [rank: 0] 使用分块生成策略，num_hierarchies=10
[2025-11-14 22:41:41,239][src.models.modules.semantic_id.tiger_generation_model][INFO] - [rank: 0] 使用分块生成策略，num_hierarchies=10
[2025-11-14 22:41:41,834][src.models.modules.semantic_id.tiger_generation_model][INFO] - [rank: 0] 使用分块生成策略，num_hierarchies=10
[2025-11-14 22:41:42,441][src.models.modules.semantic_id.tiger_generation_model][INFO] - [rank: 0] 使用分块生成策略，num_hierarchies=10
[2025-11-14 22:41:43,057][src.models.modules.semantic_id.tiger_generation_model][INFO] - [rank: 0] 使用分块生成策略，num_hierarchies=10
[2025-11-14 22:41:43,654][src.models.modules.semantic_id.tiger_generation_model][INFO] - [rank: 0] 使用分块生成策略，num_hierarchies=10
[2025-11-14 22:41:44,266][src.models.modules.semantic_id.tiger_generation_model][INFO] - [rank: 0] 使用分块生成策略，num_hierarchies=10
[2025-11-14 22:41:44,891][src.models.modules.semantic_id.tiger_generation_model][INFO] - [rank: 0] 使用分块生成策略，num_hierarchies=10
[2025-11-14 22:41:45,501][src.models.modules.semantic_id.tiger_generation_model][INFO] - [rank: 0] 使用分块生成策略，num_hierarchies=10
[2025-11-14 22:41:46,107][src.models.modules.semantic_id.tiger_generation_model][INFO] - [rank: 0] 使用分块生成策略，num_hierarchies=10
[2025-11-14 22:41:46,719][src.models.modules.semantic_id.tiger_generation_model][INFO] - [rank: 0] 使用分块生成策略，num_hierarchies=10
[2025-11-14 22:41:47,271][src.models.modules.semantic_id.tiger_generation_model][INFO] - [rank: 0] 使用分块生成策略，num_hierarchies=10
[2025-11-14 22:41:47,896][src.models.modules.semantic_id.tiger_generation_model][INFO] - [rank: 0] 使用分块生成策略，num_hierarchies=10
[2025-11-14 22:41:48,486][src.models.modules.semantic_id.tiger_generation_model][INFO] - [rank: 0] 使用分块生成策略，num_hierarchies=10
[2025-11-14 22:41:49,099][src.models.modules.semantic_id.tiger_generation_model][INFO] - [rank: 0] 使用分块生成策略，num_hierarchies=10
[2025-11-14 22:41:49,727][src.models.modules.semantic_id.tiger_generation_model][INFO] - [rank: 0] 使用分块生成策略，num_hierarchies=10
[2025-11-14 22:41:50,326][src.models.modules.semantic_id.tiger_generation_model][INFO] - [rank: 0] 使用分块生成策略，num_hierarchies=10
[2025-11-14 22:41:50,951][src.models.modules.semantic_id.tiger_generation_model][INFO] - [rank: 0] 使用分块生成策略，num_hierarchies=10
[2025-11-14 22:41:51,599][src.models.modules.semantic_id.tiger_generation_model][INFO] - [rank: 0] 使用分块生成策略，num_hierarchies=10
[2025-11-14 22:41:52,228][src.models.modules.semantic_id.tiger_generation_model][INFO] - [rank: 0] 使用分块生成策略，num_hierarchies=10
[2025-11-14 22:41:52,856][src.models.modules.semantic_id.tiger_generation_model][INFO] - [rank: 0] 使用分块生成策略，num_hierarchies=10
[2025-11-14 22:41:53,479][src.models.modules.semantic_id.tiger_generation_model][INFO] - [rank: 0] 使用分块生成策略，num_hierarchies=10
[2025-11-14 22:41:54,106][src.models.modules.semantic_id.tiger_generation_model][INFO] - [rank: 0] 使用分块生成策略，num_hierarchies=10
[2025-11-14 22:41:54,683][src.models.modules.semantic_id.tiger_generation_model][INFO] - [rank: 0] 使用分块生成策略，num_hierarchies=10
[2025-11-14 22:41:55,306][src.models.modules.semantic_id.tiger_generation_model][INFO] - [rank: 0] 使用分块生成策略，num_hierarchies=10
[2025-11-14 22:41:55,926][src.models.modules.semantic_id.tiger_generation_model][INFO] - [rank: 0] 使用分块生成策略，num_hierarchies=10
[2025-11-14 22:41:56,531][src.models.modules.semantic_id.tiger_generation_model][INFO] - [rank: 0] 使用分块生成策略，num_hierarchies=10
[2025-11-14 22:41:57,135][src.models.modules.semantic_id.tiger_generation_model][INFO] - [rank: 0] 使用分块生成策略，num_hierarchies=10
[2025-11-14 22:41:57,760][src.models.modules.semantic_id.tiger_generation_model][INFO] - [rank: 0] 使用分块生成策略，num_hierarchies=10
[2025-11-14 22:41:58,377][src.models.modules.semantic_id.tiger_generation_model][INFO] - [rank: 0] 使用分块生成策略，num_hierarchies=10
[2025-11-14 22:41:59,021][src.models.modules.semantic_id.tiger_generation_model][INFO] - [rank: 0] 使用分块生成策略，num_hierarchies=10
[2025-11-14 22:41:59,651][src.models.modules.semantic_id.tiger_generation_model][INFO] - [rank: 0] 使用分块生成策略，num_hierarchies=10
[2025-11-14 22:42:00,272][src.models.modules.semantic_id.tiger_generation_model][INFO] - [rank: 0] 使用分块生成策略，num_hierarchies=10
[2025-11-14 22:42:00,891][src.models.modules.semantic_id.tiger_generation_model][INFO] - [rank: 0] 使用分块生成策略，num_hierarchies=10
[2025-11-14 22:42:01,500][src.models.modules.semantic_id.tiger_generation_model][INFO] - [rank: 0] 使用分块生成策略，num_hierarchies=10
[2025-11-14 22:42:02,062][src.models.modules.semantic_id.tiger_generation_model][INFO] - [rank: 0] 使用分块生成策略，num_hierarchies=10
[2025-11-14 22:42:02,693][src.models.modules.semantic_id.tiger_generation_model][INFO] - [rank: 0] 使用分块生成策略，num_hierarchies=10
[2025-11-14 22:42:03,319][src.models.modules.semantic_id.tiger_generation_model][INFO] - [rank: 0] 使用分块生成策略，num_hierarchies=10
[2025-11-14 22:42:03,941][src.models.modules.semantic_id.tiger_generation_model][INFO] - [rank: 0] 使用分块生成策略，num_hierarchies=10
[2025-11-14 22:42:04,727][src.models.modules.semantic_id.tiger_generation_model][INFO] - [rank: 0] 使用分块生成策略，num_hierarchies=10
[2025-11-14 22:42:07,570][src.models.modules.semantic_id.tiger_generation_model][INFO] - [rank: 0] 
================================================================================
[2025-11-14 22:42:07,570][src.models.modules.semantic_id.tiger_generation_model][INFO] - [rank: 0] === 生成的语义ID Embedding相似度矩阵 (平均自 704 个batch) ===
[2025-11-14 22:42:07,574][src.models.modules.semantic_id.tiger_generation_model][INFO] - [rank: 0] 
[[ 1.0000041e+00  1.0413471e-02  1.5130128e-02  9.8582706e-05
   6.9154347e-03 -3.9701331e-03  1.1976414e-02 -4.1352408e-03
  -2.0965526e-02 -2.7186636e-02]
 [ 1.0413471e-02  9.9998939e-01  1.1798631e-02  2.4391936e-02
   1.2888974e-02 -2.7316432e-02  8.8519620e-04 -4.0510157e-03
  -1.4028614e-04 -1.8475958e-04]
 [ 1.5130128e-02  1.1798631e-02  9.9999332e-01 -1.7101437e-02
   4.7586490e-03 -8.1143156e-03 -3.9644316e-03  2.4001673e-02
  -9.7966585e-03 -8.8722119e-03]
 [ 9.8582706e-05  2.4391936e-02 -1.7101437e-02  9.9997175e-01
  -1.8094751e-03  1.3040863e-02  1.3360895e-02 -7.6687387e-03
   6.2029697e-03  1.8262131e-02]
 [ 6.9154347e-03  1.2888974e-02  4.7586490e-03 -1.8094751e-03
   1.0000080e+00 -8.3149964e-04  1.1479820e-02  2.3484796e-02
   1.2852654e-02 -9.7022839e-03]
 [-3.9701331e-03 -2.7316432e-02 -8.1143156e-03  1.3040863e-02
  -8.3149964e-04  1.0000027e+00  6.6019950e-04 -2.1336041e-03
  -3.3312282e-03 -2.7401266e-03]
 [ 1.1976414e-02  8.8519620e-04 -3.9644316e-03  1.3360895e-02
   1.1479820e-02  6.6019950e-04  9.9999499e-01  2.2922153e-02
  -1.3319883e-02 -1.5777726e-02]
 [-4.1352408e-03 -4.0510157e-03  2.4001673e-02 -7.6687387e-03
   2.3484796e-02 -2.1336041e-03  2.2922153e-02  1.0000073e+00
  -2.3928294e-02  1.7400950e-02]
 [-2.0965526e-02 -1.4028614e-04 -9.7966585e-03  6.2029697e-03
   1.2852654e-02 -3.3312282e-03 -1.3319883e-02 -2.3928294e-02
   1.0000027e+00  1.2386990e-02]
 [-2.7186636e-02 -1.8475958e-04 -8.8722119e-03  1.8262131e-02
  -9.7022839e-03 -2.7401266e-03 -1.5777726e-02  1.7400950e-02
   1.2386990e-02  9.9991679e-01]]
[2025-11-14 22:42:07,574][src.models.modules.semantic_id.tiger_generation_model][INFO] - [rank: 0] ================================================================================

[2025-11-14 22:42:07,575][src.models.modules.semantic_id.tiger_generation_model][INFO] - [rank: 0] 
================================================================================
[2025-11-14 22:42:07,575][src.models.modules.semantic_id.tiger_generation_model][INFO] - [rank: 0] === 输入序列中每个Item的Hierarchy Embedding相似度矩阵 (平均自 704 个batch) ===
[2025-11-14 22:42:07,577][src.models.modules.semantic_id.tiger_generation_model][INFO] - [rank: 0] 
[[ 9.9999768e-01  7.3149442e-03  6.3161212e-03  3.7833215e-03
   2.7904313e-03  1.4979393e-03  5.7535648e-04 -1.3335177e-03
  -2.3902548e-03 -1.2940637e-02]
 [ 7.3149442e-03  1.0000075e+00  4.6784007e-03  7.0235403e-03
   9.1358321e-03  3.1877405e-03  7.8442553e-03  4.1957069e-03
  -4.3352232e-03  1.2125096e-02]
 [ 6.3161212e-03  4.6784007e-03  1.0000075e+00  6.1341953e-03
   6.3757640e-03  3.5334728e-03  4.4083511e-03  2.1363220e-03
  -4.4368943e-03  3.5348139e-03]
 [ 3.7833215e-03  7.0235403e-03  6.1341953e-03  9.9999756e-01
   6.0911644e-03  4.7239815e-03  2.5483212e-03  3.1218552e-03
  -7.7725383e-03  4.2186752e-05]
 [ 2.7904313e-03  9.1358321e-03  6.3757640e-03  6.0911644e-03
   1.0000012e+00  4.6620001e-03  5.0530713e-03  4.8703011e-03
  -6.0846433e-03 -3.9377497e-03]
 [ 1.4979393e-03  3.1877405e-03  3.5334728e-03  4.7239815e-03
   4.6620001e-03  1.0000012e+00  1.4345148e-03  5.9657600e-03
  -6.0605202e-03  7.9749245e-03]
 [ 5.7535648e-04  7.8442553e-03  4.4083511e-03  2.5483212e-03
   5.0530713e-03  1.4345148e-03  9.9999881e-01  5.7229712e-03
  -6.2714326e-03 -5.7325675e-03]
 [-1.3335177e-03  4.1957069e-03  2.1363220e-03  3.1218552e-03
   4.8703011e-03  5.9657600e-03  5.7229712e-03  9.9999583e-01
  -1.3160872e-02  5.6807850e-03]
 [-2.3902548e-03 -4.3352232e-03 -4.4368943e-03 -7.7725383e-03
  -6.0846433e-03 -6.0605202e-03 -6.2714326e-03 -1.3160872e-02
   1.0000005e+00  2.1830441e-02]
 [-1.2940637e-02  1.2125096e-02  3.5348139e-03  4.2186752e-05
  -3.9377497e-03  7.9749245e-03 -5.7325675e-03  5.6807850e-03
   2.1830441e-02  9.9991614e-01]]
[2025-11-14 22:42:07,578][src.models.modules.semantic_id.tiger_generation_model][INFO] - [rank: 0] ================================================================================

[2025-11-14 22:42:07,759][src.models.modules.semantic_id.tiger_generation_model][INFO] - [rank: 0] 
================================================================================
[2025-11-14 22:42:07,759][src.models.modules.semantic_id.tiger_generation_model][INFO] - [rank: 0] === 按流行度分组的评测指标（累计到当前阶段）===
[2025-11-14 22:42:07,759][src.models.modules.semantic_id.tiger_generation_model][INFO] - [rank: 0] [Body] ndcg@5: 0.018141  ndcg@10: 0.018141  recall@5: 0.023454  recall@10: 0.023454
[2025-11-14 22:42:07,760][src.models.modules.semantic_id.tiger_generation_model][INFO] - [rank: 0] [Head] ndcg@5: 0.027105  ndcg@10: 0.027105  recall@5: 0.034897  recall@10: 0.034897
[2025-11-14 22:42:07,760][src.models.modules.semantic_id.tiger_generation_model][INFO] - [rank: 0] [Tail] ndcg@5: 0.012842  ndcg@10: 0.012842  recall@5: 0.016872  recall@10: 0.016872
[2025-11-14 22:42:07,760][src.models.modules.semantic_id.tiger_generation_model][INFO] - [rank: 0] ================================================================================

[2025-11-14 23:01:28,418][src.models.modules.semantic_id.tiger_generation_model][INFO] - [rank: 0] 使用分块生成策略，num_hierarchies=10
[2025-11-14 23:01:29,108][src.models.modules.semantic_id.tiger_generation_model][INFO] - [rank: 0] 使用分块生成策略，num_hierarchies=10
[2025-11-14 23:01:29,744][src.models.modules.semantic_id.tiger_generation_model][INFO] - [rank: 0] 使用分块生成策略，num_hierarchies=10
[2025-11-14 23:01:30,337][src.models.modules.semantic_id.tiger_generation_model][INFO] - [rank: 0] 使用分块生成策略，num_hierarchies=10
[2025-11-14 23:01:30,930][src.models.modules.semantic_id.tiger_generation_model][INFO] - [rank: 0] 使用分块生成策略，num_hierarchies=10
[2025-11-14 23:01:31,501][src.models.modules.semantic_id.tiger_generation_model][INFO] - [rank: 0] 使用分块生成策略，num_hierarchies=10
[2025-11-14 23:01:32,085][src.models.modules.semantic_id.tiger_generation_model][INFO] - [rank: 0] 使用分块生成策略，num_hierarchies=10
[2025-11-14 23:01:32,688][src.models.modules.semantic_id.tiger_generation_model][INFO] - [rank: 0] 使用分块生成策略，num_hierarchies=10
[2025-11-14 23:01:33,273][src.models.modules.semantic_id.tiger_generation_model][INFO] - [rank: 0] 使用分块生成策略，num_hierarchies=10
[2025-11-14 23:01:33,962][src.models.modules.semantic_id.tiger_generation_model][INFO] - [rank: 0] 使用分块生成策略，num_hierarchies=10
[2025-11-14 23:01:34,598][src.models.modules.semantic_id.tiger_generation_model][INFO] - [rank: 0] 使用分块生成策略，num_hierarchies=10
[2025-11-14 23:01:35,190][src.models.modules.semantic_id.tiger_generation_model][INFO] - [rank: 0] 使用分块生成策略，num_hierarchies=10
[2025-11-14 23:01:35,742][src.models.modules.semantic_id.tiger_generation_model][INFO] - [rank: 0] 使用分块生成策略，num_hierarchies=10
[2025-11-14 23:01:36,349][src.models.modules.semantic_id.tiger_generation_model][INFO] - [rank: 0] 使用分块生成策略，num_hierarchies=10
[2025-11-14 23:01:37,028][src.models.modules.semantic_id.tiger_generation_model][INFO] - [rank: 0] 使用分块生成策略，num_hierarchies=10
[2025-11-14 23:01:37,682][src.models.modules.semantic_id.tiger_generation_model][INFO] - [rank: 0] 使用分块生成策略，num_hierarchies=10
[2025-11-14 23:01:38,278][src.models.modules.semantic_id.tiger_generation_model][INFO] - [rank: 0] 使用分块生成策略，num_hierarchies=10
[2025-11-14 23:01:38,904][src.models.modules.semantic_id.tiger_generation_model][INFO] - [rank: 0] 使用分块生成策略，num_hierarchies=10
[2025-11-14 23:01:39,501][src.models.modules.semantic_id.tiger_generation_model][INFO] - [rank: 0] 使用分块生成策略，num_hierarchies=10
[2025-11-14 23:01:40,127][src.models.modules.semantic_id.tiger_generation_model][INFO] - [rank: 0] 使用分块生成策略，num_hierarchies=10
[2025-11-14 23:01:40,711][src.models.modules.semantic_id.tiger_generation_model][INFO] - [rank: 0] 使用分块生成策略，num_hierarchies=10
[2025-11-14 23:01:41,307][src.models.modules.semantic_id.tiger_generation_model][INFO] - [rank: 0] 使用分块生成策略，num_hierarchies=10
[2025-11-14 23:01:41,918][src.models.modules.semantic_id.tiger_generation_model][INFO] - [rank: 0] 使用分块生成策略，num_hierarchies=10
[2025-11-14 23:01:42,516][src.models.modules.semantic_id.tiger_generation_model][INFO] - [rank: 0] 使用分块生成策略，num_hierarchies=10
[2025-11-14 23:01:43,118][src.models.modules.semantic_id.tiger_generation_model][INFO] - [rank: 0] 使用分块生成策略，num_hierarchies=10
[2025-11-14 23:01:43,798][src.models.modules.semantic_id.tiger_generation_model][INFO] - [rank: 0] 使用分块生成策略，num_hierarchies=10
[2025-11-14 23:01:44,385][src.models.modules.semantic_id.tiger_generation_model][INFO] - [rank: 0] 使用分块生成策略，num_hierarchies=10
[2025-11-14 23:01:45,042][src.models.modules.semantic_id.tiger_generation_model][INFO] - [rank: 0] 使用分块生成策略，num_hierarchies=10
[2025-11-14 23:01:45,594][src.models.modules.semantic_id.tiger_generation_model][INFO] - [rank: 0] 使用分块生成策略，num_hierarchies=10
[2025-11-14 23:01:46,142][src.models.modules.semantic_id.tiger_generation_model][INFO] - [rank: 0] 使用分块生成策略，num_hierarchies=10
[2025-11-14 23:01:46,729][src.models.modules.semantic_id.tiger_generation_model][INFO] - [rank: 0] 使用分块生成策略，num_hierarchies=10
[2025-11-14 23:01:47,329][src.models.modules.semantic_id.tiger_generation_model][INFO] - [rank: 0] 使用分块生成策略，num_hierarchies=10
[2025-11-14 23:01:47,926][src.models.modules.semantic_id.tiger_generation_model][INFO] - [rank: 0] 使用分块生成策略，num_hierarchies=10
[2025-11-14 23:01:48,509][src.models.modules.semantic_id.tiger_generation_model][INFO] - [rank: 0] 使用分块生成策略，num_hierarchies=10
[2025-11-14 23:01:49,126][src.models.modules.semantic_id.tiger_generation_model][INFO] - [rank: 0] 使用分块生成策略，num_hierarchies=10
[2025-11-14 23:01:49,742][src.models.modules.semantic_id.tiger_generation_model][INFO] - [rank: 0] 使用分块生成策略，num_hierarchies=10
[2025-11-14 23:01:50,332][src.models.modules.semantic_id.tiger_generation_model][INFO] - [rank: 0] 使用分块生成策略，num_hierarchies=10
[2025-11-14 23:01:50,951][src.models.modules.semantic_id.tiger_generation_model][INFO] - [rank: 0] 使用分块生成策略，num_hierarchies=10
[2025-11-14 23:01:51,549][src.models.modules.semantic_id.tiger_generation_model][INFO] - [rank: 0] 使用分块生成策略，num_hierarchies=10
[2025-11-14 23:01:52,201][src.models.modules.semantic_id.tiger_generation_model][INFO] - [rank: 0] 使用分块生成策略，num_hierarchies=10
[2025-11-14 23:01:52,830][src.models.modules.semantic_id.tiger_generation_model][INFO] - [rank: 0] 使用分块生成策略，num_hierarchies=10
[2025-11-14 23:01:53,390][src.models.modules.semantic_id.tiger_generation_model][INFO] - [rank: 0] 使用分块生成策略，num_hierarchies=10
[2025-11-14 23:01:53,988][src.models.modules.semantic_id.tiger_generation_model][INFO] - [rank: 0] 使用分块生成策略，num_hierarchies=10
[2025-11-14 23:01:54,582][src.models.modules.semantic_id.tiger_generation_model][INFO] - [rank: 0] 使用分块生成策略，num_hierarchies=10
[2025-11-14 23:01:55,253][src.models.modules.semantic_id.tiger_generation_model][INFO] - [rank: 0] 使用分块生成策略，num_hierarchies=10
[2025-11-14 23:01:55,938][src.models.modules.semantic_id.tiger_generation_model][INFO] - [rank: 0] 使用分块生成策略，num_hierarchies=10
[2025-11-14 23:01:56,657][src.models.modules.semantic_id.tiger_generation_model][INFO] - [rank: 0] 使用分块生成策略，num_hierarchies=10
[2025-11-14 23:01:57,289][src.models.modules.semantic_id.tiger_generation_model][INFO] - [rank: 0] 使用分块生成策略，num_hierarchies=10
[2025-11-14 23:01:57,890][src.models.modules.semantic_id.tiger_generation_model][INFO] - [rank: 0] 使用分块生成策略，num_hierarchies=10
[2025-11-14 23:01:58,469][src.models.modules.semantic_id.tiger_generation_model][INFO] - [rank: 0] 使用分块生成策略，num_hierarchies=10
[2025-11-14 23:01:59,080][src.models.modules.semantic_id.tiger_generation_model][INFO] - [rank: 0] 使用分块生成策略，num_hierarchies=10
[2025-11-14 23:01:59,708][src.models.modules.semantic_id.tiger_generation_model][INFO] - [rank: 0] 使用分块生成策略，num_hierarchies=10
[2025-11-14 23:02:00,316][src.models.modules.semantic_id.tiger_generation_model][INFO] - [rank: 0] 使用分块生成策略，num_hierarchies=10
[2025-11-14 23:02:00,932][src.models.modules.semantic_id.tiger_generation_model][INFO] - [rank: 0] 使用分块生成策略，num_hierarchies=10
[2025-11-14 23:02:01,541][src.models.modules.semantic_id.tiger_generation_model][INFO] - [rank: 0] 使用分块生成策略，num_hierarchies=10
[2025-11-14 23:02:02,174][src.models.modules.semantic_id.tiger_generation_model][INFO] - [rank: 0] 使用分块生成策略，num_hierarchies=10
[2025-11-14 23:02:02,827][src.models.modules.semantic_id.tiger_generation_model][INFO] - [rank: 0] 使用分块生成策略，num_hierarchies=10
[2025-11-14 23:02:03,453][src.models.modules.semantic_id.tiger_generation_model][INFO] - [rank: 0] 使用分块生成策略，num_hierarchies=10
[2025-11-14 23:02:04,086][src.models.modules.semantic_id.tiger_generation_model][INFO] - [rank: 0] 使用分块生成策略，num_hierarchies=10
[2025-11-14 23:02:04,808][src.models.modules.semantic_id.tiger_generation_model][INFO] - [rank: 0] 使用分块生成策略，num_hierarchies=10
[2025-11-14 23:02:05,464][src.models.modules.semantic_id.tiger_generation_model][INFO] - [rank: 0] 使用分块生成策略，num_hierarchies=10
[2025-11-14 23:02:06,077][src.models.modules.semantic_id.tiger_generation_model][INFO] - [rank: 0] 使用分块生成策略，num_hierarchies=10
[2025-11-14 23:02:06,680][src.models.modules.semantic_id.tiger_generation_model][INFO] - [rank: 0] 使用分块生成策略，num_hierarchies=10
[2025-11-14 23:02:07,252][src.models.modules.semantic_id.tiger_generation_model][INFO] - [rank: 0] 使用分块生成策略，num_hierarchies=10
[2025-11-14 23:02:07,910][src.models.modules.semantic_id.tiger_generation_model][INFO] - [rank: 0] 使用分块生成策略，num_hierarchies=10
[2025-11-14 23:02:08,546][src.models.modules.semantic_id.tiger_generation_model][INFO] - [rank: 0] 使用分块生成策略，num_hierarchies=10
[2025-11-14 23:02:09,164][src.models.modules.semantic_id.tiger_generation_model][INFO] - [rank: 0] 使用分块生成策略，num_hierarchies=10
[2025-11-14 23:02:09,717][src.models.modules.semantic_id.tiger_generation_model][INFO] - [rank: 0] 使用分块生成策略，num_hierarchies=10
[2025-11-14 23:02:10,342][src.models.modules.semantic_id.tiger_generation_model][INFO] - [rank: 0] 使用分块生成策略，num_hierarchies=10
[2025-11-14 23:02:10,960][src.models.modules.semantic_id.tiger_generation_model][INFO] - [rank: 0] 使用分块生成策略，num_hierarchies=10
[2025-11-14 23:02:11,553][src.models.modules.semantic_id.tiger_generation_model][INFO] - [rank: 0] 使用分块生成策略，num_hierarchies=10
[2025-11-14 23:02:12,125][src.models.modules.semantic_id.tiger_generation_model][INFO] - [rank: 0] 使用分块生成策略，num_hierarchies=10
[2025-11-14 23:02:12,670][src.models.modules.semantic_id.tiger_generation_model][INFO] - [rank: 0] 使用分块生成策略，num_hierarchies=10
[2025-11-14 23:02:13,264][src.models.modules.semantic_id.tiger_generation_model][INFO] - [rank: 0] 使用分块生成策略，num_hierarchies=10
[2025-11-14 23:02:13,909][src.models.modules.semantic_id.tiger_generation_model][INFO] - [rank: 0] 使用分块生成策略，num_hierarchies=10
[2025-11-14 23:02:14,484][src.models.modules.semantic_id.tiger_generation_model][INFO] - [rank: 0] 使用分块生成策略，num_hierarchies=10
[2025-11-14 23:02:15,089][src.models.modules.semantic_id.tiger_generation_model][INFO] - [rank: 0] 使用分块生成策略，num_hierarchies=10
[2025-11-14 23:02:15,696][src.models.modules.semantic_id.tiger_generation_model][INFO] - [rank: 0] 使用分块生成策略，num_hierarchies=10
[2025-11-14 23:02:16,319][src.models.modules.semantic_id.tiger_generation_model][INFO] - [rank: 0] 使用分块生成策略，num_hierarchies=10
[2025-11-14 23:02:16,886][src.models.modules.semantic_id.tiger_generation_model][INFO] - [rank: 0] 使用分块生成策略，num_hierarchies=10
[2025-11-14 23:02:17,419][src.models.modules.semantic_id.tiger_generation_model][INFO] - [rank: 0] 使用分块生成策略，num_hierarchies=10
[2025-11-14 23:02:18,049][src.models.modules.semantic_id.tiger_generation_model][INFO] - [rank: 0] 使用分块生成策略，num_hierarchies=10
[2025-11-14 23:02:18,665][src.models.modules.semantic_id.tiger_generation_model][INFO] - [rank: 0] 使用分块生成策略，num_hierarchies=10
[2025-11-14 23:02:19,259][src.models.modules.semantic_id.tiger_generation_model][INFO] - [rank: 0] 使用分块生成策略，num_hierarchies=10
[2025-11-14 23:02:19,864][src.models.modules.semantic_id.tiger_generation_model][INFO] - [rank: 0] 使用分块生成策略，num_hierarchies=10
[2025-11-14 23:02:20,478][src.models.modules.semantic_id.tiger_generation_model][INFO] - [rank: 0] 使用分块生成策略，num_hierarchies=10
[2025-11-14 23:02:21,099][src.models.modules.semantic_id.tiger_generation_model][INFO] - [rank: 0] 使用分块生成策略，num_hierarchies=10
[2025-11-14 23:02:21,694][src.models.modules.semantic_id.tiger_generation_model][INFO] - [rank: 0] 使用分块生成策略，num_hierarchies=10
[2025-11-14 23:02:22,281][src.models.modules.semantic_id.tiger_generation_model][INFO] - [rank: 0] 使用分块生成策略，num_hierarchies=10
[2025-11-14 23:02:22,906][src.models.modules.semantic_id.tiger_generation_model][INFO] - [rank: 0] 使用分块生成策略，num_hierarchies=10
[2025-11-14 23:02:23,539][src.models.modules.semantic_id.tiger_generation_model][INFO] - [rank: 0] 使用分块生成策略，num_hierarchies=10
[2025-11-14 23:02:24,134][src.models.modules.semantic_id.tiger_generation_model][INFO] - [rank: 0] 使用分块生成策略，num_hierarchies=10
[2025-11-14 23:02:24,811][src.models.modules.semantic_id.tiger_generation_model][INFO] - [rank: 0] 使用分块生成策略，num_hierarchies=10
[2025-11-14 23:02:25,490][src.models.modules.semantic_id.tiger_generation_model][INFO] - [rank: 0] 使用分块生成策略，num_hierarchies=10
[2025-11-14 23:02:26,131][src.models.modules.semantic_id.tiger_generation_model][INFO] - [rank: 0] 使用分块生成策略，num_hierarchies=10
[2025-11-14 23:02:26,731][src.models.modules.semantic_id.tiger_generation_model][INFO] - [rank: 0] 使用分块生成策略，num_hierarchies=10
[2025-11-14 23:02:27,526][src.models.modules.semantic_id.tiger_generation_model][INFO] - [rank: 0] 使用分块生成策略，num_hierarchies=10
[2025-11-14 23:02:28,158][src.models.modules.semantic_id.tiger_generation_model][INFO] - [rank: 0] 使用分块生成策略，num_hierarchies=10
[2025-11-14 23:02:28,747][src.models.modules.semantic_id.tiger_generation_model][INFO] - [rank: 0] 使用分块生成策略，num_hierarchies=10
[2025-11-14 23:02:29,348][src.models.modules.semantic_id.tiger_generation_model][INFO] - [rank: 0] 使用分块生成策略，num_hierarchies=10
[2025-11-14 23:02:29,963][src.models.modules.semantic_id.tiger_generation_model][INFO] - [rank: 0] 使用分块生成策略，num_hierarchies=10
[2025-11-14 23:02:30,543][src.models.modules.semantic_id.tiger_generation_model][INFO] - [rank: 0] 使用分块生成策略，num_hierarchies=10
[2025-11-14 23:02:31,116][src.models.modules.semantic_id.tiger_generation_model][INFO] - [rank: 0] 使用分块生成策略，num_hierarchies=10
[2025-11-14 23:02:31,725][src.models.modules.semantic_id.tiger_generation_model][INFO] - [rank: 0] 使用分块生成策略，num_hierarchies=10
[2025-11-14 23:02:32,364][src.models.modules.semantic_id.tiger_generation_model][INFO] - [rank: 0] 使用分块生成策略，num_hierarchies=10
[2025-11-14 23:02:32,950][src.models.modules.semantic_id.tiger_generation_model][INFO] - [rank: 0] 使用分块生成策略，num_hierarchies=10
[2025-11-14 23:02:33,534][src.models.modules.semantic_id.tiger_generation_model][INFO] - [rank: 0] 使用分块生成策略，num_hierarchies=10
[2025-11-14 23:02:34,136][src.models.modules.semantic_id.tiger_generation_model][INFO] - [rank: 0] 使用分块生成策略，num_hierarchies=10
[2025-11-14 23:02:34,747][src.models.modules.semantic_id.tiger_generation_model][INFO] - [rank: 0] 使用分块生成策略，num_hierarchies=10
[2025-11-14 23:02:35,351][src.models.modules.semantic_id.tiger_generation_model][INFO] - [rank: 0] 使用分块生成策略，num_hierarchies=10
[2025-11-14 23:02:35,969][src.models.modules.semantic_id.tiger_generation_model][INFO] - [rank: 0] 使用分块生成策略，num_hierarchies=10
[2025-11-14 23:02:36,540][src.models.modules.semantic_id.tiger_generation_model][INFO] - [rank: 0] 使用分块生成策略，num_hierarchies=10
[2025-11-14 23:02:37,058][src.models.modules.semantic_id.tiger_generation_model][INFO] - [rank: 0] 使用分块生成策略，num_hierarchies=10
[2025-11-14 23:02:37,638][src.models.modules.semantic_id.tiger_generation_model][INFO] - [rank: 0] 使用分块生成策略，num_hierarchies=10
[2025-11-14 23:02:38,261][src.models.modules.semantic_id.tiger_generation_model][INFO] - [rank: 0] 使用分块生成策略，num_hierarchies=10
[2025-11-14 23:02:38,900][src.models.modules.semantic_id.tiger_generation_model][INFO] - [rank: 0] 使用分块生成策略，num_hierarchies=10
[2025-11-14 23:02:39,524][src.models.modules.semantic_id.tiger_generation_model][INFO] - [rank: 0] 使用分块生成策略，num_hierarchies=10
[2025-11-14 23:02:40,182][src.models.modules.semantic_id.tiger_generation_model][INFO] - [rank: 0] 使用分块生成策略，num_hierarchies=10
[2025-11-14 23:02:40,777][src.models.modules.semantic_id.tiger_generation_model][INFO] - [rank: 0] 使用分块生成策略，num_hierarchies=10
[2025-11-14 23:02:41,418][src.models.modules.semantic_id.tiger_generation_model][INFO] - [rank: 0] 使用分块生成策略，num_hierarchies=10
[2025-11-14 23:02:42,002][src.models.modules.semantic_id.tiger_generation_model][INFO] - [rank: 0] 使用分块生成策略，num_hierarchies=10
[2025-11-14 23:02:42,535][src.models.modules.semantic_id.tiger_generation_model][INFO] - [rank: 0] 使用分块生成策略，num_hierarchies=10
[2025-11-14 23:02:43,117][src.models.modules.semantic_id.tiger_generation_model][INFO] - [rank: 0] 使用分块生成策略，num_hierarchies=10
[2025-11-14 23:02:43,702][src.models.modules.semantic_id.tiger_generation_model][INFO] - [rank: 0] 使用分块生成策略，num_hierarchies=10
[2025-11-14 23:02:44,317][src.models.modules.semantic_id.tiger_generation_model][INFO] - [rank: 0] 使用分块生成策略，num_hierarchies=10
[2025-11-14 23:02:44,889][src.models.modules.semantic_id.tiger_generation_model][INFO] - [rank: 0] 使用分块生成策略，num_hierarchies=10
[2025-11-14 23:02:45,489][src.models.modules.semantic_id.tiger_generation_model][INFO] - [rank: 0] 使用分块生成策略，num_hierarchies=10
[2025-11-14 23:02:46,125][src.models.modules.semantic_id.tiger_generation_model][INFO] - [rank: 0] 使用分块生成策略，num_hierarchies=10
[2025-11-14 23:02:46,761][src.models.modules.semantic_id.tiger_generation_model][INFO] - [rank: 0] 使用分块生成策略，num_hierarchies=10
[2025-11-14 23:02:47,376][src.models.modules.semantic_id.tiger_generation_model][INFO] - [rank: 0] 使用分块生成策略，num_hierarchies=10
[2025-11-14 23:02:48,043][src.models.modules.semantic_id.tiger_generation_model][INFO] - [rank: 0] 使用分块生成策略，num_hierarchies=10
[2025-11-14 23:02:48,653][src.models.modules.semantic_id.tiger_generation_model][INFO] - [rank: 0] 使用分块生成策略，num_hierarchies=10
[2025-11-14 23:02:49,211][src.models.modules.semantic_id.tiger_generation_model][INFO] - [rank: 0] 使用分块生成策略，num_hierarchies=10
[2025-11-14 23:02:49,860][src.models.modules.semantic_id.tiger_generation_model][INFO] - [rank: 0] 使用分块生成策略，num_hierarchies=10
[2025-11-14 23:02:50,451][src.models.modules.semantic_id.tiger_generation_model][INFO] - [rank: 0] 使用分块生成策略，num_hierarchies=10
[2025-11-14 23:02:51,030][src.models.modules.semantic_id.tiger_generation_model][INFO] - [rank: 0] 使用分块生成策略，num_hierarchies=10
[2025-11-14 23:02:51,643][src.models.modules.semantic_id.tiger_generation_model][INFO] - [rank: 0] 使用分块生成策略，num_hierarchies=10
[2025-11-14 23:02:52,260][src.models.modules.semantic_id.tiger_generation_model][INFO] - [rank: 0] 使用分块生成策略，num_hierarchies=10
[2025-11-14 23:02:52,834][src.models.modules.semantic_id.tiger_generation_model][INFO] - [rank: 0] 使用分块生成策略，num_hierarchies=10
[2025-11-14 23:02:53,434][src.models.modules.semantic_id.tiger_generation_model][INFO] - [rank: 0] 使用分块生成策略，num_hierarchies=10
[2025-11-14 23:02:54,027][src.models.modules.semantic_id.tiger_generation_model][INFO] - [rank: 0] 使用分块生成策略，num_hierarchies=10
[2025-11-14 23:02:54,614][src.models.modules.semantic_id.tiger_generation_model][INFO] - [rank: 0] 使用分块生成策略，num_hierarchies=10
[2025-11-14 23:02:55,198][src.models.modules.semantic_id.tiger_generation_model][INFO] - [rank: 0] 使用分块生成策略，num_hierarchies=10
[2025-11-14 23:02:55,792][src.models.modules.semantic_id.tiger_generation_model][INFO] - [rank: 0] 使用分块生成策略，num_hierarchies=10
[2025-11-14 23:02:56,386][src.models.modules.semantic_id.tiger_generation_model][INFO] - [rank: 0] 使用分块生成策略，num_hierarchies=10
[2025-11-14 23:02:56,967][src.models.modules.semantic_id.tiger_generation_model][INFO] - [rank: 0] 使用分块生成策略，num_hierarchies=10
[2025-11-14 23:02:57,553][src.models.modules.semantic_id.tiger_generation_model][INFO] - [rank: 0] 使用分块生成策略，num_hierarchies=10
[2025-11-14 23:02:58,167][src.models.modules.semantic_id.tiger_generation_model][INFO] - [rank: 0] 使用分块生成策略，num_hierarchies=10
[2025-11-14 23:02:58,743][src.models.modules.semantic_id.tiger_generation_model][INFO] - [rank: 0] 使用分块生成策略，num_hierarchies=10
[2025-11-14 23:02:59,442][src.models.modules.semantic_id.tiger_generation_model][INFO] - [rank: 0] 使用分块生成策略，num_hierarchies=10
[2025-11-14 23:03:00,108][src.models.modules.semantic_id.tiger_generation_model][INFO] - [rank: 0] 使用分块生成策略，num_hierarchies=10
[2025-11-14 23:03:00,729][src.models.modules.semantic_id.tiger_generation_model][INFO] - [rank: 0] 使用分块生成策略，num_hierarchies=10
[2025-11-14 23:03:01,397][src.models.modules.semantic_id.tiger_generation_model][INFO] - [rank: 0] 使用分块生成策略，num_hierarchies=10
[2025-11-14 23:03:02,064][src.models.modules.semantic_id.tiger_generation_model][INFO] - [rank: 0] 使用分块生成策略，num_hierarchies=10
[2025-11-14 23:03:02,716][src.models.modules.semantic_id.tiger_generation_model][INFO] - [rank: 0] 使用分块生成策略，num_hierarchies=10
[2025-11-14 23:03:03,358][src.models.modules.semantic_id.tiger_generation_model][INFO] - [rank: 0] 使用分块生成策略，num_hierarchies=10
[2025-11-14 23:03:03,996][src.models.modules.semantic_id.tiger_generation_model][INFO] - [rank: 0] 使用分块生成策略，num_hierarchies=10
[2025-11-14 23:03:04,539][src.models.modules.semantic_id.tiger_generation_model][INFO] - [rank: 0] 使用分块生成策略，num_hierarchies=10
[2025-11-14 23:03:05,136][src.models.modules.semantic_id.tiger_generation_model][INFO] - [rank: 0] 使用分块生成策略，num_hierarchies=10
[2025-11-14 23:03:05,733][src.models.modules.semantic_id.tiger_generation_model][INFO] - [rank: 0] 使用分块生成策略，num_hierarchies=10
[2025-11-14 23:03:06,348][src.models.modules.semantic_id.tiger_generation_model][INFO] - [rank: 0] 使用分块生成策略，num_hierarchies=10
[2025-11-14 23:03:06,967][src.models.modules.semantic_id.tiger_generation_model][INFO] - [rank: 0] 使用分块生成策略，num_hierarchies=10
[2025-11-14 23:03:07,569][src.models.modules.semantic_id.tiger_generation_model][INFO] - [rank: 0] 使用分块生成策略，num_hierarchies=10
[2025-11-14 23:03:08,218][src.models.modules.semantic_id.tiger_generation_model][INFO] - [rank: 0] 使用分块生成策略，num_hierarchies=10
[2025-11-14 23:03:08,823][src.models.modules.semantic_id.tiger_generation_model][INFO] - [rank: 0] 使用分块生成策略，num_hierarchies=10
[2025-11-14 23:03:09,448][src.models.modules.semantic_id.tiger_generation_model][INFO] - [rank: 0] 使用分块生成策略，num_hierarchies=10
[2025-11-14 23:03:10,132][src.models.modules.semantic_id.tiger_generation_model][INFO] - [rank: 0] 使用分块生成策略，num_hierarchies=10
[2025-11-14 23:03:10,788][src.models.modules.semantic_id.tiger_generation_model][INFO] - [rank: 0] 使用分块生成策略，num_hierarchies=10
[2025-11-14 23:03:11,413][src.models.modules.semantic_id.tiger_generation_model][INFO] - [rank: 0] 使用分块生成策略，num_hierarchies=10
[2025-11-14 23:03:11,987][src.models.modules.semantic_id.tiger_generation_model][INFO] - [rank: 0] 使用分块生成策略，num_hierarchies=10
[2025-11-14 23:03:12,587][src.models.modules.semantic_id.tiger_generation_model][INFO] - [rank: 0] 使用分块生成策略，num_hierarchies=10
[2025-11-14 23:03:13,244][src.models.modules.semantic_id.tiger_generation_model][INFO] - [rank: 0] 使用分块生成策略，num_hierarchies=10
[2025-11-14 23:03:13,851][src.models.modules.semantic_id.tiger_generation_model][INFO] - [rank: 0] 使用分块生成策略，num_hierarchies=10
[2025-11-14 23:03:14,434][src.models.modules.semantic_id.tiger_generation_model][INFO] - [rank: 0] 使用分块生成策略，num_hierarchies=10
[2025-11-14 23:03:14,996][src.models.modules.semantic_id.tiger_generation_model][INFO] - [rank: 0] 使用分块生成策略，num_hierarchies=10
[2025-11-14 23:03:15,557][src.models.modules.semantic_id.tiger_generation_model][INFO] - [rank: 0] 使用分块生成策略，num_hierarchies=10
[2025-11-14 23:03:16,146][src.models.modules.semantic_id.tiger_generation_model][INFO] - [rank: 0] 使用分块生成策略，num_hierarchies=10
[2025-11-14 23:03:16,775][src.models.modules.semantic_id.tiger_generation_model][INFO] - [rank: 0] 使用分块生成策略，num_hierarchies=10
[2025-11-14 23:03:17,450][src.models.modules.semantic_id.tiger_generation_model][INFO] - [rank: 0] 使用分块生成策略，num_hierarchies=10
[2025-11-14 23:03:18,089][src.models.modules.semantic_id.tiger_generation_model][INFO] - [rank: 0] 使用分块生成策略，num_hierarchies=10
[2025-11-14 23:03:18,738][src.models.modules.semantic_id.tiger_generation_model][INFO] - [rank: 0] 使用分块生成策略，num_hierarchies=10
[2025-11-14 23:03:19,414][src.models.modules.semantic_id.tiger_generation_model][INFO] - [rank: 0] 使用分块生成策略，num_hierarchies=10
[2025-11-14 23:03:20,098][src.models.modules.semantic_id.tiger_generation_model][INFO] - [rank: 0] 使用分块生成策略，num_hierarchies=10
[2025-11-14 23:03:20,711][src.models.modules.semantic_id.tiger_generation_model][INFO] - [rank: 0] 使用分块生成策略，num_hierarchies=10
[2025-11-14 23:03:21,325][src.models.modules.semantic_id.tiger_generation_model][INFO] - [rank: 0] 使用分块生成策略，num_hierarchies=10
[2025-11-14 23:03:22,007][src.models.modules.semantic_id.tiger_generation_model][INFO] - [rank: 0] 使用分块生成策略，num_hierarchies=10
[2025-11-14 23:03:22,694][src.models.modules.semantic_id.tiger_generation_model][INFO] - [rank: 0] 使用分块生成策略，num_hierarchies=10
[2025-11-14 23:03:23,329][src.models.modules.semantic_id.tiger_generation_model][INFO] - [rank: 0] 使用分块生成策略，num_hierarchies=10
[2025-11-14 23:03:23,947][src.models.modules.semantic_id.tiger_generation_model][INFO] - [rank: 0] 使用分块生成策略，num_hierarchies=10
[2025-11-14 23:03:24,569][src.models.modules.semantic_id.tiger_generation_model][INFO] - [rank: 0] 使用分块生成策略，num_hierarchies=10
[2025-11-14 23:03:25,254][src.models.modules.semantic_id.tiger_generation_model][INFO] - [rank: 0] 使用分块生成策略，num_hierarchies=10
[2025-11-14 23:03:25,900][src.models.modules.semantic_id.tiger_generation_model][INFO] - [rank: 0] 使用分块生成策略，num_hierarchies=10
[2025-11-14 23:03:26,545][src.models.modules.semantic_id.tiger_generation_model][INFO] - [rank: 0] 使用分块生成策略，num_hierarchies=10
[2025-11-14 23:03:27,184][src.models.modules.semantic_id.tiger_generation_model][INFO] - [rank: 0] 使用分块生成策略，num_hierarchies=10
[2025-11-14 23:03:27,813][src.models.modules.semantic_id.tiger_generation_model][INFO] - [rank: 0] 使用分块生成策略，num_hierarchies=10
[2025-11-14 23:03:28,512][src.models.modules.semantic_id.tiger_generation_model][INFO] - [rank: 0] 使用分块生成策略，num_hierarchies=10
[2025-11-14 23:03:29,153][src.models.modules.semantic_id.tiger_generation_model][INFO] - [rank: 0] 使用分块生成策略，num_hierarchies=10
[2025-11-14 23:03:29,770][src.models.modules.semantic_id.tiger_generation_model][INFO] - [rank: 0] 使用分块生成策略，num_hierarchies=10
[2025-11-14 23:03:30,379][src.models.modules.semantic_id.tiger_generation_model][INFO] - [rank: 0] 使用分块生成策略，num_hierarchies=10
[2025-11-14 23:03:30,927][src.models.modules.semantic_id.tiger_generation_model][INFO] - [rank: 0] 使用分块生成策略，num_hierarchies=10
[2025-11-14 23:03:31,539][src.models.modules.semantic_id.tiger_generation_model][INFO] - [rank: 0] 使用分块生成策略，num_hierarchies=10
[2025-11-14 23:03:32,196][src.models.modules.semantic_id.tiger_generation_model][INFO] - [rank: 0] 使用分块生成策略，num_hierarchies=10
[2025-11-14 23:03:32,766][src.models.modules.semantic_id.tiger_generation_model][INFO] - [rank: 0] 使用分块生成策略，num_hierarchies=10
[2025-11-14 23:03:33,298][src.models.modules.semantic_id.tiger_generation_model][INFO] - [rank: 0] 使用分块生成策略，num_hierarchies=10
[2025-11-14 23:03:33,863][src.models.modules.semantic_id.tiger_generation_model][INFO] - [rank: 0] 使用分块生成策略，num_hierarchies=10
[2025-11-14 23:03:34,444][src.models.modules.semantic_id.tiger_generation_model][INFO] - [rank: 0] 使用分块生成策略，num_hierarchies=10
[2025-11-14 23:03:35,030][src.models.modules.semantic_id.tiger_generation_model][INFO] - [rank: 0] 使用分块生成策略，num_hierarchies=10
[2025-11-14 23:03:35,616][src.models.modules.semantic_id.tiger_generation_model][INFO] - [rank: 0] 使用分块生成策略，num_hierarchies=10
[2025-11-14 23:03:36,196][src.models.modules.semantic_id.tiger_generation_model][INFO] - [rank: 0] 使用分块生成策略，num_hierarchies=10
[2025-11-14 23:03:36,789][src.models.modules.semantic_id.tiger_generation_model][INFO] - [rank: 0] 使用分块生成策略，num_hierarchies=10
[2025-11-14 23:03:37,464][src.models.modules.semantic_id.tiger_generation_model][INFO] - [rank: 0] 使用分块生成策略，num_hierarchies=10
[2025-11-14 23:03:38,171][src.models.modules.semantic_id.tiger_generation_model][INFO] - [rank: 0] 使用分块生成策略，num_hierarchies=10
[2025-11-14 23:03:38,825][src.models.modules.semantic_id.tiger_generation_model][INFO] - [rank: 0] 使用分块生成策略，num_hierarchies=10
[2025-11-14 23:03:39,490][src.models.modules.semantic_id.tiger_generation_model][INFO] - [rank: 0] 使用分块生成策略，num_hierarchies=10
[2025-11-14 23:03:40,156][src.models.modules.semantic_id.tiger_generation_model][INFO] - [rank: 0] 使用分块生成策略，num_hierarchies=10
[2025-11-14 23:03:40,850][src.models.modules.semantic_id.tiger_generation_model][INFO] - [rank: 0] 使用分块生成策略，num_hierarchies=10
[2025-11-14 23:03:41,471][src.models.modules.semantic_id.tiger_generation_model][INFO] - [rank: 0] 使用分块生成策略，num_hierarchies=10
[2025-11-14 23:03:42,146][src.models.modules.semantic_id.tiger_generation_model][INFO] - [rank: 0] 使用分块生成策略，num_hierarchies=10
[2025-11-14 23:03:42,819][src.models.modules.semantic_id.tiger_generation_model][INFO] - [rank: 0] 使用分块生成策略，num_hierarchies=10
[2025-11-14 23:03:43,447][src.models.modules.semantic_id.tiger_generation_model][INFO] - [rank: 0] 使用分块生成策略，num_hierarchies=10
[2025-11-14 23:03:44,105][src.models.modules.semantic_id.tiger_generation_model][INFO] - [rank: 0] 使用分块生成策略，num_hierarchies=10
[2025-11-14 23:03:44,777][src.models.modules.semantic_id.tiger_generation_model][INFO] - [rank: 0] 使用分块生成策略，num_hierarchies=10
[2025-11-14 23:03:45,346][src.models.modules.semantic_id.tiger_generation_model][INFO] - [rank: 0] 使用分块生成策略，num_hierarchies=10
[2025-11-14 23:03:46,027][src.models.modules.semantic_id.tiger_generation_model][INFO] - [rank: 0] 使用分块生成策略，num_hierarchies=10
[2025-11-14 23:03:46,659][src.models.modules.semantic_id.tiger_generation_model][INFO] - [rank: 0] 使用分块生成策略，num_hierarchies=10
[2025-11-14 23:03:47,275][src.models.modules.semantic_id.tiger_generation_model][INFO] - [rank: 0] 使用分块生成策略，num_hierarchies=10
[2025-11-14 23:03:47,803][src.models.modules.semantic_id.tiger_generation_model][INFO] - [rank: 0] 使用分块生成策略，num_hierarchies=10
[2025-11-14 23:03:48,426][src.models.modules.semantic_id.tiger_generation_model][INFO] - [rank: 0] 使用分块生成策略，num_hierarchies=10
[2025-11-14 23:03:49,004][src.models.modules.semantic_id.tiger_generation_model][INFO] - [rank: 0] 使用分块生成策略，num_hierarchies=10
[2025-11-14 23:03:49,576][src.models.modules.semantic_id.tiger_generation_model][INFO] - [rank: 0] 使用分块生成策略，num_hierarchies=10
[2025-11-14 23:03:50,169][src.models.modules.semantic_id.tiger_generation_model][INFO] - [rank: 0] 使用分块生成策略，num_hierarchies=10
[2025-11-14 23:03:50,738][src.models.modules.semantic_id.tiger_generation_model][INFO] - [rank: 0] 使用分块生成策略，num_hierarchies=10
[2025-11-14 23:03:51,347][src.models.modules.semantic_id.tiger_generation_model][INFO] - [rank: 0] 使用分块生成策略，num_hierarchies=10
[2025-11-14 23:03:51,965][src.models.modules.semantic_id.tiger_generation_model][INFO] - [rank: 0] 使用分块生成策略，num_hierarchies=10
[2025-11-14 23:03:52,589][src.models.modules.semantic_id.tiger_generation_model][INFO] - [rank: 0] 使用分块生成策略，num_hierarchies=10
[2025-11-14 23:03:53,228][src.models.modules.semantic_id.tiger_generation_model][INFO] - [rank: 0] 使用分块生成策略，num_hierarchies=10
[2025-11-14 23:03:53,858][src.models.modules.semantic_id.tiger_generation_model][INFO] - [rank: 0] 使用分块生成策略，num_hierarchies=10
[2025-11-14 23:03:54,538][src.models.modules.semantic_id.tiger_generation_model][INFO] - [rank: 0] 使用分块生成策略，num_hierarchies=10
[2025-11-14 23:03:55,198][src.models.modules.semantic_id.tiger_generation_model][INFO] - [rank: 0] 使用分块生成策略，num_hierarchies=10
[2025-11-14 23:03:55,795][src.models.modules.semantic_id.tiger_generation_model][INFO] - [rank: 0] 使用分块生成策略，num_hierarchies=10
[2025-11-14 23:03:56,390][src.models.modules.semantic_id.tiger_generation_model][INFO] - [rank: 0] 使用分块生成策略，num_hierarchies=10
[2025-11-14 23:03:57,045][src.models.modules.semantic_id.tiger_generation_model][INFO] - [rank: 0] 使用分块生成策略，num_hierarchies=10
[2025-11-14 23:03:57,658][src.models.modules.semantic_id.tiger_generation_model][INFO] - [rank: 0] 使用分块生成策略，num_hierarchies=10
[2025-11-14 23:03:58,327][src.models.modules.semantic_id.tiger_generation_model][INFO] - [rank: 0] 使用分块生成策略，num_hierarchies=10
[2025-11-14 23:03:58,997][src.models.modules.semantic_id.tiger_generation_model][INFO] - [rank: 0] 使用分块生成策略，num_hierarchies=10
[2025-11-14 23:03:59,592][src.models.modules.semantic_id.tiger_generation_model][INFO] - [rank: 0] 使用分块生成策略，num_hierarchies=10
[2025-11-14 23:04:00,257][src.models.modules.semantic_id.tiger_generation_model][INFO] - [rank: 0] 使用分块生成策略，num_hierarchies=10
[2025-11-14 23:04:01,107][src.models.modules.semantic_id.tiger_generation_model][INFO] - [rank: 0] 使用分块生成策略，num_hierarchies=10
[2025-11-14 23:04:01,747][src.models.modules.semantic_id.tiger_generation_model][INFO] - [rank: 0] 使用分块生成策略，num_hierarchies=10
[2025-11-14 23:04:02,388][src.models.modules.semantic_id.tiger_generation_model][INFO] - [rank: 0] 使用分块生成策略，num_hierarchies=10
[2025-11-14 23:04:03,087][src.models.modules.semantic_id.tiger_generation_model][INFO] - [rank: 0] 使用分块生成策略，num_hierarchies=10
[2025-11-14 23:04:03,686][src.models.modules.semantic_id.tiger_generation_model][INFO] - [rank: 0] 使用分块生成策略，num_hierarchies=10
[2025-11-14 23:04:04,239][src.models.modules.semantic_id.tiger_generation_model][INFO] - [rank: 0] 使用分块生成策略，num_hierarchies=10
[2025-11-14 23:04:04,918][src.models.modules.semantic_id.tiger_generation_model][INFO] - [rank: 0] 使用分块生成策略，num_hierarchies=10
[2025-11-14 23:04:05,618][src.models.modules.semantic_id.tiger_generation_model][INFO] - [rank: 0] 使用分块生成策略，num_hierarchies=10
[2025-11-14 23:04:06,375][src.models.modules.semantic_id.tiger_generation_model][INFO] - [rank: 0] 使用分块生成策略，num_hierarchies=10
[2025-11-14 23:04:07,042][src.models.modules.semantic_id.tiger_generation_model][INFO] - [rank: 0] 使用分块生成策略，num_hierarchies=10
[2025-11-14 23:04:07,755][src.models.modules.semantic_id.tiger_generation_model][INFO] - [rank: 0] 使用分块生成策略，num_hierarchies=10
[2025-11-14 23:04:08,467][src.models.modules.semantic_id.tiger_generation_model][INFO] - [rank: 0] 使用分块生成策略，num_hierarchies=10
[2025-11-14 23:04:09,167][src.models.modules.semantic_id.tiger_generation_model][INFO] - [rank: 0] 使用分块生成策略，num_hierarchies=10
[2025-11-14 23:04:09,790][src.models.modules.semantic_id.tiger_generation_model][INFO] - [rank: 0] 使用分块生成策略，num_hierarchies=10
[2025-11-14 23:04:10,466][src.models.modules.semantic_id.tiger_generation_model][INFO] - [rank: 0] 使用分块生成策略，num_hierarchies=10
[2025-11-14 23:04:11,179][src.models.modules.semantic_id.tiger_generation_model][INFO] - [rank: 0] 使用分块生成策略，num_hierarchies=10
[2025-11-14 23:04:11,838][src.models.modules.semantic_id.tiger_generation_model][INFO] - [rank: 0] 使用分块生成策略，num_hierarchies=10
[2025-11-14 23:04:12,452][src.models.modules.semantic_id.tiger_generation_model][INFO] - [rank: 0] 使用分块生成策略，num_hierarchies=10
[2025-11-14 23:04:13,160][src.models.modules.semantic_id.tiger_generation_model][INFO] - [rank: 0] 使用分块生成策略，num_hierarchies=10
[2025-11-14 23:04:13,774][src.models.modules.semantic_id.tiger_generation_model][INFO] - [rank: 0] 使用分块生成策略，num_hierarchies=10
[2025-11-14 23:04:14,478][src.models.modules.semantic_id.tiger_generation_model][INFO] - [rank: 0] 使用分块生成策略，num_hierarchies=10
[2025-11-14 23:04:15,176][src.models.modules.semantic_id.tiger_generation_model][INFO] - [rank: 0] 使用分块生成策略，num_hierarchies=10
[2025-11-14 23:04:15,824][src.models.modules.semantic_id.tiger_generation_model][INFO] - [rank: 0] 使用分块生成策略，num_hierarchies=10
[2025-11-14 23:04:16,421][src.models.modules.semantic_id.tiger_generation_model][INFO] - [rank: 0] 使用分块生成策略，num_hierarchies=10
[2025-11-14 23:04:17,052][src.models.modules.semantic_id.tiger_generation_model][INFO] - [rank: 0] 使用分块生成策略，num_hierarchies=10
[2025-11-14 23:04:17,631][src.models.modules.semantic_id.tiger_generation_model][INFO] - [rank: 0] 使用分块生成策略，num_hierarchies=10
[2025-11-14 23:04:18,241][src.models.modules.semantic_id.tiger_generation_model][INFO] - [rank: 0] 使用分块生成策略，num_hierarchies=10
[2025-11-14 23:04:18,843][src.models.modules.semantic_id.tiger_generation_model][INFO] - [rank: 0] 使用分块生成策略，num_hierarchies=10
[2025-11-14 23:04:19,437][src.models.modules.semantic_id.tiger_generation_model][INFO] - [rank: 0] 使用分块生成策略，num_hierarchies=10
[2025-11-14 23:04:20,050][src.models.modules.semantic_id.tiger_generation_model][INFO] - [rank: 0] 使用分块生成策略，num_hierarchies=10
[2025-11-14 23:04:20,664][src.models.modules.semantic_id.tiger_generation_model][INFO] - [rank: 0] 使用分块生成策略，num_hierarchies=10
[2025-11-14 23:04:21,249][src.models.modules.semantic_id.tiger_generation_model][INFO] - [rank: 0] 使用分块生成策略，num_hierarchies=10
[2025-11-14 23:04:21,856][src.models.modules.semantic_id.tiger_generation_model][INFO] - [rank: 0] 使用分块生成策略，num_hierarchies=10
[2025-11-14 23:04:22,285][src.models.modules.semantic_id.tiger_generation_model][INFO] - [rank: 0] 使用分块生成策略，num_hierarchies=10
[2025-11-14 23:04:22,656][src.models.modules.semantic_id.tiger_generation_model][INFO] - [rank: 0] 使用分块生成策略，num_hierarchies=10
[2025-11-14 23:04:23,088][src.models.modules.semantic_id.tiger_generation_model][INFO] - [rank: 0] 使用分块生成策略，num_hierarchies=10
[2025-11-14 23:04:23,521][src.models.modules.semantic_id.tiger_generation_model][INFO] - [rank: 0] 使用分块生成策略，num_hierarchies=10
[2025-11-14 23:04:23,983][src.models.modules.semantic_id.tiger_generation_model][INFO] - [rank: 0] 使用分块生成策略，num_hierarchies=10
[2025-11-14 23:04:24,394][src.models.modules.semantic_id.tiger_generation_model][INFO] - [rank: 0] 使用分块生成策略，num_hierarchies=10
[2025-11-14 23:04:24,801][src.models.modules.semantic_id.tiger_generation_model][INFO] - [rank: 0] 使用分块生成策略，num_hierarchies=10
[2025-11-14 23:04:25,159][src.models.modules.semantic_id.tiger_generation_model][INFO] - [rank: 0] 使用分块生成策略，num_hierarchies=10
[2025-11-14 23:04:25,521][src.models.modules.semantic_id.tiger_generation_model][INFO] - [rank: 0] 使用分块生成策略，num_hierarchies=10
[2025-11-14 23:04:25,896][src.models.modules.semantic_id.tiger_generation_model][INFO] - [rank: 0] 使用分块生成策略，num_hierarchies=10
[2025-11-14 23:04:26,292][src.models.modules.semantic_id.tiger_generation_model][INFO] - [rank: 0] 使用分块生成策略，num_hierarchies=10
[2025-11-14 23:04:26,657][src.models.modules.semantic_id.tiger_generation_model][INFO] - [rank: 0] 使用分块生成策略，num_hierarchies=10
[2025-11-14 23:04:27,020][src.models.modules.semantic_id.tiger_generation_model][INFO] - [rank: 0] 使用分块生成策略，num_hierarchies=10
[2025-11-14 23:04:27,381][src.models.modules.semantic_id.tiger_generation_model][INFO] - [rank: 0] 使用分块生成策略，num_hierarchies=10
[2025-11-14 23:04:27,742][src.models.modules.semantic_id.tiger_generation_model][INFO] - [rank: 0] 使用分块生成策略，num_hierarchies=10
[2025-11-14 23:04:28,236][src.models.modules.semantic_id.tiger_generation_model][INFO] - [rank: 0] 使用分块生成策略，num_hierarchies=10
[2025-11-14 23:04:28,624][src.models.modules.semantic_id.tiger_generation_model][INFO] - [rank: 0] 使用分块生成策略，num_hierarchies=10
[2025-11-14 23:04:29,143][src.models.modules.semantic_id.tiger_generation_model][INFO] - [rank: 0] 使用分块生成策略，num_hierarchies=10
[2025-11-14 23:04:29,614][src.models.modules.semantic_id.tiger_generation_model][INFO] - [rank: 0] 使用分块生成策略，num_hierarchies=10
[2025-11-14 23:04:29,988][src.models.modules.semantic_id.tiger_generation_model][INFO] - [rank: 0] 使用分块生成策略，num_hierarchies=10
[2025-11-14 23:04:30,365][src.models.modules.semantic_id.tiger_generation_model][INFO] - [rank: 0] 使用分块生成策略，num_hierarchies=10
[2025-11-14 23:04:30,747][src.models.modules.semantic_id.tiger_generation_model][INFO] - [rank: 0] 使用分块生成策略，num_hierarchies=10
[2025-11-14 23:04:31,126][src.models.modules.semantic_id.tiger_generation_model][INFO] - [rank: 0] 使用分块生成策略，num_hierarchies=10
[2025-11-14 23:04:31,486][src.models.modules.semantic_id.tiger_generation_model][INFO] - [rank: 0] 使用分块生成策略，num_hierarchies=10
[2025-11-14 23:04:31,864][src.models.modules.semantic_id.tiger_generation_model][INFO] - [rank: 0] 使用分块生成策略，num_hierarchies=10
[2025-11-14 23:04:32,322][src.models.modules.semantic_id.tiger_generation_model][INFO] - [rank: 0] 使用分块生成策略，num_hierarchies=10
[2025-11-14 23:04:32,740][src.models.modules.semantic_id.tiger_generation_model][INFO] - [rank: 0] 使用分块生成策略，num_hierarchies=10
[2025-11-14 23:04:33,312][src.models.modules.semantic_id.tiger_generation_model][INFO] - [rank: 0] 使用分块生成策略，num_hierarchies=10
[2025-11-14 23:04:33,901][src.models.modules.semantic_id.tiger_generation_model][INFO] - [rank: 0] 使用分块生成策略，num_hierarchies=10
[2025-11-14 23:04:34,495][src.models.modules.semantic_id.tiger_generation_model][INFO] - [rank: 0] 使用分块生成策略，num_hierarchies=10
[2025-11-14 23:04:35,091][src.models.modules.semantic_id.tiger_generation_model][INFO] - [rank: 0] 使用分块生成策略，num_hierarchies=10
[2025-11-14 23:04:35,670][src.models.modules.semantic_id.tiger_generation_model][INFO] - [rank: 0] 使用分块生成策略，num_hierarchies=10
[2025-11-14 23:04:36,221][src.models.modules.semantic_id.tiger_generation_model][INFO] - [rank: 0] 使用分块生成策略，num_hierarchies=10
[2025-11-14 23:04:36,832][src.models.modules.semantic_id.tiger_generation_model][INFO] - [rank: 0] 使用分块生成策略，num_hierarchies=10
[2025-11-14 23:04:37,414][src.models.modules.semantic_id.tiger_generation_model][INFO] - [rank: 0] 使用分块生成策略，num_hierarchies=10
[2025-11-14 23:04:38,006][src.models.modules.semantic_id.tiger_generation_model][INFO] - [rank: 0] 使用分块生成策略，num_hierarchies=10
[2025-11-14 23:04:38,600][src.models.modules.semantic_id.tiger_generation_model][INFO] - [rank: 0] 使用分块生成策略，num_hierarchies=10
[2025-11-14 23:04:39,194][src.models.modules.semantic_id.tiger_generation_model][INFO] - [rank: 0] 使用分块生成策略，num_hierarchies=10
[2025-11-14 23:04:39,795][src.models.modules.semantic_id.tiger_generation_model][INFO] - [rank: 0] 使用分块生成策略，num_hierarchies=10
[2025-11-14 23:04:40,433][src.models.modules.semantic_id.tiger_generation_model][INFO] - [rank: 0] 使用分块生成策略，num_hierarchies=10
[2025-11-14 23:04:41,034][src.models.modules.semantic_id.tiger_generation_model][INFO] - [rank: 0] 使用分块生成策略，num_hierarchies=10
[2025-11-14 23:04:41,635][src.models.modules.semantic_id.tiger_generation_model][INFO] - [rank: 0] 使用分块生成策略，num_hierarchies=10
[2025-11-14 23:04:42,222][src.models.modules.semantic_id.tiger_generation_model][INFO] - [rank: 0] 使用分块生成策略，num_hierarchies=10
[2025-11-14 23:04:42,807][src.models.modules.semantic_id.tiger_generation_model][INFO] - [rank: 0] 使用分块生成策略，num_hierarchies=10
[2025-11-14 23:04:43,361][src.models.modules.semantic_id.tiger_generation_model][INFO] - [rank: 0] 使用分块生成策略，num_hierarchies=10
[2025-11-14 23:04:43,943][src.models.modules.semantic_id.tiger_generation_model][INFO] - [rank: 0] 使用分块生成策略，num_hierarchies=10
[2025-11-14 23:04:44,557][src.models.modules.semantic_id.tiger_generation_model][INFO] - [rank: 0] 使用分块生成策略，num_hierarchies=10
[2025-11-14 23:04:45,158][src.models.modules.semantic_id.tiger_generation_model][INFO] - [rank: 0] 使用分块生成策略，num_hierarchies=10
[2025-11-14 23:04:45,793][src.models.modules.semantic_id.tiger_generation_model][INFO] - [rank: 0] 使用分块生成策略，num_hierarchies=10
[2025-11-14 23:04:46,373][src.models.modules.semantic_id.tiger_generation_model][INFO] - [rank: 0] 使用分块生成策略，num_hierarchies=10
[2025-11-14 23:04:46,935][src.models.modules.semantic_id.tiger_generation_model][INFO] - [rank: 0] 使用分块生成策略，num_hierarchies=10
[2025-11-14 23:04:47,484][src.models.modules.semantic_id.tiger_generation_model][INFO] - [rank: 0] 使用分块生成策略，num_hierarchies=10
[2025-11-14 23:04:48,064][src.models.modules.semantic_id.tiger_generation_model][INFO] - [rank: 0] 使用分块生成策略，num_hierarchies=10
[2025-11-14 23:04:48,642][src.models.modules.semantic_id.tiger_generation_model][INFO] - [rank: 0] 使用分块生成策略，num_hierarchies=10
[2025-11-14 23:04:49,148][src.models.modules.semantic_id.tiger_generation_model][INFO] - [rank: 0] 使用分块生成策略，num_hierarchies=10
[2025-11-14 23:04:49,724][src.models.modules.semantic_id.tiger_generation_model][INFO] - [rank: 0] 使用分块生成策略，num_hierarchies=10
[2025-11-14 23:04:50,285][src.models.modules.semantic_id.tiger_generation_model][INFO] - [rank: 0] 使用分块生成策略，num_hierarchies=10
[2025-11-14 23:04:50,832][src.models.modules.semantic_id.tiger_generation_model][INFO] - [rank: 0] 使用分块生成策略，num_hierarchies=10
[2025-11-14 23:04:51,407][src.models.modules.semantic_id.tiger_generation_model][INFO] - [rank: 0] 使用分块生成策略，num_hierarchies=10
[2025-11-14 23:04:51,970][src.models.modules.semantic_id.tiger_generation_model][INFO] - [rank: 0] 使用分块生成策略，num_hierarchies=10
[2025-11-14 23:04:52,537][src.models.modules.semantic_id.tiger_generation_model][INFO] - [rank: 0] 使用分块生成策略，num_hierarchies=10
[2025-11-14 23:04:53,106][src.models.modules.semantic_id.tiger_generation_model][INFO] - [rank: 0] 使用分块生成策略，num_hierarchies=10
[2025-11-14 23:04:53,686][src.models.modules.semantic_id.tiger_generation_model][INFO] - [rank: 0] 使用分块生成策略，num_hierarchies=10
[2025-11-14 23:04:54,206][src.models.modules.semantic_id.tiger_generation_model][INFO] - [rank: 0] 使用分块生成策略，num_hierarchies=10
[2025-11-14 23:04:54,762][src.models.modules.semantic_id.tiger_generation_model][INFO] - [rank: 0] 使用分块生成策略，num_hierarchies=10
[2025-11-14 23:04:55,329][src.models.modules.semantic_id.tiger_generation_model][INFO] - [rank: 0] 使用分块生成策略，num_hierarchies=10
[2025-11-14 23:04:55,880][src.models.modules.semantic_id.tiger_generation_model][INFO] - [rank: 0] 使用分块生成策略，num_hierarchies=10
[2025-11-14 23:04:56,445][src.models.modules.semantic_id.tiger_generation_model][INFO] - [rank: 0] 使用分块生成策略，num_hierarchies=10
[2025-11-14 23:04:57,022][src.models.modules.semantic_id.tiger_generation_model][INFO] - [rank: 0] 使用分块生成策略，num_hierarchies=10
[2025-11-14 23:04:57,579][src.models.modules.semantic_id.tiger_generation_model][INFO] - [rank: 0] 使用分块生成策略，num_hierarchies=10
[2025-11-14 23:04:58,127][src.models.modules.semantic_id.tiger_generation_model][INFO] - [rank: 0] 使用分块生成策略，num_hierarchies=10
[2025-11-14 23:04:58,694][src.models.modules.semantic_id.tiger_generation_model][INFO] - [rank: 0] 使用分块生成策略，num_hierarchies=10
[2025-11-14 23:04:59,256][src.models.modules.semantic_id.tiger_generation_model][INFO] - [rank: 0] 使用分块生成策略，num_hierarchies=10
[2025-11-14 23:04:59,826][src.models.modules.semantic_id.tiger_generation_model][INFO] - [rank: 0] 使用分块生成策略，num_hierarchies=10
[2025-11-14 23:05:00,370][src.models.modules.semantic_id.tiger_generation_model][INFO] - [rank: 0] 使用分块生成策略，num_hierarchies=10
[2025-11-14 23:05:00,951][src.models.modules.semantic_id.tiger_generation_model][INFO] - [rank: 0] 使用分块生成策略，num_hierarchies=10
[2025-11-14 23:05:01,550][src.models.modules.semantic_id.tiger_generation_model][INFO] - [rank: 0] 使用分块生成策略，num_hierarchies=10
[2025-11-14 23:05:02,129][src.models.modules.semantic_id.tiger_generation_model][INFO] - [rank: 0] 使用分块生成策略，num_hierarchies=10
[2025-11-14 23:05:02,708][src.models.modules.semantic_id.tiger_generation_model][INFO] - [rank: 0] 使用分块生成策略，num_hierarchies=10
[2025-11-14 23:05:03,296][src.models.modules.semantic_id.tiger_generation_model][INFO] - [rank: 0] 使用分块生成策略，num_hierarchies=10
[2025-11-14 23:05:03,876][src.models.modules.semantic_id.tiger_generation_model][INFO] - [rank: 0] 使用分块生成策略，num_hierarchies=10
[2025-11-14 23:05:04,462][src.models.modules.semantic_id.tiger_generation_model][INFO] - [rank: 0] 使用分块生成策略，num_hierarchies=10
[2025-11-14 23:05:05,054][src.models.modules.semantic_id.tiger_generation_model][INFO] - [rank: 0] 使用分块生成策略，num_hierarchies=10
[2025-11-14 23:05:05,585][src.models.modules.semantic_id.tiger_generation_model][INFO] - [rank: 0] 使用分块生成策略，num_hierarchies=10
[2025-11-14 23:05:06,150][src.models.modules.semantic_id.tiger_generation_model][INFO] - [rank: 0] 使用分块生成策略，num_hierarchies=10
[2025-11-14 23:05:06,707][src.models.modules.semantic_id.tiger_generation_model][INFO] - [rank: 0] 使用分块生成策略，num_hierarchies=10
[2025-11-14 23:05:07,274][src.models.modules.semantic_id.tiger_generation_model][INFO] - [rank: 0] 使用分块生成策略，num_hierarchies=10
[2025-11-14 23:05:07,822][src.models.modules.semantic_id.tiger_generation_model][INFO] - [rank: 0] 使用分块生成策略，num_hierarchies=10
[2025-11-14 23:05:08,397][src.models.modules.semantic_id.tiger_generation_model][INFO] - [rank: 0] 使用分块生成策略，num_hierarchies=10
[2025-11-14 23:05:08,942][src.models.modules.semantic_id.tiger_generation_model][INFO] - [rank: 0] 使用分块生成策略，num_hierarchies=10
[2025-11-14 23:05:09,508][src.models.modules.semantic_id.tiger_generation_model][INFO] - [rank: 0] 使用分块生成策略，num_hierarchies=10
[2025-11-14 23:05:10,054][src.models.modules.semantic_id.tiger_generation_model][INFO] - [rank: 0] 使用分块生成策略，num_hierarchies=10
[2025-11-14 23:05:10,565][src.models.modules.semantic_id.tiger_generation_model][INFO] - [rank: 0] 使用分块生成策略，num_hierarchies=10
[2025-11-14 23:05:11,105][src.models.modules.semantic_id.tiger_generation_model][INFO] - [rank: 0] 使用分块生成策略，num_hierarchies=10
[2025-11-14 23:05:11,674][src.models.modules.semantic_id.tiger_generation_model][INFO] - [rank: 0] 使用分块生成策略，num_hierarchies=10
[2025-11-14 23:05:12,223][src.models.modules.semantic_id.tiger_generation_model][INFO] - [rank: 0] 使用分块生成策略，num_hierarchies=10
[2025-11-14 23:05:12,776][src.models.modules.semantic_id.tiger_generation_model][INFO] - [rank: 0] 使用分块生成策略，num_hierarchies=10
[2025-11-14 23:05:13,361][src.models.modules.semantic_id.tiger_generation_model][INFO] - [rank: 0] 使用分块生成策略，num_hierarchies=10
[2025-11-14 23:05:13,961][src.models.modules.semantic_id.tiger_generation_model][INFO] - [rank: 0] 使用分块生成策略，num_hierarchies=10
[2025-11-14 23:05:14,547][src.models.modules.semantic_id.tiger_generation_model][INFO] - [rank: 0] 使用分块生成策略，num_hierarchies=10
[2025-11-14 23:05:15,134][src.models.modules.semantic_id.tiger_generation_model][INFO] - [rank: 0] 使用分块生成策略，num_hierarchies=10
[2025-11-14 23:05:15,725][src.models.modules.semantic_id.tiger_generation_model][INFO] - [rank: 0] 使用分块生成策略，num_hierarchies=10
[2025-11-14 23:05:16,309][src.models.modules.semantic_id.tiger_generation_model][INFO] - [rank: 0] 使用分块生成策略，num_hierarchies=10
[2025-11-14 23:05:16,853][src.models.modules.semantic_id.tiger_generation_model][INFO] - [rank: 0] 使用分块生成策略，num_hierarchies=10
[2025-11-14 23:05:17,431][src.models.modules.semantic_id.tiger_generation_model][INFO] - [rank: 0] 使用分块生成策略，num_hierarchies=10
[2025-11-14 23:05:18,004][src.models.modules.semantic_id.tiger_generation_model][INFO] - [rank: 0] 使用分块生成策略，num_hierarchies=10
[2025-11-14 23:05:18,574][src.models.modules.semantic_id.tiger_generation_model][INFO] - [rank: 0] 使用分块生成策略，num_hierarchies=10
[2025-11-14 23:05:19,190][src.models.modules.semantic_id.tiger_generation_model][INFO] - [rank: 0] 使用分块生成策略，num_hierarchies=10
[2025-11-14 23:05:19,794][src.models.modules.semantic_id.tiger_generation_model][INFO] - [rank: 0] 使用分块生成策略，num_hierarchies=10
[2025-11-14 23:05:20,379][src.models.modules.semantic_id.tiger_generation_model][INFO] - [rank: 0] 使用分块生成策略，num_hierarchies=10
[2025-11-14 23:05:20,993][src.models.modules.semantic_id.tiger_generation_model][INFO] - [rank: 0] 使用分块生成策略，num_hierarchies=10
[2025-11-14 23:05:21,590][src.models.modules.semantic_id.tiger_generation_model][INFO] - [rank: 0] 使用分块生成策略，num_hierarchies=10
[2025-11-14 23:05:22,192][src.models.modules.semantic_id.tiger_generation_model][INFO] - [rank: 0] 使用分块生成策略，num_hierarchies=10
[2025-11-14 23:05:22,798][src.models.modules.semantic_id.tiger_generation_model][INFO] - [rank: 0] 使用分块生成策略，num_hierarchies=10
[2025-11-14 23:05:23,393][src.models.modules.semantic_id.tiger_generation_model][INFO] - [rank: 0] 使用分块生成策略，num_hierarchies=10
[2025-11-14 23:05:23,985][src.models.modules.semantic_id.tiger_generation_model][INFO] - [rank: 0] 使用分块生成策略，num_hierarchies=10
[2025-11-14 23:05:24,539][src.models.modules.semantic_id.tiger_generation_model][INFO] - [rank: 0] 使用分块生成策略，num_hierarchies=10
[2025-11-14 23:05:25,130][src.models.modules.semantic_id.tiger_generation_model][INFO] - [rank: 0] 使用分块生成策略，num_hierarchies=10
[2025-11-14 23:05:25,724][src.models.modules.semantic_id.tiger_generation_model][INFO] - [rank: 0] 使用分块生成策略，num_hierarchies=10
[2025-11-14 23:05:26,326][src.models.modules.semantic_id.tiger_generation_model][INFO] - [rank: 0] 使用分块生成策略，num_hierarchies=10
[2025-11-14 23:05:26,930][src.models.modules.semantic_id.tiger_generation_model][INFO] - [rank: 0] 使用分块生成策略，num_hierarchies=10
[2025-11-14 23:05:27,524][src.models.modules.semantic_id.tiger_generation_model][INFO] - [rank: 0] 使用分块生成策略，num_hierarchies=10
[2025-11-14 23:05:28,130][src.models.modules.semantic_id.tiger_generation_model][INFO] - [rank: 0] 使用分块生成策略，num_hierarchies=10
[2025-11-14 23:05:28,738][src.models.modules.semantic_id.tiger_generation_model][INFO] - [rank: 0] 使用分块生成策略，num_hierarchies=10
[2025-11-14 23:05:29,339][src.models.modules.semantic_id.tiger_generation_model][INFO] - [rank: 0] 使用分块生成策略，num_hierarchies=10
[2025-11-14 23:05:29,916][src.models.modules.semantic_id.tiger_generation_model][INFO] - [rank: 0] 使用分块生成策略，num_hierarchies=10
[2025-11-14 23:05:30,531][src.models.modules.semantic_id.tiger_generation_model][INFO] - [rank: 0] 使用分块生成策略，num_hierarchies=10
[2025-11-14 23:05:31,125][src.models.modules.semantic_id.tiger_generation_model][INFO] - [rank: 0] 使用分块生成策略，num_hierarchies=10
[2025-11-14 23:05:31,682][src.models.modules.semantic_id.tiger_generation_model][INFO] - [rank: 0] 使用分块生成策略，num_hierarchies=10
[2025-11-14 23:05:32,286][src.models.modules.semantic_id.tiger_generation_model][INFO] - [rank: 0] 使用分块生成策略，num_hierarchies=10
[2025-11-14 23:05:32,881][src.models.modules.semantic_id.tiger_generation_model][INFO] - [rank: 0] 使用分块生成策略，num_hierarchies=10
[2025-11-14 23:05:33,488][src.models.modules.semantic_id.tiger_generation_model][INFO] - [rank: 0] 使用分块生成策略，num_hierarchies=10
[2025-11-14 23:05:34,068][src.models.modules.semantic_id.tiger_generation_model][INFO] - [rank: 0] 使用分块生成策略，num_hierarchies=10
[2025-11-14 23:05:34,678][src.models.modules.semantic_id.tiger_generation_model][INFO] - [rank: 0] 使用分块生成策略，num_hierarchies=10
[2025-11-14 23:05:35,242][src.models.modules.semantic_id.tiger_generation_model][INFO] - [rank: 0] 使用分块生成策略，num_hierarchies=10
[2025-11-14 23:05:35,817][src.models.modules.semantic_id.tiger_generation_model][INFO] - [rank: 0] 使用分块生成策略，num_hierarchies=10
[2025-11-14 23:05:36,360][src.models.modules.semantic_id.tiger_generation_model][INFO] - [rank: 0] 使用分块生成策略，num_hierarchies=10
[2025-11-14 23:05:36,921][src.models.modules.semantic_id.tiger_generation_model][INFO] - [rank: 0] 使用分块生成策略，num_hierarchies=10
[2025-11-14 23:05:37,512][src.models.modules.semantic_id.tiger_generation_model][INFO] - [rank: 0] 使用分块生成策略，num_hierarchies=10
[2025-11-14 23:05:38,079][src.models.modules.semantic_id.tiger_generation_model][INFO] - [rank: 0] 使用分块生成策略，num_hierarchies=10
[2025-11-14 23:05:38,593][src.models.modules.semantic_id.tiger_generation_model][INFO] - [rank: 0] 使用分块生成策略，num_hierarchies=10
[2025-11-14 23:05:39,151][src.models.modules.semantic_id.tiger_generation_model][INFO] - [rank: 0] 使用分块生成策略，num_hierarchies=10
[2025-11-14 23:05:39,747][src.models.modules.semantic_id.tiger_generation_model][INFO] - [rank: 0] 使用分块生成策略，num_hierarchies=10
[2025-11-14 23:05:40,312][src.models.modules.semantic_id.tiger_generation_model][INFO] - [rank: 0] 使用分块生成策略，num_hierarchies=10
[2025-11-14 23:05:41,043][src.models.modules.semantic_id.tiger_generation_model][INFO] - [rank: 0] 使用分块生成策略，num_hierarchies=10
[2025-11-14 23:05:41,777][src.models.modules.semantic_id.tiger_generation_model][INFO] - [rank: 0] 使用分块生成策略，num_hierarchies=10
[2025-11-14 23:05:42,379][src.models.modules.semantic_id.tiger_generation_model][INFO] - [rank: 0] 使用分块生成策略，num_hierarchies=10
[2025-11-14 23:05:42,899][src.models.modules.semantic_id.tiger_generation_model][INFO] - [rank: 0] 使用分块生成策略，num_hierarchies=10
[2025-11-14 23:05:43,554][src.models.modules.semantic_id.tiger_generation_model][INFO] - [rank: 0] 使用分块生成策略，num_hierarchies=10
[2025-11-14 23:05:44,148][src.models.modules.semantic_id.tiger_generation_model][INFO] - [rank: 0] 使用分块生成策略，num_hierarchies=10
[2025-11-14 23:05:44,742][src.models.modules.semantic_id.tiger_generation_model][INFO] - [rank: 0] 使用分块生成策略，num_hierarchies=10
[2025-11-14 23:05:45,300][src.models.modules.semantic_id.tiger_generation_model][INFO] - [rank: 0] 使用分块生成策略，num_hierarchies=10
[2025-11-14 23:05:45,895][src.models.modules.semantic_id.tiger_generation_model][INFO] - [rank: 0] 使用分块生成策略，num_hierarchies=10
[2025-11-14 23:05:46,419][src.models.modules.semantic_id.tiger_generation_model][INFO] - [rank: 0] 使用分块生成策略，num_hierarchies=10
[2025-11-14 23:05:46,984][src.models.modules.semantic_id.tiger_generation_model][INFO] - [rank: 0] 使用分块生成策略，num_hierarchies=10
[2025-11-14 23:05:47,646][src.models.modules.semantic_id.tiger_generation_model][INFO] - [rank: 0] 使用分块生成策略，num_hierarchies=10
[2025-11-14 23:05:48,210][src.models.modules.semantic_id.tiger_generation_model][INFO] - [rank: 0] 使用分块生成策略，num_hierarchies=10
[2025-11-14 23:05:48,768][src.models.modules.semantic_id.tiger_generation_model][INFO] - [rank: 0] 使用分块生成策略，num_hierarchies=10
[2025-11-14 23:05:49,434][src.models.modules.semantic_id.tiger_generation_model][INFO] - [rank: 0] 使用分块生成策略，num_hierarchies=10
[2025-11-14 23:05:50,101][src.models.modules.semantic_id.tiger_generation_model][INFO] - [rank: 0] 使用分块生成策略，num_hierarchies=10
[2025-11-14 23:05:50,738][src.models.modules.semantic_id.tiger_generation_model][INFO] - [rank: 0] 使用分块生成策略，num_hierarchies=10
[2025-11-14 23:05:51,394][src.models.modules.semantic_id.tiger_generation_model][INFO] - [rank: 0] 使用分块生成策略，num_hierarchies=10
[2025-11-14 23:05:52,125][src.models.modules.semantic_id.tiger_generation_model][INFO] - [rank: 0] 使用分块生成策略，num_hierarchies=10
[2025-11-14 23:05:52,714][src.models.modules.semantic_id.tiger_generation_model][INFO] - [rank: 0] 使用分块生成策略，num_hierarchies=10
[2025-11-14 23:05:53,299][src.models.modules.semantic_id.tiger_generation_model][INFO] - [rank: 0] 使用分块生成策略，num_hierarchies=10
[2025-11-14 23:05:53,894][src.models.modules.semantic_id.tiger_generation_model][INFO] - [rank: 0] 使用分块生成策略，num_hierarchies=10
[2025-11-14 23:05:54,498][src.models.modules.semantic_id.tiger_generation_model][INFO] - [rank: 0] 使用分块生成策略，num_hierarchies=10
[2025-11-14 23:05:55,094][src.models.modules.semantic_id.tiger_generation_model][INFO] - [rank: 0] 使用分块生成策略，num_hierarchies=10
[2025-11-14 23:05:55,645][src.models.modules.semantic_id.tiger_generation_model][INFO] - [rank: 0] 使用分块生成策略，num_hierarchies=10
[2025-11-14 23:05:56,235][src.models.modules.semantic_id.tiger_generation_model][INFO] - [rank: 0] 使用分块生成策略，num_hierarchies=10
[2025-11-14 23:05:56,832][src.models.modules.semantic_id.tiger_generation_model][INFO] - [rank: 0] 使用分块生成策略，num_hierarchies=10
[2025-11-14 23:05:57,429][src.models.modules.semantic_id.tiger_generation_model][INFO] - [rank: 0] 使用分块生成策略，num_hierarchies=10
[2025-11-14 23:05:58,049][src.models.modules.semantic_id.tiger_generation_model][INFO] - [rank: 0] 使用分块生成策略，num_hierarchies=10
[2025-11-14 23:05:58,659][src.models.modules.semantic_id.tiger_generation_model][INFO] - [rank: 0] 使用分块生成策略，num_hierarchies=10
[2025-11-14 23:05:59,248][src.models.modules.semantic_id.tiger_generation_model][INFO] - [rank: 0] 使用分块生成策略，num_hierarchies=10
[2025-11-14 23:05:59,847][src.models.modules.semantic_id.tiger_generation_model][INFO] - [rank: 0] 使用分块生成策略，num_hierarchies=10
[2025-11-14 23:06:00,480][src.models.modules.semantic_id.tiger_generation_model][INFO] - [rank: 0] 使用分块生成策略，num_hierarchies=10
[2025-11-14 23:06:01,056][src.models.modules.semantic_id.tiger_generation_model][INFO] - [rank: 0] 使用分块生成策略，num_hierarchies=10
[2025-11-14 23:06:01,729][src.models.modules.semantic_id.tiger_generation_model][INFO] - [rank: 0] 使用分块生成策略，num_hierarchies=10
[2025-11-14 23:06:02,382][src.models.modules.semantic_id.tiger_generation_model][INFO] - [rank: 0] 使用分块生成策略，num_hierarchies=10
[2025-11-14 23:06:02,966][src.models.modules.semantic_id.tiger_generation_model][INFO] - [rank: 0] 使用分块生成策略，num_hierarchies=10
[2025-11-14 23:06:03,615][src.models.modules.semantic_id.tiger_generation_model][INFO] - [rank: 0] 使用分块生成策略，num_hierarchies=10
[2025-11-14 23:06:04,240][src.models.modules.semantic_id.tiger_generation_model][INFO] - [rank: 0] 使用分块生成策略，num_hierarchies=10
[2025-11-14 23:06:04,880][src.models.modules.semantic_id.tiger_generation_model][INFO] - [rank: 0] 使用分块生成策略，num_hierarchies=10
[2025-11-14 23:06:05,495][src.models.modules.semantic_id.tiger_generation_model][INFO] - [rank: 0] 使用分块生成策略，num_hierarchies=10
[2025-11-14 23:06:06,095][src.models.modules.semantic_id.tiger_generation_model][INFO] - [rank: 0] 使用分块生成策略，num_hierarchies=10
[2025-11-14 23:06:06,655][src.models.modules.semantic_id.tiger_generation_model][INFO] - [rank: 0] 使用分块生成策略，num_hierarchies=10
[2025-11-14 23:06:07,182][src.models.modules.semantic_id.tiger_generation_model][INFO] - [rank: 0] 使用分块生成策略，num_hierarchies=10
[2025-11-14 23:06:07,735][src.models.modules.semantic_id.tiger_generation_model][INFO] - [rank: 0] 使用分块生成策略，num_hierarchies=10
[2025-11-14 23:06:08,304][src.models.modules.semantic_id.tiger_generation_model][INFO] - [rank: 0] 使用分块生成策略，num_hierarchies=10
[2025-11-14 23:06:08,942][src.models.modules.semantic_id.tiger_generation_model][INFO] - [rank: 0] 使用分块生成策略，num_hierarchies=10
[2025-11-14 23:06:09,634][src.models.modules.semantic_id.tiger_generation_model][INFO] - [rank: 0] 使用分块生成策略，num_hierarchies=10
[2025-11-14 23:06:10,213][src.models.modules.semantic_id.tiger_generation_model][INFO] - [rank: 0] 使用分块生成策略，num_hierarchies=10
[2025-11-14 23:06:10,834][src.models.modules.semantic_id.tiger_generation_model][INFO] - [rank: 0] 使用分块生成策略，num_hierarchies=10
[2025-11-14 23:06:11,460][src.models.modules.semantic_id.tiger_generation_model][INFO] - [rank: 0] 使用分块生成策略，num_hierarchies=10
[2025-11-14 23:06:12,042][src.models.modules.semantic_id.tiger_generation_model][INFO] - [rank: 0] 使用分块生成策略，num_hierarchies=10
[2025-11-14 23:06:12,620][src.models.modules.semantic_id.tiger_generation_model][INFO] - [rank: 0] 使用分块生成策略，num_hierarchies=10
[2025-11-14 23:06:13,201][src.models.modules.semantic_id.tiger_generation_model][INFO] - [rank: 0] 使用分块生成策略，num_hierarchies=10
[2025-11-14 23:06:13,793][src.models.modules.semantic_id.tiger_generation_model][INFO] - [rank: 0] 使用分块生成策略，num_hierarchies=10
[2025-11-14 23:06:14,390][src.models.modules.semantic_id.tiger_generation_model][INFO] - [rank: 0] 使用分块生成策略，num_hierarchies=10
[2025-11-14 23:06:14,987][src.models.modules.semantic_id.tiger_generation_model][INFO] - [rank: 0] 使用分块生成策略，num_hierarchies=10
[2025-11-14 23:06:15,612][src.models.modules.semantic_id.tiger_generation_model][INFO] - [rank: 0] 使用分块生成策略，num_hierarchies=10
[2025-11-14 23:06:16,191][src.models.modules.semantic_id.tiger_generation_model][INFO] - [rank: 0] 使用分块生成策略，num_hierarchies=10
[2025-11-14 23:06:16,798][src.models.modules.semantic_id.tiger_generation_model][INFO] - [rank: 0] 使用分块生成策略，num_hierarchies=10
[2025-11-14 23:06:17,381][src.models.modules.semantic_id.tiger_generation_model][INFO] - [rank: 0] 使用分块生成策略，num_hierarchies=10
[2025-11-14 23:06:18,005][src.models.modules.semantic_id.tiger_generation_model][INFO] - [rank: 0] 使用分块生成策略，num_hierarchies=10
[2025-11-14 23:06:18,728][src.models.modules.semantic_id.tiger_generation_model][INFO] - [rank: 0] 使用分块生成策略，num_hierarchies=10
[2025-11-14 23:06:19,370][src.models.modules.semantic_id.tiger_generation_model][INFO] - [rank: 0] 使用分块生成策略，num_hierarchies=10
[2025-11-14 23:06:19,989][src.models.modules.semantic_id.tiger_generation_model][INFO] - [rank: 0] 使用分块生成策略，num_hierarchies=10
[2025-11-14 23:06:20,598][src.models.modules.semantic_id.tiger_generation_model][INFO] - [rank: 0] 使用分块生成策略，num_hierarchies=10
[2025-11-14 23:06:21,218][src.models.modules.semantic_id.tiger_generation_model][INFO] - [rank: 0] 使用分块生成策略，num_hierarchies=10
[2025-11-14 23:06:21,886][src.models.modules.semantic_id.tiger_generation_model][INFO] - [rank: 0] 使用分块生成策略，num_hierarchies=10
[2025-11-14 23:06:22,541][src.models.modules.semantic_id.tiger_generation_model][INFO] - [rank: 0] 使用分块生成策略，num_hierarchies=10
[2025-11-14 23:06:23,146][src.models.modules.semantic_id.tiger_generation_model][INFO] - [rank: 0] 使用分块生成策略，num_hierarchies=10
[2025-11-14 23:06:23,796][src.models.modules.semantic_id.tiger_generation_model][INFO] - [rank: 0] 使用分块生成策略，num_hierarchies=10
[2025-11-14 23:06:24,459][src.models.modules.semantic_id.tiger_generation_model][INFO] - [rank: 0] 使用分块生成策略，num_hierarchies=10
[2025-11-14 23:06:25,110][src.models.modules.semantic_id.tiger_generation_model][INFO] - [rank: 0] 使用分块生成策略，num_hierarchies=10
[2025-11-14 23:06:25,751][src.models.modules.semantic_id.tiger_generation_model][INFO] - [rank: 0] 使用分块生成策略，num_hierarchies=10
[2025-11-14 23:06:26,321][src.models.modules.semantic_id.tiger_generation_model][INFO] - [rank: 0] 使用分块生成策略，num_hierarchies=10
[2025-11-14 23:06:26,873][src.models.modules.semantic_id.tiger_generation_model][INFO] - [rank: 0] 使用分块生成策略，num_hierarchies=10
[2025-11-14 23:06:27,513][src.models.modules.semantic_id.tiger_generation_model][INFO] - [rank: 0] 使用分块生成策略，num_hierarchies=10
[2025-11-14 23:06:28,178][src.models.modules.semantic_id.tiger_generation_model][INFO] - [rank: 0] 使用分块生成策略，num_hierarchies=10
[2025-11-14 23:06:28,814][src.models.modules.semantic_id.tiger_generation_model][INFO] - [rank: 0] 使用分块生成策略，num_hierarchies=10
[2025-11-14 23:06:29,482][src.models.modules.semantic_id.tiger_generation_model][INFO] - [rank: 0] 使用分块生成策略，num_hierarchies=10
[2025-11-14 23:06:30,079][src.models.modules.semantic_id.tiger_generation_model][INFO] - [rank: 0] 使用分块生成策略，num_hierarchies=10
[2025-11-14 23:06:30,670][src.models.modules.semantic_id.tiger_generation_model][INFO] - [rank: 0] 使用分块生成策略，num_hierarchies=10
[2025-11-14 23:06:31,303][src.models.modules.semantic_id.tiger_generation_model][INFO] - [rank: 0] 使用分块生成策略，num_hierarchies=10
[2025-11-14 23:06:31,940][src.models.modules.semantic_id.tiger_generation_model][INFO] - [rank: 0] 使用分块生成策略，num_hierarchies=10
[2025-11-14 23:06:32,586][src.models.modules.semantic_id.tiger_generation_model][INFO] - [rank: 0] 使用分块生成策略，num_hierarchies=10
[2025-11-14 23:06:33,217][src.models.modules.semantic_id.tiger_generation_model][INFO] - [rank: 0] 使用分块生成策略，num_hierarchies=10
[2025-11-14 23:06:33,817][src.models.modules.semantic_id.tiger_generation_model][INFO] - [rank: 0] 使用分块生成策略，num_hierarchies=10
[2025-11-14 23:06:34,433][src.models.modules.semantic_id.tiger_generation_model][INFO] - [rank: 0] 使用分块生成策略，num_hierarchies=10
[2025-11-14 23:06:35,043][src.models.modules.semantic_id.tiger_generation_model][INFO] - [rank: 0] 使用分块生成策略，num_hierarchies=10
[2025-11-14 23:06:35,627][src.models.modules.semantic_id.tiger_generation_model][INFO] - [rank: 0] 使用分块生成策略，num_hierarchies=10
[2025-11-14 23:06:36,149][src.models.modules.semantic_id.tiger_generation_model][INFO] - [rank: 0] 使用分块生成策略，num_hierarchies=10
[2025-11-14 23:06:36,729][src.models.modules.semantic_id.tiger_generation_model][INFO] - [rank: 0] 使用分块生成策略，num_hierarchies=10
[2025-11-14 23:06:37,328][src.models.modules.semantic_id.tiger_generation_model][INFO] - [rank: 0] 使用分块生成策略，num_hierarchies=10
[2025-11-14 23:06:37,926][src.models.modules.semantic_id.tiger_generation_model][INFO] - [rank: 0] 使用分块生成策略，num_hierarchies=10
[2025-11-14 23:06:38,571][src.models.modules.semantic_id.tiger_generation_model][INFO] - [rank: 0] 使用分块生成策略，num_hierarchies=10
[2025-11-14 23:06:39,252][src.models.modules.semantic_id.tiger_generation_model][INFO] - [rank: 0] 使用分块生成策略，num_hierarchies=10
[2025-11-14 23:06:39,814][src.models.modules.semantic_id.tiger_generation_model][INFO] - [rank: 0] 使用分块生成策略，num_hierarchies=10
[2025-11-14 23:06:40,384][src.models.modules.semantic_id.tiger_generation_model][INFO] - [rank: 0] 使用分块生成策略，num_hierarchies=10
[2025-11-14 23:06:40,920][src.models.modules.semantic_id.tiger_generation_model][INFO] - [rank: 0] 使用分块生成策略，num_hierarchies=10
[2025-11-14 23:06:41,493][src.models.modules.semantic_id.tiger_generation_model][INFO] - [rank: 0] 使用分块生成策略，num_hierarchies=10
[2025-11-14 23:06:42,060][src.models.modules.semantic_id.tiger_generation_model][INFO] - [rank: 0] 使用分块生成策略，num_hierarchies=10
[2025-11-14 23:06:42,604][src.models.modules.semantic_id.tiger_generation_model][INFO] - [rank: 0] 使用分块生成策略，num_hierarchies=10
[2025-11-14 23:06:43,196][src.models.modules.semantic_id.tiger_generation_model][INFO] - [rank: 0] 使用分块生成策略，num_hierarchies=10
[2025-11-14 23:06:43,851][src.models.modules.semantic_id.tiger_generation_model][INFO] - [rank: 0] 使用分块生成策略，num_hierarchies=10
[2025-11-14 23:06:44,435][src.models.modules.semantic_id.tiger_generation_model][INFO] - [rank: 0] 使用分块生成策略，num_hierarchies=10
[2025-11-14 23:06:44,969][src.models.modules.semantic_id.tiger_generation_model][INFO] - [rank: 0] 使用分块生成策略，num_hierarchies=10
[2025-11-14 23:06:45,561][src.models.modules.semantic_id.tiger_generation_model][INFO] - [rank: 0] 使用分块生成策略，num_hierarchies=10
[2025-11-14 23:06:46,120][src.models.modules.semantic_id.tiger_generation_model][INFO] - [rank: 0] 使用分块生成策略，num_hierarchies=10
[2025-11-14 23:06:46,689][src.models.modules.semantic_id.tiger_generation_model][INFO] - [rank: 0] 使用分块生成策略，num_hierarchies=10
[2025-11-14 23:06:47,212][src.models.modules.semantic_id.tiger_generation_model][INFO] - [rank: 0] 使用分块生成策略，num_hierarchies=10
[2025-11-14 23:06:47,781][src.models.modules.semantic_id.tiger_generation_model][INFO] - [rank: 0] 使用分块生成策略，num_hierarchies=10
[2025-11-14 23:06:48,529][src.models.modules.semantic_id.tiger_generation_model][INFO] - [rank: 0] 使用分块生成策略，num_hierarchies=10
[2025-11-14 23:06:49,186][src.models.modules.semantic_id.tiger_generation_model][INFO] - [rank: 0] 使用分块生成策略，num_hierarchies=10
[2025-11-14 23:06:49,846][src.models.modules.semantic_id.tiger_generation_model][INFO] - [rank: 0] 使用分块生成策略，num_hierarchies=10
[2025-11-14 23:06:50,466][src.models.modules.semantic_id.tiger_generation_model][INFO] - [rank: 0] 使用分块生成策略，num_hierarchies=10
[2025-11-14 23:06:51,107][src.models.modules.semantic_id.tiger_generation_model][INFO] - [rank: 0] 使用分块生成策略，num_hierarchies=10
[2025-11-14 23:06:51,739][src.models.modules.semantic_id.tiger_generation_model][INFO] - [rank: 0] 使用分块生成策略，num_hierarchies=10
[2025-11-14 23:06:52,365][src.models.modules.semantic_id.tiger_generation_model][INFO] - [rank: 0] 使用分块生成策略，num_hierarchies=10
[2025-11-14 23:06:52,956][src.models.modules.semantic_id.tiger_generation_model][INFO] - [rank: 0] 使用分块生成策略，num_hierarchies=10
[2025-11-14 23:06:53,555][src.models.modules.semantic_id.tiger_generation_model][INFO] - [rank: 0] 使用分块生成策略，num_hierarchies=10
[2025-11-14 23:06:54,149][src.models.modules.semantic_id.tiger_generation_model][INFO] - [rank: 0] 使用分块生成策略，num_hierarchies=10
[2025-11-14 23:06:54,720][src.models.modules.semantic_id.tiger_generation_model][INFO] - [rank: 0] 使用分块生成策略，num_hierarchies=10
[2025-11-14 23:06:55,297][src.models.modules.semantic_id.tiger_generation_model][INFO] - [rank: 0] 使用分块生成策略，num_hierarchies=10
[2025-11-14 23:06:55,884][src.models.modules.semantic_id.tiger_generation_model][INFO] - [rank: 0] 使用分块生成策略，num_hierarchies=10
[2025-11-14 23:06:56,455][src.models.modules.semantic_id.tiger_generation_model][INFO] - [rank: 0] 使用分块生成策略，num_hierarchies=10
[2025-11-14 23:06:57,041][src.models.modules.semantic_id.tiger_generation_model][INFO] - [rank: 0] 使用分块生成策略，num_hierarchies=10
[2025-11-14 23:06:57,570][src.models.modules.semantic_id.tiger_generation_model][INFO] - [rank: 0] 使用分块生成策略，num_hierarchies=10
[2025-11-14 23:06:58,163][src.models.modules.semantic_id.tiger_generation_model][INFO] - [rank: 0] 使用分块生成策略，num_hierarchies=10
[2025-11-14 23:06:58,731][src.models.modules.semantic_id.tiger_generation_model][INFO] - [rank: 0] 使用分块生成策略，num_hierarchies=10
[2025-11-14 23:06:59,296][src.models.modules.semantic_id.tiger_generation_model][INFO] - [rank: 0] 使用分块生成策略，num_hierarchies=10
[2025-11-14 23:06:59,875][src.models.modules.semantic_id.tiger_generation_model][INFO] - [rank: 0] 使用分块生成策略，num_hierarchies=10
[2025-11-14 23:07:00,482][src.models.modules.semantic_id.tiger_generation_model][INFO] - [rank: 0] 使用分块生成策略，num_hierarchies=10
[2025-11-14 23:07:01,089][src.models.modules.semantic_id.tiger_generation_model][INFO] - [rank: 0] 使用分块生成策略，num_hierarchies=10
[2025-11-14 23:07:01,663][src.models.modules.semantic_id.tiger_generation_model][INFO] - [rank: 0] 使用分块生成策略，num_hierarchies=10
[2025-11-14 23:07:02,265][src.models.modules.semantic_id.tiger_generation_model][INFO] - [rank: 0] 使用分块生成策略，num_hierarchies=10
[2025-11-14 23:07:02,841][src.models.modules.semantic_id.tiger_generation_model][INFO] - [rank: 0] 使用分块生成策略，num_hierarchies=10
[2025-11-14 23:07:03,373][src.models.modules.semantic_id.tiger_generation_model][INFO] - [rank: 0] 使用分块生成策略，num_hierarchies=10
[2025-11-14 23:07:03,916][src.models.modules.semantic_id.tiger_generation_model][INFO] - [rank: 0] 使用分块生成策略，num_hierarchies=10
[2025-11-14 23:07:04,502][src.models.modules.semantic_id.tiger_generation_model][INFO] - [rank: 0] 使用分块生成策略，num_hierarchies=10
[2025-11-14 23:07:05,087][src.models.modules.semantic_id.tiger_generation_model][INFO] - [rank: 0] 使用分块生成策略，num_hierarchies=10
[2025-11-14 23:07:05,735][src.models.modules.semantic_id.tiger_generation_model][INFO] - [rank: 0] 使用分块生成策略，num_hierarchies=10
[2025-11-14 23:07:06,344][src.models.modules.semantic_id.tiger_generation_model][INFO] - [rank: 0] 使用分块生成策略，num_hierarchies=10
[2025-11-14 23:07:06,937][src.models.modules.semantic_id.tiger_generation_model][INFO] - [rank: 0] 使用分块生成策略，num_hierarchies=10
[2025-11-14 23:07:07,522][src.models.modules.semantic_id.tiger_generation_model][INFO] - [rank: 0] 使用分块生成策略，num_hierarchies=10
[2025-11-14 23:07:08,120][src.models.modules.semantic_id.tiger_generation_model][INFO] - [rank: 0] 使用分块生成策略，num_hierarchies=10
[2025-11-14 23:07:08,716][src.models.modules.semantic_id.tiger_generation_model][INFO] - [rank: 0] 使用分块生成策略，num_hierarchies=10
[2025-11-14 23:07:09,318][src.models.modules.semantic_id.tiger_generation_model][INFO] - [rank: 0] 使用分块生成策略，num_hierarchies=10
[2025-11-14 23:07:09,959][src.models.modules.semantic_id.tiger_generation_model][INFO] - [rank: 0] 使用分块生成策略，num_hierarchies=10
[2025-11-14 23:07:10,650][src.models.modules.semantic_id.tiger_generation_model][INFO] - [rank: 0] 使用分块生成策略，num_hierarchies=10
[2025-11-14 23:07:11,284][src.models.modules.semantic_id.tiger_generation_model][INFO] - [rank: 0] 使用分块生成策略，num_hierarchies=10
[2025-11-14 23:07:11,910][src.models.modules.semantic_id.tiger_generation_model][INFO] - [rank: 0] 使用分块生成策略，num_hierarchies=10
[2025-11-14 23:07:12,500][src.models.modules.semantic_id.tiger_generation_model][INFO] - [rank: 0] 使用分块生成策略，num_hierarchies=10
[2025-11-14 23:07:13,135][src.models.modules.semantic_id.tiger_generation_model][INFO] - [rank: 0] 使用分块生成策略，num_hierarchies=10
[2025-11-14 23:07:13,763][src.models.modules.semantic_id.tiger_generation_model][INFO] - [rank: 0] 使用分块生成策略，num_hierarchies=10
[2025-11-14 23:07:14,311][src.models.modules.semantic_id.tiger_generation_model][INFO] - [rank: 0] 使用分块生成策略，num_hierarchies=10
[2025-11-14 23:07:14,902][src.models.modules.semantic_id.tiger_generation_model][INFO] - [rank: 0] 使用分块生成策略，num_hierarchies=10
[2025-11-14 23:07:15,486][src.models.modules.semantic_id.tiger_generation_model][INFO] - [rank: 0] 使用分块生成策略，num_hierarchies=10
[2025-11-14 23:07:16,105][src.models.modules.semantic_id.tiger_generation_model][INFO] - [rank: 0] 使用分块生成策略，num_hierarchies=10
[2025-11-14 23:07:16,687][src.models.modules.semantic_id.tiger_generation_model][INFO] - [rank: 0] 使用分块生成策略，num_hierarchies=10
[2025-11-14 23:07:17,277][src.models.modules.semantic_id.tiger_generation_model][INFO] - [rank: 0] 使用分块生成策略，num_hierarchies=10
[2025-11-14 23:07:17,849][src.models.modules.semantic_id.tiger_generation_model][INFO] - [rank: 0] 使用分块生成策略，num_hierarchies=10
[2025-11-14 23:07:18,469][src.models.modules.semantic_id.tiger_generation_model][INFO] - [rank: 0] 使用分块生成策略，num_hierarchies=10
[2025-11-14 23:07:19,020][src.models.modules.semantic_id.tiger_generation_model][INFO] - [rank: 0] 使用分块生成策略，num_hierarchies=10
[2025-11-14 23:07:19,590][src.models.modules.semantic_id.tiger_generation_model][INFO] - [rank: 0] 使用分块生成策略，num_hierarchies=10
[2025-11-14 23:07:20,112][src.models.modules.semantic_id.tiger_generation_model][INFO] - [rank: 0] 使用分块生成策略，num_hierarchies=10
[2025-11-14 23:07:20,695][src.models.modules.semantic_id.tiger_generation_model][INFO] - [rank: 0] 使用分块生成策略，num_hierarchies=10
[2025-11-14 23:07:21,357][src.models.modules.semantic_id.tiger_generation_model][INFO] - [rank: 0] 使用分块生成策略，num_hierarchies=10
[2025-11-14 23:07:22,024][src.models.modules.semantic_id.tiger_generation_model][INFO] - [rank: 0] 使用分块生成策略，num_hierarchies=10
[2025-11-14 23:07:22,691][src.models.modules.semantic_id.tiger_generation_model][INFO] - [rank: 0] 使用分块生成策略，num_hierarchies=10
[2025-11-14 23:07:23,289][src.models.modules.semantic_id.tiger_generation_model][INFO] - [rank: 0] 使用分块生成策略，num_hierarchies=10
[2025-11-14 23:07:23,897][src.models.modules.semantic_id.tiger_generation_model][INFO] - [rank: 0] 使用分块生成策略，num_hierarchies=10
[2025-11-14 23:07:24,479][src.models.modules.semantic_id.tiger_generation_model][INFO] - [rank: 0] 使用分块生成策略，num_hierarchies=10
[2025-11-14 23:07:25,158][src.models.modules.semantic_id.tiger_generation_model][INFO] - [rank: 0] 使用分块生成策略，num_hierarchies=10
[2025-11-14 23:07:25,784][src.models.modules.semantic_id.tiger_generation_model][INFO] - [rank: 0] 使用分块生成策略，num_hierarchies=10
[2025-11-14 23:07:26,466][src.models.modules.semantic_id.tiger_generation_model][INFO] - [rank: 0] 使用分块生成策略，num_hierarchies=10
[2025-11-14 23:07:27,035][src.models.modules.semantic_id.tiger_generation_model][INFO] - [rank: 0] 使用分块生成策略，num_hierarchies=10
[2025-11-14 23:07:27,644][src.models.modules.semantic_id.tiger_generation_model][INFO] - [rank: 0] 使用分块生成策略，num_hierarchies=10
[2025-11-14 23:07:28,323][src.models.modules.semantic_id.tiger_generation_model][INFO] - [rank: 0] 使用分块生成策略，num_hierarchies=10
[2025-11-14 23:07:29,123][src.models.modules.semantic_id.tiger_generation_model][INFO] - [rank: 0] 使用分块生成策略，num_hierarchies=10
[2025-11-14 23:07:29,762][src.models.modules.semantic_id.tiger_generation_model][INFO] - [rank: 0] 使用分块生成策略，num_hierarchies=10
[2025-11-14 23:07:30,353][src.models.modules.semantic_id.tiger_generation_model][INFO] - [rank: 0] 使用分块生成策略，num_hierarchies=10
[2025-11-14 23:07:30,982][src.models.modules.semantic_id.tiger_generation_model][INFO] - [rank: 0] 使用分块生成策略，num_hierarchies=10
[2025-11-14 23:07:31,593][src.models.modules.semantic_id.tiger_generation_model][INFO] - [rank: 0] 使用分块生成策略，num_hierarchies=10
[2025-11-14 23:07:32,197][src.models.modules.semantic_id.tiger_generation_model][INFO] - [rank: 0] 使用分块生成策略，num_hierarchies=10
[2025-11-14 23:07:32,807][src.models.modules.semantic_id.tiger_generation_model][INFO] - [rank: 0] 使用分块生成策略，num_hierarchies=10
[2025-11-14 23:07:33,419][src.models.modules.semantic_id.tiger_generation_model][INFO] - [rank: 0] 使用分块生成策略，num_hierarchies=10
[2025-11-14 23:07:33,998][src.models.modules.semantic_id.tiger_generation_model][INFO] - [rank: 0] 使用分块生成策略，num_hierarchies=10
[2025-11-14 23:07:34,573][src.models.modules.semantic_id.tiger_generation_model][INFO] - [rank: 0] 使用分块生成策略，num_hierarchies=10
[2025-11-14 23:07:35,224][src.models.modules.semantic_id.tiger_generation_model][INFO] - [rank: 0] 使用分块生成策略，num_hierarchies=10
[2025-11-14 23:07:35,959][src.models.modules.semantic_id.tiger_generation_model][INFO] - [rank: 0] 使用分块生成策略，num_hierarchies=10
[2025-11-14 23:07:36,532][src.models.modules.semantic_id.tiger_generation_model][INFO] - [rank: 0] 使用分块生成策略，num_hierarchies=10
[2025-11-14 23:07:37,177][src.models.modules.semantic_id.tiger_generation_model][INFO] - [rank: 0] 使用分块生成策略，num_hierarchies=10
[2025-11-14 23:07:37,926][src.models.modules.semantic_id.tiger_generation_model][INFO] - [rank: 0] 使用分块生成策略，num_hierarchies=10
[2025-11-14 23:07:38,630][src.models.modules.semantic_id.tiger_generation_model][INFO] - [rank: 0] 使用分块生成策略，num_hierarchies=10
[2025-11-14 23:07:39,175][src.models.modules.semantic_id.tiger_generation_model][INFO] - [rank: 0] 使用分块生成策略，num_hierarchies=10
[2025-11-14 23:07:39,695][src.models.modules.semantic_id.tiger_generation_model][INFO] - [rank: 0] 使用分块生成策略，num_hierarchies=10
[2025-11-14 23:07:40,275][src.models.modules.semantic_id.tiger_generation_model][INFO] - [rank: 0] 使用分块生成策略，num_hierarchies=10
[2025-11-14 23:07:40,869][src.models.modules.semantic_id.tiger_generation_model][INFO] - [rank: 0] 使用分块生成策略，num_hierarchies=10
[2025-11-14 23:07:41,453][src.models.modules.semantic_id.tiger_generation_model][INFO] - [rank: 0] 使用分块生成策略，num_hierarchies=10
[2025-11-14 23:07:42,064][src.models.modules.semantic_id.tiger_generation_model][INFO] - [rank: 0] 使用分块生成策略，num_hierarchies=10
[2025-11-14 23:07:42,647][src.models.modules.semantic_id.tiger_generation_model][INFO] - [rank: 0] 使用分块生成策略，num_hierarchies=10
[2025-11-14 23:07:43,264][src.models.modules.semantic_id.tiger_generation_model][INFO] - [rank: 0] 使用分块生成策略，num_hierarchies=10
[2025-11-14 23:07:43,864][src.models.modules.semantic_id.tiger_generation_model][INFO] - [rank: 0] 使用分块生成策略，num_hierarchies=10
[2025-11-14 23:07:44,451][src.models.modules.semantic_id.tiger_generation_model][INFO] - [rank: 0] 使用分块生成策略，num_hierarchies=10
[2025-11-14 23:07:45,042][src.models.modules.semantic_id.tiger_generation_model][INFO] - [rank: 0] 使用分块生成策略，num_hierarchies=10
[2025-11-14 23:07:45,635][src.models.modules.semantic_id.tiger_generation_model][INFO] - [rank: 0] 使用分块生成策略，num_hierarchies=10
[2025-11-14 23:07:46,189][src.models.modules.semantic_id.tiger_generation_model][INFO] - [rank: 0] 使用分块生成策略，num_hierarchies=10
[2025-11-14 23:07:46,785][src.models.modules.semantic_id.tiger_generation_model][INFO] - [rank: 0] 使用分块生成策略，num_hierarchies=10
[2025-11-14 23:07:47,364][src.models.modules.semantic_id.tiger_generation_model][INFO] - [rank: 0] 使用分块生成策略，num_hierarchies=10
[2025-11-14 23:07:47,948][src.models.modules.semantic_id.tiger_generation_model][INFO] - [rank: 0] 使用分块生成策略，num_hierarchies=10
[2025-11-14 23:07:48,550][src.models.modules.semantic_id.tiger_generation_model][INFO] - [rank: 0] 使用分块生成策略，num_hierarchies=10
[2025-11-14 23:07:49,136][src.models.modules.semantic_id.tiger_generation_model][INFO] - [rank: 0] 使用分块生成策略，num_hierarchies=10
[2025-11-14 23:07:49,727][src.models.modules.semantic_id.tiger_generation_model][INFO] - [rank: 0] 使用分块生成策略，num_hierarchies=10
[2025-11-14 23:07:50,324][src.models.modules.semantic_id.tiger_generation_model][INFO] - [rank: 0] 使用分块生成策略，num_hierarchies=10
[2025-11-14 23:07:50,925][src.models.modules.semantic_id.tiger_generation_model][INFO] - [rank: 0] 使用分块生成策略，num_hierarchies=10
[2025-11-14 23:07:51,530][src.models.modules.semantic_id.tiger_generation_model][INFO] - [rank: 0] 使用分块生成策略，num_hierarchies=10
[2025-11-14 23:07:52,135][src.models.modules.semantic_id.tiger_generation_model][INFO] - [rank: 0] 使用分块生成策略，num_hierarchies=10
[2025-11-14 23:07:52,791][src.models.modules.semantic_id.tiger_generation_model][INFO] - [rank: 0] 使用分块生成策略，num_hierarchies=10
[2025-11-14 23:07:53,396][src.models.modules.semantic_id.tiger_generation_model][INFO] - [rank: 0] 使用分块生成策略，num_hierarchies=10
[2025-11-14 23:07:54,027][src.models.modules.semantic_id.tiger_generation_model][INFO] - [rank: 0] 使用分块生成策略，num_hierarchies=10
[2025-11-14 23:07:54,653][src.models.modules.semantic_id.tiger_generation_model][INFO] - [rank: 0] 使用分块生成策略，num_hierarchies=10
[2025-11-14 23:07:55,245][src.models.modules.semantic_id.tiger_generation_model][INFO] - [rank: 0] 使用分块生成策略，num_hierarchies=10
[2025-11-14 23:07:55,886][src.models.modules.semantic_id.tiger_generation_model][INFO] - [rank: 0] 使用分块生成策略，num_hierarchies=10
[2025-11-14 23:07:56,477][src.models.modules.semantic_id.tiger_generation_model][INFO] - [rank: 0] 使用分块生成策略，num_hierarchies=10
[2025-11-14 23:07:57,165][src.models.modules.semantic_id.tiger_generation_model][INFO] - [rank: 0] 使用分块生成策略，num_hierarchies=10
[2025-11-14 23:07:57,765][src.models.modules.semantic_id.tiger_generation_model][INFO] - [rank: 0] 使用分块生成策略，num_hierarchies=10
[2025-11-14 23:07:58,382][src.models.modules.semantic_id.tiger_generation_model][INFO] - [rank: 0] 使用分块生成策略，num_hierarchies=10
[2025-11-14 23:07:58,975][src.models.modules.semantic_id.tiger_generation_model][INFO] - [rank: 0] 使用分块生成策略，num_hierarchies=10
[2025-11-14 23:07:59,589][src.models.modules.semantic_id.tiger_generation_model][INFO] - [rank: 0] 使用分块生成策略，num_hierarchies=10
[2025-11-14 23:08:00,261][src.models.modules.semantic_id.tiger_generation_model][INFO] - [rank: 0] 使用分块生成策略，num_hierarchies=10
[2025-11-14 23:08:00,930][src.models.modules.semantic_id.tiger_generation_model][INFO] - [rank: 0] 使用分块生成策略，num_hierarchies=10
[2025-11-14 23:08:01,540][src.models.modules.semantic_id.tiger_generation_model][INFO] - [rank: 0] 使用分块生成策略，num_hierarchies=10
[2025-11-14 23:08:02,072][src.models.modules.semantic_id.tiger_generation_model][INFO] - [rank: 0] 使用分块生成策略，num_hierarchies=10
[2025-11-14 23:08:02,708][src.models.modules.semantic_id.tiger_generation_model][INFO] - [rank: 0] 使用分块生成策略，num_hierarchies=10
[2025-11-14 23:08:03,343][src.models.modules.semantic_id.tiger_generation_model][INFO] - [rank: 0] 使用分块生成策略，num_hierarchies=10
[2025-11-14 23:08:03,971][src.models.modules.semantic_id.tiger_generation_model][INFO] - [rank: 0] 使用分块生成策略，num_hierarchies=10
[2025-11-14 23:08:04,594][src.models.modules.semantic_id.tiger_generation_model][INFO] - [rank: 0] 使用分块生成策略，num_hierarchies=10
[2025-11-14 23:08:05,178][src.models.modules.semantic_id.tiger_generation_model][INFO] - [rank: 0] 使用分块生成策略，num_hierarchies=10
[2025-11-14 23:08:05,751][src.models.modules.semantic_id.tiger_generation_model][INFO] - [rank: 0] 使用分块生成策略，num_hierarchies=10
[2025-11-14 23:08:06,286][src.models.modules.semantic_id.tiger_generation_model][INFO] - [rank: 0] 使用分块生成策略，num_hierarchies=10
[2025-11-14 23:08:06,891][src.models.modules.semantic_id.tiger_generation_model][INFO] - [rank: 0] 使用分块生成策略，num_hierarchies=10
[2025-11-14 23:08:07,465][src.models.modules.semantic_id.tiger_generation_model][INFO] - [rank: 0] 使用分块生成策略，num_hierarchies=10
[2025-11-14 23:08:08,063][src.models.modules.semantic_id.tiger_generation_model][INFO] - [rank: 0] 使用分块生成策略，num_hierarchies=10
[2025-11-14 23:08:08,634][src.models.modules.semantic_id.tiger_generation_model][INFO] - [rank: 0] 使用分块生成策略，num_hierarchies=10
[2025-11-14 23:08:09,187][src.models.modules.semantic_id.tiger_generation_model][INFO] - [rank: 0] 使用分块生成策略，num_hierarchies=10
[2025-11-14 23:08:09,765][src.models.modules.semantic_id.tiger_generation_model][INFO] - [rank: 0] 使用分块生成策略，num_hierarchies=10
[2025-11-14 23:08:10,338][src.models.modules.semantic_id.tiger_generation_model][INFO] - [rank: 0] 使用分块生成策略，num_hierarchies=10
[2025-11-14 23:08:10,943][src.models.modules.semantic_id.tiger_generation_model][INFO] - [rank: 0] 使用分块生成策略，num_hierarchies=10
[2025-11-14 23:08:11,528][src.models.modules.semantic_id.tiger_generation_model][INFO] - [rank: 0] 使用分块生成策略，num_hierarchies=10
[2025-11-14 23:08:12,158][src.models.modules.semantic_id.tiger_generation_model][INFO] - [rank: 0] 使用分块生成策略，num_hierarchies=10
[2025-11-14 23:08:12,732][src.models.modules.semantic_id.tiger_generation_model][INFO] - [rank: 0] 使用分块生成策略，num_hierarchies=10
[2025-11-14 23:08:13,320][src.models.modules.semantic_id.tiger_generation_model][INFO] - [rank: 0] 使用分块生成策略，num_hierarchies=10
[2025-11-14 23:08:13,909][src.models.modules.semantic_id.tiger_generation_model][INFO] - [rank: 0] 使用分块生成策略，num_hierarchies=10
[2025-11-14 23:08:14,508][src.models.modules.semantic_id.tiger_generation_model][INFO] - [rank: 0] 使用分块生成策略，num_hierarchies=10
[2025-11-14 23:08:15,105][src.models.modules.semantic_id.tiger_generation_model][INFO] - [rank: 0] 使用分块生成策略，num_hierarchies=10
[2025-11-14 23:08:15,688][src.models.modules.semantic_id.tiger_generation_model][INFO] - [rank: 0] 使用分块生成策略，num_hierarchies=10
[2025-11-14 23:08:16,251][src.models.modules.semantic_id.tiger_generation_model][INFO] - [rank: 0] 使用分块生成策略，num_hierarchies=10
[2025-11-14 23:08:16,855][src.models.modules.semantic_id.tiger_generation_model][INFO] - [rank: 0] 使用分块生成策略，num_hierarchies=10
[2025-11-14 23:08:17,475][src.models.modules.semantic_id.tiger_generation_model][INFO] - [rank: 0] 使用分块生成策略，num_hierarchies=10
[2025-11-14 23:08:18,069][src.models.modules.semantic_id.tiger_generation_model][INFO] - [rank: 0] 使用分块生成策略，num_hierarchies=10
[2025-11-14 23:08:18,643][src.models.modules.semantic_id.tiger_generation_model][INFO] - [rank: 0] 使用分块生成策略，num_hierarchies=10
[2025-11-14 23:08:19,205][src.models.modules.semantic_id.tiger_generation_model][INFO] - [rank: 0] 使用分块生成策略，num_hierarchies=10
[2025-11-14 23:08:19,794][src.models.modules.semantic_id.tiger_generation_model][INFO] - [rank: 0] 使用分块生成策略，num_hierarchies=10
[2025-11-14 23:08:20,436][src.models.modules.semantic_id.tiger_generation_model][INFO] - [rank: 0] 使用分块生成策略，num_hierarchies=10
[2025-11-14 23:08:21,093][src.models.modules.semantic_id.tiger_generation_model][INFO] - [rank: 0] 使用分块生成策略，num_hierarchies=10
[2025-11-14 23:08:21,745][src.models.modules.semantic_id.tiger_generation_model][INFO] - [rank: 0] 使用分块生成策略，num_hierarchies=10
[2025-11-14 23:08:22,391][src.models.modules.semantic_id.tiger_generation_model][INFO] - [rank: 0] 使用分块生成策略，num_hierarchies=10
[2025-11-14 23:08:23,034][src.models.modules.semantic_id.tiger_generation_model][INFO] - [rank: 0] 使用分块生成策略，num_hierarchies=10
[2025-11-14 23:08:23,679][src.models.modules.semantic_id.tiger_generation_model][INFO] - [rank: 0] 使用分块生成策略，num_hierarchies=10
[2025-11-14 23:08:24,334][src.models.modules.semantic_id.tiger_generation_model][INFO] - [rank: 0] 使用分块生成策略，num_hierarchies=10
[2025-11-14 23:08:24,973][src.models.modules.semantic_id.tiger_generation_model][INFO] - [rank: 0] 使用分块生成策略，num_hierarchies=10
[2025-11-14 23:08:25,591][src.models.modules.semantic_id.tiger_generation_model][INFO] - [rank: 0] 使用分块生成策略，num_hierarchies=10
[2025-11-14 23:08:26,170][src.models.modules.semantic_id.tiger_generation_model][INFO] - [rank: 0] 使用分块生成策略，num_hierarchies=10
[2025-11-14 23:08:26,740][src.models.modules.semantic_id.tiger_generation_model][INFO] - [rank: 0] 使用分块生成策略，num_hierarchies=10
[2025-11-14 23:08:27,348][src.models.modules.semantic_id.tiger_generation_model][INFO] - [rank: 0] 使用分块生成策略，num_hierarchies=10
[2025-11-14 23:08:27,930][src.models.modules.semantic_id.tiger_generation_model][INFO] - [rank: 0] 使用分块生成策略，num_hierarchies=10
[2025-11-14 23:08:28,482][src.models.modules.semantic_id.tiger_generation_model][INFO] - [rank: 0] 使用分块生成策略，num_hierarchies=10
[2025-11-14 23:08:29,220][src.models.modules.semantic_id.tiger_generation_model][INFO] - [rank: 0] 使用分块生成策略，num_hierarchies=10
[2025-11-14 23:08:29,819][src.models.modules.semantic_id.tiger_generation_model][INFO] - [rank: 0] 使用分块生成策略，num_hierarchies=10
[2025-11-14 23:08:30,612][src.models.modules.semantic_id.tiger_generation_model][INFO] - [rank: 0] 使用分块生成策略，num_hierarchies=10
[2025-11-14 23:09:01,249][src.models.modules.semantic_id.tiger_generation_model][INFO] - [rank: 0] 
================================================================================
[2025-11-14 23:09:01,250][src.models.modules.semantic_id.tiger_generation_model][INFO] - [rank: 0] === 生成的语义ID Embedding相似度矩阵 (平均自 704 个batch) ===
[2025-11-14 23:09:01,254][src.models.modules.semantic_id.tiger_generation_model][INFO] - [rank: 0] 
[[ 9.99999166e-01  4.39265603e-03  1.26389405e-02  1.79716870e-02
   1.09009417e-02  8.27325135e-03  3.27999215e-03  4.32927022e-03
  -1.70968473e-02 -1.63520891e-02]
 [ 4.39265603e-03  9.99989808e-01  1.39015215e-02  1.25629278e-02
   1.99361648e-02 -8.67362134e-03  5.57161774e-03 -2.04672460e-02
  -1.46103348e-03 -2.26585148e-03]
 [ 1.26389405e-02  1.39015215e-02  9.99995947e-01  5.93663147e-03
   1.47646181e-02  8.90794396e-03  1.10986130e-02  1.25029525e-02
  -2.10603178e-02  7.19115511e-03]
 [ 1.79716870e-02  1.25629278e-02  5.93663147e-03  1.00000119e+00
   5.38441527e-04 -5.97677659e-04  2.08320143e-03 -2.03957758e-03
   2.62719719e-03  1.03463484e-02]
 [ 1.09009417e-02  1.99361648e-02  1.47646181e-02  5.38441527e-04
   1.00000083e+00 -5.04202268e-04  1.01385023e-02  1.76113956e-02
   2.47099670e-03 -7.36560440e-03]
 [ 8.27325135e-03 -8.67362134e-03  8.90794396e-03 -5.97677659e-04
  -5.04202268e-04  9.99995947e-01 -3.54463677e-03  1.75342336e-02
  -6.07410073e-03  1.08482968e-03]
 [ 3.27999215e-03  5.57161774e-03  1.10986130e-02  2.08320143e-03
   1.01385023e-02 -3.54463677e-03  9.99996543e-01  1.91921014e-02
  -1.54072540e-02 -1.09024597e-02]
 [ 4.32927022e-03 -2.04672460e-02  1.25029525e-02 -2.03957758e-03
   1.76113956e-02  1.75342336e-02  1.91921014e-02  9.99983788e-01
  -8.17078631e-03  1.37605332e-02]
 [-1.70968473e-02 -1.46103348e-03 -2.10603178e-02  2.62719719e-03
   2.47099670e-03 -6.07410073e-03 -1.54072540e-02 -8.17078631e-03
   9.99981105e-01  2.02509053e-02]
 [-1.63520891e-02 -2.26585148e-03  7.19115511e-03  1.03463484e-02
  -7.36560440e-03  1.08482968e-03 -1.09024597e-02  1.37605332e-02
   2.02509053e-02  9.99982595e-01]]
[2025-11-14 23:09:01,255][src.models.modules.semantic_id.tiger_generation_model][INFO] - [rank: 0] ================================================================================

[2025-11-14 23:09:01,256][src.models.modules.semantic_id.tiger_generation_model][INFO] - [rank: 0] 
================================================================================
[2025-11-14 23:09:01,257][src.models.modules.semantic_id.tiger_generation_model][INFO] - [rank: 0] === 输入序列中每个Item的Hierarchy Embedding相似度矩阵 (平均自 704 个batch) ===
[2025-11-14 23:09:01,260][src.models.modules.semantic_id.tiger_generation_model][INFO] - [rank: 0] 
[[ 9.9999756e-01  9.2525026e-03  8.3406931e-03  5.7207374e-03
   4.0429491e-03  1.9385907e-03  9.0689160e-04 -1.2011788e-03
  -3.5564376e-03 -1.3850685e-02]
 [ 9.2525026e-03  9.9999976e-01  6.3169752e-03  8.3340472e-03
   1.0136000e-02  4.2468528e-03  8.7563209e-03  4.9822852e-03
  -5.2931909e-03  1.1476064e-02]
 [ 8.3406931e-03  6.3169752e-03  9.9999940e-01  7.7760150e-03
   8.0964612e-03  4.9606804e-03  4.9293162e-03  2.8093329e-03
  -4.9989214e-03  3.8752623e-03]
 [ 5.7207374e-03  8.3340472e-03  7.7760150e-03  1.0000027e+00
   7.5701834e-03  5.5249874e-03  3.5049445e-03  4.0152427e-03
  -7.5413333e-03 -1.1993517e-04]
 [ 4.0429491e-03  1.0136000e-02  8.0964612e-03  7.5701834e-03
   1.0000035e+00  5.3443108e-03  5.8543547e-03  6.0039745e-03
  -7.1792733e-03 -4.4008321e-03]
 [ 1.9385907e-03  4.2468528e-03  4.9606804e-03  5.5249874e-03
   5.3443108e-03  1.0000005e+00  2.2867699e-03  6.9677113e-03
  -6.8887179e-03  7.2522168e-03]
 [ 9.0689160e-04  8.7563209e-03  4.9293162e-03  3.5049445e-03
   5.8543547e-03  2.2867699e-03  9.9999601e-01  6.5523507e-03
  -7.3279035e-03 -5.8354782e-03]
 [-1.2011788e-03  4.9822852e-03  2.8093329e-03  4.0152427e-03
   6.0039745e-03  6.9677113e-03  6.5523507e-03  9.9999464e-01
  -1.3950394e-02  4.9718725e-03]
 [-3.5564376e-03 -5.2931909e-03 -4.9989214e-03 -7.5413333e-03
  -7.1792733e-03 -6.8887179e-03 -7.3279035e-03 -1.3950394e-02
   9.9999577e-01  2.1316232e-02]
 [-1.3850685e-02  1.1476064e-02  3.8752623e-03 -1.1993517e-04
  -4.4008321e-03  7.2522168e-03 -5.8354782e-03  4.9718725e-03
   2.1316232e-02  9.9998260e-01]]
[2025-11-14 23:09:01,261][src.models.modules.semantic_id.tiger_generation_model][INFO] - [rank: 0] ================================================================================

[2025-11-14 23:09:01,307][src.models.modules.semantic_id.tiger_generation_model][INFO] - [rank: 0] 
================================================================================
[2025-11-14 23:09:01,308][src.models.modules.semantic_id.tiger_generation_model][INFO] - [rank: 0] === 按流行度分组的评测指标（累计到当前阶段）===
[2025-11-14 23:09:01,309][src.models.modules.semantic_id.tiger_generation_model][INFO] - [rank: 0] [Body] ndcg@5: 0.019483  ndcg@10: 0.019483  recall@5: 0.024919  recall@10: 0.024919
[2025-11-14 23:09:01,310][src.models.modules.semantic_id.tiger_generation_model][INFO] - [rank: 0] [Head] ndcg@5: 0.029377  ndcg@10: 0.029377  recall@5: 0.037540  recall@10: 0.037540
[2025-11-14 23:09:01,311][src.models.modules.semantic_id.tiger_generation_model][INFO] - [rank: 0] [Tail] ndcg@5: 0.014141  ndcg@10: 0.014141  recall@5: 0.018702  recall@10: 0.018702
[2025-11-14 23:09:01,311][src.models.modules.semantic_id.tiger_generation_model][INFO] - [rank: 0] ================================================================================

[2025-11-14 23:29:28,527][src.models.modules.semantic_id.tiger_generation_model][INFO] - [rank: 0] 使用分块生成策略，num_hierarchies=10
[2025-11-14 23:29:29,058][src.models.modules.semantic_id.tiger_generation_model][INFO] - [rank: 0] 使用分块生成策略，num_hierarchies=10
[2025-11-14 23:29:29,647][src.models.modules.semantic_id.tiger_generation_model][INFO] - [rank: 0] 使用分块生成策略，num_hierarchies=10
[2025-11-14 23:29:30,228][src.models.modules.semantic_id.tiger_generation_model][INFO] - [rank: 0] 使用分块生成策略，num_hierarchies=10
[2025-11-14 23:29:30,798][src.models.modules.semantic_id.tiger_generation_model][INFO] - [rank: 0] 使用分块生成策略，num_hierarchies=10
[2025-11-14 23:29:31,366][src.models.modules.semantic_id.tiger_generation_model][INFO] - [rank: 0] 使用分块生成策略，num_hierarchies=10
[2025-11-14 23:29:31,949][src.models.modules.semantic_id.tiger_generation_model][INFO] - [rank: 0] 使用分块生成策略，num_hierarchies=10
[2025-11-14 23:29:32,503][src.models.modules.semantic_id.tiger_generation_model][INFO] - [rank: 0] 使用分块生成策略，num_hierarchies=10
[2025-11-14 23:29:33,054][src.models.modules.semantic_id.tiger_generation_model][INFO] - [rank: 0] 使用分块生成策略，num_hierarchies=10
[2025-11-14 23:29:33,609][src.models.modules.semantic_id.tiger_generation_model][INFO] - [rank: 0] 使用分块生成策略，num_hierarchies=10
[2025-11-14 23:29:34,150][src.models.modules.semantic_id.tiger_generation_model][INFO] - [rank: 0] 使用分块生成策略，num_hierarchies=10
[2025-11-14 23:29:34,725][src.models.modules.semantic_id.tiger_generation_model][INFO] - [rank: 0] 使用分块生成策略，num_hierarchies=10
[2025-11-14 23:29:35,266][src.models.modules.semantic_id.tiger_generation_model][INFO] - [rank: 0] 使用分块生成策略，num_hierarchies=10
[2025-11-14 23:29:35,832][src.models.modules.semantic_id.tiger_generation_model][INFO] - [rank: 0] 使用分块生成策略，num_hierarchies=10
[2025-11-14 23:29:36,375][src.models.modules.semantic_id.tiger_generation_model][INFO] - [rank: 0] 使用分块生成策略，num_hierarchies=10
[2025-11-14 23:29:36,930][src.models.modules.semantic_id.tiger_generation_model][INFO] - [rank: 0] 使用分块生成策略，num_hierarchies=10
[2025-11-14 23:29:37,493][src.models.modules.semantic_id.tiger_generation_model][INFO] - [rank: 0] 使用分块生成策略，num_hierarchies=10
[2025-11-14 23:29:38,108][src.models.modules.semantic_id.tiger_generation_model][INFO] - [rank: 0] 使用分块生成策略，num_hierarchies=10
[2025-11-14 23:29:38,712][src.models.modules.semantic_id.tiger_generation_model][INFO] - [rank: 0] 使用分块生成策略，num_hierarchies=10
[2025-11-14 23:29:39,257][src.models.modules.semantic_id.tiger_generation_model][INFO] - [rank: 0] 使用分块生成策略，num_hierarchies=10
[2025-11-14 23:29:39,859][src.models.modules.semantic_id.tiger_generation_model][INFO] - [rank: 0] 使用分块生成策略，num_hierarchies=10
[2025-11-14 23:29:40,456][src.models.modules.semantic_id.tiger_generation_model][INFO] - [rank: 0] 使用分块生成策略，num_hierarchies=10
[2025-11-14 23:29:41,045][src.models.modules.semantic_id.tiger_generation_model][INFO] - [rank: 0] 使用分块生成策略，num_hierarchies=10
[2025-11-14 23:29:41,646][src.models.modules.semantic_id.tiger_generation_model][INFO] - [rank: 0] 使用分块生成策略，num_hierarchies=10
[2025-11-14 23:29:42,214][src.models.modules.semantic_id.tiger_generation_model][INFO] - [rank: 0] 使用分块生成策略，num_hierarchies=10
[2025-11-14 23:29:42,804][src.models.modules.semantic_id.tiger_generation_model][INFO] - [rank: 0] 使用分块生成策略，num_hierarchies=10
[2025-11-14 23:29:43,357][src.models.modules.semantic_id.tiger_generation_model][INFO] - [rank: 0] 使用分块生成策略，num_hierarchies=10
[2025-11-14 23:29:43,913][src.models.modules.semantic_id.tiger_generation_model][INFO] - [rank: 0] 使用分块生成策略，num_hierarchies=10
[2025-11-14 23:29:44,522][src.models.modules.semantic_id.tiger_generation_model][INFO] - [rank: 0] 使用分块生成策略，num_hierarchies=10
[2025-11-14 23:29:45,087][src.models.modules.semantic_id.tiger_generation_model][INFO] - [rank: 0] 使用分块生成策略，num_hierarchies=10
[2025-11-14 23:29:45,623][src.models.modules.semantic_id.tiger_generation_model][INFO] - [rank: 0] 使用分块生成策略，num_hierarchies=10
[2025-11-14 23:29:46,181][src.models.modules.semantic_id.tiger_generation_model][INFO] - [rank: 0] 使用分块生成策略，num_hierarchies=10
[2025-11-14 23:29:46,721][src.models.modules.semantic_id.tiger_generation_model][INFO] - [rank: 0] 使用分块生成策略，num_hierarchies=10
[2025-11-14 23:29:47,279][src.models.modules.semantic_id.tiger_generation_model][INFO] - [rank: 0] 使用分块生成策略，num_hierarchies=10
[2025-11-14 23:29:47,852][src.models.modules.semantic_id.tiger_generation_model][INFO] - [rank: 0] 使用分块生成策略，num_hierarchies=10
[2025-11-14 23:29:48,430][src.models.modules.semantic_id.tiger_generation_model][INFO] - [rank: 0] 使用分块生成策略，num_hierarchies=10
[2025-11-14 23:29:48,973][src.models.modules.semantic_id.tiger_generation_model][INFO] - [rank: 0] 使用分块生成策略，num_hierarchies=10
[2025-11-14 23:29:49,497][src.models.modules.semantic_id.tiger_generation_model][INFO] - [rank: 0] 使用分块生成策略，num_hierarchies=10
[2025-11-14 23:29:50,059][src.models.modules.semantic_id.tiger_generation_model][INFO] - [rank: 0] 使用分块生成策略，num_hierarchies=10
[2025-11-14 23:29:50,649][src.models.modules.semantic_id.tiger_generation_model][INFO] - [rank: 0] 使用分块生成策略，num_hierarchies=10
[2025-11-14 23:29:51,252][src.models.modules.semantic_id.tiger_generation_model][INFO] - [rank: 0] 使用分块生成策略，num_hierarchies=10
[2025-11-14 23:29:51,839][src.models.modules.semantic_id.tiger_generation_model][INFO] - [rank: 0] 使用分块生成策略，num_hierarchies=10
[2025-11-14 23:29:52,445][src.models.modules.semantic_id.tiger_generation_model][INFO] - [rank: 0] 使用分块生成策略，num_hierarchies=10
[2025-11-14 23:29:53,021][src.models.modules.semantic_id.tiger_generation_model][INFO] - [rank: 0] 使用分块生成策略，num_hierarchies=10
[2025-11-14 23:29:53,621][src.models.modules.semantic_id.tiger_generation_model][INFO] - [rank: 0] 使用分块生成策略，num_hierarchies=10
[2025-11-14 23:29:54,216][src.models.modules.semantic_id.tiger_generation_model][INFO] - [rank: 0] 使用分块生成策略，num_hierarchies=10
[2025-11-14 23:29:54,799][src.models.modules.semantic_id.tiger_generation_model][INFO] - [rank: 0] 使用分块生成策略，num_hierarchies=10
[2025-11-14 23:29:55,385][src.models.modules.semantic_id.tiger_generation_model][INFO] - [rank: 0] 使用分块生成策略，num_hierarchies=10
[2025-11-14 23:29:55,957][src.models.modules.semantic_id.tiger_generation_model][INFO] - [rank: 0] 使用分块生成策略，num_hierarchies=10
[2025-11-14 23:29:56,545][src.models.modules.semantic_id.tiger_generation_model][INFO] - [rank: 0] 使用分块生成策略，num_hierarchies=10
[2025-11-14 23:29:57,116][src.models.modules.semantic_id.tiger_generation_model][INFO] - [rank: 0] 使用分块生成策略，num_hierarchies=10
[2025-11-14 23:29:57,661][src.models.modules.semantic_id.tiger_generation_model][INFO] - [rank: 0] 使用分块生成策略，num_hierarchies=10
[2025-11-14 23:29:58,241][src.models.modules.semantic_id.tiger_generation_model][INFO] - [rank: 0] 使用分块生成策略，num_hierarchies=10
[2025-11-14 23:29:58,814][src.models.modules.semantic_id.tiger_generation_model][INFO] - [rank: 0] 使用分块生成策略，num_hierarchies=10
[2025-11-14 23:29:59,359][src.models.modules.semantic_id.tiger_generation_model][INFO] - [rank: 0] 使用分块生成策略，num_hierarchies=10
[2025-11-14 23:29:59,898][src.models.modules.semantic_id.tiger_generation_model][INFO] - [rank: 0] 使用分块生成策略，num_hierarchies=10
[2025-11-14 23:30:00,477][src.models.modules.semantic_id.tiger_generation_model][INFO] - [rank: 0] 使用分块生成策略，num_hierarchies=10
[2025-11-14 23:30:01,065][src.models.modules.semantic_id.tiger_generation_model][INFO] - [rank: 0] 使用分块生成策略，num_hierarchies=10
[2025-11-14 23:30:01,650][src.models.modules.semantic_id.tiger_generation_model][INFO] - [rank: 0] 使用分块生成策略，num_hierarchies=10
[2025-11-14 23:30:02,199][src.models.modules.semantic_id.tiger_generation_model][INFO] - [rank: 0] 使用分块生成策略，num_hierarchies=10
[2025-11-14 23:30:02,706][src.models.modules.semantic_id.tiger_generation_model][INFO] - [rank: 0] 使用分块生成策略，num_hierarchies=10
[2025-11-14 23:30:03,265][src.models.modules.semantic_id.tiger_generation_model][INFO] - [rank: 0] 使用分块生成策略，num_hierarchies=10
[2025-11-14 23:30:03,800][src.models.modules.semantic_id.tiger_generation_model][INFO] - [rank: 0] 使用分块生成策略，num_hierarchies=10
[2025-11-14 23:30:04,336][src.models.modules.semantic_id.tiger_generation_model][INFO] - [rank: 0] 使用分块生成策略，num_hierarchies=10
[2025-11-14 23:30:04,892][src.models.modules.semantic_id.tiger_generation_model][INFO] - [rank: 0] 使用分块生成策略，num_hierarchies=10
[2025-11-14 23:30:05,422][src.models.modules.semantic_id.tiger_generation_model][INFO] - [rank: 0] 使用分块生成策略，num_hierarchies=10
[2025-11-14 23:30:05,964][src.models.modules.semantic_id.tiger_generation_model][INFO] - [rank: 0] 使用分块生成策略，num_hierarchies=10
[2025-11-14 23:30:06,514][src.models.modules.semantic_id.tiger_generation_model][INFO] - [rank: 0] 使用分块生成策略，num_hierarchies=10
[2025-11-14 23:30:07,008][src.models.modules.semantic_id.tiger_generation_model][INFO] - [rank: 0] 使用分块生成策略，num_hierarchies=10
[2025-11-14 23:30:07,564][src.models.modules.semantic_id.tiger_generation_model][INFO] - [rank: 0] 使用分块生成策略，num_hierarchies=10
[2025-11-14 23:30:08,110][src.models.modules.semantic_id.tiger_generation_model][INFO] - [rank: 0] 使用分块生成策略，num_hierarchies=10
[2025-11-14 23:30:08,636][src.models.modules.semantic_id.tiger_generation_model][INFO] - [rank: 0] 使用分块生成策略，num_hierarchies=10
[2025-11-14 23:30:09,188][src.models.modules.semantic_id.tiger_generation_model][INFO] - [rank: 0] 使用分块生成策略，num_hierarchies=10
[2025-11-14 23:30:09,734][src.models.modules.semantic_id.tiger_generation_model][INFO] - [rank: 0] 使用分块生成策略，num_hierarchies=10
[2025-11-14 23:30:10,258][src.models.modules.semantic_id.tiger_generation_model][INFO] - [rank: 0] 使用分块生成策略，num_hierarchies=10
[2025-11-14 23:30:10,802][src.models.modules.semantic_id.tiger_generation_model][INFO] - [rank: 0] 使用分块生成策略，num_hierarchies=10
[2025-11-14 23:30:11,339][src.models.modules.semantic_id.tiger_generation_model][INFO] - [rank: 0] 使用分块生成策略，num_hierarchies=10
[2025-11-14 23:30:11,862][src.models.modules.semantic_id.tiger_generation_model][INFO] - [rank: 0] 使用分块生成策略，num_hierarchies=10
[2025-11-14 23:30:12,448][src.models.modules.semantic_id.tiger_generation_model][INFO] - [rank: 0] 使用分块生成策略，num_hierarchies=10
[2025-11-14 23:30:13,025][src.models.modules.semantic_id.tiger_generation_model][INFO] - [rank: 0] 使用分块生成策略，num_hierarchies=10
[2025-11-14 23:30:13,594][src.models.modules.semantic_id.tiger_generation_model][INFO] - [rank: 0] 使用分块生成策略，num_hierarchies=10
[2025-11-14 23:30:14,194][src.models.modules.semantic_id.tiger_generation_model][INFO] - [rank: 0] 使用分块生成策略，num_hierarchies=10
[2025-11-14 23:30:14,746][src.models.modules.semantic_id.tiger_generation_model][INFO] - [rank: 0] 使用分块生成策略，num_hierarchies=10
[2025-11-14 23:30:15,358][src.models.modules.semantic_id.tiger_generation_model][INFO] - [rank: 0] 使用分块生成策略，num_hierarchies=10
[2025-11-14 23:30:15,900][src.models.modules.semantic_id.tiger_generation_model][INFO] - [rank: 0] 使用分块生成策略，num_hierarchies=10
[2025-11-14 23:30:16,458][src.models.modules.semantic_id.tiger_generation_model][INFO] - [rank: 0] 使用分块生成策略，num_hierarchies=10
[2025-11-14 23:30:17,000][src.models.modules.semantic_id.tiger_generation_model][INFO] - [rank: 0] 使用分块生成策略，num_hierarchies=10
[2025-11-14 23:30:17,501][src.models.modules.semantic_id.tiger_generation_model][INFO] - [rank: 0] 使用分块生成策略，num_hierarchies=10
[2025-11-14 23:30:18,064][src.models.modules.semantic_id.tiger_generation_model][INFO] - [rank: 0] 使用分块生成策略，num_hierarchies=10
[2025-11-14 23:30:18,608][src.models.modules.semantic_id.tiger_generation_model][INFO] - [rank: 0] 使用分块生成策略，num_hierarchies=10
[2025-11-14 23:30:19,163][src.models.modules.semantic_id.tiger_generation_model][INFO] - [rank: 0] 使用分块生成策略，num_hierarchies=10
[2025-11-14 23:30:19,701][src.models.modules.semantic_id.tiger_generation_model][INFO] - [rank: 0] 使用分块生成策略，num_hierarchies=10
[2025-11-14 23:30:20,275][src.models.modules.semantic_id.tiger_generation_model][INFO] - [rank: 0] 使用分块生成策略，num_hierarchies=10
[2025-11-14 23:30:20,832][src.models.modules.semantic_id.tiger_generation_model][INFO] - [rank: 0] 使用分块生成策略，num_hierarchies=10
[2025-11-14 23:30:21,385][src.models.modules.semantic_id.tiger_generation_model][INFO] - [rank: 0] 使用分块生成策略，num_hierarchies=10
[2025-11-14 23:30:21,961][src.models.modules.semantic_id.tiger_generation_model][INFO] - [rank: 0] 使用分块生成策略，num_hierarchies=10
[2025-11-14 23:30:22,482][src.models.modules.semantic_id.tiger_generation_model][INFO] - [rank: 0] 使用分块生成策略，num_hierarchies=10
[2025-11-14 23:30:23,057][src.models.modules.semantic_id.tiger_generation_model][INFO] - [rank: 0] 使用分块生成策略，num_hierarchies=10
[2025-11-14 23:30:23,649][src.models.modules.semantic_id.tiger_generation_model][INFO] - [rank: 0] 使用分块生成策略，num_hierarchies=10
[2025-11-14 23:30:24,225][src.models.modules.semantic_id.tiger_generation_model][INFO] - [rank: 0] 使用分块生成策略，num_hierarchies=10
[2025-11-14 23:30:24,798][src.models.modules.semantic_id.tiger_generation_model][INFO] - [rank: 0] 使用分块生成策略，num_hierarchies=10
[2025-11-14 23:30:25,435][src.models.modules.semantic_id.tiger_generation_model][INFO] - [rank: 0] 使用分块生成策略，num_hierarchies=10
[2025-11-14 23:30:26,056][src.models.modules.semantic_id.tiger_generation_model][INFO] - [rank: 0] 使用分块生成策略，num_hierarchies=10
[2025-11-14 23:30:26,623][src.models.modules.semantic_id.tiger_generation_model][INFO] - [rank: 0] 使用分块生成策略，num_hierarchies=10
[2025-11-14 23:30:27,231][src.models.modules.semantic_id.tiger_generation_model][INFO] - [rank: 0] 使用分块生成策略，num_hierarchies=10
[2025-11-14 23:30:27,838][src.models.modules.semantic_id.tiger_generation_model][INFO] - [rank: 0] 使用分块生成策略，num_hierarchies=10
[2025-11-14 23:30:28,430][src.models.modules.semantic_id.tiger_generation_model][INFO] - [rank: 0] 使用分块生成策略，num_hierarchies=10
[2025-11-14 23:30:29,020][src.models.modules.semantic_id.tiger_generation_model][INFO] - [rank: 0] 使用分块生成策略，num_hierarchies=10
[2025-11-14 23:30:29,611][src.models.modules.semantic_id.tiger_generation_model][INFO] - [rank: 0] 使用分块生成策略，num_hierarchies=10
[2025-11-14 23:30:30,194][src.models.modules.semantic_id.tiger_generation_model][INFO] - [rank: 0] 使用分块生成策略，num_hierarchies=10
[2025-11-14 23:30:30,797][src.models.modules.semantic_id.tiger_generation_model][INFO] - [rank: 0] 使用分块生成策略，num_hierarchies=10
[2025-11-14 23:30:31,386][src.models.modules.semantic_id.tiger_generation_model][INFO] - [rank: 0] 使用分块生成策略，num_hierarchies=10
[2025-11-14 23:30:31,996][src.models.modules.semantic_id.tiger_generation_model][INFO] - [rank: 0] 使用分块生成策略，num_hierarchies=10
[2025-11-14 23:30:32,555][src.models.modules.semantic_id.tiger_generation_model][INFO] - [rank: 0] 使用分块生成策略，num_hierarchies=10
[2025-11-14 23:30:33,142][src.models.modules.semantic_id.tiger_generation_model][INFO] - [rank: 0] 使用分块生成策略，num_hierarchies=10
[2025-11-14 23:30:33,720][src.models.modules.semantic_id.tiger_generation_model][INFO] - [rank: 0] 使用分块生成策略，num_hierarchies=10
[2025-11-14 23:30:34,368][src.models.modules.semantic_id.tiger_generation_model][INFO] - [rank: 0] 使用分块生成策略，num_hierarchies=10
[2025-11-14 23:30:34,923][src.models.modules.semantic_id.tiger_generation_model][INFO] - [rank: 0] 使用分块生成策略，num_hierarchies=10
[2025-11-14 23:30:35,506][src.models.modules.semantic_id.tiger_generation_model][INFO] - [rank: 0] 使用分块生成策略，num_hierarchies=10
[2025-11-14 23:30:36,105][src.models.modules.semantic_id.tiger_generation_model][INFO] - [rank: 0] 使用分块生成策略，num_hierarchies=10
[2025-11-14 23:30:36,695][src.models.modules.semantic_id.tiger_generation_model][INFO] - [rank: 0] 使用分块生成策略，num_hierarchies=10
[2025-11-14 23:30:37,290][src.models.modules.semantic_id.tiger_generation_model][INFO] - [rank: 0] 使用分块生成策略，num_hierarchies=10
[2025-11-14 23:30:37,898][src.models.modules.semantic_id.tiger_generation_model][INFO] - [rank: 0] 使用分块生成策略，num_hierarchies=10
[2025-11-14 23:30:38,498][src.models.modules.semantic_id.tiger_generation_model][INFO] - [rank: 0] 使用分块生成策略，num_hierarchies=10
[2025-11-14 23:30:39,092][src.models.modules.semantic_id.tiger_generation_model][INFO] - [rank: 0] 使用分块生成策略，num_hierarchies=10
[2025-11-14 23:30:39,691][src.models.modules.semantic_id.tiger_generation_model][INFO] - [rank: 0] 使用分块生成策略，num_hierarchies=10
[2025-11-14 23:30:40,282][src.models.modules.semantic_id.tiger_generation_model][INFO] - [rank: 0] 使用分块生成策略，num_hierarchies=10
[2025-11-14 23:30:40,827][src.models.modules.semantic_id.tiger_generation_model][INFO] - [rank: 0] 使用分块生成策略，num_hierarchies=10
[2025-11-14 23:30:41,435][src.models.modules.semantic_id.tiger_generation_model][INFO] - [rank: 0] 使用分块生成策略，num_hierarchies=10
[2025-11-14 23:30:42,025][src.models.modules.semantic_id.tiger_generation_model][INFO] - [rank: 0] 使用分块生成策略，num_hierarchies=10
[2025-11-14 23:30:42,642][src.models.modules.semantic_id.tiger_generation_model][INFO] - [rank: 0] 使用分块生成策略，num_hierarchies=10
[2025-11-14 23:30:43,228][src.models.modules.semantic_id.tiger_generation_model][INFO] - [rank: 0] 使用分块生成策略，num_hierarchies=10
[2025-11-14 23:30:43,825][src.models.modules.semantic_id.tiger_generation_model][INFO] - [rank: 0] 使用分块生成策略，num_hierarchies=10
[2025-11-14 23:30:44,429][src.models.modules.semantic_id.tiger_generation_model][INFO] - [rank: 0] 使用分块生成策略，num_hierarchies=10
[2025-11-14 23:30:45,023][src.models.modules.semantic_id.tiger_generation_model][INFO] - [rank: 0] 使用分块生成策略，num_hierarchies=10
[2025-11-14 23:30:45,616][src.models.modules.semantic_id.tiger_generation_model][INFO] - [rank: 0] 使用分块生成策略，num_hierarchies=10
[2025-11-14 23:30:46,228][src.models.modules.semantic_id.tiger_generation_model][INFO] - [rank: 0] 使用分块生成策略，num_hierarchies=10
[2025-11-14 23:30:46,797][src.models.modules.semantic_id.tiger_generation_model][INFO] - [rank: 0] 使用分块生成策略，num_hierarchies=10
[2025-11-14 23:30:47,330][src.models.modules.semantic_id.tiger_generation_model][INFO] - [rank: 0] 使用分块生成策略，num_hierarchies=10
[2025-11-14 23:30:47,888][src.models.modules.semantic_id.tiger_generation_model][INFO] - [rank: 0] 使用分块生成策略，num_hierarchies=10
[2025-11-14 23:30:48,485][src.models.modules.semantic_id.tiger_generation_model][INFO] - [rank: 0] 使用分块生成策略，num_hierarchies=10
[2025-11-14 23:30:49,073][src.models.modules.semantic_id.tiger_generation_model][INFO] - [rank: 0] 使用分块生成策略，num_hierarchies=10
[2025-11-14 23:30:49,669][src.models.modules.semantic_id.tiger_generation_model][INFO] - [rank: 0] 使用分块生成策略，num_hierarchies=10
[2025-11-14 23:30:50,283][src.models.modules.semantic_id.tiger_generation_model][INFO] - [rank: 0] 使用分块生成策略，num_hierarchies=10
[2025-11-14 23:30:50,873][src.models.modules.semantic_id.tiger_generation_model][INFO] - [rank: 0] 使用分块生成策略，num_hierarchies=10
[2025-11-14 23:30:51,457][src.models.modules.semantic_id.tiger_generation_model][INFO] - [rank: 0] 使用分块生成策略，num_hierarchies=10
[2025-11-14 23:30:52,075][src.models.modules.semantic_id.tiger_generation_model][INFO] - [rank: 0] 使用分块生成策略，num_hierarchies=10
[2025-11-14 23:30:52,671][src.models.modules.semantic_id.tiger_generation_model][INFO] - [rank: 0] 使用分块生成策略，num_hierarchies=10
[2025-11-14 23:30:53,263][src.models.modules.semantic_id.tiger_generation_model][INFO] - [rank: 0] 使用分块生成策略，num_hierarchies=10
[2025-11-14 23:30:53,977][src.models.modules.semantic_id.tiger_generation_model][INFO] - [rank: 0] 使用分块生成策略，num_hierarchies=10
[2025-11-14 23:30:54,557][src.models.modules.semantic_id.tiger_generation_model][INFO] - [rank: 0] 使用分块生成策略，num_hierarchies=10
[2025-11-14 23:30:55,142][src.models.modules.semantic_id.tiger_generation_model][INFO] - [rank: 0] 使用分块生成策略，num_hierarchies=10
[2025-11-14 23:30:55,721][src.models.modules.semantic_id.tiger_generation_model][INFO] - [rank: 0] 使用分块生成策略，num_hierarchies=10
[2025-11-14 23:30:56,286][src.models.modules.semantic_id.tiger_generation_model][INFO] - [rank: 0] 使用分块生成策略，num_hierarchies=10
[2025-11-14 23:30:56,876][src.models.modules.semantic_id.tiger_generation_model][INFO] - [rank: 0] 使用分块生成策略，num_hierarchies=10
[2025-11-14 23:30:57,446][src.models.modules.semantic_id.tiger_generation_model][INFO] - [rank: 0] 使用分块生成策略，num_hierarchies=10
[2025-11-14 23:30:58,020][src.models.modules.semantic_id.tiger_generation_model][INFO] - [rank: 0] 使用分块生成策略，num_hierarchies=10
[2025-11-14 23:30:58,619][src.models.modules.semantic_id.tiger_generation_model][INFO] - [rank: 0] 使用分块生成策略，num_hierarchies=10
[2025-11-14 23:30:59,214][src.models.modules.semantic_id.tiger_generation_model][INFO] - [rank: 0] 使用分块生成策略，num_hierarchies=10
[2025-11-14 23:30:59,767][src.models.modules.semantic_id.tiger_generation_model][INFO] - [rank: 0] 使用分块生成策略，num_hierarchies=10
[2025-11-14 23:31:00,353][src.models.modules.semantic_id.tiger_generation_model][INFO] - [rank: 0] 使用分块生成策略，num_hierarchies=10
[2025-11-14 23:31:00,903][src.models.modules.semantic_id.tiger_generation_model][INFO] - [rank: 0] 使用分块生成策略，num_hierarchies=10
[2025-11-14 23:31:01,497][src.models.modules.semantic_id.tiger_generation_model][INFO] - [rank: 0] 使用分块生成策略，num_hierarchies=10
[2025-11-14 23:31:02,099][src.models.modules.semantic_id.tiger_generation_model][INFO] - [rank: 0] 使用分块生成策略，num_hierarchies=10
[2025-11-14 23:31:02,691][src.models.modules.semantic_id.tiger_generation_model][INFO] - [rank: 0] 使用分块生成策略，num_hierarchies=10
[2025-11-14 23:31:03,263][src.models.modules.semantic_id.tiger_generation_model][INFO] - [rank: 0] 使用分块生成策略，num_hierarchies=10
[2025-11-14 23:31:03,835][src.models.modules.semantic_id.tiger_generation_model][INFO] - [rank: 0] 使用分块生成策略，num_hierarchies=10
[2025-11-14 23:31:04,408][src.models.modules.semantic_id.tiger_generation_model][INFO] - [rank: 0] 使用分块生成策略，num_hierarchies=10
[2025-11-14 23:31:05,002][src.models.modules.semantic_id.tiger_generation_model][INFO] - [rank: 0] 使用分块生成策略，num_hierarchies=10
[2025-11-14 23:31:05,582][src.models.modules.semantic_id.tiger_generation_model][INFO] - [rank: 0] 使用分块生成策略，num_hierarchies=10
[2025-11-14 23:31:06,176][src.models.modules.semantic_id.tiger_generation_model][INFO] - [rank: 0] 使用分块生成策略，num_hierarchies=10
[2025-11-14 23:31:06,780][src.models.modules.semantic_id.tiger_generation_model][INFO] - [rank: 0] 使用分块生成策略，num_hierarchies=10
[2025-11-14 23:31:07,348][src.models.modules.semantic_id.tiger_generation_model][INFO] - [rank: 0] 使用分块生成策略，num_hierarchies=10
[2025-11-14 23:31:07,963][src.models.modules.semantic_id.tiger_generation_model][INFO] - [rank: 0] 使用分块生成策略，num_hierarchies=10
[2025-11-14 23:31:08,550][src.models.modules.semantic_id.tiger_generation_model][INFO] - [rank: 0] 使用分块生成策略，num_hierarchies=10
[2025-11-14 23:31:09,123][src.models.modules.semantic_id.tiger_generation_model][INFO] - [rank: 0] 使用分块生成策略，num_hierarchies=10
[2025-11-14 23:31:09,703][src.models.modules.semantic_id.tiger_generation_model][INFO] - [rank: 0] 使用分块生成策略，num_hierarchies=10
[2025-11-14 23:31:10,268][src.models.modules.semantic_id.tiger_generation_model][INFO] - [rank: 0] 使用分块生成策略，num_hierarchies=10
[2025-11-14 23:31:10,856][src.models.modules.semantic_id.tiger_generation_model][INFO] - [rank: 0] 使用分块生成策略，num_hierarchies=10
[2025-11-14 23:31:11,456][src.models.modules.semantic_id.tiger_generation_model][INFO] - [rank: 0] 使用分块生成策略，num_hierarchies=10
[2025-11-14 23:31:12,099][src.models.modules.semantic_id.tiger_generation_model][INFO] - [rank: 0] 使用分块生成策略，num_hierarchies=10
[2025-11-14 23:31:12,699][src.models.modules.semantic_id.tiger_generation_model][INFO] - [rank: 0] 使用分块生成策略，num_hierarchies=10
[2025-11-14 23:31:13,277][src.models.modules.semantic_id.tiger_generation_model][INFO] - [rank: 0] 使用分块生成策略，num_hierarchies=10
[2025-11-14 23:31:13,840][src.models.modules.semantic_id.tiger_generation_model][INFO] - [rank: 0] 使用分块生成策略，num_hierarchies=10
[2025-11-14 23:31:14,402][src.models.modules.semantic_id.tiger_generation_model][INFO] - [rank: 0] 使用分块生成策略，num_hierarchies=10
[2025-11-14 23:31:15,012][src.models.modules.semantic_id.tiger_generation_model][INFO] - [rank: 0] 使用分块生成策略，num_hierarchies=10
[2025-11-14 23:31:15,606][src.models.modules.semantic_id.tiger_generation_model][INFO] - [rank: 0] 使用分块生成策略，num_hierarchies=10
[2025-11-14 23:31:16,188][src.models.modules.semantic_id.tiger_generation_model][INFO] - [rank: 0] 使用分块生成策略，num_hierarchies=10
[2025-11-14 23:31:16,796][src.models.modules.semantic_id.tiger_generation_model][INFO] - [rank: 0] 使用分块生成策略，num_hierarchies=10
[2025-11-14 23:31:17,386][src.models.modules.semantic_id.tiger_generation_model][INFO] - [rank: 0] 使用分块生成策略，num_hierarchies=10
[2025-11-14 23:31:17,975][src.models.modules.semantic_id.tiger_generation_model][INFO] - [rank: 0] 使用分块生成策略，num_hierarchies=10
[2025-11-14 23:31:18,564][src.models.modules.semantic_id.tiger_generation_model][INFO] - [rank: 0] 使用分块生成策略，num_hierarchies=10
[2025-11-14 23:31:19,164][src.models.modules.semantic_id.tiger_generation_model][INFO] - [rank: 0] 使用分块生成策略，num_hierarchies=10
[2025-11-14 23:31:19,788][src.models.modules.semantic_id.tiger_generation_model][INFO] - [rank: 0] 使用分块生成策略，num_hierarchies=10
[2025-11-14 23:31:20,322][src.models.modules.semantic_id.tiger_generation_model][INFO] - [rank: 0] 使用分块生成策略，num_hierarchies=10
[2025-11-14 23:31:20,856][src.models.modules.semantic_id.tiger_generation_model][INFO] - [rank: 0] 使用分块生成策略，num_hierarchies=10
[2025-11-14 23:31:21,413][src.models.modules.semantic_id.tiger_generation_model][INFO] - [rank: 0] 使用分块生成策略，num_hierarchies=10
[2025-11-14 23:31:21,989][src.models.modules.semantic_id.tiger_generation_model][INFO] - [rank: 0] 使用分块生成策略，num_hierarchies=10
[2025-11-14 23:31:22,550][src.models.modules.semantic_id.tiger_generation_model][INFO] - [rank: 0] 使用分块生成策略，num_hierarchies=10
[2025-11-14 23:31:23,140][src.models.modules.semantic_id.tiger_generation_model][INFO] - [rank: 0] 使用分块生成策略，num_hierarchies=10
[2025-11-14 23:31:23,715][src.models.modules.semantic_id.tiger_generation_model][INFO] - [rank: 0] 使用分块生成策略，num_hierarchies=10
[2025-11-14 23:31:24,253][src.models.modules.semantic_id.tiger_generation_model][INFO] - [rank: 0] 使用分块生成策略，num_hierarchies=10
[2025-11-14 23:31:24,836][src.models.modules.semantic_id.tiger_generation_model][INFO] - [rank: 0] 使用分块生成策略，num_hierarchies=10
[2025-11-14 23:31:25,408][src.models.modules.semantic_id.tiger_generation_model][INFO] - [rank: 0] 使用分块生成策略，num_hierarchies=10
[2025-11-14 23:31:26,009][src.models.modules.semantic_id.tiger_generation_model][INFO] - [rank: 0] 使用分块生成策略，num_hierarchies=10
[2025-11-14 23:31:26,603][src.models.modules.semantic_id.tiger_generation_model][INFO] - [rank: 0] 使用分块生成策略，num_hierarchies=10
[2025-11-14 23:31:27,153][src.models.modules.semantic_id.tiger_generation_model][INFO] - [rank: 0] 使用分块生成策略，num_hierarchies=10
[2025-11-14 23:31:27,758][src.models.modules.semantic_id.tiger_generation_model][INFO] - [rank: 0] 使用分块生成策略，num_hierarchies=10
[2025-11-14 23:31:28,337][src.models.modules.semantic_id.tiger_generation_model][INFO] - [rank: 0] 使用分块生成策略，num_hierarchies=10
[2025-11-14 23:31:28,916][src.models.modules.semantic_id.tiger_generation_model][INFO] - [rank: 0] 使用分块生成策略，num_hierarchies=10
[2025-11-14 23:31:29,504][src.models.modules.semantic_id.tiger_generation_model][INFO] - [rank: 0] 使用分块生成策略，num_hierarchies=10
[2025-11-14 23:31:30,089][src.models.modules.semantic_id.tiger_generation_model][INFO] - [rank: 0] 使用分块生成策略，num_hierarchies=10
[2025-11-14 23:31:30,618][src.models.modules.semantic_id.tiger_generation_model][INFO] - [rank: 0] 使用分块生成策略，num_hierarchies=10
[2025-11-14 23:31:31,174][src.models.modules.semantic_id.tiger_generation_model][INFO] - [rank: 0] 使用分块生成策略，num_hierarchies=10
[2025-11-14 23:31:31,738][src.models.modules.semantic_id.tiger_generation_model][INFO] - [rank: 0] 使用分块生成策略，num_hierarchies=10
[2025-11-14 23:31:32,325][src.models.modules.semantic_id.tiger_generation_model][INFO] - [rank: 0] 使用分块生成策略，num_hierarchies=10
[2025-11-14 23:31:32,966][src.models.modules.semantic_id.tiger_generation_model][INFO] - [rank: 0] 使用分块生成策略，num_hierarchies=10
[2025-11-14 23:31:33,544][src.models.modules.semantic_id.tiger_generation_model][INFO] - [rank: 0] 使用分块生成策略，num_hierarchies=10
[2025-11-14 23:31:34,139][src.models.modules.semantic_id.tiger_generation_model][INFO] - [rank: 0] 使用分块生成策略，num_hierarchies=10
[2025-11-14 23:31:34,710][src.models.modules.semantic_id.tiger_generation_model][INFO] - [rank: 0] 使用分块生成策略，num_hierarchies=10
[2025-11-14 23:31:35,298][src.models.modules.semantic_id.tiger_generation_model][INFO] - [rank: 0] 使用分块生成策略，num_hierarchies=10
[2025-11-14 23:31:35,873][src.models.modules.semantic_id.tiger_generation_model][INFO] - [rank: 0] 使用分块生成策略，num_hierarchies=10
[2025-11-14 23:31:36,437][src.models.modules.semantic_id.tiger_generation_model][INFO] - [rank: 0] 使用分块生成策略，num_hierarchies=10
[2025-11-14 23:31:36,969][src.models.modules.semantic_id.tiger_generation_model][INFO] - [rank: 0] 使用分块生成策略，num_hierarchies=10
[2025-11-14 23:31:37,566][src.models.modules.semantic_id.tiger_generation_model][INFO] - [rank: 0] 使用分块生成策略，num_hierarchies=10
[2025-11-14 23:31:38,151][src.models.modules.semantic_id.tiger_generation_model][INFO] - [rank: 0] 使用分块生成策略，num_hierarchies=10
[2025-11-14 23:31:38,706][src.models.modules.semantic_id.tiger_generation_model][INFO] - [rank: 0] 使用分块生成策略，num_hierarchies=10
[2025-11-14 23:31:39,305][src.models.modules.semantic_id.tiger_generation_model][INFO] - [rank: 0] 使用分块生成策略，num_hierarchies=10
[2025-11-14 23:31:39,888][src.models.modules.semantic_id.tiger_generation_model][INFO] - [rank: 0] 使用分块生成策略，num_hierarchies=10
[2025-11-14 23:31:40,465][src.models.modules.semantic_id.tiger_generation_model][INFO] - [rank: 0] 使用分块生成策略，num_hierarchies=10
[2025-11-14 23:31:41,034][src.models.modules.semantic_id.tiger_generation_model][INFO] - [rank: 0] 使用分块生成策略，num_hierarchies=10
[2025-11-14 23:31:41,625][src.models.modules.semantic_id.tiger_generation_model][INFO] - [rank: 0] 使用分块生成策略，num_hierarchies=10
[2025-11-14 23:31:42,235][src.models.modules.semantic_id.tiger_generation_model][INFO] - [rank: 0] 使用分块生成策略，num_hierarchies=10
[2025-11-14 23:31:42,845][src.models.modules.semantic_id.tiger_generation_model][INFO] - [rank: 0] 使用分块生成策略，num_hierarchies=10
[2025-11-14 23:31:43,446][src.models.modules.semantic_id.tiger_generation_model][INFO] - [rank: 0] 使用分块生成策略，num_hierarchies=10
[2025-11-14 23:31:44,107][src.models.modules.semantic_id.tiger_generation_model][INFO] - [rank: 0] 使用分块生成策略，num_hierarchies=10
[2025-11-14 23:31:44,683][src.models.modules.semantic_id.tiger_generation_model][INFO] - [rank: 0] 使用分块生成策略，num_hierarchies=10
[2025-11-14 23:31:45,265][src.models.modules.semantic_id.tiger_generation_model][INFO] - [rank: 0] 使用分块生成策略，num_hierarchies=10
[2025-11-14 23:31:45,873][src.models.modules.semantic_id.tiger_generation_model][INFO] - [rank: 0] 使用分块生成策略，num_hierarchies=10
[2025-11-14 23:31:46,483][src.models.modules.semantic_id.tiger_generation_model][INFO] - [rank: 0] 使用分块生成策略，num_hierarchies=10
[2025-11-14 23:31:47,115][src.models.modules.semantic_id.tiger_generation_model][INFO] - [rank: 0] 使用分块生成策略，num_hierarchies=10
[2025-11-14 23:31:47,729][src.models.modules.semantic_id.tiger_generation_model][INFO] - [rank: 0] 使用分块生成策略，num_hierarchies=10
[2025-11-14 23:31:48,332][src.models.modules.semantic_id.tiger_generation_model][INFO] - [rank: 0] 使用分块生成策略，num_hierarchies=10
[2025-11-14 23:31:48,937][src.models.modules.semantic_id.tiger_generation_model][INFO] - [rank: 0] 使用分块生成策略，num_hierarchies=10
[2025-11-14 23:31:49,557][src.models.modules.semantic_id.tiger_generation_model][INFO] - [rank: 0] 使用分块生成策略，num_hierarchies=10
[2025-11-14 23:31:50,170][src.models.modules.semantic_id.tiger_generation_model][INFO] - [rank: 0] 使用分块生成策略，num_hierarchies=10
[2025-11-14 23:31:50,750][src.models.modules.semantic_id.tiger_generation_model][INFO] - [rank: 0] 使用分块生成策略，num_hierarchies=10
[2025-11-14 23:31:51,377][src.models.modules.semantic_id.tiger_generation_model][INFO] - [rank: 0] 使用分块生成策略，num_hierarchies=10
[2025-11-14 23:31:51,968][src.models.modules.semantic_id.tiger_generation_model][INFO] - [rank: 0] 使用分块生成策略，num_hierarchies=10
[2025-11-14 23:31:52,574][src.models.modules.semantic_id.tiger_generation_model][INFO] - [rank: 0] 使用分块生成策略，num_hierarchies=10
[2025-11-14 23:31:53,242][src.models.modules.semantic_id.tiger_generation_model][INFO] - [rank: 0] 使用分块生成策略，num_hierarchies=10
[2025-11-14 23:31:53,832][src.models.modules.semantic_id.tiger_generation_model][INFO] - [rank: 0] 使用分块生成策略，num_hierarchies=10
[2025-11-14 23:31:54,385][src.models.modules.semantic_id.tiger_generation_model][INFO] - [rank: 0] 使用分块生成策略，num_hierarchies=10
[2025-11-14 23:31:55,006][src.models.modules.semantic_id.tiger_generation_model][INFO] - [rank: 0] 使用分块生成策略，num_hierarchies=10
[2025-11-14 23:31:55,617][src.models.modules.semantic_id.tiger_generation_model][INFO] - [rank: 0] 使用分块生成策略，num_hierarchies=10
[2025-11-14 23:31:56,207][src.models.modules.semantic_id.tiger_generation_model][INFO] - [rank: 0] 使用分块生成策略，num_hierarchies=10
[2025-11-14 23:31:56,804][src.models.modules.semantic_id.tiger_generation_model][INFO] - [rank: 0] 使用分块生成策略，num_hierarchies=10
[2025-11-14 23:31:57,398][src.models.modules.semantic_id.tiger_generation_model][INFO] - [rank: 0] 使用分块生成策略，num_hierarchies=10
[2025-11-14 23:31:57,979][src.models.modules.semantic_id.tiger_generation_model][INFO] - [rank: 0] 使用分块生成策略，num_hierarchies=10
[2025-11-14 23:31:58,634][src.models.modules.semantic_id.tiger_generation_model][INFO] - [rank: 0] 使用分块生成策略，num_hierarchies=10
[2025-11-14 23:31:59,241][src.models.modules.semantic_id.tiger_generation_model][INFO] - [rank: 0] 使用分块生成策略，num_hierarchies=10
[2025-11-14 23:31:59,853][src.models.modules.semantic_id.tiger_generation_model][INFO] - [rank: 0] 使用分块生成策略，num_hierarchies=10
[2025-11-14 23:32:00,415][src.models.modules.semantic_id.tiger_generation_model][INFO] - [rank: 0] 使用分块生成策略，num_hierarchies=10
[2025-11-14 23:32:01,022][src.models.modules.semantic_id.tiger_generation_model][INFO] - [rank: 0] 使用分块生成策略，num_hierarchies=10
[2025-11-14 23:32:01,642][src.models.modules.semantic_id.tiger_generation_model][INFO] - [rank: 0] 使用分块生成策略，num_hierarchies=10
[2025-11-14 23:32:02,242][src.models.modules.semantic_id.tiger_generation_model][INFO] - [rank: 0] 使用分块生成策略，num_hierarchies=10
[2025-11-14 23:32:02,819][src.models.modules.semantic_id.tiger_generation_model][INFO] - [rank: 0] 使用分块生成策略，num_hierarchies=10
[2025-11-14 23:32:03,422][src.models.modules.semantic_id.tiger_generation_model][INFO] - [rank: 0] 使用分块生成策略，num_hierarchies=10
[2025-11-14 23:32:04,077][src.models.modules.semantic_id.tiger_generation_model][INFO] - [rank: 0] 使用分块生成策略，num_hierarchies=10
[2025-11-14 23:32:04,688][src.models.modules.semantic_id.tiger_generation_model][INFO] - [rank: 0] 使用分块生成策略，num_hierarchies=10
[2025-11-14 23:32:05,304][src.models.modules.semantic_id.tiger_generation_model][INFO] - [rank: 0] 使用分块生成策略，num_hierarchies=10
[2025-11-14 23:32:05,890][src.models.modules.semantic_id.tiger_generation_model][INFO] - [rank: 0] 使用分块生成策略，num_hierarchies=10
[2025-11-14 23:32:06,495][src.models.modules.semantic_id.tiger_generation_model][INFO] - [rank: 0] 使用分块生成策略，num_hierarchies=10
[2025-11-14 23:32:07,045][src.models.modules.semantic_id.tiger_generation_model][INFO] - [rank: 0] 使用分块生成策略，num_hierarchies=10
[2025-11-14 23:32:07,631][src.models.modules.semantic_id.tiger_generation_model][INFO] - [rank: 0] 使用分块生成策略，num_hierarchies=10
[2025-11-14 23:32:08,273][src.models.modules.semantic_id.tiger_generation_model][INFO] - [rank: 0] 使用分块生成策略，num_hierarchies=10
[2025-11-14 23:32:08,881][src.models.modules.semantic_id.tiger_generation_model][INFO] - [rank: 0] 使用分块生成策略，num_hierarchies=10
[2025-11-14 23:32:09,487][src.models.modules.semantic_id.tiger_generation_model][INFO] - [rank: 0] 使用分块生成策略，num_hierarchies=10
[2025-11-14 23:32:10,093][src.models.modules.semantic_id.tiger_generation_model][INFO] - [rank: 0] 使用分块生成策略，num_hierarchies=10
[2025-11-14 23:32:10,666][src.models.modules.semantic_id.tiger_generation_model][INFO] - [rank: 0] 使用分块生成策略，num_hierarchies=10
[2025-11-14 23:32:11,240][src.models.modules.semantic_id.tiger_generation_model][INFO] - [rank: 0] 使用分块生成策略，num_hierarchies=10
[2025-11-14 23:32:11,794][src.models.modules.semantic_id.tiger_generation_model][INFO] - [rank: 0] 使用分块生成策略，num_hierarchies=10
[2025-11-14 23:32:12,337][src.models.modules.semantic_id.tiger_generation_model][INFO] - [rank: 0] 使用分块生成策略，num_hierarchies=10
[2025-11-14 23:32:12,937][src.models.modules.semantic_id.tiger_generation_model][INFO] - [rank: 0] 使用分块生成策略，num_hierarchies=10
[2025-11-14 23:32:13,538][src.models.modules.semantic_id.tiger_generation_model][INFO] - [rank: 0] 使用分块生成策略，num_hierarchies=10
[2025-11-14 23:32:14,125][src.models.modules.semantic_id.tiger_generation_model][INFO] - [rank: 0] 使用分块生成策略，num_hierarchies=10
[2025-11-14 23:32:14,742][src.models.modules.semantic_id.tiger_generation_model][INFO] - [rank: 0] 使用分块生成策略，num_hierarchies=10
[2025-11-14 23:32:15,366][src.models.modules.semantic_id.tiger_generation_model][INFO] - [rank: 0] 使用分块生成策略，num_hierarchies=10
[2025-11-14 23:32:16,016][src.models.modules.semantic_id.tiger_generation_model][INFO] - [rank: 0] 使用分块生成策略，num_hierarchies=10
[2025-11-14 23:32:16,628][src.models.modules.semantic_id.tiger_generation_model][INFO] - [rank: 0] 使用分块生成策略，num_hierarchies=10
[2025-11-14 23:32:17,226][src.models.modules.semantic_id.tiger_generation_model][INFO] - [rank: 0] 使用分块生成策略，num_hierarchies=10
[2025-11-14 23:32:17,842][src.models.modules.semantic_id.tiger_generation_model][INFO] - [rank: 0] 使用分块生成策略，num_hierarchies=10
[2025-11-14 23:32:18,423][src.models.modules.semantic_id.tiger_generation_model][INFO] - [rank: 0] 使用分块生成策略，num_hierarchies=10
[2025-11-14 23:32:19,060][src.models.modules.semantic_id.tiger_generation_model][INFO] - [rank: 0] 使用分块生成策略，num_hierarchies=10
[2025-11-14 23:32:19,698][src.models.modules.semantic_id.tiger_generation_model][INFO] - [rank: 0] 使用分块生成策略，num_hierarchies=10
[2025-11-14 23:32:20,260][src.models.modules.semantic_id.tiger_generation_model][INFO] - [rank: 0] 使用分块生成策略，num_hierarchies=10
[2025-11-14 23:32:20,832][src.models.modules.semantic_id.tiger_generation_model][INFO] - [rank: 0] 使用分块生成策略，num_hierarchies=10
[2025-11-14 23:32:21,415][src.models.modules.semantic_id.tiger_generation_model][INFO] - [rank: 0] 使用分块生成策略，num_hierarchies=10
[2025-11-14 23:32:21,994][src.models.modules.semantic_id.tiger_generation_model][INFO] - [rank: 0] 使用分块生成策略，num_hierarchies=10
[2025-11-14 23:32:22,751][src.models.modules.semantic_id.tiger_generation_model][INFO] - [rank: 0] 使用分块生成策略，num_hierarchies=10
[2025-11-14 23:32:23,309][src.models.modules.semantic_id.tiger_generation_model][INFO] - [rank: 0] 使用分块生成策略，num_hierarchies=10
[2025-11-14 23:32:23,896][src.models.modules.semantic_id.tiger_generation_model][INFO] - [rank: 0] 使用分块生成策略，num_hierarchies=10
[2025-11-14 23:32:24,460][src.models.modules.semantic_id.tiger_generation_model][INFO] - [rank: 0] 使用分块生成策略，num_hierarchies=10
[2025-11-14 23:32:25,054][src.models.modules.semantic_id.tiger_generation_model][INFO] - [rank: 0] 使用分块生成策略，num_hierarchies=10
[2025-11-14 23:32:25,615][src.models.modules.semantic_id.tiger_generation_model][INFO] - [rank: 0] 使用分块生成策略，num_hierarchies=10
[2025-11-14 23:32:26,203][src.models.modules.semantic_id.tiger_generation_model][INFO] - [rank: 0] 使用分块生成策略，num_hierarchies=10
[2025-11-14 23:32:26,792][src.models.modules.semantic_id.tiger_generation_model][INFO] - [rank: 0] 使用分块生成策略，num_hierarchies=10
[2025-11-14 23:32:27,440][src.models.modules.semantic_id.tiger_generation_model][INFO] - [rank: 0] 使用分块生成策略，num_hierarchies=10
[2025-11-14 23:32:28,034][src.models.modules.semantic_id.tiger_generation_model][INFO] - [rank: 0] 使用分块生成策略，num_hierarchies=10
[2025-11-14 23:32:28,633][src.models.modules.semantic_id.tiger_generation_model][INFO] - [rank: 0] 使用分块生成策略，num_hierarchies=10
[2025-11-14 23:32:29,244][src.models.modules.semantic_id.tiger_generation_model][INFO] - [rank: 0] 使用分块生成策略，num_hierarchies=10
[2025-11-14 23:32:29,862][src.models.modules.semantic_id.tiger_generation_model][INFO] - [rank: 0] 使用分块生成策略，num_hierarchies=10
[2025-11-14 23:32:30,497][src.models.modules.semantic_id.tiger_generation_model][INFO] - [rank: 0] 使用分块生成策略，num_hierarchies=10
[2025-11-14 23:32:31,098][src.models.modules.semantic_id.tiger_generation_model][INFO] - [rank: 0] 使用分块生成策略，num_hierarchies=10
[2025-11-14 23:32:31,694][src.models.modules.semantic_id.tiger_generation_model][INFO] - [rank: 0] 使用分块生成策略，num_hierarchies=10
[2025-11-14 23:32:32,289][src.models.modules.semantic_id.tiger_generation_model][INFO] - [rank: 0] 使用分块生成策略，num_hierarchies=10
[2025-11-14 23:32:32,818][src.models.modules.semantic_id.tiger_generation_model][INFO] - [rank: 0] 使用分块生成策略，num_hierarchies=10
[2025-11-14 23:32:33,421][src.models.modules.semantic_id.tiger_generation_model][INFO] - [rank: 0] 使用分块生成策略，num_hierarchies=10
[2025-11-14 23:32:34,041][src.models.modules.semantic_id.tiger_generation_model][INFO] - [rank: 0] 使用分块生成策略，num_hierarchies=10
[2025-11-14 23:32:34,654][src.models.modules.semantic_id.tiger_generation_model][INFO] - [rank: 0] 使用分块生成策略，num_hierarchies=10
[2025-11-14 23:32:35,265][src.models.modules.semantic_id.tiger_generation_model][INFO] - [rank: 0] 使用分块生成策略，num_hierarchies=10
[2025-11-14 23:32:35,868][src.models.modules.semantic_id.tiger_generation_model][INFO] - [rank: 0] 使用分块生成策略，num_hierarchies=10
[2025-11-14 23:32:36,490][src.models.modules.semantic_id.tiger_generation_model][INFO] - [rank: 0] 使用分块生成策略，num_hierarchies=10
[2025-11-14 23:32:37,098][src.models.modules.semantic_id.tiger_generation_model][INFO] - [rank: 0] 使用分块生成策略，num_hierarchies=10
[2025-11-14 23:32:37,711][src.models.modules.semantic_id.tiger_generation_model][INFO] - [rank: 0] 使用分块生成策略，num_hierarchies=10
[2025-11-14 23:32:38,304][src.models.modules.semantic_id.tiger_generation_model][INFO] - [rank: 0] 使用分块生成策略，num_hierarchies=10
[2025-11-14 23:32:38,894][src.models.modules.semantic_id.tiger_generation_model][INFO] - [rank: 0] 使用分块生成策略，num_hierarchies=10
[2025-11-14 23:32:39,472][src.models.modules.semantic_id.tiger_generation_model][INFO] - [rank: 0] 使用分块生成策略，num_hierarchies=10
[2025-11-14 23:32:39,989][src.models.modules.semantic_id.tiger_generation_model][INFO] - [rank: 0] 使用分块生成策略，num_hierarchies=10
[2025-11-14 23:32:40,571][src.models.modules.semantic_id.tiger_generation_model][INFO] - [rank: 0] 使用分块生成策略，num_hierarchies=10
[2025-11-14 23:32:41,158][src.models.modules.semantic_id.tiger_generation_model][INFO] - [rank: 0] 使用分块生成策略，num_hierarchies=10
[2025-11-14 23:32:41,719][src.models.modules.semantic_id.tiger_generation_model][INFO] - [rank: 0] 使用分块生成策略，num_hierarchies=10
[2025-11-14 23:32:42,302][src.models.modules.semantic_id.tiger_generation_model][INFO] - [rank: 0] 使用分块生成策略，num_hierarchies=10
[2025-11-14 23:32:42,875][src.models.modules.semantic_id.tiger_generation_model][INFO] - [rank: 0] 使用分块生成策略，num_hierarchies=10
[2025-11-14 23:32:43,545][src.models.modules.semantic_id.tiger_generation_model][INFO] - [rank: 0] 使用分块生成策略，num_hierarchies=10
[2025-11-14 23:32:44,361][src.models.modules.semantic_id.tiger_generation_model][INFO] - [rank: 0] 使用分块生成策略，num_hierarchies=10
[2025-11-14 23:32:44,988][src.models.modules.semantic_id.tiger_generation_model][INFO] - [rank: 0] 使用分块生成策略，num_hierarchies=10
[2025-11-14 23:32:45,578][src.models.modules.semantic_id.tiger_generation_model][INFO] - [rank: 0] 使用分块生成策略，num_hierarchies=10
[2025-11-14 23:32:46,187][src.models.modules.semantic_id.tiger_generation_model][INFO] - [rank: 0] 使用分块生成策略，num_hierarchies=10
[2025-11-14 23:32:47,015][src.models.modules.semantic_id.tiger_generation_model][INFO] - [rank: 0] 使用分块生成策略，num_hierarchies=10
[2025-11-14 23:32:47,644][src.models.modules.semantic_id.tiger_generation_model][INFO] - [rank: 0] 使用分块生成策略，num_hierarchies=10
[2025-11-14 23:32:48,282][src.models.modules.semantic_id.tiger_generation_model][INFO] - [rank: 0] 使用分块生成策略，num_hierarchies=10
[2025-11-14 23:32:48,923][src.models.modules.semantic_id.tiger_generation_model][INFO] - [rank: 0] 使用分块生成策略，num_hierarchies=10
[2025-11-14 23:32:49,451][src.models.modules.semantic_id.tiger_generation_model][INFO] - [rank: 0] 使用分块生成策略，num_hierarchies=10
[2025-11-14 23:32:50,040][src.models.modules.semantic_id.tiger_generation_model][INFO] - [rank: 0] 使用分块生成策略，num_hierarchies=10
[2025-11-14 23:32:50,641][src.models.modules.semantic_id.tiger_generation_model][INFO] - [rank: 0] 使用分块生成策略，num_hierarchies=10
[2025-11-14 23:32:51,245][src.models.modules.semantic_id.tiger_generation_model][INFO] - [rank: 0] 使用分块生成策略，num_hierarchies=10
[2025-11-14 23:32:51,843][src.models.modules.semantic_id.tiger_generation_model][INFO] - [rank: 0] 使用分块生成策略，num_hierarchies=10
[2025-11-14 23:32:52,422][src.models.modules.semantic_id.tiger_generation_model][INFO] - [rank: 0] 使用分块生成策略，num_hierarchies=10
[2025-11-14 23:32:53,068][src.models.modules.semantic_id.tiger_generation_model][INFO] - [rank: 0] 使用分块生成策略，num_hierarchies=10
[2025-11-14 23:32:53,659][src.models.modules.semantic_id.tiger_generation_model][INFO] - [rank: 0] 使用分块生成策略，num_hierarchies=10
[2025-11-14 23:32:54,233][src.models.modules.semantic_id.tiger_generation_model][INFO] - [rank: 0] 使用分块生成策略，num_hierarchies=10
[2025-11-14 23:32:54,827][src.models.modules.semantic_id.tiger_generation_model][INFO] - [rank: 0] 使用分块生成策略，num_hierarchies=10
[2025-11-14 23:32:55,467][src.models.modules.semantic_id.tiger_generation_model][INFO] - [rank: 0] 使用分块生成策略，num_hierarchies=10
[2025-11-14 23:32:56,059][src.models.modules.semantic_id.tiger_generation_model][INFO] - [rank: 0] 使用分块生成策略，num_hierarchies=10
[2025-11-14 23:32:56,653][src.models.modules.semantic_id.tiger_generation_model][INFO] - [rank: 0] 使用分块生成策略，num_hierarchies=10
[2025-11-14 23:32:57,272][src.models.modules.semantic_id.tiger_generation_model][INFO] - [rank: 0] 使用分块生成策略，num_hierarchies=10
[2025-11-14 23:32:57,876][src.models.modules.semantic_id.tiger_generation_model][INFO] - [rank: 0] 使用分块生成策略，num_hierarchies=10
[2025-11-14 23:32:58,479][src.models.modules.semantic_id.tiger_generation_model][INFO] - [rank: 0] 使用分块生成策略，num_hierarchies=10
[2025-11-14 23:32:59,068][src.models.modules.semantic_id.tiger_generation_model][INFO] - [rank: 0] 使用分块生成策略，num_hierarchies=10
[2025-11-14 23:32:59,665][src.models.modules.semantic_id.tiger_generation_model][INFO] - [rank: 0] 使用分块生成策略，num_hierarchies=10
[2025-11-14 23:33:00,242][src.models.modules.semantic_id.tiger_generation_model][INFO] - [rank: 0] 使用分块生成策略，num_hierarchies=10
[2025-11-14 23:33:00,798][src.models.modules.semantic_id.tiger_generation_model][INFO] - [rank: 0] 使用分块生成策略，num_hierarchies=10
[2025-11-14 23:33:01,367][src.models.modules.semantic_id.tiger_generation_model][INFO] - [rank: 0] 使用分块生成策略，num_hierarchies=10
[2025-11-14 23:33:01,958][src.models.modules.semantic_id.tiger_generation_model][INFO] - [rank: 0] 使用分块生成策略，num_hierarchies=10
[2025-11-14 23:33:02,503][src.models.modules.semantic_id.tiger_generation_model][INFO] - [rank: 0] 使用分块生成策略，num_hierarchies=10
[2025-11-14 23:33:03,099][src.models.modules.semantic_id.tiger_generation_model][INFO] - [rank: 0] 使用分块生成策略，num_hierarchies=10
[2025-11-14 23:33:03,689][src.models.modules.semantic_id.tiger_generation_model][INFO] - [rank: 0] 使用分块生成策略，num_hierarchies=10
[2025-11-14 23:33:04,277][src.models.modules.semantic_id.tiger_generation_model][INFO] - [rank: 0] 使用分块生成策略，num_hierarchies=10
[2025-11-14 23:33:04,881][src.models.modules.semantic_id.tiger_generation_model][INFO] - [rank: 0] 使用分块生成策略，num_hierarchies=10
[2025-11-14 23:33:05,459][src.models.modules.semantic_id.tiger_generation_model][INFO] - [rank: 0] 使用分块生成策略，num_hierarchies=10
[2025-11-14 23:33:06,041][src.models.modules.semantic_id.tiger_generation_model][INFO] - [rank: 0] 使用分块生成策略，num_hierarchies=10
[2025-11-14 23:33:06,633][src.models.modules.semantic_id.tiger_generation_model][INFO] - [rank: 0] 使用分块生成策略，num_hierarchies=10
[2025-11-14 23:33:07,224][src.models.modules.semantic_id.tiger_generation_model][INFO] - [rank: 0] 使用分块生成策略，num_hierarchies=10
[2025-11-14 23:33:07,861][src.models.modules.semantic_id.tiger_generation_model][INFO] - [rank: 0] 使用分块生成策略，num_hierarchies=10
[2025-11-14 23:33:08,415][src.models.modules.semantic_id.tiger_generation_model][INFO] - [rank: 0] 使用分块生成策略，num_hierarchies=10
[2025-11-14 23:33:08,987][src.models.modules.semantic_id.tiger_generation_model][INFO] - [rank: 0] 使用分块生成策略，num_hierarchies=10
[2025-11-14 23:33:09,573][src.models.modules.semantic_id.tiger_generation_model][INFO] - [rank: 0] 使用分块生成策略，num_hierarchies=10
[2025-11-14 23:33:10,168][src.models.modules.semantic_id.tiger_generation_model][INFO] - [rank: 0] 使用分块生成策略，num_hierarchies=10
[2025-11-14 23:33:10,762][src.models.modules.semantic_id.tiger_generation_model][INFO] - [rank: 0] 使用分块生成策略，num_hierarchies=10
[2025-11-14 23:33:11,319][src.models.modules.semantic_id.tiger_generation_model][INFO] - [rank: 0] 使用分块生成策略，num_hierarchies=10
[2025-11-14 23:33:11,909][src.models.modules.semantic_id.tiger_generation_model][INFO] - [rank: 0] 使用分块生成策略，num_hierarchies=10
[2025-11-14 23:33:12,509][src.models.modules.semantic_id.tiger_generation_model][INFO] - [rank: 0] 使用分块生成策略，num_hierarchies=10
[2025-11-14 23:33:13,111][src.models.modules.semantic_id.tiger_generation_model][INFO] - [rank: 0] 使用分块生成策略，num_hierarchies=10
[2025-11-14 23:33:13,727][src.models.modules.semantic_id.tiger_generation_model][INFO] - [rank: 0] 使用分块生成策略，num_hierarchies=10
[2025-11-14 23:33:14,338][src.models.modules.semantic_id.tiger_generation_model][INFO] - [rank: 0] 使用分块生成策略，num_hierarchies=10
[2025-11-14 23:33:14,946][src.models.modules.semantic_id.tiger_generation_model][INFO] - [rank: 0] 使用分块生成策略，num_hierarchies=10
[2025-11-14 23:33:15,615][src.models.modules.semantic_id.tiger_generation_model][INFO] - [rank: 0] 使用分块生成策略，num_hierarchies=10
[2025-11-14 23:33:16,227][src.models.modules.semantic_id.tiger_generation_model][INFO] - [rank: 0] 使用分块生成策略，num_hierarchies=10
[2025-11-14 23:33:16,832][src.models.modules.semantic_id.tiger_generation_model][INFO] - [rank: 0] 使用分块生成策略，num_hierarchies=10
[2025-11-14 23:33:17,446][src.models.modules.semantic_id.tiger_generation_model][INFO] - [rank: 0] 使用分块生成策略，num_hierarchies=10
[2025-11-14 23:33:18,053][src.models.modules.semantic_id.tiger_generation_model][INFO] - [rank: 0] 使用分块生成策略，num_hierarchies=10
[2025-11-14 23:33:18,657][src.models.modules.semantic_id.tiger_generation_model][INFO] - [rank: 0] 使用分块生成策略，num_hierarchies=10
[2025-11-14 23:33:19,251][src.models.modules.semantic_id.tiger_generation_model][INFO] - [rank: 0] 使用分块生成策略，num_hierarchies=10
[2025-11-14 23:33:19,851][src.models.modules.semantic_id.tiger_generation_model][INFO] - [rank: 0] 使用分块生成策略，num_hierarchies=10
[2025-11-14 23:33:20,448][src.models.modules.semantic_id.tiger_generation_model][INFO] - [rank: 0] 使用分块生成策略，num_hierarchies=10
[2025-11-14 23:33:21,060][src.models.modules.semantic_id.tiger_generation_model][INFO] - [rank: 0] 使用分块生成策略，num_hierarchies=10
[2025-11-14 23:33:21,706][src.models.modules.semantic_id.tiger_generation_model][INFO] - [rank: 0] 使用分块生成策略，num_hierarchies=10
[2025-11-14 23:33:22,271][src.models.modules.semantic_id.tiger_generation_model][INFO] - [rank: 0] 使用分块生成策略，num_hierarchies=10
[2025-11-14 23:33:22,814][src.models.modules.semantic_id.tiger_generation_model][INFO] - [rank: 0] 使用分块生成策略，num_hierarchies=10
[2025-11-14 23:33:23,379][src.models.modules.semantic_id.tiger_generation_model][INFO] - [rank: 0] 使用分块生成策略，num_hierarchies=10
[2025-11-14 23:33:23,958][src.models.modules.semantic_id.tiger_generation_model][INFO] - [rank: 0] 使用分块生成策略，num_hierarchies=10
[2025-11-14 23:33:24,532][src.models.modules.semantic_id.tiger_generation_model][INFO] - [rank: 0] 使用分块生成策略，num_hierarchies=10
[2025-11-14 23:33:25,108][src.models.modules.semantic_id.tiger_generation_model][INFO] - [rank: 0] 使用分块生成策略，num_hierarchies=10
[2025-11-14 23:33:25,707][src.models.modules.semantic_id.tiger_generation_model][INFO] - [rank: 0] 使用分块生成策略，num_hierarchies=10
[2025-11-14 23:33:26,275][src.models.modules.semantic_id.tiger_generation_model][INFO] - [rank: 0] 使用分块生成策略，num_hierarchies=10
[2025-11-14 23:33:26,889][src.models.modules.semantic_id.tiger_generation_model][INFO] - [rank: 0] 使用分块生成策略，num_hierarchies=10
[2025-11-14 23:33:27,441][src.models.modules.semantic_id.tiger_generation_model][INFO] - [rank: 0] 使用分块生成策略，num_hierarchies=10
[2025-11-14 23:33:28,033][src.models.modules.semantic_id.tiger_generation_model][INFO] - [rank: 0] 使用分块生成策略，num_hierarchies=10
[2025-11-14 23:33:28,646][src.models.modules.semantic_id.tiger_generation_model][INFO] - [rank: 0] 使用分块生成策略，num_hierarchies=10
[2025-11-14 23:33:29,218][src.models.modules.semantic_id.tiger_generation_model][INFO] - [rank: 0] 使用分块生成策略，num_hierarchies=10
[2025-11-14 23:33:29,792][src.models.modules.semantic_id.tiger_generation_model][INFO] - [rank: 0] 使用分块生成策略，num_hierarchies=10
[2025-11-14 23:33:30,344][src.models.modules.semantic_id.tiger_generation_model][INFO] - [rank: 0] 使用分块生成策略，num_hierarchies=10
[2025-11-14 23:33:30,903][src.models.modules.semantic_id.tiger_generation_model][INFO] - [rank: 0] 使用分块生成策略，num_hierarchies=10
[2025-11-14 23:33:31,455][src.models.modules.semantic_id.tiger_generation_model][INFO] - [rank: 0] 使用分块生成策略，num_hierarchies=10
[2025-11-14 23:33:31,994][src.models.modules.semantic_id.tiger_generation_model][INFO] - [rank: 0] 使用分块生成策略，num_hierarchies=10
[2025-11-14 23:33:32,563][src.models.modules.semantic_id.tiger_generation_model][INFO] - [rank: 0] 使用分块生成策略，num_hierarchies=10
[2025-11-14 23:33:33,100][src.models.modules.semantic_id.tiger_generation_model][INFO] - [rank: 0] 使用分块生成策略，num_hierarchies=10
[2025-11-14 23:33:33,657][src.models.modules.semantic_id.tiger_generation_model][INFO] - [rank: 0] 使用分块生成策略，num_hierarchies=10
[2025-11-14 23:33:34,216][src.models.modules.semantic_id.tiger_generation_model][INFO] - [rank: 0] 使用分块生成策略，num_hierarchies=10
[2025-11-14 23:33:34,799][src.models.modules.semantic_id.tiger_generation_model][INFO] - [rank: 0] 使用分块生成策略，num_hierarchies=10
[2025-11-14 23:33:35,350][src.models.modules.semantic_id.tiger_generation_model][INFO] - [rank: 0] 使用分块生成策略，num_hierarchies=10
[2025-11-14 23:33:35,915][src.models.modules.semantic_id.tiger_generation_model][INFO] - [rank: 0] 使用分块生成策略，num_hierarchies=10
[2025-11-14 23:33:36,471][src.models.modules.semantic_id.tiger_generation_model][INFO] - [rank: 0] 使用分块生成策略，num_hierarchies=10
[2025-11-14 23:33:37,038][src.models.modules.semantic_id.tiger_generation_model][INFO] - [rank: 0] 使用分块生成策略，num_hierarchies=10
[2025-11-14 23:33:37,588][src.models.modules.semantic_id.tiger_generation_model][INFO] - [rank: 0] 使用分块生成策略，num_hierarchies=10
[2025-11-14 23:33:38,167][src.models.modules.semantic_id.tiger_generation_model][INFO] - [rank: 0] 使用分块生成策略，num_hierarchies=10
[2025-11-14 23:33:38,745][src.models.modules.semantic_id.tiger_generation_model][INFO] - [rank: 0] 使用分块生成策略，num_hierarchies=10
[2025-11-14 23:33:39,316][src.models.modules.semantic_id.tiger_generation_model][INFO] - [rank: 0] 使用分块生成策略，num_hierarchies=10
[2025-11-14 23:33:39,913][src.models.modules.semantic_id.tiger_generation_model][INFO] - [rank: 0] 使用分块生成策略，num_hierarchies=10
[2025-11-14 23:33:40,518][src.models.modules.semantic_id.tiger_generation_model][INFO] - [rank: 0] 使用分块生成策略，num_hierarchies=10
[2025-11-14 23:33:41,107][src.models.modules.semantic_id.tiger_generation_model][INFO] - [rank: 0] 使用分块生成策略，num_hierarchies=10
[2025-11-14 23:33:41,695][src.models.modules.semantic_id.tiger_generation_model][INFO] - [rank: 0] 使用分块生成策略，num_hierarchies=10
[2025-11-14 23:33:42,311][src.models.modules.semantic_id.tiger_generation_model][INFO] - [rank: 0] 使用分块生成策略，num_hierarchies=10
[2025-11-14 23:33:42,937][src.models.modules.semantic_id.tiger_generation_model][INFO] - [rank: 0] 使用分块生成策略，num_hierarchies=10
[2025-11-14 23:33:43,543][src.models.modules.semantic_id.tiger_generation_model][INFO] - [rank: 0] 使用分块生成策略，num_hierarchies=10
[2025-11-14 23:33:44,126][src.models.modules.semantic_id.tiger_generation_model][INFO] - [rank: 0] 使用分块生成策略，num_hierarchies=10
[2025-11-14 23:33:44,649][src.models.modules.semantic_id.tiger_generation_model][INFO] - [rank: 0] 使用分块生成策略，num_hierarchies=10
[2025-11-14 23:33:45,240][src.models.modules.semantic_id.tiger_generation_model][INFO] - [rank: 0] 使用分块生成策略，num_hierarchies=10
[2025-11-14 23:33:45,837][src.models.modules.semantic_id.tiger_generation_model][INFO] - [rank: 0] 使用分块生成策略，num_hierarchies=10
[2025-11-14 23:33:46,439][src.models.modules.semantic_id.tiger_generation_model][INFO] - [rank: 0] 使用分块生成策略，num_hierarchies=10
[2025-11-14 23:33:47,037][src.models.modules.semantic_id.tiger_generation_model][INFO] - [rank: 0] 使用分块生成策略，num_hierarchies=10
[2025-11-14 23:33:47,635][src.models.modules.semantic_id.tiger_generation_model][INFO] - [rank: 0] 使用分块生成策略，num_hierarchies=10
[2025-11-14 23:33:48,248][src.models.modules.semantic_id.tiger_generation_model][INFO] - [rank: 0] 使用分块生成策略，num_hierarchies=10
[2025-11-14 23:33:48,884][src.models.modules.semantic_id.tiger_generation_model][INFO] - [rank: 0] 使用分块生成策略，num_hierarchies=10
[2025-11-14 23:33:49,474][src.models.modules.semantic_id.tiger_generation_model][INFO] - [rank: 0] 使用分块生成策略，num_hierarchies=10
[2025-11-14 23:33:50,076][src.models.modules.semantic_id.tiger_generation_model][INFO] - [rank: 0] 使用分块生成策略，num_hierarchies=10
[2025-11-14 23:33:50,681][src.models.modules.semantic_id.tiger_generation_model][INFO] - [rank: 0] 使用分块生成策略，num_hierarchies=10
[2025-11-14 23:33:51,298][src.models.modules.semantic_id.tiger_generation_model][INFO] - [rank: 0] 使用分块生成策略，num_hierarchies=10
[2025-11-14 23:33:51,855][src.models.modules.semantic_id.tiger_generation_model][INFO] - [rank: 0] 使用分块生成策略，num_hierarchies=10
[2025-11-14 23:33:52,442][src.models.modules.semantic_id.tiger_generation_model][INFO] - [rank: 0] 使用分块生成策略，num_hierarchies=10
[2025-11-14 23:33:53,040][src.models.modules.semantic_id.tiger_generation_model][INFO] - [rank: 0] 使用分块生成策略，num_hierarchies=10
[2025-11-14 23:33:53,630][src.models.modules.semantic_id.tiger_generation_model][INFO] - [rank: 0] 使用分块生成策略，num_hierarchies=10
[2025-11-14 23:33:54,226][src.models.modules.semantic_id.tiger_generation_model][INFO] - [rank: 0] 使用分块生成策略，num_hierarchies=10
[2025-11-14 23:33:54,814][src.models.modules.semantic_id.tiger_generation_model][INFO] - [rank: 0] 使用分块生成策略，num_hierarchies=10
[2025-11-14 23:33:55,423][src.models.modules.semantic_id.tiger_generation_model][INFO] - [rank: 0] 使用分块生成策略，num_hierarchies=10
[2025-11-14 23:33:56,023][src.models.modules.semantic_id.tiger_generation_model][INFO] - [rank: 0] 使用分块生成策略，num_hierarchies=10
[2025-11-14 23:33:56,646][src.models.modules.semantic_id.tiger_generation_model][INFO] - [rank: 0] 使用分块生成策略，num_hierarchies=10
[2025-11-14 23:33:57,240][src.models.modules.semantic_id.tiger_generation_model][INFO] - [rank: 0] 使用分块生成策略，num_hierarchies=10
[2025-11-14 23:33:57,841][src.models.modules.semantic_id.tiger_generation_model][INFO] - [rank: 0] 使用分块生成策略，num_hierarchies=10
[2025-11-14 23:33:58,454][src.models.modules.semantic_id.tiger_generation_model][INFO] - [rank: 0] 使用分块生成策略，num_hierarchies=10
[2025-11-14 23:33:59,058][src.models.modules.semantic_id.tiger_generation_model][INFO] - [rank: 0] 使用分块生成策略，num_hierarchies=10
[2025-11-14 23:33:59,668][src.models.modules.semantic_id.tiger_generation_model][INFO] - [rank: 0] 使用分块生成策略，num_hierarchies=10
[2025-11-14 23:34:00,234][src.models.modules.semantic_id.tiger_generation_model][INFO] - [rank: 0] 使用分块生成策略，num_hierarchies=10
[2025-11-14 23:34:00,841][src.models.modules.semantic_id.tiger_generation_model][INFO] - [rank: 0] 使用分块生成策略，num_hierarchies=10
[2025-11-14 23:34:01,437][src.models.modules.semantic_id.tiger_generation_model][INFO] - [rank: 0] 使用分块生成策略，num_hierarchies=10
[2025-11-14 23:34:02,016][src.models.modules.semantic_id.tiger_generation_model][INFO] - [rank: 0] 使用分块生成策略，num_hierarchies=10
[2025-11-14 23:34:02,571][src.models.modules.semantic_id.tiger_generation_model][INFO] - [rank: 0] 使用分块生成策略，num_hierarchies=10
[2025-11-14 23:34:03,139][src.models.modules.semantic_id.tiger_generation_model][INFO] - [rank: 0] 使用分块生成策略，num_hierarchies=10
[2025-11-14 23:34:03,685][src.models.modules.semantic_id.tiger_generation_model][INFO] - [rank: 0] 使用分块生成策略，num_hierarchies=10
[2025-11-14 23:34:04,247][src.models.modules.semantic_id.tiger_generation_model][INFO] - [rank: 0] 使用分块生成策略，num_hierarchies=10
[2025-11-14 23:34:04,817][src.models.modules.semantic_id.tiger_generation_model][INFO] - [rank: 0] 使用分块生成策略，num_hierarchies=10
[2025-11-14 23:34:05,336][src.models.modules.semantic_id.tiger_generation_model][INFO] - [rank: 0] 使用分块生成策略，num_hierarchies=10
[2025-11-14 23:34:05,913][src.models.modules.semantic_id.tiger_generation_model][INFO] - [rank: 0] 使用分块生成策略，num_hierarchies=10
[2025-11-14 23:34:06,501][src.models.modules.semantic_id.tiger_generation_model][INFO] - [rank: 0] 使用分块生成策略，num_hierarchies=10
[2025-11-14 23:34:07,092][src.models.modules.semantic_id.tiger_generation_model][INFO] - [rank: 0] 使用分块生成策略，num_hierarchies=10
[2025-11-14 23:34:07,650][src.models.modules.semantic_id.tiger_generation_model][INFO] - [rank: 0] 使用分块生成策略，num_hierarchies=10
[2025-11-14 23:34:08,211][src.models.modules.semantic_id.tiger_generation_model][INFO] - [rank: 0] 使用分块生成策略，num_hierarchies=10
[2025-11-14 23:34:08,786][src.models.modules.semantic_id.tiger_generation_model][INFO] - [rank: 0] 使用分块生成策略，num_hierarchies=10
[2025-11-14 23:34:09,407][src.models.modules.semantic_id.tiger_generation_model][INFO] - [rank: 0] 使用分块生成策略，num_hierarchies=10
[2025-11-14 23:34:09,995][src.models.modules.semantic_id.tiger_generation_model][INFO] - [rank: 0] 使用分块生成策略，num_hierarchies=10
[2025-11-14 23:34:10,556][src.models.modules.semantic_id.tiger_generation_model][INFO] - [rank: 0] 使用分块生成策略，num_hierarchies=10
[2025-11-14 23:34:11,157][src.models.modules.semantic_id.tiger_generation_model][INFO] - [rank: 0] 使用分块生成策略，num_hierarchies=10
[2025-11-14 23:34:11,750][src.models.modules.semantic_id.tiger_generation_model][INFO] - [rank: 0] 使用分块生成策略，num_hierarchies=10
[2025-11-14 23:34:12,336][src.models.modules.semantic_id.tiger_generation_model][INFO] - [rank: 0] 使用分块生成策略，num_hierarchies=10
[2025-11-14 23:34:12,929][src.models.modules.semantic_id.tiger_generation_model][INFO] - [rank: 0] 使用分块生成策略，num_hierarchies=10
[2025-11-14 23:34:13,527][src.models.modules.semantic_id.tiger_generation_model][INFO] - [rank: 0] 使用分块生成策略，num_hierarchies=10
[2025-11-14 23:34:14,139][src.models.modules.semantic_id.tiger_generation_model][INFO] - [rank: 0] 使用分块生成策略，num_hierarchies=10
[2025-11-14 23:34:14,753][src.models.modules.semantic_id.tiger_generation_model][INFO] - [rank: 0] 使用分块生成策略，num_hierarchies=10
[2025-11-14 23:34:15,364][src.models.modules.semantic_id.tiger_generation_model][INFO] - [rank: 0] 使用分块生成策略，num_hierarchies=10
[2025-11-14 23:34:15,962][src.models.modules.semantic_id.tiger_generation_model][INFO] - [rank: 0] 使用分块生成策略，num_hierarchies=10
[2025-11-14 23:34:16,556][src.models.modules.semantic_id.tiger_generation_model][INFO] - [rank: 0] 使用分块生成策略，num_hierarchies=10
[2025-11-14 23:34:17,174][src.models.modules.semantic_id.tiger_generation_model][INFO] - [rank: 0] 使用分块生成策略，num_hierarchies=10
[2025-11-14 23:34:17,775][src.models.modules.semantic_id.tiger_generation_model][INFO] - [rank: 0] 使用分块生成策略，num_hierarchies=10
[2025-11-14 23:34:18,332][src.models.modules.semantic_id.tiger_generation_model][INFO] - [rank: 0] 使用分块生成策略，num_hierarchies=10
[2025-11-14 23:34:18,911][src.models.modules.semantic_id.tiger_generation_model][INFO] - [rank: 0] 使用分块生成策略，num_hierarchies=10
[2025-11-14 23:34:19,480][src.models.modules.semantic_id.tiger_generation_model][INFO] - [rank: 0] 使用分块生成策略，num_hierarchies=10
[2025-11-14 23:34:20,042][src.models.modules.semantic_id.tiger_generation_model][INFO] - [rank: 0] 使用分块生成策略，num_hierarchies=10
[2025-11-14 23:34:20,596][src.models.modules.semantic_id.tiger_generation_model][INFO] - [rank: 0] 使用分块生成策略，num_hierarchies=10
[2025-11-14 23:34:21,178][src.models.modules.semantic_id.tiger_generation_model][INFO] - [rank: 0] 使用分块生成策略，num_hierarchies=10
[2025-11-14 23:34:21,761][src.models.modules.semantic_id.tiger_generation_model][INFO] - [rank: 0] 使用分块生成策略，num_hierarchies=10
[2025-11-14 23:34:22,324][src.models.modules.semantic_id.tiger_generation_model][INFO] - [rank: 0] 使用分块生成策略，num_hierarchies=10
[2025-11-14 23:34:22,861][src.models.modules.semantic_id.tiger_generation_model][INFO] - [rank: 0] 使用分块生成策略，num_hierarchies=10
[2025-11-14 23:34:23,461][src.models.modules.semantic_id.tiger_generation_model][INFO] - [rank: 0] 使用分块生成策略，num_hierarchies=10
[2025-11-14 23:34:24,023][src.models.modules.semantic_id.tiger_generation_model][INFO] - [rank: 0] 使用分块生成策略，num_hierarchies=10
[2025-11-14 23:34:24,577][src.models.modules.semantic_id.tiger_generation_model][INFO] - [rank: 0] 使用分块生成策略，num_hierarchies=10
[2025-11-14 23:34:25,136][src.models.modules.semantic_id.tiger_generation_model][INFO] - [rank: 0] 使用分块生成策略，num_hierarchies=10
[2025-11-14 23:34:25,715][src.models.modules.semantic_id.tiger_generation_model][INFO] - [rank: 0] 使用分块生成策略，num_hierarchies=10
[2025-11-14 23:34:26,306][src.models.modules.semantic_id.tiger_generation_model][INFO] - [rank: 0] 使用分块生成策略，num_hierarchies=10
[2025-11-14 23:34:26,905][src.models.modules.semantic_id.tiger_generation_model][INFO] - [rank: 0] 使用分块生成策略，num_hierarchies=10
[2025-11-14 23:34:27,505][src.models.modules.semantic_id.tiger_generation_model][INFO] - [rank: 0] 使用分块生成策略，num_hierarchies=10
[2025-11-14 23:34:28,124][src.models.modules.semantic_id.tiger_generation_model][INFO] - [rank: 0] 使用分块生成策略，num_hierarchies=10
[2025-11-14 23:34:28,719][src.models.modules.semantic_id.tiger_generation_model][INFO] - [rank: 0] 使用分块生成策略，num_hierarchies=10
[2025-11-14 23:34:29,331][src.models.modules.semantic_id.tiger_generation_model][INFO] - [rank: 0] 使用分块生成策略，num_hierarchies=10
[2025-11-14 23:34:29,950][src.models.modules.semantic_id.tiger_generation_model][INFO] - [rank: 0] 使用分块生成策略，num_hierarchies=10
[2025-11-14 23:34:30,575][src.models.modules.semantic_id.tiger_generation_model][INFO] - [rank: 0] 使用分块生成策略，num_hierarchies=10
[2025-11-14 23:34:31,171][src.models.modules.semantic_id.tiger_generation_model][INFO] - [rank: 0] 使用分块生成策略，num_hierarchies=10
[2025-11-14 23:34:31,780][src.models.modules.semantic_id.tiger_generation_model][INFO] - [rank: 0] 使用分块生成策略，num_hierarchies=10
[2025-11-14 23:34:32,378][src.models.modules.semantic_id.tiger_generation_model][INFO] - [rank: 0] 使用分块生成策略，num_hierarchies=10
[2025-11-14 23:34:32,976][src.models.modules.semantic_id.tiger_generation_model][INFO] - [rank: 0] 使用分块生成策略，num_hierarchies=10
[2025-11-14 23:34:33,576][src.models.modules.semantic_id.tiger_generation_model][INFO] - [rank: 0] 使用分块生成策略，num_hierarchies=10
[2025-11-14 23:34:34,162][src.models.modules.semantic_id.tiger_generation_model][INFO] - [rank: 0] 使用分块生成策略，num_hierarchies=10
[2025-11-14 23:34:34,751][src.models.modules.semantic_id.tiger_generation_model][INFO] - [rank: 0] 使用分块生成策略，num_hierarchies=10
[2025-11-14 23:34:35,346][src.models.modules.semantic_id.tiger_generation_model][INFO] - [rank: 0] 使用分块生成策略，num_hierarchies=10
[2025-11-14 23:34:35,906][src.models.modules.semantic_id.tiger_generation_model][INFO] - [rank: 0] 使用分块生成策略，num_hierarchies=10
[2025-11-14 23:34:36,512][src.models.modules.semantic_id.tiger_generation_model][INFO] - [rank: 0] 使用分块生成策略，num_hierarchies=10
[2025-11-14 23:34:37,116][src.models.modules.semantic_id.tiger_generation_model][INFO] - [rank: 0] 使用分块生成策略，num_hierarchies=10
[2025-11-14 23:34:37,712][src.models.modules.semantic_id.tiger_generation_model][INFO] - [rank: 0] 使用分块生成策略，num_hierarchies=10
[2025-11-14 23:34:38,328][src.models.modules.semantic_id.tiger_generation_model][INFO] - [rank: 0] 使用分块生成策略，num_hierarchies=10
[2025-11-14 23:34:38,907][src.models.modules.semantic_id.tiger_generation_model][INFO] - [rank: 0] 使用分块生成策略，num_hierarchies=10
[2025-11-14 23:34:39,505][src.models.modules.semantic_id.tiger_generation_model][INFO] - [rank: 0] 使用分块生成策略，num_hierarchies=10
[2025-11-14 23:34:40,075][src.models.modules.semantic_id.tiger_generation_model][INFO] - [rank: 0] 使用分块生成策略，num_hierarchies=10
[2025-11-14 23:34:40,628][src.models.modules.semantic_id.tiger_generation_model][INFO] - [rank: 0] 使用分块生成策略，num_hierarchies=10
[2025-11-14 23:34:41,186][src.models.modules.semantic_id.tiger_generation_model][INFO] - [rank: 0] 使用分块生成策略，num_hierarchies=10
[2025-11-14 23:34:41,731][src.models.modules.semantic_id.tiger_generation_model][INFO] - [rank: 0] 使用分块生成策略，num_hierarchies=10
[2025-11-14 23:34:42,258][src.models.modules.semantic_id.tiger_generation_model][INFO] - [rank: 0] 使用分块生成策略，num_hierarchies=10
[2025-11-14 23:34:42,805][src.models.modules.semantic_id.tiger_generation_model][INFO] - [rank: 0] 使用分块生成策略，num_hierarchies=10
[2025-11-14 23:34:43,356][src.models.modules.semantic_id.tiger_generation_model][INFO] - [rank: 0] 使用分块生成策略，num_hierarchies=10
[2025-11-14 23:34:43,895][src.models.modules.semantic_id.tiger_generation_model][INFO] - [rank: 0] 使用分块生成策略，num_hierarchies=10
[2025-11-14 23:34:44,447][src.models.modules.semantic_id.tiger_generation_model][INFO] - [rank: 0] 使用分块生成策略，num_hierarchies=10
[2025-11-14 23:34:45,007][src.models.modules.semantic_id.tiger_generation_model][INFO] - [rank: 0] 使用分块生成策略，num_hierarchies=10
[2025-11-14 23:34:45,578][src.models.modules.semantic_id.tiger_generation_model][INFO] - [rank: 0] 使用分块生成策略，num_hierarchies=10
[2025-11-14 23:34:46,134][src.models.modules.semantic_id.tiger_generation_model][INFO] - [rank: 0] 使用分块生成策略，num_hierarchies=10
[2025-11-14 23:34:46,701][src.models.modules.semantic_id.tiger_generation_model][INFO] - [rank: 0] 使用分块生成策略，num_hierarchies=10
[2025-11-14 23:34:47,284][src.models.modules.semantic_id.tiger_generation_model][INFO] - [rank: 0] 使用分块生成策略，num_hierarchies=10
[2025-11-14 23:34:47,860][src.models.modules.semantic_id.tiger_generation_model][INFO] - [rank: 0] 使用分块生成策略，num_hierarchies=10
[2025-11-14 23:34:48,430][src.models.modules.semantic_id.tiger_generation_model][INFO] - [rank: 0] 使用分块生成策略，num_hierarchies=10
[2025-11-14 23:34:48,992][src.models.modules.semantic_id.tiger_generation_model][INFO] - [rank: 0] 使用分块生成策略，num_hierarchies=10
[2025-11-14 23:34:49,542][src.models.modules.semantic_id.tiger_generation_model][INFO] - [rank: 0] 使用分块生成策略，num_hierarchies=10
[2025-11-14 23:34:50,170][src.models.modules.semantic_id.tiger_generation_model][INFO] - [rank: 0] 使用分块生成策略，num_hierarchies=10
[2025-11-14 23:34:50,715][src.models.modules.semantic_id.tiger_generation_model][INFO] - [rank: 0] 使用分块生成策略，num_hierarchies=10
[2025-11-14 23:34:51,257][src.models.modules.semantic_id.tiger_generation_model][INFO] - [rank: 0] 使用分块生成策略，num_hierarchies=10
[2025-11-14 23:34:51,809][src.models.modules.semantic_id.tiger_generation_model][INFO] - [rank: 0] 使用分块生成策略，num_hierarchies=10
[2025-11-14 23:34:52,344][src.models.modules.semantic_id.tiger_generation_model][INFO] - [rank: 0] 使用分块生成策略，num_hierarchies=10
[2025-11-14 23:34:52,930][src.models.modules.semantic_id.tiger_generation_model][INFO] - [rank: 0] 使用分块生成策略，num_hierarchies=10
[2025-11-14 23:34:53,553][src.models.modules.semantic_id.tiger_generation_model][INFO] - [rank: 0] 使用分块生成策略，num_hierarchies=10
[2025-11-14 23:34:54,165][src.models.modules.semantic_id.tiger_generation_model][INFO] - [rank: 0] 使用分块生成策略，num_hierarchies=10
[2025-11-14 23:34:54,781][src.models.modules.semantic_id.tiger_generation_model][INFO] - [rank: 0] 使用分块生成策略，num_hierarchies=10
[2025-11-14 23:34:55,370][src.models.modules.semantic_id.tiger_generation_model][INFO] - [rank: 0] 使用分块生成策略，num_hierarchies=10
[2025-11-14 23:34:56,021][src.models.modules.semantic_id.tiger_generation_model][INFO] - [rank: 0] 使用分块生成策略，num_hierarchies=10
[2025-11-14 23:34:56,675][src.models.modules.semantic_id.tiger_generation_model][INFO] - [rank: 0] 使用分块生成策略，num_hierarchies=10
[2025-11-14 23:34:57,308][src.models.modules.semantic_id.tiger_generation_model][INFO] - [rank: 0] 使用分块生成策略，num_hierarchies=10
[2025-11-14 23:34:57,948][src.models.modules.semantic_id.tiger_generation_model][INFO] - [rank: 0] 使用分块生成策略，num_hierarchies=10
[2025-11-14 23:34:58,585][src.models.modules.semantic_id.tiger_generation_model][INFO] - [rank: 0] 使用分块生成策略，num_hierarchies=10
[2025-11-14 23:34:59,197][src.models.modules.semantic_id.tiger_generation_model][INFO] - [rank: 0] 使用分块生成策略，num_hierarchies=10
[2025-11-14 23:34:59,783][src.models.modules.semantic_id.tiger_generation_model][INFO] - [rank: 0] 使用分块生成策略，num_hierarchies=10
[2025-11-14 23:35:00,382][src.models.modules.semantic_id.tiger_generation_model][INFO] - [rank: 0] 使用分块生成策略，num_hierarchies=10
[2025-11-14 23:35:00,988][src.models.modules.semantic_id.tiger_generation_model][INFO] - [rank: 0] 使用分块生成策略，num_hierarchies=10
[2025-11-14 23:35:01,600][src.models.modules.semantic_id.tiger_generation_model][INFO] - [rank: 0] 使用分块生成策略，num_hierarchies=10
[2025-11-14 23:35:02,205][src.models.modules.semantic_id.tiger_generation_model][INFO] - [rank: 0] 使用分块生成策略，num_hierarchies=10
[2025-11-14 23:35:02,862][src.models.modules.semantic_id.tiger_generation_model][INFO] - [rank: 0] 使用分块生成策略，num_hierarchies=10
[2025-11-14 23:35:03,444][src.models.modules.semantic_id.tiger_generation_model][INFO] - [rank: 0] 使用分块生成策略，num_hierarchies=10
[2025-11-14 23:35:04,073][src.models.modules.semantic_id.tiger_generation_model][INFO] - [rank: 0] 使用分块生成策略，num_hierarchies=10
[2025-11-14 23:35:04,676][src.models.modules.semantic_id.tiger_generation_model][INFO] - [rank: 0] 使用分块生成策略，num_hierarchies=10
[2025-11-14 23:35:05,297][src.models.modules.semantic_id.tiger_generation_model][INFO] - [rank: 0] 使用分块生成策略，num_hierarchies=10
[2025-11-14 23:35:05,922][src.models.modules.semantic_id.tiger_generation_model][INFO] - [rank: 0] 使用分块生成策略，num_hierarchies=10
[2025-11-14 23:35:06,522][src.models.modules.semantic_id.tiger_generation_model][INFO] - [rank: 0] 使用分块生成策略，num_hierarchies=10
[2025-11-14 23:35:07,099][src.models.modules.semantic_id.tiger_generation_model][INFO] - [rank: 0] 使用分块生成策略，num_hierarchies=10
[2025-11-14 23:35:07,646][src.models.modules.semantic_id.tiger_generation_model][INFO] - [rank: 0] 使用分块生成策略，num_hierarchies=10
[2025-11-14 23:35:08,206][src.models.modules.semantic_id.tiger_generation_model][INFO] - [rank: 0] 使用分块生成策略，num_hierarchies=10
[2025-11-14 23:35:08,730][src.models.modules.semantic_id.tiger_generation_model][INFO] - [rank: 0] 使用分块生成策略，num_hierarchies=10
[2025-11-14 23:35:09,312][src.models.modules.semantic_id.tiger_generation_model][INFO] - [rank: 0] 使用分块生成策略，num_hierarchies=10
[2025-11-14 23:35:09,851][src.models.modules.semantic_id.tiger_generation_model][INFO] - [rank: 0] 使用分块生成策略，num_hierarchies=10
[2025-11-14 23:35:10,400][src.models.modules.semantic_id.tiger_generation_model][INFO] - [rank: 0] 使用分块生成策略，num_hierarchies=10
[2025-11-14 23:35:10,938][src.models.modules.semantic_id.tiger_generation_model][INFO] - [rank: 0] 使用分块生成策略，num_hierarchies=10
[2025-11-14 23:35:11,482][src.models.modules.semantic_id.tiger_generation_model][INFO] - [rank: 0] 使用分块生成策略，num_hierarchies=10
[2025-11-14 23:35:12,071][src.models.modules.semantic_id.tiger_generation_model][INFO] - [rank: 0] 使用分块生成策略，num_hierarchies=10
[2025-11-14 23:35:12,649][src.models.modules.semantic_id.tiger_generation_model][INFO] - [rank: 0] 使用分块生成策略，num_hierarchies=10
[2025-11-14 23:35:13,226][src.models.modules.semantic_id.tiger_generation_model][INFO] - [rank: 0] 使用分块生成策略，num_hierarchies=10
[2025-11-14 23:35:13,822][src.models.modules.semantic_id.tiger_generation_model][INFO] - [rank: 0] 使用分块生成策略，num_hierarchies=10
[2025-11-14 23:35:14,456][src.models.modules.semantic_id.tiger_generation_model][INFO] - [rank: 0] 使用分块生成策略，num_hierarchies=10
[2025-11-14 23:35:15,045][src.models.modules.semantic_id.tiger_generation_model][INFO] - [rank: 0] 使用分块生成策略，num_hierarchies=10
[2025-11-14 23:35:15,593][src.models.modules.semantic_id.tiger_generation_model][INFO] - [rank: 0] 使用分块生成策略，num_hierarchies=10
[2025-11-14 23:35:16,163][src.models.modules.semantic_id.tiger_generation_model][INFO] - [rank: 0] 使用分块生成策略，num_hierarchies=10
[2025-11-14 23:35:16,743][src.models.modules.semantic_id.tiger_generation_model][INFO] - [rank: 0] 使用分块生成策略，num_hierarchies=10
[2025-11-14 23:35:17,325][src.models.modules.semantic_id.tiger_generation_model][INFO] - [rank: 0] 使用分块生成策略，num_hierarchies=10
[2025-11-14 23:35:17,890][src.models.modules.semantic_id.tiger_generation_model][INFO] - [rank: 0] 使用分块生成策略，num_hierarchies=10
[2025-11-14 23:35:18,517][src.models.modules.semantic_id.tiger_generation_model][INFO] - [rank: 0] 使用分块生成策略，num_hierarchies=10
[2025-11-14 23:35:19,120][src.models.modules.semantic_id.tiger_generation_model][INFO] - [rank: 0] 使用分块生成策略，num_hierarchies=10
[2025-11-14 23:35:19,706][src.models.modules.semantic_id.tiger_generation_model][INFO] - [rank: 0] 使用分块生成策略，num_hierarchies=10
[2025-11-14 23:35:20,256][src.models.modules.semantic_id.tiger_generation_model][INFO] - [rank: 0] 使用分块生成策略，num_hierarchies=10
[2025-11-14 23:35:20,868][src.models.modules.semantic_id.tiger_generation_model][INFO] - [rank: 0] 使用分块生成策略，num_hierarchies=10
[2025-11-14 23:35:21,433][src.models.modules.semantic_id.tiger_generation_model][INFO] - [rank: 0] 使用分块生成策略，num_hierarchies=10
[2025-11-14 23:35:22,019][src.models.modules.semantic_id.tiger_generation_model][INFO] - [rank: 0] 使用分块生成策略，num_hierarchies=10
[2025-11-14 23:35:22,597][src.models.modules.semantic_id.tiger_generation_model][INFO] - [rank: 0] 使用分块生成策略，num_hierarchies=10
[2025-11-14 23:35:23,162][src.models.modules.semantic_id.tiger_generation_model][INFO] - [rank: 0] 使用分块生成策略，num_hierarchies=10
[2025-11-14 23:35:23,729][src.models.modules.semantic_id.tiger_generation_model][INFO] - [rank: 0] 使用分块生成策略，num_hierarchies=10
[2025-11-14 23:35:24,354][src.models.modules.semantic_id.tiger_generation_model][INFO] - [rank: 0] 使用分块生成策略，num_hierarchies=10
[2025-11-14 23:35:24,944][src.models.modules.semantic_id.tiger_generation_model][INFO] - [rank: 0] 使用分块生成策略，num_hierarchies=10
[2025-11-14 23:35:25,527][src.models.modules.semantic_id.tiger_generation_model][INFO] - [rank: 0] 使用分块生成策略，num_hierarchies=10
[2025-11-14 23:35:26,083][src.models.modules.semantic_id.tiger_generation_model][INFO] - [rank: 0] 使用分块生成策略，num_hierarchies=10
[2025-11-14 23:35:26,657][src.models.modules.semantic_id.tiger_generation_model][INFO] - [rank: 0] 使用分块生成策略，num_hierarchies=10
[2025-11-14 23:35:27,177][src.models.modules.semantic_id.tiger_generation_model][INFO] - [rank: 0] 使用分块生成策略，num_hierarchies=10
[2025-11-14 23:35:27,750][src.models.modules.semantic_id.tiger_generation_model][INFO] - [rank: 0] 使用分块生成策略，num_hierarchies=10
[2025-11-14 23:35:28,335][src.models.modules.semantic_id.tiger_generation_model][INFO] - [rank: 0] 使用分块生成策略，num_hierarchies=10
[2025-11-14 23:35:28,917][src.models.modules.semantic_id.tiger_generation_model][INFO] - [rank: 0] 使用分块生成策略，num_hierarchies=10
[2025-11-14 23:35:29,517][src.models.modules.semantic_id.tiger_generation_model][INFO] - [rank: 0] 使用分块生成策略，num_hierarchies=10
[2025-11-14 23:35:30,079][src.models.modules.semantic_id.tiger_generation_model][INFO] - [rank: 0] 使用分块生成策略，num_hierarchies=10
[2025-11-14 23:35:30,663][src.models.modules.semantic_id.tiger_generation_model][INFO] - [rank: 0] 使用分块生成策略，num_hierarchies=10
[2025-11-14 23:35:31,265][src.models.modules.semantic_id.tiger_generation_model][INFO] - [rank: 0] 使用分块生成策略，num_hierarchies=10
[2025-11-14 23:35:31,858][src.models.modules.semantic_id.tiger_generation_model][INFO] - [rank: 0] 使用分块生成策略，num_hierarchies=10
[2025-11-14 23:35:32,428][src.models.modules.semantic_id.tiger_generation_model][INFO] - [rank: 0] 使用分块生成策略，num_hierarchies=10
[2025-11-14 23:35:33,015][src.models.modules.semantic_id.tiger_generation_model][INFO] - [rank: 0] 使用分块生成策略，num_hierarchies=10
[2025-11-14 23:35:33,589][src.models.modules.semantic_id.tiger_generation_model][INFO] - [rank: 0] 使用分块生成策略，num_hierarchies=10
[2025-11-14 23:35:34,117][src.models.modules.semantic_id.tiger_generation_model][INFO] - [rank: 0] 使用分块生成策略，num_hierarchies=10
[2025-11-14 23:35:34,696][src.models.modules.semantic_id.tiger_generation_model][INFO] - [rank: 0] 使用分块生成策略，num_hierarchies=10
[2025-11-14 23:35:35,253][src.models.modules.semantic_id.tiger_generation_model][INFO] - [rank: 0] 使用分块生成策略，num_hierarchies=10
[2025-11-14 23:35:35,841][src.models.modules.semantic_id.tiger_generation_model][INFO] - [rank: 0] 使用分块生成策略，num_hierarchies=10
[2025-11-14 23:35:36,415][src.models.modules.semantic_id.tiger_generation_model][INFO] - [rank: 0] 使用分块生成策略，num_hierarchies=10
[2025-11-14 23:35:37,011][src.models.modules.semantic_id.tiger_generation_model][INFO] - [rank: 0] 使用分块生成策略，num_hierarchies=10
[2025-11-14 23:35:37,580][src.models.modules.semantic_id.tiger_generation_model][INFO] - [rank: 0] 使用分块生成策略，num_hierarchies=10
[2025-11-14 23:35:38,166][src.models.modules.semantic_id.tiger_generation_model][INFO] - [rank: 0] 使用分块生成策略，num_hierarchies=10
[2025-11-14 23:35:38,732][src.models.modules.semantic_id.tiger_generation_model][INFO] - [rank: 0] 使用分块生成策略，num_hierarchies=10
[2025-11-14 23:35:39,340][src.models.modules.semantic_id.tiger_generation_model][INFO] - [rank: 0] 使用分块生成策略，num_hierarchies=10
[2025-11-14 23:35:39,936][src.models.modules.semantic_id.tiger_generation_model][INFO] - [rank: 0] 使用分块生成策略，num_hierarchies=10
[2025-11-14 23:35:40,475][src.models.modules.semantic_id.tiger_generation_model][INFO] - [rank: 0] 使用分块生成策略，num_hierarchies=10
[2025-11-14 23:35:41,059][src.models.modules.semantic_id.tiger_generation_model][INFO] - [rank: 0] 使用分块生成策略，num_hierarchies=10
[2025-11-14 23:35:41,647][src.models.modules.semantic_id.tiger_generation_model][INFO] - [rank: 0] 使用分块生成策略，num_hierarchies=10
[2025-11-14 23:35:42,236][src.models.modules.semantic_id.tiger_generation_model][INFO] - [rank: 0] 使用分块生成策略，num_hierarchies=10
[2025-11-14 23:35:42,814][src.models.modules.semantic_id.tiger_generation_model][INFO] - [rank: 0] 使用分块生成策略，num_hierarchies=10
[2025-11-14 23:35:43,380][src.models.modules.semantic_id.tiger_generation_model][INFO] - [rank: 0] 使用分块生成策略，num_hierarchies=10
[2025-11-14 23:35:43,994][src.models.modules.semantic_id.tiger_generation_model][INFO] - [rank: 0] 使用分块生成策略，num_hierarchies=10
[2025-11-14 23:35:44,705][src.models.modules.semantic_id.tiger_generation_model][INFO] - [rank: 0] 使用分块生成策略，num_hierarchies=10
[2025-11-14 23:35:45,324][src.models.modules.semantic_id.tiger_generation_model][INFO] - [rank: 0] 使用分块生成策略，num_hierarchies=10
[2025-11-14 23:35:45,945][src.models.modules.semantic_id.tiger_generation_model][INFO] - [rank: 0] 使用分块生成策略，num_hierarchies=10
[2025-11-14 23:35:46,550][src.models.modules.semantic_id.tiger_generation_model][INFO] - [rank: 0] 使用分块生成策略，num_hierarchies=10
[2025-11-14 23:35:47,122][src.models.modules.semantic_id.tiger_generation_model][INFO] - [rank: 0] 使用分块生成策略，num_hierarchies=10
[2025-11-14 23:35:47,720][src.models.modules.semantic_id.tiger_generation_model][INFO] - [rank: 0] 使用分块生成策略，num_hierarchies=10
[2025-11-14 23:35:48,344][src.models.modules.semantic_id.tiger_generation_model][INFO] - [rank: 0] 使用分块生成策略，num_hierarchies=10
[2025-11-14 23:35:48,929][src.models.modules.semantic_id.tiger_generation_model][INFO] - [rank: 0] 使用分块生成策略，num_hierarchies=10
[2025-11-14 23:35:49,533][src.models.modules.semantic_id.tiger_generation_model][INFO] - [rank: 0] 使用分块生成策略，num_hierarchies=10
[2025-11-14 23:35:50,152][src.models.modules.semantic_id.tiger_generation_model][INFO] - [rank: 0] 使用分块生成策略，num_hierarchies=10
[2025-11-14 23:35:50,737][src.models.modules.semantic_id.tiger_generation_model][INFO] - [rank: 0] 使用分块生成策略，num_hierarchies=10
[2025-11-14 23:35:51,380][src.models.modules.semantic_id.tiger_generation_model][INFO] - [rank: 0] 使用分块生成策略，num_hierarchies=10
[2025-11-14 23:35:51,996][src.models.modules.semantic_id.tiger_generation_model][INFO] - [rank: 0] 使用分块生成策略，num_hierarchies=10
[2025-11-14 23:35:52,593][src.models.modules.semantic_id.tiger_generation_model][INFO] - [rank: 0] 使用分块生成策略，num_hierarchies=10
[2025-11-14 23:35:53,179][src.models.modules.semantic_id.tiger_generation_model][INFO] - [rank: 0] 使用分块生成策略，num_hierarchies=10
[2025-11-14 23:35:53,711][src.models.modules.semantic_id.tiger_generation_model][INFO] - [rank: 0] 使用分块生成策略，num_hierarchies=10
[2025-11-14 23:35:54,275][src.models.modules.semantic_id.tiger_generation_model][INFO] - [rank: 0] 使用分块生成策略，num_hierarchies=10
[2025-11-14 23:35:54,852][src.models.modules.semantic_id.tiger_generation_model][INFO] - [rank: 0] 使用分块生成策略，num_hierarchies=10
[2025-11-14 23:35:55,439][src.models.modules.semantic_id.tiger_generation_model][INFO] - [rank: 0] 使用分块生成策略，num_hierarchies=10
[2025-11-14 23:35:56,031][src.models.modules.semantic_id.tiger_generation_model][INFO] - [rank: 0] 使用分块生成策略，num_hierarchies=10
[2025-11-14 23:35:56,610][src.models.modules.semantic_id.tiger_generation_model][INFO] - [rank: 0] 使用分块生成策略，num_hierarchies=10
[2025-11-14 23:35:57,190][src.models.modules.semantic_id.tiger_generation_model][INFO] - [rank: 0] 使用分块生成策略，num_hierarchies=10
[2025-11-14 23:35:57,824][src.models.modules.semantic_id.tiger_generation_model][INFO] - [rank: 0] 使用分块生成策略，num_hierarchies=10
[2025-11-14 23:35:58,406][src.models.modules.semantic_id.tiger_generation_model][INFO] - [rank: 0] 使用分块生成策略，num_hierarchies=10
[2025-11-14 23:35:58,986][src.models.modules.semantic_id.tiger_generation_model][INFO] - [rank: 0] 使用分块生成策略，num_hierarchies=10
[2025-11-14 23:35:59,502][src.models.modules.semantic_id.tiger_generation_model][INFO] - [rank: 0] 使用分块生成策略，num_hierarchies=10
[2025-11-14 23:36:00,111][src.models.modules.semantic_id.tiger_generation_model][INFO] - [rank: 0] 使用分块生成策略，num_hierarchies=10
[2025-11-14 23:36:00,685][src.models.modules.semantic_id.tiger_generation_model][INFO] - [rank: 0] 使用分块生成策略，num_hierarchies=10
[2025-11-14 23:36:01,271][src.models.modules.semantic_id.tiger_generation_model][INFO] - [rank: 0] 使用分块生成策略，num_hierarchies=10
[2025-11-14 23:36:01,848][src.models.modules.semantic_id.tiger_generation_model][INFO] - [rank: 0] 使用分块生成策略，num_hierarchies=10
[2025-11-14 23:36:02,442][src.models.modules.semantic_id.tiger_generation_model][INFO] - [rank: 0] 使用分块生成策略，num_hierarchies=10
[2025-11-14 23:36:03,028][src.models.modules.semantic_id.tiger_generation_model][INFO] - [rank: 0] 使用分块生成策略，num_hierarchies=10
[2025-11-14 23:36:03,613][src.models.modules.semantic_id.tiger_generation_model][INFO] - [rank: 0] 使用分块生成策略，num_hierarchies=10
[2025-11-14 23:36:04,181][src.models.modules.semantic_id.tiger_generation_model][INFO] - [rank: 0] 使用分块生成策略，num_hierarchies=10
[2025-11-14 23:36:04,749][src.models.modules.semantic_id.tiger_generation_model][INFO] - [rank: 0] 使用分块生成策略，num_hierarchies=10
[2025-11-14 23:36:05,349][src.models.modules.semantic_id.tiger_generation_model][INFO] - [rank: 0] 使用分块生成策略，num_hierarchies=10
[2025-11-14 23:36:05,931][src.models.modules.semantic_id.tiger_generation_model][INFO] - [rank: 0] 使用分块生成策略，num_hierarchies=10
[2025-11-14 23:36:06,524][src.models.modules.semantic_id.tiger_generation_model][INFO] - [rank: 0] 使用分块生成策略，num_hierarchies=10
[2025-11-14 23:36:07,114][src.models.modules.semantic_id.tiger_generation_model][INFO] - [rank: 0] 使用分块生成策略，num_hierarchies=10
[2025-11-14 23:36:07,715][src.models.modules.semantic_id.tiger_generation_model][INFO] - [rank: 0] 使用分块生成策略，num_hierarchies=10
[2025-11-14 23:36:08,311][src.models.modules.semantic_id.tiger_generation_model][INFO] - [rank: 0] 使用分块生成策略，num_hierarchies=10
[2025-11-14 23:36:08,899][src.models.modules.semantic_id.tiger_generation_model][INFO] - [rank: 0] 使用分块生成策略，num_hierarchies=10
[2025-11-14 23:36:09,501][src.models.modules.semantic_id.tiger_generation_model][INFO] - [rank: 0] 使用分块生成策略，num_hierarchies=10
[2025-11-14 23:36:10,053][src.models.modules.semantic_id.tiger_generation_model][INFO] - [rank: 0] 使用分块生成策略，num_hierarchies=10
[2025-11-14 23:36:10,592][src.models.modules.semantic_id.tiger_generation_model][INFO] - [rank: 0] 使用分块生成策略，num_hierarchies=10
[2025-11-14 23:36:11,157][src.models.modules.semantic_id.tiger_generation_model][INFO] - [rank: 0] 使用分块生成策略，num_hierarchies=10
[2025-11-14 23:36:11,722][src.models.modules.semantic_id.tiger_generation_model][INFO] - [rank: 0] 使用分块生成策略，num_hierarchies=10
[2025-11-14 23:36:12,249][src.models.modules.semantic_id.tiger_generation_model][INFO] - [rank: 0] 使用分块生成策略，num_hierarchies=10
[2025-11-14 23:36:12,820][src.models.modules.semantic_id.tiger_generation_model][INFO] - [rank: 0] 使用分块生成策略，num_hierarchies=10
[2025-11-14 23:36:13,360][src.models.modules.semantic_id.tiger_generation_model][INFO] - [rank: 0] 使用分块生成策略，num_hierarchies=10
[2025-11-14 23:36:13,915][src.models.modules.semantic_id.tiger_generation_model][INFO] - [rank: 0] 使用分块生成策略，num_hierarchies=10
[2025-11-14 23:36:14,494][src.models.modules.semantic_id.tiger_generation_model][INFO] - [rank: 0] 使用分块生成策略，num_hierarchies=10
[2025-11-14 23:36:15,073][src.models.modules.semantic_id.tiger_generation_model][INFO] - [rank: 0] 使用分块生成策略，num_hierarchies=10
[2025-11-14 23:36:15,660][src.models.modules.semantic_id.tiger_generation_model][INFO] - [rank: 0] 使用分块生成策略，num_hierarchies=10
[2025-11-14 23:36:16,245][src.models.modules.semantic_id.tiger_generation_model][INFO] - [rank: 0] 使用分块生成策略，num_hierarchies=10
[2025-11-14 23:36:16,816][src.models.modules.semantic_id.tiger_generation_model][INFO] - [rank: 0] 使用分块生成策略，num_hierarchies=10
[2025-11-14 23:36:17,388][src.models.modules.semantic_id.tiger_generation_model][INFO] - [rank: 0] 使用分块生成策略，num_hierarchies=10
[2025-11-14 23:36:17,952][src.models.modules.semantic_id.tiger_generation_model][INFO] - [rank: 0] 使用分块生成策略，num_hierarchies=10
[2025-11-14 23:36:18,545][src.models.modules.semantic_id.tiger_generation_model][INFO] - [rank: 0] 使用分块生成策略，num_hierarchies=10
[2025-11-14 23:36:19,136][src.models.modules.semantic_id.tiger_generation_model][INFO] - [rank: 0] 使用分块生成策略，num_hierarchies=10
[2025-11-14 23:36:19,719][src.models.modules.semantic_id.tiger_generation_model][INFO] - [rank: 0] 使用分块生成策略，num_hierarchies=10
[2025-11-14 23:36:20,470][src.models.modules.semantic_id.tiger_generation_model][INFO] - [rank: 0] 使用分块生成策略，num_hierarchies=10
[2025-11-14 23:36:32,466][src.models.modules.semantic_id.tiger_generation_model][INFO] - [rank: 0] 
================================================================================
[2025-11-14 23:36:32,467][src.models.modules.semantic_id.tiger_generation_model][INFO] - [rank: 0] === 生成的语义ID Embedding相似度矩阵 (平均自 704 个batch) ===
[2025-11-14 23:36:32,470][src.models.modules.semantic_id.tiger_generation_model][INFO] - [rank: 0] 
[[ 9.9998659e-01  1.9495988e-02  2.3031436e-02  1.5088727e-02
  -2.5202956e-03  6.0750707e-03  1.4295569e-02 -8.2187384e-04
  -1.2359068e-02 -2.2358604e-02]
 [ 1.9495988e-02  9.9999499e-01  8.1380690e-03  1.7316028e-02
   1.4112401e-02  1.1339752e-02  3.6089614e-03 -1.4647277e-03
   6.3965321e-03  1.1021415e-02]
 [ 2.3031436e-02  8.1380690e-03  1.0000161e+00 -2.6762688e-03
   5.1220972e-03  4.2823087e-03 -5.0256895e-03  7.9430211e-03
  -1.3164874e-02 -2.6269131e-03]
 [ 1.5088727e-02  1.7316028e-02 -2.6762688e-03  9.9999511e-01
   7.0163487e-03  1.0634258e-02  8.8802967e-03 -2.9414562e-03
   3.1866152e-03 -6.0849437e-03]
 [-2.5202956e-03  1.4112401e-02  5.1220972e-03  7.0163487e-03
   1.0000139e+00 -1.3167568e-02  3.4689179e-04  2.4349468e-02
  -1.0807012e-02 -2.8826781e-03]
 [ 6.0750707e-03  1.1339752e-02  4.2823087e-03  1.0634258e-02
  -1.3167568e-02  1.0000044e+00  1.0839258e-03  1.2751619e-02
  -2.1244702e-03  8.7986300e-03]
 [ 1.4295569e-02  3.6089614e-03 -5.0256895e-03  8.8802967e-03
   3.4689179e-04  1.0839258e-03  9.9999428e-01  6.1847386e-03
  -5.0404947e-03 -2.5887697e-03]
 [-8.2187384e-04 -1.4647277e-03  7.9430211e-03 -2.9414562e-03
   2.4349468e-02  1.2751619e-02  6.1847386e-03  9.9999368e-01
  -2.5075167e-02  2.0046055e-02]
 [-1.2359068e-02  6.3965321e-03 -1.3164874e-02  3.1866152e-03
  -1.0807012e-02 -2.1244702e-03 -5.0404947e-03 -2.5075167e-02
   1.0000033e+00  2.0674592e-02]
 [-2.2358604e-02  1.1021415e-02 -2.6269131e-03 -6.0849437e-03
  -2.8826781e-03  8.7986300e-03 -2.5887697e-03  2.0046055e-02
   2.0674592e-02  9.9997807e-01]]
[2025-11-14 23:36:32,470][src.models.modules.semantic_id.tiger_generation_model][INFO] - [rank: 0] ================================================================================

[2025-11-14 23:36:32,471][src.models.modules.semantic_id.tiger_generation_model][INFO] - [rank: 0] 
================================================================================
[2025-11-14 23:36:32,471][src.models.modules.semantic_id.tiger_generation_model][INFO] - [rank: 0] === 输入序列中每个Item的Hierarchy Embedding相似度矩阵 (平均自 704 个batch) ===
[2025-11-14 23:36:32,473][src.models.modules.semantic_id.tiger_generation_model][INFO] - [rank: 0] 
[[ 9.99992132e-01  1.19669652e-02  1.02434177e-02  7.10780313e-03
   5.56745799e-03  2.98506604e-03  2.15003616e-03 -3.81863007e-04
  -3.70494137e-03 -1.51038347e-02]
 [ 1.19669652e-02  1.00000298e+00  7.80799706e-03  9.43223946e-03
   1.16034625e-02  5.06598735e-03  9.60064027e-03  5.58867631e-03
  -6.00770721e-03  1.25116557e-02]
 [ 1.02434177e-02  7.80799706e-03  1.00000870e+00  9.60543845e-03
   9.64816008e-03  5.98625885e-03  6.11262210e-03  3.76260304e-03
  -5.19028585e-03  3.91573599e-03]
 [ 7.10780313e-03  9.43223946e-03  9.60543845e-03  9.99997735e-01
   9.08369012e-03  6.71327440e-03  4.37818514e-03  4.86560166e-03
  -7.44730840e-03 -5.25555261e-05]
 [ 5.56745799e-03  1.16034625e-02  9.64816008e-03  9.08369012e-03
   1.00000834e+00  6.45015948e-03  7.00424006e-03  5.95331984e-03
  -7.52527453e-03 -3.24022467e-03]
 [ 2.98506604e-03  5.06598735e-03  5.98625885e-03  6.71327440e-03
   6.45015948e-03  1.00000453e+00  3.15315276e-03  7.78235961e-03
  -6.75371895e-03  7.32412748e-03]
 [ 2.15003616e-03  9.60064027e-03  6.11262210e-03  4.37818514e-03
   7.00424006e-03  3.15315276e-03  9.99994457e-01  6.83042547e-03
  -5.84042538e-03 -5.63396746e-03]
 [-3.81863007e-04  5.58867631e-03  3.76260304e-03  4.86560166e-03
   5.95331984e-03  7.78235961e-03  6.83042547e-03  9.99996364e-01
  -1.31534338e-02  5.17324544e-03]
 [-3.70494137e-03 -6.00770721e-03 -5.19028585e-03 -7.44730840e-03
  -7.52527453e-03 -6.75371895e-03 -5.84042538e-03 -1.31534338e-02
   1.00000107e+00  1.84388757e-02]
 [-1.51038347e-02  1.25116557e-02  3.91573599e-03 -5.25555261e-05
  -3.24022467e-03  7.32412748e-03 -5.63396746e-03  5.17324544e-03
   1.84388757e-02  9.99978065e-01]]
[2025-11-14 23:36:32,473][src.models.modules.semantic_id.tiger_generation_model][INFO] - [rank: 0] ================================================================================

[2025-11-14 23:36:32,577][src.models.modules.semantic_id.tiger_generation_model][INFO] - [rank: 0] 
================================================================================
[2025-11-14 23:36:32,578][src.models.modules.semantic_id.tiger_generation_model][INFO] - [rank: 0] === 按流行度分组的评测指标（累计到当前阶段）===
[2025-11-14 23:36:32,578][src.models.modules.semantic_id.tiger_generation_model][INFO] - [rank: 0] [Body] ndcg@5: 0.020567  ndcg@10: 0.020567  recall@5: 0.026220  recall@10: 0.026220
[2025-11-14 23:36:32,578][src.models.modules.semantic_id.tiger_generation_model][INFO] - [rank: 0] [Head] ndcg@5: 0.031537  ndcg@10: 0.031537  recall@5: 0.040060  recall@10: 0.040060
[2025-11-14 23:36:32,578][src.models.modules.semantic_id.tiger_generation_model][INFO] - [rank: 0] [Tail] ndcg@5: 0.015127  ndcg@10: 0.015127  recall@5: 0.019942  recall@10: 0.019942
[2025-11-14 23:36:32,579][src.models.modules.semantic_id.tiger_generation_model][INFO] - [rank: 0] ================================================================================

[2025-11-14 23:56:25,628][src.models.modules.semantic_id.tiger_generation_model][INFO] - [rank: 0] 使用分块生成策略，num_hierarchies=10
[2025-11-14 23:56:26,288][src.models.modules.semantic_id.tiger_generation_model][INFO] - [rank: 0] 使用分块生成策略，num_hierarchies=10
[2025-11-14 23:56:26,954][src.models.modules.semantic_id.tiger_generation_model][INFO] - [rank: 0] 使用分块生成策略，num_hierarchies=10
[2025-11-14 23:56:27,574][src.models.modules.semantic_id.tiger_generation_model][INFO] - [rank: 0] 使用分块生成策略，num_hierarchies=10
[2025-11-14 23:56:28,397][src.models.modules.semantic_id.tiger_generation_model][INFO] - [rank: 0] 使用分块生成策略，num_hierarchies=10
[2025-11-14 23:56:29,094][src.models.modules.semantic_id.tiger_generation_model][INFO] - [rank: 0] 使用分块生成策略，num_hierarchies=10
[2025-11-14 23:56:29,813][src.models.modules.semantic_id.tiger_generation_model][INFO] - [rank: 0] 使用分块生成策略，num_hierarchies=10
[2025-11-14 23:56:30,392][src.models.modules.semantic_id.tiger_generation_model][INFO] - [rank: 0] 使用分块生成策略，num_hierarchies=10
[2025-11-14 23:56:31,023][src.models.modules.semantic_id.tiger_generation_model][INFO] - [rank: 0] 使用分块生成策略，num_hierarchies=10
[2025-11-14 23:56:31,640][src.models.modules.semantic_id.tiger_generation_model][INFO] - [rank: 0] 使用分块生成策略，num_hierarchies=10
[2025-11-14 23:56:32,260][src.models.modules.semantic_id.tiger_generation_model][INFO] - [rank: 0] 使用分块生成策略，num_hierarchies=10
[2025-11-14 23:56:32,884][src.models.modules.semantic_id.tiger_generation_model][INFO] - [rank: 0] 使用分块生成策略，num_hierarchies=10
[2025-11-14 23:56:33,475][src.models.modules.semantic_id.tiger_generation_model][INFO] - [rank: 0] 使用分块生成策略，num_hierarchies=10
[2025-11-14 23:56:34,107][src.models.modules.semantic_id.tiger_generation_model][INFO] - [rank: 0] 使用分块生成策略，num_hierarchies=10
[2025-11-14 23:56:34,720][src.models.modules.semantic_id.tiger_generation_model][INFO] - [rank: 0] 使用分块生成策略，num_hierarchies=10
[2025-11-14 23:56:35,323][src.models.modules.semantic_id.tiger_generation_model][INFO] - [rank: 0] 使用分块生成策略，num_hierarchies=10
[2025-11-14 23:56:35,939][src.models.modules.semantic_id.tiger_generation_model][INFO] - [rank: 0] 使用分块生成策略，num_hierarchies=10
[2025-11-14 23:56:36,558][src.models.modules.semantic_id.tiger_generation_model][INFO] - [rank: 0] 使用分块生成策略，num_hierarchies=10
[2025-11-14 23:56:37,167][src.models.modules.semantic_id.tiger_generation_model][INFO] - [rank: 0] 使用分块生成策略，num_hierarchies=10
[2025-11-14 23:56:37,781][src.models.modules.semantic_id.tiger_generation_model][INFO] - [rank: 0] 使用分块生成策略，num_hierarchies=10
[2025-11-14 23:56:38,568][src.models.modules.semantic_id.tiger_generation_model][INFO] - [rank: 0] 使用分块生成策略，num_hierarchies=10
[2025-11-14 23:56:39,275][src.models.modules.semantic_id.tiger_generation_model][INFO] - [rank: 0] 使用分块生成策略，num_hierarchies=10
[2025-11-14 23:56:39,981][src.models.modules.semantic_id.tiger_generation_model][INFO] - [rank: 0] 使用分块生成策略，num_hierarchies=10
[2025-11-14 23:56:40,564][src.models.modules.semantic_id.tiger_generation_model][INFO] - [rank: 0] 使用分块生成策略，num_hierarchies=10
[2025-11-14 23:56:41,185][src.models.modules.semantic_id.tiger_generation_model][INFO] - [rank: 0] 使用分块生成策略，num_hierarchies=10
[2025-11-14 23:56:41,782][src.models.modules.semantic_id.tiger_generation_model][INFO] - [rank: 0] 使用分块生成策略，num_hierarchies=10
[2025-11-14 23:56:42,387][src.models.modules.semantic_id.tiger_generation_model][INFO] - [rank: 0] 使用分块生成策略，num_hierarchies=10
[2025-11-14 23:56:43,005][src.models.modules.semantic_id.tiger_generation_model][INFO] - [rank: 0] 使用分块生成策略，num_hierarchies=10
[2025-11-14 23:56:43,589][src.models.modules.semantic_id.tiger_generation_model][INFO] - [rank: 0] 使用分块生成策略，num_hierarchies=10
[2025-11-14 23:56:44,156][src.models.modules.semantic_id.tiger_generation_model][INFO] - [rank: 0] 使用分块生成策略，num_hierarchies=10
[2025-11-14 23:56:44,739][src.models.modules.semantic_id.tiger_generation_model][INFO] - [rank: 0] 使用分块生成策略，num_hierarchies=10
[2025-11-14 23:56:45,321][src.models.modules.semantic_id.tiger_generation_model][INFO] - [rank: 0] 使用分块生成策略，num_hierarchies=10
[2025-11-14 23:56:45,917][src.models.modules.semantic_id.tiger_generation_model][INFO] - [rank: 0] 使用分块生成策略，num_hierarchies=10
[2025-11-14 23:56:46,649][src.models.modules.semantic_id.tiger_generation_model][INFO] - [rank: 0] 使用分块生成策略，num_hierarchies=10
[2025-11-14 23:56:47,260][src.models.modules.semantic_id.tiger_generation_model][INFO] - [rank: 0] 使用分块生成策略，num_hierarchies=10
[2025-11-14 23:56:47,804][src.models.modules.semantic_id.tiger_generation_model][INFO] - [rank: 0] 使用分块生成策略，num_hierarchies=10
[2025-11-14 23:56:48,386][src.models.modules.semantic_id.tiger_generation_model][INFO] - [rank: 0] 使用分块生成策略，num_hierarchies=10
[2025-11-14 23:56:48,969][src.models.modules.semantic_id.tiger_generation_model][INFO] - [rank: 0] 使用分块生成策略，num_hierarchies=10
[2025-11-14 23:56:49,528][src.models.modules.semantic_id.tiger_generation_model][INFO] - [rank: 0] 使用分块生成策略，num_hierarchies=10
[2025-11-14 23:56:50,080][src.models.modules.semantic_id.tiger_generation_model][INFO] - [rank: 0] 使用分块生成策略，num_hierarchies=10
[2025-11-14 23:56:50,705][src.models.modules.semantic_id.tiger_generation_model][INFO] - [rank: 0] 使用分块生成策略，num_hierarchies=10
[2025-11-14 23:56:51,349][src.models.modules.semantic_id.tiger_generation_model][INFO] - [rank: 0] 使用分块生成策略，num_hierarchies=10
[2025-11-14 23:56:51,946][src.models.modules.semantic_id.tiger_generation_model][INFO] - [rank: 0] 使用分块生成策略，num_hierarchies=10
[2025-11-14 23:56:52,556][src.models.modules.semantic_id.tiger_generation_model][INFO] - [rank: 0] 使用分块生成策略，num_hierarchies=10
[2025-11-14 23:56:53,353][src.models.modules.semantic_id.tiger_generation_model][INFO] - [rank: 0] 使用分块生成策略，num_hierarchies=10
[2025-11-14 23:56:53,945][src.models.modules.semantic_id.tiger_generation_model][INFO] - [rank: 0] 使用分块生成策略，num_hierarchies=10
[2025-11-14 23:56:54,561][src.models.modules.semantic_id.tiger_generation_model][INFO] - [rank: 0] 使用分块生成策略，num_hierarchies=10
[2025-11-14 23:56:55,075][src.models.modules.semantic_id.tiger_generation_model][INFO] - [rank: 0] 使用分块生成策略，num_hierarchies=10
[2025-11-14 23:56:55,643][src.models.modules.semantic_id.tiger_generation_model][INFO] - [rank: 0] 使用分块生成策略，num_hierarchies=10
[2025-11-14 23:56:56,212][src.models.modules.semantic_id.tiger_generation_model][INFO] - [rank: 0] 使用分块生成策略，num_hierarchies=10
[2025-11-14 23:56:56,770][src.models.modules.semantic_id.tiger_generation_model][INFO] - [rank: 0] 使用分块生成策略，num_hierarchies=10
[2025-11-14 23:56:57,351][src.models.modules.semantic_id.tiger_generation_model][INFO] - [rank: 0] 使用分块生成策略，num_hierarchies=10
[2025-11-14 23:56:57,910][src.models.modules.semantic_id.tiger_generation_model][INFO] - [rank: 0] 使用分块生成策略，num_hierarchies=10
[2025-11-14 23:56:58,518][src.models.modules.semantic_id.tiger_generation_model][INFO] - [rank: 0] 使用分块生成策略，num_hierarchies=10
[2025-11-14 23:56:59,122][src.models.modules.semantic_id.tiger_generation_model][INFO] - [rank: 0] 使用分块生成策略，num_hierarchies=10
[2025-11-14 23:56:59,724][src.models.modules.semantic_id.tiger_generation_model][INFO] - [rank: 0] 使用分块生成策略，num_hierarchies=10
[2025-11-14 23:57:00,384][src.models.modules.semantic_id.tiger_generation_model][INFO] - [rank: 0] 使用分块生成策略，num_hierarchies=10
[2025-11-14 23:57:01,136][src.models.modules.semantic_id.tiger_generation_model][INFO] - [rank: 0] 使用分块生成策略，num_hierarchies=10
[2025-11-14 23:57:01,927][src.models.modules.semantic_id.tiger_generation_model][INFO] - [rank: 0] 使用分块生成策略，num_hierarchies=10
[2025-11-14 23:57:02,617][src.models.modules.semantic_id.tiger_generation_model][INFO] - [rank: 0] 使用分块生成策略，num_hierarchies=10
[2025-11-14 23:57:03,189][src.models.modules.semantic_id.tiger_generation_model][INFO] - [rank: 0] 使用分块生成策略，num_hierarchies=10
[2025-11-14 23:57:03,774][src.models.modules.semantic_id.tiger_generation_model][INFO] - [rank: 0] 使用分块生成策略，num_hierarchies=10
[2025-11-14 23:57:04,384][src.models.modules.semantic_id.tiger_generation_model][INFO] - [rank: 0] 使用分块生成策略，num_hierarchies=10
[2025-11-14 23:57:05,002][src.models.modules.semantic_id.tiger_generation_model][INFO] - [rank: 0] 使用分块生成策略，num_hierarchies=10
[2025-11-14 23:57:05,594][src.models.modules.semantic_id.tiger_generation_model][INFO] - [rank: 0] 使用分块生成策略，num_hierarchies=10
[2025-11-14 23:57:06,181][src.models.modules.semantic_id.tiger_generation_model][INFO] - [rank: 0] 使用分块生成策略，num_hierarchies=10
[2025-11-14 23:57:06,780][src.models.modules.semantic_id.tiger_generation_model][INFO] - [rank: 0] 使用分块生成策略，num_hierarchies=10
[2025-11-14 23:57:07,380][src.models.modules.semantic_id.tiger_generation_model][INFO] - [rank: 0] 使用分块生成策略，num_hierarchies=10
[2025-11-14 23:57:08,005][src.models.modules.semantic_id.tiger_generation_model][INFO] - [rank: 0] 使用分块生成策略，num_hierarchies=10
[2025-11-14 23:57:08,585][src.models.modules.semantic_id.tiger_generation_model][INFO] - [rank: 0] 使用分块生成策略，num_hierarchies=10
[2025-11-14 23:57:09,140][src.models.modules.semantic_id.tiger_generation_model][INFO] - [rank: 0] 使用分块生成策略，num_hierarchies=10
[2025-11-14 23:57:09,695][src.models.modules.semantic_id.tiger_generation_model][INFO] - [rank: 0] 使用分块生成策略，num_hierarchies=10
[2025-11-14 23:57:10,257][src.models.modules.semantic_id.tiger_generation_model][INFO] - [rank: 0] 使用分块生成策略，num_hierarchies=10
[2025-11-14 23:57:10,985][src.models.modules.semantic_id.tiger_generation_model][INFO] - [rank: 0] 使用分块生成策略，num_hierarchies=10
[2025-11-14 23:57:11,522][src.models.modules.semantic_id.tiger_generation_model][INFO] - [rank: 0] 使用分块生成策略，num_hierarchies=10
[2025-11-14 23:57:12,016][src.models.modules.semantic_id.tiger_generation_model][INFO] - [rank: 0] 使用分块生成策略，num_hierarchies=10
[2025-11-14 23:57:12,547][src.models.modules.semantic_id.tiger_generation_model][INFO] - [rank: 0] 使用分块生成策略，num_hierarchies=10
[2025-11-14 23:57:13,096][src.models.modules.semantic_id.tiger_generation_model][INFO] - [rank: 0] 使用分块生成策略，num_hierarchies=10
[2025-11-14 23:57:13,669][src.models.modules.semantic_id.tiger_generation_model][INFO] - [rank: 0] 使用分块生成策略，num_hierarchies=10
[2025-11-14 23:57:14,199][src.models.modules.semantic_id.tiger_generation_model][INFO] - [rank: 0] 使用分块生成策略，num_hierarchies=10
[2025-11-14 23:57:14,738][src.models.modules.semantic_id.tiger_generation_model][INFO] - [rank: 0] 使用分块生成策略，num_hierarchies=10
[2025-11-14 23:57:15,302][src.models.modules.semantic_id.tiger_generation_model][INFO] - [rank: 0] 使用分块生成策略，num_hierarchies=10
[2025-11-14 23:57:15,862][src.models.modules.semantic_id.tiger_generation_model][INFO] - [rank: 0] 使用分块生成策略，num_hierarchies=10
[2025-11-14 23:57:16,449][src.models.modules.semantic_id.tiger_generation_model][INFO] - [rank: 0] 使用分块生成策略，num_hierarchies=10
[2025-11-14 23:57:17,168][src.models.modules.semantic_id.tiger_generation_model][INFO] - [rank: 0] 使用分块生成策略，num_hierarchies=10
[2025-11-14 23:57:17,792][src.models.modules.semantic_id.tiger_generation_model][INFO] - [rank: 0] 使用分块生成策略，num_hierarchies=10
[2025-11-14 23:57:18,489][src.models.modules.semantic_id.tiger_generation_model][INFO] - [rank: 0] 使用分块生成策略，num_hierarchies=10
[2025-11-14 23:57:19,076][src.models.modules.semantic_id.tiger_generation_model][INFO] - [rank: 0] 使用分块生成策略，num_hierarchies=10
[2025-11-14 23:57:19,619][src.models.modules.semantic_id.tiger_generation_model][INFO] - [rank: 0] 使用分块生成策略，num_hierarchies=10
[2025-11-14 23:57:20,197][src.models.modules.semantic_id.tiger_generation_model][INFO] - [rank: 0] 使用分块生成策略，num_hierarchies=10
[2025-11-14 23:57:20,794][src.models.modules.semantic_id.tiger_generation_model][INFO] - [rank: 0] 使用分块生成策略，num_hierarchies=10
[2025-11-14 23:57:21,369][src.models.modules.semantic_id.tiger_generation_model][INFO] - [rank: 0] 使用分块生成策略，num_hierarchies=10
[2025-11-14 23:57:21,957][src.models.modules.semantic_id.tiger_generation_model][INFO] - [rank: 0] 使用分块生成策略，num_hierarchies=10
[2025-11-14 23:57:22,566][src.models.modules.semantic_id.tiger_generation_model][INFO] - [rank: 0] 使用分块生成策略，num_hierarchies=10
[2025-11-14 23:57:23,161][src.models.modules.semantic_id.tiger_generation_model][INFO] - [rank: 0] 使用分块生成策略，num_hierarchies=10
[2025-11-14 23:57:23,762][src.models.modules.semantic_id.tiger_generation_model][INFO] - [rank: 0] 使用分块生成策略，num_hierarchies=10
[2025-11-14 23:57:24,372][src.models.modules.semantic_id.tiger_generation_model][INFO] - [rank: 0] 使用分块生成策略，num_hierarchies=10
[2025-11-14 23:57:24,946][src.models.modules.semantic_id.tiger_generation_model][INFO] - [rank: 0] 使用分块生成策略，num_hierarchies=10
[2025-11-14 23:57:25,473][src.models.modules.semantic_id.tiger_generation_model][INFO] - [rank: 0] 使用分块生成策略，num_hierarchies=10
[2025-11-14 23:57:26,115][src.models.modules.semantic_id.tiger_generation_model][INFO] - [rank: 0] 使用分块生成策略，num_hierarchies=10
[2025-11-14 23:57:26,722][src.models.modules.semantic_id.tiger_generation_model][INFO] - [rank: 0] 使用分块生成策略，num_hierarchies=10
[2025-11-14 23:57:27,226][src.models.modules.semantic_id.tiger_generation_model][INFO] - [rank: 0] 使用分块生成策略，num_hierarchies=10
[2025-11-14 23:57:27,780][src.models.modules.semantic_id.tiger_generation_model][INFO] - [rank: 0] 使用分块生成策略，num_hierarchies=10
[2025-11-14 23:57:28,330][src.models.modules.semantic_id.tiger_generation_model][INFO] - [rank: 0] 使用分块生成策略，num_hierarchies=10
[2025-11-14 23:57:28,860][src.models.modules.semantic_id.tiger_generation_model][INFO] - [rank: 0] 使用分块生成策略，num_hierarchies=10
[2025-11-14 23:57:29,400][src.models.modules.semantic_id.tiger_generation_model][INFO] - [rank: 0] 使用分块生成策略，num_hierarchies=10
[2025-11-14 23:57:29,941][src.models.modules.semantic_id.tiger_generation_model][INFO] - [rank: 0] 使用分块生成策略，num_hierarchies=10
[2025-11-14 23:57:30,481][src.models.modules.semantic_id.tiger_generation_model][INFO] - [rank: 0] 使用分块生成策略，num_hierarchies=10
[2025-11-14 23:57:31,037][src.models.modules.semantic_id.tiger_generation_model][INFO] - [rank: 0] 使用分块生成策略，num_hierarchies=10
[2025-11-14 23:57:31,572][src.models.modules.semantic_id.tiger_generation_model][INFO] - [rank: 0] 使用分块生成策略，num_hierarchies=10
[2025-11-14 23:57:32,202][src.models.modules.semantic_id.tiger_generation_model][INFO] - [rank: 0] 使用分块生成策略，num_hierarchies=10
[2025-11-14 23:57:32,974][src.models.modules.semantic_id.tiger_generation_model][INFO] - [rank: 0] 使用分块生成策略，num_hierarchies=10
[2025-11-14 23:57:33,632][src.models.modules.semantic_id.tiger_generation_model][INFO] - [rank: 0] 使用分块生成策略，num_hierarchies=10
[2025-11-14 23:57:34,151][src.models.modules.semantic_id.tiger_generation_model][INFO] - [rank: 0] 使用分块生成策略，num_hierarchies=10
[2025-11-14 23:57:34,722][src.models.modules.semantic_id.tiger_generation_model][INFO] - [rank: 0] 使用分块生成策略，num_hierarchies=10
[2025-11-14 23:57:35,284][src.models.modules.semantic_id.tiger_generation_model][INFO] - [rank: 0] 使用分块生成策略，num_hierarchies=10
[2025-11-14 23:57:35,861][src.models.modules.semantic_id.tiger_generation_model][INFO] - [rank: 0] 使用分块生成策略，num_hierarchies=10
[2025-11-14 23:57:36,440][src.models.modules.semantic_id.tiger_generation_model][INFO] - [rank: 0] 使用分块生成策略，num_hierarchies=10
[2025-11-14 23:57:37,028][src.models.modules.semantic_id.tiger_generation_model][INFO] - [rank: 0] 使用分块生成策略，num_hierarchies=10
[2025-11-14 23:57:37,591][src.models.modules.semantic_id.tiger_generation_model][INFO] - [rank: 0] 使用分块生成策略，num_hierarchies=10
[2025-11-14 23:57:38,167][src.models.modules.semantic_id.tiger_generation_model][INFO] - [rank: 0] 使用分块生成策略，num_hierarchies=10
[2025-11-14 23:57:38,758][src.models.modules.semantic_id.tiger_generation_model][INFO] - [rank: 0] 使用分块生成策略，num_hierarchies=10
[2025-11-14 23:57:39,398][src.models.modules.semantic_id.tiger_generation_model][INFO] - [rank: 0] 使用分块生成策略，num_hierarchies=10
[2025-11-14 23:57:39,993][src.models.modules.semantic_id.tiger_generation_model][INFO] - [rank: 0] 使用分块生成策略，num_hierarchies=10
[2025-11-14 23:57:40,600][src.models.modules.semantic_id.tiger_generation_model][INFO] - [rank: 0] 使用分块生成策略，num_hierarchies=10
[2025-11-14 23:57:41,208][src.models.modules.semantic_id.tiger_generation_model][INFO] - [rank: 0] 使用分块生成策略，num_hierarchies=10
[2025-11-14 23:57:41,853][src.models.modules.semantic_id.tiger_generation_model][INFO] - [rank: 0] 使用分块生成策略，num_hierarchies=10
[2025-11-14 23:57:42,590][src.models.modules.semantic_id.tiger_generation_model][INFO] - [rank: 0] 使用分块生成策略，num_hierarchies=10
[2025-11-14 23:57:43,317][src.models.modules.semantic_id.tiger_generation_model][INFO] - [rank: 0] 使用分块生成策略，num_hierarchies=10
[2025-11-14 23:57:43,908][src.models.modules.semantic_id.tiger_generation_model][INFO] - [rank: 0] 使用分块生成策略，num_hierarchies=10
[2025-11-14 23:57:44,605][src.models.modules.semantic_id.tiger_generation_model][INFO] - [rank: 0] 使用分块生成策略，num_hierarchies=10
[2025-11-14 23:57:45,221][src.models.modules.semantic_id.tiger_generation_model][INFO] - [rank: 0] 使用分块生成策略，num_hierarchies=10
[2025-11-14 23:57:45,809][src.models.modules.semantic_id.tiger_generation_model][INFO] - [rank: 0] 使用分块生成策略，num_hierarchies=10
[2025-11-14 23:57:46,429][src.models.modules.semantic_id.tiger_generation_model][INFO] - [rank: 0] 使用分块生成策略，num_hierarchies=10
[2025-11-14 23:57:47,021][src.models.modules.semantic_id.tiger_generation_model][INFO] - [rank: 0] 使用分块生成策略，num_hierarchies=10
[2025-11-14 23:57:47,608][src.models.modules.semantic_id.tiger_generation_model][INFO] - [rank: 0] 使用分块生成策略，num_hierarchies=10
[2025-11-14 23:57:48,374][src.models.modules.semantic_id.tiger_generation_model][INFO] - [rank: 0] 使用分块生成策略，num_hierarchies=10
[2025-11-14 23:57:49,165][src.models.modules.semantic_id.tiger_generation_model][INFO] - [rank: 0] 使用分块生成策略，num_hierarchies=10
[2025-11-14 23:57:49,871][src.models.modules.semantic_id.tiger_generation_model][INFO] - [rank: 0] 使用分块生成策略，num_hierarchies=10
[2025-11-14 23:57:50,397][src.models.modules.semantic_id.tiger_generation_model][INFO] - [rank: 0] 使用分块生成策略，num_hierarchies=10
[2025-11-14 23:57:51,018][src.models.modules.semantic_id.tiger_generation_model][INFO] - [rank: 0] 使用分块生成策略，num_hierarchies=10
[2025-11-14 23:57:51,608][src.models.modules.semantic_id.tiger_generation_model][INFO] - [rank: 0] 使用分块生成策略，num_hierarchies=10
[2025-11-14 23:57:52,212][src.models.modules.semantic_id.tiger_generation_model][INFO] - [rank: 0] 使用分块生成策略，num_hierarchies=10
[2025-11-14 23:57:52,775][src.models.modules.semantic_id.tiger_generation_model][INFO] - [rank: 0] 使用分块生成策略，num_hierarchies=10
[2025-11-14 23:57:53,327][src.models.modules.semantic_id.tiger_generation_model][INFO] - [rank: 0] 使用分块生成策略，num_hierarchies=10
[2025-11-14 23:57:53,898][src.models.modules.semantic_id.tiger_generation_model][INFO] - [rank: 0] 使用分块生成策略，num_hierarchies=10
[2025-11-14 23:57:54,462][src.models.modules.semantic_id.tiger_generation_model][INFO] - [rank: 0] 使用分块生成策略，num_hierarchies=10
[2025-11-14 23:57:55,038][src.models.modules.semantic_id.tiger_generation_model][INFO] - [rank: 0] 使用分块生成策略，num_hierarchies=10
[2025-11-14 23:57:55,642][src.models.modules.semantic_id.tiger_generation_model][INFO] - [rank: 0] 使用分块生成策略，num_hierarchies=10
[2025-11-14 23:57:56,176][src.models.modules.semantic_id.tiger_generation_model][INFO] - [rank: 0] 使用分块生成策略，num_hierarchies=10
[2025-11-14 23:57:56,741][src.models.modules.semantic_id.tiger_generation_model][INFO] - [rank: 0] 使用分块生成策略，num_hierarchies=10
[2025-11-14 23:57:57,295][src.models.modules.semantic_id.tiger_generation_model][INFO] - [rank: 0] 使用分块生成策略，num_hierarchies=10
[2025-11-14 23:57:57,850][src.models.modules.semantic_id.tiger_generation_model][INFO] - [rank: 0] 使用分块生成策略，num_hierarchies=10
[2025-11-14 23:57:58,420][src.models.modules.semantic_id.tiger_generation_model][INFO] - [rank: 0] 使用分块生成策略，num_hierarchies=10
[2025-11-14 23:57:58,951][src.models.modules.semantic_id.tiger_generation_model][INFO] - [rank: 0] 使用分块生成策略，num_hierarchies=10
[2025-11-14 23:57:59,546][src.models.modules.semantic_id.tiger_generation_model][INFO] - [rank: 0] 使用分块生成策略，num_hierarchies=10
[2025-11-14 23:58:00,119][src.models.modules.semantic_id.tiger_generation_model][INFO] - [rank: 0] 使用分块生成策略，num_hierarchies=10
[2025-11-14 23:58:00,731][src.models.modules.semantic_id.tiger_generation_model][INFO] - [rank: 0] 使用分块生成策略，num_hierarchies=10
[2025-11-14 23:58:01,383][src.models.modules.semantic_id.tiger_generation_model][INFO] - [rank: 0] 使用分块生成策略，num_hierarchies=10
[2025-11-14 23:58:02,170][src.models.modules.semantic_id.tiger_generation_model][INFO] - [rank: 0] 使用分块生成策略，num_hierarchies=10
[2025-11-14 23:58:02,792][src.models.modules.semantic_id.tiger_generation_model][INFO] - [rank: 0] 使用分块生成策略，num_hierarchies=10
[2025-11-14 23:58:03,344][src.models.modules.semantic_id.tiger_generation_model][INFO] - [rank: 0] 使用分块生成策略，num_hierarchies=10
[2025-11-14 23:58:03,944][src.models.modules.semantic_id.tiger_generation_model][INFO] - [rank: 0] 使用分块生成策略，num_hierarchies=10
[2025-11-14 23:58:04,517][src.models.modules.semantic_id.tiger_generation_model][INFO] - [rank: 0] 使用分块生成策略，num_hierarchies=10
[2025-11-14 23:58:05,066][src.models.modules.semantic_id.tiger_generation_model][INFO] - [rank: 0] 使用分块生成策略，num_hierarchies=10
[2025-11-14 23:58:05,620][src.models.modules.semantic_id.tiger_generation_model][INFO] - [rank: 0] 使用分块生成策略，num_hierarchies=10
[2025-11-14 23:58:06,195][src.models.modules.semantic_id.tiger_generation_model][INFO] - [rank: 0] 使用分块生成策略，num_hierarchies=10
[2025-11-14 23:58:06,769][src.models.modules.semantic_id.tiger_generation_model][INFO] - [rank: 0] 使用分块生成策略，num_hierarchies=10
[2025-11-14 23:58:07,348][src.models.modules.semantic_id.tiger_generation_model][INFO] - [rank: 0] 使用分块生成策略，num_hierarchies=10
[2025-11-14 23:58:07,904][src.models.modules.semantic_id.tiger_generation_model][INFO] - [rank: 0] 使用分块生成策略，num_hierarchies=10
[2025-11-14 23:58:08,494][src.models.modules.semantic_id.tiger_generation_model][INFO] - [rank: 0] 使用分块生成策略，num_hierarchies=10
[2025-11-14 23:58:09,519][src.models.modules.semantic_id.tiger_generation_model][INFO] - [rank: 0] 使用分块生成策略，num_hierarchies=10
[2025-11-14 23:58:10,265][src.models.modules.semantic_id.tiger_generation_model][INFO] - [rank: 0] 使用分块生成策略，num_hierarchies=10
[2025-11-14 23:58:10,921][src.models.modules.semantic_id.tiger_generation_model][INFO] - [rank: 0] 使用分块生成策略，num_hierarchies=10
[2025-11-14 23:58:11,824][src.models.modules.semantic_id.tiger_generation_model][INFO] - [rank: 0] 使用分块生成策略，num_hierarchies=10
[2025-11-14 23:58:12,419][src.models.modules.semantic_id.tiger_generation_model][INFO] - [rank: 0] 使用分块生成策略，num_hierarchies=10
[2025-11-14 23:58:13,050][src.models.modules.semantic_id.tiger_generation_model][INFO] - [rank: 0] 使用分块生成策略，num_hierarchies=10
[2025-11-14 23:58:13,625][src.models.modules.semantic_id.tiger_generation_model][INFO] - [rank: 0] 使用分块生成策略，num_hierarchies=10
[2025-11-14 23:58:14,174][src.models.modules.semantic_id.tiger_generation_model][INFO] - [rank: 0] 使用分块生成策略，num_hierarchies=10
[2025-11-14 23:58:14,711][src.models.modules.semantic_id.tiger_generation_model][INFO] - [rank: 0] 使用分块生成策略，num_hierarchies=10
[2025-11-14 23:58:15,340][src.models.modules.semantic_id.tiger_generation_model][INFO] - [rank: 0] 使用分块生成策略，num_hierarchies=10
[2025-11-14 23:58:16,028][src.models.modules.semantic_id.tiger_generation_model][INFO] - [rank: 0] 使用分块生成策略，num_hierarchies=10
[2025-11-14 23:58:16,796][src.models.modules.semantic_id.tiger_generation_model][INFO] - [rank: 0] 使用分块生成策略，num_hierarchies=10
[2025-11-14 23:58:17,463][src.models.modules.semantic_id.tiger_generation_model][INFO] - [rank: 0] 使用分块生成策略，num_hierarchies=10
[2025-11-14 23:58:18,067][src.models.modules.semantic_id.tiger_generation_model][INFO] - [rank: 0] 使用分块生成策略，num_hierarchies=10
[2025-11-14 23:58:18,659][src.models.modules.semantic_id.tiger_generation_model][INFO] - [rank: 0] 使用分块生成策略，num_hierarchies=10
[2025-11-14 23:58:19,283][src.models.modules.semantic_id.tiger_generation_model][INFO] - [rank: 0] 使用分块生成策略，num_hierarchies=10
[2025-11-14 23:58:19,879][src.models.modules.semantic_id.tiger_generation_model][INFO] - [rank: 0] 使用分块生成策略，num_hierarchies=10
[2025-11-14 23:58:20,496][src.models.modules.semantic_id.tiger_generation_model][INFO] - [rank: 0] 使用分块生成策略，num_hierarchies=10
[2025-11-14 23:58:21,102][src.models.modules.semantic_id.tiger_generation_model][INFO] - [rank: 0] 使用分块生成策略，num_hierarchies=10
[2025-11-14 23:58:21,705][src.models.modules.semantic_id.tiger_generation_model][INFO] - [rank: 0] 使用分块生成策略，num_hierarchies=10
[2025-11-14 23:58:22,302][src.models.modules.semantic_id.tiger_generation_model][INFO] - [rank: 0] 使用分块生成策略，num_hierarchies=10
[2025-11-14 23:58:22,916][src.models.modules.semantic_id.tiger_generation_model][INFO] - [rank: 0] 使用分块生成策略，num_hierarchies=10
[2025-11-14 23:58:23,519][src.models.modules.semantic_id.tiger_generation_model][INFO] - [rank: 0] 使用分块生成策略，num_hierarchies=10
[2025-11-14 23:58:24,122][src.models.modules.semantic_id.tiger_generation_model][INFO] - [rank: 0] 使用分块生成策略，num_hierarchies=10
[2025-11-14 23:58:24,696][src.models.modules.semantic_id.tiger_generation_model][INFO] - [rank: 0] 使用分块生成策略，num_hierarchies=10
[2025-11-14 23:58:25,356][src.models.modules.semantic_id.tiger_generation_model][INFO] - [rank: 0] 使用分块生成策略，num_hierarchies=10
[2025-11-14 23:58:25,974][src.models.modules.semantic_id.tiger_generation_model][INFO] - [rank: 0] 使用分块生成策略，num_hierarchies=10
[2025-11-14 23:58:26,587][src.models.modules.semantic_id.tiger_generation_model][INFO] - [rank: 0] 使用分块生成策略，num_hierarchies=10
[2025-11-14 23:58:27,375][src.models.modules.semantic_id.tiger_generation_model][INFO] - [rank: 0] 使用分块生成策略，num_hierarchies=10
[2025-11-14 23:58:28,088][src.models.modules.semantic_id.tiger_generation_model][INFO] - [rank: 0] 使用分块生成策略，num_hierarchies=10
[2025-11-14 23:58:28,737][src.models.modules.semantic_id.tiger_generation_model][INFO] - [rank: 0] 使用分块生成策略，num_hierarchies=10
[2025-11-14 23:58:29,339][src.models.modules.semantic_id.tiger_generation_model][INFO] - [rank: 0] 使用分块生成策略，num_hierarchies=10
[2025-11-14 23:58:29,975][src.models.modules.semantic_id.tiger_generation_model][INFO] - [rank: 0] 使用分块生成策略，num_hierarchies=10
[2025-11-14 23:58:30,598][src.models.modules.semantic_id.tiger_generation_model][INFO] - [rank: 0] 使用分块生成策略，num_hierarchies=10
[2025-11-14 23:58:31,159][src.models.modules.semantic_id.tiger_generation_model][INFO] - [rank: 0] 使用分块生成策略，num_hierarchies=10
[2025-11-14 23:58:31,699][src.models.modules.semantic_id.tiger_generation_model][INFO] - [rank: 0] 使用分块生成策略，num_hierarchies=10
[2025-11-14 23:58:32,242][src.models.modules.semantic_id.tiger_generation_model][INFO] - [rank: 0] 使用分块生成策略，num_hierarchies=10
[2025-11-14 23:58:32,788][src.models.modules.semantic_id.tiger_generation_model][INFO] - [rank: 0] 使用分块生成策略，num_hierarchies=10
[2025-11-14 23:58:33,352][src.models.modules.semantic_id.tiger_generation_model][INFO] - [rank: 0] 使用分块生成策略，num_hierarchies=10
[2025-11-14 23:58:33,909][src.models.modules.semantic_id.tiger_generation_model][INFO] - [rank: 0] 使用分块生成策略，num_hierarchies=10
[2025-11-14 23:58:34,447][src.models.modules.semantic_id.tiger_generation_model][INFO] - [rank: 0] 使用分块生成策略，num_hierarchies=10
[2025-11-14 23:58:35,199][src.models.modules.semantic_id.tiger_generation_model][INFO] - [rank: 0] 使用分块生成策略，num_hierarchies=10
[2025-11-14 23:58:35,869][src.models.modules.semantic_id.tiger_generation_model][INFO] - [rank: 0] 使用分块生成策略，num_hierarchies=10
[2025-11-14 23:58:36,361][src.models.modules.semantic_id.tiger_generation_model][INFO] - [rank: 0] 使用分块生成策略，num_hierarchies=10
[2025-11-14 23:58:36,924][src.models.modules.semantic_id.tiger_generation_model][INFO] - [rank: 0] 使用分块生成策略，num_hierarchies=10
[2025-11-14 23:58:37,516][src.models.modules.semantic_id.tiger_generation_model][INFO] - [rank: 0] 使用分块生成策略，num_hierarchies=10
[2025-11-14 23:58:38,109][src.models.modules.semantic_id.tiger_generation_model][INFO] - [rank: 0] 使用分块生成策略，num_hierarchies=10
[2025-11-14 23:58:38,686][src.models.modules.semantic_id.tiger_generation_model][INFO] - [rank: 0] 使用分块生成策略，num_hierarchies=10
[2025-11-14 23:58:39,263][src.models.modules.semantic_id.tiger_generation_model][INFO] - [rank: 0] 使用分块生成策略，num_hierarchies=10
[2025-11-14 23:58:39,859][src.models.modules.semantic_id.tiger_generation_model][INFO] - [rank: 0] 使用分块生成策略，num_hierarchies=10
[2025-11-14 23:58:40,435][src.models.modules.semantic_id.tiger_generation_model][INFO] - [rank: 0] 使用分块生成策略，num_hierarchies=10
[2025-11-14 23:58:41,003][src.models.modules.semantic_id.tiger_generation_model][INFO] - [rank: 0] 使用分块生成策略，num_hierarchies=10
[2025-11-14 23:58:41,580][src.models.modules.semantic_id.tiger_generation_model][INFO] - [rank: 0] 使用分块生成策略，num_hierarchies=10
[2025-11-14 23:58:42,152][src.models.modules.semantic_id.tiger_generation_model][INFO] - [rank: 0] 使用分块生成策略，num_hierarchies=10
[2025-11-14 23:58:42,728][src.models.modules.semantic_id.tiger_generation_model][INFO] - [rank: 0] 使用分块生成策略，num_hierarchies=10
[2025-11-14 23:58:43,313][src.models.modules.semantic_id.tiger_generation_model][INFO] - [rank: 0] 使用分块生成策略，num_hierarchies=10
[2025-11-14 23:58:44,085][src.models.modules.semantic_id.tiger_generation_model][INFO] - [rank: 0] 使用分块生成策略，num_hierarchies=10
[2025-11-14 23:58:44,818][src.models.modules.semantic_id.tiger_generation_model][INFO] - [rank: 0] 使用分块生成策略，num_hierarchies=10
[2025-11-14 23:58:45,489][src.models.modules.semantic_id.tiger_generation_model][INFO] - [rank: 0] 使用分块生成策略，num_hierarchies=10
[2025-11-14 23:58:46,032][src.models.modules.semantic_id.tiger_generation_model][INFO] - [rank: 0] 使用分块生成策略，num_hierarchies=10
[2025-11-14 23:58:46,626][src.models.modules.semantic_id.tiger_generation_model][INFO] - [rank: 0] 使用分块生成策略，num_hierarchies=10
[2025-11-14 23:58:47,215][src.models.modules.semantic_id.tiger_generation_model][INFO] - [rank: 0] 使用分块生成策略，num_hierarchies=10
[2025-11-14 23:58:47,810][src.models.modules.semantic_id.tiger_generation_model][INFO] - [rank: 0] 使用分块生成策略，num_hierarchies=10
[2025-11-14 23:58:48,375][src.models.modules.semantic_id.tiger_generation_model][INFO] - [rank: 0] 使用分块生成策略，num_hierarchies=10
[2025-11-14 23:58:48,976][src.models.modules.semantic_id.tiger_generation_model][INFO] - [rank: 0] 使用分块生成策略，num_hierarchies=10
[2025-11-14 23:58:49,551][src.models.modules.semantic_id.tiger_generation_model][INFO] - [rank: 0] 使用分块生成策略，num_hierarchies=10
[2025-11-14 23:58:50,127][src.models.modules.semantic_id.tiger_generation_model][INFO] - [rank: 0] 使用分块生成策略，num_hierarchies=10
[2025-11-14 23:58:50,719][src.models.modules.semantic_id.tiger_generation_model][INFO] - [rank: 0] 使用分块生成策略，num_hierarchies=10
[2025-11-14 23:58:51,322][src.models.modules.semantic_id.tiger_generation_model][INFO] - [rank: 0] 使用分块生成策略，num_hierarchies=10
[2025-11-14 23:58:51,952][src.models.modules.semantic_id.tiger_generation_model][INFO] - [rank: 0] 使用分块生成策略，num_hierarchies=10
[2025-11-14 23:58:52,545][src.models.modules.semantic_id.tiger_generation_model][INFO] - [rank: 0] 使用分块生成策略，num_hierarchies=10
[2025-11-14 23:58:53,138][src.models.modules.semantic_id.tiger_generation_model][INFO] - [rank: 0] 使用分块生成策略，num_hierarchies=10
[2025-11-14 23:58:53,942][src.models.modules.semantic_id.tiger_generation_model][INFO] - [rank: 0] 使用分块生成策略，num_hierarchies=10
[2025-11-14 23:58:54,569][src.models.modules.semantic_id.tiger_generation_model][INFO] - [rank: 0] 使用分块生成策略，num_hierarchies=10
[2025-11-14 23:58:55,276][src.models.modules.semantic_id.tiger_generation_model][INFO] - [rank: 0] 使用分块生成策略，num_hierarchies=10
[2025-11-14 23:58:55,810][src.models.modules.semantic_id.tiger_generation_model][INFO] - [rank: 0] 使用分块生成策略，num_hierarchies=10
[2025-11-14 23:58:56,395][src.models.modules.semantic_id.tiger_generation_model][INFO] - [rank: 0] 使用分块生成策略，num_hierarchies=10
[2025-11-14 23:58:56,976][src.models.modules.semantic_id.tiger_generation_model][INFO] - [rank: 0] 使用分块生成策略，num_hierarchies=10
[2025-11-14 23:58:57,552][src.models.modules.semantic_id.tiger_generation_model][INFO] - [rank: 0] 使用分块生成策略，num_hierarchies=10
[2025-11-14 23:58:58,141][src.models.modules.semantic_id.tiger_generation_model][INFO] - [rank: 0] 使用分块生成策略，num_hierarchies=10
[2025-11-14 23:58:58,728][src.models.modules.semantic_id.tiger_generation_model][INFO] - [rank: 0] 使用分块生成策略，num_hierarchies=10
[2025-11-14 23:58:59,311][src.models.modules.semantic_id.tiger_generation_model][INFO] - [rank: 0] 使用分块生成策略，num_hierarchies=10
[2025-11-14 23:58:59,900][src.models.modules.semantic_id.tiger_generation_model][INFO] - [rank: 0] 使用分块生成策略，num_hierarchies=10
[2025-11-14 23:59:00,488][src.models.modules.semantic_id.tiger_generation_model][INFO] - [rank: 0] 使用分块生成策略，num_hierarchies=10
[2025-11-14 23:59:01,057][src.models.modules.semantic_id.tiger_generation_model][INFO] - [rank: 0] 使用分块生成策略，num_hierarchies=10
[2025-11-14 23:59:01,672][src.models.modules.semantic_id.tiger_generation_model][INFO] - [rank: 0] 使用分块生成策略，num_hierarchies=10
[2025-11-14 23:59:02,254][src.models.modules.semantic_id.tiger_generation_model][INFO] - [rank: 0] 使用分块生成策略，num_hierarchies=10
[2025-11-14 23:59:02,884][src.models.modules.semantic_id.tiger_generation_model][INFO] - [rank: 0] 使用分块生成策略，num_hierarchies=10
[2025-11-14 23:59:03,511][src.models.modules.semantic_id.tiger_generation_model][INFO] - [rank: 0] 使用分块生成策略，num_hierarchies=10
[2025-11-14 23:59:04,278][src.models.modules.semantic_id.tiger_generation_model][INFO] - [rank: 0] 使用分块生成策略，num_hierarchies=10
[2025-11-14 23:59:04,962][src.models.modules.semantic_id.tiger_generation_model][INFO] - [rank: 0] 使用分块生成策略，num_hierarchies=10
[2025-11-14 23:59:05,529][src.models.modules.semantic_id.tiger_generation_model][INFO] - [rank: 0] 使用分块生成策略，num_hierarchies=10
[2025-11-14 23:59:06,136][src.models.modules.semantic_id.tiger_generation_model][INFO] - [rank: 0] 使用分块生成策略，num_hierarchies=10
[2025-11-14 23:59:06,735][src.models.modules.semantic_id.tiger_generation_model][INFO] - [rank: 0] 使用分块生成策略，num_hierarchies=10
[2025-11-14 23:59:07,328][src.models.modules.semantic_id.tiger_generation_model][INFO] - [rank: 0] 使用分块生成策略，num_hierarchies=10
[2025-11-14 23:59:07,918][src.models.modules.semantic_id.tiger_generation_model][INFO] - [rank: 0] 使用分块生成策略，num_hierarchies=10
[2025-11-14 23:59:08,521][src.models.modules.semantic_id.tiger_generation_model][INFO] - [rank: 0] 使用分块生成策略，num_hierarchies=10
[2025-11-14 23:59:09,090][src.models.modules.semantic_id.tiger_generation_model][INFO] - [rank: 0] 使用分块生成策略，num_hierarchies=10
[2025-11-14 23:59:09,655][src.models.modules.semantic_id.tiger_generation_model][INFO] - [rank: 0] 使用分块生成策略，num_hierarchies=10
[2025-11-14 23:59:10,221][src.models.modules.semantic_id.tiger_generation_model][INFO] - [rank: 0] 使用分块生成策略，num_hierarchies=10
[2025-11-14 23:59:10,810][src.models.modules.semantic_id.tiger_generation_model][INFO] - [rank: 0] 使用分块生成策略，num_hierarchies=10
[2025-11-14 23:59:11,378][src.models.modules.semantic_id.tiger_generation_model][INFO] - [rank: 0] 使用分块生成策略，num_hierarchies=10
[2025-11-14 23:59:11,957][src.models.modules.semantic_id.tiger_generation_model][INFO] - [rank: 0] 使用分块生成策略，num_hierarchies=10
[2025-11-14 23:59:12,559][src.models.modules.semantic_id.tiger_generation_model][INFO] - [rank: 0] 使用分块生成策略，num_hierarchies=10
[2025-11-14 23:59:13,232][src.models.modules.semantic_id.tiger_generation_model][INFO] - [rank: 0] 使用分块生成策略，num_hierarchies=10
[2025-11-14 23:59:14,000][src.models.modules.semantic_id.tiger_generation_model][INFO] - [rank: 0] 使用分块生成策略，num_hierarchies=10
[2025-11-14 23:59:14,669][src.models.modules.semantic_id.tiger_generation_model][INFO] - [rank: 0] 使用分块生成策略，num_hierarchies=10
[2025-11-14 23:59:15,190][src.models.modules.semantic_id.tiger_generation_model][INFO] - [rank: 0] 使用分块生成策略，num_hierarchies=10
[2025-11-14 23:59:15,761][src.models.modules.semantic_id.tiger_generation_model][INFO] - [rank: 0] 使用分块生成策略，num_hierarchies=10
[2025-11-14 23:59:16,348][src.models.modules.semantic_id.tiger_generation_model][INFO] - [rank: 0] 使用分块生成策略，num_hierarchies=10
[2025-11-14 23:59:16,923][src.models.modules.semantic_id.tiger_generation_model][INFO] - [rank: 0] 使用分块生成策略，num_hierarchies=10
[2025-11-14 23:59:17,501][src.models.modules.semantic_id.tiger_generation_model][INFO] - [rank: 0] 使用分块生成策略，num_hierarchies=10
[2025-11-14 23:59:18,111][src.models.modules.semantic_id.tiger_generation_model][INFO] - [rank: 0] 使用分块生成策略，num_hierarchies=10
[2025-11-14 23:59:18,672][src.models.modules.semantic_id.tiger_generation_model][INFO] - [rank: 0] 使用分块生成策略，num_hierarchies=10
[2025-11-14 23:59:19,292][src.models.modules.semantic_id.tiger_generation_model][INFO] - [rank: 0] 使用分块生成策略，num_hierarchies=10
[2025-11-14 23:59:19,855][src.models.modules.semantic_id.tiger_generation_model][INFO] - [rank: 0] 使用分块生成策略，num_hierarchies=10
[2025-11-14 23:59:20,461][src.models.modules.semantic_id.tiger_generation_model][INFO] - [rank: 0] 使用分块生成策略，num_hierarchies=10
[2025-11-14 23:59:21,056][src.models.modules.semantic_id.tiger_generation_model][INFO] - [rank: 0] 使用分块生成策略，num_hierarchies=10
[2025-11-14 23:59:21,644][src.models.modules.semantic_id.tiger_generation_model][INFO] - [rank: 0] 使用分块生成策略，num_hierarchies=10
[2025-11-14 23:59:22,381][src.models.modules.semantic_id.tiger_generation_model][INFO] - [rank: 0] 使用分块生成策略，num_hierarchies=10
[2025-11-14 23:59:23,120][src.models.modules.semantic_id.tiger_generation_model][INFO] - [rank: 0] 使用分块生成策略，num_hierarchies=10
[2025-11-14 23:59:23,873][src.models.modules.semantic_id.tiger_generation_model][INFO] - [rank: 0] 使用分块生成策略，num_hierarchies=10
[2025-11-14 23:59:24,452][src.models.modules.semantic_id.tiger_generation_model][INFO] - [rank: 0] 使用分块生成策略，num_hierarchies=10
[2025-11-14 23:59:25,064][src.models.modules.semantic_id.tiger_generation_model][INFO] - [rank: 0] 使用分块生成策略，num_hierarchies=10
[2025-11-14 23:59:25,651][src.models.modules.semantic_id.tiger_generation_model][INFO] - [rank: 0] 使用分块生成策略，num_hierarchies=10
[2025-11-14 23:59:26,261][src.models.modules.semantic_id.tiger_generation_model][INFO] - [rank: 0] 使用分块生成策略，num_hierarchies=10
[2025-11-14 23:59:26,865][src.models.modules.semantic_id.tiger_generation_model][INFO] - [rank: 0] 使用分块生成策略，num_hierarchies=10
[2025-11-14 23:59:27,449][src.models.modules.semantic_id.tiger_generation_model][INFO] - [rank: 0] 使用分块生成策略，num_hierarchies=10
[2025-11-14 23:59:28,061][src.models.modules.semantic_id.tiger_generation_model][INFO] - [rank: 0] 使用分块生成策略，num_hierarchies=10
[2025-11-14 23:59:28,634][src.models.modules.semantic_id.tiger_generation_model][INFO] - [rank: 0] 使用分块生成策略，num_hierarchies=10
[2025-11-14 23:59:29,203][src.models.modules.semantic_id.tiger_generation_model][INFO] - [rank: 0] 使用分块生成策略，num_hierarchies=10
[2025-11-14 23:59:29,757][src.models.modules.semantic_id.tiger_generation_model][INFO] - [rank: 0] 使用分块生成策略，num_hierarchies=10
[2025-11-14 23:59:30,311][src.models.modules.semantic_id.tiger_generation_model][INFO] - [rank: 0] 使用分块生成策略，num_hierarchies=10
[2025-11-14 23:59:30,919][src.models.modules.semantic_id.tiger_generation_model][INFO] - [rank: 0] 使用分块生成策略，num_hierarchies=10
[2025-11-14 23:59:31,531][src.models.modules.semantic_id.tiger_generation_model][INFO] - [rank: 0] 使用分块生成策略，num_hierarchies=10
[2025-11-14 23:59:32,058][src.models.modules.semantic_id.tiger_generation_model][INFO] - [rank: 0] 使用分块生成策略，num_hierarchies=10
[2025-11-14 23:59:32,569][src.models.modules.semantic_id.tiger_generation_model][INFO] - [rank: 0] 使用分块生成策略，num_hierarchies=10
[2025-11-14 23:59:33,121][src.models.modules.semantic_id.tiger_generation_model][INFO] - [rank: 0] 使用分块生成策略，num_hierarchies=10
[2025-11-14 23:59:33,682][src.models.modules.semantic_id.tiger_generation_model][INFO] - [rank: 0] 使用分块生成策略，num_hierarchies=10
[2025-11-14 23:59:34,234][src.models.modules.semantic_id.tiger_generation_model][INFO] - [rank: 0] 使用分块生成策略，num_hierarchies=10
[2025-11-14 23:59:34,814][src.models.modules.semantic_id.tiger_generation_model][INFO] - [rank: 0] 使用分块生成策略，num_hierarchies=10
[2025-11-14 23:59:35,406][src.models.modules.semantic_id.tiger_generation_model][INFO] - [rank: 0] 使用分块生成策略，num_hierarchies=10
[2025-11-14 23:59:35,982][src.models.modules.semantic_id.tiger_generation_model][INFO] - [rank: 0] 使用分块生成策略，num_hierarchies=10
[2025-11-14 23:59:36,554][src.models.modules.semantic_id.tiger_generation_model][INFO] - [rank: 0] 使用分块生成策略，num_hierarchies=10
[2025-11-14 23:59:37,115][src.models.modules.semantic_id.tiger_generation_model][INFO] - [rank: 0] 使用分块生成策略，num_hierarchies=10
[2025-11-14 23:59:37,675][src.models.modules.semantic_id.tiger_generation_model][INFO] - [rank: 0] 使用分块生成策略，num_hierarchies=10
[2025-11-14 23:59:38,366][src.models.modules.semantic_id.tiger_generation_model][INFO] - [rank: 0] 使用分块生成策略，num_hierarchies=10
[2025-11-14 23:59:39,238][src.models.modules.semantic_id.tiger_generation_model][INFO] - [rank: 0] 使用分块生成策略，num_hierarchies=10
[2025-11-14 23:59:39,934][src.models.modules.semantic_id.tiger_generation_model][INFO] - [rank: 0] 使用分块生成策略，num_hierarchies=10
[2025-11-14 23:59:40,635][src.models.modules.semantic_id.tiger_generation_model][INFO] - [rank: 0] 使用分块生成策略，num_hierarchies=10
[2025-11-14 23:59:41,183][src.models.modules.semantic_id.tiger_generation_model][INFO] - [rank: 0] 使用分块生成策略，num_hierarchies=10
[2025-11-14 23:59:41,763][src.models.modules.semantic_id.tiger_generation_model][INFO] - [rank: 0] 使用分块生成策略，num_hierarchies=10
[2025-11-14 23:59:42,369][src.models.modules.semantic_id.tiger_generation_model][INFO] - [rank: 0] 使用分块生成策略，num_hierarchies=10
[2025-11-14 23:59:42,977][src.models.modules.semantic_id.tiger_generation_model][INFO] - [rank: 0] 使用分块生成策略，num_hierarchies=10
[2025-11-14 23:59:43,562][src.models.modules.semantic_id.tiger_generation_model][INFO] - [rank: 0] 使用分块生成策略，num_hierarchies=10
[2025-11-14 23:59:44,157][src.models.modules.semantic_id.tiger_generation_model][INFO] - [rank: 0] 使用分块生成策略，num_hierarchies=10
[2025-11-14 23:59:44,741][src.models.modules.semantic_id.tiger_generation_model][INFO] - [rank: 0] 使用分块生成策略，num_hierarchies=10
[2025-11-14 23:59:45,353][src.models.modules.semantic_id.tiger_generation_model][INFO] - [rank: 0] 使用分块生成策略，num_hierarchies=10
[2025-11-14 23:59:45,923][src.models.modules.semantic_id.tiger_generation_model][INFO] - [rank: 0] 使用分块生成策略，num_hierarchies=10
[2025-11-14 23:59:46,600][src.models.modules.semantic_id.tiger_generation_model][INFO] - [rank: 0] 使用分块生成策略，num_hierarchies=10
[2025-11-14 23:59:47,184][src.models.modules.semantic_id.tiger_generation_model][INFO] - [rank: 0] 使用分块生成策略，num_hierarchies=10
[2025-11-14 23:59:47,807][src.models.modules.semantic_id.tiger_generation_model][INFO] - [rank: 0] 使用分块生成策略，num_hierarchies=10
[2025-11-14 23:59:48,389][src.models.modules.semantic_id.tiger_generation_model][INFO] - [rank: 0] 使用分块生成策略，num_hierarchies=10
[2025-11-14 23:59:49,127][src.models.modules.semantic_id.tiger_generation_model][INFO] - [rank: 0] 使用分块生成策略，num_hierarchies=10
[2025-11-14 23:59:49,780][src.models.modules.semantic_id.tiger_generation_model][INFO] - [rank: 0] 使用分块生成策略，num_hierarchies=10
[2025-11-14 23:59:50,317][src.models.modules.semantic_id.tiger_generation_model][INFO] - [rank: 0] 使用分块生成策略，num_hierarchies=10
[2025-11-14 23:59:51,221][src.models.modules.semantic_id.tiger_generation_model][INFO] - [rank: 0] 使用分块生成策略，num_hierarchies=10
[2025-11-14 23:59:51,875][src.models.modules.semantic_id.tiger_generation_model][INFO] - [rank: 0] 使用分块生成策略，num_hierarchies=10
[2025-11-14 23:59:52,447][src.models.modules.semantic_id.tiger_generation_model][INFO] - [rank: 0] 使用分块生成策略，num_hierarchies=10
[2025-11-14 23:59:53,024][src.models.modules.semantic_id.tiger_generation_model][INFO] - [rank: 0] 使用分块生成策略，num_hierarchies=10
[2025-11-14 23:59:53,604][src.models.modules.semantic_id.tiger_generation_model][INFO] - [rank: 0] 使用分块生成策略，num_hierarchies=10
[2025-11-14 23:59:54,195][src.models.modules.semantic_id.tiger_generation_model][INFO] - [rank: 0] 使用分块生成策略，num_hierarchies=10
[2025-11-14 23:59:54,775][src.models.modules.semantic_id.tiger_generation_model][INFO] - [rank: 0] 使用分块生成策略，num_hierarchies=10
[2025-11-14 23:59:55,362][src.models.modules.semantic_id.tiger_generation_model][INFO] - [rank: 0] 使用分块生成策略，num_hierarchies=10
[2025-11-14 23:59:56,107][src.models.modules.semantic_id.tiger_generation_model][INFO] - [rank: 0] 使用分块生成策略，num_hierarchies=10
[2025-11-14 23:59:56,893][src.models.modules.semantic_id.tiger_generation_model][INFO] - [rank: 0] 使用分块生成策略，num_hierarchies=10
[2025-11-14 23:59:57,635][src.models.modules.semantic_id.tiger_generation_model][INFO] - [rank: 0] 使用分块生成策略，num_hierarchies=10
[2025-11-14 23:59:58,220][src.models.modules.semantic_id.tiger_generation_model][INFO] - [rank: 0] 使用分块生成策略，num_hierarchies=10
[2025-11-14 23:59:58,828][src.models.modules.semantic_id.tiger_generation_model][INFO] - [rank: 0] 使用分块生成策略，num_hierarchies=10
[2025-11-14 23:59:59,428][src.models.modules.semantic_id.tiger_generation_model][INFO] - [rank: 0] 使用分块生成策略，num_hierarchies=10
[2025-11-15 00:00:00,009][src.models.modules.semantic_id.tiger_generation_model][INFO] - [rank: 0] 使用分块生成策略，num_hierarchies=10
[2025-11-15 00:00:00,615][src.models.modules.semantic_id.tiger_generation_model][INFO] - [rank: 0] 使用分块生成策略，num_hierarchies=10
[2025-11-15 00:00:01,189][src.models.modules.semantic_id.tiger_generation_model][INFO] - [rank: 0] 使用分块生成策略，num_hierarchies=10
[2025-11-15 00:00:01,784][src.models.modules.semantic_id.tiger_generation_model][INFO] - [rank: 0] 使用分块生成策略，num_hierarchies=10
[2025-11-15 00:00:02,399][src.models.modules.semantic_id.tiger_generation_model][INFO] - [rank: 0] 使用分块生成策略，num_hierarchies=10
[2025-11-15 00:00:02,975][src.models.modules.semantic_id.tiger_generation_model][INFO] - [rank: 0] 使用分块生成策略，num_hierarchies=10
[2025-11-15 00:00:03,553][src.models.modules.semantic_id.tiger_generation_model][INFO] - [rank: 0] 使用分块生成策略，num_hierarchies=10
[2025-11-15 00:00:04,163][src.models.modules.semantic_id.tiger_generation_model][INFO] - [rank: 0] 使用分块生成策略，num_hierarchies=10
[2025-11-15 00:00:04,750][src.models.modules.semantic_id.tiger_generation_model][INFO] - [rank: 0] 使用分块生成策略，num_hierarchies=10
[2025-11-15 00:00:05,411][src.models.modules.semantic_id.tiger_generation_model][INFO] - [rank: 0] 使用分块生成策略，num_hierarchies=10
[2025-11-15 00:00:06,175][src.models.modules.semantic_id.tiger_generation_model][INFO] - [rank: 0] 使用分块生成策略，num_hierarchies=10
[2025-11-15 00:00:06,813][src.models.modules.semantic_id.tiger_generation_model][INFO] - [rank: 0] 使用分块生成策略，num_hierarchies=10
[2025-11-15 00:00:07,356][src.models.modules.semantic_id.tiger_generation_model][INFO] - [rank: 0] 使用分块生成策略，num_hierarchies=10
[2025-11-15 00:00:07,948][src.models.modules.semantic_id.tiger_generation_model][INFO] - [rank: 0] 使用分块生成策略，num_hierarchies=10
[2025-11-15 00:00:08,530][src.models.modules.semantic_id.tiger_generation_model][INFO] - [rank: 0] 使用分块生成策略，num_hierarchies=10
[2025-11-15 00:00:09,099][src.models.modules.semantic_id.tiger_generation_model][INFO] - [rank: 0] 使用分块生成策略，num_hierarchies=10
[2025-11-15 00:00:09,671][src.models.modules.semantic_id.tiger_generation_model][INFO] - [rank: 0] 使用分块生成策略，num_hierarchies=10
[2025-11-15 00:00:10,261][src.models.modules.semantic_id.tiger_generation_model][INFO] - [rank: 0] 使用分块生成策略，num_hierarchies=10
[2025-11-15 00:00:10,839][src.models.modules.semantic_id.tiger_generation_model][INFO] - [rank: 0] 使用分块生成策略，num_hierarchies=10
[2025-11-15 00:00:11,400][src.models.modules.semantic_id.tiger_generation_model][INFO] - [rank: 0] 使用分块生成策略，num_hierarchies=10
[2025-11-15 00:00:12,004][src.models.modules.semantic_id.tiger_generation_model][INFO] - [rank: 0] 使用分块生成策略，num_hierarchies=10
[2025-11-15 00:00:12,583][src.models.modules.semantic_id.tiger_generation_model][INFO] - [rank: 0] 使用分块生成策略，num_hierarchies=10
[2025-11-15 00:00:13,165][src.models.modules.semantic_id.tiger_generation_model][INFO] - [rank: 0] 使用分块生成策略，num_hierarchies=10
[2025-11-15 00:00:13,764][src.models.modules.semantic_id.tiger_generation_model][INFO] - [rank: 0] 使用分块生成策略，num_hierarchies=10
[2025-11-15 00:00:14,385][src.models.modules.semantic_id.tiger_generation_model][INFO] - [rank: 0] 使用分块生成策略，num_hierarchies=10
[2025-11-15 00:00:15,180][src.models.modules.semantic_id.tiger_generation_model][INFO] - [rank: 0] 使用分块生成策略，num_hierarchies=10
[2025-11-15 00:00:15,924][src.models.modules.semantic_id.tiger_generation_model][INFO] - [rank: 0] 使用分块生成策略，num_hierarchies=10
[2025-11-15 00:00:16,553][src.models.modules.semantic_id.tiger_generation_model][INFO] - [rank: 0] 使用分块生成策略，num_hierarchies=10
[2025-11-15 00:00:17,115][src.models.modules.semantic_id.tiger_generation_model][INFO] - [rank: 0] 使用分块生成策略，num_hierarchies=10
[2025-11-15 00:00:17,733][src.models.modules.semantic_id.tiger_generation_model][INFO] - [rank: 0] 使用分块生成策略，num_hierarchies=10
[2025-11-15 00:00:18,336][src.models.modules.semantic_id.tiger_generation_model][INFO] - [rank: 0] 使用分块生成策略，num_hierarchies=10
[2025-11-15 00:00:18,955][src.models.modules.semantic_id.tiger_generation_model][INFO] - [rank: 0] 使用分块生成策略，num_hierarchies=10
[2025-11-15 00:00:19,576][src.models.modules.semantic_id.tiger_generation_model][INFO] - [rank: 0] 使用分块生成策略，num_hierarchies=10
[2025-11-15 00:00:20,176][src.models.modules.semantic_id.tiger_generation_model][INFO] - [rank: 0] 使用分块生成策略，num_hierarchies=10
[2025-11-15 00:00:20,772][src.models.modules.semantic_id.tiger_generation_model][INFO] - [rank: 0] 使用分块生成策略，num_hierarchies=10
[2025-11-15 00:00:21,378][src.models.modules.semantic_id.tiger_generation_model][INFO] - [rank: 0] 使用分块生成策略，num_hierarchies=10
[2025-11-15 00:00:21,978][src.models.modules.semantic_id.tiger_generation_model][INFO] - [rank: 0] 使用分块生成策略，num_hierarchies=10
[2025-11-15 00:00:22,581][src.models.modules.semantic_id.tiger_generation_model][INFO] - [rank: 0] 使用分块生成策略，num_hierarchies=10
[2025-11-15 00:00:23,188][src.models.modules.semantic_id.tiger_generation_model][INFO] - [rank: 0] 使用分块生成策略，num_hierarchies=10
[2025-11-15 00:00:23,803][src.models.modules.semantic_id.tiger_generation_model][INFO] - [rank: 0] 使用分块生成策略，num_hierarchies=10
[2025-11-15 00:00:24,407][src.models.modules.semantic_id.tiger_generation_model][INFO] - [rank: 0] 使用分块生成策略，num_hierarchies=10
[2025-11-15 00:00:25,023][src.models.modules.semantic_id.tiger_generation_model][INFO] - [rank: 0] 使用分块生成策略，num_hierarchies=10
[2025-11-15 00:00:25,795][src.models.modules.semantic_id.tiger_generation_model][INFO] - [rank: 0] 使用分块生成策略，num_hierarchies=10
[2025-11-15 00:00:26,488][src.models.modules.semantic_id.tiger_generation_model][INFO] - [rank: 0] 使用分块生成策略，num_hierarchies=10
[2025-11-15 00:00:27,198][src.models.modules.semantic_id.tiger_generation_model][INFO] - [rank: 0] 使用分块生成策略，num_hierarchies=10
[2025-11-15 00:00:27,732][src.models.modules.semantic_id.tiger_generation_model][INFO] - [rank: 0] 使用分块生成策略，num_hierarchies=10
[2025-11-15 00:00:28,309][src.models.modules.semantic_id.tiger_generation_model][INFO] - [rank: 0] 使用分块生成策略，num_hierarchies=10
[2025-11-15 00:00:28,894][src.models.modules.semantic_id.tiger_generation_model][INFO] - [rank: 0] 使用分块生成策略，num_hierarchies=10
[2025-11-15 00:00:29,479][src.models.modules.semantic_id.tiger_generation_model][INFO] - [rank: 0] 使用分块生成策略，num_hierarchies=10
[2025-11-15 00:00:30,068][src.models.modules.semantic_id.tiger_generation_model][INFO] - [rank: 0] 使用分块生成策略，num_hierarchies=10
[2025-11-15 00:00:30,665][src.models.modules.semantic_id.tiger_generation_model][INFO] - [rank: 0] 使用分块生成策略，num_hierarchies=10
[2025-11-15 00:00:31,254][src.models.modules.semantic_id.tiger_generation_model][INFO] - [rank: 0] 使用分块生成策略，num_hierarchies=10
[2025-11-15 00:00:31,811][src.models.modules.semantic_id.tiger_generation_model][INFO] - [rank: 0] 使用分块生成策略，num_hierarchies=10
[2025-11-15 00:00:32,398][src.models.modules.semantic_id.tiger_generation_model][INFO] - [rank: 0] 使用分块生成策略，num_hierarchies=10
[2025-11-15 00:00:33,118][src.models.modules.semantic_id.tiger_generation_model][INFO] - [rank: 0] 使用分块生成策略，num_hierarchies=10
[2025-11-15 00:00:33,871][src.models.modules.semantic_id.tiger_generation_model][INFO] - [rank: 0] 使用分块生成策略，num_hierarchies=10
[2025-11-15 00:00:34,557][src.models.modules.semantic_id.tiger_generation_model][INFO] - [rank: 0] 使用分块生成策略，num_hierarchies=10
[2025-11-15 00:00:35,171][src.models.modules.semantic_id.tiger_generation_model][INFO] - [rank: 0] 使用分块生成策略，num_hierarchies=10
[2025-11-15 00:00:35,777][src.models.modules.semantic_id.tiger_generation_model][INFO] - [rank: 0] 使用分块生成策略，num_hierarchies=10
[2025-11-15 00:00:36,376][src.models.modules.semantic_id.tiger_generation_model][INFO] - [rank: 0] 使用分块生成策略，num_hierarchies=10
[2025-11-15 00:00:36,997][src.models.modules.semantic_id.tiger_generation_model][INFO] - [rank: 0] 使用分块生成策略，num_hierarchies=10
[2025-11-15 00:00:37,602][src.models.modules.semantic_id.tiger_generation_model][INFO] - [rank: 0] 使用分块生成策略，num_hierarchies=10
[2025-11-15 00:00:38,218][src.models.modules.semantic_id.tiger_generation_model][INFO] - [rank: 0] 使用分块生成策略，num_hierarchies=10
[2025-11-15 00:00:38,836][src.models.modules.semantic_id.tiger_generation_model][INFO] - [rank: 0] 使用分块生成策略，num_hierarchies=10
[2025-11-15 00:00:39,423][src.models.modules.semantic_id.tiger_generation_model][INFO] - [rank: 0] 使用分块生成策略，num_hierarchies=10
[2025-11-15 00:00:40,029][src.models.modules.semantic_id.tiger_generation_model][INFO] - [rank: 0] 使用分块生成策略，num_hierarchies=10
[2025-11-15 00:00:40,626][src.models.modules.semantic_id.tiger_generation_model][INFO] - [rank: 0] 使用分块生成策略，num_hierarchies=10
[2025-11-15 00:00:41,259][src.models.modules.semantic_id.tiger_generation_model][INFO] - [rank: 0] 使用分块生成策略，num_hierarchies=10
[2025-11-15 00:00:41,861][src.models.modules.semantic_id.tiger_generation_model][INFO] - [rank: 0] 使用分块生成策略，num_hierarchies=10
[2025-11-15 00:00:42,482][src.models.modules.semantic_id.tiger_generation_model][INFO] - [rank: 0] 使用分块生成策略，num_hierarchies=10
[2025-11-15 00:00:43,359][src.models.modules.semantic_id.tiger_generation_model][INFO] - [rank: 0] 使用分块生成策略，num_hierarchies=10
[2025-11-15 00:00:44,052][src.models.modules.semantic_id.tiger_generation_model][INFO] - [rank: 0] 使用分块生成策略，num_hierarchies=10
[2025-11-15 00:00:44,746][src.models.modules.semantic_id.tiger_generation_model][INFO] - [rank: 0] 使用分块生成策略，num_hierarchies=10
[2025-11-15 00:00:45,313][src.models.modules.semantic_id.tiger_generation_model][INFO] - [rank: 0] 使用分块生成策略，num_hierarchies=10
[2025-11-15 00:00:45,940][src.models.modules.semantic_id.tiger_generation_model][INFO] - [rank: 0] 使用分块生成策略，num_hierarchies=10
[2025-11-15 00:00:46,538][src.models.modules.semantic_id.tiger_generation_model][INFO] - [rank: 0] 使用分块生成策略，num_hierarchies=10
[2025-11-15 00:00:47,152][src.models.modules.semantic_id.tiger_generation_model][INFO] - [rank: 0] 使用分块生成策略，num_hierarchies=10
[2025-11-15 00:00:47,752][src.models.modules.semantic_id.tiger_generation_model][INFO] - [rank: 0] 使用分块生成策略，num_hierarchies=10
[2025-11-15 00:00:48,350][src.models.modules.semantic_id.tiger_generation_model][INFO] - [rank: 0] 使用分块生成策略，num_hierarchies=10
[2025-11-15 00:00:48,975][src.models.modules.semantic_id.tiger_generation_model][INFO] - [rank: 0] 使用分块生成策略，num_hierarchies=10
[2025-11-15 00:00:49,598][src.models.modules.semantic_id.tiger_generation_model][INFO] - [rank: 0] 使用分块生成策略，num_hierarchies=10
[2025-11-15 00:00:50,219][src.models.modules.semantic_id.tiger_generation_model][INFO] - [rank: 0] 使用分块生成策略，num_hierarchies=10
[2025-11-15 00:00:50,836][src.models.modules.semantic_id.tiger_generation_model][INFO] - [rank: 0] 使用分块生成策略，num_hierarchies=10
[2025-11-15 00:00:51,449][src.models.modules.semantic_id.tiger_generation_model][INFO] - [rank: 0] 使用分块生成策略，num_hierarchies=10
[2025-11-15 00:00:52,070][src.models.modules.semantic_id.tiger_generation_model][INFO] - [rank: 0] 使用分块生成策略，num_hierarchies=10
[2025-11-15 00:00:52,684][src.models.modules.semantic_id.tiger_generation_model][INFO] - [rank: 0] 使用分块生成策略，num_hierarchies=10
[2025-11-15 00:00:53,284][src.models.modules.semantic_id.tiger_generation_model][INFO] - [rank: 0] 使用分块生成策略，num_hierarchies=10
[2025-11-15 00:00:53,952][src.models.modules.semantic_id.tiger_generation_model][INFO] - [rank: 0] 使用分块生成策略，num_hierarchies=10
[2025-11-15 00:00:54,744][src.models.modules.semantic_id.tiger_generation_model][INFO] - [rank: 0] 使用分块生成策略，num_hierarchies=10
[2025-11-15 00:00:55,438][src.models.modules.semantic_id.tiger_generation_model][INFO] - [rank: 0] 使用分块生成策略，num_hierarchies=10
[2025-11-15 00:00:55,994][src.models.modules.semantic_id.tiger_generation_model][INFO] - [rank: 0] 使用分块生成策略，num_hierarchies=10
[2025-11-15 00:00:56,609][src.models.modules.semantic_id.tiger_generation_model][INFO] - [rank: 0] 使用分块生成策略，num_hierarchies=10
[2025-11-15 00:00:57,219][src.models.modules.semantic_id.tiger_generation_model][INFO] - [rank: 0] 使用分块生成策略，num_hierarchies=10
[2025-11-15 00:00:57,826][src.models.modules.semantic_id.tiger_generation_model][INFO] - [rank: 0] 使用分块生成策略，num_hierarchies=10
[2025-11-15 00:00:58,446][src.models.modules.semantic_id.tiger_generation_model][INFO] - [rank: 0] 使用分块生成策略，num_hierarchies=10
[2025-11-15 00:00:59,053][src.models.modules.semantic_id.tiger_generation_model][INFO] - [rank: 0] 使用分块生成策略，num_hierarchies=10
[2025-11-15 00:00:59,655][src.models.modules.semantic_id.tiger_generation_model][INFO] - [rank: 0] 使用分块生成策略，num_hierarchies=10
[2025-11-15 00:01:00,260][src.models.modules.semantic_id.tiger_generation_model][INFO] - [rank: 0] 使用分块生成策略，num_hierarchies=10
[2025-11-15 00:01:00,891][src.models.modules.semantic_id.tiger_generation_model][INFO] - [rank: 0] 使用分块生成策略，num_hierarchies=10
[2025-11-15 00:01:01,522][src.models.modules.semantic_id.tiger_generation_model][INFO] - [rank: 0] 使用分块生成策略，num_hierarchies=10
[2025-11-15 00:01:02,161][src.models.modules.semantic_id.tiger_generation_model][INFO] - [rank: 0] 使用分块生成策略，num_hierarchies=10
[2025-11-15 00:01:02,777][src.models.modules.semantic_id.tiger_generation_model][INFO] - [rank: 0] 使用分块生成策略，num_hierarchies=10
[2025-11-15 00:01:03,410][src.models.modules.semantic_id.tiger_generation_model][INFO] - [rank: 0] 使用分块生成策略，num_hierarchies=10
[2025-11-15 00:01:04,150][src.models.modules.semantic_id.tiger_generation_model][INFO] - [rank: 0] 使用分块生成策略，num_hierarchies=10
[2025-11-15 00:01:04,970][src.models.modules.semantic_id.tiger_generation_model][INFO] - [rank: 0] 使用分块生成策略，num_hierarchies=10
[2025-11-15 00:01:05,737][src.models.modules.semantic_id.tiger_generation_model][INFO] - [rank: 0] 使用分块生成策略，num_hierarchies=10
[2025-11-15 00:01:06,317][src.models.modules.semantic_id.tiger_generation_model][INFO] - [rank: 0] 使用分块生成策略，num_hierarchies=10
[2025-11-15 00:01:06,934][src.models.modules.semantic_id.tiger_generation_model][INFO] - [rank: 0] 使用分块生成策略，num_hierarchies=10
[2025-11-15 00:01:07,554][src.models.modules.semantic_id.tiger_generation_model][INFO] - [rank: 0] 使用分块生成策略，num_hierarchies=10
[2025-11-15 00:01:08,182][src.models.modules.semantic_id.tiger_generation_model][INFO] - [rank: 0] 使用分块生成策略，num_hierarchies=10
[2025-11-15 00:01:08,801][src.models.modules.semantic_id.tiger_generation_model][INFO] - [rank: 0] 使用分块生成策略，num_hierarchies=10
[2025-11-15 00:01:09,418][src.models.modules.semantic_id.tiger_generation_model][INFO] - [rank: 0] 使用分块生成策略，num_hierarchies=10
[2025-11-15 00:01:10,045][src.models.modules.semantic_id.tiger_generation_model][INFO] - [rank: 0] 使用分块生成策略，num_hierarchies=10
[2025-11-15 00:01:10,695][src.models.modules.semantic_id.tiger_generation_model][INFO] - [rank: 0] 使用分块生成策略，num_hierarchies=10
[2025-11-15 00:01:11,312][src.models.modules.semantic_id.tiger_generation_model][INFO] - [rank: 0] 使用分块生成策略，num_hierarchies=10
[2025-11-15 00:01:11,914][src.models.modules.semantic_id.tiger_generation_model][INFO] - [rank: 0] 使用分块生成策略，num_hierarchies=10
[2025-11-15 00:01:12,549][src.models.modules.semantic_id.tiger_generation_model][INFO] - [rank: 0] 使用分块生成策略，num_hierarchies=10
[2025-11-15 00:01:13,161][src.models.modules.semantic_id.tiger_generation_model][INFO] - [rank: 0] 使用分块生成策略，num_hierarchies=10
[2025-11-15 00:01:13,754][src.models.modules.semantic_id.tiger_generation_model][INFO] - [rank: 0] 使用分块生成策略，num_hierarchies=10
[2025-11-15 00:01:14,561][src.models.modules.semantic_id.tiger_generation_model][INFO] - [rank: 0] 使用分块生成策略，num_hierarchies=10
[2025-11-15 00:01:15,328][src.models.modules.semantic_id.tiger_generation_model][INFO] - [rank: 0] 使用分块生成策略，num_hierarchies=10
[2025-11-15 00:01:15,971][src.models.modules.semantic_id.tiger_generation_model][INFO] - [rank: 0] 使用分块生成策略，num_hierarchies=10
[2025-11-15 00:01:16,521][src.models.modules.semantic_id.tiger_generation_model][INFO] - [rank: 0] 使用分块生成策略，num_hierarchies=10
[2025-11-15 00:01:17,110][src.models.modules.semantic_id.tiger_generation_model][INFO] - [rank: 0] 使用分块生成策略，num_hierarchies=10
[2025-11-15 00:01:17,686][src.models.modules.semantic_id.tiger_generation_model][INFO] - [rank: 0] 使用分块生成策略，num_hierarchies=10
[2025-11-15 00:01:18,259][src.models.modules.semantic_id.tiger_generation_model][INFO] - [rank: 0] 使用分块生成策略，num_hierarchies=10
[2025-11-15 00:01:18,839][src.models.modules.semantic_id.tiger_generation_model][INFO] - [rank: 0] 使用分块生成策略，num_hierarchies=10
[2025-11-15 00:01:19,426][src.models.modules.semantic_id.tiger_generation_model][INFO] - [rank: 0] 使用分块生成策略，num_hierarchies=10
[2025-11-15 00:01:19,998][src.models.modules.semantic_id.tiger_generation_model][INFO] - [rank: 0] 使用分块生成策略，num_hierarchies=10
[2025-11-15 00:01:20,737][src.models.modules.semantic_id.tiger_generation_model][INFO] - [rank: 0] 使用分块生成策略，num_hierarchies=10
[2025-11-15 00:01:21,358][src.models.modules.semantic_id.tiger_generation_model][INFO] - [rank: 0] 使用分块生成策略，num_hierarchies=10
[2025-11-15 00:01:21,893][src.models.modules.semantic_id.tiger_generation_model][INFO] - [rank: 0] 使用分块生成策略，num_hierarchies=10
[2025-11-15 00:01:22,482][src.models.modules.semantic_id.tiger_generation_model][INFO] - [rank: 0] 使用分块生成策略，num_hierarchies=10
[2025-11-15 00:01:23,085][src.models.modules.semantic_id.tiger_generation_model][INFO] - [rank: 0] 使用分块生成策略，num_hierarchies=10
[2025-11-15 00:01:23,698][src.models.modules.semantic_id.tiger_generation_model][INFO] - [rank: 0] 使用分块生成策略，num_hierarchies=10
[2025-11-15 00:01:24,307][src.models.modules.semantic_id.tiger_generation_model][INFO] - [rank: 0] 使用分块生成策略，num_hierarchies=10
[2025-11-15 00:01:24,921][src.models.modules.semantic_id.tiger_generation_model][INFO] - [rank: 0] 使用分块生成策略，num_hierarchies=10
[2025-11-15 00:01:25,531][src.models.modules.semantic_id.tiger_generation_model][INFO] - [rank: 0] 使用分块生成策略，num_hierarchies=10
[2025-11-15 00:01:26,197][src.models.modules.semantic_id.tiger_generation_model][INFO] - [rank: 0] 使用分块生成策略，num_hierarchies=10
[2025-11-15 00:01:26,773][src.models.modules.semantic_id.tiger_generation_model][INFO] - [rank: 0] 使用分块生成策略，num_hierarchies=10
[2025-11-15 00:01:27,354][src.models.modules.semantic_id.tiger_generation_model][INFO] - [rank: 0] 使用分块生成策略，num_hierarchies=10
[2025-11-15 00:01:27,967][src.models.modules.semantic_id.tiger_generation_model][INFO] - [rank: 0] 使用分块生成策略，num_hierarchies=10
[2025-11-15 00:01:28,706][src.models.modules.semantic_id.tiger_generation_model][INFO] - [rank: 0] 使用分块生成策略，num_hierarchies=10
[2025-11-15 00:01:29,328][src.models.modules.semantic_id.tiger_generation_model][INFO] - [rank: 0] 使用分块生成策略，num_hierarchies=10
[2025-11-15 00:01:29,862][src.models.modules.semantic_id.tiger_generation_model][INFO] - [rank: 0] 使用分块生成策略，num_hierarchies=10
[2025-11-15 00:01:30,454][src.models.modules.semantic_id.tiger_generation_model][INFO] - [rank: 0] 使用分块生成策略，num_hierarchies=10
[2025-11-15 00:01:31,042][src.models.modules.semantic_id.tiger_generation_model][INFO] - [rank: 0] 使用分块生成策略，num_hierarchies=10
[2025-11-15 00:01:31,667][src.models.modules.semantic_id.tiger_generation_model][INFO] - [rank: 0] 使用分块生成策略，num_hierarchies=10
[2025-11-15 00:01:32,280][src.models.modules.semantic_id.tiger_generation_model][INFO] - [rank: 0] 使用分块生成策略，num_hierarchies=10
[2025-11-15 00:01:32,882][src.models.modules.semantic_id.tiger_generation_model][INFO] - [rank: 0] 使用分块生成策略，num_hierarchies=10
[2025-11-15 00:01:33,495][src.models.modules.semantic_id.tiger_generation_model][INFO] - [rank: 0] 使用分块生成策略，num_hierarchies=10
[2025-11-15 00:01:34,116][src.models.modules.semantic_id.tiger_generation_model][INFO] - [rank: 0] 使用分块生成策略，num_hierarchies=10
[2025-11-15 00:01:34,735][src.models.modules.semantic_id.tiger_generation_model][INFO] - [rank: 0] 使用分块生成策略，num_hierarchies=10
[2025-11-15 00:01:35,356][src.models.modules.semantic_id.tiger_generation_model][INFO] - [rank: 0] 使用分块生成策略，num_hierarchies=10
[2025-11-15 00:01:35,985][src.models.modules.semantic_id.tiger_generation_model][INFO] - [rank: 0] 使用分块生成策略，num_hierarchies=10
[2025-11-15 00:01:36,773][src.models.modules.semantic_id.tiger_generation_model][INFO] - [rank: 0] 使用分块生成策略，num_hierarchies=10
[2025-11-15 00:01:37,551][src.models.modules.semantic_id.tiger_generation_model][INFO] - [rank: 0] 使用分块生成策略，num_hierarchies=10
[2025-11-15 00:01:38,274][src.models.modules.semantic_id.tiger_generation_model][INFO] - [rank: 0] 使用分块生成策略，num_hierarchies=10
[2025-11-15 00:01:38,795][src.models.modules.semantic_id.tiger_generation_model][INFO] - [rank: 0] 使用分块生成策略，num_hierarchies=10
[2025-11-15 00:01:39,379][src.models.modules.semantic_id.tiger_generation_model][INFO] - [rank: 0] 使用分块生成策略，num_hierarchies=10
[2025-11-15 00:01:39,938][src.models.modules.semantic_id.tiger_generation_model][INFO] - [rank: 0] 使用分块生成策略，num_hierarchies=10
[2025-11-15 00:01:40,524][src.models.modules.semantic_id.tiger_generation_model][INFO] - [rank: 0] 使用分块生成策略，num_hierarchies=10
[2025-11-15 00:01:41,110][src.models.modules.semantic_id.tiger_generation_model][INFO] - [rank: 0] 使用分块生成策略，num_hierarchies=10
[2025-11-15 00:01:41,672][src.models.modules.semantic_id.tiger_generation_model][INFO] - [rank: 0] 使用分块生成策略，num_hierarchies=10
[2025-11-15 00:01:42,272][src.models.modules.semantic_id.tiger_generation_model][INFO] - [rank: 0] 使用分块生成策略，num_hierarchies=10
[2025-11-15 00:01:42,856][src.models.modules.semantic_id.tiger_generation_model][INFO] - [rank: 0] 使用分块生成策略，num_hierarchies=10
[2025-11-15 00:01:43,499][src.models.modules.semantic_id.tiger_generation_model][INFO] - [rank: 0] 使用分块生成策略，num_hierarchies=10
[2025-11-15 00:01:44,114][src.models.modules.semantic_id.tiger_generation_model][INFO] - [rank: 0] 使用分块生成策略，num_hierarchies=10
[2025-11-15 00:01:44,626][src.models.modules.semantic_id.tiger_generation_model][INFO] - [rank: 0] 使用分块生成策略，num_hierarchies=10
[2025-11-15 00:01:45,171][src.models.modules.semantic_id.tiger_generation_model][INFO] - [rank: 0] 使用分块生成策略，num_hierarchies=10
[2025-11-15 00:01:45,740][src.models.modules.semantic_id.tiger_generation_model][INFO] - [rank: 0] 使用分块生成策略，num_hierarchies=10
[2025-11-15 00:01:46,322][src.models.modules.semantic_id.tiger_generation_model][INFO] - [rank: 0] 使用分块生成策略，num_hierarchies=10
[2025-11-15 00:01:46,910][src.models.modules.semantic_id.tiger_generation_model][INFO] - [rank: 0] 使用分块生成策略，num_hierarchies=10
[2025-11-15 00:01:47,474][src.models.modules.semantic_id.tiger_generation_model][INFO] - [rank: 0] 使用分块生成策略，num_hierarchies=10
[2025-11-15 00:01:48,075][src.models.modules.semantic_id.tiger_generation_model][INFO] - [rank: 0] 使用分块生成策略，num_hierarchies=10
[2025-11-15 00:01:48,634][src.models.modules.semantic_id.tiger_generation_model][INFO] - [rank: 0] 使用分块生成策略，num_hierarchies=10
[2025-11-15 00:01:49,196][src.models.modules.semantic_id.tiger_generation_model][INFO] - [rank: 0] 使用分块生成策略，num_hierarchies=10
[2025-11-15 00:01:49,784][src.models.modules.semantic_id.tiger_generation_model][INFO] - [rank: 0] 使用分块生成策略，num_hierarchies=10
[2025-11-15 00:01:50,428][src.models.modules.semantic_id.tiger_generation_model][INFO] - [rank: 0] 使用分块生成策略，num_hierarchies=10
[2025-11-15 00:01:51,206][src.models.modules.semantic_id.tiger_generation_model][INFO] - [rank: 0] 使用分块生成策略，num_hierarchies=10
[2025-11-15 00:01:51,952][src.models.modules.semantic_id.tiger_generation_model][INFO] - [rank: 0] 使用分块生成策略，num_hierarchies=10
[2025-11-15 00:01:52,734][src.models.modules.semantic_id.tiger_generation_model][INFO] - [rank: 0] 使用分块生成策略，num_hierarchies=10
[2025-11-15 00:01:53,247][src.models.modules.semantic_id.tiger_generation_model][INFO] - [rank: 0] 使用分块生成策略，num_hierarchies=10
[2025-11-15 00:01:53,823][src.models.modules.semantic_id.tiger_generation_model][INFO] - [rank: 0] 使用分块生成策略，num_hierarchies=10
[2025-11-15 00:01:54,446][src.models.modules.semantic_id.tiger_generation_model][INFO] - [rank: 0] 使用分块生成策略，num_hierarchies=10
[2025-11-15 00:01:55,047][src.models.modules.semantic_id.tiger_generation_model][INFO] - [rank: 0] 使用分块生成策略，num_hierarchies=10
[2025-11-15 00:01:55,586][src.models.modules.semantic_id.tiger_generation_model][INFO] - [rank: 0] 使用分块生成策略，num_hierarchies=10
[2025-11-15 00:01:56,144][src.models.modules.semantic_id.tiger_generation_model][INFO] - [rank: 0] 使用分块生成策略，num_hierarchies=10
[2025-11-15 00:01:56,713][src.models.modules.semantic_id.tiger_generation_model][INFO] - [rank: 0] 使用分块生成策略，num_hierarchies=10
[2025-11-15 00:01:57,252][src.models.modules.semantic_id.tiger_generation_model][INFO] - [rank: 0] 使用分块生成策略，num_hierarchies=10
[2025-11-15 00:01:58,024][src.models.modules.semantic_id.tiger_generation_model][INFO] - [rank: 0] 使用分块生成策略，num_hierarchies=10
[2025-11-15 00:01:58,648][src.models.modules.semantic_id.tiger_generation_model][INFO] - [rank: 0] 使用分块生成策略，num_hierarchies=10
[2025-11-15 00:01:59,156][src.models.modules.semantic_id.tiger_generation_model][INFO] - [rank: 0] 使用分块生成策略，num_hierarchies=10
[2025-11-15 00:01:59,715][src.models.modules.semantic_id.tiger_generation_model][INFO] - [rank: 0] 使用分块生成策略，num_hierarchies=10
[2025-11-15 00:02:00,281][src.models.modules.semantic_id.tiger_generation_model][INFO] - [rank: 0] 使用分块生成策略，num_hierarchies=10
[2025-11-15 00:02:00,834][src.models.modules.semantic_id.tiger_generation_model][INFO] - [rank: 0] 使用分块生成策略，num_hierarchies=10
[2025-11-15 00:02:01,390][src.models.modules.semantic_id.tiger_generation_model][INFO] - [rank: 0] 使用分块生成策略，num_hierarchies=10
[2025-11-15 00:02:01,949][src.models.modules.semantic_id.tiger_generation_model][INFO] - [rank: 0] 使用分块生成策略，num_hierarchies=10
[2025-11-15 00:02:02,551][src.models.modules.semantic_id.tiger_generation_model][INFO] - [rank: 0] 使用分块生成策略，num_hierarchies=10
[2025-11-15 00:02:03,148][src.models.modules.semantic_id.tiger_generation_model][INFO] - [rank: 0] 使用分块生成策略，num_hierarchies=10
[2025-11-15 00:02:03,737][src.models.modules.semantic_id.tiger_generation_model][INFO] - [rank: 0] 使用分块生成策略，num_hierarchies=10
[2025-11-15 00:02:04,336][src.models.modules.semantic_id.tiger_generation_model][INFO] - [rank: 0] 使用分块生成策略，num_hierarchies=10
[2025-11-15 00:02:05,064][src.models.modules.semantic_id.tiger_generation_model][INFO] - [rank: 0] 使用分块生成策略，num_hierarchies=10
[2025-11-15 00:02:05,842][src.models.modules.semantic_id.tiger_generation_model][INFO] - [rank: 0] 使用分块生成策略，num_hierarchies=10
[2025-11-15 00:02:06,484][src.models.modules.semantic_id.tiger_generation_model][INFO] - [rank: 0] 使用分块生成策略，num_hierarchies=10
[2025-11-15 00:02:07,008][src.models.modules.semantic_id.tiger_generation_model][INFO] - [rank: 0] 使用分块生成策略，num_hierarchies=10
[2025-11-15 00:02:07,577][src.models.modules.semantic_id.tiger_generation_model][INFO] - [rank: 0] 使用分块生成策略，num_hierarchies=10
[2025-11-15 00:02:08,173][src.models.modules.semantic_id.tiger_generation_model][INFO] - [rank: 0] 使用分块生成策略，num_hierarchies=10
[2025-11-15 00:02:08,736][src.models.modules.semantic_id.tiger_generation_model][INFO] - [rank: 0] 使用分块生成策略，num_hierarchies=10
[2025-11-15 00:02:09,330][src.models.modules.semantic_id.tiger_generation_model][INFO] - [rank: 0] 使用分块生成策略，num_hierarchies=10
[2025-11-15 00:02:09,924][src.models.modules.semantic_id.tiger_generation_model][INFO] - [rank: 0] 使用分块生成策略，num_hierarchies=10
[2025-11-15 00:02:10,498][src.models.modules.semantic_id.tiger_generation_model][INFO] - [rank: 0] 使用分块生成策略，num_hierarchies=10
[2025-11-15 00:02:11,086][src.models.modules.semantic_id.tiger_generation_model][INFO] - [rank: 0] 使用分块生成策略，num_hierarchies=10
[2025-11-15 00:02:11,666][src.models.modules.semantic_id.tiger_generation_model][INFO] - [rank: 0] 使用分块生成策略，num_hierarchies=10
[2025-11-15 00:02:12,276][src.models.modules.semantic_id.tiger_generation_model][INFO] - [rank: 0] 使用分块生成策略，num_hierarchies=10
[2025-11-15 00:02:12,849][src.models.modules.semantic_id.tiger_generation_model][INFO] - [rank: 0] 使用分块生成策略，num_hierarchies=10
[2025-11-15 00:02:13,409][src.models.modules.semantic_id.tiger_generation_model][INFO] - [rank: 0] 使用分块生成策略，num_hierarchies=10
[2025-11-15 00:02:14,161][src.models.modules.semantic_id.tiger_generation_model][INFO] - [rank: 0] 使用分块生成策略，num_hierarchies=10
[2025-11-15 00:02:14,913][src.models.modules.semantic_id.tiger_generation_model][INFO] - [rank: 0] 使用分块生成策略，num_hierarchies=10
[2025-11-15 00:02:15,603][src.models.modules.semantic_id.tiger_generation_model][INFO] - [rank: 0] 使用分块生成策略，num_hierarchies=10
[2025-11-15 00:02:16,169][src.models.modules.semantic_id.tiger_generation_model][INFO] - [rank: 0] 使用分块生成策略，num_hierarchies=10
[2025-11-15 00:02:16,771][src.models.modules.semantic_id.tiger_generation_model][INFO] - [rank: 0] 使用分块生成策略，num_hierarchies=10
[2025-11-15 00:02:17,372][src.models.modules.semantic_id.tiger_generation_model][INFO] - [rank: 0] 使用分块生成策略，num_hierarchies=10
[2025-11-15 00:02:17,979][src.models.modules.semantic_id.tiger_generation_model][INFO] - [rank: 0] 使用分块生成策略，num_hierarchies=10
[2025-11-15 00:02:18,554][src.models.modules.semantic_id.tiger_generation_model][INFO] - [rank: 0] 使用分块生成策略，num_hierarchies=10
[2025-11-15 00:02:19,143][src.models.modules.semantic_id.tiger_generation_model][INFO] - [rank: 0] 使用分块生成策略，num_hierarchies=10
[2025-11-15 00:02:19,718][src.models.modules.semantic_id.tiger_generation_model][INFO] - [rank: 0] 使用分块生成策略，num_hierarchies=10
[2025-11-15 00:02:20,296][src.models.modules.semantic_id.tiger_generation_model][INFO] - [rank: 0] 使用分块生成策略，num_hierarchies=10
[2025-11-15 00:02:20,869][src.models.modules.semantic_id.tiger_generation_model][INFO] - [rank: 0] 使用分块生成策略，num_hierarchies=10
[2025-11-15 00:02:21,438][src.models.modules.semantic_id.tiger_generation_model][INFO] - [rank: 0] 使用分块生成策略，num_hierarchies=10
[2025-11-15 00:02:22,026][src.models.modules.semantic_id.tiger_generation_model][INFO] - [rank: 0] 使用分块生成策略，num_hierarchies=10
[2025-11-15 00:02:22,613][src.models.modules.semantic_id.tiger_generation_model][INFO] - [rank: 0] 使用分块生成策略，num_hierarchies=10
[2025-11-15 00:02:23,195][src.models.modules.semantic_id.tiger_generation_model][INFO] - [rank: 0] 使用分块生成策略，num_hierarchies=10
[2025-11-15 00:02:23,929][src.models.modules.semantic_id.tiger_generation_model][INFO] - [rank: 0] 使用分块生成策略，num_hierarchies=10
[2025-11-15 00:02:24,477][src.models.modules.semantic_id.tiger_generation_model][INFO] - [rank: 0] 使用分块生成策略，num_hierarchies=10
[2025-11-15 00:02:25,002][src.models.modules.semantic_id.tiger_generation_model][INFO] - [rank: 0] 使用分块生成策略，num_hierarchies=10
[2025-11-15 00:02:25,548][src.models.modules.semantic_id.tiger_generation_model][INFO] - [rank: 0] 使用分块生成策略，num_hierarchies=10
[2025-11-15 00:02:26,086][src.models.modules.semantic_id.tiger_generation_model][INFO] - [rank: 0] 使用分块生成策略，num_hierarchies=10
[2025-11-15 00:02:26,616][src.models.modules.semantic_id.tiger_generation_model][INFO] - [rank: 0] 使用分块生成策略，num_hierarchies=10
[2025-11-15 00:02:27,169][src.models.modules.semantic_id.tiger_generation_model][INFO] - [rank: 0] 使用分块生成策略，num_hierarchies=10
[2025-11-15 00:02:27,709][src.models.modules.semantic_id.tiger_generation_model][INFO] - [rank: 0] 使用分块生成策略，num_hierarchies=10
[2025-11-15 00:02:28,252][src.models.modules.semantic_id.tiger_generation_model][INFO] - [rank: 0] 使用分块生成策略，num_hierarchies=10
[2025-11-15 00:02:28,785][src.models.modules.semantic_id.tiger_generation_model][INFO] - [rank: 0] 使用分块生成策略，num_hierarchies=10
[2025-11-15 00:02:29,349][src.models.modules.semantic_id.tiger_generation_model][INFO] - [rank: 0] 使用分块生成策略，num_hierarchies=10
[2025-11-15 00:02:29,965][src.models.modules.semantic_id.tiger_generation_model][INFO] - [rank: 0] 使用分块生成策略，num_hierarchies=10
[2025-11-15 00:02:30,567][src.models.modules.semantic_id.tiger_generation_model][INFO] - [rank: 0] 使用分块生成策略，num_hierarchies=10
[2025-11-15 00:02:31,075][src.models.modules.semantic_id.tiger_generation_model][INFO] - [rank: 0] 使用分块生成策略，num_hierarchies=10
[2025-11-15 00:02:31,628][src.models.modules.semantic_id.tiger_generation_model][INFO] - [rank: 0] 使用分块生成策略，num_hierarchies=10
[2025-11-15 00:02:32,192][src.models.modules.semantic_id.tiger_generation_model][INFO] - [rank: 0] 使用分块生成策略，num_hierarchies=10
[2025-11-15 00:02:32,780][src.models.modules.semantic_id.tiger_generation_model][INFO] - [rank: 0] 使用分块生成策略，num_hierarchies=10
[2025-11-15 00:02:33,389][src.models.modules.semantic_id.tiger_generation_model][INFO] - [rank: 0] 使用分块生成策略，num_hierarchies=10
[2025-11-15 00:02:33,986][src.models.modules.semantic_id.tiger_generation_model][INFO] - [rank: 0] 使用分块生成策略，num_hierarchies=10
[2025-11-15 00:02:34,583][src.models.modules.semantic_id.tiger_generation_model][INFO] - [rank: 0] 使用分块生成策略，num_hierarchies=10
[2025-11-15 00:02:35,170][src.models.modules.semantic_id.tiger_generation_model][INFO] - [rank: 0] 使用分块生成策略，num_hierarchies=10
[2025-11-15 00:02:35,797][src.models.modules.semantic_id.tiger_generation_model][INFO] - [rank: 0] 使用分块生成策略，num_hierarchies=10
[2025-11-15 00:02:36,369][src.models.modules.semantic_id.tiger_generation_model][INFO] - [rank: 0] 使用分块生成策略，num_hierarchies=10
[2025-11-15 00:02:36,947][src.models.modules.semantic_id.tiger_generation_model][INFO] - [rank: 0] 使用分块生成策略，num_hierarchies=10
[2025-11-15 00:02:37,513][src.models.modules.semantic_id.tiger_generation_model][INFO] - [rank: 0] 使用分块生成策略，num_hierarchies=10
[2025-11-15 00:02:38,087][src.models.modules.semantic_id.tiger_generation_model][INFO] - [rank: 0] 使用分块生成策略，num_hierarchies=10
[2025-11-15 00:02:38,714][src.models.modules.semantic_id.tiger_generation_model][INFO] - [rank: 0] 使用分块生成策略，num_hierarchies=10
[2025-11-15 00:02:39,399][src.models.modules.semantic_id.tiger_generation_model][INFO] - [rank: 0] 使用分块生成策略，num_hierarchies=10
[2025-11-15 00:02:40,117][src.models.modules.semantic_id.tiger_generation_model][INFO] - [rank: 0] 使用分块生成策略，num_hierarchies=10
[2025-11-15 00:02:40,737][src.models.modules.semantic_id.tiger_generation_model][INFO] - [rank: 0] 使用分块生成策略，num_hierarchies=10
[2025-11-15 00:02:41,229][src.models.modules.semantic_id.tiger_generation_model][INFO] - [rank: 0] 使用分块生成策略，num_hierarchies=10
[2025-11-15 00:02:41,808][src.models.modules.semantic_id.tiger_generation_model][INFO] - [rank: 0] 使用分块生成策略，num_hierarchies=10
[2025-11-15 00:02:42,364][src.models.modules.semantic_id.tiger_generation_model][INFO] - [rank: 0] 使用分块生成策略，num_hierarchies=10
[2025-11-15 00:02:42,947][src.models.modules.semantic_id.tiger_generation_model][INFO] - [rank: 0] 使用分块生成策略，num_hierarchies=10
[2025-11-15 00:02:43,555][src.models.modules.semantic_id.tiger_generation_model][INFO] - [rank: 0] 使用分块生成策略，num_hierarchies=10
[2025-11-15 00:02:44,133][src.models.modules.semantic_id.tiger_generation_model][INFO] - [rank: 0] 使用分块生成策略，num_hierarchies=10
[2025-11-15 00:02:44,757][src.models.modules.semantic_id.tiger_generation_model][INFO] - [rank: 0] 使用分块生成策略，num_hierarchies=10
[2025-11-15 00:02:45,299][src.models.modules.semantic_id.tiger_generation_model][INFO] - [rank: 0] 使用分块生成策略，num_hierarchies=10
[2025-11-15 00:02:45,853][src.models.modules.semantic_id.tiger_generation_model][INFO] - [rank: 0] 使用分块生成策略，num_hierarchies=10
[2025-11-15 00:02:46,401][src.models.modules.semantic_id.tiger_generation_model][INFO] - [rank: 0] 使用分块生成策略，num_hierarchies=10
[2025-11-15 00:02:46,972][src.models.modules.semantic_id.tiger_generation_model][INFO] - [rank: 0] 使用分块生成策略，num_hierarchies=10
[2025-11-15 00:02:47,713][src.models.modules.semantic_id.tiger_generation_model][INFO] - [rank: 0] 使用分块生成策略，num_hierarchies=10
[2025-11-15 00:02:48,360][src.models.modules.semantic_id.tiger_generation_model][INFO] - [rank: 0] 使用分块生成策略，num_hierarchies=10
[2025-11-15 00:02:48,888][src.models.modules.semantic_id.tiger_generation_model][INFO] - [rank: 0] 使用分块生成策略，num_hierarchies=10
[2025-11-15 00:02:49,448][src.models.modules.semantic_id.tiger_generation_model][INFO] - [rank: 0] 使用分块生成策略，num_hierarchies=10
[2025-11-15 00:02:50,025][src.models.modules.semantic_id.tiger_generation_model][INFO] - [rank: 0] 使用分块生成策略，num_hierarchies=10
[2025-11-15 00:02:50,594][src.models.modules.semantic_id.tiger_generation_model][INFO] - [rank: 0] 使用分块生成策略，num_hierarchies=10
[2025-11-15 00:02:51,138][src.models.modules.semantic_id.tiger_generation_model][INFO] - [rank: 0] 使用分块生成策略，num_hierarchies=10
[2025-11-15 00:02:51,746][src.models.modules.semantic_id.tiger_generation_model][INFO] - [rank: 0] 使用分块生成策略，num_hierarchies=10
[2025-11-15 00:02:52,334][src.models.modules.semantic_id.tiger_generation_model][INFO] - [rank: 0] 使用分块生成策略，num_hierarchies=10
[2025-11-15 00:02:52,904][src.models.modules.semantic_id.tiger_generation_model][INFO] - [rank: 0] 使用分块生成策略，num_hierarchies=10
[2025-11-15 00:02:53,553][src.models.modules.semantic_id.tiger_generation_model][INFO] - [rank: 0] 使用分块生成策略，num_hierarchies=10
[2025-11-15 00:02:54,241][src.models.modules.semantic_id.tiger_generation_model][INFO] - [rank: 0] 使用分块生成策略，num_hierarchies=10
[2025-11-15 00:02:54,829][src.models.modules.semantic_id.tiger_generation_model][INFO] - [rank: 0] 使用分块生成策略，num_hierarchies=10
[2025-11-15 00:02:55,580][src.models.modules.semantic_id.tiger_generation_model][INFO] - [rank: 0] 使用分块生成策略，num_hierarchies=10
[2025-11-15 00:02:56,344][src.models.modules.semantic_id.tiger_generation_model][INFO] - [rank: 0] 使用分块生成策略，num_hierarchies=10
[2025-11-15 00:02:57,026][src.models.modules.semantic_id.tiger_generation_model][INFO] - [rank: 0] 使用分块生成策略，num_hierarchies=10
[2025-11-15 00:02:57,542][src.models.modules.semantic_id.tiger_generation_model][INFO] - [rank: 0] 使用分块生成策略，num_hierarchies=10
[2025-11-15 00:02:58,125][src.models.modules.semantic_id.tiger_generation_model][INFO] - [rank: 0] 使用分块生成策略，num_hierarchies=10
[2025-11-15 00:02:58,733][src.models.modules.semantic_id.tiger_generation_model][INFO] - [rank: 0] 使用分块生成策略，num_hierarchies=10
[2025-11-15 00:02:59,358][src.models.modules.semantic_id.tiger_generation_model][INFO] - [rank: 0] 使用分块生成策略，num_hierarchies=10
[2025-11-15 00:02:59,928][src.models.modules.semantic_id.tiger_generation_model][INFO] - [rank: 0] 使用分块生成策略，num_hierarchies=10
[2025-11-15 00:03:00,519][src.models.modules.semantic_id.tiger_generation_model][INFO] - [rank: 0] 使用分块生成策略，num_hierarchies=10
[2025-11-15 00:03:01,126][src.models.modules.semantic_id.tiger_generation_model][INFO] - [rank: 0] 使用分块生成策略，num_hierarchies=10
[2025-11-15 00:03:01,717][src.models.modules.semantic_id.tiger_generation_model][INFO] - [rank: 0] 使用分块生成策略，num_hierarchies=10
[2025-11-15 00:03:02,297][src.models.modules.semantic_id.tiger_generation_model][INFO] - [rank: 0] 使用分块生成策略，num_hierarchies=10
[2025-11-15 00:03:02,881][src.models.modules.semantic_id.tiger_generation_model][INFO] - [rank: 0] 使用分块生成策略，num_hierarchies=10
[2025-11-15 00:03:03,457][src.models.modules.semantic_id.tiger_generation_model][INFO] - [rank: 0] 使用分块生成策略，num_hierarchies=10
[2025-11-15 00:03:04,081][src.models.modules.semantic_id.tiger_generation_model][INFO] - [rank: 0] 使用分块生成策略，num_hierarchies=10
[2025-11-15 00:03:04,710][src.models.modules.semantic_id.tiger_generation_model][INFO] - [rank: 0] 使用分块生成策略，num_hierarchies=10
[2025-11-15 00:03:05,504][src.models.modules.semantic_id.tiger_generation_model][INFO] - [rank: 0] 使用分块生成策略，num_hierarchies=10
[2025-11-15 00:03:06,162][src.models.modules.semantic_id.tiger_generation_model][INFO] - [rank: 0] 使用分块生成策略，num_hierarchies=10
[2025-11-15 00:03:06,688][src.models.modules.semantic_id.tiger_generation_model][INFO] - [rank: 0] 使用分块生成策略，num_hierarchies=10
[2025-11-15 00:03:07,249][src.models.modules.semantic_id.tiger_generation_model][INFO] - [rank: 0] 使用分块生成策略，num_hierarchies=10
[2025-11-15 00:03:07,858][src.models.modules.semantic_id.tiger_generation_model][INFO] - [rank: 0] 使用分块生成策略，num_hierarchies=10
[2025-11-15 00:03:08,470][src.models.modules.semantic_id.tiger_generation_model][INFO] - [rank: 0] 使用分块生成策略，num_hierarchies=10
[2025-11-15 00:03:09,063][src.models.modules.semantic_id.tiger_generation_model][INFO] - [rank: 0] 使用分块生成策略，num_hierarchies=10
[2025-11-15 00:03:09,665][src.models.modules.semantic_id.tiger_generation_model][INFO] - [rank: 0] 使用分块生成策略，num_hierarchies=10
[2025-11-15 00:03:10,254][src.models.modules.semantic_id.tiger_generation_model][INFO] - [rank: 0] 使用分块生成策略，num_hierarchies=10
[2025-11-15 00:03:10,826][src.models.modules.semantic_id.tiger_generation_model][INFO] - [rank: 0] 使用分块生成策略，num_hierarchies=10
[2025-11-15 00:03:11,395][src.models.modules.semantic_id.tiger_generation_model][INFO] - [rank: 0] 使用分块生成策略，num_hierarchies=10
[2025-11-15 00:03:11,963][src.models.modules.semantic_id.tiger_generation_model][INFO] - [rank: 0] 使用分块生成策略，num_hierarchies=10
[2025-11-15 00:03:12,577][src.models.modules.semantic_id.tiger_generation_model][INFO] - [rank: 0] 使用分块生成策略，num_hierarchies=10
[2025-11-15 00:03:13,166][src.models.modules.semantic_id.tiger_generation_model][INFO] - [rank: 0] 使用分块生成策略，num_hierarchies=10
[2025-11-15 00:03:13,753][src.models.modules.semantic_id.tiger_generation_model][INFO] - [rank: 0] 使用分块生成策略，num_hierarchies=10
[2025-11-15 00:03:14,320][src.models.modules.semantic_id.tiger_generation_model][INFO] - [rank: 0] 使用分块生成策略，num_hierarchies=10
[2025-11-15 00:03:14,961][src.models.modules.semantic_id.tiger_generation_model][INFO] - [rank: 0] 使用分块生成策略，num_hierarchies=10
[2025-11-15 00:03:15,722][src.models.modules.semantic_id.tiger_generation_model][INFO] - [rank: 0] 使用分块生成策略，num_hierarchies=10
[2025-11-15 00:03:16,404][src.models.modules.semantic_id.tiger_generation_model][INFO] - [rank: 0] 使用分块生成策略，num_hierarchies=10
[2025-11-15 00:03:16,961][src.models.modules.semantic_id.tiger_generation_model][INFO] - [rank: 0] 使用分块生成策略，num_hierarchies=10
[2025-11-15 00:03:17,550][src.models.modules.semantic_id.tiger_generation_model][INFO] - [rank: 0] 使用分块生成策略，num_hierarchies=10
[2025-11-15 00:03:18,135][src.models.modules.semantic_id.tiger_generation_model][INFO] - [rank: 0] 使用分块生成策略，num_hierarchies=10
[2025-11-15 00:03:18,719][src.models.modules.semantic_id.tiger_generation_model][INFO] - [rank: 0] 使用分块生成策略，num_hierarchies=10
[2025-11-15 00:03:19,301][src.models.modules.semantic_id.tiger_generation_model][INFO] - [rank: 0] 使用分块生成策略，num_hierarchies=10
[2025-11-15 00:03:19,886][src.models.modules.semantic_id.tiger_generation_model][INFO] - [rank: 0] 使用分块生成策略，num_hierarchies=10
[2025-11-15 00:03:20,450][src.models.modules.semantic_id.tiger_generation_model][INFO] - [rank: 0] 使用分块生成策略，num_hierarchies=10
[2025-11-15 00:03:21,047][src.models.modules.semantic_id.tiger_generation_model][INFO] - [rank: 0] 使用分块生成策略，num_hierarchies=10
[2025-11-15 00:03:21,644][src.models.modules.semantic_id.tiger_generation_model][INFO] - [rank: 0] 使用分块生成策略，num_hierarchies=10
[2025-11-15 00:03:22,249][src.models.modules.semantic_id.tiger_generation_model][INFO] - [rank: 0] 使用分块生成策略，num_hierarchies=10
[2025-11-15 00:03:22,830][src.models.modules.semantic_id.tiger_generation_model][INFO] - [rank: 0] 使用分块生成策略，num_hierarchies=10
[2025-11-15 00:03:23,439][src.models.modules.semantic_id.tiger_generation_model][INFO] - [rank: 0] 使用分块生成策略，num_hierarchies=10
[2025-11-15 00:03:24,196][src.models.modules.semantic_id.tiger_generation_model][INFO] - [rank: 0] 使用分块生成策略，num_hierarchies=10
[2025-11-15 00:03:24,963][src.models.modules.semantic_id.tiger_generation_model][INFO] - [rank: 0] 使用分块生成策略，num_hierarchies=10
[2025-11-15 00:03:25,647][src.models.modules.semantic_id.tiger_generation_model][INFO] - [rank: 0] 使用分块生成策略，num_hierarchies=10
[2025-11-15 00:03:26,176][src.models.modules.semantic_id.tiger_generation_model][INFO] - [rank: 0] 使用分块生成策略，num_hierarchies=10
[2025-11-15 00:03:26,781][src.models.modules.semantic_id.tiger_generation_model][INFO] - [rank: 0] 使用分块生成策略，num_hierarchies=10
[2025-11-15 00:03:27,394][src.models.modules.semantic_id.tiger_generation_model][INFO] - [rank: 0] 使用分块生成策略，num_hierarchies=10
[2025-11-15 00:03:28,016][src.models.modules.semantic_id.tiger_generation_model][INFO] - [rank: 0] 使用分块生成策略，num_hierarchies=10
[2025-11-15 00:03:28,639][src.models.modules.semantic_id.tiger_generation_model][INFO] - [rank: 0] 使用分块生成策略，num_hierarchies=10
[2025-11-15 00:03:29,290][src.models.modules.semantic_id.tiger_generation_model][INFO] - [rank: 0] 使用分块生成策略，num_hierarchies=10
[2025-11-15 00:03:29,888][src.models.modules.semantic_id.tiger_generation_model][INFO] - [rank: 0] 使用分块生成策略，num_hierarchies=10
[2025-11-15 00:03:30,515][src.models.modules.semantic_id.tiger_generation_model][INFO] - [rank: 0] 使用分块生成策略，num_hierarchies=10
[2025-11-15 00:03:31,149][src.models.modules.semantic_id.tiger_generation_model][INFO] - [rank: 0] 使用分块生成策略，num_hierarchies=10
[2025-11-15 00:03:31,791][src.models.modules.semantic_id.tiger_generation_model][INFO] - [rank: 0] 使用分块生成策略，num_hierarchies=10
[2025-11-15 00:03:32,392][src.models.modules.semantic_id.tiger_generation_model][INFO] - [rank: 0] 使用分块生成策略，num_hierarchies=10
[2025-11-15 00:03:33,015][src.models.modules.semantic_id.tiger_generation_model][INFO] - [rank: 0] 使用分块生成策略，num_hierarchies=10
[2025-11-15 00:03:33,772][src.models.modules.semantic_id.tiger_generation_model][INFO] - [rank: 0] 使用分块生成策略，num_hierarchies=10
[2025-11-15 00:03:34,608][src.models.modules.semantic_id.tiger_generation_model][INFO] - [rank: 0] 使用分块生成策略，num_hierarchies=10
[2025-11-15 00:03:35,326][src.models.modules.semantic_id.tiger_generation_model][INFO] - [rank: 0] 使用分块生成策略，num_hierarchies=10
[2025-11-15 00:03:36,069][src.models.modules.semantic_id.tiger_generation_model][INFO] - [rank: 0] 使用分块生成策略，num_hierarchies=10
[2025-11-15 00:03:38,857][src.models.modules.semantic_id.tiger_generation_model][INFO] - [rank: 0] 
================================================================================
[2025-11-15 00:03:38,858][src.models.modules.semantic_id.tiger_generation_model][INFO] - [rank: 0] === 生成的语义ID Embedding相似度矩阵 (平均自 704 个batch) ===
[2025-11-15 00:03:38,861][src.models.modules.semantic_id.tiger_generation_model][INFO] - [rank: 0] 
[[ 9.99996066e-01  2.26904359e-02  2.27660462e-02 -1.18153356e-03
   1.19667379e-02  4.20239195e-03  8.68588686e-03 -1.01619959e-03
  -1.47227179e-02 -2.72785537e-02]
 [ 2.26904359e-02  9.99989033e-01  1.29478974e-02  1.39842620e-02
   1.35115525e-02 -3.96502484e-03  1.47251263e-02 -6.56063994e-03
   8.53306893e-03  9.48135057e-05]
 [ 2.27660462e-02  1.29478974e-02  9.99996305e-01  1.03742015e-02
   1.82022210e-02  3.72790871e-03  3.93676106e-03  1.20327622e-02
  -1.15294978e-02  3.16908048e-03]
 [-1.18153356e-03  1.39842620e-02  1.03742015e-02  1.00000095e+00
   2.77710077e-03  7.51177920e-03  9.96444281e-03  6.37430092e-03
  -4.55415517e-04  8.58568959e-03]
 [ 1.19667379e-02  1.35115525e-02  1.82022210e-02  2.77710077e-03
   1.00000715e+00  3.21354042e-03  4.25128732e-03  2.44921744e-02
  -2.41654902e-03 -4.58436133e-03]
 [ 4.20239195e-03 -3.96502484e-03  3.72790871e-03  7.51177920e-03
   3.21354042e-03  1.00000715e+00  1.99756571e-04  1.56189650e-02
   1.42757967e-03 -1.18603546e-03]
 [ 8.68588686e-03  1.47251263e-02  3.93676106e-03  9.96444281e-03
   4.25128732e-03  1.99756571e-04  9.99989271e-01  1.93856135e-02
  -8.64660554e-03 -4.41283500e-03]
 [-1.01619959e-03 -6.56063994e-03  1.20327622e-02  6.37430092e-03
   2.44921744e-02  1.56189650e-02  1.93856135e-02  1.00000286e+00
  -1.61117781e-03  1.45555539e-02]
 [-1.47227179e-02  8.53306893e-03 -1.15294978e-02 -4.55415517e-04
  -2.41654902e-03  1.42757967e-03 -8.64660554e-03 -1.61117781e-03
   1.00000274e+00  1.55278323e-02]
 [-2.72785537e-02  9.48135057e-05  3.16908048e-03  8.58568959e-03
  -4.58436133e-03 -1.18603546e-03 -4.41283500e-03  1.45555539e-02
   1.55278323e-02  1.00007784e+00]]
[2025-11-15 00:03:38,861][src.models.modules.semantic_id.tiger_generation_model][INFO] - [rank: 0] ================================================================================

[2025-11-15 00:03:38,862][src.models.modules.semantic_id.tiger_generation_model][INFO] - [rank: 0] 
================================================================================
[2025-11-15 00:03:38,862][src.models.modules.semantic_id.tiger_generation_model][INFO] - [rank: 0] === 输入序列中每个Item的Hierarchy Embedding相似度矩阵 (平均自 704 个batch) ===
[2025-11-15 00:03:38,864][src.models.modules.semantic_id.tiger_generation_model][INFO] - [rank: 0] 
[[ 9.99996603e-01  1.38455564e-02  1.23408940e-02  8.85846093e-03
   6.53268816e-03  4.51266207e-03  2.05487804e-03  7.23788340e-04
  -3.65201011e-03 -1.64566804e-02]
 [ 1.38455564e-02  9.99995470e-01  9.71747562e-03  1.07685095e-02
   1.26498789e-02  5.93993347e-03  9.83012374e-03  6.11652713e-03
  -6.65144622e-03  1.19681023e-02]
 [ 1.23408940e-02  9.71747562e-03  1.00000012e+00  1.10027678e-02
   1.15381982e-02  6.68575941e-03  6.65170280e-03  4.40266682e-03
  -5.00074215e-03  4.22676047e-03]
 [ 8.85846093e-03  1.07685095e-02  1.10027678e-02  1.00000107e+00
   1.07289311e-02  8.18723906e-03  5.40068466e-03  5.33561967e-03
  -7.44098378e-03 -1.01658481e-03]
 [ 6.53268816e-03  1.26498789e-02  1.15381982e-02  1.07289311e-02
   1.00001001e+00  7.54015846e-03  7.23069860e-03  7.00747268e-03
  -6.97479816e-03 -2.80415663e-03]
 [ 4.51266207e-03  5.93993347e-03  6.68575941e-03  8.18723906e-03
   7.54015846e-03  1.00000298e+00  4.26959572e-03  8.46316665e-03
  -6.74274378e-03  6.17594318e-03]
 [ 2.05487804e-03  9.83012374e-03  6.65170280e-03  5.40068466e-03
   7.23069860e-03  4.26959572e-03  9.99996543e-01  7.25593697e-03
  -6.24777423e-03 -5.21154655e-03]
 [ 7.23788340e-04  6.11652713e-03  4.40266682e-03  5.33561967e-03
   7.00747268e-03  8.46316665e-03  7.25593697e-03  1.00000143e+00
  -1.26537671e-02  4.75266855e-03]
 [-3.65201011e-03 -6.65144622e-03 -5.00074215e-03 -7.44098378e-03
  -6.97479816e-03 -6.74274378e-03 -6.24777423e-03 -1.26537671e-02
   1.00000286e+00  1.75609682e-02]
 [-1.64566804e-02  1.19681023e-02  4.22676047e-03 -1.01658481e-03
  -2.80415663e-03  6.17594318e-03 -5.21154655e-03  4.75266855e-03
   1.75609682e-02  1.00007772e+00]]
[2025-11-15 00:03:38,864][src.models.modules.semantic_id.tiger_generation_model][INFO] - [rank: 0] ================================================================================

[2025-11-15 00:03:38,919][src.models.modules.semantic_id.tiger_generation_model][INFO] - [rank: 0] 
================================================================================
[2025-11-15 00:03:38,920][src.models.modules.semantic_id.tiger_generation_model][INFO] - [rank: 0] === 按流行度分组的评测指标（累计到当前阶段）===
[2025-11-15 00:03:38,920][src.models.modules.semantic_id.tiger_generation_model][INFO] - [rank: 0] [Body] ndcg@5: 0.021736  ndcg@10: 0.021736  recall@5: 0.027558  recall@10: 0.027558
[2025-11-15 00:03:38,920][src.models.modules.semantic_id.tiger_generation_model][INFO] - [rank: 0] [Head] ndcg@5: 0.033435  ndcg@10: 0.033435  recall@5: 0.042359  recall@10: 0.042359
[2025-11-15 00:03:38,921][src.models.modules.semantic_id.tiger_generation_model][INFO] - [rank: 0] [Tail] ndcg@5: 0.015949  ndcg@10: 0.015949  recall@5: 0.020965  recall@10: 0.020965
[2025-11-15 00:03:38,921][src.models.modules.semantic_id.tiger_generation_model][INFO] - [rank: 0] ================================================================================

[2025-11-15 00:22:52,675][src.models.modules.semantic_id.tiger_generation_model][INFO] - [rank: 0] 使用分块生成策略，num_hierarchies=10
[2025-11-15 00:22:53,365][src.models.modules.semantic_id.tiger_generation_model][INFO] - [rank: 0] 使用分块生成策略，num_hierarchies=10
[2025-11-15 00:22:53,899][src.models.modules.semantic_id.tiger_generation_model][INFO] - [rank: 0] 使用分块生成策略，num_hierarchies=10
[2025-11-15 00:22:54,513][src.models.modules.semantic_id.tiger_generation_model][INFO] - [rank: 0] 使用分块生成策略，num_hierarchies=10
[2025-11-15 00:22:55,122][src.models.modules.semantic_id.tiger_generation_model][INFO] - [rank: 0] 使用分块生成策略，num_hierarchies=10
[2025-11-15 00:22:55,725][src.models.modules.semantic_id.tiger_generation_model][INFO] - [rank: 0] 使用分块生成策略，num_hierarchies=10
[2025-11-15 00:22:56,338][src.models.modules.semantic_id.tiger_generation_model][INFO] - [rank: 0] 使用分块生成策略，num_hierarchies=10
[2025-11-15 00:22:56,948][src.models.modules.semantic_id.tiger_generation_model][INFO] - [rank: 0] 使用分块生成策略，num_hierarchies=10
[2025-11-15 00:22:57,539][src.models.modules.semantic_id.tiger_generation_model][INFO] - [rank: 0] 使用分块生成策略，num_hierarchies=10
[2025-11-15 00:22:58,156][src.models.modules.semantic_id.tiger_generation_model][INFO] - [rank: 0] 使用分块生成策略，num_hierarchies=10
[2025-11-15 00:22:58,778][src.models.modules.semantic_id.tiger_generation_model][INFO] - [rank: 0] 使用分块生成策略，num_hierarchies=10
[2025-11-15 00:22:59,377][src.models.modules.semantic_id.tiger_generation_model][INFO] - [rank: 0] 使用分块生成策略，num_hierarchies=10
[2025-11-15 00:22:59,978][src.models.modules.semantic_id.tiger_generation_model][INFO] - [rank: 0] 使用分块生成策略，num_hierarchies=10
[2025-11-15 00:23:00,606][src.models.modules.semantic_id.tiger_generation_model][INFO] - [rank: 0] 使用分块生成策略，num_hierarchies=10
[2025-11-15 00:23:01,269][src.models.modules.semantic_id.tiger_generation_model][INFO] - [rank: 0] 使用分块生成策略，num_hierarchies=10
[2025-11-15 00:23:02,072][src.models.modules.semantic_id.tiger_generation_model][INFO] - [rank: 0] 使用分块生成策略，num_hierarchies=10
[2025-11-15 00:23:02,771][src.models.modules.semantic_id.tiger_generation_model][INFO] - [rank: 0] 使用分块生成策略，num_hierarchies=10
[2025-11-15 00:23:03,335][src.models.modules.semantic_id.tiger_generation_model][INFO] - [rank: 0] 使用分块生成策略，num_hierarchies=10
[2025-11-15 00:23:03,949][src.models.modules.semantic_id.tiger_generation_model][INFO] - [rank: 0] 使用分块生成策略，num_hierarchies=10
[2025-11-15 00:23:04,552][src.models.modules.semantic_id.tiger_generation_model][INFO] - [rank: 0] 使用分块生成策略，num_hierarchies=10
[2025-11-15 00:23:05,159][src.models.modules.semantic_id.tiger_generation_model][INFO] - [rank: 0] 使用分块生成策略，num_hierarchies=10
[2025-11-15 00:23:05,743][src.models.modules.semantic_id.tiger_generation_model][INFO] - [rank: 0] 使用分块生成策略，num_hierarchies=10
[2025-11-15 00:23:06,474][src.models.modules.semantic_id.tiger_generation_model][INFO] - [rank: 0] 使用分块生成策略，num_hierarchies=10
[2025-11-15 00:23:07,053][src.models.modules.semantic_id.tiger_generation_model][INFO] - [rank: 0] 使用分块生成策略，num_hierarchies=10
[2025-11-15 00:23:07,607][src.models.modules.semantic_id.tiger_generation_model][INFO] - [rank: 0] 使用分块生成策略，num_hierarchies=10
[2025-11-15 00:23:08,199][src.models.modules.semantic_id.tiger_generation_model][INFO] - [rank: 0] 使用分块生成策略，num_hierarchies=10
[2025-11-15 00:23:09,059][src.models.modules.semantic_id.tiger_generation_model][INFO] - [rank: 0] 使用分块生成策略，num_hierarchies=10
[2025-11-15 00:23:09,724][src.models.modules.semantic_id.tiger_generation_model][INFO] - [rank: 0] 使用分块生成策略，num_hierarchies=10
[2025-11-15 00:23:10,443][src.models.modules.semantic_id.tiger_generation_model][INFO] - [rank: 0] 使用分块生成策略，num_hierarchies=10
[2025-11-15 00:23:10,988][src.models.modules.semantic_id.tiger_generation_model][INFO] - [rank: 0] 使用分块生成策略，num_hierarchies=10
[2025-11-15 00:23:11,575][src.models.modules.semantic_id.tiger_generation_model][INFO] - [rank: 0] 使用分块生成策略，num_hierarchies=10
[2025-11-15 00:23:12,164][src.models.modules.semantic_id.tiger_generation_model][INFO] - [rank: 0] 使用分块生成策略，num_hierarchies=10
[2025-11-15 00:23:12,767][src.models.modules.semantic_id.tiger_generation_model][INFO] - [rank: 0] 使用分块生成策略，num_hierarchies=10
[2025-11-15 00:23:13,346][src.models.modules.semantic_id.tiger_generation_model][INFO] - [rank: 0] 使用分块生成策略，num_hierarchies=10
[2025-11-15 00:23:13,956][src.models.modules.semantic_id.tiger_generation_model][INFO] - [rank: 0] 使用分块生成策略，num_hierarchies=10
[2025-11-15 00:23:14,559][src.models.modules.semantic_id.tiger_generation_model][INFO] - [rank: 0] 使用分块生成策略，num_hierarchies=10
[2025-11-15 00:23:15,187][src.models.modules.semantic_id.tiger_generation_model][INFO] - [rank: 0] 使用分块生成策略，num_hierarchies=10
[2025-11-15 00:23:15,796][src.models.modules.semantic_id.tiger_generation_model][INFO] - [rank: 0] 使用分块生成策略，num_hierarchies=10
[2025-11-15 00:23:16,373][src.models.modules.semantic_id.tiger_generation_model][INFO] - [rank: 0] 使用分块生成策略，num_hierarchies=10
[2025-11-15 00:23:16,963][src.models.modules.semantic_id.tiger_generation_model][INFO] - [rank: 0] 使用分块生成策略，num_hierarchies=10
[2025-11-15 00:23:17,577][src.models.modules.semantic_id.tiger_generation_model][INFO] - [rank: 0] 使用分块生成策略，num_hierarchies=10
[2025-11-15 00:23:18,172][src.models.modules.semantic_id.tiger_generation_model][INFO] - [rank: 0] 使用分块生成策略，num_hierarchies=10
[2025-11-15 00:23:18,951][src.models.modules.semantic_id.tiger_generation_model][INFO] - [rank: 0] 使用分块生成策略，num_hierarchies=10
[2025-11-15 00:23:19,669][src.models.modules.semantic_id.tiger_generation_model][INFO] - [rank: 0] 使用分块生成策略，num_hierarchies=10
[2025-11-15 00:23:20,387][src.models.modules.semantic_id.tiger_generation_model][INFO] - [rank: 0] 使用分块生成策略，num_hierarchies=10
[2025-11-15 00:23:20,938][src.models.modules.semantic_id.tiger_generation_model][INFO] - [rank: 0] 使用分块生成策略，num_hierarchies=10
[2025-11-15 00:23:21,534][src.models.modules.semantic_id.tiger_generation_model][INFO] - [rank: 0] 使用分块生成策略，num_hierarchies=10
[2025-11-15 00:23:22,152][src.models.modules.semantic_id.tiger_generation_model][INFO] - [rank: 0] 使用分块生成策略，num_hierarchies=10
[2025-11-15 00:23:22,765][src.models.modules.semantic_id.tiger_generation_model][INFO] - [rank: 0] 使用分块生成策略，num_hierarchies=10
[2025-11-15 00:23:23,379][src.models.modules.semantic_id.tiger_generation_model][INFO] - [rank: 0] 使用分块生成策略，num_hierarchies=10
[2025-11-15 00:23:23,990][src.models.modules.semantic_id.tiger_generation_model][INFO] - [rank: 0] 使用分块生成策略，num_hierarchies=10
[2025-11-15 00:23:24,596][src.models.modules.semantic_id.tiger_generation_model][INFO] - [rank: 0] 使用分块生成策略，num_hierarchies=10
[2025-11-15 00:23:25,203][src.models.modules.semantic_id.tiger_generation_model][INFO] - [rank: 0] 使用分块生成策略，num_hierarchies=10
[2025-11-15 00:23:25,821][src.models.modules.semantic_id.tiger_generation_model][INFO] - [rank: 0] 使用分块生成策略，num_hierarchies=10
[2025-11-15 00:23:26,469][src.models.modules.semantic_id.tiger_generation_model][INFO] - [rank: 0] 使用分块生成策略，num_hierarchies=10
[2025-11-15 00:23:27,065][src.models.modules.semantic_id.tiger_generation_model][INFO] - [rank: 0] 使用分块生成策略，num_hierarchies=10
[2025-11-15 00:23:27,682][src.models.modules.semantic_id.tiger_generation_model][INFO] - [rank: 0] 使用分块生成策略，num_hierarchies=10
[2025-11-15 00:23:28,467][src.models.modules.semantic_id.tiger_generation_model][INFO] - [rank: 0] 使用分块生成策略，num_hierarchies=10
[2025-11-15 00:23:29,151][src.models.modules.semantic_id.tiger_generation_model][INFO] - [rank: 0] 使用分块生成策略，num_hierarchies=10
[2025-11-15 00:23:29,819][src.models.modules.semantic_id.tiger_generation_model][INFO] - [rank: 0] 使用分块生成策略，num_hierarchies=10
[2025-11-15 00:23:30,364][src.models.modules.semantic_id.tiger_generation_model][INFO] - [rank: 0] 使用分块生成策略，num_hierarchies=10
[2025-11-15 00:23:30,957][src.models.modules.semantic_id.tiger_generation_model][INFO] - [rank: 0] 使用分块生成策略，num_hierarchies=10
[2025-11-15 00:23:31,557][src.models.modules.semantic_id.tiger_generation_model][INFO] - [rank: 0] 使用分块生成策略，num_hierarchies=10
[2025-11-15 00:23:32,151][src.models.modules.semantic_id.tiger_generation_model][INFO] - [rank: 0] 使用分块生成策略，num_hierarchies=10
[2025-11-15 00:23:32,762][src.models.modules.semantic_id.tiger_generation_model][INFO] - [rank: 0] 使用分块生成策略，num_hierarchies=10
[2025-11-15 00:23:33,346][src.models.modules.semantic_id.tiger_generation_model][INFO] - [rank: 0] 使用分块生成策略，num_hierarchies=10
[2025-11-15 00:23:33,942][src.models.modules.semantic_id.tiger_generation_model][INFO] - [rank: 0] 使用分块生成策略，num_hierarchies=10
[2025-11-15 00:23:34,592][src.models.modules.semantic_id.tiger_generation_model][INFO] - [rank: 0] 使用分块生成策略，num_hierarchies=10
[2025-11-15 00:23:35,192][src.models.modules.semantic_id.tiger_generation_model][INFO] - [rank: 0] 使用分块生成策略，num_hierarchies=10
[2025-11-15 00:23:35,807][src.models.modules.semantic_id.tiger_generation_model][INFO] - [rank: 0] 使用分块生成策略，num_hierarchies=10
[2025-11-15 00:23:36,411][src.models.modules.semantic_id.tiger_generation_model][INFO] - [rank: 0] 使用分块生成策略，num_hierarchies=10
[2025-11-15 00:23:36,998][src.models.modules.semantic_id.tiger_generation_model][INFO] - [rank: 0] 使用分块生成策略，num_hierarchies=10
[2025-11-15 00:23:37,681][src.models.modules.semantic_id.tiger_generation_model][INFO] - [rank: 0] 使用分块生成策略，num_hierarchies=10
[2025-11-15 00:23:38,499][src.models.modules.semantic_id.tiger_generation_model][INFO] - [rank: 0] 使用分块生成策略，num_hierarchies=10
[2025-11-15 00:23:39,088][src.models.modules.semantic_id.tiger_generation_model][INFO] - [rank: 0] 使用分块生成策略，num_hierarchies=10
[2025-11-15 00:23:39,620][src.models.modules.semantic_id.tiger_generation_model][INFO] - [rank: 0] 使用分块生成策略，num_hierarchies=10
[2025-11-15 00:23:40,170][src.models.modules.semantic_id.tiger_generation_model][INFO] - [rank: 0] 使用分块生成策略，num_hierarchies=10
[2025-11-15 00:23:40,735][src.models.modules.semantic_id.tiger_generation_model][INFO] - [rank: 0] 使用分块生成策略，num_hierarchies=10
[2025-11-15 00:23:41,313][src.models.modules.semantic_id.tiger_generation_model][INFO] - [rank: 0] 使用分块生成策略，num_hierarchies=10
[2025-11-15 00:23:41,881][src.models.modules.semantic_id.tiger_generation_model][INFO] - [rank: 0] 使用分块生成策略，num_hierarchies=10
[2025-11-15 00:23:42,453][src.models.modules.semantic_id.tiger_generation_model][INFO] - [rank: 0] 使用分块生成策略，num_hierarchies=10
[2025-11-15 00:23:43,026][src.models.modules.semantic_id.tiger_generation_model][INFO] - [rank: 0] 使用分块生成策略，num_hierarchies=10
[2025-11-15 00:23:43,595][src.models.modules.semantic_id.tiger_generation_model][INFO] - [rank: 0] 使用分块生成策略，num_hierarchies=10
[2025-11-15 00:23:44,232][src.models.modules.semantic_id.tiger_generation_model][INFO] - [rank: 0] 使用分块生成策略，num_hierarchies=10
[2025-11-15 00:23:44,908][src.models.modules.semantic_id.tiger_generation_model][INFO] - [rank: 0] 使用分块生成策略，num_hierarchies=10
[2025-11-15 00:23:45,688][src.models.modules.semantic_id.tiger_generation_model][INFO] - [rank: 0] 使用分块生成策略，num_hierarchies=10
[2025-11-15 00:23:46,369][src.models.modules.semantic_id.tiger_generation_model][INFO] - [rank: 0] 使用分块生成策略，num_hierarchies=10
[2025-11-15 00:23:46,915][src.models.modules.semantic_id.tiger_generation_model][INFO] - [rank: 0] 使用分块生成策略，num_hierarchies=10
[2025-11-15 00:23:47,528][src.models.modules.semantic_id.tiger_generation_model][INFO] - [rank: 0] 使用分块生成策略，num_hierarchies=10
[2025-11-15 00:23:48,133][src.models.modules.semantic_id.tiger_generation_model][INFO] - [rank: 0] 使用分块生成策略，num_hierarchies=10
[2025-11-15 00:23:48,735][src.models.modules.semantic_id.tiger_generation_model][INFO] - [rank: 0] 使用分块生成策略，num_hierarchies=10
[2025-11-15 00:23:49,331][src.models.modules.semantic_id.tiger_generation_model][INFO] - [rank: 0] 使用分块生成策略，num_hierarchies=10
[2025-11-15 00:23:49,925][src.models.modules.semantic_id.tiger_generation_model][INFO] - [rank: 0] 使用分块生成策略，num_hierarchies=10
[2025-11-15 00:23:50,535][src.models.modules.semantic_id.tiger_generation_model][INFO] - [rank: 0] 使用分块生成策略，num_hierarchies=10
[2025-11-15 00:23:51,164][src.models.modules.semantic_id.tiger_generation_model][INFO] - [rank: 0] 使用分块生成策略，num_hierarchies=10
[2025-11-15 00:23:51,776][src.models.modules.semantic_id.tiger_generation_model][INFO] - [rank: 0] 使用分块生成策略，num_hierarchies=10
[2025-11-15 00:23:52,386][src.models.modules.semantic_id.tiger_generation_model][INFO] - [rank: 0] 使用分块生成策略，num_hierarchies=10
[2025-11-15 00:23:52,992][src.models.modules.semantic_id.tiger_generation_model][INFO] - [rank: 0] 使用分块生成策略，num_hierarchies=10
[2025-11-15 00:23:53,578][src.models.modules.semantic_id.tiger_generation_model][INFO] - [rank: 0] 使用分块生成策略，num_hierarchies=10
[2025-11-15 00:23:54,192][src.models.modules.semantic_id.tiger_generation_model][INFO] - [rank: 0] 使用分块生成策略，num_hierarchies=10
[2025-11-15 00:23:54,967][src.models.modules.semantic_id.tiger_generation_model][INFO] - [rank: 0] 使用分块生成策略，num_hierarchies=10
[2025-11-15 00:23:55,667][src.models.modules.semantic_id.tiger_generation_model][INFO] - [rank: 0] 使用分块生成策略，num_hierarchies=10
[2025-11-15 00:23:56,358][src.models.modules.semantic_id.tiger_generation_model][INFO] - [rank: 0] 使用分块生成策略，num_hierarchies=10
[2025-11-15 00:23:56,957][src.models.modules.semantic_id.tiger_generation_model][INFO] - [rank: 0] 使用分块生成策略，num_hierarchies=10
[2025-11-15 00:23:57,554][src.models.modules.semantic_id.tiger_generation_model][INFO] - [rank: 0] 使用分块生成策略，num_hierarchies=10
[2025-11-15 00:23:58,152][src.models.modules.semantic_id.tiger_generation_model][INFO] - [rank: 0] 使用分块生成策略，num_hierarchies=10
[2025-11-15 00:23:58,758][src.models.modules.semantic_id.tiger_generation_model][INFO] - [rank: 0] 使用分块生成策略，num_hierarchies=10
[2025-11-15 00:23:59,342][src.models.modules.semantic_id.tiger_generation_model][INFO] - [rank: 0] 使用分块生成策略，num_hierarchies=10
[2025-11-15 00:23:59,946][src.models.modules.semantic_id.tiger_generation_model][INFO] - [rank: 0] 使用分块生成策略，num_hierarchies=10
[2025-11-15 00:24:00,551][src.models.modules.semantic_id.tiger_generation_model][INFO] - [rank: 0] 使用分块生成策略，num_hierarchies=10
[2025-11-15 00:24:01,149][src.models.modules.semantic_id.tiger_generation_model][INFO] - [rank: 0] 使用分块生成策略，num_hierarchies=10
[2025-11-15 00:24:01,732][src.models.modules.semantic_id.tiger_generation_model][INFO] - [rank: 0] 使用分块生成策略，num_hierarchies=10
[2025-11-15 00:24:02,341][src.models.modules.semantic_id.tiger_generation_model][INFO] - [rank: 0] 使用分块生成策略，num_hierarchies=10
[2025-11-15 00:24:02,965][src.models.modules.semantic_id.tiger_generation_model][INFO] - [rank: 0] 使用分块生成策略，num_hierarchies=10
[2025-11-15 00:24:03,571][src.models.modules.semantic_id.tiger_generation_model][INFO] - [rank: 0] 使用分块生成策略，num_hierarchies=10
[2025-11-15 00:24:04,159][src.models.modules.semantic_id.tiger_generation_model][INFO] - [rank: 0] 使用分块生成策略，num_hierarchies=10
[2025-11-15 00:24:04,976][src.models.modules.semantic_id.tiger_generation_model][INFO] - [rank: 0] 使用分块生成策略，num_hierarchies=10
[2025-11-15 00:24:05,693][src.models.modules.semantic_id.tiger_generation_model][INFO] - [rank: 0] 使用分块生成策略，num_hierarchies=10
[2025-11-15 00:24:06,440][src.models.modules.semantic_id.tiger_generation_model][INFO] - [rank: 0] 使用分块生成策略，num_hierarchies=10
[2025-11-15 00:24:06,983][src.models.modules.semantic_id.tiger_generation_model][INFO] - [rank: 0] 使用分块生成策略，num_hierarchies=10
[2025-11-15 00:24:07,599][src.models.modules.semantic_id.tiger_generation_model][INFO] - [rank: 0] 使用分块生成策略，num_hierarchies=10
[2025-11-15 00:24:08,193][src.models.modules.semantic_id.tiger_generation_model][INFO] - [rank: 0] 使用分块生成策略，num_hierarchies=10
[2025-11-15 00:24:08,799][src.models.modules.semantic_id.tiger_generation_model][INFO] - [rank: 0] 使用分块生成策略，num_hierarchies=10
[2025-11-15 00:24:09,411][src.models.modules.semantic_id.tiger_generation_model][INFO] - [rank: 0] 使用分块生成策略，num_hierarchies=10
[2025-11-15 00:24:10,017][src.models.modules.semantic_id.tiger_generation_model][INFO] - [rank: 0] 使用分块生成策略，num_hierarchies=10
[2025-11-15 00:24:10,607][src.models.modules.semantic_id.tiger_generation_model][INFO] - [rank: 0] 使用分块生成策略，num_hierarchies=10
[2025-11-15 00:24:11,224][src.models.modules.semantic_id.tiger_generation_model][INFO] - [rank: 0] 使用分块生成策略，num_hierarchies=10
[2025-11-15 00:24:11,860][src.models.modules.semantic_id.tiger_generation_model][INFO] - [rank: 0] 使用分块生成策略，num_hierarchies=10
[2025-11-15 00:24:12,443][src.models.modules.semantic_id.tiger_generation_model][INFO] - [rank: 0] 使用分块生成策略，num_hierarchies=10
[2025-11-15 00:24:13,038][src.models.modules.semantic_id.tiger_generation_model][INFO] - [rank: 0] 使用分块生成策略，num_hierarchies=10
[2025-11-15 00:24:13,641][src.models.modules.semantic_id.tiger_generation_model][INFO] - [rank: 0] 使用分块生成策略，num_hierarchies=10
[2025-11-15 00:24:14,247][src.models.modules.semantic_id.tiger_generation_model][INFO] - [rank: 0] 使用分块生成策略，num_hierarchies=10
[2025-11-15 00:24:14,860][src.models.modules.semantic_id.tiger_generation_model][INFO] - [rank: 0] 使用分块生成策略，num_hierarchies=10
[2025-11-15 00:24:15,545][src.models.modules.semantic_id.tiger_generation_model][INFO] - [rank: 0] 使用分块生成策略，num_hierarchies=10
[2025-11-15 00:24:16,334][src.models.modules.semantic_id.tiger_generation_model][INFO] - [rank: 0] 使用分块生成策略，num_hierarchies=10
[2025-11-15 00:24:17,004][src.models.modules.semantic_id.tiger_generation_model][INFO] - [rank: 0] 使用分块生成策略，num_hierarchies=10
[2025-11-15 00:24:17,506][src.models.modules.semantic_id.tiger_generation_model][INFO] - [rank: 0] 使用分块生成策略，num_hierarchies=10
[2025-11-15 00:24:18,086][src.models.modules.semantic_id.tiger_generation_model][INFO] - [rank: 0] 使用分块生成策略，num_hierarchies=10
[2025-11-15 00:24:18,658][src.models.modules.semantic_id.tiger_generation_model][INFO] - [rank: 0] 使用分块生成策略，num_hierarchies=10
[2025-11-15 00:24:19,243][src.models.modules.semantic_id.tiger_generation_model][INFO] - [rank: 0] 使用分块生成策略，num_hierarchies=10
[2025-11-15 00:24:19,809][src.models.modules.semantic_id.tiger_generation_model][INFO] - [rank: 0] 使用分块生成策略，num_hierarchies=10
[2025-11-15 00:24:20,377][src.models.modules.semantic_id.tiger_generation_model][INFO] - [rank: 0] 使用分块生成策略，num_hierarchies=10
[2025-11-15 00:24:20,950][src.models.modules.semantic_id.tiger_generation_model][INFO] - [rank: 0] 使用分块生成策略，num_hierarchies=10
[2025-11-15 00:24:21,509][src.models.modules.semantic_id.tiger_generation_model][INFO] - [rank: 0] 使用分块生成策略，num_hierarchies=10
[2025-11-15 00:24:22,083][src.models.modules.semantic_id.tiger_generation_model][INFO] - [rank: 0] 使用分块生成策略，num_hierarchies=10
[2025-11-15 00:24:22,680][src.models.modules.semantic_id.tiger_generation_model][INFO] - [rank: 0] 使用分块生成策略，num_hierarchies=10
[2025-11-15 00:24:23,269][src.models.modules.semantic_id.tiger_generation_model][INFO] - [rank: 0] 使用分块生成策略，num_hierarchies=10
[2025-11-15 00:24:24,015][src.models.modules.semantic_id.tiger_generation_model][INFO] - [rank: 0] 使用分块生成策略，num_hierarchies=10
[2025-11-15 00:24:24,686][src.models.modules.semantic_id.tiger_generation_model][INFO] - [rank: 0] 使用分块生成策略，num_hierarchies=10
[2025-11-15 00:24:25,324][src.models.modules.semantic_id.tiger_generation_model][INFO] - [rank: 0] 使用分块生成策略，num_hierarchies=10
[2025-11-15 00:24:25,877][src.models.modules.semantic_id.tiger_generation_model][INFO] - [rank: 0] 使用分块生成策略，num_hierarchies=10
[2025-11-15 00:24:26,448][src.models.modules.semantic_id.tiger_generation_model][INFO] - [rank: 0] 使用分块生成策略，num_hierarchies=10
[2025-11-15 00:24:27,033][src.models.modules.semantic_id.tiger_generation_model][INFO] - [rank: 0] 使用分块生成策略，num_hierarchies=10
[2025-11-15 00:24:27,606][src.models.modules.semantic_id.tiger_generation_model][INFO] - [rank: 0] 使用分块生成策略，num_hierarchies=10
[2025-11-15 00:24:28,160][src.models.modules.semantic_id.tiger_generation_model][INFO] - [rank: 0] 使用分块生成策略，num_hierarchies=10
[2025-11-15 00:24:28,755][src.models.modules.semantic_id.tiger_generation_model][INFO] - [rank: 0] 使用分块生成策略，num_hierarchies=10
[2025-11-15 00:24:29,308][src.models.modules.semantic_id.tiger_generation_model][INFO] - [rank: 0] 使用分块生成策略，num_hierarchies=10
[2025-11-15 00:24:29,893][src.models.modules.semantic_id.tiger_generation_model][INFO] - [rank: 0] 使用分块生成策略，num_hierarchies=10
[2025-11-15 00:24:30,457][src.models.modules.semantic_id.tiger_generation_model][INFO] - [rank: 0] 使用分块生成策略，num_hierarchies=10
[2025-11-15 00:24:31,017][src.models.modules.semantic_id.tiger_generation_model][INFO] - [rank: 0] 使用分块生成策略，num_hierarchies=10
[2025-11-15 00:24:31,602][src.models.modules.semantic_id.tiger_generation_model][INFO] - [rank: 0] 使用分块生成策略，num_hierarchies=10
[2025-11-15 00:24:32,189][src.models.modules.semantic_id.tiger_generation_model][INFO] - [rank: 0] 使用分块生成策略，num_hierarchies=10
[2025-11-15 00:24:32,805][src.models.modules.semantic_id.tiger_generation_model][INFO] - [rank: 0] 使用分块生成策略，num_hierarchies=10
[2025-11-15 00:24:33,476][src.models.modules.semantic_id.tiger_generation_model][INFO] - [rank: 0] 使用分块生成策略，num_hierarchies=10
[2025-11-15 00:24:34,277][src.models.modules.semantic_id.tiger_generation_model][INFO] - [rank: 0] 使用分块生成策略，num_hierarchies=10
[2025-11-15 00:24:34,948][src.models.modules.semantic_id.tiger_generation_model][INFO] - [rank: 0] 使用分块生成策略，num_hierarchies=10
[2025-11-15 00:24:35,467][src.models.modules.semantic_id.tiger_generation_model][INFO] - [rank: 0] 使用分块生成策略，num_hierarchies=10
[2025-11-15 00:24:36,031][src.models.modules.semantic_id.tiger_generation_model][INFO] - [rank: 0] 使用分块生成策略，num_hierarchies=10
[2025-11-15 00:24:36,587][src.models.modules.semantic_id.tiger_generation_model][INFO] - [rank: 0] 使用分块生成策略，num_hierarchies=10
[2025-11-15 00:24:37,123][src.models.modules.semantic_id.tiger_generation_model][INFO] - [rank: 0] 使用分块生成策略，num_hierarchies=10
[2025-11-15 00:24:37,680][src.models.modules.semantic_id.tiger_generation_model][INFO] - [rank: 0] 使用分块生成策略，num_hierarchies=10
[2025-11-15 00:24:38,221][src.models.modules.semantic_id.tiger_generation_model][INFO] - [rank: 0] 使用分块生成策略，num_hierarchies=10
[2025-11-15 00:24:38,766][src.models.modules.semantic_id.tiger_generation_model][INFO] - [rank: 0] 使用分块生成策略，num_hierarchies=10
[2025-11-15 00:24:39,298][src.models.modules.semantic_id.tiger_generation_model][INFO] - [rank: 0] 使用分块生成策略，num_hierarchies=10
[2025-11-15 00:24:39,875][src.models.modules.semantic_id.tiger_generation_model][INFO] - [rank: 0] 使用分块生成策略，num_hierarchies=10
[2025-11-15 00:24:40,501][src.models.modules.semantic_id.tiger_generation_model][INFO] - [rank: 0] 使用分块生成策略，num_hierarchies=10
[2025-11-15 00:24:41,090][src.models.modules.semantic_id.tiger_generation_model][INFO] - [rank: 0] 使用分块生成策略，num_hierarchies=10
[2025-11-15 00:24:41,765][src.models.modules.semantic_id.tiger_generation_model][INFO] - [rank: 0] 使用分块生成策略，num_hierarchies=10
[2025-11-15 00:24:42,318][src.models.modules.semantic_id.tiger_generation_model][INFO] - [rank: 0] 使用分块生成策略，num_hierarchies=10
[2025-11-15 00:24:42,884][src.models.modules.semantic_id.tiger_generation_model][INFO] - [rank: 0] 使用分块生成策略，num_hierarchies=10
[2025-11-15 00:24:43,469][src.models.modules.semantic_id.tiger_generation_model][INFO] - [rank: 0] 使用分块生成策略，num_hierarchies=10
[2025-11-15 00:24:44,059][src.models.modules.semantic_id.tiger_generation_model][INFO] - [rank: 0] 使用分块生成策略，num_hierarchies=10
[2025-11-15 00:24:44,633][src.models.modules.semantic_id.tiger_generation_model][INFO] - [rank: 0] 使用分块生成策略，num_hierarchies=10
[2025-11-15 00:24:45,187][src.models.modules.semantic_id.tiger_generation_model][INFO] - [rank: 0] 使用分块生成策略，num_hierarchies=10
[2025-11-15 00:24:45,725][src.models.modules.semantic_id.tiger_generation_model][INFO] - [rank: 0] 使用分块生成策略，num_hierarchies=10
[2025-11-15 00:24:46,292][src.models.modules.semantic_id.tiger_generation_model][INFO] - [rank: 0] 使用分块生成策略，num_hierarchies=10
[2025-11-15 00:24:46,859][src.models.modules.semantic_id.tiger_generation_model][INFO] - [rank: 0] 使用分块生成策略，num_hierarchies=10
[2025-11-15 00:24:47,431][src.models.modules.semantic_id.tiger_generation_model][INFO] - [rank: 0] 使用分块生成策略，num_hierarchies=10
[2025-11-15 00:24:48,006][src.models.modules.semantic_id.tiger_generation_model][INFO] - [rank: 0] 使用分块生成策略，num_hierarchies=10
[2025-11-15 00:24:48,583][src.models.modules.semantic_id.tiger_generation_model][INFO] - [rank: 0] 使用分块生成策略，num_hierarchies=10
[2025-11-15 00:24:49,125][src.models.modules.semantic_id.tiger_generation_model][INFO] - [rank: 0] 使用分块生成策略，num_hierarchies=10
[2025-11-15 00:24:49,739][src.models.modules.semantic_id.tiger_generation_model][INFO] - [rank: 0] 使用分块生成策略，num_hierarchies=10
[2025-11-15 00:24:50,284][src.models.modules.semantic_id.tiger_generation_model][INFO] - [rank: 0] 使用分块生成策略，num_hierarchies=10
[2025-11-15 00:24:50,888][src.models.modules.semantic_id.tiger_generation_model][INFO] - [rank: 0] 使用分块生成策略，num_hierarchies=10
[2025-11-15 00:24:51,559][src.models.modules.semantic_id.tiger_generation_model][INFO] - [rank: 0] 使用分块生成策略，num_hierarchies=10
[2025-11-15 00:24:52,244][src.models.modules.semantic_id.tiger_generation_model][INFO] - [rank: 0] 使用分块生成策略，num_hierarchies=10
[2025-11-15 00:24:52,831][src.models.modules.semantic_id.tiger_generation_model][INFO] - [rank: 0] 使用分块生成策略，num_hierarchies=10
[2025-11-15 00:24:53,420][src.models.modules.semantic_id.tiger_generation_model][INFO] - [rank: 0] 使用分块生成策略，num_hierarchies=10
[2025-11-15 00:24:54,011][src.models.modules.semantic_id.tiger_generation_model][INFO] - [rank: 0] 使用分块生成策略，num_hierarchies=10
[2025-11-15 00:24:54,586][src.models.modules.semantic_id.tiger_generation_model][INFO] - [rank: 0] 使用分块生成策略，num_hierarchies=10
[2025-11-15 00:24:55,152][src.models.modules.semantic_id.tiger_generation_model][INFO] - [rank: 0] 使用分块生成策略，num_hierarchies=10
[2025-11-15 00:24:55,740][src.models.modules.semantic_id.tiger_generation_model][INFO] - [rank: 0] 使用分块生成策略，num_hierarchies=10
[2025-11-15 00:24:56,309][src.models.modules.semantic_id.tiger_generation_model][INFO] - [rank: 0] 使用分块生成策略，num_hierarchies=10
[2025-11-15 00:24:56,870][src.models.modules.semantic_id.tiger_generation_model][INFO] - [rank: 0] 使用分块生成策略，num_hierarchies=10
[2025-11-15 00:24:57,458][src.models.modules.semantic_id.tiger_generation_model][INFO] - [rank: 0] 使用分块生成策略，num_hierarchies=10
[2025-11-15 00:24:58,035][src.models.modules.semantic_id.tiger_generation_model][INFO] - [rank: 0] 使用分块生成策略，num_hierarchies=10
[2025-11-15 00:24:58,600][src.models.modules.semantic_id.tiger_generation_model][INFO] - [rank: 0] 使用分块生成策略，num_hierarchies=10
[2025-11-15 00:24:59,196][src.models.modules.semantic_id.tiger_generation_model][INFO] - [rank: 0] 使用分块生成策略，num_hierarchies=10
[2025-11-15 00:24:59,764][src.models.modules.semantic_id.tiger_generation_model][INFO] - [rank: 0] 使用分块生成策略，num_hierarchies=10
[2025-11-15 00:25:00,512][src.models.modules.semantic_id.tiger_generation_model][INFO] - [rank: 0] 使用分块生成策略，num_hierarchies=10
[2025-11-15 00:25:01,148][src.models.modules.semantic_id.tiger_generation_model][INFO] - [rank: 0] 使用分块生成策略，num_hierarchies=10
[2025-11-15 00:25:01,764][src.models.modules.semantic_id.tiger_generation_model][INFO] - [rank: 0] 使用分块生成策略，num_hierarchies=10
[2025-11-15 00:25:02,262][src.models.modules.semantic_id.tiger_generation_model][INFO] - [rank: 0] 使用分块生成策略，num_hierarchies=10
[2025-11-15 00:25:02,813][src.models.modules.semantic_id.tiger_generation_model][INFO] - [rank: 0] 使用分块生成策略，num_hierarchies=10
[2025-11-15 00:25:03,391][src.models.modules.semantic_id.tiger_generation_model][INFO] - [rank: 0] 使用分块生成策略，num_hierarchies=10
[2025-11-15 00:25:03,962][src.models.modules.semantic_id.tiger_generation_model][INFO] - [rank: 0] 使用分块生成策略，num_hierarchies=10
[2025-11-15 00:25:04,543][src.models.modules.semantic_id.tiger_generation_model][INFO] - [rank: 0] 使用分块生成策略，num_hierarchies=10
[2025-11-15 00:25:05,123][src.models.modules.semantic_id.tiger_generation_model][INFO] - [rank: 0] 使用分块生成策略，num_hierarchies=10
[2025-11-15 00:25:05,693][src.models.modules.semantic_id.tiger_generation_model][INFO] - [rank: 0] 使用分块生成策略，num_hierarchies=10
[2025-11-15 00:25:06,284][src.models.modules.semantic_id.tiger_generation_model][INFO] - [rank: 0] 使用分块生成策略，num_hierarchies=10
[2025-11-15 00:25:06,858][src.models.modules.semantic_id.tiger_generation_model][INFO] - [rank: 0] 使用分块生成策略，num_hierarchies=10
[2025-11-15 00:25:07,434][src.models.modules.semantic_id.tiger_generation_model][INFO] - [rank: 0] 使用分块生成策略，num_hierarchies=10
[2025-11-15 00:25:07,980][src.models.modules.semantic_id.tiger_generation_model][INFO] - [rank: 0] 使用分块生成策略，num_hierarchies=10
[2025-11-15 00:25:08,546][src.models.modules.semantic_id.tiger_generation_model][INFO] - [rank: 0] 使用分块生成策略，num_hierarchies=10
[2025-11-15 00:25:09,115][src.models.modules.semantic_id.tiger_generation_model][INFO] - [rank: 0] 使用分块生成策略，num_hierarchies=10
[2025-11-15 00:25:09,875][src.models.modules.semantic_id.tiger_generation_model][INFO] - [rank: 0] 使用分块生成策略，num_hierarchies=10
[2025-11-15 00:25:10,554][src.models.modules.semantic_id.tiger_generation_model][INFO] - [rank: 0] 使用分块生成策略，num_hierarchies=10
[2025-11-15 00:25:11,220][src.models.modules.semantic_id.tiger_generation_model][INFO] - [rank: 0] 使用分块生成策略，num_hierarchies=10
[2025-11-15 00:25:11,766][src.models.modules.semantic_id.tiger_generation_model][INFO] - [rank: 0] 使用分块生成策略，num_hierarchies=10
[2025-11-15 00:25:12,352][src.models.modules.semantic_id.tiger_generation_model][INFO] - [rank: 0] 使用分块生成策略，num_hierarchies=10
[2025-11-15 00:25:12,952][src.models.modules.semantic_id.tiger_generation_model][INFO] - [rank: 0] 使用分块生成策略，num_hierarchies=10
[2025-11-15 00:25:13,540][src.models.modules.semantic_id.tiger_generation_model][INFO] - [rank: 0] 使用分块生成策略，num_hierarchies=10
[2025-11-15 00:25:14,113][src.models.modules.semantic_id.tiger_generation_model][INFO] - [rank: 0] 使用分块生成策略，num_hierarchies=10
[2025-11-15 00:25:14,700][src.models.modules.semantic_id.tiger_generation_model][INFO] - [rank: 0] 使用分块生成策略，num_hierarchies=10
[2025-11-15 00:25:15,270][src.models.modules.semantic_id.tiger_generation_model][INFO] - [rank: 0] 使用分块生成策略，num_hierarchies=10
[2025-11-15 00:25:15,844][src.models.modules.semantic_id.tiger_generation_model][INFO] - [rank: 0] 使用分块生成策略，num_hierarchies=10
[2025-11-15 00:25:16,430][src.models.modules.semantic_id.tiger_generation_model][INFO] - [rank: 0] 使用分块生成策略，num_hierarchies=10
[2025-11-15 00:25:17,027][src.models.modules.semantic_id.tiger_generation_model][INFO] - [rank: 0] 使用分块生成策略，num_hierarchies=10
[2025-11-15 00:25:17,599][src.models.modules.semantic_id.tiger_generation_model][INFO] - [rank: 0] 使用分块生成策略，num_hierarchies=10
[2025-11-15 00:25:18,195][src.models.modules.semantic_id.tiger_generation_model][INFO] - [rank: 0] 使用分块生成策略，num_hierarchies=10
[2025-11-15 00:25:18,764][src.models.modules.semantic_id.tiger_generation_model][INFO] - [rank: 0] 使用分块生成策略，num_hierarchies=10
[2025-11-15 00:25:19,359][src.models.modules.semantic_id.tiger_generation_model][INFO] - [rank: 0] 使用分块生成策略，num_hierarchies=10
[2025-11-15 00:25:20,099][src.models.modules.semantic_id.tiger_generation_model][INFO] - [rank: 0] 使用分块生成策略，num_hierarchies=10
[2025-11-15 00:25:20,672][src.models.modules.semantic_id.tiger_generation_model][INFO] - [rank: 0] 使用分块生成策略，num_hierarchies=10
[2025-11-15 00:25:21,165][src.models.modules.semantic_id.tiger_generation_model][INFO] - [rank: 0] 使用分块生成策略，num_hierarchies=10
[2025-11-15 00:25:21,729][src.models.modules.semantic_id.tiger_generation_model][INFO] - [rank: 0] 使用分块生成策略，num_hierarchies=10
[2025-11-15 00:25:22,274][src.models.modules.semantic_id.tiger_generation_model][INFO] - [rank: 0] 使用分块生成策略，num_hierarchies=10
[2025-11-15 00:25:22,839][src.models.modules.semantic_id.tiger_generation_model][INFO] - [rank: 0] 使用分块生成策略，num_hierarchies=10
[2025-11-15 00:25:23,401][src.models.modules.semantic_id.tiger_generation_model][INFO] - [rank: 0] 使用分块生成策略，num_hierarchies=10
[2025-11-15 00:25:23,964][src.models.modules.semantic_id.tiger_generation_model][INFO] - [rank: 0] 使用分块生成策略，num_hierarchies=10
[2025-11-15 00:25:24,514][src.models.modules.semantic_id.tiger_generation_model][INFO] - [rank: 0] 使用分块生成策略，num_hierarchies=10
[2025-11-15 00:25:25,051][src.models.modules.semantic_id.tiger_generation_model][INFO] - [rank: 0] 使用分块生成策略，num_hierarchies=10
[2025-11-15 00:25:25,611][src.models.modules.semantic_id.tiger_generation_model][INFO] - [rank: 0] 使用分块生成策略，num_hierarchies=10
[2025-11-15 00:25:26,202][src.models.modules.semantic_id.tiger_generation_model][INFO] - [rank: 0] 使用分块生成策略，num_hierarchies=10
[2025-11-15 00:25:26,858][src.models.modules.semantic_id.tiger_generation_model][INFO] - [rank: 0] 使用分块生成策略，num_hierarchies=10
[2025-11-15 00:25:27,527][src.models.modules.semantic_id.tiger_generation_model][INFO] - [rank: 0] 使用分块生成策略，num_hierarchies=10
[2025-11-15 00:25:28,079][src.models.modules.semantic_id.tiger_generation_model][INFO] - [rank: 0] 使用分块生成策略，num_hierarchies=10
[2025-11-15 00:25:28,659][src.models.modules.semantic_id.tiger_generation_model][INFO] - [rank: 0] 使用分块生成策略，num_hierarchies=10
[2025-11-15 00:25:29,216][src.models.modules.semantic_id.tiger_generation_model][INFO] - [rank: 0] 使用分块生成策略，num_hierarchies=10
[2025-11-15 00:25:29,791][src.models.modules.semantic_id.tiger_generation_model][INFO] - [rank: 0] 使用分块生成策略，num_hierarchies=10
[2025-11-15 00:25:30,385][src.models.modules.semantic_id.tiger_generation_model][INFO] - [rank: 0] 使用分块生成策略，num_hierarchies=10
[2025-11-15 00:25:30,959][src.models.modules.semantic_id.tiger_generation_model][INFO] - [rank: 0] 使用分块生成策略，num_hierarchies=10
[2025-11-15 00:25:31,517][src.models.modules.semantic_id.tiger_generation_model][INFO] - [rank: 0] 使用分块生成策略，num_hierarchies=10
[2025-11-15 00:25:32,115][src.models.modules.semantic_id.tiger_generation_model][INFO] - [rank: 0] 使用分块生成策略，num_hierarchies=10
[2025-11-15 00:25:32,685][src.models.modules.semantic_id.tiger_generation_model][INFO] - [rank: 0] 使用分块生成策略，num_hierarchies=10
[2025-11-15 00:25:33,260][src.models.modules.semantic_id.tiger_generation_model][INFO] - [rank: 0] 使用分块生成策略，num_hierarchies=10
[2025-11-15 00:25:34,142][src.models.modules.semantic_id.tiger_generation_model][INFO] - [rank: 0] 使用分块生成策略，num_hierarchies=10
[2025-11-15 00:25:34,826][src.models.modules.semantic_id.tiger_generation_model][INFO] - [rank: 0] 使用分块生成策略，num_hierarchies=10
[2025-11-15 00:25:35,446][src.models.modules.semantic_id.tiger_generation_model][INFO] - [rank: 0] 使用分块生成策略，num_hierarchies=10
[2025-11-15 00:25:35,970][src.models.modules.semantic_id.tiger_generation_model][INFO] - [rank: 0] 使用分块生成策略，num_hierarchies=10
[2025-11-15 00:25:36,530][src.models.modules.semantic_id.tiger_generation_model][INFO] - [rank: 0] 使用分块生成策略，num_hierarchies=10
[2025-11-15 00:25:37,082][src.models.modules.semantic_id.tiger_generation_model][INFO] - [rank: 0] 使用分块生成策略，num_hierarchies=10
[2025-11-15 00:25:37,635][src.models.modules.semantic_id.tiger_generation_model][INFO] - [rank: 0] 使用分块生成策略，num_hierarchies=10
[2025-11-15 00:25:38,206][src.models.modules.semantic_id.tiger_generation_model][INFO] - [rank: 0] 使用分块生成策略，num_hierarchies=10
[2025-11-15 00:25:38,775][src.models.modules.semantic_id.tiger_generation_model][INFO] - [rank: 0] 使用分块生成策略，num_hierarchies=10
[2025-11-15 00:25:39,316][src.models.modules.semantic_id.tiger_generation_model][INFO] - [rank: 0] 使用分块生成策略，num_hierarchies=10
[2025-11-15 00:25:39,882][src.models.modules.semantic_id.tiger_generation_model][INFO] - [rank: 0] 使用分块生成策略，num_hierarchies=10
[2025-11-15 00:25:40,448][src.models.modules.semantic_id.tiger_generation_model][INFO] - [rank: 0] 使用分块生成策略，num_hierarchies=10
[2025-11-15 00:25:41,117][src.models.modules.semantic_id.tiger_generation_model][INFO] - [rank: 0] 使用分块生成策略，num_hierarchies=10
[2025-11-15 00:25:41,729][src.models.modules.semantic_id.tiger_generation_model][INFO] - [rank: 0] 使用分块生成策略，num_hierarchies=10
[2025-11-15 00:25:42,239][src.models.modules.semantic_id.tiger_generation_model][INFO] - [rank: 0] 使用分块生成策略，num_hierarchies=10
[2025-11-15 00:25:42,786][src.models.modules.semantic_id.tiger_generation_model][INFO] - [rank: 0] 使用分块生成策略，num_hierarchies=10
[2025-11-15 00:25:43,339][src.models.modules.semantic_id.tiger_generation_model][INFO] - [rank: 0] 使用分块生成策略，num_hierarchies=10
[2025-11-15 00:25:43,932][src.models.modules.semantic_id.tiger_generation_model][INFO] - [rank: 0] 使用分块生成策略，num_hierarchies=10
[2025-11-15 00:25:44,532][src.models.modules.semantic_id.tiger_generation_model][INFO] - [rank: 0] 使用分块生成策略，num_hierarchies=10
[2025-11-15 00:25:45,130][src.models.modules.semantic_id.tiger_generation_model][INFO] - [rank: 0] 使用分块生成策略，num_hierarchies=10
[2025-11-15 00:25:45,714][src.models.modules.semantic_id.tiger_generation_model][INFO] - [rank: 0] 使用分块生成策略，num_hierarchies=10
[2025-11-15 00:25:46,333][src.models.modules.semantic_id.tiger_generation_model][INFO] - [rank: 0] 使用分块生成策略，num_hierarchies=10
[2025-11-15 00:25:46,904][src.models.modules.semantic_id.tiger_generation_model][INFO] - [rank: 0] 使用分块生成策略，num_hierarchies=10
[2025-11-15 00:25:47,446][src.models.modules.semantic_id.tiger_generation_model][INFO] - [rank: 0] 使用分块生成策略，num_hierarchies=10
[2025-11-15 00:25:48,014][src.models.modules.semantic_id.tiger_generation_model][INFO] - [rank: 0] 使用分块生成策略，num_hierarchies=10
[2025-11-15 00:25:48,570][src.models.modules.semantic_id.tiger_generation_model][INFO] - [rank: 0] 使用分块生成策略，num_hierarchies=10
[2025-11-15 00:25:49,182][src.models.modules.semantic_id.tiger_generation_model][INFO] - [rank: 0] 使用分块生成策略，num_hierarchies=10
[2025-11-15 00:25:49,935][src.models.modules.semantic_id.tiger_generation_model][INFO] - [rank: 0] 使用分块生成策略，num_hierarchies=10
[2025-11-15 00:25:50,567][src.models.modules.semantic_id.tiger_generation_model][INFO] - [rank: 0] 使用分块生成策略，num_hierarchies=10
[2025-11-15 00:25:51,080][src.models.modules.semantic_id.tiger_generation_model][INFO] - [rank: 0] 使用分块生成策略，num_hierarchies=10
[2025-11-15 00:25:51,654][src.models.modules.semantic_id.tiger_generation_model][INFO] - [rank: 0] 使用分块生成策略，num_hierarchies=10
[2025-11-15 00:25:52,252][src.models.modules.semantic_id.tiger_generation_model][INFO] - [rank: 0] 使用分块生成策略，num_hierarchies=10
[2025-11-15 00:25:52,829][src.models.modules.semantic_id.tiger_generation_model][INFO] - [rank: 0] 使用分块生成策略，num_hierarchies=10
[2025-11-15 00:25:53,412][src.models.modules.semantic_id.tiger_generation_model][INFO] - [rank: 0] 使用分块生成策略，num_hierarchies=10
[2025-11-15 00:25:54,033][src.models.modules.semantic_id.tiger_generation_model][INFO] - [rank: 0] 使用分块生成策略，num_hierarchies=10
[2025-11-15 00:25:54,580][src.models.modules.semantic_id.tiger_generation_model][INFO] - [rank: 0] 使用分块生成策略，num_hierarchies=10
[2025-11-15 00:25:55,127][src.models.modules.semantic_id.tiger_generation_model][INFO] - [rank: 0] 使用分块生成策略，num_hierarchies=10
[2025-11-15 00:25:55,700][src.models.modules.semantic_id.tiger_generation_model][INFO] - [rank: 0] 使用分块生成策略，num_hierarchies=10
[2025-11-15 00:25:56,239][src.models.modules.semantic_id.tiger_generation_model][INFO] - [rank: 0] 使用分块生成策略，num_hierarchies=10
[2025-11-15 00:25:56,792][src.models.modules.semantic_id.tiger_generation_model][INFO] - [rank: 0] 使用分块生成策略，num_hierarchies=10
[2025-11-15 00:25:57,313][src.models.modules.semantic_id.tiger_generation_model][INFO] - [rank: 0] 使用分块生成策略，num_hierarchies=10
[2025-11-15 00:25:57,930][src.models.modules.semantic_id.tiger_generation_model][INFO] - [rank: 0] 使用分块生成策略，num_hierarchies=10
[2025-11-15 00:25:58,451][src.models.modules.semantic_id.tiger_generation_model][INFO] - [rank: 0] 使用分块生成策略，num_hierarchies=10
[2025-11-15 00:25:58,992][src.models.modules.semantic_id.tiger_generation_model][INFO] - [rank: 0] 使用分块生成策略，num_hierarchies=10
[2025-11-15 00:25:59,573][src.models.modules.semantic_id.tiger_generation_model][INFO] - [rank: 0] 使用分块生成策略，num_hierarchies=10
[2025-11-15 00:26:00,169][src.models.modules.semantic_id.tiger_generation_model][INFO] - [rank: 0] 使用分块生成策略，num_hierarchies=10
[2025-11-15 00:26:00,745][src.models.modules.semantic_id.tiger_generation_model][INFO] - [rank: 0] 使用分块生成策略，num_hierarchies=10
[2025-11-15 00:26:01,326][src.models.modules.semantic_id.tiger_generation_model][INFO] - [rank: 0] 使用分块生成策略，num_hierarchies=10
[2025-11-15 00:26:01,908][src.models.modules.semantic_id.tiger_generation_model][INFO] - [rank: 0] 使用分块生成策略，num_hierarchies=10
[2025-11-15 00:26:02,507][src.models.modules.semantic_id.tiger_generation_model][INFO] - [rank: 0] 使用分块生成策略，num_hierarchies=10
[2025-11-15 00:26:03,099][src.models.modules.semantic_id.tiger_generation_model][INFO] - [rank: 0] 使用分块生成策略，num_hierarchies=10
[2025-11-15 00:26:03,662][src.models.modules.semantic_id.tiger_generation_model][INFO] - [rank: 0] 使用分块生成策略，num_hierarchies=10
[2025-11-15 00:26:04,248][src.models.modules.semantic_id.tiger_generation_model][INFO] - [rank: 0] 使用分块生成策略，num_hierarchies=10
[2025-11-15 00:26:04,831][src.models.modules.semantic_id.tiger_generation_model][INFO] - [rank: 0] 使用分块生成策略，num_hierarchies=10
[2025-11-15 00:26:05,416][src.models.modules.semantic_id.tiger_generation_model][INFO] - [rank: 0] 使用分块生成策略，num_hierarchies=10
[2025-11-15 00:26:06,183][src.models.modules.semantic_id.tiger_generation_model][INFO] - [rank: 0] 使用分块生成策略，num_hierarchies=10
[2025-11-15 00:26:06,936][src.models.modules.semantic_id.tiger_generation_model][INFO] - [rank: 0] 使用分块生成策略，num_hierarchies=10
[2025-11-15 00:26:07,603][src.models.modules.semantic_id.tiger_generation_model][INFO] - [rank: 0] 使用分块生成策略，num_hierarchies=10
[2025-11-15 00:26:08,132][src.models.modules.semantic_id.tiger_generation_model][INFO] - [rank: 0] 使用分块生成策略，num_hierarchies=10
[2025-11-15 00:26:08,680][src.models.modules.semantic_id.tiger_generation_model][INFO] - [rank: 0] 使用分块生成策略，num_hierarchies=10
[2025-11-15 00:26:09,237][src.models.modules.semantic_id.tiger_generation_model][INFO] - [rank: 0] 使用分块生成策略，num_hierarchies=10
[2025-11-15 00:26:09,807][src.models.modules.semantic_id.tiger_generation_model][INFO] - [rank: 0] 使用分块生成策略，num_hierarchies=10
[2025-11-15 00:26:10,370][src.models.modules.semantic_id.tiger_generation_model][INFO] - [rank: 0] 使用分块生成策略，num_hierarchies=10
[2025-11-15 00:26:10,934][src.models.modules.semantic_id.tiger_generation_model][INFO] - [rank: 0] 使用分块生成策略，num_hierarchies=10
[2025-11-15 00:26:11,487][src.models.modules.semantic_id.tiger_generation_model][INFO] - [rank: 0] 使用分块生成策略，num_hierarchies=10
[2025-11-15 00:26:12,057][src.models.modules.semantic_id.tiger_generation_model][INFO] - [rank: 0] 使用分块生成策略，num_hierarchies=10
[2025-11-15 00:26:12,649][src.models.modules.semantic_id.tiger_generation_model][INFO] - [rank: 0] 使用分块生成策略，num_hierarchies=10
[2025-11-15 00:26:13,269][src.models.modules.semantic_id.tiger_generation_model][INFO] - [rank: 0] 使用分块生成策略，num_hierarchies=10
[2025-11-15 00:26:13,882][src.models.modules.semantic_id.tiger_generation_model][INFO] - [rank: 0] 使用分块生成策略，num_hierarchies=10
[2025-11-15 00:26:14,387][src.models.modules.semantic_id.tiger_generation_model][INFO] - [rank: 0] 使用分块生成策略，num_hierarchies=10
[2025-11-15 00:26:14,941][src.models.modules.semantic_id.tiger_generation_model][INFO] - [rank: 0] 使用分块生成策略，num_hierarchies=10
[2025-11-15 00:26:15,501][src.models.modules.semantic_id.tiger_generation_model][INFO] - [rank: 0] 使用分块生成策略，num_hierarchies=10
[2025-11-15 00:26:16,045][src.models.modules.semantic_id.tiger_generation_model][INFO] - [rank: 0] 使用分块生成策略，num_hierarchies=10
[2025-11-15 00:26:16,604][src.models.modules.semantic_id.tiger_generation_model][INFO] - [rank: 0] 使用分块生成策略，num_hierarchies=10
[2025-11-15 00:26:17,202][src.models.modules.semantic_id.tiger_generation_model][INFO] - [rank: 0] 使用分块生成策略，num_hierarchies=10
[2025-11-15 00:26:17,774][src.models.modules.semantic_id.tiger_generation_model][INFO] - [rank: 0] 使用分块生成策略，num_hierarchies=10
[2025-11-15 00:26:18,354][src.models.modules.semantic_id.tiger_generation_model][INFO] - [rank: 0] 使用分块生成策略，num_hierarchies=10
[2025-11-15 00:26:18,910][src.models.modules.semantic_id.tiger_generation_model][INFO] - [rank: 0] 使用分块生成策略，num_hierarchies=10
[2025-11-15 00:26:19,640][src.models.modules.semantic_id.tiger_generation_model][INFO] - [rank: 0] 使用分块生成策略，num_hierarchies=10
[2025-11-15 00:26:20,215][src.models.modules.semantic_id.tiger_generation_model][INFO] - [rank: 0] 使用分块生成策略，num_hierarchies=10
[2025-11-15 00:26:20,733][src.models.modules.semantic_id.tiger_generation_model][INFO] - [rank: 0] 使用分块生成策略，num_hierarchies=10
[2025-11-15 00:26:21,291][src.models.modules.semantic_id.tiger_generation_model][INFO] - [rank: 0] 使用分块生成策略，num_hierarchies=10
[2025-11-15 00:26:21,834][src.models.modules.semantic_id.tiger_generation_model][INFO] - [rank: 0] 使用分块生成策略，num_hierarchies=10
[2025-11-15 00:26:22,391][src.models.modules.semantic_id.tiger_generation_model][INFO] - [rank: 0] 使用分块生成策略，num_hierarchies=10
[2025-11-15 00:26:22,957][src.models.modules.semantic_id.tiger_generation_model][INFO] - [rank: 0] 使用分块生成策略，num_hierarchies=10
[2025-11-15 00:26:23,527][src.models.modules.semantic_id.tiger_generation_model][INFO] - [rank: 0] 使用分块生成策略，num_hierarchies=10
[2025-11-15 00:26:24,089][src.models.modules.semantic_id.tiger_generation_model][INFO] - [rank: 0] 使用分块生成策略，num_hierarchies=10
[2025-11-15 00:26:24,634][src.models.modules.semantic_id.tiger_generation_model][INFO] - [rank: 0] 使用分块生成策略，num_hierarchies=10
[2025-11-15 00:26:25,227][src.models.modules.semantic_id.tiger_generation_model][INFO] - [rank: 0] 使用分块生成策略，num_hierarchies=10
[2025-11-15 00:26:25,837][src.models.modules.semantic_id.tiger_generation_model][INFO] - [rank: 0] 使用分块生成策略，num_hierarchies=10
[2025-11-15 00:26:26,586][src.models.modules.semantic_id.tiger_generation_model][INFO] - [rank: 0] 使用分块生成策略，num_hierarchies=10
[2025-11-15 00:26:27,223][src.models.modules.semantic_id.tiger_generation_model][INFO] - [rank: 0] 使用分块生成策略，num_hierarchies=10
[2025-11-15 00:26:27,778][src.models.modules.semantic_id.tiger_generation_model][INFO] - [rank: 0] 使用分块生成策略，num_hierarchies=10
[2025-11-15 00:26:28,344][src.models.modules.semantic_id.tiger_generation_model][INFO] - [rank: 0] 使用分块生成策略，num_hierarchies=10
[2025-11-15 00:26:28,920][src.models.modules.semantic_id.tiger_generation_model][INFO] - [rank: 0] 使用分块生成策略，num_hierarchies=10
[2025-11-15 00:26:29,500][src.models.modules.semantic_id.tiger_generation_model][INFO] - [rank: 0] 使用分块生成策略，num_hierarchies=10
[2025-11-15 00:26:30,059][src.models.modules.semantic_id.tiger_generation_model][INFO] - [rank: 0] 使用分块生成策略，num_hierarchies=10
[2025-11-15 00:26:30,635][src.models.modules.semantic_id.tiger_generation_model][INFO] - [rank: 0] 使用分块生成策略，num_hierarchies=10
[2025-11-15 00:26:31,196][src.models.modules.semantic_id.tiger_generation_model][INFO] - [rank: 0] 使用分块生成策略，num_hierarchies=10
[2025-11-15 00:26:31,766][src.models.modules.semantic_id.tiger_generation_model][INFO] - [rank: 0] 使用分块生成策略，num_hierarchies=10
[2025-11-15 00:26:32,321][src.models.modules.semantic_id.tiger_generation_model][INFO] - [rank: 0] 使用分块生成策略，num_hierarchies=10
[2025-11-15 00:26:32,909][src.models.modules.semantic_id.tiger_generation_model][INFO] - [rank: 0] 使用分块生成策略，num_hierarchies=10
[2025-11-15 00:26:33,478][src.models.modules.semantic_id.tiger_generation_model][INFO] - [rank: 0] 使用分块生成策略，num_hierarchies=10
[2025-11-15 00:26:34,093][src.models.modules.semantic_id.tiger_generation_model][INFO] - [rank: 0] 使用分块生成策略，num_hierarchies=10
[2025-11-15 00:26:34,820][src.models.modules.semantic_id.tiger_generation_model][INFO] - [rank: 0] 使用分块生成策略，num_hierarchies=10
[2025-11-15 00:26:35,573][src.models.modules.semantic_id.tiger_generation_model][INFO] - [rank: 0] 使用分块生成策略，num_hierarchies=10
[2025-11-15 00:26:36,274][src.models.modules.semantic_id.tiger_generation_model][INFO] - [rank: 0] 使用分块生成策略，num_hierarchies=10
[2025-11-15 00:26:36,845][src.models.modules.semantic_id.tiger_generation_model][INFO] - [rank: 0] 使用分块生成策略，num_hierarchies=10
[2025-11-15 00:26:37,441][src.models.modules.semantic_id.tiger_generation_model][INFO] - [rank: 0] 使用分块生成策略，num_hierarchies=10
[2025-11-15 00:26:38,026][src.models.modules.semantic_id.tiger_generation_model][INFO] - [rank: 0] 使用分块生成策略，num_hierarchies=10
[2025-11-15 00:26:38,607][src.models.modules.semantic_id.tiger_generation_model][INFO] - [rank: 0] 使用分块生成策略，num_hierarchies=10
[2025-11-15 00:26:39,206][src.models.modules.semantic_id.tiger_generation_model][INFO] - [rank: 0] 使用分块生成策略，num_hierarchies=10
[2025-11-15 00:26:39,797][src.models.modules.semantic_id.tiger_generation_model][INFO] - [rank: 0] 使用分块生成策略，num_hierarchies=10
[2025-11-15 00:26:40,394][src.models.modules.semantic_id.tiger_generation_model][INFO] - [rank: 0] 使用分块生成策略，num_hierarchies=10
[2025-11-15 00:26:40,996][src.models.modules.semantic_id.tiger_generation_model][INFO] - [rank: 0] 使用分块生成策略，num_hierarchies=10
[2025-11-15 00:26:41,602][src.models.modules.semantic_id.tiger_generation_model][INFO] - [rank: 0] 使用分块生成策略，num_hierarchies=10
[2025-11-15 00:26:42,240][src.models.modules.semantic_id.tiger_generation_model][INFO] - [rank: 0] 使用分块生成策略，num_hierarchies=10
[2025-11-15 00:26:43,151][src.models.modules.semantic_id.tiger_generation_model][INFO] - [rank: 0] 使用分块生成策略，num_hierarchies=10
[2025-11-15 00:26:43,814][src.models.modules.semantic_id.tiger_generation_model][INFO] - [rank: 0] 使用分块生成策略，num_hierarchies=10
[2025-11-15 00:26:44,334][src.models.modules.semantic_id.tiger_generation_model][INFO] - [rank: 0] 使用分块生成策略，num_hierarchies=10
[2025-11-15 00:26:44,913][src.models.modules.semantic_id.tiger_generation_model][INFO] - [rank: 0] 使用分块生成策略，num_hierarchies=10
[2025-11-15 00:26:45,526][src.models.modules.semantic_id.tiger_generation_model][INFO] - [rank: 0] 使用分块生成策略，num_hierarchies=10
[2025-11-15 00:26:46,141][src.models.modules.semantic_id.tiger_generation_model][INFO] - [rank: 0] 使用分块生成策略，num_hierarchies=10
[2025-11-15 00:26:46,736][src.models.modules.semantic_id.tiger_generation_model][INFO] - [rank: 0] 使用分块生成策略，num_hierarchies=10
[2025-11-15 00:26:47,366][src.models.modules.semantic_id.tiger_generation_model][INFO] - [rank: 0] 使用分块生成策略，num_hierarchies=10
[2025-11-15 00:26:47,942][src.models.modules.semantic_id.tiger_generation_model][INFO] - [rank: 0] 使用分块生成策略，num_hierarchies=10
[2025-11-15 00:26:48,529][src.models.modules.semantic_id.tiger_generation_model][INFO] - [rank: 0] 使用分块生成策略，num_hierarchies=10
[2025-11-15 00:26:49,107][src.models.modules.semantic_id.tiger_generation_model][INFO] - [rank: 0] 使用分块生成策略，num_hierarchies=10
[2025-11-15 00:26:49,705][src.models.modules.semantic_id.tiger_generation_model][INFO] - [rank: 0] 使用分块生成策略，num_hierarchies=10
[2025-11-15 00:26:50,296][src.models.modules.semantic_id.tiger_generation_model][INFO] - [rank: 0] 使用分块生成策略，num_hierarchies=10
[2025-11-15 00:26:50,895][src.models.modules.semantic_id.tiger_generation_model][INFO] - [rank: 0] 使用分块生成策略，num_hierarchies=10
[2025-11-15 00:26:51,529][src.models.modules.semantic_id.tiger_generation_model][INFO] - [rank: 0] 使用分块生成策略，num_hierarchies=10
[2025-11-15 00:26:52,203][src.models.modules.semantic_id.tiger_generation_model][INFO] - [rank: 0] 使用分块生成策略，num_hierarchies=10
[2025-11-15 00:26:52,981][src.models.modules.semantic_id.tiger_generation_model][INFO] - [rank: 0] 使用分块生成策略，num_hierarchies=10
[2025-11-15 00:26:53,673][src.models.modules.semantic_id.tiger_generation_model][INFO] - [rank: 0] 使用分块生成策略，num_hierarchies=10
[2025-11-15 00:26:54,221][src.models.modules.semantic_id.tiger_generation_model][INFO] - [rank: 0] 使用分块生成策略，num_hierarchies=10
[2025-11-15 00:26:54,797][src.models.modules.semantic_id.tiger_generation_model][INFO] - [rank: 0] 使用分块生成策略，num_hierarchies=10
[2025-11-15 00:26:55,375][src.models.modules.semantic_id.tiger_generation_model][INFO] - [rank: 0] 使用分块生成策略，num_hierarchies=10
[2025-11-15 00:26:55,952][src.models.modules.semantic_id.tiger_generation_model][INFO] - [rank: 0] 使用分块生成策略，num_hierarchies=10
[2025-11-15 00:26:56,570][src.models.modules.semantic_id.tiger_generation_model][INFO] - [rank: 0] 使用分块生成策略，num_hierarchies=10
[2025-11-15 00:26:57,171][src.models.modules.semantic_id.tiger_generation_model][INFO] - [rank: 0] 使用分块生成策略，num_hierarchies=10
[2025-11-15 00:26:57,830][src.models.modules.semantic_id.tiger_generation_model][INFO] - [rank: 0] 使用分块生成策略，num_hierarchies=10
[2025-11-15 00:26:58,429][src.models.modules.semantic_id.tiger_generation_model][INFO] - [rank: 0] 使用分块生成策略，num_hierarchies=10
[2025-11-15 00:26:59,027][src.models.modules.semantic_id.tiger_generation_model][INFO] - [rank: 0] 使用分块生成策略，num_hierarchies=10
[2025-11-15 00:26:59,773][src.models.modules.semantic_id.tiger_generation_model][INFO] - [rank: 0] 使用分块生成策略，num_hierarchies=10
[2025-11-15 00:27:00,464][src.models.modules.semantic_id.tiger_generation_model][INFO] - [rank: 0] 使用分块生成策略，num_hierarchies=10
[2025-11-15 00:27:01,098][src.models.modules.semantic_id.tiger_generation_model][INFO] - [rank: 0] 使用分块生成策略，num_hierarchies=10
[2025-11-15 00:27:01,625][src.models.modules.semantic_id.tiger_generation_model][INFO] - [rank: 0] 使用分块生成策略，num_hierarchies=10
[2025-11-15 00:27:02,223][src.models.modules.semantic_id.tiger_generation_model][INFO] - [rank: 0] 使用分块生成策略，num_hierarchies=10
[2025-11-15 00:27:02,800][src.models.modules.semantic_id.tiger_generation_model][INFO] - [rank: 0] 使用分块生成策略，num_hierarchies=10
[2025-11-15 00:27:03,386][src.models.modules.semantic_id.tiger_generation_model][INFO] - [rank: 0] 使用分块生成策略，num_hierarchies=10
[2025-11-15 00:27:04,002][src.models.modules.semantic_id.tiger_generation_model][INFO] - [rank: 0] 使用分块生成策略，num_hierarchies=10
[2025-11-15 00:27:04,632][src.models.modules.semantic_id.tiger_generation_model][INFO] - [rank: 0] 使用分块生成策略，num_hierarchies=10
[2025-11-15 00:27:05,216][src.models.modules.semantic_id.tiger_generation_model][INFO] - [rank: 0] 使用分块生成策略，num_hierarchies=10
[2025-11-15 00:27:05,809][src.models.modules.semantic_id.tiger_generation_model][INFO] - [rank: 0] 使用分块生成策略，num_hierarchies=10
[2025-11-15 00:27:06,375][src.models.modules.semantic_id.tiger_generation_model][INFO] - [rank: 0] 使用分块生成策略，num_hierarchies=10
[2025-11-15 00:27:06,970][src.models.modules.semantic_id.tiger_generation_model][INFO] - [rank: 0] 使用分块生成策略，num_hierarchies=10
[2025-11-15 00:27:08,036][src.models.modules.semantic_id.tiger_generation_model][INFO] - [rank: 0] 使用分块生成策略，num_hierarchies=10
[2025-11-15 00:27:08,766][src.models.modules.semantic_id.tiger_generation_model][INFO] - [rank: 0] 使用分块生成策略，num_hierarchies=10
[2025-11-15 00:27:09,376][src.models.modules.semantic_id.tiger_generation_model][INFO] - [rank: 0] 使用分块生成策略，num_hierarchies=10
[2025-11-15 00:27:09,972][src.models.modules.semantic_id.tiger_generation_model][INFO] - [rank: 0] 使用分块生成策略，num_hierarchies=10
[2025-11-15 00:27:10,539][src.models.modules.semantic_id.tiger_generation_model][INFO] - [rank: 0] 使用分块生成策略，num_hierarchies=10
[2025-11-15 00:27:11,121][src.models.modules.semantic_id.tiger_generation_model][INFO] - [rank: 0] 使用分块生成策略，num_hierarchies=10
[2025-11-15 00:27:11,685][src.models.modules.semantic_id.tiger_generation_model][INFO] - [rank: 0] 使用分块生成策略，num_hierarchies=10
[2025-11-15 00:27:12,281][src.models.modules.semantic_id.tiger_generation_model][INFO] - [rank: 0] 使用分块生成策略，num_hierarchies=10
[2025-11-15 00:27:12,859][src.models.modules.semantic_id.tiger_generation_model][INFO] - [rank: 0] 使用分块生成策略，num_hierarchies=10
[2025-11-15 00:27:13,442][src.models.modules.semantic_id.tiger_generation_model][INFO] - [rank: 0] 使用分块生成策略，num_hierarchies=10
[2025-11-15 00:27:14,033][src.models.modules.semantic_id.tiger_generation_model][INFO] - [rank: 0] 使用分块生成策略，num_hierarchies=10
[2025-11-15 00:27:14,636][src.models.modules.semantic_id.tiger_generation_model][INFO] - [rank: 0] 使用分块生成策略，num_hierarchies=10
[2025-11-15 00:27:15,189][src.models.modules.semantic_id.tiger_generation_model][INFO] - [rank: 0] 使用分块生成策略，num_hierarchies=10
[2025-11-15 00:27:15,750][src.models.modules.semantic_id.tiger_generation_model][INFO] - [rank: 0] 使用分块生成策略，num_hierarchies=10
[2025-11-15 00:27:16,375][src.models.modules.semantic_id.tiger_generation_model][INFO] - [rank: 0] 使用分块生成策略，num_hierarchies=10
[2025-11-15 00:27:16,945][src.models.modules.semantic_id.tiger_generation_model][INFO] - [rank: 0] 使用分块生成策略，num_hierarchies=10
[2025-11-15 00:27:17,446][src.models.modules.semantic_id.tiger_generation_model][INFO] - [rank: 0] 使用分块生成策略，num_hierarchies=10
[2025-11-15 00:27:17,998][src.models.modules.semantic_id.tiger_generation_model][INFO] - [rank: 0] 使用分块生成策略，num_hierarchies=10
[2025-11-15 00:27:18,561][src.models.modules.semantic_id.tiger_generation_model][INFO] - [rank: 0] 使用分块生成策略，num_hierarchies=10
[2025-11-15 00:27:19,104][src.models.modules.semantic_id.tiger_generation_model][INFO] - [rank: 0] 使用分块生成策略，num_hierarchies=10
[2025-11-15 00:27:19,641][src.models.modules.semantic_id.tiger_generation_model][INFO] - [rank: 0] 使用分块生成策略，num_hierarchies=10
[2025-11-15 00:27:20,200][src.models.modules.semantic_id.tiger_generation_model][INFO] - [rank: 0] 使用分块生成策略，num_hierarchies=10
[2025-11-15 00:27:20,770][src.models.modules.semantic_id.tiger_generation_model][INFO] - [rank: 0] 使用分块生成策略，num_hierarchies=10
[2025-11-15 00:27:21,322][src.models.modules.semantic_id.tiger_generation_model][INFO] - [rank: 0] 使用分块生成策略，num_hierarchies=10
[2025-11-15 00:27:21,900][src.models.modules.semantic_id.tiger_generation_model][INFO] - [rank: 0] 使用分块生成策略，num_hierarchies=10
[2025-11-15 00:27:22,455][src.models.modules.semantic_id.tiger_generation_model][INFO] - [rank: 0] 使用分块生成策略，num_hierarchies=10
[2025-11-15 00:27:23,004][src.models.modules.semantic_id.tiger_generation_model][INFO] - [rank: 0] 使用分块生成策略，num_hierarchies=10
[2025-11-15 00:27:23,749][src.models.modules.semantic_id.tiger_generation_model][INFO] - [rank: 0] 使用分块生成策略，num_hierarchies=10
[2025-11-15 00:27:24,355][src.models.modules.semantic_id.tiger_generation_model][INFO] - [rank: 0] 使用分块生成策略，num_hierarchies=10
[2025-11-15 00:27:25,037][src.models.modules.semantic_id.tiger_generation_model][INFO] - [rank: 0] 使用分块生成策略，num_hierarchies=10
[2025-11-15 00:27:25,588][src.models.modules.semantic_id.tiger_generation_model][INFO] - [rank: 0] 使用分块生成策略，num_hierarchies=10
[2025-11-15 00:27:26,169][src.models.modules.semantic_id.tiger_generation_model][INFO] - [rank: 0] 使用分块生成策略，num_hierarchies=10
[2025-11-15 00:27:26,760][src.models.modules.semantic_id.tiger_generation_model][INFO] - [rank: 0] 使用分块生成策略，num_hierarchies=10
[2025-11-15 00:27:27,367][src.models.modules.semantic_id.tiger_generation_model][INFO] - [rank: 0] 使用分块生成策略，num_hierarchies=10
[2025-11-15 00:27:27,957][src.models.modules.semantic_id.tiger_generation_model][INFO] - [rank: 0] 使用分块生成策略，num_hierarchies=10
[2025-11-15 00:27:28,546][src.models.modules.semantic_id.tiger_generation_model][INFO] - [rank: 0] 使用分块生成策略，num_hierarchies=10
[2025-11-15 00:27:29,128][src.models.modules.semantic_id.tiger_generation_model][INFO] - [rank: 0] 使用分块生成策略，num_hierarchies=10
[2025-11-15 00:27:29,717][src.models.modules.semantic_id.tiger_generation_model][INFO] - [rank: 0] 使用分块生成策略，num_hierarchies=10
[2025-11-15 00:27:30,310][src.models.modules.semantic_id.tiger_generation_model][INFO] - [rank: 0] 使用分块生成策略，num_hierarchies=10
[2025-11-15 00:27:30,738][src.utils.restart_job][ERROR] - [rank: 0] Exception caught: DataLoader worker (pid 1262841) is killed by signal: Aborted. 
[2025-11-15 00:27:30,747][src.utils.restart_job][ERROR] - [rank: 0] Stack trace: Traceback (most recent call last):
  File "/data_sdc/mhwang/miniconda3/envs/GRs/lib/python3.12/site-packages/lightning/pytorch/trainer/call.py", line 46, in _call_and_handle_interrupt
    return trainer.strategy.launcher.launch(trainer_fn, *args, trainer=trainer, **kwargs)
           ^^^^^^^^^^^^^^^^^^^^^^^^^^^^^^^^^^^^^^^^^^^^^^^^^^^^^^^^^^^^^^^^^^^^^^^^^^^^^^
  File "/data_sdc/mhwang/miniconda3/envs/GRs/lib/python3.12/site-packages/lightning/pytorch/strategies/launchers/subprocess_script.py", line 105, in launch
    return function(*args, **kwargs)
           ^^^^^^^^^^^^^^^^^^^^^^^^^
  File "/data_sdc/mhwang/miniconda3/envs/GRs/lib/python3.12/site-packages/lightning/pytorch/trainer/trainer.py", line 575, in _fit_impl
    self._run(model, ckpt_path=ckpt_path)
  File "/data_sdc/mhwang/miniconda3/envs/GRs/lib/python3.12/site-packages/lightning/pytorch/trainer/trainer.py", line 982, in _run
    results = self._run_stage()
              ^^^^^^^^^^^^^^^^^
  File "/data_sdc/mhwang/miniconda3/envs/GRs/lib/python3.12/site-packages/lightning/pytorch/trainer/trainer.py", line 1026, in _run_stage
    self.fit_loop.run()
  File "/data_sdc/mhwang/miniconda3/envs/GRs/lib/python3.12/site-packages/lightning/pytorch/loops/fit_loop.py", line 216, in run
    self.advance()
  File "/data_sdc/mhwang/miniconda3/envs/GRs/lib/python3.12/site-packages/lightning/pytorch/loops/fit_loop.py", line 455, in advance
    self.epoch_loop.run(self._data_fetcher)
  File "/data_sdc/mhwang/miniconda3/envs/GRs/lib/python3.12/site-packages/lightning/pytorch/loops/training_epoch_loop.py", line 151, in run
    self.on_advance_end(data_fetcher)
  File "/data_sdc/mhwang/miniconda3/envs/GRs/lib/python3.12/site-packages/lightning/pytorch/loops/training_epoch_loop.py", line 370, in on_advance_end
    self.val_loop.run()
  File "/data_sdc/mhwang/miniconda3/envs/GRs/lib/python3.12/site-packages/lightning/pytorch/loops/utilities.py", line 179, in _decorator
    return loop_run(self, *args, **kwargs)
           ^^^^^^^^^^^^^^^^^^^^^^^^^^^^^^^
  File "/data_sdc/mhwang/miniconda3/envs/GRs/lib/python3.12/site-packages/lightning/pytorch/loops/evaluation_loop.py", line 144, in run
    self._evaluation_step(batch, batch_idx, dataloader_idx, dataloader_iter)
  File "/data_sdc/mhwang/miniconda3/envs/GRs/lib/python3.12/site-packages/lightning/pytorch/loops/evaluation_loop.py", line 433, in _evaluation_step
    output = call._call_strategy_hook(trainer, hook_name, *step_args)
             ^^^^^^^^^^^^^^^^^^^^^^^^^^^^^^^^^^^^^^^^^^^^^^^^^^^^^^^^
  File "/data_sdc/mhwang/miniconda3/envs/GRs/lib/python3.12/site-packages/lightning/pytorch/trainer/call.py", line 323, in _call_strategy_hook
    output = fn(*args, **kwargs)
             ^^^^^^^^^^^^^^^^^^^
  File "/data_sdc/mhwang/miniconda3/envs/GRs/lib/python3.12/site-packages/lightning/pytorch/strategies/strategy.py", line 411, in validation_step
    return self._forward_redirection(self.model, self.lightning_module, "validation_step", *args, **kwargs)
           ^^^^^^^^^^^^^^^^^^^^^^^^^^^^^^^^^^^^^^^^^^^^^^^^^^^^^^^^^^^^^^^^^^^^^^^^^^^^^^^^^^^^^^^^^^^^^^^^
  File "/data_sdc/mhwang/miniconda3/envs/GRs/lib/python3.12/site-packages/lightning/pytorch/strategies/strategy.py", line 641, in __call__
    wrapper_output = wrapper_module(*args, **kwargs)
                     ^^^^^^^^^^^^^^^^^^^^^^^^^^^^^^^
  File "/data_sdc/mhwang/miniconda3/envs/GRs/lib/python3.12/site-packages/torch/nn/modules/module.py", line 1739, in _wrapped_call_impl
    return self._call_impl(*args, **kwargs)
           ^^^^^^^^^^^^^^^^^^^^^^^^^^^^^^^^
  File "/data_sdc/mhwang/miniconda3/envs/GRs/lib/python3.12/site-packages/torch/nn/modules/module.py", line 1750, in _call_impl
    return forward_call(*args, **kwargs)
           ^^^^^^^^^^^^^^^^^^^^^^^^^^^^^
  File "/data_sdc/mhwang/miniconda3/envs/GRs/lib/python3.12/site-packages/torch/nn/parallel/distributed.py", line 1643, in forward
    else self._run_ddp_forward(*inputs, **kwargs)
         ^^^^^^^^^^^^^^^^^^^^^^^^^^^^^^^^^^^^^^^^
  File "/data_sdc/mhwang/miniconda3/envs/GRs/lib/python3.12/site-packages/torch/nn/parallel/distributed.py", line 1459, in _run_ddp_forward
    return self.module(*inputs, **kwargs)  # type: ignore[index]
           ^^^^^^^^^^^^^^^^^^^^^^^^^^^^^^
  File "/data_sdc/mhwang/miniconda3/envs/GRs/lib/python3.12/site-packages/torch/nn/modules/module.py", line 1739, in _wrapped_call_impl
    return self._call_impl(*args, **kwargs)
           ^^^^^^^^^^^^^^^^^^^^^^^^^^^^^^^^
  File "/data_sdc/mhwang/miniconda3/envs/GRs/lib/python3.12/site-packages/torch/nn/modules/module.py", line 1750, in _call_impl
    return forward_call(*args, **kwargs)
           ^^^^^^^^^^^^^^^^^^^^^^^^^^^^^
  File "/data_sdc/mhwang/miniconda3/envs/GRs/lib/python3.12/site-packages/lightning/pytorch/strategies/strategy.py", line 634, in wrapped_forward
    out = method(*_args, **_kwargs)
          ^^^^^^^^^^^^^^^^^^^^^^^^^
  File "/data/mhwang/Rec/GRID/src/models/modules/base_module.py", line 204, in validation_step
    self.eval_step(batch, self.val_loss)
  File "/data/mhwang/Rec/GRID/src/models/modules/semantic_id/tiger_generation_model.py", line 1599, in eval_step
    generated_ids, marginal_probs = self.generate(
                                    ^^^^^^^^^^^^^^
  File "/data/mhwang/Rec/GRID/src/models/modules/semantic_id/tiger_generation_model.py", line 1264, in generate
    return self._generate_with_chunking(
           ^^^^^^^^^^^^^^^^^^^^^^^^^^^^^
  File "/data/mhwang/Rec/GRID/src/models/modules/semantic_id/tiger_generation_model.py", line 1190, in _generate_with_chunking
    chunk_generated_ids, chunk_marginal_probs = self._generate_single_chunk(
                                                ^^^^^^^^^^^^^^^^^^^^^^^^^^^^
  File "/data/mhwang/Rec/GRID/src/models/modules/semantic_id/tiger_generation_model.py", line 1228, in _generate_single_chunk
    result = self._generate_core(
             ^^^^^^^^^^^^^^^^^^^^
  File "/data/mhwang/Rec/GRID/src/models/modules/semantic_id/tiger_generation_model.py", line 1367, in _generate_core
    candidate_logits = self.decoder.decoder_mlp[hierarchy](
                       ^^^^^^^^^^^^
  File "/data_sdc/mhwang/miniconda3/envs/GRs/lib/python3.12/site-packages/torch/nn/modules/module.py", line 1915, in __getattr__
    def __getattr__(self, name: str) -> Union[Tensor, "Module"]:
    
  File "/data_sdc/mhwang/miniconda3/envs/GRs/lib/python3.12/site-packages/torch/utils/data/_utils/signal_handling.py", line 73, in handler
    _error_if_any_worker_fails()
RuntimeError: DataLoader worker (pid 1262841) is killed by signal: Aborted. 

[2025-11-15 00:27:30,748][src.utils.restart_job][INFO] - [rank: 0] Cleaning up and handling restart logic
[2025-11-15 00:27:30,748][src.utils.restart_job_utils][INFO] - [rank: 0] Trying to load metadata from /data/mhwang/Rec/GRID/logs/train/runs/2025-11-14/18-52-58/metadata/restart_metadata.json
[2025-11-15 00:27:30,750][src.utils.restart_job_utils][INFO] - [rank: 0] Metadata loaded successfully from /data/mhwang/Rec/GRID/logs/train/runs/2025-11-14/18-52-58/metadata/restart_metadata.json
[2025-11-15 00:27:30,750][src.utils.restart_job_utils][INFO] - [rank: 0] Retrieved current_run: 0 from metadata /data/mhwang/Rec/GRID/logs/train/runs/2025-11-14/18-52-58/metadata/restart_metadata.json
[2025-11-15 00:27:30,750][src.utils.restart_job][INFO] - [rank: 0] Restarting job. Current metadata: JobCheckpointMetadata(start_time='2025-11-14T18:52:59.697562', restarts=[{'time': '2025-11-15T00:27:30.750615', 'exception': 'DataLoader worker (pid 1262841) is killed by signal: Aborted. ', 'run_number': 0}], current_run=1, used_ports=['36445'], world_size=4, node_rank=0, master_addr='127.0.0.1', original_args=['/data/mhwang/Rec/GRID/src/train.py', 'experiment=tiger_train_flat', 'data_dir=/data/mhwang/Rec/GRID/amazon_data/beauty', 'semantic_id_path=/data/mhwang/Rec/GRID/logs/inference/runs/2025-11-12/23-33-09/pickle/merged_predictions_tensor.pt', 'num_hierarchies=10', '++should_skip_retry=True'])
[2025-11-15 00:27:30,751][src.utils.restart_job_utils][INFO] - [rank: 0] Saving metadata to /data/mhwang/Rec/GRID/logs/train/runs/2025-11-14/18-52-58/metadata/restart_metadata.json. {'start_time': '2025-11-14T18:52:59.697562', 'restarts': [{'time': '2025-11-15T00:27:30.750615', 'exception': 'DataLoader worker (pid 1262841) is killed by signal: Aborted. ', 'run_number': 0}], 'current_run': 1, 'used_ports': ['36445'], 'world_size': 4, 'node_rank': 0, 'master_addr': '127.0.0.1', 'original_args': ['/data/mhwang/Rec/GRID/src/train.py', 'experiment=tiger_train_flat', 'data_dir=/data/mhwang/Rec/GRID/amazon_data/beauty', 'semantic_id_path=/data/mhwang/Rec/GRID/logs/inference/runs/2025-11-12/23-33-09/pickle/merged_predictions_tensor.pt', 'num_hierarchies=10', '++should_skip_retry=True']}
[2025-11-15 00:27:30,751][src.utils.restart_job_utils][INFO] - [rank: 0] Cleaning up distributed process group
[2025-11-15 00:27:31,184][src.utils.restart_job_utils][INFO] - [rank: 0] Clearing CUDA cache
[2025-11-15 00:27:31,184][src.utils.restart_job_utils][INFO] - [rank: 0] Tearing down trainer
[2025-11-15 00:27:31,668][src.utils.restart_job][INFO] - [rank: 0] Resources cleaned up.
