[2025-11-12 14:52:55,685][src.utils.utils][INFO] - [rank: 0] Enforcing tags! <cfg.extras.enforce_tags=True>
[2025-11-12 14:52:55,706][src.utils.utils][WARNING] - [rank: 0] Config loss was not found in the config tree. Make sure this is expected.
[2025-11-12 14:52:55,707][src.utils.utils][WARNING] - [rank: 0] Config optim was not found in the config tree. Make sure this is expected.
[2025-11-12 14:52:55,707][src.utils.utils][WARNING] - [rank: 0] Config eval was not found in the config tree. Make sure this is expected.
[2025-11-12 14:52:58,707][src.utils.utils][INFO] - [rank: 0] Printing config tree with Rich! <cfg.extras.print_config=True>
[2025-11-12 14:52:58,712][src.utils.launcher_utils][INFO] - [rank: 0] Instantiating datamodule <src.data.loading.datamodules.sequence_datamodule.SequenceDataModule>
[2025-11-12 14:52:58,836][src.utils.launcher_utils][INFO] - [rank: 0] Instantiating model <src.models.modules.semantic_id.tiger_generation_model.SemanticIDEncoderDecoder>
[2025-11-12 14:52:59,477][src.models.modules.semantic_id.tiger_generation_model][INFO] - [rank: 0] i am here
[2025-11-12 14:53:00,517][src.utils.launcher_utils][INFO] - [rank: 0] Instantiating callbacks...
[2025-11-12 14:53:00,527][src.utils.instantiators][INFO] - [rank: 0] Instantiating callback <src.utils.inference_utils.LocalPickleWriter>
[2025-11-12 14:53:01,023][src.utils.launcher_utils][INFO] - [rank: 0] Instantiating loggers...
[2025-11-12 14:53:01,024][src.utils.instantiators][INFO] - [rank: 0] Instantiating logger <lightning.pytorch.loggers.csv_logs.CSVLogger>
[2025-11-12 14:53:01,027][src.utils.launcher_utils][INFO] - [rank: 0] Instantiating trainer <lightning.pytorch.trainer.Trainer>
[2025-11-12 14:53:01,293][src.utils.launcher_utils][INFO] - [rank: 0] Logging hyperparameters!
[2025-11-12 14:53:01,830][__main__][INFO] - [rank: 0] Starting inference!
[2025-11-12 14:53:47,816][src.utils.inference_utils][INFO] - Rank 1 initialized for inference.
[2025-11-12 14:53:47,825][src.utils.inference_utils][INFO] - Rank 3 initialized for inference.
[2025-11-12 14:53:47,832][src.utils.inference_utils][INFO] - Rank 2 initialized for inference.
[2025-11-12 14:53:47,832][src.utils.inference_utils][INFO] - Rank 0 initialized for inference.
[2025-11-12 14:54:03,666][src.models.modules.semantic_id.tiger_generation_model][WARNING] - [rank: 0] Failed to stack cross attentions: stack expects each tensor to be equal size, but got [32, 6, 140] at entry 0 and [32, 6, 2, 140] at entry 1
[2025-11-12 14:54:03,669][src.models.modules.semantic_id.tiger_generation_model][WARNING] - [rank: 0]   Hierarchy 0 shape: torch.Size([32, 6, 140])
[2025-11-12 14:54:03,670][src.models.modules.semantic_id.tiger_generation_model][WARNING] - [rank: 0]   Hierarchy 1 shape: torch.Size([32, 6, 2, 140])
[2025-11-12 14:54:03,670][src.models.modules.semantic_id.tiger_generation_model][WARNING] - [rank: 0]   Hierarchy 2 shape: torch.Size([32, 6, 140])
[2025-11-12 14:54:03,670][src.models.modules.semantic_id.tiger_generation_model][WARNING] - [rank: 0]   Hierarchy 3 shape: torch.Size([32, 6, 140])
[2025-11-12 14:54:03,671][src.models.modules.semantic_id.tiger_generation_model][WARNING] - [rank: 0]   Hierarchy 4 shape: torch.Size([32, 6, 140])
[2025-11-12 14:54:03,671][src.models.modules.semantic_id.tiger_generation_model][WARNING] - [rank: 0]   Hierarchy 5 shape: torch.Size([32, 6, 140])
[2025-11-12 14:54:04,226][src.models.modules.semantic_id.tiger_generation_model][INFO] - [rank: 0] Saved decoder self-attention to ./attention_weights/decoder_self_attention_batch_0.pt
[2025-11-12 14:54:04,227][src.models.modules.semantic_id.tiger_generation_model][INFO] - [rank: 0] Saved encoder attention to ./attention_weights/encoder_attention_batch_0.pt
[2025-11-12 14:54:04,227][src.models.modules.semantic_id.tiger_generation_model][INFO] - [rank: 0] Saved cross attention to ./attention_weights/cross_attention_batch_0.pt
[2025-11-12 14:54:04,275][src.models.modules.semantic_id.tiger_generation_model][INFO] - [rank: 0] 当前batch的生成语义ID Embedding相似度矩阵:
[[ 1.0000000e+00  2.2593189e-02  3.2746634e-03 -8.0938414e-03
   3.9384863e-03 -6.1094940e-02]
 [ 2.2593189e-02  1.0000000e+00  3.4299962e-02  3.0975036e-02
   6.7529622e-03 -1.9456131e-02]
 [ 3.2746634e-03  3.4299962e-02  1.0000000e+00  3.4315087e-02
   7.8579066e-03 -2.7893638e-02]
 [-8.0938414e-03  3.0975036e-02  3.4315087e-02  1.0000000e+00
  -6.1999634e-04  7.3263543e-03]
 [ 3.9384863e-03  6.7529622e-03  7.8579066e-03 -6.1999634e-04
   1.0000000e+00 -1.2820303e-02]
 [-6.1094940e-02 -1.9456131e-02 -2.7893638e-02  7.3263543e-03
  -1.2820303e-02  9.9999988e-01]]
[2025-11-12 14:54:04,458][src.models.modules.semantic_id.tiger_generation_model][INFO] - [rank: 0] 当前batch的输入Item Hierarchy Embedding相似度矩阵:
[[ 1.          0.00670352  0.00355241  0.01829425  0.00758437 -0.01967317]
 [ 0.00670352  1.          0.02644034  0.02137816  0.00200775 -0.02771125]
 [ 0.00355241  0.02644034  1.          0.01507568 -0.00124306 -0.03430326]
 [ 0.01829425  0.02137816  0.01507568  1.          0.00905222 -0.00489438]
 [ 0.00758437  0.00200775 -0.00124306  0.00905222  1.         -0.00699193]
 [-0.01967317 -0.02771125 -0.03430326 -0.00489438 -0.00699193  0.9999999 ]]
[2025-11-12 14:54:06,371][src.models.modules.semantic_id.tiger_generation_model][WARNING] - [rank: 0] Failed to stack cross attentions: stack expects each tensor to be equal size, but got [32, 6, 140] at entry 0 and [32, 6, 2, 140] at entry 1
[2025-11-12 14:54:06,372][src.models.modules.semantic_id.tiger_generation_model][WARNING] - [rank: 0]   Hierarchy 0 shape: torch.Size([32, 6, 140])
[2025-11-12 14:54:06,372][src.models.modules.semantic_id.tiger_generation_model][WARNING] - [rank: 0]   Hierarchy 1 shape: torch.Size([32, 6, 2, 140])
[2025-11-12 14:54:06,372][src.models.modules.semantic_id.tiger_generation_model][WARNING] - [rank: 0]   Hierarchy 2 shape: torch.Size([32, 6, 140])
[2025-11-12 14:54:06,372][src.models.modules.semantic_id.tiger_generation_model][WARNING] - [rank: 0]   Hierarchy 3 shape: torch.Size([32, 6, 140])
[2025-11-12 14:54:06,373][src.models.modules.semantic_id.tiger_generation_model][WARNING] - [rank: 0]   Hierarchy 4 shape: torch.Size([32, 6, 140])
[2025-11-12 14:54:06,373][src.models.modules.semantic_id.tiger_generation_model][WARNING] - [rank: 0]   Hierarchy 5 shape: torch.Size([32, 6, 140])
[2025-11-12 14:54:06,754][src.models.modules.semantic_id.tiger_generation_model][INFO] - [rank: 0] Saved decoder self-attention to ./attention_weights/decoder_self_attention_batch_1.pt
[2025-11-12 14:54:06,754][src.models.modules.semantic_id.tiger_generation_model][INFO] - [rank: 0] Saved encoder attention to ./attention_weights/encoder_attention_batch_1.pt
[2025-11-12 14:54:06,754][src.models.modules.semantic_id.tiger_generation_model][INFO] - [rank: 0] Saved cross attention to ./attention_weights/cross_attention_batch_1.pt
[2025-11-12 14:54:06,760][src.models.modules.semantic_id.tiger_generation_model][INFO] - [rank: 0] 当前batch的生成语义ID Embedding相似度矩阵:
[[ 1.0000000e+00  5.7300273e-03  3.6699194e-02  2.5775421e-02
   1.9702660e-02 -2.5432469e-02]
 [ 5.7300273e-03  1.0000000e+00  9.3117896e-03  2.2329383e-02
   1.9596662e-02 -7.4871005e-03]
 [ 3.6699194e-02  9.3117896e-03  1.0000000e+00 -3.6504087e-03
  -5.0782980e-03 -4.2971931e-02]
 [ 2.5775421e-02  2.2329383e-02 -3.6504087e-03  1.0000000e+00
   1.6773329e-04 -6.4897570e-03]
 [ 1.9702660e-02  1.9596662e-02 -5.0782980e-03  1.6773329e-04
   1.0000000e+00 -1.2295114e-02]
 [-2.5432469e-02 -7.4871005e-03 -4.2971931e-02 -6.4897570e-03
  -1.2295114e-02  9.9999988e-01]]
[2025-11-12 14:54:07,244][src.models.modules.semantic_id.tiger_generation_model][INFO] - [rank: 0] 当前batch的输入Item Hierarchy Embedding相似度矩阵:
[[ 1.0000000e+00  1.2219121e-02  1.8310962e-02  2.2328772e-02
   1.2354881e-03 -2.1826744e-02]
 [ 1.2219121e-02  1.0000000e+00  1.9751696e-02  1.9408261e-02
  -5.8105442e-04 -1.8519361e-02]
 [ 1.8310962e-02  1.9751696e-02  1.0000000e+00  1.6562123e-02
   2.5473109e-03 -2.2267124e-02]
 [ 2.2328772e-02  1.9408261e-02  1.6562123e-02  1.0000000e+00
  -7.3907934e-03 -1.3492118e-02]
 [ 1.2354881e-03 -5.8105442e-04  2.5473109e-03 -7.3907934e-03
   1.0000000e+00 -7.8395510e-04]
 [-2.1826744e-02 -1.8519361e-02 -2.2267124e-02 -1.3492118e-02
  -7.8395510e-04  9.9999982e-01]]
[2025-11-12 14:54:07,797][src.models.modules.semantic_id.tiger_generation_model][WARNING] - [rank: 0] Failed to stack cross attentions: stack expects each tensor to be equal size, but got [32, 6, 140] at entry 0 and [32, 6, 2, 140] at entry 1
[2025-11-12 14:54:07,798][src.models.modules.semantic_id.tiger_generation_model][WARNING] - [rank: 0]   Hierarchy 0 shape: torch.Size([32, 6, 140])
[2025-11-12 14:54:07,798][src.models.modules.semantic_id.tiger_generation_model][WARNING] - [rank: 0]   Hierarchy 1 shape: torch.Size([32, 6, 2, 140])
[2025-11-12 14:54:07,798][src.models.modules.semantic_id.tiger_generation_model][WARNING] - [rank: 0]   Hierarchy 2 shape: torch.Size([32, 6, 140])
[2025-11-12 14:54:07,798][src.models.modules.semantic_id.tiger_generation_model][WARNING] - [rank: 0]   Hierarchy 3 shape: torch.Size([32, 6, 140])
[2025-11-12 14:54:07,798][src.models.modules.semantic_id.tiger_generation_model][WARNING] - [rank: 0]   Hierarchy 4 shape: torch.Size([32, 6, 140])
[2025-11-12 14:54:07,799][src.models.modules.semantic_id.tiger_generation_model][WARNING] - [rank: 0]   Hierarchy 5 shape: torch.Size([32, 6, 140])
[2025-11-12 14:54:07,971][src.models.modules.semantic_id.tiger_generation_model][INFO] - [rank: 0] Saved decoder self-attention to ./attention_weights/decoder_self_attention_batch_2.pt
[2025-11-12 14:54:07,972][src.models.modules.semantic_id.tiger_generation_model][INFO] - [rank: 0] Saved encoder attention to ./attention_weights/encoder_attention_batch_2.pt
[2025-11-12 14:54:07,972][src.models.modules.semantic_id.tiger_generation_model][INFO] - [rank: 0] Saved cross attention to ./attention_weights/cross_attention_batch_2.pt
[2025-11-12 14:54:07,980][src.models.modules.semantic_id.tiger_generation_model][INFO] - [rank: 0] 当前batch的生成语义ID Embedding相似度矩阵:
[[ 1.          0.02529931  0.02149795  0.03135988  0.01147253 -0.02567372]
 [ 0.02529931  1.          0.02608849  0.00375752 -0.00300731 -0.0084424 ]
 [ 0.02149795  0.02608849  1.          0.02069953  0.02776777 -0.04188775]
 [ 0.03135988  0.00375752  0.02069953  1.         -0.00206049  0.00446092]
 [ 0.01147253 -0.00300731  0.02776777 -0.00206049  1.         -0.01500103]
 [-0.02567372 -0.0084424  -0.04188775  0.00446092 -0.01500103  0.9999999 ]]
[2025-11-12 14:54:08,153][src.models.modules.semantic_id.tiger_generation_model][INFO] - [rank: 0] 当前batch的输入Item Hierarchy Embedding相似度矩阵:
[[ 1.0000000e+00  9.4383713e-03  2.4061892e-02  1.3581717e-02
   1.2433967e-02 -1.5107054e-02]
 [ 9.4383713e-03  1.0000000e+00  1.8884096e-02  1.9778874e-02
   6.8175723e-04  1.6466543e-03]
 [ 2.4061892e-02  1.8884096e-02  1.0000000e+00  1.9767072e-02
   5.2242801e-03 -2.2703808e-02]
 [ 1.3581717e-02  1.9778874e-02  1.9767072e-02  1.0000000e+00
   1.1273179e-02 -9.6859178e-03]
 [ 1.2433967e-02  6.8175723e-04  5.2242801e-03  1.1273179e-02
   1.0000000e+00 -5.3049820e-03]
 [-1.5107054e-02  1.6466543e-03 -2.2703808e-02 -9.6859178e-03
  -5.3049820e-03  9.9999976e-01]]
[2025-11-12 14:54:09,563][src.models.modules.semantic_id.tiger_generation_model][WARNING] - [rank: 0] Failed to stack cross attentions: stack expects each tensor to be equal size, but got [32, 6, 140] at entry 0 and [32, 6, 2, 140] at entry 1
[2025-11-12 14:54:09,564][src.models.modules.semantic_id.tiger_generation_model][WARNING] - [rank: 0]   Hierarchy 0 shape: torch.Size([32, 6, 140])
[2025-11-12 14:54:09,564][src.models.modules.semantic_id.tiger_generation_model][WARNING] - [rank: 0]   Hierarchy 1 shape: torch.Size([32, 6, 2, 140])
[2025-11-12 14:54:09,564][src.models.modules.semantic_id.tiger_generation_model][WARNING] - [rank: 0]   Hierarchy 2 shape: torch.Size([32, 6, 140])
[2025-11-12 14:54:09,564][src.models.modules.semantic_id.tiger_generation_model][WARNING] - [rank: 0]   Hierarchy 3 shape: torch.Size([32, 6, 140])
[2025-11-12 14:54:09,564][src.models.modules.semantic_id.tiger_generation_model][WARNING] - [rank: 0]   Hierarchy 4 shape: torch.Size([32, 6, 140])
[2025-11-12 14:54:09,565][src.models.modules.semantic_id.tiger_generation_model][WARNING] - [rank: 0]   Hierarchy 5 shape: torch.Size([32, 6, 140])
[2025-11-12 14:54:09,920][src.models.modules.semantic_id.tiger_generation_model][INFO] - [rank: 0] Saved decoder self-attention to ./attention_weights/decoder_self_attention_batch_3.pt
[2025-11-12 14:54:09,931][src.models.modules.semantic_id.tiger_generation_model][INFO] - [rank: 0] Saved encoder attention to ./attention_weights/encoder_attention_batch_3.pt
[2025-11-12 14:54:09,931][src.models.modules.semantic_id.tiger_generation_model][INFO] - [rank: 0] Saved cross attention to ./attention_weights/cross_attention_batch_3.pt
[2025-11-12 14:54:09,937][src.models.modules.semantic_id.tiger_generation_model][INFO] - [rank: 0] 当前batch的生成语义ID Embedding相似度矩阵:
[[ 1.          0.01730046 -0.00859102 -0.00216574  0.0139048  -0.00468202]
 [ 0.01730046  1.          0.03047443  0.01743036 -0.0229598  -0.00540509]
 [-0.00859102  0.03047443  1.          0.04768115 -0.02167353 -0.0241975 ]
 [-0.00216574  0.01743036  0.04768115  1.          0.02975301 -0.01456276]
 [ 0.0139048  -0.0229598  -0.02167353  0.02975301  1.         -0.02109469]
 [-0.00468202 -0.00540509 -0.0241975  -0.01456276 -0.02109469  0.9999999 ]]
[2025-11-12 14:54:10,251][src.models.modules.semantic_id.tiger_generation_model][INFO] - [rank: 0] 当前batch的输入Item Hierarchy Embedding相似度矩阵:
[[ 1.0000000e+00  7.8813797e-03  1.9919718e-02  3.4426097e-03
   1.0004150e-02 -1.2272409e-02]
 [ 7.8813797e-03  1.0000000e+00  1.0939547e-02  1.3342437e-02
  -3.9986223e-03 -7.2894972e-03]
 [ 1.9919718e-02  1.0939547e-02  1.0000000e+00  2.1214094e-02
   9.3423584e-03 -2.1208869e-02]
 [ 3.4426097e-03  1.3342437e-02  2.1214094e-02  1.0000000e+00
   5.7369298e-03 -9.8255009e-04]
 [ 1.0004150e-02 -3.9986223e-03  9.3423584e-03  5.7369298e-03
   1.0000000e+00 -5.5665397e-03]
 [-1.2272409e-02 -7.2894972e-03 -2.1208869e-02 -9.8255009e-04
  -5.5665397e-03  1.0000000e+00]]
[2025-11-12 14:54:10,925][src.models.modules.semantic_id.tiger_generation_model][WARNING] - [rank: 0] Failed to stack cross attentions: stack expects each tensor to be equal size, but got [32, 6, 140] at entry 0 and [32, 6, 2, 140] at entry 1
[2025-11-12 14:54:10,926][src.models.modules.semantic_id.tiger_generation_model][WARNING] - [rank: 0]   Hierarchy 0 shape: torch.Size([32, 6, 140])
[2025-11-12 14:54:10,926][src.models.modules.semantic_id.tiger_generation_model][WARNING] - [rank: 0]   Hierarchy 1 shape: torch.Size([32, 6, 2, 140])
[2025-11-12 14:54:10,926][src.models.modules.semantic_id.tiger_generation_model][WARNING] - [rank: 0]   Hierarchy 2 shape: torch.Size([32, 6, 140])
[2025-11-12 14:54:10,926][src.models.modules.semantic_id.tiger_generation_model][WARNING] - [rank: 0]   Hierarchy 3 shape: torch.Size([32, 6, 140])
[2025-11-12 14:54:10,927][src.models.modules.semantic_id.tiger_generation_model][WARNING] - [rank: 0]   Hierarchy 4 shape: torch.Size([32, 6, 140])
[2025-11-12 14:54:10,927][src.models.modules.semantic_id.tiger_generation_model][WARNING] - [rank: 0]   Hierarchy 5 shape: torch.Size([32, 6, 140])
[2025-11-12 14:54:11,280][src.models.modules.semantic_id.tiger_generation_model][INFO] - [rank: 0] Saved decoder self-attention to ./attention_weights/decoder_self_attention_batch_4.pt
[2025-11-12 14:54:11,282][src.models.modules.semantic_id.tiger_generation_model][INFO] - [rank: 0] Saved encoder attention to ./attention_weights/encoder_attention_batch_4.pt
[2025-11-12 14:54:11,282][src.models.modules.semantic_id.tiger_generation_model][INFO] - [rank: 0] Saved cross attention to ./attention_weights/cross_attention_batch_4.pt
[2025-11-12 14:54:11,289][src.models.modules.semantic_id.tiger_generation_model][INFO] - [rank: 0] 当前batch的生成语义ID Embedding相似度矩阵:
[[ 1.0000001   0.01808371  0.01434059 -0.00371738 -0.0030937  -0.04408529]
 [ 0.01808371  1.          0.02747449  0.03550048  0.01347642 -0.02454094]
 [ 0.01434059  0.02747449  0.99999994  0.01116336 -0.00541053 -0.01700013]
 [-0.00371738  0.03550048  0.01116336  1.         -0.01711737 -0.01361257]
 [-0.0030937   0.01347642 -0.00541053 -0.01711737  1.         -0.00406373]
 [-0.04408529 -0.02454094 -0.01700013 -0.01361257 -0.00406373  0.9999999 ]]
[2025-11-12 14:54:11,515][src.models.modules.semantic_id.tiger_generation_model][INFO] - [rank: 0] 当前batch的输入Item Hierarchy Embedding相似度矩阵:
[[ 9.9999994e-01  5.0495802e-03  1.7326580e-02  1.5906427e-02
   4.6009473e-03 -2.5671534e-02]
 [ 5.0495802e-03  9.9999994e-01  2.4494646e-02  1.3833757e-02
  -2.0997261e-03 -1.3369126e-02]
 [ 1.7326580e-02  2.4494646e-02  9.9999994e-01  1.1640794e-02
  -8.6936069e-04 -2.5771750e-02]
 [ 1.5906427e-02  1.3833757e-02  1.1640794e-02  9.9999994e-01
   6.4511686e-03 -5.0072498e-03]
 [ 4.6009473e-03 -2.0997261e-03 -8.6936069e-04  6.4511686e-03
   9.9999994e-01 -1.0000865e-02]
 [-2.5671534e-02 -1.3369126e-02 -2.5771750e-02 -5.0072498e-03
  -1.0000865e-02  9.9999976e-01]]
[2025-11-12 14:54:12,378][src.models.modules.semantic_id.tiger_generation_model][WARNING] - [rank: 0] Failed to stack cross attentions: stack expects each tensor to be equal size, but got [32, 6, 140] at entry 0 and [32, 6, 2, 140] at entry 1
[2025-11-12 14:54:12,378][src.models.modules.semantic_id.tiger_generation_model][WARNING] - [rank: 0]   Hierarchy 0 shape: torch.Size([32, 6, 140])
[2025-11-12 14:54:12,378][src.models.modules.semantic_id.tiger_generation_model][WARNING] - [rank: 0]   Hierarchy 1 shape: torch.Size([32, 6, 2, 140])
[2025-11-12 14:54:12,378][src.models.modules.semantic_id.tiger_generation_model][WARNING] - [rank: 0]   Hierarchy 2 shape: torch.Size([32, 6, 140])
[2025-11-12 14:54:12,379][src.models.modules.semantic_id.tiger_generation_model][WARNING] - [rank: 0]   Hierarchy 3 shape: torch.Size([32, 6, 140])
[2025-11-12 14:54:12,379][src.models.modules.semantic_id.tiger_generation_model][WARNING] - [rank: 0]   Hierarchy 4 shape: torch.Size([32, 6, 140])
[2025-11-12 14:54:12,379][src.models.modules.semantic_id.tiger_generation_model][WARNING] - [rank: 0]   Hierarchy 5 shape: torch.Size([32, 6, 140])
[2025-11-12 14:54:12,917][src.models.modules.semantic_id.tiger_generation_model][INFO] - [rank: 0] Saved decoder self-attention to ./attention_weights/decoder_self_attention_batch_5.pt
[2025-11-12 14:54:12,917][src.models.modules.semantic_id.tiger_generation_model][INFO] - [rank: 0] Saved encoder attention to ./attention_weights/encoder_attention_batch_5.pt
[2025-11-12 14:54:12,918][src.models.modules.semantic_id.tiger_generation_model][INFO] - [rank: 0] Saved cross attention to ./attention_weights/cross_attention_batch_5.pt
[2025-11-12 14:54:12,924][src.models.modules.semantic_id.tiger_generation_model][INFO] - [rank: 0] 当前batch的生成语义ID Embedding相似度矩阵:
[[ 1.00000000e+00  1.21212564e-04  4.26400802e-04  4.07955684e-02
   1.03264693e-02 -3.10384445e-02]
 [ 1.21212564e-04  1.00000000e+00  2.00234391e-02  3.11246272e-02
   1.46079920e-02  9.09722783e-03]
 [ 4.26400802e-04  2.00234391e-02  1.00000000e+00  1.63486898e-02
  -3.67131606e-02 -9.83842090e-03]
 [ 4.07955684e-02  3.11246272e-02  1.63486898e-02  1.00000000e+00
  -1.49343424e-02 -3.96995572e-03]
 [ 1.03264693e-02  1.46079920e-02 -3.67131606e-02 -1.49343424e-02
   1.00000000e+00 -1.28424168e-02]
 [-3.10384445e-02  9.09722783e-03 -9.83842090e-03 -3.96995572e-03
  -1.28424168e-02  9.99999881e-01]]
[2025-11-12 14:54:13,455][src.models.modules.semantic_id.tiger_generation_model][INFO] - [rank: 0] 当前batch的输入Item Hierarchy Embedding相似度矩阵:
[[ 1.          0.00361031  0.01301001  0.00933311  0.0063117  -0.0221484 ]
 [ 0.00361031  1.          0.0166361   0.01306295  0.0081252  -0.00740834]
 [ 0.01301001  0.0166361   1.          0.01997292  0.0061927  -0.02513038]
 [ 0.00933311  0.01306295  0.01997292  1.         -0.00122384 -0.01150635]
 [ 0.0063117   0.0081252   0.0061927  -0.00122384  1.         -0.01495099]
 [-0.0221484  -0.00740834 -0.02513038 -0.01150635 -0.01495099  0.99999976]]
[2025-11-12 14:54:14,516][src.models.modules.semantic_id.tiger_generation_model][WARNING] - [rank: 0] Failed to stack cross attentions: stack expects each tensor to be equal size, but got [32, 6, 140] at entry 0 and [32, 6, 2, 140] at entry 1
[2025-11-12 14:54:14,516][src.models.modules.semantic_id.tiger_generation_model][WARNING] - [rank: 0]   Hierarchy 0 shape: torch.Size([32, 6, 140])
[2025-11-12 14:54:14,516][src.models.modules.semantic_id.tiger_generation_model][WARNING] - [rank: 0]   Hierarchy 1 shape: torch.Size([32, 6, 2, 140])
[2025-11-12 14:54:14,516][src.models.modules.semantic_id.tiger_generation_model][WARNING] - [rank: 0]   Hierarchy 2 shape: torch.Size([32, 6, 140])
[2025-11-12 14:54:14,516][src.models.modules.semantic_id.tiger_generation_model][WARNING] - [rank: 0]   Hierarchy 3 shape: torch.Size([32, 6, 140])
[2025-11-12 14:54:14,517][src.models.modules.semantic_id.tiger_generation_model][WARNING] - [rank: 0]   Hierarchy 4 shape: torch.Size([32, 6, 140])
[2025-11-12 14:54:14,517][src.models.modules.semantic_id.tiger_generation_model][WARNING] - [rank: 0]   Hierarchy 5 shape: torch.Size([32, 6, 140])
[2025-11-12 14:54:15,085][src.models.modules.semantic_id.tiger_generation_model][INFO] - [rank: 0] Saved decoder self-attention to ./attention_weights/decoder_self_attention_batch_6.pt
[2025-11-12 14:54:15,086][src.models.modules.semantic_id.tiger_generation_model][INFO] - [rank: 0] Saved encoder attention to ./attention_weights/encoder_attention_batch_6.pt
[2025-11-12 14:54:15,086][src.models.modules.semantic_id.tiger_generation_model][INFO] - [rank: 0] Saved cross attention to ./attention_weights/cross_attention_batch_6.pt
[2025-11-12 14:54:15,094][src.models.modules.semantic_id.tiger_generation_model][INFO] - [rank: 0] 当前batch的生成语义ID Embedding相似度矩阵:
[[ 1.0000000e+00 -4.5563425e-03  4.3003485e-02  1.5512002e-02
   3.5388232e-03 -3.6044609e-02]
 [-4.5563425e-03  1.0000000e+00  3.9427925e-02 -5.8780098e-03
   2.6760682e-02  1.3453374e-04]
 [ 4.3003485e-02  3.9427925e-02  1.0000000e+00  2.8324896e-04
   2.9793629e-02 -3.1791948e-02]
 [ 1.5512002e-02 -5.8780098e-03  2.8324896e-04  1.0000000e+00
  -1.1153737e-02 -1.1787378e-02]
 [ 3.5388232e-03  2.6760682e-02  2.9793629e-02 -1.1153737e-02
   1.0000000e+00  7.2913440e-03]
 [-3.6044609e-02  1.3453374e-04 -3.1791948e-02 -1.1787378e-02
   7.2913440e-03  9.9999988e-01]]
[2025-11-12 14:54:15,517][src.models.modules.semantic_id.tiger_generation_model][INFO] - [rank: 0] 当前batch的输入Item Hierarchy Embedding相似度矩阵:
[[ 1.          0.00647812  0.02148094  0.00601329  0.01555612 -0.01257126]
 [ 0.00647812  1.          0.0176358   0.00813185  0.00452957 -0.02392947]
 [ 0.02148094  0.0176358   1.          0.02433924  0.00948079 -0.03274622]
 [ 0.00601329  0.00813185  0.02433924  1.         -0.00786636 -0.01610485]
 [ 0.01555612  0.00452957  0.00948079 -0.00786636  1.         -0.01451657]
 [-0.01257126 -0.02392947 -0.03274622 -0.01610485 -0.01451657  0.9999999 ]]
[2025-11-12 14:54:16,626][src.models.modules.semantic_id.tiger_generation_model][WARNING] - [rank: 0] Failed to stack cross attentions: stack expects each tensor to be equal size, but got [32, 6, 140] at entry 0 and [32, 6, 2, 140] at entry 1
[2025-11-12 14:54:16,626][src.models.modules.semantic_id.tiger_generation_model][WARNING] - [rank: 0]   Hierarchy 0 shape: torch.Size([32, 6, 140])
[2025-11-12 14:54:16,627][src.models.modules.semantic_id.tiger_generation_model][WARNING] - [rank: 0]   Hierarchy 1 shape: torch.Size([32, 6, 2, 140])
[2025-11-12 14:54:16,627][src.models.modules.semantic_id.tiger_generation_model][WARNING] - [rank: 0]   Hierarchy 2 shape: torch.Size([32, 6, 140])
[2025-11-12 14:54:16,627][src.models.modules.semantic_id.tiger_generation_model][WARNING] - [rank: 0]   Hierarchy 3 shape: torch.Size([32, 6, 140])
[2025-11-12 14:54:16,627][src.models.modules.semantic_id.tiger_generation_model][WARNING] - [rank: 0]   Hierarchy 4 shape: torch.Size([32, 6, 140])
[2025-11-12 14:54:16,627][src.models.modules.semantic_id.tiger_generation_model][WARNING] - [rank: 0]   Hierarchy 5 shape: torch.Size([32, 6, 140])
[2025-11-12 14:54:17,056][src.models.modules.semantic_id.tiger_generation_model][INFO] - [rank: 0] Saved decoder self-attention to ./attention_weights/decoder_self_attention_batch_7.pt
[2025-11-12 14:54:17,057][src.models.modules.semantic_id.tiger_generation_model][INFO] - [rank: 0] Saved encoder attention to ./attention_weights/encoder_attention_batch_7.pt
[2025-11-12 14:54:17,057][src.models.modules.semantic_id.tiger_generation_model][INFO] - [rank: 0] Saved cross attention to ./attention_weights/cross_attention_batch_7.pt
[2025-11-12 14:54:17,063][src.models.modules.semantic_id.tiger_generation_model][INFO] - [rank: 0] 当前batch的生成语义ID Embedding相似度矩阵:
[[ 9.9999988e-01 -1.4241183e-02  2.6831573e-02  9.5050386e-04
   2.1299988e-02 -7.2028735e-03]
 [-1.4241183e-02  9.9999994e-01  5.9612971e-03  2.4030238e-02
  -1.1349691e-02 -1.3720282e-02]
 [ 2.6831573e-02  5.9612971e-03  1.0000000e+00  2.5230268e-02
   4.0608641e-02 -2.3696046e-02]
 [ 9.5050386e-04  2.4030238e-02  2.5230268e-02  1.0000000e+00
  -1.2300052e-02 -2.8584689e-02]
 [ 2.1299988e-02 -1.1349691e-02  4.0608641e-02 -1.2300052e-02
   1.0000000e+00 -4.3496061e-03]
 [-7.2028735e-03 -1.3720282e-02 -2.3696046e-02 -2.8584689e-02
  -4.3496061e-03  9.9999988e-01]]
[2025-11-12 14:54:17,328][src.models.modules.semantic_id.tiger_generation_model][INFO] - [rank: 0] 当前batch的输入Item Hierarchy Embedding相似度矩阵:
[[ 1.          0.00346997  0.01704273  0.00290019  0.00772079 -0.01529845]
 [ 0.00346997  1.          0.01117422  0.01843     0.00109623 -0.01417349]
 [ 0.01704273  0.01117422  1.          0.03535922  0.0059932  -0.03249785]
 [ 0.00290019  0.01843     0.03535922  1.          0.00761357 -0.00420529]
 [ 0.00772079  0.00109623  0.0059932   0.00761357  1.         -0.01186181]
 [-0.01529845 -0.01417349 -0.03249785 -0.00420529 -0.01186181  0.99999994]]
[2025-11-12 14:54:18,640][src.models.modules.semantic_id.tiger_generation_model][WARNING] - [rank: 0] Failed to stack cross attentions: stack expects each tensor to be equal size, but got [32, 6, 140] at entry 0 and [32, 6, 2, 140] at entry 1
[2025-11-12 14:54:18,641][src.models.modules.semantic_id.tiger_generation_model][WARNING] - [rank: 0]   Hierarchy 0 shape: torch.Size([32, 6, 140])
[2025-11-12 14:54:18,641][src.models.modules.semantic_id.tiger_generation_model][WARNING] - [rank: 0]   Hierarchy 1 shape: torch.Size([32, 6, 2, 140])
[2025-11-12 14:54:18,642][src.models.modules.semantic_id.tiger_generation_model][WARNING] - [rank: 0]   Hierarchy 2 shape: torch.Size([32, 6, 140])
[2025-11-12 14:54:18,642][src.models.modules.semantic_id.tiger_generation_model][WARNING] - [rank: 0]   Hierarchy 3 shape: torch.Size([32, 6, 140])
[2025-11-12 14:54:18,642][src.models.modules.semantic_id.tiger_generation_model][WARNING] - [rank: 0]   Hierarchy 4 shape: torch.Size([32, 6, 140])
[2025-11-12 14:54:18,642][src.models.modules.semantic_id.tiger_generation_model][WARNING] - [rank: 0]   Hierarchy 5 shape: torch.Size([32, 6, 140])
[2025-11-12 14:54:18,925][src.models.modules.semantic_id.tiger_generation_model][INFO] - [rank: 0] Saved decoder self-attention to ./attention_weights/decoder_self_attention_batch_8.pt
[2025-11-12 14:54:18,926][src.models.modules.semantic_id.tiger_generation_model][INFO] - [rank: 0] Saved encoder attention to ./attention_weights/encoder_attention_batch_8.pt
[2025-11-12 14:54:18,926][src.models.modules.semantic_id.tiger_generation_model][INFO] - [rank: 0] Saved cross attention to ./attention_weights/cross_attention_batch_8.pt
[2025-11-12 14:54:18,940][src.models.modules.semantic_id.tiger_generation_model][INFO] - [rank: 0] 当前batch的生成语义ID Embedding相似度矩阵:
[[ 1.         -0.01089357  0.00102868  0.01684366 -0.0058861  -0.00497755]
 [-0.01089357  1.          0.01503318  0.01416679 -0.00751644 -0.00884098]
 [ 0.00102868  0.01503318  1.          0.05306938 -0.00942051 -0.00625592]
 [ 0.01684366  0.01416679  0.05306938  1.          0.00467565 -0.00263561]
 [-0.0058861  -0.00751644 -0.00942051  0.00467565  1.         -0.0116004 ]
 [-0.00497755 -0.00884098 -0.00625592 -0.00263561 -0.0116004   0.9999999 ]]
[2025-11-12 14:54:19,901][src.models.modules.semantic_id.tiger_generation_model][INFO] - [rank: 0] 当前batch的输入Item Hierarchy Embedding相似度矩阵:
[[ 1.          0.00187501  0.00280226  0.00300383  0.01038814 -0.02629755]
 [ 0.00187501  1.          0.0196422   0.01313592  0.00761218 -0.01433542]
 [ 0.00280226  0.0196422   1.          0.02429944  0.00322984 -0.02453733]
 [ 0.00300383  0.01313592  0.02429944  1.          0.01156294 -0.01266142]
 [ 0.01038814  0.00761218  0.00322984  0.01156294  1.         -0.01341363]
 [-0.02629755 -0.01433542 -0.02453733 -0.01266142 -0.01341363  0.9999998 ]]
[2025-11-12 14:54:21,006][src.models.modules.semantic_id.tiger_generation_model][WARNING] - [rank: 0] Failed to stack cross attentions: stack expects each tensor to be equal size, but got [32, 6, 140] at entry 0 and [32, 6, 2, 140] at entry 1
[2025-11-12 14:54:21,007][src.models.modules.semantic_id.tiger_generation_model][WARNING] - [rank: 0]   Hierarchy 0 shape: torch.Size([32, 6, 140])
[2025-11-12 14:54:21,008][src.models.modules.semantic_id.tiger_generation_model][WARNING] - [rank: 0]   Hierarchy 1 shape: torch.Size([32, 6, 2, 140])
[2025-11-12 14:54:21,008][src.models.modules.semantic_id.tiger_generation_model][WARNING] - [rank: 0]   Hierarchy 2 shape: torch.Size([32, 6, 140])
[2025-11-12 14:54:21,008][src.models.modules.semantic_id.tiger_generation_model][WARNING] - [rank: 0]   Hierarchy 3 shape: torch.Size([32, 6, 140])
[2025-11-12 14:54:21,008][src.models.modules.semantic_id.tiger_generation_model][WARNING] - [rank: 0]   Hierarchy 4 shape: torch.Size([32, 6, 140])
[2025-11-12 14:54:21,008][src.models.modules.semantic_id.tiger_generation_model][WARNING] - [rank: 0]   Hierarchy 5 shape: torch.Size([32, 6, 140])
[2025-11-12 14:54:21,241][src.models.modules.semantic_id.tiger_generation_model][INFO] - [rank: 0] Saved decoder self-attention to ./attention_weights/decoder_self_attention_batch_9.pt
[2025-11-12 14:54:21,242][src.models.modules.semantic_id.tiger_generation_model][INFO] - [rank: 0] Saved encoder attention to ./attention_weights/encoder_attention_batch_9.pt
[2025-11-12 14:54:21,242][src.models.modules.semantic_id.tiger_generation_model][INFO] - [rank: 0] Saved cross attention to ./attention_weights/cross_attention_batch_9.pt
[2025-11-12 14:54:21,254][src.models.modules.semantic_id.tiger_generation_model][INFO] - [rank: 0] 当前batch的生成语义ID Embedding相似度矩阵:
[[ 1.          0.04046097  0.05010903  0.03400135 -0.00354603 -0.01020108]
 [ 0.04046097  1.          0.03345366  0.0121671  -0.00258784 -0.04599293]
 [ 0.05010903  0.03345366  1.          0.03137541 -0.0135049  -0.02851239]
 [ 0.03400135  0.0121671   0.03137541  1.         -0.0195751  -0.02780236]
 [-0.00354603 -0.00258784 -0.0135049  -0.0195751   1.         -0.01647924]
 [-0.01020108 -0.04599293 -0.02851239 -0.02780236 -0.01647924  0.9999999 ]]
[2025-11-12 14:54:21,468][src.models.modules.semantic_id.tiger_generation_model][INFO] - [rank: 0] 当前batch的输入Item Hierarchy Embedding相似度矩阵:
[[ 1.          0.01058807  0.015607    0.00979581  0.02247898 -0.01768371]
 [ 0.01058807  1.          0.01761827  0.02047106  0.00170205 -0.01805242]
 [ 0.015607    0.01761827  1.          0.02762961  0.00327107 -0.01995261]
 [ 0.00979581  0.02047106  0.02762961  1.          0.00930274 -0.00795233]
 [ 0.02247898  0.00170205  0.00327107  0.00930274  1.         -0.01831224]
 [-0.01768371 -0.01805242 -0.01995261 -0.00795233 -0.01831224  1.        ]]
[2025-11-12 14:54:22,662][src.models.modules.semantic_id.tiger_generation_model][WARNING] - [rank: 0] Failed to stack cross attentions: stack expects each tensor to be equal size, but got [32, 6, 140] at entry 0 and [32, 6, 2, 140] at entry 1
[2025-11-12 14:54:22,662][src.models.modules.semantic_id.tiger_generation_model][WARNING] - [rank: 0]   Hierarchy 0 shape: torch.Size([32, 6, 140])
[2025-11-12 14:54:22,663][src.models.modules.semantic_id.tiger_generation_model][WARNING] - [rank: 0]   Hierarchy 1 shape: torch.Size([32, 6, 2, 140])
[2025-11-12 14:54:22,663][src.models.modules.semantic_id.tiger_generation_model][WARNING] - [rank: 0]   Hierarchy 2 shape: torch.Size([32, 6, 140])
[2025-11-12 14:54:22,667][src.models.modules.semantic_id.tiger_generation_model][WARNING] - [rank: 0]   Hierarchy 3 shape: torch.Size([32, 6, 140])
[2025-11-12 14:54:22,668][src.models.modules.semantic_id.tiger_generation_model][WARNING] - [rank: 0]   Hierarchy 4 shape: torch.Size([32, 6, 140])
[2025-11-12 14:54:22,668][src.models.modules.semantic_id.tiger_generation_model][WARNING] - [rank: 0]   Hierarchy 5 shape: torch.Size([32, 6, 140])
[2025-11-12 14:54:23,013][src.models.modules.semantic_id.tiger_generation_model][INFO] - [rank: 0] Saved decoder self-attention to ./attention_weights/decoder_self_attention_batch_10.pt
[2025-11-12 14:54:23,013][src.models.modules.semantic_id.tiger_generation_model][INFO] - [rank: 0] Saved encoder attention to ./attention_weights/encoder_attention_batch_10.pt
[2025-11-12 14:54:23,014][src.models.modules.semantic_id.tiger_generation_model][INFO] - [rank: 0] Saved cross attention to ./attention_weights/cross_attention_batch_10.pt
[2025-11-12 14:54:23,020][src.models.modules.semantic_id.tiger_generation_model][INFO] - [rank: 0] 当前batch的生成语义ID Embedding相似度矩阵:
[[ 1.0000000e+00  7.0889005e-03  2.4778731e-02  3.4274189e-03
   1.5788397e-02 -9.1138389e-04]
 [ 7.0889005e-03  1.0000000e+00  4.0868279e-03  1.5015256e-02
  -1.7343992e-02 -7.9408279e-03]
 [ 2.4778731e-02  4.0868279e-03  1.0000000e+00  1.7244771e-02
   5.1219617e-03 -2.5824673e-02]
 [ 3.4274189e-03  1.5015256e-02  1.7244771e-02  1.0000000e+00
   3.2803004e-03 -2.7697945e-02]
 [ 1.5788397e-02 -1.7343992e-02  5.1219617e-03  3.2803004e-03
   1.0000000e+00 -1.7324666e-02]
 [-9.1138389e-04 -7.9408279e-03 -2.5824673e-02 -2.7697945e-02
  -1.7324666e-02  9.9999988e-01]]
[2025-11-12 14:54:23,465][src.models.modules.semantic_id.tiger_generation_model][INFO] - [rank: 0] 当前batch的输入Item Hierarchy Embedding相似度矩阵:
[[ 1.0000000e+00  1.1114323e-02  1.2214096e-02  1.8006966e-02
   1.3216890e-02 -1.9784716e-04]
 [ 1.1114323e-02  1.0000000e+00  1.6962295e-02  1.1730038e-02
   4.0296046e-03 -2.0017114e-02]
 [ 1.2214096e-02  1.6962295e-02  1.0000000e+00  1.9964462e-02
   4.0734401e-03 -2.7857354e-02]
 [ 1.8006966e-02  1.1730038e-02  1.9964462e-02  1.0000000e+00
  -1.3430837e-04 -1.1961155e-02]
 [ 1.3216890e-02  4.0296046e-03  4.0734401e-03 -1.3430837e-04
   1.0000000e+00 -1.9414399e-02]
 [-1.9784716e-04 -2.0017114e-02 -2.7857354e-02 -1.1961155e-02
  -1.9414399e-02  9.9999976e-01]]
[2025-11-12 14:54:24,580][src.models.modules.semantic_id.tiger_generation_model][WARNING] - [rank: 0] Failed to stack cross attentions: stack expects each tensor to be equal size, but got [32, 6, 140] at entry 0 and [32, 6, 2, 140] at entry 1
[2025-11-12 14:54:24,581][src.models.modules.semantic_id.tiger_generation_model][WARNING] - [rank: 0]   Hierarchy 0 shape: torch.Size([32, 6, 140])
[2025-11-12 14:54:24,581][src.models.modules.semantic_id.tiger_generation_model][WARNING] - [rank: 0]   Hierarchy 1 shape: torch.Size([32, 6, 2, 140])
[2025-11-12 14:54:24,581][src.models.modules.semantic_id.tiger_generation_model][WARNING] - [rank: 0]   Hierarchy 2 shape: torch.Size([32, 6, 140])
[2025-11-12 14:54:24,581][src.models.modules.semantic_id.tiger_generation_model][WARNING] - [rank: 0]   Hierarchy 3 shape: torch.Size([32, 6, 140])
[2025-11-12 14:54:24,581][src.models.modules.semantic_id.tiger_generation_model][WARNING] - [rank: 0]   Hierarchy 4 shape: torch.Size([32, 6, 140])
[2025-11-12 14:54:24,582][src.models.modules.semantic_id.tiger_generation_model][WARNING] - [rank: 0]   Hierarchy 5 shape: torch.Size([32, 6, 140])
[2025-11-12 14:54:24,840][src.models.modules.semantic_id.tiger_generation_model][INFO] - [rank: 0] Saved decoder self-attention to ./attention_weights/decoder_self_attention_batch_11.pt
[2025-11-12 14:54:24,841][src.models.modules.semantic_id.tiger_generation_model][INFO] - [rank: 0] Saved encoder attention to ./attention_weights/encoder_attention_batch_11.pt
[2025-11-12 14:54:24,841][src.models.modules.semantic_id.tiger_generation_model][INFO] - [rank: 0] Saved cross attention to ./attention_weights/cross_attention_batch_11.pt
[2025-11-12 14:54:24,847][src.models.modules.semantic_id.tiger_generation_model][INFO] - [rank: 0] 当前batch的生成语义ID Embedding相似度矩阵:
[[ 1.          0.00919552 -0.00616907 -0.00632662 -0.00619511 -0.03201035]
 [ 0.00919552  1.          0.01888669  0.0249633  -0.00187823 -0.02865517]
 [-0.00616907  0.01888669  1.          0.01191203 -0.0121128  -0.01280935]
 [-0.00632662  0.0249633   0.01191203  1.          0.03486598 -0.00826605]
 [-0.00619511 -0.00187823 -0.0121128   0.03486598  1.         -0.01682197]
 [-0.03201035 -0.02865517 -0.01280935 -0.00826605 -0.01682197  0.9999999 ]]
[2025-11-12 14:54:25,790][src.models.modules.semantic_id.tiger_generation_model][INFO] - [rank: 0] 当前batch的输入Item Hierarchy Embedding相似度矩阵:
[[ 1.          0.00329242  0.00929604  0.01056515  0.01808106 -0.01949392]
 [ 0.00329242  1.          0.02051061  0.02076276 -0.00845796 -0.00623918]
 [ 0.00929604  0.02051061  1.          0.02451837 -0.00945446 -0.02832428]
 [ 0.01056515  0.02076276  0.02451837  1.          0.00121562 -0.01683646]
 [ 0.01808106 -0.00845796 -0.00945446  0.00121562  1.         -0.00956494]
 [-0.01949392 -0.00623918 -0.02832428 -0.01683646 -0.00956494  0.99999994]]
[2025-11-12 14:54:27,285][src.models.modules.semantic_id.tiger_generation_model][WARNING] - [rank: 0] Failed to stack cross attentions: stack expects each tensor to be equal size, but got [32, 6, 140] at entry 0 and [32, 6, 2, 140] at entry 1
[2025-11-12 14:54:27,285][src.models.modules.semantic_id.tiger_generation_model][WARNING] - [rank: 0]   Hierarchy 0 shape: torch.Size([32, 6, 140])
[2025-11-12 14:54:27,286][src.models.modules.semantic_id.tiger_generation_model][WARNING] - [rank: 0]   Hierarchy 1 shape: torch.Size([32, 6, 2, 140])
[2025-11-12 14:54:27,286][src.models.modules.semantic_id.tiger_generation_model][WARNING] - [rank: 0]   Hierarchy 2 shape: torch.Size([32, 6, 140])
[2025-11-12 14:54:27,286][src.models.modules.semantic_id.tiger_generation_model][WARNING] - [rank: 0]   Hierarchy 3 shape: torch.Size([32, 6, 140])
[2025-11-12 14:54:27,286][src.models.modules.semantic_id.tiger_generation_model][WARNING] - [rank: 0]   Hierarchy 4 shape: torch.Size([32, 6, 140])
[2025-11-12 14:54:27,286][src.models.modules.semantic_id.tiger_generation_model][WARNING] - [rank: 0]   Hierarchy 5 shape: torch.Size([32, 6, 140])
[2025-11-12 14:54:27,765][src.models.modules.semantic_id.tiger_generation_model][INFO] - [rank: 0] Saved decoder self-attention to ./attention_weights/decoder_self_attention_batch_12.pt
[2025-11-12 14:54:27,766][src.models.modules.semantic_id.tiger_generation_model][INFO] - [rank: 0] Saved encoder attention to ./attention_weights/encoder_attention_batch_12.pt
[2025-11-12 14:54:27,766][src.models.modules.semantic_id.tiger_generation_model][INFO] - [rank: 0] Saved cross attention to ./attention_weights/cross_attention_batch_12.pt
[2025-11-12 14:54:27,774][src.models.modules.semantic_id.tiger_generation_model][INFO] - [rank: 0] 当前batch的生成语义ID Embedding相似度矩阵:
[[ 1.0000000e+00 -2.7931342e-04  2.1934368e-02  2.2770423e-02
   2.4501793e-02 -2.0836022e-02]
 [-2.7931342e-04  1.0000000e+00  9.4571933e-03 -5.6294384e-03
   2.4474936e-02 -1.9558553e-02]
 [ 2.1934368e-02  9.4571933e-03  1.0000000e+00  2.3727328e-02
   1.3346465e-02 -2.9069681e-02]
 [ 2.2770423e-02 -5.6294384e-03  2.3727328e-02  1.0000000e+00
  -4.1032210e-03 -1.9422352e-02]
 [ 2.4501793e-02  2.4474936e-02  1.3346465e-02 -4.1032210e-03
   1.0000000e+00 -1.7313387e-02]
 [-2.0836022e-02 -1.9558553e-02 -2.9069681e-02 -1.9422352e-02
  -1.7313387e-02  9.9999988e-01]]
[2025-11-12 14:54:28,343][src.models.modules.semantic_id.tiger_generation_model][INFO] - [rank: 0] 当前batch的输入Item Hierarchy Embedding相似度矩阵:
[[ 1.          0.00209351  0.02536294  0.01183237  0.01231029 -0.01087759]
 [ 0.00209351  1.          0.01101758  0.00368782  0.01073097 -0.00892325]
 [ 0.02536294  0.01101758  1.          0.02270208  0.00600251 -0.02218093]
 [ 0.01183237  0.00368782  0.02270208  1.          0.00498837 -0.00300541]
 [ 0.01231029  0.01073097  0.00600251  0.00498837  1.         -0.01544903]
 [-0.01087759 -0.00892325 -0.02218093 -0.00300541 -0.01544903  1.        ]]
[2025-11-12 14:54:29,335][src.models.modules.semantic_id.tiger_generation_model][WARNING] - [rank: 0] Failed to stack cross attentions: stack expects each tensor to be equal size, but got [32, 6, 140] at entry 0 and [32, 6, 2, 140] at entry 1
[2025-11-12 14:54:29,336][src.models.modules.semantic_id.tiger_generation_model][WARNING] - [rank: 0]   Hierarchy 0 shape: torch.Size([32, 6, 140])
[2025-11-12 14:54:29,336][src.models.modules.semantic_id.tiger_generation_model][WARNING] - [rank: 0]   Hierarchy 1 shape: torch.Size([32, 6, 2, 140])
[2025-11-12 14:54:29,337][src.models.modules.semantic_id.tiger_generation_model][WARNING] - [rank: 0]   Hierarchy 2 shape: torch.Size([32, 6, 140])
[2025-11-12 14:54:29,337][src.models.modules.semantic_id.tiger_generation_model][WARNING] - [rank: 0]   Hierarchy 3 shape: torch.Size([32, 6, 140])
[2025-11-12 14:54:29,337][src.models.modules.semantic_id.tiger_generation_model][WARNING] - [rank: 0]   Hierarchy 4 shape: torch.Size([32, 6, 140])
[2025-11-12 14:54:29,337][src.models.modules.semantic_id.tiger_generation_model][WARNING] - [rank: 0]   Hierarchy 5 shape: torch.Size([32, 6, 140])
[2025-11-12 14:54:29,571][src.models.modules.semantic_id.tiger_generation_model][INFO] - [rank: 0] Saved decoder self-attention to ./attention_weights/decoder_self_attention_batch_13.pt
[2025-11-12 14:54:29,577][src.models.modules.semantic_id.tiger_generation_model][INFO] - [rank: 0] Saved encoder attention to ./attention_weights/encoder_attention_batch_13.pt
[2025-11-12 14:54:29,577][src.models.modules.semantic_id.tiger_generation_model][INFO] - [rank: 0] Saved cross attention to ./attention_weights/cross_attention_batch_13.pt
[2025-11-12 14:54:29,584][src.models.modules.semantic_id.tiger_generation_model][INFO] - [rank: 0] 当前batch的生成语义ID Embedding相似度矩阵:
[[ 1.0000000e+00  2.1268323e-02  1.9920990e-02  4.1898079e-02
   6.5970607e-04 -5.5880409e-02]
 [ 2.1268323e-02  1.0000000e+00  4.2604581e-02  3.0772025e-02
   9.0987133e-03 -1.9648063e-03]
 [ 1.9920990e-02  4.2604581e-02  1.0000000e+00  2.5517715e-02
  -3.4642935e-02 -1.2134205e-02]
 [ 4.1898079e-02  3.0772025e-02  2.5517715e-02  1.0000000e+00
   1.5787315e-03  7.4693928e-03]
 [ 6.5970607e-04  9.0987133e-03 -3.4642935e-02  1.5787315e-03
   1.0000000e+00 -8.7476447e-03]
 [-5.5880409e-02 -1.9648063e-03 -1.2134205e-02  7.4693928e-03
  -8.7476447e-03  9.9999988e-01]]
[2025-11-12 14:54:29,983][src.models.modules.semantic_id.tiger_generation_model][INFO] - [rank: 0] 当前batch的输入Item Hierarchy Embedding相似度矩阵:
[[ 1.          0.004583    0.0122248   0.01663477  0.0044279  -0.02014533]
 [ 0.004583    1.          0.01644744  0.02072957 -0.00298519 -0.00857229]
 [ 0.0122248   0.01644744  1.          0.01736236  0.00743185 -0.02758819]
 [ 0.01663477  0.02072957  0.01736236  1.         -0.00360259 -0.0073445 ]
 [ 0.0044279  -0.00298519  0.00743185 -0.00360259  1.         -0.01980245]
 [-0.02014533 -0.00857229 -0.02758819 -0.0073445  -0.01980245  1.        ]]
[2025-11-12 14:54:31,504][src.models.modules.semantic_id.tiger_generation_model][WARNING] - [rank: 0] Failed to stack cross attentions: stack expects each tensor to be equal size, but got [32, 6, 140] at entry 0 and [32, 6, 2, 140] at entry 1
[2025-11-12 14:54:31,505][src.models.modules.semantic_id.tiger_generation_model][WARNING] - [rank: 0]   Hierarchy 0 shape: torch.Size([32, 6, 140])
[2025-11-12 14:54:31,505][src.models.modules.semantic_id.tiger_generation_model][WARNING] - [rank: 0]   Hierarchy 1 shape: torch.Size([32, 6, 2, 140])
[2025-11-12 14:54:31,505][src.models.modules.semantic_id.tiger_generation_model][WARNING] - [rank: 0]   Hierarchy 2 shape: torch.Size([32, 6, 140])
[2025-11-12 14:54:31,505][src.models.modules.semantic_id.tiger_generation_model][WARNING] - [rank: 0]   Hierarchy 3 shape: torch.Size([32, 6, 140])
[2025-11-12 14:54:31,515][src.models.modules.semantic_id.tiger_generation_model][WARNING] - [rank: 0]   Hierarchy 4 shape: torch.Size([32, 6, 140])
[2025-11-12 14:54:31,515][src.models.modules.semantic_id.tiger_generation_model][WARNING] - [rank: 0]   Hierarchy 5 shape: torch.Size([32, 6, 140])
[2025-11-12 14:54:31,830][src.models.modules.semantic_id.tiger_generation_model][INFO] - [rank: 0] Saved decoder self-attention to ./attention_weights/decoder_self_attention_batch_14.pt
[2025-11-12 14:54:31,832][src.models.modules.semantic_id.tiger_generation_model][INFO] - [rank: 0] Saved encoder attention to ./attention_weights/encoder_attention_batch_14.pt
[2025-11-12 14:54:31,832][src.models.modules.semantic_id.tiger_generation_model][INFO] - [rank: 0] Saved cross attention to ./attention_weights/cross_attention_batch_14.pt
[2025-11-12 14:54:31,839][src.models.modules.semantic_id.tiger_generation_model][INFO] - [rank: 0] 当前batch的生成语义ID Embedding相似度矩阵:
[[ 1.00000000e+00  2.29931623e-03  3.12679913e-06  5.47869503e-03
   1.01917768e-02 -2.58147381e-02]
 [ 2.29931623e-03  1.00000000e+00  3.10948715e-02  4.54606488e-02
  -1.77585101e-03 -1.65896639e-02]
 [ 3.12679913e-06  3.10948715e-02  1.00000000e+00  3.09754796e-02
   1.24816075e-02 -7.84952380e-03]
 [ 5.47869503e-03  4.54606488e-02  3.09754796e-02  1.00000000e+00
  -6.37248158e-04 -7.16387108e-03]
 [ 1.01917768e-02 -1.77585101e-03  1.24816075e-02 -6.37248158e-04
   1.00000000e+00 -3.94838629e-03]
 [-2.58147381e-02 -1.65896639e-02 -7.84952380e-03 -7.16387108e-03
  -3.94838629e-03  9.99999940e-01]]
[2025-11-12 14:54:32,284][src.models.modules.semantic_id.tiger_generation_model][INFO] - [rank: 0] 当前batch的输入Item Hierarchy Embedding相似度矩阵:
[[ 1.          0.00428478  0.01220794  0.00915328  0.02225008 -0.01286675]
 [ 0.00428478  1.          0.01097106  0.01351923  0.0011083  -0.01160757]
 [ 0.01220794  0.01097106  1.          0.02605922  0.00541094 -0.02203434]
 [ 0.00915328  0.01351923  0.02605922  1.          0.00565772 -0.00536116]
 [ 0.02225008  0.0011083   0.00541094  0.00565772  1.         -0.01612663]
 [-0.01286675 -0.01160757 -0.02203434 -0.00536116 -0.01612663  0.99999976]]
[2025-11-12 14:54:33,272][src.models.modules.semantic_id.tiger_generation_model][WARNING] - [rank: 0] Failed to stack cross attentions: stack expects each tensor to be equal size, but got [32, 6, 140] at entry 0 and [32, 6, 2, 140] at entry 1
[2025-11-12 14:54:33,272][src.models.modules.semantic_id.tiger_generation_model][WARNING] - [rank: 0]   Hierarchy 0 shape: torch.Size([32, 6, 140])
[2025-11-12 14:54:33,272][src.models.modules.semantic_id.tiger_generation_model][WARNING] - [rank: 0]   Hierarchy 1 shape: torch.Size([32, 6, 2, 140])
[2025-11-12 14:54:33,273][src.models.modules.semantic_id.tiger_generation_model][WARNING] - [rank: 0]   Hierarchy 2 shape: torch.Size([32, 6, 140])
[2025-11-12 14:54:33,273][src.models.modules.semantic_id.tiger_generation_model][WARNING] - [rank: 0]   Hierarchy 3 shape: torch.Size([32, 6, 140])
[2025-11-12 14:54:33,273][src.models.modules.semantic_id.tiger_generation_model][WARNING] - [rank: 0]   Hierarchy 4 shape: torch.Size([32, 6, 140])
[2025-11-12 14:54:33,273][src.models.modules.semantic_id.tiger_generation_model][WARNING] - [rank: 0]   Hierarchy 5 shape: torch.Size([32, 6, 140])
[2025-11-12 14:54:33,554][src.models.modules.semantic_id.tiger_generation_model][INFO] - [rank: 0] Saved decoder self-attention to ./attention_weights/decoder_self_attention_batch_15.pt
[2025-11-12 14:54:33,555][src.models.modules.semantic_id.tiger_generation_model][INFO] - [rank: 0] Saved encoder attention to ./attention_weights/encoder_attention_batch_15.pt
[2025-11-12 14:54:33,555][src.models.modules.semantic_id.tiger_generation_model][INFO] - [rank: 0] Saved cross attention to ./attention_weights/cross_attention_batch_15.pt
[2025-11-12 14:54:33,564][src.models.modules.semantic_id.tiger_generation_model][INFO] - [rank: 0] 当前batch的生成语义ID Embedding相似度矩阵:
[[ 0.99999994 -0.00279678  0.00807246  0.00872589  0.01370507 -0.02135911]
 [-0.00279678  1.         -0.00641248  0.00790999 -0.00898244 -0.02136866]
 [ 0.00807246 -0.00641248  1.          0.03468765 -0.00646048 -0.01551497]
 [ 0.00872589  0.00790999  0.03468765  1.         -0.00132106 -0.01347962]
 [ 0.01370507 -0.00898244 -0.00646048 -0.00132106  1.         -0.02306807]
 [-0.02135911 -0.02136866 -0.01551497 -0.01347962 -0.02306807  0.9999999 ]]
[2025-11-12 14:54:33,957][src.models.modules.semantic_id.tiger_generation_model][INFO] - [rank: 0] 当前batch的输入Item Hierarchy Embedding相似度矩阵:
[[ 1.0000000e+00  1.0062916e-02  8.2096430e-03  1.5067720e-02
   1.4068037e-02 -2.0453308e-02]
 [ 1.0062916e-02  1.0000000e+00  8.8303704e-03  1.2245544e-02
  -8.2831690e-03 -1.4737934e-02]
 [ 8.2096430e-03  8.8303704e-03  1.0000000e+00  1.1956625e-02
   8.5780751e-03 -2.8443623e-02]
 [ 1.5067720e-02  1.2245544e-02  1.1956625e-02  1.0000000e+00
  -9.4603398e-04 -1.1776827e-02]
 [ 1.4068037e-02 -8.2831690e-03  8.5780751e-03 -9.4603398e-04
   1.0000000e+00 -1.4121196e-02]
 [-2.0453308e-02 -1.4737934e-02 -2.8443623e-02 -1.1776827e-02
  -1.4121196e-02  9.9999976e-01]]
[2025-11-12 14:54:34,875][src.models.modules.semantic_id.tiger_generation_model][WARNING] - [rank: 0] Failed to stack cross attentions: stack expects each tensor to be equal size, but got [32, 6, 140] at entry 0 and [32, 6, 2, 140] at entry 1
[2025-11-12 14:54:34,887][src.models.modules.semantic_id.tiger_generation_model][WARNING] - [rank: 0]   Hierarchy 0 shape: torch.Size([32, 6, 140])
[2025-11-12 14:54:34,892][src.models.modules.semantic_id.tiger_generation_model][WARNING] - [rank: 0]   Hierarchy 1 shape: torch.Size([32, 6, 2, 140])
[2025-11-12 14:54:34,893][src.models.modules.semantic_id.tiger_generation_model][WARNING] - [rank: 0]   Hierarchy 2 shape: torch.Size([32, 6, 140])
[2025-11-12 14:54:34,893][src.models.modules.semantic_id.tiger_generation_model][WARNING] - [rank: 0]   Hierarchy 3 shape: torch.Size([32, 6, 140])
[2025-11-12 14:54:34,893][src.models.modules.semantic_id.tiger_generation_model][WARNING] - [rank: 0]   Hierarchy 4 shape: torch.Size([32, 6, 140])
[2025-11-12 14:54:34,893][src.models.modules.semantic_id.tiger_generation_model][WARNING] - [rank: 0]   Hierarchy 5 shape: torch.Size([32, 6, 140])
[2025-11-12 14:54:35,262][src.models.modules.semantic_id.tiger_generation_model][INFO] - [rank: 0] Saved decoder self-attention to ./attention_weights/decoder_self_attention_batch_16.pt
[2025-11-12 14:54:35,263][src.models.modules.semantic_id.tiger_generation_model][INFO] - [rank: 0] Saved encoder attention to ./attention_weights/encoder_attention_batch_16.pt
[2025-11-12 14:54:35,263][src.models.modules.semantic_id.tiger_generation_model][INFO] - [rank: 0] Saved cross attention to ./attention_weights/cross_attention_batch_16.pt
[2025-11-12 14:54:35,298][src.models.modules.semantic_id.tiger_generation_model][INFO] - [rank: 0] 当前batch的生成语义ID Embedding相似度矩阵:
[[ 1.0000000e+00  7.5024646e-03  2.3745986e-02  5.4966151e-03
   2.1649085e-02 -2.5181977e-02]
 [ 7.5024646e-03  1.0000000e+00  3.0643156e-02  6.5932311e-03
  -1.6883299e-02 -2.3042122e-02]
 [ 2.3745986e-02  3.0643156e-02  1.0000000e+00  9.8089064e-03
  -8.2213897e-04 -1.2729761e-02]
 [ 5.4966151e-03  6.5932311e-03  9.8089064e-03  1.0000000e+00
   1.9367617e-02 -1.4622202e-03]
 [ 2.1649085e-02 -1.6883299e-02 -8.2213897e-04  1.9367617e-02
   1.0000000e+00 -5.5512674e-03]
 [-2.5181977e-02 -2.3042122e-02 -1.2729761e-02 -1.4622202e-03
  -5.5512674e-03  9.9999988e-01]]
[2025-11-12 14:54:35,793][src.models.modules.semantic_id.tiger_generation_model][INFO] - [rank: 0] 当前batch的输入Item Hierarchy Embedding相似度矩阵:
[[ 1.0000000e+00  1.5585414e-02  1.5806884e-02  9.0559144e-03
   6.9034053e-03 -2.1678112e-02]
 [ 1.5585414e-02  1.0000000e+00  2.5157757e-02  8.5303467e-03
  -2.9994049e-03 -1.8768743e-02]
 [ 1.5806884e-02  2.5157757e-02  1.0000000e+00  2.1925218e-02
   8.8487249e-03 -2.3001131e-02]
 [ 9.0559144e-03  8.5303467e-03  2.1925218e-02  1.0000000e+00
   4.8211557e-04 -1.4567052e-02]
 [ 6.9034053e-03 -2.9994049e-03  8.8487249e-03  4.8211557e-04
   1.0000000e+00 -2.0061884e-02]
 [-2.1678112e-02 -1.8768743e-02 -2.3001131e-02 -1.4567052e-02
  -2.0061884e-02  9.9999976e-01]]
[2025-11-12 14:54:36,383][src.models.modules.semantic_id.tiger_generation_model][WARNING] - [rank: 0] Failed to stack cross attentions: stack expects each tensor to be equal size, but got [32, 6, 140] at entry 0 and [32, 6, 2, 140] at entry 1
[2025-11-12 14:54:36,401][src.models.modules.semantic_id.tiger_generation_model][WARNING] - [rank: 0]   Hierarchy 0 shape: torch.Size([32, 6, 140])
[2025-11-12 14:54:36,402][src.models.modules.semantic_id.tiger_generation_model][WARNING] - [rank: 0]   Hierarchy 1 shape: torch.Size([32, 6, 2, 140])
[2025-11-12 14:54:36,402][src.models.modules.semantic_id.tiger_generation_model][WARNING] - [rank: 0]   Hierarchy 2 shape: torch.Size([32, 6, 140])
[2025-11-12 14:54:36,402][src.models.modules.semantic_id.tiger_generation_model][WARNING] - [rank: 0]   Hierarchy 3 shape: torch.Size([32, 6, 140])
[2025-11-12 14:54:36,403][src.models.modules.semantic_id.tiger_generation_model][WARNING] - [rank: 0]   Hierarchy 4 shape: torch.Size([32, 6, 140])
[2025-11-12 14:54:36,403][src.models.modules.semantic_id.tiger_generation_model][WARNING] - [rank: 0]   Hierarchy 5 shape: torch.Size([32, 6, 140])
[2025-11-12 14:54:36,924][src.models.modules.semantic_id.tiger_generation_model][INFO] - [rank: 0] Saved decoder self-attention to ./attention_weights/decoder_self_attention_batch_17.pt
[2025-11-12 14:54:36,924][src.models.modules.semantic_id.tiger_generation_model][INFO] - [rank: 0] Saved encoder attention to ./attention_weights/encoder_attention_batch_17.pt
[2025-11-12 14:54:36,925][src.models.modules.semantic_id.tiger_generation_model][INFO] - [rank: 0] Saved cross attention to ./attention_weights/cross_attention_batch_17.pt
[2025-11-12 14:54:36,931][src.models.modules.semantic_id.tiger_generation_model][INFO] - [rank: 0] 当前batch的生成语义ID Embedding相似度矩阵:
[[ 0.9999999  -0.01202899  0.02422255  0.01549245  0.02342577 -0.02704161]
 [-0.01202899  1.          0.02293865  0.03925813  0.03311762  0.00197515]
 [ 0.02422255  0.02293865  1.          0.04992935  0.01283797 -0.04272294]
 [ 0.01549245  0.03925813  0.04992935  1.         -0.00492738 -0.00136085]
 [ 0.02342577  0.03311762  0.01283797 -0.00492738  1.         -0.02359261]
 [-0.02704161  0.00197515 -0.04272294 -0.00136085 -0.02359261  0.9999999 ]]
[2025-11-12 14:54:37,300][src.models.modules.semantic_id.tiger_generation_model][INFO] - [rank: 0] 当前batch的输入Item Hierarchy Embedding相似度矩阵:
[[ 1.          0.00331627  0.01306144  0.00923459  0.00321164 -0.02348723]
 [ 0.00331627  1.          0.01371359  0.01477457  0.00364343 -0.01435303]
 [ 0.01306144  0.01371359  1.          0.02506725  0.00667226 -0.02605469]
 [ 0.00923459  0.01477457  0.02506725  1.          0.00409763 -0.01264181]
 [ 0.00321164  0.00364343  0.00667226  0.00409763  1.         -0.00599662]
 [-0.02348723 -0.01435303 -0.02605469 -0.01264181 -0.00599662  1.        ]]
[2025-11-12 14:54:38,621][src.models.modules.semantic_id.tiger_generation_model][WARNING] - [rank: 0] Failed to stack cross attentions: stack expects each tensor to be equal size, but got [32, 6, 140] at entry 0 and [32, 6, 2, 140] at entry 1
[2025-11-12 14:54:38,621][src.models.modules.semantic_id.tiger_generation_model][WARNING] - [rank: 0]   Hierarchy 0 shape: torch.Size([32, 6, 140])
[2025-11-12 14:54:38,621][src.models.modules.semantic_id.tiger_generation_model][WARNING] - [rank: 0]   Hierarchy 1 shape: torch.Size([32, 6, 2, 140])
[2025-11-12 14:54:38,621][src.models.modules.semantic_id.tiger_generation_model][WARNING] - [rank: 0]   Hierarchy 2 shape: torch.Size([32, 6, 140])
[2025-11-12 14:54:38,622][src.models.modules.semantic_id.tiger_generation_model][WARNING] - [rank: 0]   Hierarchy 3 shape: torch.Size([32, 6, 140])
[2025-11-12 14:54:38,622][src.models.modules.semantic_id.tiger_generation_model][WARNING] - [rank: 0]   Hierarchy 4 shape: torch.Size([32, 6, 140])
[2025-11-12 14:54:38,622][src.models.modules.semantic_id.tiger_generation_model][WARNING] - [rank: 0]   Hierarchy 5 shape: torch.Size([32, 6, 140])
[2025-11-12 14:54:38,857][src.models.modules.semantic_id.tiger_generation_model][INFO] - [rank: 0] Saved decoder self-attention to ./attention_weights/decoder_self_attention_batch_18.pt
[2025-11-12 14:54:38,857][src.models.modules.semantic_id.tiger_generation_model][INFO] - [rank: 0] Saved encoder attention to ./attention_weights/encoder_attention_batch_18.pt
[2025-11-12 14:54:38,858][src.models.modules.semantic_id.tiger_generation_model][INFO] - [rank: 0] Saved cross attention to ./attention_weights/cross_attention_batch_18.pt
[2025-11-12 14:54:38,863][src.models.modules.semantic_id.tiger_generation_model][INFO] - [rank: 0] 当前batch的生成语义ID Embedding相似度矩阵:
[[ 1.          0.00565839 -0.00944002  0.02915887  0.02684272 -0.01088301]
 [ 0.00565839  1.          0.03376767  0.03813155  0.0036656  -0.01223917]
 [-0.00944002  0.03376767  1.          0.0275536   0.00313697 -0.05363508]
 [ 0.02915887  0.03813155  0.0275536   1.          0.00655788 -0.01387628]
 [ 0.02684272  0.0036656   0.00313697  0.00655788  0.99999994 -0.02197602]
 [-0.01088301 -0.01223917 -0.05363508 -0.01387628 -0.02197602  0.9999999 ]]
[2025-11-12 14:54:39,279][src.models.modules.semantic_id.tiger_generation_model][INFO] - [rank: 0] 当前batch的输入Item Hierarchy Embedding相似度矩阵:
[[ 1.00000000e+00  1.54973250e-02  1.42520610e-02  7.48804258e-03
   1.45929009e-02 -1.33406175e-02]
 [ 1.54973250e-02  1.00000000e+00  3.24913161e-03  1.38718793e-02
  -1.13087895e-04 -2.28327177e-02]
 [ 1.42520610e-02  3.24913161e-03  1.00000000e+00  2.10057888e-02
  -1.33993791e-03 -2.51742788e-02]
 [ 7.48804258e-03  1.38718793e-02  2.10057888e-02  1.00000000e+00
   2.39802670e-04 -1.08403983e-02]
 [ 1.45929009e-02 -1.13087895e-04 -1.33993791e-03  2.39802670e-04
   1.00000000e+00 -1.27430363e-02]
 [-1.33406175e-02 -2.28327177e-02 -2.51742788e-02 -1.08403983e-02
  -1.27430363e-02  9.99999821e-01]]
[2025-11-12 14:54:40,650][src.models.modules.semantic_id.tiger_generation_model][WARNING] - [rank: 0] Failed to stack cross attentions: stack expects each tensor to be equal size, but got [32, 6, 140] at entry 0 and [32, 6, 2, 140] at entry 1
[2025-11-12 14:54:40,651][src.models.modules.semantic_id.tiger_generation_model][WARNING] - [rank: 0]   Hierarchy 0 shape: torch.Size([32, 6, 140])
[2025-11-12 14:54:40,651][src.models.modules.semantic_id.tiger_generation_model][WARNING] - [rank: 0]   Hierarchy 1 shape: torch.Size([32, 6, 2, 140])
[2025-11-12 14:54:40,651][src.models.modules.semantic_id.tiger_generation_model][WARNING] - [rank: 0]   Hierarchy 2 shape: torch.Size([32, 6, 140])
[2025-11-12 14:54:40,651][src.models.modules.semantic_id.tiger_generation_model][WARNING] - [rank: 0]   Hierarchy 3 shape: torch.Size([32, 6, 140])
[2025-11-12 14:54:40,651][src.models.modules.semantic_id.tiger_generation_model][WARNING] - [rank: 0]   Hierarchy 4 shape: torch.Size([32, 6, 140])
[2025-11-12 14:54:40,652][src.models.modules.semantic_id.tiger_generation_model][WARNING] - [rank: 0]   Hierarchy 5 shape: torch.Size([32, 6, 140])
[2025-11-12 14:54:40,887][src.models.modules.semantic_id.tiger_generation_model][INFO] - [rank: 0] Saved decoder self-attention to ./attention_weights/decoder_self_attention_batch_19.pt
[2025-11-12 14:54:40,888][src.models.modules.semantic_id.tiger_generation_model][INFO] - [rank: 0] Saved encoder attention to ./attention_weights/encoder_attention_batch_19.pt
[2025-11-12 14:54:40,889][src.models.modules.semantic_id.tiger_generation_model][INFO] - [rank: 0] Saved cross attention to ./attention_weights/cross_attention_batch_19.pt
[2025-11-12 14:54:40,919][src.models.modules.semantic_id.tiger_generation_model][INFO] - [rank: 0] 当前batch的生成语义ID Embedding相似度矩阵:
[[ 1.          0.00881354  0.02283311  0.00886421  0.01907408 -0.01963513]
 [ 0.00881354  1.          0.01789208  0.02672647 -0.00523254 -0.00937093]
 [ 0.02283311  0.01789208  1.          0.04463287 -0.00510003 -0.01798479]
 [ 0.00886421  0.02672647  0.04463287  1.         -0.00322084  0.00683766]
 [ 0.01907408 -0.00523254 -0.00510003 -0.00322084  1.         -0.00461705]
 [-0.01963513 -0.00937093 -0.01798479  0.00683766 -0.00461705  0.9999999 ]]
[2025-11-12 14:54:41,053][src.models.modules.semantic_id.tiger_generation_model][INFO] - [rank: 0] 当前batch的输入Item Hierarchy Embedding相似度矩阵:
[[ 1.          0.01519786  0.00977194  0.01173555  0.01743012 -0.01305159]
 [ 0.01519786  1.          0.01377748  0.0180408   0.01538134 -0.00972362]
 [ 0.00977194  0.01377748  1.          0.0236234   0.0066902  -0.01126501]
 [ 0.01173555  0.0180408   0.0236234   1.          0.00427652 -0.00304909]
 [ 0.01743012  0.01538134  0.0066902   0.00427652  1.         -0.00579915]
 [-0.01305159 -0.00972362 -0.01126501 -0.00304909 -0.00579915  0.99999976]]
[2025-11-12 14:54:41,907][src.models.modules.semantic_id.tiger_generation_model][WARNING] - [rank: 0] Failed to stack cross attentions: stack expects each tensor to be equal size, but got [32, 6, 140] at entry 0 and [32, 6, 2, 140] at entry 1
[2025-11-12 14:54:41,908][src.models.modules.semantic_id.tiger_generation_model][WARNING] - [rank: 0]   Hierarchy 0 shape: torch.Size([32, 6, 140])
[2025-11-12 14:54:41,908][src.models.modules.semantic_id.tiger_generation_model][WARNING] - [rank: 0]   Hierarchy 1 shape: torch.Size([32, 6, 2, 140])
[2025-11-12 14:54:41,908][src.models.modules.semantic_id.tiger_generation_model][WARNING] - [rank: 0]   Hierarchy 2 shape: torch.Size([32, 6, 140])
[2025-11-12 14:54:41,908][src.models.modules.semantic_id.tiger_generation_model][WARNING] - [rank: 0]   Hierarchy 3 shape: torch.Size([32, 6, 140])
[2025-11-12 14:54:41,908][src.models.modules.semantic_id.tiger_generation_model][WARNING] - [rank: 0]   Hierarchy 4 shape: torch.Size([32, 6, 140])
[2025-11-12 14:54:41,909][src.models.modules.semantic_id.tiger_generation_model][WARNING] - [rank: 0]   Hierarchy 5 shape: torch.Size([32, 6, 140])
[2025-11-12 14:54:42,445][src.models.modules.semantic_id.tiger_generation_model][INFO] - [rank: 0] Saved decoder self-attention to ./attention_weights/decoder_self_attention_batch_20.pt
[2025-11-12 14:54:42,446][src.models.modules.semantic_id.tiger_generation_model][INFO] - [rank: 0] Saved encoder attention to ./attention_weights/encoder_attention_batch_20.pt
[2025-11-12 14:54:42,446][src.models.modules.semantic_id.tiger_generation_model][INFO] - [rank: 0] Saved cross attention to ./attention_weights/cross_attention_batch_20.pt
[2025-11-12 14:54:42,453][src.models.modules.semantic_id.tiger_generation_model][INFO] - [rank: 0] 当前batch的生成语义ID Embedding相似度矩阵:
[[ 1.0000000e+00  1.4718028e-02  1.0269798e-02 -1.1293054e-02
  -2.0127958e-02 -2.6516428e-02]
 [ 1.4718028e-02  1.0000000e+00  1.6676471e-02  1.2549028e-02
   3.5086540e-03 -1.1034368e-02]
 [ 1.0269798e-02  1.6676471e-02  1.0000000e+00  3.0572448e-02
   3.8636807e-02 -2.8103333e-02]
 [-1.1293054e-02  1.2549028e-02  3.0572448e-02  1.0000000e+00
   3.1749673e-02 -1.5036520e-03]
 [-2.0127958e-02  3.5086540e-03  3.8636807e-02  3.1749673e-02
   1.0000000e+00 -4.7151931e-04]
 [-2.6516428e-02 -1.1034368e-02 -2.8103333e-02 -1.5036520e-03
  -4.7151931e-04  9.9999988e-01]]
[2025-11-12 14:54:43,274][src.models.modules.semantic_id.tiger_generation_model][INFO] - [rank: 0] 当前batch的输入Item Hierarchy Embedding相似度矩阵:
[[ 1.00000000e+00  5.58835780e-03  1.38879204e-02  3.70739843e-04
   7.99578987e-03 -2.72033438e-02]
 [ 5.58835780e-03  1.00000000e+00  1.33485375e-02  7.24987825e-03
   5.25311427e-03 -2.20053177e-02]
 [ 1.38879204e-02  1.33485375e-02  1.00000000e+00  1.04744863e-02
   6.08027726e-03 -2.45593563e-02]
 [ 3.70739843e-04  7.24987825e-03  1.04744863e-02  1.00000000e+00
   1.22351125e-02 -1.18707987e-02]
 [ 7.99578987e-03  5.25311427e-03  6.08027726e-03  1.22351125e-02
   1.00000000e+00 -1.56051051e-02]
 [-2.72033438e-02 -2.20053177e-02 -2.45593563e-02 -1.18707987e-02
  -1.56051051e-02  9.99999821e-01]]
[2025-11-12 14:54:44,442][src.models.modules.semantic_id.tiger_generation_model][WARNING] - [rank: 0] Failed to stack cross attentions: stack expects each tensor to be equal size, but got [32, 6, 140] at entry 0 and [32, 6, 2, 140] at entry 1
[2025-11-12 14:54:44,442][src.models.modules.semantic_id.tiger_generation_model][WARNING] - [rank: 0]   Hierarchy 0 shape: torch.Size([32, 6, 140])
[2025-11-12 14:54:44,442][src.models.modules.semantic_id.tiger_generation_model][WARNING] - [rank: 0]   Hierarchy 1 shape: torch.Size([32, 6, 2, 140])
[2025-11-12 14:54:44,443][src.models.modules.semantic_id.tiger_generation_model][WARNING] - [rank: 0]   Hierarchy 2 shape: torch.Size([32, 6, 140])
[2025-11-12 14:54:44,443][src.models.modules.semantic_id.tiger_generation_model][WARNING] - [rank: 0]   Hierarchy 3 shape: torch.Size([32, 6, 140])
[2025-11-12 14:54:44,443][src.models.modules.semantic_id.tiger_generation_model][WARNING] - [rank: 0]   Hierarchy 4 shape: torch.Size([32, 6, 140])
[2025-11-12 14:54:44,451][src.models.modules.semantic_id.tiger_generation_model][WARNING] - [rank: 0]   Hierarchy 5 shape: torch.Size([32, 6, 140])
[2025-11-12 14:54:44,915][src.models.modules.semantic_id.tiger_generation_model][INFO] - [rank: 0] Saved decoder self-attention to ./attention_weights/decoder_self_attention_batch_21.pt
[2025-11-12 14:54:44,915][src.models.modules.semantic_id.tiger_generation_model][INFO] - [rank: 0] Saved encoder attention to ./attention_weights/encoder_attention_batch_21.pt
[2025-11-12 14:54:44,915][src.models.modules.semantic_id.tiger_generation_model][INFO] - [rank: 0] Saved cross attention to ./attention_weights/cross_attention_batch_21.pt
[2025-11-12 14:54:44,954][src.models.modules.semantic_id.tiger_generation_model][INFO] - [rank: 0] 当前batch的生成语义ID Embedding相似度矩阵:
[[ 1.         -0.00451254  0.0040715   0.02113988 -0.01358605 -0.02004359]
 [-0.00451254  1.          0.02147212  0.02732506  0.01318379 -0.0492299 ]
 [ 0.0040715   0.02147212  0.99999994  0.03451375 -0.01118958 -0.02089642]
 [ 0.02113988  0.02732506  0.03451375  1.         -0.00123462 -0.01909009]
 [-0.01358605  0.01318379 -0.01118958 -0.00123462  1.          0.01351256]
 [-0.02004359 -0.0492299  -0.02089642 -0.01909009  0.01351256  0.9999999 ]]
[2025-11-12 14:54:45,486][src.models.modules.semantic_id.tiger_generation_model][INFO] - [rank: 0] 当前batch的输入Item Hierarchy Embedding相似度矩阵:
[[ 1.0000000e+00  1.6672591e-03  2.2316277e-02  7.1405540e-03
   1.0314191e-02 -2.0205693e-02]
 [ 1.6672591e-03  1.0000000e+00  2.9982529e-03  2.5972968e-02
   2.1458636e-03 -1.6052211e-02]
 [ 2.2316277e-02  2.9982529e-03  1.0000000e+00  1.5928268e-02
   3.1431846e-04 -1.6340004e-02]
 [ 7.1405540e-03  2.5972968e-02  1.5928268e-02  1.0000000e+00
   2.1600581e-03 -1.0646487e-02]
 [ 1.0314191e-02  2.1458636e-03  3.1431846e-04  2.1600581e-03
   1.0000000e+00 -8.6082863e-03]
 [-2.0205693e-02 -1.6052211e-02 -1.6340004e-02 -1.0646487e-02
  -8.6082863e-03  9.9999976e-01]]
[2025-11-12 14:54:46,604][src.models.modules.semantic_id.tiger_generation_model][WARNING] - [rank: 0] Failed to stack cross attentions: stack expects each tensor to be equal size, but got [32, 6, 140] at entry 0 and [32, 6, 2, 140] at entry 1
[2025-11-12 14:54:46,605][src.models.modules.semantic_id.tiger_generation_model][WARNING] - [rank: 0]   Hierarchy 0 shape: torch.Size([32, 6, 140])
[2025-11-12 14:54:46,605][src.models.modules.semantic_id.tiger_generation_model][WARNING] - [rank: 0]   Hierarchy 1 shape: torch.Size([32, 6, 2, 140])
[2025-11-12 14:54:46,605][src.models.modules.semantic_id.tiger_generation_model][WARNING] - [rank: 0]   Hierarchy 2 shape: torch.Size([32, 6, 140])
[2025-11-12 14:54:46,605][src.models.modules.semantic_id.tiger_generation_model][WARNING] - [rank: 0]   Hierarchy 3 shape: torch.Size([32, 6, 140])
[2025-11-12 14:54:46,605][src.models.modules.semantic_id.tiger_generation_model][WARNING] - [rank: 0]   Hierarchy 4 shape: torch.Size([32, 6, 140])
[2025-11-12 14:54:46,606][src.models.modules.semantic_id.tiger_generation_model][WARNING] - [rank: 0]   Hierarchy 5 shape: torch.Size([32, 6, 140])
[2025-11-12 14:54:46,982][src.models.modules.semantic_id.tiger_generation_model][INFO] - [rank: 0] Saved decoder self-attention to ./attention_weights/decoder_self_attention_batch_22.pt
[2025-11-12 14:54:46,982][src.models.modules.semantic_id.tiger_generation_model][INFO] - [rank: 0] Saved encoder attention to ./attention_weights/encoder_attention_batch_22.pt
[2025-11-12 14:54:46,991][src.models.modules.semantic_id.tiger_generation_model][INFO] - [rank: 0] Saved cross attention to ./attention_weights/cross_attention_batch_22.pt
[2025-11-12 14:54:46,998][src.models.modules.semantic_id.tiger_generation_model][INFO] - [rank: 0] 当前batch的生成语义ID Embedding相似度矩阵:
[[ 1.          0.01606056  0.01960804  0.00926672  0.0253456  -0.00301357]
 [ 0.01606056  1.          0.00588144  0.00302907 -0.01193909 -0.01668567]
 [ 0.01960804  0.00588144  1.          0.02186377 -0.00802793 -0.02012695]
 [ 0.00926672  0.00302907  0.02186377  1.         -0.00547631 -0.01151773]
 [ 0.0253456  -0.01193909 -0.00802793 -0.00547631  1.         -0.01224416]
 [-0.00301357 -0.01668567 -0.02012695 -0.01151773 -0.01224416  0.9999999 ]]
[2025-11-12 14:54:47,422][src.models.modules.semantic_id.tiger_generation_model][INFO] - [rank: 0] 当前batch的输入Item Hierarchy Embedding相似度矩阵:
[[ 1.          0.01736527  0.02232878  0.01418441  0.01146382 -0.01227915]
 [ 0.01736527  1.          0.0083136   0.0181138   0.00572659 -0.02152926]
 [ 0.02232878  0.0083136   1.          0.01932671  0.00490301 -0.02079384]
 [ 0.01418441  0.0181138   0.01932671  1.          0.00700065 -0.00507881]
 [ 0.01146382  0.00572659  0.00490301  0.00700065  1.         -0.01363591]
 [-0.01227915 -0.02152926 -0.02079384 -0.00507881 -0.01363591  0.99999976]]
[2025-11-12 14:54:48,841][src.models.modules.semantic_id.tiger_generation_model][WARNING] - [rank: 0] Failed to stack cross attentions: stack expects each tensor to be equal size, but got [32, 6, 140] at entry 0 and [32, 6, 2, 140] at entry 1
[2025-11-12 14:54:48,841][src.models.modules.semantic_id.tiger_generation_model][WARNING] - [rank: 0]   Hierarchy 0 shape: torch.Size([32, 6, 140])
[2025-11-12 14:54:48,841][src.models.modules.semantic_id.tiger_generation_model][WARNING] - [rank: 0]   Hierarchy 1 shape: torch.Size([32, 6, 2, 140])
[2025-11-12 14:54:48,842][src.models.modules.semantic_id.tiger_generation_model][WARNING] - [rank: 0]   Hierarchy 2 shape: torch.Size([32, 6, 140])
[2025-11-12 14:54:48,842][src.models.modules.semantic_id.tiger_generation_model][WARNING] - [rank: 0]   Hierarchy 3 shape: torch.Size([32, 6, 140])
[2025-11-12 14:54:48,842][src.models.modules.semantic_id.tiger_generation_model][WARNING] - [rank: 0]   Hierarchy 4 shape: torch.Size([32, 6, 140])
[2025-11-12 14:54:48,842][src.models.modules.semantic_id.tiger_generation_model][WARNING] - [rank: 0]   Hierarchy 5 shape: torch.Size([32, 6, 140])
[2025-11-12 14:54:49,288][src.models.modules.semantic_id.tiger_generation_model][INFO] - [rank: 0] Saved decoder self-attention to ./attention_weights/decoder_self_attention_batch_23.pt
[2025-11-12 14:54:49,288][src.models.modules.semantic_id.tiger_generation_model][INFO] - [rank: 0] Saved encoder attention to ./attention_weights/encoder_attention_batch_23.pt
[2025-11-12 14:54:49,289][src.models.modules.semantic_id.tiger_generation_model][INFO] - [rank: 0] Saved cross attention to ./attention_weights/cross_attention_batch_23.pt
[2025-11-12 14:54:49,295][src.models.modules.semantic_id.tiger_generation_model][INFO] - [rank: 0] 当前batch的生成语义ID Embedding相似度矩阵:
[[ 1.          0.01986708  0.00847681  0.00102597  0.00692362 -0.05430195]
 [ 0.01986708  1.          0.03854918  0.02132814 -0.01824539 -0.01570503]
 [ 0.00847681  0.03854918  1.          0.01743264 -0.01002695 -0.03674178]
 [ 0.00102597  0.02132814  0.01743264  1.         -0.02648177  0.00219611]
 [ 0.00692362 -0.01824539 -0.01002695 -0.02648177  0.99999994 -0.00539729]
 [-0.05430195 -0.01570503 -0.03674178  0.00219611 -0.00539729  0.9999999 ]]
[2025-11-12 14:54:49,915][src.models.modules.semantic_id.tiger_generation_model][INFO] - [rank: 0] 当前batch的输入Item Hierarchy Embedding相似度矩阵:
[[ 1.0000000e+00  6.4002546e-03  2.7109241e-02  1.5575753e-02
   1.5103886e-03 -1.9981515e-02]
 [ 6.4002546e-03  1.0000000e+00  1.2394801e-02  2.1232789e-02
   7.2617163e-03 -2.2153959e-02]
 [ 2.7109241e-02  1.2394801e-02  1.0000000e+00  1.9512784e-02
   9.8996237e-03 -1.8847717e-02]
 [ 1.5575753e-02  2.1232789e-02  1.9512784e-02  1.0000000e+00
   2.1871903e-05 -6.9163330e-03]
 [ 1.5103886e-03  7.2617163e-03  9.8996237e-03  2.1871903e-05
   1.0000000e+00 -1.2183754e-02]
 [-1.9981515e-02 -2.2153959e-02 -1.8847717e-02 -6.9163330e-03
  -1.2183754e-02  9.9999982e-01]]
[2025-11-12 14:54:51,041][src.models.modules.semantic_id.tiger_generation_model][WARNING] - [rank: 0] Failed to stack cross attentions: stack expects each tensor to be equal size, but got [32, 6, 140] at entry 0 and [32, 6, 2, 140] at entry 1
[2025-11-12 14:54:51,041][src.models.modules.semantic_id.tiger_generation_model][WARNING] - [rank: 0]   Hierarchy 0 shape: torch.Size([32, 6, 140])
[2025-11-12 14:54:51,041][src.models.modules.semantic_id.tiger_generation_model][WARNING] - [rank: 0]   Hierarchy 1 shape: torch.Size([32, 6, 2, 140])
[2025-11-12 14:54:51,041][src.models.modules.semantic_id.tiger_generation_model][WARNING] - [rank: 0]   Hierarchy 2 shape: torch.Size([32, 6, 140])
[2025-11-12 14:54:51,042][src.models.modules.semantic_id.tiger_generation_model][WARNING] - [rank: 0]   Hierarchy 3 shape: torch.Size([32, 6, 140])
[2025-11-12 14:54:51,042][src.models.modules.semantic_id.tiger_generation_model][WARNING] - [rank: 0]   Hierarchy 4 shape: torch.Size([32, 6, 140])
[2025-11-12 14:54:51,042][src.models.modules.semantic_id.tiger_generation_model][WARNING] - [rank: 0]   Hierarchy 5 shape: torch.Size([32, 6, 140])
[2025-11-12 14:54:51,584][src.models.modules.semantic_id.tiger_generation_model][INFO] - [rank: 0] Saved decoder self-attention to ./attention_weights/decoder_self_attention_batch_24.pt
[2025-11-12 14:54:51,584][src.models.modules.semantic_id.tiger_generation_model][INFO] - [rank: 0] Saved encoder attention to ./attention_weights/encoder_attention_batch_24.pt
[2025-11-12 14:54:51,585][src.models.modules.semantic_id.tiger_generation_model][INFO] - [rank: 0] Saved cross attention to ./attention_weights/cross_attention_batch_24.pt
[2025-11-12 14:54:51,591][src.models.modules.semantic_id.tiger_generation_model][INFO] - [rank: 0] 当前batch的生成语义ID Embedding相似度矩阵:
[[ 1.0000000e+00  2.6118647e-02  3.5090689e-02 -5.0565950e-04
   2.8131263e-02 -5.8582085e-03]
 [ 2.6118647e-02  1.0000000e+00  3.2361493e-02 -4.5604999e-03
   1.0331996e-02  2.0530871e-03]
 [ 3.5090689e-02  3.2361493e-02  1.0000000e+00  1.9196017e-02
   2.1563002e-03 -1.0840626e-02]
 [-5.0565950e-04 -4.5604999e-03  1.9196017e-02  1.0000000e+00
   1.4825249e-03 -8.6181774e-04]
 [ 2.8131263e-02  1.0331996e-02  2.1563002e-03  1.4825249e-03
   1.0000000e+00 -2.4112379e-02]
 [-5.8582085e-03  2.0530871e-03 -1.0840626e-02 -8.6181774e-04
  -2.4112379e-02  9.9999988e-01]]
[2025-11-12 14:54:52,340][src.models.modules.semantic_id.tiger_generation_model][INFO] - [rank: 0] 当前batch的输入Item Hierarchy Embedding相似度矩阵:
[[ 1.00000000e+00  5.50797069e-03  1.69968903e-02  7.79409660e-03
   4.05161222e-03 -1.51189109e-02]
 [ 5.50797069e-03  1.00000000e+00  1.34396665e-02  2.33154278e-02
   1.11893099e-02 -2.08893064e-02]
 [ 1.69968903e-02  1.34396665e-02  1.00000000e+00  1.48069644e-02
   2.69760657e-03 -1.88092683e-02]
 [ 7.79409660e-03  2.33154278e-02  1.48069644e-02  1.00000000e+00
   5.04583679e-03 -2.10289392e-04]
 [ 4.05161222e-03  1.11893099e-02  2.69760657e-03  5.04583679e-03
   1.00000000e+00 -1.66603643e-02]
 [-1.51189109e-02 -2.08893064e-02 -1.88092683e-02 -2.10289392e-04
  -1.66603643e-02  9.99999821e-01]]
[2025-11-12 14:54:53,772][src.models.modules.semantic_id.tiger_generation_model][WARNING] - [rank: 0] Failed to stack cross attentions: stack expects each tensor to be equal size, but got [32, 6, 140] at entry 0 and [32, 6, 2, 140] at entry 1
[2025-11-12 14:54:53,772][src.models.modules.semantic_id.tiger_generation_model][WARNING] - [rank: 0]   Hierarchy 0 shape: torch.Size([32, 6, 140])
[2025-11-12 14:54:53,773][src.models.modules.semantic_id.tiger_generation_model][WARNING] - [rank: 0]   Hierarchy 1 shape: torch.Size([32, 6, 2, 140])
[2025-11-12 14:54:53,773][src.models.modules.semantic_id.tiger_generation_model][WARNING] - [rank: 0]   Hierarchy 2 shape: torch.Size([32, 6, 140])
[2025-11-12 14:54:53,773][src.models.modules.semantic_id.tiger_generation_model][WARNING] - [rank: 0]   Hierarchy 3 shape: torch.Size([32, 6, 140])
[2025-11-12 14:54:53,773][src.models.modules.semantic_id.tiger_generation_model][WARNING] - [rank: 0]   Hierarchy 4 shape: torch.Size([32, 6, 140])
[2025-11-12 14:54:53,773][src.models.modules.semantic_id.tiger_generation_model][WARNING] - [rank: 0]   Hierarchy 5 shape: torch.Size([32, 6, 140])
[2025-11-12 14:54:54,143][src.models.modules.semantic_id.tiger_generation_model][INFO] - [rank: 0] Saved decoder self-attention to ./attention_weights/decoder_self_attention_batch_25.pt
[2025-11-12 14:54:54,144][src.models.modules.semantic_id.tiger_generation_model][INFO] - [rank: 0] Saved encoder attention to ./attention_weights/encoder_attention_batch_25.pt
[2025-11-12 14:54:54,144][src.models.modules.semantic_id.tiger_generation_model][INFO] - [rank: 0] Saved cross attention to ./attention_weights/cross_attention_batch_25.pt
[2025-11-12 14:54:54,159][src.models.modules.semantic_id.tiger_generation_model][INFO] - [rank: 0] 当前batch的生成语义ID Embedding相似度矩阵:
[[ 1.          0.01038582  0.00405037 -0.0024264   0.02996478 -0.01101038]
 [ 0.01038582  1.          0.03332254  0.01106508  0.02134605 -0.02138169]
 [ 0.00405037  0.03332254  1.          0.05046264  0.00892436 -0.02576436]
 [-0.0024264   0.01106508  0.05046264  1.          0.00610251 -0.0083608 ]
 [ 0.02996478  0.02134605  0.00892436  0.00610251  1.         -0.01336895]
 [-0.01101038 -0.02138169 -0.02576436 -0.0083608  -0.01336895  0.9999999 ]]
[2025-11-12 14:54:54,814][src.models.modules.semantic_id.tiger_generation_model][INFO] - [rank: 0] 当前batch的输入Item Hierarchy Embedding相似度矩阵:
[[ 1.          0.008026    0.01283183  0.00717742  0.01215977 -0.02086232]
 [ 0.008026    1.          0.01977039  0.01798233  0.00169642 -0.01547334]
 [ 0.01283183  0.01977039  1.          0.02347343  0.00108998 -0.008387  ]
 [ 0.00717742  0.01798233  0.02347343  1.          0.00245331 -0.01247668]
 [ 0.01215977  0.00169642  0.00108998  0.00245331  1.         -0.01214994]
 [-0.02086232 -0.01547334 -0.008387   -0.01247668 -0.01214994  0.9999998 ]]
[2025-11-12 14:54:56,057][src.models.modules.semantic_id.tiger_generation_model][WARNING] - [rank: 0] Failed to stack cross attentions: stack expects each tensor to be equal size, but got [32, 6, 140] at entry 0 and [32, 6, 2, 140] at entry 1
[2025-11-12 14:54:56,070][src.models.modules.semantic_id.tiger_generation_model][WARNING] - [rank: 0]   Hierarchy 0 shape: torch.Size([32, 6, 140])
[2025-11-12 14:54:56,071][src.models.modules.semantic_id.tiger_generation_model][WARNING] - [rank: 0]   Hierarchy 1 shape: torch.Size([32, 6, 2, 140])
[2025-11-12 14:54:56,071][src.models.modules.semantic_id.tiger_generation_model][WARNING] - [rank: 0]   Hierarchy 2 shape: torch.Size([32, 6, 140])
[2025-11-12 14:54:56,071][src.models.modules.semantic_id.tiger_generation_model][WARNING] - [rank: 0]   Hierarchy 3 shape: torch.Size([32, 6, 140])
[2025-11-12 14:54:56,071][src.models.modules.semantic_id.tiger_generation_model][WARNING] - [rank: 0]   Hierarchy 4 shape: torch.Size([32, 6, 140])
[2025-11-12 14:54:56,071][src.models.modules.semantic_id.tiger_generation_model][WARNING] - [rank: 0]   Hierarchy 5 shape: torch.Size([32, 6, 140])
[2025-11-12 14:54:56,498][src.models.modules.semantic_id.tiger_generation_model][INFO] - [rank: 0] Saved decoder self-attention to ./attention_weights/decoder_self_attention_batch_26.pt
[2025-11-12 14:54:56,498][src.models.modules.semantic_id.tiger_generation_model][INFO] - [rank: 0] Saved encoder attention to ./attention_weights/encoder_attention_batch_26.pt
[2025-11-12 14:54:56,498][src.models.modules.semantic_id.tiger_generation_model][INFO] - [rank: 0] Saved cross attention to ./attention_weights/cross_attention_batch_26.pt
[2025-11-12 14:54:56,529][src.models.modules.semantic_id.tiger_generation_model][INFO] - [rank: 0] 当前batch的生成语义ID Embedding相似度矩阵:
[[ 1.          0.0045903   0.00691027  0.00237708  0.03225212 -0.02362595]
 [ 0.0045903   1.          0.01416992  0.02115364  0.02164056 -0.00147343]
 [ 0.00691027  0.01416992  1.          0.0188737   0.00675529 -0.00431272]
 [ 0.00237708  0.02115364  0.0188737   1.          0.01323113 -0.00462345]
 [ 0.03225212  0.02164056  0.00675529  0.01323113  1.         -0.01437476]
 [-0.02362595 -0.00147343 -0.00431272 -0.00462345 -0.01437476  0.9999999 ]]
[2025-11-12 14:54:56,886][src.models.modules.semantic_id.tiger_generation_model][INFO] - [rank: 0] 当前batch的输入Item Hierarchy Embedding相似度矩阵:
[[ 1.00000000e+00  5.95433929e-04  1.26872212e-02  3.98923550e-03
   8.12182669e-03 -2.54644919e-02]
 [ 5.95433929e-04  1.00000000e+00  1.36279995e-02  1.31160542e-02
  -3.66665795e-03 -3.20143811e-03]
 [ 1.26872212e-02  1.36279995e-02  1.00000000e+00  2.62590293e-02
  -7.08956271e-04 -2.57821418e-02]
 [ 3.98923550e-03  1.31160542e-02  2.62590293e-02  1.00000000e+00
   1.02972919e-02 -3.15718679e-03]
 [ 8.12182669e-03 -3.66665795e-03 -7.08956271e-04  1.02972919e-02
   1.00000000e+00 -1.05896825e-02]
 [-2.54644919e-02 -3.20143811e-03 -2.57821418e-02 -3.15718679e-03
  -1.05896825e-02  9.99999821e-01]]
[2025-11-12 14:54:58,567][src.models.modules.semantic_id.tiger_generation_model][WARNING] - [rank: 0] Failed to stack cross attentions: stack expects each tensor to be equal size, but got [32, 6, 140] at entry 0 and [32, 6, 2, 140] at entry 1
[2025-11-12 14:54:58,568][src.models.modules.semantic_id.tiger_generation_model][WARNING] - [rank: 0]   Hierarchy 0 shape: torch.Size([32, 6, 140])
[2025-11-12 14:54:58,568][src.models.modules.semantic_id.tiger_generation_model][WARNING] - [rank: 0]   Hierarchy 1 shape: torch.Size([32, 6, 2, 140])
[2025-11-12 14:54:58,568][src.models.modules.semantic_id.tiger_generation_model][WARNING] - [rank: 0]   Hierarchy 2 shape: torch.Size([32, 6, 140])
[2025-11-12 14:54:58,568][src.models.modules.semantic_id.tiger_generation_model][WARNING] - [rank: 0]   Hierarchy 3 shape: torch.Size([32, 6, 140])
[2025-11-12 14:54:58,569][src.models.modules.semantic_id.tiger_generation_model][WARNING] - [rank: 0]   Hierarchy 4 shape: torch.Size([32, 6, 140])
[2025-11-12 14:54:58,569][src.models.modules.semantic_id.tiger_generation_model][WARNING] - [rank: 0]   Hierarchy 5 shape: torch.Size([32, 6, 140])
[2025-11-12 14:54:58,883][src.models.modules.semantic_id.tiger_generation_model][INFO] - [rank: 0] Saved decoder self-attention to ./attention_weights/decoder_self_attention_batch_27.pt
[2025-11-12 14:54:58,884][src.models.modules.semantic_id.tiger_generation_model][INFO] - [rank: 0] Saved encoder attention to ./attention_weights/encoder_attention_batch_27.pt
[2025-11-12 14:54:58,884][src.models.modules.semantic_id.tiger_generation_model][INFO] - [rank: 0] Saved cross attention to ./attention_weights/cross_attention_batch_27.pt
[2025-11-12 14:54:58,893][src.models.modules.semantic_id.tiger_generation_model][INFO] - [rank: 0] 当前batch的生成语义ID Embedding相似度矩阵:
[[ 1.00000000e+00 -3.89061272e-02  8.64055706e-04  3.50881438e-03
  -2.15560831e-02 -2.70372219e-02]
 [-3.89061272e-02  1.00000000e+00  1.14968168e-02  8.89407843e-03
  -1.79556664e-02 -2.70959362e-02]
 [ 8.64055706e-04  1.14968168e-02  1.00000000e+00  1.71660427e-02
   1.47883715e-02  1.11876857e-02]
 [ 3.50881438e-03  8.89407843e-03  1.71660427e-02  1.00000000e+00
   3.99282128e-02 -1.20813781e-02]
 [-2.15560831e-02 -1.79556664e-02  1.47883715e-02  3.99282128e-02
   1.00000000e+00 -6.46824203e-03]
 [-2.70372219e-02 -2.70959362e-02  1.11876857e-02 -1.20813781e-02
  -6.46824203e-03  9.99999881e-01]]
[2025-11-12 14:54:59,685][src.models.modules.semantic_id.tiger_generation_model][INFO] - [rank: 0] 当前batch的输入Item Hierarchy Embedding相似度矩阵:
[[ 1.0000000e+00 -2.5817970e-04  1.2539339e-02  1.5467161e-02
   8.9777038e-03 -1.5539527e-02]
 [-2.5817970e-04  1.0000000e+00  1.3358274e-02  1.0507360e-02
   8.3589237e-03 -2.5107736e-02]
 [ 1.2539339e-02  1.3358274e-02  1.0000000e+00  2.4579894e-02
   7.5217052e-03 -2.7184946e-02]
 [ 1.5467161e-02  1.0507360e-02  2.4579894e-02  1.0000000e+00
   1.6573180e-02 -2.3603610e-04]
 [ 8.9777038e-03  8.3589237e-03  7.5217052e-03  1.6573180e-02
   1.0000000e+00 -1.5544092e-02]
 [-1.5539527e-02 -2.5107736e-02 -2.7184946e-02 -2.3603610e-04
  -1.5544092e-02  9.9999982e-01]]
[2025-11-12 14:55:00,717][src.models.modules.semantic_id.tiger_generation_model][WARNING] - [rank: 0] Failed to stack cross attentions: stack expects each tensor to be equal size, but got [32, 6, 140] at entry 0 and [32, 6, 2, 140] at entry 1
[2025-11-12 14:55:00,719][src.models.modules.semantic_id.tiger_generation_model][WARNING] - [rank: 0]   Hierarchy 0 shape: torch.Size([32, 6, 140])
[2025-11-12 14:55:00,719][src.models.modules.semantic_id.tiger_generation_model][WARNING] - [rank: 0]   Hierarchy 1 shape: torch.Size([32, 6, 2, 140])
[2025-11-12 14:55:00,720][src.models.modules.semantic_id.tiger_generation_model][WARNING] - [rank: 0]   Hierarchy 2 shape: torch.Size([32, 6, 140])
[2025-11-12 14:55:00,721][src.models.modules.semantic_id.tiger_generation_model][WARNING] - [rank: 0]   Hierarchy 3 shape: torch.Size([32, 6, 140])
[2025-11-12 14:55:00,721][src.models.modules.semantic_id.tiger_generation_model][WARNING] - [rank: 0]   Hierarchy 4 shape: torch.Size([32, 6, 140])
[2025-11-12 14:55:00,722][src.models.modules.semantic_id.tiger_generation_model][WARNING] - [rank: 0]   Hierarchy 5 shape: torch.Size([32, 6, 140])
[2025-11-12 14:55:01,203][src.models.modules.semantic_id.tiger_generation_model][INFO] - [rank: 0] Saved decoder self-attention to ./attention_weights/decoder_self_attention_batch_28.pt
[2025-11-12 14:55:01,204][src.models.modules.semantic_id.tiger_generation_model][INFO] - [rank: 0] Saved encoder attention to ./attention_weights/encoder_attention_batch_28.pt
[2025-11-12 14:55:01,205][src.models.modules.semantic_id.tiger_generation_model][INFO] - [rank: 0] Saved cross attention to ./attention_weights/cross_attention_batch_28.pt
[2025-11-12 14:55:01,209][src.models.modules.semantic_id.tiger_generation_model][INFO] - [rank: 0] 当前batch的生成语义ID Embedding相似度矩阵:
[[ 1.          0.00338738 -0.00139239  0.0316405   0.0365296  -0.01671289]
 [ 0.00338738  1.          0.02026927  0.03486669 -0.00426766 -0.02828778]
 [-0.00139239  0.02026927  1.          0.04172698  0.00366954  0.00409258]
 [ 0.0316405   0.03486669  0.04172698  1.         -0.01058321 -0.00488142]
 [ 0.0365296  -0.00426766  0.00366954 -0.01058321  1.         -0.01492405]
 [-0.01671289 -0.02828778  0.00409258 -0.00488142 -0.01492405  0.9999999 ]]
[2025-11-12 14:55:01,488][src.models.modules.semantic_id.tiger_generation_model][INFO] - [rank: 0] 当前batch的输入Item Hierarchy Embedding相似度矩阵:
[[ 0.99999994  0.00724779  0.01841725  0.00216461  0.00903447 -0.02291438]
 [ 0.00724779  0.99999994  0.01621111  0.01196181 -0.00181613 -0.01793749]
 [ 0.01841725  0.01621111  0.99999994  0.02095623  0.01341792 -0.02712127]
 [ 0.00216461  0.01196181  0.02095623  0.99999994  0.0066248  -0.00427511]
 [ 0.00903447 -0.00181613  0.01341792  0.0066248   0.99999994 -0.01164999]
 [-0.02291438 -0.01793749 -0.02712127 -0.00427511 -0.01164999  0.9999999 ]]
[2025-11-12 14:55:02,224][src.models.modules.semantic_id.tiger_generation_model][WARNING] - [rank: 0] Failed to stack cross attentions: stack expects each tensor to be equal size, but got [32, 6, 140] at entry 0 and [32, 6, 2, 140] at entry 1
[2025-11-12 14:55:02,224][src.models.modules.semantic_id.tiger_generation_model][WARNING] - [rank: 0]   Hierarchy 0 shape: torch.Size([32, 6, 140])
[2025-11-12 14:55:02,224][src.models.modules.semantic_id.tiger_generation_model][WARNING] - [rank: 0]   Hierarchy 1 shape: torch.Size([32, 6, 2, 140])
[2025-11-12 14:55:02,224][src.models.modules.semantic_id.tiger_generation_model][WARNING] - [rank: 0]   Hierarchy 2 shape: torch.Size([32, 6, 140])
[2025-11-12 14:55:02,225][src.models.modules.semantic_id.tiger_generation_model][WARNING] - [rank: 0]   Hierarchy 3 shape: torch.Size([32, 6, 140])
[2025-11-12 14:55:02,225][src.models.modules.semantic_id.tiger_generation_model][WARNING] - [rank: 0]   Hierarchy 4 shape: torch.Size([32, 6, 140])
[2025-11-12 14:55:02,225][src.models.modules.semantic_id.tiger_generation_model][WARNING] - [rank: 0]   Hierarchy 5 shape: torch.Size([32, 6, 140])
[2025-11-12 14:55:02,527][src.models.modules.semantic_id.tiger_generation_model][INFO] - [rank: 0] Saved decoder self-attention to ./attention_weights/decoder_self_attention_batch_29.pt
[2025-11-12 14:55:02,527][src.models.modules.semantic_id.tiger_generation_model][INFO] - [rank: 0] Saved encoder attention to ./attention_weights/encoder_attention_batch_29.pt
[2025-11-12 14:55:02,527][src.models.modules.semantic_id.tiger_generation_model][INFO] - [rank: 0] Saved cross attention to ./attention_weights/cross_attention_batch_29.pt
[2025-11-12 14:55:02,532][src.models.modules.semantic_id.tiger_generation_model][INFO] - [rank: 0] 当前batch的生成语义ID Embedding相似度矩阵:
[[ 1.0000000e+00  3.7362382e-02  9.5087737e-03 -1.5914487e-02
   1.9635089e-02 -1.7577222e-02]
 [ 3.7362382e-02  1.0000000e+00  1.7715141e-02 -9.9730981e-04
  -6.6384468e-03 -1.0340256e-02]
 [ 9.5087737e-03  1.7715141e-02  1.0000000e+00  9.5302695e-03
  -1.2309596e-02 -2.1598827e-02]
 [-1.5914487e-02 -9.9730981e-04  9.5302695e-03  1.0000000e+00
   8.4095495e-04  2.1145076e-02]
 [ 1.9635089e-02 -6.6384468e-03 -1.2309596e-02  8.4095495e-04
   1.0000000e+00 -9.4974935e-03]
 [-1.7577222e-02 -1.0340256e-02 -2.1598827e-02  2.1145076e-02
  -9.4974935e-03  9.9999988e-01]]
[2025-11-12 14:55:03,104][src.models.modules.semantic_id.tiger_generation_model][INFO] - [rank: 0] 当前batch的输入Item Hierarchy Embedding相似度矩阵:
[[ 1.0000000e+00  2.6580635e-03  8.5787075e-03  1.3316276e-02
   8.0498485e-03 -1.8730521e-02]
 [ 2.6580635e-03  1.0000000e+00  4.3212930e-03  1.7660243e-02
   2.0537428e-03 -1.5442533e-02]
 [ 8.5787075e-03  4.3212930e-03  1.0000000e+00  1.7321726e-02
  -6.5625669e-04 -2.7513471e-02]
 [ 1.3316276e-02  1.7660243e-02  1.7321726e-02  1.0000000e+00
  -3.1091960e-04 -8.6127166e-03]
 [ 8.0498485e-03  2.0537428e-03 -6.5625669e-04 -3.1091960e-04
   1.0000000e+00 -2.3267230e-02]
 [-1.8730521e-02 -1.5442533e-02 -2.7513471e-02 -8.6127166e-03
  -2.3267230e-02  1.0000000e+00]]
[2025-11-12 14:55:04,437][src.models.modules.semantic_id.tiger_generation_model][WARNING] - [rank: 0] Failed to stack cross attentions: stack expects each tensor to be equal size, but got [32, 6, 140] at entry 0 and [32, 6, 2, 140] at entry 1
[2025-11-12 14:55:04,438][src.models.modules.semantic_id.tiger_generation_model][WARNING] - [rank: 0]   Hierarchy 0 shape: torch.Size([32, 6, 140])
[2025-11-12 14:55:04,439][src.models.modules.semantic_id.tiger_generation_model][WARNING] - [rank: 0]   Hierarchy 1 shape: torch.Size([32, 6, 2, 140])
[2025-11-12 14:55:04,439][src.models.modules.semantic_id.tiger_generation_model][WARNING] - [rank: 0]   Hierarchy 2 shape: torch.Size([32, 6, 140])
[2025-11-12 14:55:04,439][src.models.modules.semantic_id.tiger_generation_model][WARNING] - [rank: 0]   Hierarchy 3 shape: torch.Size([32, 6, 140])
[2025-11-12 14:55:04,439][src.models.modules.semantic_id.tiger_generation_model][WARNING] - [rank: 0]   Hierarchy 4 shape: torch.Size([32, 6, 140])
[2025-11-12 14:55:04,439][src.models.modules.semantic_id.tiger_generation_model][WARNING] - [rank: 0]   Hierarchy 5 shape: torch.Size([32, 6, 140])
[2025-11-12 14:55:04,983][src.models.modules.semantic_id.tiger_generation_model][INFO] - [rank: 0] Saved decoder self-attention to ./attention_weights/decoder_self_attention_batch_30.pt
[2025-11-12 14:55:04,983][src.models.modules.semantic_id.tiger_generation_model][INFO] - [rank: 0] Saved encoder attention to ./attention_weights/encoder_attention_batch_30.pt
[2025-11-12 14:55:04,984][src.models.modules.semantic_id.tiger_generation_model][INFO] - [rank: 0] Saved cross attention to ./attention_weights/cross_attention_batch_30.pt
[2025-11-12 14:55:04,990][src.models.modules.semantic_id.tiger_generation_model][INFO] - [rank: 0] 当前batch的生成语义ID Embedding相似度矩阵:
[[ 1.0000000e+00 -5.1342365e-03  1.7439594e-02 -2.2818644e-02
   1.1646084e-02 -4.1304868e-02]
 [-5.1342365e-03  1.0000000e+00  3.3677194e-02 -2.7340811e-02
  -8.7703951e-04 -2.1904517e-02]
 [ 1.7439594e-02  3.3677194e-02  1.0000000e+00  3.4263153e-02
   1.5481609e-02 -2.5211902e-02]
 [-2.2818644e-02 -2.7340811e-02  3.4263153e-02  1.0000000e+00
   1.0488497e-02  3.2362868e-03]
 [ 1.1646084e-02 -8.7703951e-04  1.5481609e-02  1.0488497e-02
   1.0000000e+00 -2.5952305e-03]
 [-4.1304868e-02 -2.1904517e-02 -2.5211902e-02  3.2362868e-03
  -2.5952305e-03  9.9999988e-01]]
[2025-11-12 14:55:05,332][src.models.modules.semantic_id.tiger_generation_model][INFO] - [rank: 0] 当前batch的输入Item Hierarchy Embedding相似度矩阵:
[[ 1.0000000e+00  1.1666327e-03  2.5789307e-02  7.3970398e-03
   7.4941954e-03 -1.9615745e-02]
 [ 1.1666327e-03  1.0000000e+00  2.0224441e-02  9.3997298e-03
  -4.1215285e-03 -1.7313037e-02]
 [ 2.5789307e-02  2.0224441e-02  1.0000000e+00  2.6742239e-02
   1.4908170e-02 -2.1288868e-02]
 [ 7.3970398e-03  9.3997298e-03  2.6742239e-02  1.0000000e+00
  -8.9472476e-03 -3.8161370e-04]
 [ 7.4941954e-03 -4.1215285e-03  1.4908170e-02 -8.9472476e-03
   1.0000000e+00 -1.6635679e-02]
 [-1.9615745e-02 -1.7313037e-02 -2.1288868e-02 -3.8161370e-04
  -1.6635679e-02  9.9999976e-01]]
[2025-11-12 14:55:06,181][src.models.modules.semantic_id.tiger_generation_model][WARNING] - [rank: 0] Failed to stack cross attentions: stack expects each tensor to be equal size, but got [32, 6, 140] at entry 0 and [32, 6, 2, 140] at entry 1
[2025-11-12 14:55:06,181][src.models.modules.semantic_id.tiger_generation_model][WARNING] - [rank: 0]   Hierarchy 0 shape: torch.Size([32, 6, 140])
[2025-11-12 14:55:06,182][src.models.modules.semantic_id.tiger_generation_model][WARNING] - [rank: 0]   Hierarchy 1 shape: torch.Size([32, 6, 2, 140])
[2025-11-12 14:55:06,182][src.models.modules.semantic_id.tiger_generation_model][WARNING] - [rank: 0]   Hierarchy 2 shape: torch.Size([32, 6, 140])
[2025-11-12 14:55:06,182][src.models.modules.semantic_id.tiger_generation_model][WARNING] - [rank: 0]   Hierarchy 3 shape: torch.Size([32, 6, 140])
[2025-11-12 14:55:06,182][src.models.modules.semantic_id.tiger_generation_model][WARNING] - [rank: 0]   Hierarchy 4 shape: torch.Size([32, 6, 140])
[2025-11-12 14:55:06,182][src.models.modules.semantic_id.tiger_generation_model][WARNING] - [rank: 0]   Hierarchy 5 shape: torch.Size([32, 6, 140])
[2025-11-12 14:55:06,518][src.models.modules.semantic_id.tiger_generation_model][INFO] - [rank: 0] Saved decoder self-attention to ./attention_weights/decoder_self_attention_batch_31.pt
[2025-11-12 14:55:06,520][src.models.modules.semantic_id.tiger_generation_model][INFO] - [rank: 0] Saved encoder attention to ./attention_weights/encoder_attention_batch_31.pt
[2025-11-12 14:55:06,521][src.models.modules.semantic_id.tiger_generation_model][INFO] - [rank: 0] Saved cross attention to ./attention_weights/cross_attention_batch_31.pt
[2025-11-12 14:55:06,529][src.models.modules.semantic_id.tiger_generation_model][INFO] - [rank: 0] 当前batch的生成语义ID Embedding相似度矩阵:
[[ 1.          0.0254245   0.02339868  0.03440182  0.01203818 -0.03956279]
 [ 0.0254245   1.          0.04360009  0.0324108   0.02885524 -0.01846728]
 [ 0.02339868  0.04360009  1.          0.03177963 -0.00414311 -0.04360057]
 [ 0.03440182  0.0324108   0.03177963  1.          0.00225958  0.00316942]
 [ 0.01203818  0.02885524 -0.00414311  0.00225958  1.         -0.01817266]
 [-0.03956279 -0.01846728 -0.04360057  0.00316942 -0.01817266  0.9999999 ]]
[2025-11-12 14:55:06,870][src.models.modules.semantic_id.tiger_generation_model][INFO] - [rank: 0] 当前batch的输入Item Hierarchy Embedding相似度矩阵:
[[ 1.00000000e+00  2.01324672e-02  1.40792374e-02  4.34535136e-03
   1.98981967e-02 -3.30997966e-02]
 [ 2.01324672e-02  1.00000000e+00  2.20832396e-02  1.29246917e-02
   5.90172224e-03 -1.35071855e-02]
 [ 1.40792374e-02  2.20832396e-02  1.00000000e+00  1.72913577e-02
   1.77115537e-02 -1.72325131e-02]
 [ 4.34535136e-03  1.29246917e-02  1.72913577e-02  1.00000000e+00
   1.06740315e-02 -9.71094240e-04]
 [ 1.98981967e-02  5.90172224e-03  1.77115537e-02  1.06740315e-02
   1.00000000e+00 -1.05141420e-02]
 [-3.30997966e-02 -1.35071855e-02 -1.72325131e-02 -9.71094240e-04
  -1.05141420e-02  9.99999821e-01]]
[2025-11-12 14:55:07,822][src.models.modules.semantic_id.tiger_generation_model][WARNING] - [rank: 0] Failed to stack cross attentions: stack expects each tensor to be equal size, but got [32, 6, 140] at entry 0 and [32, 6, 2, 140] at entry 1
[2025-11-12 14:55:07,822][src.models.modules.semantic_id.tiger_generation_model][WARNING] - [rank: 0]   Hierarchy 0 shape: torch.Size([32, 6, 140])
[2025-11-12 14:55:07,822][src.models.modules.semantic_id.tiger_generation_model][WARNING] - [rank: 0]   Hierarchy 1 shape: torch.Size([32, 6, 2, 140])
[2025-11-12 14:55:07,823][src.models.modules.semantic_id.tiger_generation_model][WARNING] - [rank: 0]   Hierarchy 2 shape: torch.Size([32, 6, 140])
[2025-11-12 14:55:07,823][src.models.modules.semantic_id.tiger_generation_model][WARNING] - [rank: 0]   Hierarchy 3 shape: torch.Size([32, 6, 140])
[2025-11-12 14:55:07,823][src.models.modules.semantic_id.tiger_generation_model][WARNING] - [rank: 0]   Hierarchy 4 shape: torch.Size([32, 6, 140])
[2025-11-12 14:55:07,823][src.models.modules.semantic_id.tiger_generation_model][WARNING] - [rank: 0]   Hierarchy 5 shape: torch.Size([32, 6, 140])
[2025-11-12 14:55:08,145][src.models.modules.semantic_id.tiger_generation_model][INFO] - [rank: 0] Saved decoder self-attention to ./attention_weights/decoder_self_attention_batch_32.pt
[2025-11-12 14:55:08,160][src.models.modules.semantic_id.tiger_generation_model][INFO] - [rank: 0] Saved encoder attention to ./attention_weights/encoder_attention_batch_32.pt
[2025-11-12 14:55:08,160][src.models.modules.semantic_id.tiger_generation_model][INFO] - [rank: 0] Saved cross attention to ./attention_weights/cross_attention_batch_32.pt
[2025-11-12 14:55:08,177][src.models.modules.semantic_id.tiger_generation_model][INFO] - [rank: 0] 当前batch的生成语义ID Embedding相似度矩阵:
[[ 1.          0.00478532  0.03077331 -0.00764153  0.00636832 -0.03975483]
 [ 0.00478532  0.9999999   0.00872728 -0.01052051  0.0106797  -0.02541145]
 [ 0.03077331  0.00872728  1.          0.04173002  0.00117726 -0.03365701]
 [-0.00764153 -0.01052051  0.04173002  1.         -0.0288737  -0.02401911]
 [ 0.00636832  0.0106797   0.00117726 -0.0288737   1.         -0.0314532 ]
 [-0.03975483 -0.02541145 -0.03365701 -0.02401911 -0.0314532   0.99999994]]
[2025-11-12 14:55:08,472][src.models.modules.semantic_id.tiger_generation_model][INFO] - [rank: 0] 当前batch的输入Item Hierarchy Embedding相似度矩阵:
[[ 1.          0.00382598  0.02762397  0.01361288  0.00663305 -0.02609906]
 [ 0.00382598  1.          0.01321431  0.01800133  0.00712585 -0.01651987]
 [ 0.02762397  0.01321431  1.          0.0259099  -0.0053356  -0.02029781]
 [ 0.01361288  0.01800133  0.0259099   1.         -0.00211925 -0.01524342]
 [ 0.00663305  0.00712585 -0.0053356  -0.00211925  1.         -0.0096259 ]
 [-0.02609906 -0.01651987 -0.02029781 -0.01524342 -0.0096259   0.99999994]]
[2025-11-12 14:55:09,246][src.models.modules.semantic_id.tiger_generation_model][WARNING] - [rank: 0] Failed to stack cross attentions: stack expects each tensor to be equal size, but got [32, 6, 140] at entry 0 and [32, 6, 2, 140] at entry 1
[2025-11-12 14:55:09,246][src.models.modules.semantic_id.tiger_generation_model][WARNING] - [rank: 0]   Hierarchy 0 shape: torch.Size([32, 6, 140])
[2025-11-12 14:55:09,247][src.models.modules.semantic_id.tiger_generation_model][WARNING] - [rank: 0]   Hierarchy 1 shape: torch.Size([32, 6, 2, 140])
[2025-11-12 14:55:09,247][src.models.modules.semantic_id.tiger_generation_model][WARNING] - [rank: 0]   Hierarchy 2 shape: torch.Size([32, 6, 140])
[2025-11-12 14:55:09,247][src.models.modules.semantic_id.tiger_generation_model][WARNING] - [rank: 0]   Hierarchy 3 shape: torch.Size([32, 6, 140])
[2025-11-12 14:55:09,247][src.models.modules.semantic_id.tiger_generation_model][WARNING] - [rank: 0]   Hierarchy 4 shape: torch.Size([32, 6, 140])
[2025-11-12 14:55:09,247][src.models.modules.semantic_id.tiger_generation_model][WARNING] - [rank: 0]   Hierarchy 5 shape: torch.Size([32, 6, 140])
[2025-11-12 14:55:09,420][src.models.modules.semantic_id.tiger_generation_model][INFO] - [rank: 0] Saved decoder self-attention to ./attention_weights/decoder_self_attention_batch_33.pt
[2025-11-12 14:55:09,421][src.models.modules.semantic_id.tiger_generation_model][INFO] - [rank: 0] Saved encoder attention to ./attention_weights/encoder_attention_batch_33.pt
[2025-11-12 14:55:09,421][src.models.modules.semantic_id.tiger_generation_model][INFO] - [rank: 0] Saved cross attention to ./attention_weights/cross_attention_batch_33.pt
[2025-11-12 14:55:09,427][src.models.modules.semantic_id.tiger_generation_model][INFO] - [rank: 0] 当前batch的生成语义ID Embedding相似度矩阵:
[[ 1.         -0.01767294  0.02941982  0.00525825  0.0182643  -0.01226816]
 [-0.01767294  1.          0.02256086  0.00495564 -0.02675227 -0.01648293]
 [ 0.02941982  0.02256086  1.          0.0236384  -0.00128971 -0.04706741]
 [ 0.00525825  0.00495564  0.0236384   1.          0.01482985 -0.01532695]
 [ 0.0182643  -0.02675227 -0.00128971  0.01482985  1.         -0.01127226]
 [-0.01226816 -0.01648293 -0.04706741 -0.01532695 -0.01127226  0.9999999 ]]
[2025-11-12 14:55:09,946][src.models.modules.semantic_id.tiger_generation_model][INFO] - [rank: 0] 当前batch的输入Item Hierarchy Embedding相似度矩阵:
[[ 1.          0.01814947  0.01857248  0.00709369  0.00584957 -0.01042215]
 [ 0.01814947  1.          0.01321258  0.00157707  0.01716187 -0.02122105]
 [ 0.01857248  0.01321258  1.          0.02176845  0.00127095 -0.01337497]
 [ 0.00709369  0.00157707  0.02176845  1.          0.00533704 -0.00243493]
 [ 0.00584957  0.01716187  0.00127095  0.00533704  1.         -0.02659087]
 [-0.01042215 -0.02122105 -0.01337497 -0.00243493 -0.02659087  0.99999994]]
[2025-11-12 14:55:10,988][src.models.modules.semantic_id.tiger_generation_model][WARNING] - [rank: 0] Failed to stack cross attentions: stack expects each tensor to be equal size, but got [32, 6, 140] at entry 0 and [32, 6, 2, 140] at entry 1
[2025-11-12 14:55:10,988][src.models.modules.semantic_id.tiger_generation_model][WARNING] - [rank: 0]   Hierarchy 0 shape: torch.Size([32, 6, 140])
[2025-11-12 14:55:10,988][src.models.modules.semantic_id.tiger_generation_model][WARNING] - [rank: 0]   Hierarchy 1 shape: torch.Size([32, 6, 2, 140])
[2025-11-12 14:55:10,989][src.models.modules.semantic_id.tiger_generation_model][WARNING] - [rank: 0]   Hierarchy 2 shape: torch.Size([32, 6, 140])
[2025-11-12 14:55:10,989][src.models.modules.semantic_id.tiger_generation_model][WARNING] - [rank: 0]   Hierarchy 3 shape: torch.Size([32, 6, 140])
[2025-11-12 14:55:10,989][src.models.modules.semantic_id.tiger_generation_model][WARNING] - [rank: 0]   Hierarchy 4 shape: torch.Size([32, 6, 140])
[2025-11-12 14:55:10,989][src.models.modules.semantic_id.tiger_generation_model][WARNING] - [rank: 0]   Hierarchy 5 shape: torch.Size([32, 6, 140])
[2025-11-12 14:55:11,333][src.models.modules.semantic_id.tiger_generation_model][INFO] - [rank: 0] Saved decoder self-attention to ./attention_weights/decoder_self_attention_batch_34.pt
[2025-11-12 14:55:11,363][src.models.modules.semantic_id.tiger_generation_model][INFO] - [rank: 0] Saved encoder attention to ./attention_weights/encoder_attention_batch_34.pt
[2025-11-12 14:55:11,364][src.models.modules.semantic_id.tiger_generation_model][INFO] - [rank: 0] Saved cross attention to ./attention_weights/cross_attention_batch_34.pt
[2025-11-12 14:55:11,372][src.models.modules.semantic_id.tiger_generation_model][INFO] - [rank: 0] 当前batch的生成语义ID Embedding相似度矩阵:
[[ 1.          0.02269382  0.01550745  0.0197681   0.00740315 -0.01138687]
 [ 0.02269382  1.          0.00753796  0.01589536  0.02383642 -0.01779088]
 [ 0.01550745  0.00753796  1.         -0.01736877  0.00816275 -0.00560278]
 [ 0.0197681   0.01589536 -0.01736877  1.          0.01390654 -0.00875994]
 [ 0.00740315  0.02383642  0.00816275  0.01390654  1.         -0.02064077]
 [-0.01138687 -0.01779088 -0.00560278 -0.00875994 -0.02064077  0.9999999 ]]
[2025-11-12 14:55:12,125][src.models.modules.semantic_id.tiger_generation_model][INFO] - [rank: 0] 当前batch的输入Item Hierarchy Embedding相似度矩阵:
[[ 1.          0.00803567  0.02124242  0.01173898  0.01983625 -0.01999078]
 [ 0.00803567  1.          0.01274338  0.00973463  0.01346691 -0.01278087]
 [ 0.02124242  0.01274338  1.          0.02721483  0.01071227 -0.02980687]
 [ 0.01173898  0.00973463  0.02721483  1.         -0.00145401 -0.00981494]
 [ 0.01983625  0.01346691  0.01071227 -0.00145401  1.         -0.02011501]
 [-0.01999078 -0.01278087 -0.02980687 -0.00981494 -0.02011501  0.99999976]]
[2025-11-12 14:55:13,286][src.models.modules.semantic_id.tiger_generation_model][WARNING] - [rank: 0] Failed to stack cross attentions: stack expects each tensor to be equal size, but got [32, 6, 140] at entry 0 and [32, 6, 2, 140] at entry 1
[2025-11-12 14:55:13,287][src.models.modules.semantic_id.tiger_generation_model][WARNING] - [rank: 0]   Hierarchy 0 shape: torch.Size([32, 6, 140])
[2025-11-12 14:55:13,288][src.models.modules.semantic_id.tiger_generation_model][WARNING] - [rank: 0]   Hierarchy 1 shape: torch.Size([32, 6, 2, 140])
[2025-11-12 14:55:13,288][src.models.modules.semantic_id.tiger_generation_model][WARNING] - [rank: 0]   Hierarchy 2 shape: torch.Size([32, 6, 140])
[2025-11-12 14:55:13,289][src.models.modules.semantic_id.tiger_generation_model][WARNING] - [rank: 0]   Hierarchy 3 shape: torch.Size([32, 6, 140])
[2025-11-12 14:55:13,289][src.models.modules.semantic_id.tiger_generation_model][WARNING] - [rank: 0]   Hierarchy 4 shape: torch.Size([32, 6, 140])
[2025-11-12 14:55:13,290][src.models.modules.semantic_id.tiger_generation_model][WARNING] - [rank: 0]   Hierarchy 5 shape: torch.Size([32, 6, 140])
[2025-11-12 14:55:13,798][src.models.modules.semantic_id.tiger_generation_model][INFO] - [rank: 0] Saved decoder self-attention to ./attention_weights/decoder_self_attention_batch_35.pt
[2025-11-12 14:55:13,798][src.models.modules.semantic_id.tiger_generation_model][INFO] - [rank: 0] Saved encoder attention to ./attention_weights/encoder_attention_batch_35.pt
[2025-11-12 14:55:13,799][src.models.modules.semantic_id.tiger_generation_model][INFO] - [rank: 0] Saved cross attention to ./attention_weights/cross_attention_batch_35.pt
[2025-11-12 14:55:13,804][src.models.modules.semantic_id.tiger_generation_model][INFO] - [rank: 0] 当前batch的生成语义ID Embedding相似度矩阵:
[[ 9.9999994e-01  1.3262631e-02 -4.5043556e-04 -8.4191365e-03
   1.6924175e-02 -2.1036403e-02]
 [ 1.3262631e-02  1.0000000e+00  2.0153904e-02  3.1172927e-02
   3.0206960e-02 -2.7187336e-02]
 [-4.5043556e-04  2.0153904e-02  1.0000000e+00  3.7874594e-02
   4.1543674e-03 -2.4272883e-02]
 [-8.4191365e-03  3.1172927e-02  3.7874594e-02  1.0000000e+00
   1.6615514e-02 -2.8537832e-02]
 [ 1.6924175e-02  3.0206960e-02  4.1543674e-03  1.6615514e-02
   1.0000000e+00 -2.4362613e-02]
 [-2.1036403e-02 -2.7187336e-02 -2.4272883e-02 -2.8537832e-02
  -2.4362613e-02  9.9999988e-01]]
[2025-11-12 14:55:14,123][src.models.modules.semantic_id.tiger_generation_model][INFO] - [rank: 0] 当前batch的输入Item Hierarchy Embedding相似度矩阵:
[[ 1.0000000e+00 -2.8085888e-03  1.2506142e-02  1.1229503e-02
   1.5066320e-02 -1.7568560e-02]
 [-2.8085888e-03  1.0000000e+00  1.7161975e-02  1.5026729e-02
  -3.8598652e-04 -2.0600762e-02]
 [ 1.2506142e-02  1.7161975e-02  1.0000000e+00  1.9280812e-02
   3.1761040e-03 -2.3866855e-02]
 [ 1.1229503e-02  1.5026729e-02  1.9280812e-02  1.0000000e+00
   8.2720695e-03 -4.4558239e-03]
 [ 1.5066320e-02 -3.8598652e-04  3.1761040e-03  8.2720695e-03
   1.0000000e+00 -1.7668316e-02]
 [-1.7568560e-02 -2.0600762e-02 -2.3866855e-02 -4.4558239e-03
  -1.7668316e-02  9.9999976e-01]]
[2025-11-12 14:55:17,935][src.models.modules.semantic_id.tiger_generation_model][WARNING] - [rank: 0] Failed to stack cross attentions: stack expects each tensor to be equal size, but got [32, 6, 140] at entry 0 and [32, 6, 2, 140] at entry 1
[2025-11-12 14:55:17,935][src.models.modules.semantic_id.tiger_generation_model][WARNING] - [rank: 0]   Hierarchy 0 shape: torch.Size([32, 6, 140])
[2025-11-12 14:55:17,936][src.models.modules.semantic_id.tiger_generation_model][WARNING] - [rank: 0]   Hierarchy 1 shape: torch.Size([32, 6, 2, 140])
[2025-11-12 14:55:17,936][src.models.modules.semantic_id.tiger_generation_model][WARNING] - [rank: 0]   Hierarchy 2 shape: torch.Size([32, 6, 140])
[2025-11-12 14:55:17,936][src.models.modules.semantic_id.tiger_generation_model][WARNING] - [rank: 0]   Hierarchy 3 shape: torch.Size([32, 6, 140])
[2025-11-12 14:55:17,936][src.models.modules.semantic_id.tiger_generation_model][WARNING] - [rank: 0]   Hierarchy 4 shape: torch.Size([32, 6, 140])
[2025-11-12 14:55:17,936][src.models.modules.semantic_id.tiger_generation_model][WARNING] - [rank: 0]   Hierarchy 5 shape: torch.Size([32, 6, 140])
[2025-11-12 14:55:18,293][src.models.modules.semantic_id.tiger_generation_model][INFO] - [rank: 0] Saved decoder self-attention to ./attention_weights/decoder_self_attention_batch_36.pt
[2025-11-12 14:55:18,294][src.models.modules.semantic_id.tiger_generation_model][INFO] - [rank: 0] Saved encoder attention to ./attention_weights/encoder_attention_batch_36.pt
[2025-11-12 14:55:18,295][src.models.modules.semantic_id.tiger_generation_model][INFO] - [rank: 0] Saved cross attention to ./attention_weights/cross_attention_batch_36.pt
[2025-11-12 14:55:18,299][src.models.modules.semantic_id.tiger_generation_model][INFO] - [rank: 0] 当前batch的生成语义ID Embedding相似度矩阵:
[[ 1.          0.01083638  0.03075232  0.00822746  0.00748733 -0.0113876 ]
 [ 0.01083638  1.          0.04111073  0.02014226  0.00205813 -0.0272093 ]
 [ 0.03075232  0.04111073  1.          0.04046336 -0.03376365 -0.01893013]
 [ 0.00822746  0.02014226  0.04046336  1.         -0.00873336  0.01602983]
 [ 0.00748733  0.00205813 -0.03376365 -0.00873336  1.         -0.02787197]
 [-0.0113876  -0.0272093  -0.01893013  0.01602983 -0.02787197  0.9999999 ]]
[2025-11-12 14:55:18,410][src.models.modules.semantic_id.tiger_generation_model][INFO] - [rank: 0] 当前batch的输入Item Hierarchy Embedding相似度矩阵:
[[ 1.          0.00938854  0.0145691   0.00671172  0.01011398 -0.02709591]
 [ 0.00938854  1.          0.01265587  0.02239143  0.01020292 -0.00955208]
 [ 0.0145691   0.01265587  1.          0.02145534 -0.00276005 -0.01280754]
 [ 0.00671172  0.02239143  0.02145534  1.          0.01183109 -0.00637431]
 [ 0.01011398  0.01020292 -0.00276005  0.01183109  1.         -0.0090828 ]
 [-0.02709591 -0.00955208 -0.01280754 -0.00637431 -0.0090828   1.        ]]
[2025-11-12 14:55:19,707][src.models.modules.semantic_id.tiger_generation_model][WARNING] - [rank: 0] Failed to stack cross attentions: stack expects each tensor to be equal size, but got [32, 6, 140] at entry 0 and [32, 6, 2, 140] at entry 1
[2025-11-12 14:55:19,707][src.models.modules.semantic_id.tiger_generation_model][WARNING] - [rank: 0]   Hierarchy 0 shape: torch.Size([32, 6, 140])
[2025-11-12 14:55:19,707][src.models.modules.semantic_id.tiger_generation_model][WARNING] - [rank: 0]   Hierarchy 1 shape: torch.Size([32, 6, 2, 140])
[2025-11-12 14:55:19,708][src.models.modules.semantic_id.tiger_generation_model][WARNING] - [rank: 0]   Hierarchy 2 shape: torch.Size([32, 6, 140])
[2025-11-12 14:55:19,708][src.models.modules.semantic_id.tiger_generation_model][WARNING] - [rank: 0]   Hierarchy 3 shape: torch.Size([32, 6, 140])
[2025-11-12 14:55:19,708][src.models.modules.semantic_id.tiger_generation_model][WARNING] - [rank: 0]   Hierarchy 4 shape: torch.Size([32, 6, 140])
[2025-11-12 14:55:19,708][src.models.modules.semantic_id.tiger_generation_model][WARNING] - [rank: 0]   Hierarchy 5 shape: torch.Size([32, 6, 140])
[2025-11-12 14:55:20,515][src.models.modules.semantic_id.tiger_generation_model][INFO] - [rank: 0] Saved decoder self-attention to ./attention_weights/decoder_self_attention_batch_37.pt
[2025-11-12 14:55:20,516][src.models.modules.semantic_id.tiger_generation_model][INFO] - [rank: 0] Saved encoder attention to ./attention_weights/encoder_attention_batch_37.pt
[2025-11-12 14:55:20,516][src.models.modules.semantic_id.tiger_generation_model][INFO] - [rank: 0] Saved cross attention to ./attention_weights/cross_attention_batch_37.pt
[2025-11-12 14:55:20,520][src.models.modules.semantic_id.tiger_generation_model][INFO] - [rank: 0] 当前batch的生成语义ID Embedding相似度矩阵:
[[ 1.         -0.02940913 -0.00653928  0.00397097  0.02722144 -0.01822984]
 [-0.02940913  1.          0.03750746  0.0104968  -0.00550945 -0.00886004]
 [-0.00653928  0.03750746  1.          0.01951802  0.01951818 -0.01431012]
 [ 0.00397097  0.0104968   0.01951802  1.         -0.02362593 -0.02066424]
 [ 0.02722144 -0.00550945  0.01951818 -0.02362593  1.         -0.02799013]
 [-0.01822984 -0.00886004 -0.01431012 -0.02066424 -0.02799013  0.9999999 ]]
[2025-11-12 14:55:21,681][src.models.modules.semantic_id.tiger_generation_model][INFO] - [rank: 0] 当前batch的输入Item Hierarchy Embedding相似度矩阵:
[[ 9.9999994e-01  1.2592234e-03  1.1464251e-02  1.1006773e-02
   5.4216194e-03 -2.1181131e-02]
 [ 1.2592234e-03  9.9999994e-01  2.6374729e-02  2.6336359e-02
  -9.1760146e-04 -2.1645350e-02]
 [ 1.1464251e-02  2.6374729e-02  9.9999994e-01  1.9198988e-02
  -5.1096738e-03 -1.6610106e-02]
 [ 1.1006773e-02  2.6336359e-02  1.9198988e-02  9.9999994e-01
   5.4149143e-03 -6.3916203e-03]
 [ 5.4216194e-03 -9.1760146e-04 -5.1096738e-03  5.4149143e-03
   9.9999994e-01 -8.7219374e-03]
 [-2.1181131e-02 -2.1645350e-02 -1.6610106e-02 -6.3916203e-03
  -8.7219374e-03  9.9999988e-01]]
[2025-11-12 14:55:23,087][src.models.modules.semantic_id.tiger_generation_model][WARNING] - [rank: 0] Failed to stack cross attentions: stack expects each tensor to be equal size, but got [32, 6, 140] at entry 0 and [32, 6, 2, 140] at entry 1
[2025-11-12 14:55:23,087][src.models.modules.semantic_id.tiger_generation_model][WARNING] - [rank: 0]   Hierarchy 0 shape: torch.Size([32, 6, 140])
[2025-11-12 14:55:23,088][src.models.modules.semantic_id.tiger_generation_model][WARNING] - [rank: 0]   Hierarchy 1 shape: torch.Size([32, 6, 2, 140])
[2025-11-12 14:55:23,088][src.models.modules.semantic_id.tiger_generation_model][WARNING] - [rank: 0]   Hierarchy 2 shape: torch.Size([32, 6, 140])
[2025-11-12 14:55:23,088][src.models.modules.semantic_id.tiger_generation_model][WARNING] - [rank: 0]   Hierarchy 3 shape: torch.Size([32, 6, 140])
[2025-11-12 14:55:23,088][src.models.modules.semantic_id.tiger_generation_model][WARNING] - [rank: 0]   Hierarchy 4 shape: torch.Size([32, 6, 140])
[2025-11-12 14:55:23,088][src.models.modules.semantic_id.tiger_generation_model][WARNING] - [rank: 0]   Hierarchy 5 shape: torch.Size([32, 6, 140])
[2025-11-12 14:55:23,641][src.models.modules.semantic_id.tiger_generation_model][INFO] - [rank: 0] Saved decoder self-attention to ./attention_weights/decoder_self_attention_batch_38.pt
[2025-11-12 14:55:23,641][src.models.modules.semantic_id.tiger_generation_model][INFO] - [rank: 0] Saved encoder attention to ./attention_weights/encoder_attention_batch_38.pt
[2025-11-12 14:55:23,642][src.models.modules.semantic_id.tiger_generation_model][INFO] - [rank: 0] Saved cross attention to ./attention_weights/cross_attention_batch_38.pt
[2025-11-12 14:55:23,646][src.models.modules.semantic_id.tiger_generation_model][INFO] - [rank: 0] 当前batch的生成语义ID Embedding相似度矩阵:
[[ 0.99999994 -0.02536307  0.01105024  0.03191593  0.00809517 -0.0137928 ]
 [-0.02536307  1.          0.01443513  0.03587659 -0.02441271 -0.02659632]
 [ 0.01105024  0.01443513  1.          0.03079242  0.02045256 -0.03608699]
 [ 0.03191593  0.03587659  0.03079242  1.          0.0291799  -0.0048655 ]
 [ 0.00809517 -0.02441271  0.02045256  0.0291799   1.         -0.00742431]
 [-0.0137928  -0.02659632 -0.03608699 -0.0048655  -0.00742431  0.9999999 ]]
[2025-11-12 14:55:24,185][src.models.modules.semantic_id.tiger_generation_model][INFO] - [rank: 0] 当前batch的输入Item Hierarchy Embedding相似度矩阵:
[[ 1.         -0.00287708  0.01088374  0.01423719  0.02050296 -0.02389807]
 [-0.00287708  1.          0.0103753   0.01915733 -0.0017557  -0.02473563]
 [ 0.01088374  0.0103753   1.          0.02033565  0.00481592 -0.02339621]
 [ 0.01423719  0.01915733  0.02033565  1.          0.00804069 -0.01649998]
 [ 0.02050296 -0.0017557   0.00481592  0.00804069  1.         -0.00309412]
 [-0.02389807 -0.02473563 -0.02339621 -0.01649998 -0.00309412  0.99999976]]
[2025-11-12 14:55:25,933][src.models.modules.semantic_id.tiger_generation_model][WARNING] - [rank: 0] Failed to stack cross attentions: stack expects each tensor to be equal size, but got [32, 6, 140] at entry 0 and [32, 6, 2, 140] at entry 1
[2025-11-12 14:55:25,934][src.models.modules.semantic_id.tiger_generation_model][WARNING] - [rank: 0]   Hierarchy 0 shape: torch.Size([32, 6, 140])
[2025-11-12 14:55:25,934][src.models.modules.semantic_id.tiger_generation_model][WARNING] - [rank: 0]   Hierarchy 1 shape: torch.Size([32, 6, 2, 140])
[2025-11-12 14:55:25,934][src.models.modules.semantic_id.tiger_generation_model][WARNING] - [rank: 0]   Hierarchy 2 shape: torch.Size([32, 6, 140])
[2025-11-12 14:55:25,935][src.models.modules.semantic_id.tiger_generation_model][WARNING] - [rank: 0]   Hierarchy 3 shape: torch.Size([32, 6, 140])
[2025-11-12 14:55:25,935][src.models.modules.semantic_id.tiger_generation_model][WARNING] - [rank: 0]   Hierarchy 4 shape: torch.Size([32, 6, 140])
[2025-11-12 14:55:25,935][src.models.modules.semantic_id.tiger_generation_model][WARNING] - [rank: 0]   Hierarchy 5 shape: torch.Size([32, 6, 140])
[2025-11-12 14:55:26,190][src.models.modules.semantic_id.tiger_generation_model][INFO] - [rank: 0] Saved decoder self-attention to ./attention_weights/decoder_self_attention_batch_39.pt
[2025-11-12 14:55:26,191][src.models.modules.semantic_id.tiger_generation_model][INFO] - [rank: 0] Saved encoder attention to ./attention_weights/encoder_attention_batch_39.pt
[2025-11-12 14:55:26,192][src.models.modules.semantic_id.tiger_generation_model][INFO] - [rank: 0] Saved cross attention to ./attention_weights/cross_attention_batch_39.pt
[2025-11-12 14:55:26,198][src.models.modules.semantic_id.tiger_generation_model][INFO] - [rank: 0] 当前batch的生成语义ID Embedding相似度矩阵:
[[ 1.          0.02307197  0.02094292  0.00220003  0.01126237 -0.01053149]
 [ 0.02307197  1.         -0.0087458   0.00620328  0.01047571 -0.01994253]
 [ 0.02094292 -0.0087458   0.99999994  0.03822402 -0.01768808 -0.02025705]
 [ 0.00220003  0.00620328  0.03822402  1.         -0.01373762  0.00331005]
 [ 0.01126237  0.01047571 -0.01768808 -0.01373762  1.         -0.01386562]
 [-0.01053149 -0.01994253 -0.02025705  0.00331005 -0.01386562  0.9999999 ]]
[2025-11-12 14:55:26,461][src.models.modules.semantic_id.tiger_generation_model][INFO] - [rank: 0] 当前batch的输入Item Hierarchy Embedding相似度矩阵:
[[ 1.         -0.00391977  0.02258793  0.02124439  0.00132266 -0.01913992]
 [-0.00391977  1.          0.01894102  0.0111309   0.00540403 -0.02239103]
 [ 0.02258793  0.01894102  1.          0.02162031  0.00542086 -0.02593834]
 [ 0.02124439  0.0111309   0.02162031  1.          0.0042615  -0.00565252]
 [ 0.00132266  0.00540403  0.00542086  0.0042615   1.         -0.01533557]
 [-0.01913992 -0.02239103 -0.02593834 -0.00565252 -0.01533557  0.9999998 ]]
[2025-11-12 14:55:27,753][src.models.modules.semantic_id.tiger_generation_model][WARNING] - [rank: 0] Failed to stack cross attentions: stack expects each tensor to be equal size, but got [32, 6, 140] at entry 0 and [32, 6, 2, 140] at entry 1
[2025-11-12 14:55:27,753][src.models.modules.semantic_id.tiger_generation_model][WARNING] - [rank: 0]   Hierarchy 0 shape: torch.Size([32, 6, 140])
[2025-11-12 14:55:27,754][src.models.modules.semantic_id.tiger_generation_model][WARNING] - [rank: 0]   Hierarchy 1 shape: torch.Size([32, 6, 2, 140])
[2025-11-12 14:55:27,754][src.models.modules.semantic_id.tiger_generation_model][WARNING] - [rank: 0]   Hierarchy 2 shape: torch.Size([32, 6, 140])
[2025-11-12 14:55:27,754][src.models.modules.semantic_id.tiger_generation_model][WARNING] - [rank: 0]   Hierarchy 3 shape: torch.Size([32, 6, 140])
[2025-11-12 14:55:27,754][src.models.modules.semantic_id.tiger_generation_model][WARNING] - [rank: 0]   Hierarchy 4 shape: torch.Size([32, 6, 140])
[2025-11-12 14:55:27,754][src.models.modules.semantic_id.tiger_generation_model][WARNING] - [rank: 0]   Hierarchy 5 shape: torch.Size([32, 6, 140])
[2025-11-12 14:55:28,277][src.models.modules.semantic_id.tiger_generation_model][INFO] - [rank: 0] Saved decoder self-attention to ./attention_weights/decoder_self_attention_batch_40.pt
[2025-11-12 14:55:28,278][src.models.modules.semantic_id.tiger_generation_model][INFO] - [rank: 0] Saved encoder attention to ./attention_weights/encoder_attention_batch_40.pt
[2025-11-12 14:55:28,279][src.models.modules.semantic_id.tiger_generation_model][INFO] - [rank: 0] Saved cross attention to ./attention_weights/cross_attention_batch_40.pt
[2025-11-12 14:55:28,286][src.models.modules.semantic_id.tiger_generation_model][INFO] - [rank: 0] 当前batch的生成语义ID Embedding相似度矩阵:
[[ 1.0000000e+00  1.0808950e-02 -1.8263103e-02  6.7123659e-03
   2.1320565e-02 -5.0295025e-02]
 [ 1.0808950e-02  1.0000000e+00  8.8313292e-04  1.1325750e-02
   9.6798846e-03 -3.9071802e-02]
 [-1.8263103e-02  8.8313292e-04  9.9999994e-01 -9.6675931e-03
   1.4522898e-02 -1.9235954e-02]
 [ 6.7123659e-03  1.1325750e-02 -9.6675931e-03  9.9999994e-01
   1.8681480e-02 -9.6339337e-04]
 [ 2.1320565e-02  9.6798846e-03  1.4522898e-02  1.8681480e-02
   9.9999994e-01 -1.8479740e-02]
 [-5.0295025e-02 -3.9071802e-02 -1.9235954e-02 -9.6339337e-04
  -1.8479740e-02  9.9999988e-01]]
[2025-11-12 14:55:29,145][src.models.modules.semantic_id.tiger_generation_model][INFO] - [rank: 0] 当前batch的输入Item Hierarchy Embedding相似度矩阵:
[[ 1.0000000e+00  5.2398518e-03  2.1415601e-02  1.9437095e-02
   3.5990810e-03 -1.4386468e-02]
 [ 5.2398518e-03  1.0000000e+00  1.4260149e-02  1.0486308e-02
   1.9430890e-03 -1.0156252e-02]
 [ 2.1415601e-02  1.4260149e-02  1.0000000e+00  2.5358330e-02
  -3.3962767e-04 -2.3669522e-02]
 [ 1.9437095e-02  1.0486308e-02  2.5358330e-02  1.0000000e+00
   2.7990285e-03 -8.9223711e-03]
 [ 3.5990810e-03  1.9430890e-03 -3.3962767e-04  2.7990285e-03
   1.0000000e+00 -1.6254768e-02]
 [-1.4386468e-02 -1.0156252e-02 -2.3669522e-02 -8.9223711e-03
  -1.6254768e-02  9.9999976e-01]]
[2025-11-12 14:55:31,834][src.models.modules.semantic_id.tiger_generation_model][WARNING] - [rank: 0] Failed to stack cross attentions: stack expects each tensor to be equal size, but got [32, 6, 140] at entry 0 and [32, 6, 2, 140] at entry 1
[2025-11-12 14:55:31,835][src.models.modules.semantic_id.tiger_generation_model][WARNING] - [rank: 0]   Hierarchy 0 shape: torch.Size([32, 6, 140])
[2025-11-12 14:55:31,835][src.models.modules.semantic_id.tiger_generation_model][WARNING] - [rank: 0]   Hierarchy 1 shape: torch.Size([32, 6, 2, 140])
[2025-11-12 14:55:31,835][src.models.modules.semantic_id.tiger_generation_model][WARNING] - [rank: 0]   Hierarchy 2 shape: torch.Size([32, 6, 140])
[2025-11-12 14:55:31,835][src.models.modules.semantic_id.tiger_generation_model][WARNING] - [rank: 0]   Hierarchy 3 shape: torch.Size([32, 6, 140])
[2025-11-12 14:55:31,835][src.models.modules.semantic_id.tiger_generation_model][WARNING] - [rank: 0]   Hierarchy 4 shape: torch.Size([32, 6, 140])
[2025-11-12 14:55:31,835][src.models.modules.semantic_id.tiger_generation_model][WARNING] - [rank: 0]   Hierarchy 5 shape: torch.Size([32, 6, 140])
[2025-11-12 14:55:32,246][src.models.modules.semantic_id.tiger_generation_model][INFO] - [rank: 0] Saved decoder self-attention to ./attention_weights/decoder_self_attention_batch_41.pt
[2025-11-12 14:55:32,249][src.models.modules.semantic_id.tiger_generation_model][INFO] - [rank: 0] Saved encoder attention to ./attention_weights/encoder_attention_batch_41.pt
[2025-11-12 14:55:32,249][src.models.modules.semantic_id.tiger_generation_model][INFO] - [rank: 0] Saved cross attention to ./attention_weights/cross_attention_batch_41.pt
[2025-11-12 14:55:32,259][src.models.modules.semantic_id.tiger_generation_model][INFO] - [rank: 0] 当前batch的生成语义ID Embedding相似度矩阵:
[[ 1.          0.01941811  0.01101179  0.04656829  0.02839122 -0.01888174]
 [ 0.01941811  1.          0.00676313  0.04342983  0.00385496  0.01723077]
 [ 0.01101179  0.00676313  1.          0.00942614 -0.00626352  0.00567531]
 [ 0.04656829  0.04342983  0.00942614  1.         -0.01653539 -0.00437847]
 [ 0.02839122  0.00385496 -0.00626352 -0.01653539  1.         -0.01067782]
 [-0.01888174  0.01723077  0.00567531 -0.00437847 -0.01067782  0.9999999 ]]
[2025-11-12 14:55:32,512][src.models.modules.semantic_id.tiger_generation_model][INFO] - [rank: 0] 当前batch的输入Item Hierarchy Embedding相似度矩阵:
[[ 1.0000000e+00  1.6378155e-03  1.5690304e-02  1.3813730e-02
   9.1023557e-03 -2.5800131e-02]
 [ 1.6378155e-03  1.0000000e+00  1.0284509e-02  1.7993813e-02
  -2.1603338e-03 -2.0349015e-02]
 [ 1.5690304e-02  1.0284509e-02  1.0000000e+00  2.3628039e-02
  -2.0267384e-04 -1.7930511e-02]
 [ 1.3813730e-02  1.7993813e-02  2.3628039e-02  1.0000000e+00
   1.5373531e-03 -5.4944134e-03]
 [ 9.1023557e-03 -2.1603338e-03 -2.0267384e-04  1.5373531e-03
   1.0000000e+00 -7.3718927e-03]
 [-2.5800131e-02 -2.0349015e-02 -1.7930511e-02 -5.4944134e-03
  -7.3718927e-03  1.0000000e+00]]
[2025-11-12 14:55:33,346][src.models.modules.semantic_id.tiger_generation_model][WARNING] - [rank: 0] Failed to stack cross attentions: stack expects each tensor to be equal size, but got [32, 6, 140] at entry 0 and [32, 6, 2, 140] at entry 1
[2025-11-12 14:55:33,346][src.models.modules.semantic_id.tiger_generation_model][WARNING] - [rank: 0]   Hierarchy 0 shape: torch.Size([32, 6, 140])
[2025-11-12 14:55:33,346][src.models.modules.semantic_id.tiger_generation_model][WARNING] - [rank: 0]   Hierarchy 1 shape: torch.Size([32, 6, 2, 140])
[2025-11-12 14:55:33,346][src.models.modules.semantic_id.tiger_generation_model][WARNING] - [rank: 0]   Hierarchy 2 shape: torch.Size([32, 6, 140])
[2025-11-12 14:55:33,347][src.models.modules.semantic_id.tiger_generation_model][WARNING] - [rank: 0]   Hierarchy 3 shape: torch.Size([32, 6, 140])
[2025-11-12 14:55:33,347][src.models.modules.semantic_id.tiger_generation_model][WARNING] - [rank: 0]   Hierarchy 4 shape: torch.Size([32, 6, 140])
[2025-11-12 14:55:33,347][src.models.modules.semantic_id.tiger_generation_model][WARNING] - [rank: 0]   Hierarchy 5 shape: torch.Size([32, 6, 140])
[2025-11-12 14:55:33,912][src.models.modules.semantic_id.tiger_generation_model][INFO] - [rank: 0] Saved decoder self-attention to ./attention_weights/decoder_self_attention_batch_42.pt
[2025-11-12 14:55:33,913][src.models.modules.semantic_id.tiger_generation_model][INFO] - [rank: 0] Saved encoder attention to ./attention_weights/encoder_attention_batch_42.pt
[2025-11-12 14:55:33,913][src.models.modules.semantic_id.tiger_generation_model][INFO] - [rank: 0] Saved cross attention to ./attention_weights/cross_attention_batch_42.pt
[2025-11-12 14:55:33,920][src.models.modules.semantic_id.tiger_generation_model][INFO] - [rank: 0] 当前batch的生成语义ID Embedding相似度矩阵:
[[ 1.          0.00587134  0.0027996  -0.00298979  0.01512163 -0.02073676]
 [ 0.00587134  1.          0.01047191  0.03194845 -0.00397956 -0.0071443 ]
 [ 0.0027996   0.01047191  1.0000001   0.02074443 -0.01373286 -0.02601785]
 [-0.00298979  0.03194845  0.02074443  1.          0.00769392  0.01241643]
 [ 0.01512163 -0.00397956 -0.01373286  0.00769392  1.         -0.04266924]
 [-0.02073676 -0.0071443  -0.02601785  0.01241643 -0.04266924  0.9999999 ]]
[2025-11-12 14:55:34,658][src.models.modules.semantic_id.tiger_generation_model][INFO] - [rank: 0] 当前batch的输入Item Hierarchy Embedding相似度矩阵:
[[ 9.99999940e-01  1.17951138e-02  1.05718421e-02  1.63294617e-02
   7.80216279e-03 -1.25615513e-02]
 [ 1.17951138e-02  9.99999940e-01  7.83212762e-03  1.69708952e-02
   5.00032958e-03 -1.68899912e-02]
 [ 1.05718421e-02  7.83212762e-03  9.99999940e-01  1.87062211e-02
  -2.67593237e-03 -2.58019287e-02]
 [ 1.63294617e-02  1.69708952e-02  1.87062211e-02  9.99999940e-01
   4.88102296e-03  4.59756760e-04]
 [ 7.80216279e-03  5.00032958e-03 -2.67593237e-03  4.88102296e-03
   9.99999940e-01 -1.29640885e-02]
 [-1.25615513e-02 -1.68899912e-02 -2.58019287e-02  4.59756760e-04
  -1.29640885e-02  9.99999881e-01]]
[2025-11-12 14:55:35,869][src.models.modules.semantic_id.tiger_generation_model][WARNING] - [rank: 0] Failed to stack cross attentions: stack expects each tensor to be equal size, but got [32, 6, 140] at entry 0 and [32, 6, 2, 140] at entry 1
[2025-11-12 14:55:35,870][src.models.modules.semantic_id.tiger_generation_model][WARNING] - [rank: 0]   Hierarchy 0 shape: torch.Size([32, 6, 140])
[2025-11-12 14:55:35,870][src.models.modules.semantic_id.tiger_generation_model][WARNING] - [rank: 0]   Hierarchy 1 shape: torch.Size([32, 6, 2, 140])
[2025-11-12 14:55:35,870][src.models.modules.semantic_id.tiger_generation_model][WARNING] - [rank: 0]   Hierarchy 2 shape: torch.Size([32, 6, 140])
[2025-11-12 14:55:35,870][src.models.modules.semantic_id.tiger_generation_model][WARNING] - [rank: 0]   Hierarchy 3 shape: torch.Size([32, 6, 140])
[2025-11-12 14:55:35,870][src.models.modules.semantic_id.tiger_generation_model][WARNING] - [rank: 0]   Hierarchy 4 shape: torch.Size([32, 6, 140])
[2025-11-12 14:55:35,870][src.models.modules.semantic_id.tiger_generation_model][WARNING] - [rank: 0]   Hierarchy 5 shape: torch.Size([32, 6, 140])
[2025-11-12 14:55:36,317][src.models.modules.semantic_id.tiger_generation_model][INFO] - [rank: 0] Saved decoder self-attention to ./attention_weights/decoder_self_attention_batch_43.pt
[2025-11-12 14:55:36,318][src.models.modules.semantic_id.tiger_generation_model][INFO] - [rank: 0] Saved encoder attention to ./attention_weights/encoder_attention_batch_43.pt
[2025-11-12 14:55:36,318][src.models.modules.semantic_id.tiger_generation_model][INFO] - [rank: 0] Saved cross attention to ./attention_weights/cross_attention_batch_43.pt
[2025-11-12 14:55:36,324][src.models.modules.semantic_id.tiger_generation_model][INFO] - [rank: 0] 当前batch的生成语义ID Embedding相似度矩阵:
[[ 1.0000000e+00 -1.5205764e-03  1.1325061e-02 -4.7695506e-03
   1.7511835e-02 -1.8259740e-02]
 [-1.5205764e-03  1.0000000e+00  8.4471749e-03  1.1544228e-03
   2.7908407e-02 -1.9940000e-02]
 [ 1.1325061e-02  8.4471749e-03  1.0000000e+00  7.9814317e-03
  -1.0345515e-02 -2.1841031e-02]
 [-4.7695506e-03  1.1544228e-03  7.9814317e-03  1.0000000e+00
   7.9663498e-03  2.8537959e-04]
 [ 1.7511835e-02  2.7908407e-02 -1.0345515e-02  7.9663498e-03
   1.0000000e+00 -1.7611252e-02]
 [-1.8259740e-02 -1.9940000e-02 -2.1841031e-02  2.8537959e-04
  -1.7611252e-02  9.9999988e-01]]
[2025-11-12 14:55:36,436][src.models.modules.semantic_id.tiger_generation_model][INFO] - [rank: 0] 当前batch的输入Item Hierarchy Embedding相似度矩阵:
[[ 1.          0.00210213  0.02353464  0.01235188  0.00833452 -0.02669988]
 [ 0.00210213  1.          0.01111514  0.01945606  0.01151356 -0.02248839]
 [ 0.02353464  0.01111514  1.          0.00950284  0.00154029 -0.02760606]
 [ 0.01235188  0.01945606  0.00950284  1.          0.00238708 -0.01289823]
 [ 0.00833452  0.01151356  0.00154029  0.00238708  1.         -0.02002748]
 [-0.02669988 -0.02248839 -0.02760606 -0.01289823 -0.02002748  0.99999976]]
[2025-11-12 14:55:37,615][src.models.modules.semantic_id.tiger_generation_model][WARNING] - [rank: 0] Failed to stack cross attentions: stack expects each tensor to be equal size, but got [32, 6, 140] at entry 0 and [32, 6, 2, 140] at entry 1
[2025-11-12 14:55:37,615][src.models.modules.semantic_id.tiger_generation_model][WARNING] - [rank: 0]   Hierarchy 0 shape: torch.Size([32, 6, 140])
[2025-11-12 14:55:37,615][src.models.modules.semantic_id.tiger_generation_model][WARNING] - [rank: 0]   Hierarchy 1 shape: torch.Size([32, 6, 2, 140])
[2025-11-12 14:55:37,616][src.models.modules.semantic_id.tiger_generation_model][WARNING] - [rank: 0]   Hierarchy 2 shape: torch.Size([32, 6, 140])
[2025-11-12 14:55:37,616][src.models.modules.semantic_id.tiger_generation_model][WARNING] - [rank: 0]   Hierarchy 3 shape: torch.Size([32, 6, 140])
[2025-11-12 14:55:37,616][src.models.modules.semantic_id.tiger_generation_model][WARNING] - [rank: 0]   Hierarchy 4 shape: torch.Size([32, 6, 140])
[2025-11-12 14:55:37,616][src.models.modules.semantic_id.tiger_generation_model][WARNING] - [rank: 0]   Hierarchy 5 shape: torch.Size([32, 6, 140])
[2025-11-12 14:55:37,928][src.models.modules.semantic_id.tiger_generation_model][INFO] - [rank: 0] Saved decoder self-attention to ./attention_weights/decoder_self_attention_batch_44.pt
[2025-11-12 14:55:37,929][src.models.modules.semantic_id.tiger_generation_model][INFO] - [rank: 0] Saved encoder attention to ./attention_weights/encoder_attention_batch_44.pt
[2025-11-12 14:55:37,929][src.models.modules.semantic_id.tiger_generation_model][INFO] - [rank: 0] Saved cross attention to ./attention_weights/cross_attention_batch_44.pt
[2025-11-12 14:55:37,934][src.models.modules.semantic_id.tiger_generation_model][INFO] - [rank: 0] 当前batch的生成语义ID Embedding相似度矩阵:
[[ 1.         -0.00901224  0.0172877  -0.01330342  0.02389528 -0.0200574 ]
 [-0.00901224  1.         -0.01298051  0.03520554 -0.00393501 -0.02182897]
 [ 0.0172877  -0.01298051  1.          0.00957481 -0.01163365 -0.01857697]
 [-0.01330342  0.03520554  0.00957481  1.          0.0183737  -0.00869898]
 [ 0.02389528 -0.00393501 -0.01163365  0.0183737   1.         -0.00357128]
 [-0.0200574  -0.02182897 -0.01857697 -0.00869898 -0.00357128  0.9999999 ]]
[2025-11-12 14:55:38,182][src.models.modules.semantic_id.tiger_generation_model][INFO] - [rank: 0] 当前batch的输入Item Hierarchy Embedding相似度矩阵:
[[ 1.          0.00917313  0.0214054   0.00917409  0.00649887 -0.01686415]
 [ 0.00917313  1.          0.01192471  0.01511567  0.0097752  -0.01714889]
 [ 0.0214054   0.01192471  1.          0.0175534   0.00496415 -0.01605853]
 [ 0.00917409  0.01511567  0.0175534   1.         -0.00771663 -0.0098216 ]
 [ 0.00649887  0.0097752   0.00496415 -0.00771663  1.         -0.01290239]
 [-0.01686415 -0.01714889 -0.01605853 -0.0098216  -0.01290239  0.99999976]]
[2025-11-12 14:55:39,448][src.models.modules.semantic_id.tiger_generation_model][WARNING] - [rank: 0] Failed to stack cross attentions: stack expects each tensor to be equal size, but got [32, 6, 140] at entry 0 and [32, 6, 2, 140] at entry 1
[2025-11-12 14:55:39,448][src.models.modules.semantic_id.tiger_generation_model][WARNING] - [rank: 0]   Hierarchy 0 shape: torch.Size([32, 6, 140])
[2025-11-12 14:55:39,448][src.models.modules.semantic_id.tiger_generation_model][WARNING] - [rank: 0]   Hierarchy 1 shape: torch.Size([32, 6, 2, 140])
[2025-11-12 14:55:39,449][src.models.modules.semantic_id.tiger_generation_model][WARNING] - [rank: 0]   Hierarchy 2 shape: torch.Size([32, 6, 140])
[2025-11-12 14:55:39,449][src.models.modules.semantic_id.tiger_generation_model][WARNING] - [rank: 0]   Hierarchy 3 shape: torch.Size([32, 6, 140])
[2025-11-12 14:55:39,449][src.models.modules.semantic_id.tiger_generation_model][WARNING] - [rank: 0]   Hierarchy 4 shape: torch.Size([32, 6, 140])
[2025-11-12 14:55:39,449][src.models.modules.semantic_id.tiger_generation_model][WARNING] - [rank: 0]   Hierarchy 5 shape: torch.Size([32, 6, 140])
[2025-11-12 14:55:39,714][src.models.modules.semantic_id.tiger_generation_model][INFO] - [rank: 0] Saved decoder self-attention to ./attention_weights/decoder_self_attention_batch_45.pt
[2025-11-12 14:55:39,714][src.models.modules.semantic_id.tiger_generation_model][INFO] - [rank: 0] Saved encoder attention to ./attention_weights/encoder_attention_batch_45.pt
[2025-11-12 14:55:39,715][src.models.modules.semantic_id.tiger_generation_model][INFO] - [rank: 0] Saved cross attention to ./attention_weights/cross_attention_batch_45.pt
[2025-11-12 14:55:39,725][src.models.modules.semantic_id.tiger_generation_model][INFO] - [rank: 0] 当前batch的生成语义ID Embedding相似度矩阵:
[[ 1.         -0.00547234  0.00618356  0.01962874  0.0026103  -0.02843571]
 [-0.00547234  1.         -0.01784286  0.02496476 -0.01807406 -0.00453636]
 [ 0.00618356 -0.01784286  1.          0.0245851   0.03106643 -0.04758355]
 [ 0.01962874  0.02496476  0.0245851   1.         -0.03407653 -0.02738648]
 [ 0.0026103  -0.01807406  0.03106643 -0.03407653  1.         -0.00696486]
 [-0.02843571 -0.00453636 -0.04758355 -0.02738648 -0.00696486  0.9999999 ]]
[2025-11-12 14:55:40,203][src.models.modules.semantic_id.tiger_generation_model][INFO] - [rank: 0] 当前batch的输入Item Hierarchy Embedding相似度矩阵:
[[ 0.99999994  0.00242848  0.00736193  0.00581501  0.01175466 -0.02158742]
 [ 0.00242848  0.99999994  0.01265842  0.01348491  0.00507794 -0.00802879]
 [ 0.00736193  0.01265842  0.99999994  0.020051   -0.00304401 -0.03188197]
 [ 0.00581501  0.01348491  0.020051    0.99999994  0.00135535 -0.00963678]
 [ 0.01175466  0.00507794 -0.00304401  0.00135535  0.99999994 -0.01363275]
 [-0.02158742 -0.00802879 -0.03188197 -0.00963678 -0.01363275  0.9999999 ]]
[2025-11-12 14:55:41,318][src.models.modules.semantic_id.tiger_generation_model][WARNING] - [rank: 0] Failed to stack cross attentions: stack expects each tensor to be equal size, but got [32, 6, 140] at entry 0 and [32, 6, 2, 140] at entry 1
[2025-11-12 14:55:41,319][src.models.modules.semantic_id.tiger_generation_model][WARNING] - [rank: 0]   Hierarchy 0 shape: torch.Size([32, 6, 140])
[2025-11-12 14:55:41,319][src.models.modules.semantic_id.tiger_generation_model][WARNING] - [rank: 0]   Hierarchy 1 shape: torch.Size([32, 6, 2, 140])
[2025-11-12 14:55:41,319][src.models.modules.semantic_id.tiger_generation_model][WARNING] - [rank: 0]   Hierarchy 2 shape: torch.Size([32, 6, 140])
[2025-11-12 14:55:41,319][src.models.modules.semantic_id.tiger_generation_model][WARNING] - [rank: 0]   Hierarchy 3 shape: torch.Size([32, 6, 140])
[2025-11-12 14:55:41,319][src.models.modules.semantic_id.tiger_generation_model][WARNING] - [rank: 0]   Hierarchy 4 shape: torch.Size([32, 6, 140])
[2025-11-12 14:55:41,319][src.models.modules.semantic_id.tiger_generation_model][WARNING] - [rank: 0]   Hierarchy 5 shape: torch.Size([32, 6, 140])
[2025-11-12 14:55:41,692][src.models.modules.semantic_id.tiger_generation_model][INFO] - [rank: 0] Saved decoder self-attention to ./attention_weights/decoder_self_attention_batch_46.pt
[2025-11-12 14:55:41,693][src.models.modules.semantic_id.tiger_generation_model][INFO] - [rank: 0] Saved encoder attention to ./attention_weights/encoder_attention_batch_46.pt
[2025-11-12 14:55:41,693][src.models.modules.semantic_id.tiger_generation_model][INFO] - [rank: 0] Saved cross attention to ./attention_weights/cross_attention_batch_46.pt
[2025-11-12 14:55:41,713][src.models.modules.semantic_id.tiger_generation_model][INFO] - [rank: 0] 当前batch的生成语义ID Embedding相似度矩阵:
[[ 1.0000000e+00 -9.8640285e-04  3.0753534e-02  2.6948776e-02
   2.1725839e-02 -1.9395897e-02]
 [-9.8640285e-04  1.0000000e+00 -1.5764765e-02  4.1213568e-02
   9.5334370e-05 -1.7347995e-02]
 [ 3.0753534e-02 -1.5764765e-02  1.0000000e+00  2.4892949e-02
   1.6255382e-02 -1.4192054e-02]
 [ 2.6948776e-02  4.1213568e-02  2.4892949e-02  1.0000000e+00
   3.3982772e-02 -2.6436104e-02]
 [ 2.1725839e-02  9.5334370e-05  1.6255382e-02  3.3982772e-02
   1.0000000e+00 -2.2178238e-02]
 [-1.9395897e-02 -1.7347995e-02 -1.4192054e-02 -2.6436104e-02
  -2.2178238e-02  9.9999988e-01]]
[2025-11-12 14:55:42,055][src.models.modules.semantic_id.tiger_generation_model][INFO] - [rank: 0] 当前batch的输入Item Hierarchy Embedding相似度矩阵:
[[ 0.99999994  0.01116148  0.01756071  0.01575452  0.01629192 -0.02327512]
 [ 0.01116148  0.99999994  0.01999832  0.01587038 -0.00483109 -0.01786743]
 [ 0.01756071  0.01999832  0.99999994  0.02677648  0.0108433  -0.01543887]
 [ 0.01575452  0.01587038  0.02677648  0.99999994  0.00355353 -0.01171632]
 [ 0.01629192 -0.00483109  0.0108433   0.00355353  0.99999994 -0.01387851]
 [-0.02327512 -0.01786743 -0.01543887 -0.01171632 -0.01387851  0.9999999 ]]
[2025-11-12 14:55:43,651][src.models.modules.semantic_id.tiger_generation_model][WARNING] - [rank: 0] Failed to stack cross attentions: stack expects each tensor to be equal size, but got [32, 6, 140] at entry 0 and [32, 6, 2, 140] at entry 1
[2025-11-12 14:55:43,652][src.models.modules.semantic_id.tiger_generation_model][WARNING] - [rank: 0]   Hierarchy 0 shape: torch.Size([32, 6, 140])
[2025-11-12 14:55:43,652][src.models.modules.semantic_id.tiger_generation_model][WARNING] - [rank: 0]   Hierarchy 1 shape: torch.Size([32, 6, 2, 140])
[2025-11-12 14:55:43,652][src.models.modules.semantic_id.tiger_generation_model][WARNING] - [rank: 0]   Hierarchy 2 shape: torch.Size([32, 6, 140])
[2025-11-12 14:55:43,652][src.models.modules.semantic_id.tiger_generation_model][WARNING] - [rank: 0]   Hierarchy 3 shape: torch.Size([32, 6, 140])
[2025-11-12 14:55:43,653][src.models.modules.semantic_id.tiger_generation_model][WARNING] - [rank: 0]   Hierarchy 4 shape: torch.Size([32, 6, 140])
[2025-11-12 14:55:43,653][src.models.modules.semantic_id.tiger_generation_model][WARNING] - [rank: 0]   Hierarchy 5 shape: torch.Size([32, 6, 140])
[2025-11-12 14:55:44,050][src.models.modules.semantic_id.tiger_generation_model][INFO] - [rank: 0] Saved decoder self-attention to ./attention_weights/decoder_self_attention_batch_47.pt
[2025-11-12 14:55:44,051][src.models.modules.semantic_id.tiger_generation_model][INFO] - [rank: 0] Saved encoder attention to ./attention_weights/encoder_attention_batch_47.pt
[2025-11-12 14:55:44,052][src.models.modules.semantic_id.tiger_generation_model][INFO] - [rank: 0] Saved cross attention to ./attention_weights/cross_attention_batch_47.pt
[2025-11-12 14:55:44,058][src.models.modules.semantic_id.tiger_generation_model][INFO] - [rank: 0] 当前batch的生成语义ID Embedding相似度矩阵:
[[ 1.          0.01761774 -0.00139286  0.00938561 -0.00491486 -0.0194332 ]
 [ 0.01761774  1.          0.02764964  0.03397157 -0.02168329  0.00142647]
 [-0.00139286  0.02764964  1.          0.02699999 -0.02887447 -0.03424209]
 [ 0.00938561  0.03397157  0.02699999  1.         -0.00726514 -0.02181825]
 [-0.00491486 -0.02168329 -0.02887447 -0.00726514  1.         -0.00456517]
 [-0.0194332   0.00142647 -0.03424209 -0.02181825 -0.00456517  0.9999999 ]]
[2025-11-12 14:55:44,519][src.models.modules.semantic_id.tiger_generation_model][INFO] - [rank: 0] 当前batch的输入Item Hierarchy Embedding相似度矩阵:
[[ 1.          0.00356986 -0.00201552  0.01547122  0.0121568  -0.0148117 ]
 [ 0.00356986  1.          0.01282905  0.01603785 -0.00829354 -0.01093302]
 [-0.00201552  0.01282905  1.          0.02572839  0.00507792 -0.01313144]
 [ 0.01547122  0.01603785  0.02572839  1.          0.00331975 -0.01077332]
 [ 0.0121568  -0.00829354  0.00507792  0.00331975  1.         -0.00561619]
 [-0.0148117  -0.01093302 -0.01313144 -0.01077332 -0.00561619  1.        ]]
[2025-11-12 14:55:46,044][src.models.modules.semantic_id.tiger_generation_model][WARNING] - [rank: 0] Failed to stack cross attentions: stack expects each tensor to be equal size, but got [32, 6, 140] at entry 0 and [32, 6, 2, 140] at entry 1
[2025-11-12 14:55:46,044][src.models.modules.semantic_id.tiger_generation_model][WARNING] - [rank: 0]   Hierarchy 0 shape: torch.Size([32, 6, 140])
[2025-11-12 14:55:46,045][src.models.modules.semantic_id.tiger_generation_model][WARNING] - [rank: 0]   Hierarchy 1 shape: torch.Size([32, 6, 2, 140])
[2025-11-12 14:55:46,045][src.models.modules.semantic_id.tiger_generation_model][WARNING] - [rank: 0]   Hierarchy 2 shape: torch.Size([32, 6, 140])
[2025-11-12 14:55:46,045][src.models.modules.semantic_id.tiger_generation_model][WARNING] - [rank: 0]   Hierarchy 3 shape: torch.Size([32, 6, 140])
[2025-11-12 14:55:46,045][src.models.modules.semantic_id.tiger_generation_model][WARNING] - [rank: 0]   Hierarchy 4 shape: torch.Size([32, 6, 140])
[2025-11-12 14:55:46,045][src.models.modules.semantic_id.tiger_generation_model][WARNING] - [rank: 0]   Hierarchy 5 shape: torch.Size([32, 6, 140])
[2025-11-12 14:55:46,286][src.models.modules.semantic_id.tiger_generation_model][INFO] - [rank: 0] Saved decoder self-attention to ./attention_weights/decoder_self_attention_batch_48.pt
[2025-11-12 14:55:46,287][src.models.modules.semantic_id.tiger_generation_model][INFO] - [rank: 0] Saved encoder attention to ./attention_weights/encoder_attention_batch_48.pt
[2025-11-12 14:55:46,287][src.models.modules.semantic_id.tiger_generation_model][INFO] - [rank: 0] Saved cross attention to ./attention_weights/cross_attention_batch_48.pt
[2025-11-12 14:55:46,306][src.models.modules.semantic_id.tiger_generation_model][INFO] - [rank: 0] 当前batch的生成语义ID Embedding相似度矩阵:
[[ 1.0000000e+00  3.6159746e-02  9.8855011e-03  1.0462664e-04
   1.0954708e-02 -8.7545868e-03]
 [ 3.6159746e-02  1.0000000e+00  2.9749943e-02  1.9358667e-02
   3.7135012e-02 -3.3261806e-02]
 [ 9.8855011e-03  2.9749943e-02  1.0000000e+00  3.3735126e-02
  -3.3649825e-04 -2.6465733e-02]
 [ 1.0462664e-04  1.9358667e-02  3.3735126e-02  1.0000000e+00
  -1.1370936e-03 -2.5807917e-02]
 [ 1.0954708e-02  3.7135012e-02 -3.3649825e-04 -1.1370936e-03
   1.0000000e+00 -1.4305158e-02]
 [-8.7545868e-03 -3.3261806e-02 -2.6465733e-02 -2.5807917e-02
  -1.4305158e-02  9.9999988e-01]]
[2025-11-12 14:55:47,163][src.models.modules.semantic_id.tiger_generation_model][INFO] - [rank: 0] 当前batch的输入Item Hierarchy Embedding相似度矩阵:
[[ 1.          0.00154107  0.01187645  0.00748064  0.01555336 -0.02070254]
 [ 0.00154107  1.          0.01623326  0.02544338 -0.00140779 -0.02170927]
 [ 0.01187645  0.01623326  1.          0.02158057 -0.00187802 -0.02696114]
 [ 0.00748064  0.02544338  0.02158057  1.          0.00981212 -0.00399883]
 [ 0.01555336 -0.00140779 -0.00187802  0.00981212  1.         -0.01099581]
 [-0.02070254 -0.02170927 -0.02696114 -0.00399883 -0.01099581  0.99999976]]
[2025-11-12 14:55:48,804][src.models.modules.semantic_id.tiger_generation_model][WARNING] - [rank: 0] Failed to stack cross attentions: stack expects each tensor to be equal size, but got [32, 6, 140] at entry 0 and [32, 6, 2, 140] at entry 1
[2025-11-12 14:55:48,804][src.models.modules.semantic_id.tiger_generation_model][WARNING] - [rank: 0]   Hierarchy 0 shape: torch.Size([32, 6, 140])
[2025-11-12 14:55:48,804][src.models.modules.semantic_id.tiger_generation_model][WARNING] - [rank: 0]   Hierarchy 1 shape: torch.Size([32, 6, 2, 140])
[2025-11-12 14:55:48,804][src.models.modules.semantic_id.tiger_generation_model][WARNING] - [rank: 0]   Hierarchy 2 shape: torch.Size([32, 6, 140])
[2025-11-12 14:55:48,805][src.models.modules.semantic_id.tiger_generation_model][WARNING] - [rank: 0]   Hierarchy 3 shape: torch.Size([32, 6, 140])
[2025-11-12 14:55:48,805][src.models.modules.semantic_id.tiger_generation_model][WARNING] - [rank: 0]   Hierarchy 4 shape: torch.Size([32, 6, 140])
[2025-11-12 14:55:48,805][src.models.modules.semantic_id.tiger_generation_model][WARNING] - [rank: 0]   Hierarchy 5 shape: torch.Size([32, 6, 140])
[2025-11-12 14:55:49,304][src.models.modules.semantic_id.tiger_generation_model][INFO] - [rank: 0] Saved decoder self-attention to ./attention_weights/decoder_self_attention_batch_49.pt
[2025-11-12 14:55:49,305][src.models.modules.semantic_id.tiger_generation_model][INFO] - [rank: 0] Saved encoder attention to ./attention_weights/encoder_attention_batch_49.pt
[2025-11-12 14:55:49,305][src.models.modules.semantic_id.tiger_generation_model][INFO] - [rank: 0] Saved cross attention to ./attention_weights/cross_attention_batch_49.pt
[2025-11-12 14:55:49,309][src.models.modules.semantic_id.tiger_generation_model][INFO] - [rank: 0] 当前batch的生成语义ID Embedding相似度矩阵:
[[ 0.99999994  0.00610572  0.01863636 -0.0046959   0.01277423  0.00957527]
 [ 0.00610572  1.          0.03514922  0.0244168  -0.00386163 -0.01122278]
 [ 0.01863636  0.03514922  1.         -0.01383913 -0.01143266 -0.00671454]
 [-0.0046959   0.0244168  -0.01383913  1.          0.01635652 -0.02555689]
 [ 0.01277423 -0.00386163 -0.01143266  0.01635652  1.         -0.01967148]
 [ 0.00957527 -0.01122278 -0.00671454 -0.02555689 -0.01967148  0.9999999 ]]
[2025-11-12 14:55:49,723][src.models.modules.semantic_id.tiger_generation_model][INFO] - [rank: 0] 当前batch的输入Item Hierarchy Embedding相似度矩阵:
[[ 1.          0.00360861  0.02159299  0.01080313  0.02007838 -0.0167881 ]
 [ 0.00360861  1.          0.01190236  0.01173772 -0.00131087 -0.00917679]
 [ 0.02159299  0.01190236  1.          0.02180543  0.00648954 -0.01774853]
 [ 0.01080313  0.01173772  0.02180543  1.          0.00620038 -0.00552891]
 [ 0.02007838 -0.00131087  0.00648954  0.00620038  1.         -0.00387407]
 [-0.0167881  -0.00917679 -0.01774853 -0.00552891 -0.00387407  0.99999976]]
[2025-11-12 14:55:51,048][src.models.modules.semantic_id.tiger_generation_model][WARNING] - [rank: 0] Failed to stack cross attentions: stack expects each tensor to be equal size, but got [32, 6, 140] at entry 0 and [32, 6, 2, 140] at entry 1
[2025-11-12 14:55:51,049][src.models.modules.semantic_id.tiger_generation_model][WARNING] - [rank: 0]   Hierarchy 0 shape: torch.Size([32, 6, 140])
[2025-11-12 14:55:51,049][src.models.modules.semantic_id.tiger_generation_model][WARNING] - [rank: 0]   Hierarchy 1 shape: torch.Size([32, 6, 2, 140])
[2025-11-12 14:55:51,049][src.models.modules.semantic_id.tiger_generation_model][WARNING] - [rank: 0]   Hierarchy 2 shape: torch.Size([32, 6, 140])
[2025-11-12 14:55:51,049][src.models.modules.semantic_id.tiger_generation_model][WARNING] - [rank: 0]   Hierarchy 3 shape: torch.Size([32, 6, 140])
[2025-11-12 14:55:51,049][src.models.modules.semantic_id.tiger_generation_model][WARNING] - [rank: 0]   Hierarchy 4 shape: torch.Size([32, 6, 140])
[2025-11-12 14:55:51,049][src.models.modules.semantic_id.tiger_generation_model][WARNING] - [rank: 0]   Hierarchy 5 shape: torch.Size([32, 6, 140])
[2025-11-12 14:55:51,435][src.models.modules.semantic_id.tiger_generation_model][INFO] - [rank: 0] Saved decoder self-attention to ./attention_weights/decoder_self_attention_batch_50.pt
[2025-11-12 14:55:51,436][src.models.modules.semantic_id.tiger_generation_model][INFO] - [rank: 0] Saved encoder attention to ./attention_weights/encoder_attention_batch_50.pt
[2025-11-12 14:55:51,436][src.models.modules.semantic_id.tiger_generation_model][INFO] - [rank: 0] Saved cross attention to ./attention_weights/cross_attention_batch_50.pt
[2025-11-12 14:55:51,441][src.models.modules.semantic_id.tiger_generation_model][INFO] - [rank: 0] 当前batch的生成语义ID Embedding相似度矩阵:
[[ 1.          0.00401322  0.01501425  0.0381102   0.03345174 -0.03256688]
 [ 0.00401322  1.         -0.01190968  0.02295606  0.00880863 -0.01075507]
 [ 0.01501425 -0.01190968  1.          0.02659128 -0.00227757 -0.03492958]
 [ 0.0381102   0.02295606  0.02659128  1.         -0.00670023 -0.01956213]
 [ 0.03345174  0.00880863 -0.00227757 -0.00670023  1.         -0.00821194]
 [-0.03256688 -0.01075507 -0.03492958 -0.01956213 -0.00821194  0.9999999 ]]
[2025-11-12 14:55:52,810][src.models.modules.semantic_id.tiger_generation_model][INFO] - [rank: 0] 当前batch的输入Item Hierarchy Embedding相似度矩阵:
[[ 1.0000000e+00  2.5296069e-03  2.4601528e-02  1.7915670e-02
   1.0317004e-02 -1.4830232e-02]
 [ 2.5296069e-03  1.0000000e+00  1.9225981e-02  1.9800793e-02
   8.3522694e-03 -4.7470503e-03]
 [ 2.4601528e-02  1.9225981e-02  1.0000000e+00  1.3414957e-02
   1.2287604e-02 -1.9688502e-02]
 [ 1.7915670e-02  1.9800793e-02  1.3414957e-02  1.0000000e+00
   8.5387187e-04 -7.8389719e-03]
 [ 1.0317004e-02  8.3522694e-03  1.2287604e-02  8.5387187e-04
   1.0000000e+00 -1.3473639e-02]
 [-1.4830232e-02 -4.7470503e-03 -1.9688502e-02 -7.8389719e-03
  -1.3473639e-02  1.0000000e+00]]
[2025-11-12 14:55:53,964][src.models.modules.semantic_id.tiger_generation_model][WARNING] - [rank: 0] Failed to stack cross attentions: stack expects each tensor to be equal size, but got [32, 6, 140] at entry 0 and [32, 6, 2, 140] at entry 1
[2025-11-12 14:55:53,968][src.models.modules.semantic_id.tiger_generation_model][WARNING] - [rank: 0]   Hierarchy 0 shape: torch.Size([32, 6, 140])
[2025-11-12 14:55:53,968][src.models.modules.semantic_id.tiger_generation_model][WARNING] - [rank: 0]   Hierarchy 1 shape: torch.Size([32, 6, 2, 140])
[2025-11-12 14:55:53,968][src.models.modules.semantic_id.tiger_generation_model][WARNING] - [rank: 0]   Hierarchy 2 shape: torch.Size([32, 6, 140])
[2025-11-12 14:55:53,968][src.models.modules.semantic_id.tiger_generation_model][WARNING] - [rank: 0]   Hierarchy 3 shape: torch.Size([32, 6, 140])
[2025-11-12 14:55:53,971][src.models.modules.semantic_id.tiger_generation_model][WARNING] - [rank: 0]   Hierarchy 4 shape: torch.Size([32, 6, 140])
[2025-11-12 14:55:53,971][src.models.modules.semantic_id.tiger_generation_model][WARNING] - [rank: 0]   Hierarchy 5 shape: torch.Size([32, 6, 140])
[2025-11-12 14:55:54,540][src.models.modules.semantic_id.tiger_generation_model][INFO] - [rank: 0] Saved decoder self-attention to ./attention_weights/decoder_self_attention_batch_51.pt
[2025-11-12 14:55:54,544][src.models.modules.semantic_id.tiger_generation_model][INFO] - [rank: 0] Saved encoder attention to ./attention_weights/encoder_attention_batch_51.pt
[2025-11-12 14:55:54,550][src.models.modules.semantic_id.tiger_generation_model][INFO] - [rank: 0] Saved cross attention to ./attention_weights/cross_attention_batch_51.pt
[2025-11-12 14:55:54,570][src.models.modules.semantic_id.tiger_generation_model][INFO] - [rank: 0] 当前batch的生成语义ID Embedding相似度矩阵:
[[ 1.0000000e+00  9.8559363e-03  3.1059025e-02 -1.8733894e-02
   5.7128887e-03 -4.5859985e-02]
 [ 9.8559363e-03  1.0000000e+00  1.8094437e-02  7.4043684e-04
   3.4323245e-02  1.4238548e-02]
 [ 3.1059025e-02  1.8094437e-02  9.9999994e-01 -5.6307027e-03
  -9.6467463e-04 -3.1989034e-02]
 [-1.8733894e-02  7.4043684e-04 -5.6307027e-03  1.0000000e+00
   4.4166641e-03 -2.3643289e-02]
 [ 5.7128887e-03  3.4323245e-02 -9.6467463e-04  4.4166641e-03
   1.0000000e+00 -1.9300649e-02]
 [-4.5859985e-02  1.4238548e-02 -3.1989034e-02 -2.3643289e-02
  -1.9300649e-02  9.9999988e-01]]
[2025-11-12 14:55:55,053][src.models.modules.semantic_id.tiger_generation_model][INFO] - [rank: 0] 当前batch的输入Item Hierarchy Embedding相似度矩阵:
[[ 1.0000000e+00 -2.0340795e-04  2.0920411e-02  1.3244803e-02
   1.1845544e-02 -1.8181099e-02]
 [-2.0340795e-04  1.0000000e+00  1.3785666e-02  1.1518636e-02
  -6.2746387e-03 -1.3435051e-02]
 [ 2.0920411e-02  1.3785666e-02  1.0000000e+00  4.7792718e-03
   9.2129605e-03 -2.9143669e-02]
 [ 1.3244803e-02  1.1518636e-02  4.7792718e-03  1.0000000e+00
   7.3838504e-03 -7.2320770e-03]
 [ 1.1845544e-02 -6.2746387e-03  9.2129605e-03  7.3838504e-03
   1.0000000e+00 -9.8896082e-03]
 [-1.8181099e-02 -1.3435051e-02 -2.9143669e-02 -7.2320770e-03
  -9.8896082e-03  1.0000000e+00]]
[2025-11-12 14:55:56,235][src.models.modules.semantic_id.tiger_generation_model][WARNING] - [rank: 0] Failed to stack cross attentions: stack expects each tensor to be equal size, but got [32, 6, 140] at entry 0 and [32, 6, 2, 140] at entry 1
[2025-11-12 14:55:56,236][src.models.modules.semantic_id.tiger_generation_model][WARNING] - [rank: 0]   Hierarchy 0 shape: torch.Size([32, 6, 140])
[2025-11-12 14:55:56,237][src.models.modules.semantic_id.tiger_generation_model][WARNING] - [rank: 0]   Hierarchy 1 shape: torch.Size([32, 6, 2, 140])
[2025-11-12 14:55:56,237][src.models.modules.semantic_id.tiger_generation_model][WARNING] - [rank: 0]   Hierarchy 2 shape: torch.Size([32, 6, 140])
[2025-11-12 14:55:56,237][src.models.modules.semantic_id.tiger_generation_model][WARNING] - [rank: 0]   Hierarchy 3 shape: torch.Size([32, 6, 140])
[2025-11-12 14:55:56,237][src.models.modules.semantic_id.tiger_generation_model][WARNING] - [rank: 0]   Hierarchy 4 shape: torch.Size([32, 6, 140])
[2025-11-12 14:55:56,237][src.models.modules.semantic_id.tiger_generation_model][WARNING] - [rank: 0]   Hierarchy 5 shape: torch.Size([32, 6, 140])
[2025-11-12 14:55:56,785][src.models.modules.semantic_id.tiger_generation_model][INFO] - [rank: 0] Saved decoder self-attention to ./attention_weights/decoder_self_attention_batch_52.pt
[2025-11-12 14:55:56,785][src.models.modules.semantic_id.tiger_generation_model][INFO] - [rank: 0] Saved encoder attention to ./attention_weights/encoder_attention_batch_52.pt
[2025-11-12 14:55:56,785][src.models.modules.semantic_id.tiger_generation_model][INFO] - [rank: 0] Saved cross attention to ./attention_weights/cross_attention_batch_52.pt
[2025-11-12 14:55:56,791][src.models.modules.semantic_id.tiger_generation_model][INFO] - [rank: 0] 当前batch的生成语义ID Embedding相似度矩阵:
[[ 1.0000000e+00 -8.9327004e-03  2.7638141e-02  3.3593200e-02
   1.0225029e-02 -1.1318732e-02]
 [-8.9327004e-03  1.0000000e+00  6.3911430e-03  6.6486606e-04
   2.7943049e-02  5.3936238e-03]
 [ 2.7638141e-02  6.3911430e-03  1.0000000e+00  9.4227809e-03
  -2.1201489e-04 -1.5680000e-02]
 [ 3.3593200e-02  6.6486606e-04  9.4227809e-03  1.0000000e+00
   1.2857852e-02 -5.8806972e-03]
 [ 1.0225029e-02  2.7943049e-02 -2.1201489e-04  1.2857852e-02
   1.0000000e+00 -1.8933849e-02]
 [-1.1318732e-02  5.3936238e-03 -1.5680000e-02 -5.8806972e-03
  -1.8933849e-02  9.9999988e-01]]
[2025-11-12 14:55:57,569][src.models.modules.semantic_id.tiger_generation_model][INFO] - [rank: 0] 当前batch的输入Item Hierarchy Embedding相似度矩阵:
[[ 1.0000000e+00 -5.5998567e-05  1.7251236e-02  1.5889905e-02
   7.2369687e-03 -2.5106136e-02]
 [-5.5998567e-05  1.0000000e+00  2.1073785e-02  2.0733064e-02
  -1.2506809e-03 -1.6389268e-02]
 [ 1.7251236e-02  2.1073785e-02  1.0000000e+00  1.7195767e-02
   1.2656456e-02 -2.0804500e-02]
 [ 1.5889905e-02  2.0733064e-02  1.7195767e-02  1.0000000e+00
   8.3694542e-03 -1.2803043e-02]
 [ 7.2369687e-03 -1.2506809e-03  1.2656456e-02  8.3694542e-03
   1.0000000e+00 -1.2776353e-02]
 [-2.5106136e-02 -1.6389268e-02 -2.0804500e-02 -1.2803043e-02
  -1.2776353e-02  1.0000000e+00]]
[2025-11-12 14:55:58,930][src.models.modules.semantic_id.tiger_generation_model][WARNING] - [rank: 0] Failed to stack cross attentions: stack expects each tensor to be equal size, but got [32, 6, 140] at entry 0 and [32, 6, 2, 140] at entry 1
[2025-11-12 14:55:58,930][src.models.modules.semantic_id.tiger_generation_model][WARNING] - [rank: 0]   Hierarchy 0 shape: torch.Size([32, 6, 140])
[2025-11-12 14:55:58,930][src.models.modules.semantic_id.tiger_generation_model][WARNING] - [rank: 0]   Hierarchy 1 shape: torch.Size([32, 6, 2, 140])
[2025-11-12 14:55:58,930][src.models.modules.semantic_id.tiger_generation_model][WARNING] - [rank: 0]   Hierarchy 2 shape: torch.Size([32, 6, 140])
[2025-11-12 14:55:58,930][src.models.modules.semantic_id.tiger_generation_model][WARNING] - [rank: 0]   Hierarchy 3 shape: torch.Size([32, 6, 140])
[2025-11-12 14:55:58,931][src.models.modules.semantic_id.tiger_generation_model][WARNING] - [rank: 0]   Hierarchy 4 shape: torch.Size([32, 6, 140])
[2025-11-12 14:55:58,931][src.models.modules.semantic_id.tiger_generation_model][WARNING] - [rank: 0]   Hierarchy 5 shape: torch.Size([32, 6, 140])
[2025-11-12 14:55:59,783][src.models.modules.semantic_id.tiger_generation_model][INFO] - [rank: 0] Saved decoder self-attention to ./attention_weights/decoder_self_attention_batch_53.pt
[2025-11-12 14:55:59,783][src.models.modules.semantic_id.tiger_generation_model][INFO] - [rank: 0] Saved encoder attention to ./attention_weights/encoder_attention_batch_53.pt
[2025-11-12 14:55:59,783][src.models.modules.semantic_id.tiger_generation_model][INFO] - [rank: 0] Saved cross attention to ./attention_weights/cross_attention_batch_53.pt
[2025-11-12 14:55:59,787][src.models.modules.semantic_id.tiger_generation_model][INFO] - [rank: 0] 当前batch的生成语义ID Embedding相似度矩阵:
[[ 1.          0.01004593  0.03164     0.0377962   0.01914579 -0.01644375]
 [ 0.01004593  1.          0.01329341  0.01715529  0.01202025 -0.0186904 ]
 [ 0.03164     0.01329341  1.          0.03120192 -0.00555029 -0.02403474]
 [ 0.0377962   0.01715529  0.03120192  1.          0.00427558  0.012541  ]
 [ 0.01914579  0.01202025 -0.00555029  0.00427558  1.         -0.0190864 ]
 [-0.01644375 -0.0186904  -0.02403474  0.012541   -0.0190864   0.9999999 ]]
[2025-11-12 14:55:59,997][src.models.modules.semantic_id.tiger_generation_model][INFO] - [rank: 0] 当前batch的输入Item Hierarchy Embedding相似度矩阵:
[[ 1.0000000e+00  6.8404144e-03  1.3808250e-02  1.8617572e-02
   1.3345152e-02 -1.3554883e-02]
 [ 6.8404144e-03  1.0000000e+00  1.7083505e-02  1.6485235e-02
  -3.7907304e-03 -9.7654397e-03]
 [ 1.3808250e-02  1.7083505e-02  1.0000000e+00  2.8174572e-02
   1.0355866e-02 -2.9146228e-02]
 [ 1.8617572e-02  1.6485235e-02  2.8174572e-02  1.0000000e+00
   1.3291000e-02  1.9497753e-04]
 [ 1.3345152e-02 -3.7907304e-03  1.0355866e-02  1.3291000e-02
   1.0000000e+00 -1.6122181e-02]
 [-1.3554883e-02 -9.7654397e-03 -2.9146228e-02  1.9497753e-04
  -1.6122181e-02  9.9999982e-01]]
[2025-11-12 14:56:01,468][src.models.modules.semantic_id.tiger_generation_model][WARNING] - [rank: 0] Failed to stack cross attentions: stack expects each tensor to be equal size, but got [32, 6, 140] at entry 0 and [32, 6, 2, 140] at entry 1
[2025-11-12 14:56:01,469][src.models.modules.semantic_id.tiger_generation_model][WARNING] - [rank: 0]   Hierarchy 0 shape: torch.Size([32, 6, 140])
[2025-11-12 14:56:01,469][src.models.modules.semantic_id.tiger_generation_model][WARNING] - [rank: 0]   Hierarchy 1 shape: torch.Size([32, 6, 2, 140])
[2025-11-12 14:56:01,469][src.models.modules.semantic_id.tiger_generation_model][WARNING] - [rank: 0]   Hierarchy 2 shape: torch.Size([32, 6, 140])
[2025-11-12 14:56:01,469][src.models.modules.semantic_id.tiger_generation_model][WARNING] - [rank: 0]   Hierarchy 3 shape: torch.Size([32, 6, 140])
[2025-11-12 14:56:01,470][src.models.modules.semantic_id.tiger_generation_model][WARNING] - [rank: 0]   Hierarchy 4 shape: torch.Size([32, 6, 140])
[2025-11-12 14:56:01,470][src.models.modules.semantic_id.tiger_generation_model][WARNING] - [rank: 0]   Hierarchy 5 shape: torch.Size([32, 6, 140])
[2025-11-12 14:56:01,909][src.models.modules.semantic_id.tiger_generation_model][INFO] - [rank: 0] Saved decoder self-attention to ./attention_weights/decoder_self_attention_batch_54.pt
[2025-11-12 14:56:01,931][src.models.modules.semantic_id.tiger_generation_model][INFO] - [rank: 0] Saved encoder attention to ./attention_weights/encoder_attention_batch_54.pt
[2025-11-12 14:56:01,932][src.models.modules.semantic_id.tiger_generation_model][INFO] - [rank: 0] Saved cross attention to ./attention_weights/cross_attention_batch_54.pt
[2025-11-12 14:56:01,937][src.models.modules.semantic_id.tiger_generation_model][INFO] - [rank: 0] 当前batch的生成语义ID Embedding相似度矩阵:
[[ 1.         -0.00855943 -0.0053575   0.0168218   0.02240486 -0.03337582]
 [-0.00855943  1.          0.00429047  0.02851268  0.00372083 -0.00882955]
 [-0.0053575   0.00429047  1.          0.02369306  0.02765921 -0.03619609]
 [ 0.0168218   0.02851268  0.02369306  1.         -0.02253921  0.00678449]
 [ 0.02240486  0.00372083  0.02765921 -0.02253921  1.         -0.02851858]
 [-0.03337582 -0.00882955 -0.03619609  0.00678449 -0.02851858  0.9999999 ]]
[2025-11-12 14:56:02,669][src.models.modules.semantic_id.tiger_generation_model][INFO] - [rank: 0] 当前batch的输入Item Hierarchy Embedding相似度矩阵:
[[ 1.0000000e+00 -1.1057371e-03  1.4434484e-02  1.2386621e-02
   1.5172457e-02 -2.1869125e-02]
 [-1.1057371e-03  1.0000000e+00  2.0457324e-02  1.4129348e-02
  -5.9769105e-04 -8.3405804e-03]
 [ 1.4434484e-02  2.0457324e-02  1.0000000e+00  2.1254208e-02
   8.5315984e-03 -3.5962917e-02]
 [ 1.2386621e-02  1.4129348e-02  2.1254208e-02  1.0000000e+00
  -3.2235070e-03 -8.4636053e-03]
 [ 1.5172457e-02 -5.9769105e-04  8.5315984e-03 -3.2235070e-03
   1.0000000e+00 -1.3406453e-02]
 [-2.1869125e-02 -8.3405804e-03 -3.5962917e-02 -8.4636053e-03
  -1.3406453e-02  9.9999976e-01]]
[2025-11-12 14:56:03,910][src.models.modules.semantic_id.tiger_generation_model][WARNING] - [rank: 0] Failed to stack cross attentions: stack expects each tensor to be equal size, but got [32, 6, 140] at entry 0 and [32, 6, 2, 140] at entry 1
[2025-11-12 14:56:03,910][src.models.modules.semantic_id.tiger_generation_model][WARNING] - [rank: 0]   Hierarchy 0 shape: torch.Size([32, 6, 140])
[2025-11-12 14:56:03,911][src.models.modules.semantic_id.tiger_generation_model][WARNING] - [rank: 0]   Hierarchy 1 shape: torch.Size([32, 6, 2, 140])
[2025-11-12 14:56:03,911][src.models.modules.semantic_id.tiger_generation_model][WARNING] - [rank: 0]   Hierarchy 2 shape: torch.Size([32, 6, 140])
[2025-11-12 14:56:03,911][src.models.modules.semantic_id.tiger_generation_model][WARNING] - [rank: 0]   Hierarchy 3 shape: torch.Size([32, 6, 140])
[2025-11-12 14:56:03,911][src.models.modules.semantic_id.tiger_generation_model][WARNING] - [rank: 0]   Hierarchy 4 shape: torch.Size([32, 6, 140])
[2025-11-12 14:56:03,911][src.models.modules.semantic_id.tiger_generation_model][WARNING] - [rank: 0]   Hierarchy 5 shape: torch.Size([32, 6, 140])
[2025-11-12 14:56:04,414][src.models.modules.semantic_id.tiger_generation_model][INFO] - [rank: 0] Saved decoder self-attention to ./attention_weights/decoder_self_attention_batch_55.pt
[2025-11-12 14:56:04,414][src.models.modules.semantic_id.tiger_generation_model][INFO] - [rank: 0] Saved encoder attention to ./attention_weights/encoder_attention_batch_55.pt
[2025-11-12 14:56:04,414][src.models.modules.semantic_id.tiger_generation_model][INFO] - [rank: 0] Saved cross attention to ./attention_weights/cross_attention_batch_55.pt
[2025-11-12 14:56:04,420][src.models.modules.semantic_id.tiger_generation_model][INFO] - [rank: 0] 当前batch的生成语义ID Embedding相似度矩阵:
[[ 1.0000000e+00 -1.0370402e-02 -6.5901089e-03 -8.4233396e-03
   3.7021335e-02 -2.2951111e-02]
 [-1.0370402e-02  1.0000000e+00  2.5254343e-02 -7.6130065e-03
   1.7117055e-02 -2.9819079e-02]
 [-6.5901089e-03  2.5254343e-02  1.0000000e+00  1.8470014e-02
  -2.5397865e-04 -3.5757206e-02]
 [-8.4233396e-03 -7.6130065e-03  1.8470014e-02  1.0000000e+00
  -7.1762903e-03 -2.8677722e-02]
 [ 3.7021335e-02  1.7117055e-02 -2.5397865e-04 -7.1762903e-03
   1.0000000e+00 -2.2653740e-02]
 [-2.2951111e-02 -2.9819079e-02 -3.5757206e-02 -2.8677722e-02
  -2.2653740e-02  9.9999988e-01]]
[2025-11-12 14:56:04,833][src.models.modules.semantic_id.tiger_generation_model][INFO] - [rank: 0] 当前batch的输入Item Hierarchy Embedding相似度矩阵:
[[ 1.         -0.00656693  0.01927521  0.01344287  0.0032722  -0.00900908]
 [-0.00656693  1.          0.00507198  0.01715018  0.01038822 -0.02338066]
 [ 0.01927521  0.00507198  1.          0.01604173 -0.00935758 -0.02434741]
 [ 0.01344287  0.01715018  0.01604173  1.          0.01183143 -0.01368717]
 [ 0.0032722   0.01038822 -0.00935758  0.01183143  1.         -0.01467934]
 [-0.00900908 -0.02338066 -0.02434741 -0.01368717 -0.01467934  0.99999994]]
[2025-11-12 14:56:06,036][src.models.modules.semantic_id.tiger_generation_model][WARNING] - [rank: 0] Failed to stack cross attentions: stack expects each tensor to be equal size, but got [32, 6, 140] at entry 0 and [32, 6, 2, 140] at entry 1
[2025-11-12 14:56:06,037][src.models.modules.semantic_id.tiger_generation_model][WARNING] - [rank: 0]   Hierarchy 0 shape: torch.Size([32, 6, 140])
[2025-11-12 14:56:06,037][src.models.modules.semantic_id.tiger_generation_model][WARNING] - [rank: 0]   Hierarchy 1 shape: torch.Size([32, 6, 2, 140])
[2025-11-12 14:56:06,037][src.models.modules.semantic_id.tiger_generation_model][WARNING] - [rank: 0]   Hierarchy 2 shape: torch.Size([32, 6, 140])
[2025-11-12 14:56:06,037][src.models.modules.semantic_id.tiger_generation_model][WARNING] - [rank: 0]   Hierarchy 3 shape: torch.Size([32, 6, 140])
[2025-11-12 14:56:06,037][src.models.modules.semantic_id.tiger_generation_model][WARNING] - [rank: 0]   Hierarchy 4 shape: torch.Size([32, 6, 140])
[2025-11-12 14:56:06,038][src.models.modules.semantic_id.tiger_generation_model][WARNING] - [rank: 0]   Hierarchy 5 shape: torch.Size([32, 6, 140])
[2025-11-12 14:56:06,575][src.models.modules.semantic_id.tiger_generation_model][INFO] - [rank: 0] Saved decoder self-attention to ./attention_weights/decoder_self_attention_batch_56.pt
[2025-11-12 14:56:06,576][src.models.modules.semantic_id.tiger_generation_model][INFO] - [rank: 0] Saved encoder attention to ./attention_weights/encoder_attention_batch_56.pt
[2025-11-12 14:56:06,576][src.models.modules.semantic_id.tiger_generation_model][INFO] - [rank: 0] Saved cross attention to ./attention_weights/cross_attention_batch_56.pt
[2025-11-12 14:56:06,582][src.models.modules.semantic_id.tiger_generation_model][INFO] - [rank: 0] 当前batch的生成语义ID Embedding相似度矩阵:
[[ 1.         -0.01351122  0.03356418  0.03389753  0.00517114 -0.00873415]
 [-0.01351122  0.99999994  0.01079819  0.02160694  0.01297643 -0.00800668]
 [ 0.03356418  0.01079819  1.          0.01643123 -0.00886757 -0.01221269]
 [ 0.03389753  0.02160694  0.01643123  1.         -0.0103729  -0.01839196]
 [ 0.00517114  0.01297643 -0.00886757 -0.0103729   1.         -0.00292593]
 [-0.00873415 -0.00800668 -0.01221269 -0.01839196 -0.00292593  0.9999999 ]]
[2025-11-12 14:56:07,292][src.models.modules.semantic_id.tiger_generation_model][INFO] - [rank: 0] 当前batch的输入Item Hierarchy Embedding相似度矩阵:
[[ 1.00000000e+00  1.44272875e-02  1.62441693e-02  1.30576678e-02
   4.93584899e-03 -1.62754264e-02]
 [ 1.44272875e-02  1.00000000e+00  1.80029627e-02  1.00083882e-02
   9.05646011e-03 -1.58777125e-02]
 [ 1.62441693e-02  1.80029627e-02  1.00000000e+00  1.77025236e-02
  -2.19929265e-03 -2.66433656e-02]
 [ 1.30576678e-02  1.00083882e-02  1.77025236e-02  1.00000000e+00
   2.90619023e-03 -2.05736389e-04]
 [ 4.93584899e-03  9.05646011e-03 -2.19929265e-03  2.90619023e-03
   1.00000000e+00 -8.02231859e-03]
 [-1.62754264e-02 -1.58777125e-02 -2.66433656e-02 -2.05736389e-04
  -8.02231859e-03  1.00000000e+00]]
[2025-11-12 14:56:08,355][src.models.modules.semantic_id.tiger_generation_model][WARNING] - [rank: 0] Failed to stack cross attentions: stack expects each tensor to be equal size, but got [32, 6, 140] at entry 0 and [32, 6, 2, 140] at entry 1
[2025-11-12 14:56:08,356][src.models.modules.semantic_id.tiger_generation_model][WARNING] - [rank: 0]   Hierarchy 0 shape: torch.Size([32, 6, 140])
[2025-11-12 14:56:08,356][src.models.modules.semantic_id.tiger_generation_model][WARNING] - [rank: 0]   Hierarchy 1 shape: torch.Size([32, 6, 2, 140])
[2025-11-12 14:56:08,356][src.models.modules.semantic_id.tiger_generation_model][WARNING] - [rank: 0]   Hierarchy 2 shape: torch.Size([32, 6, 140])
[2025-11-12 14:56:08,357][src.models.modules.semantic_id.tiger_generation_model][WARNING] - [rank: 0]   Hierarchy 3 shape: torch.Size([32, 6, 140])
[2025-11-12 14:56:08,357][src.models.modules.semantic_id.tiger_generation_model][WARNING] - [rank: 0]   Hierarchy 4 shape: torch.Size([32, 6, 140])
[2025-11-12 14:56:08,357][src.models.modules.semantic_id.tiger_generation_model][WARNING] - [rank: 0]   Hierarchy 5 shape: torch.Size([32, 6, 140])
[2025-11-12 14:56:08,808][src.models.modules.semantic_id.tiger_generation_model][INFO] - [rank: 0] Saved decoder self-attention to ./attention_weights/decoder_self_attention_batch_57.pt
[2025-11-12 14:56:08,808][src.models.modules.semantic_id.tiger_generation_model][INFO] - [rank: 0] Saved encoder attention to ./attention_weights/encoder_attention_batch_57.pt
[2025-11-12 14:56:08,808][src.models.modules.semantic_id.tiger_generation_model][INFO] - [rank: 0] Saved cross attention to ./attention_weights/cross_attention_batch_57.pt
[2025-11-12 14:56:08,813][src.models.modules.semantic_id.tiger_generation_model][INFO] - [rank: 0] 当前batch的生成语义ID Embedding相似度矩阵:
[[ 1.          0.03015661  0.01391681 -0.0030516   0.01778145 -0.04634745]
 [ 0.03015661  1.          0.0350323   0.03449702  0.00479759 -0.00663085]
 [ 0.01391681  0.0350323   1.          0.05377036  0.018098   -0.02231778]
 [-0.0030516   0.03449702  0.05377036  1.          0.00864526 -0.01828676]
 [ 0.01778145  0.00479759  0.018098    0.00864526  1.         -0.00366369]
 [-0.04634745 -0.00663085 -0.02231778 -0.01828676 -0.00366369  0.9999999 ]]
[2025-11-12 14:56:08,976][src.models.modules.semantic_id.tiger_generation_model][INFO] - [rank: 0] 当前batch的输入Item Hierarchy Embedding相似度矩阵:
[[ 1.0000000e+00  6.2570875e-03  1.6163789e-02  8.5915811e-03
   2.0580916e-02 -2.4647476e-02]
 [ 6.2570875e-03  1.0000000e+00  1.8219294e-02  2.1326259e-02
   1.2649986e-02 -9.7760570e-04]
 [ 1.6163789e-02  1.8219294e-02  1.0000000e+00  2.3531299e-02
   1.3218599e-02 -2.1401968e-02]
 [ 8.5915811e-03  2.1326259e-02  2.3531299e-02  1.0000000e+00
  -8.4400466e-03 -6.1178952e-03]
 [ 2.0580916e-02  1.2649986e-02  1.3218599e-02 -8.4400466e-03
   1.0000000e+00 -1.0196330e-02]
 [-2.4647476e-02 -9.7760570e-04 -2.1401968e-02 -6.1178952e-03
  -1.0196330e-02  9.9999976e-01]]
[2025-11-12 14:56:10,154][src.models.modules.semantic_id.tiger_generation_model][WARNING] - [rank: 0] Failed to stack cross attentions: stack expects each tensor to be equal size, but got [32, 6, 140] at entry 0 and [32, 6, 2, 140] at entry 1
[2025-11-12 14:56:10,155][src.models.modules.semantic_id.tiger_generation_model][WARNING] - [rank: 0]   Hierarchy 0 shape: torch.Size([32, 6, 140])
[2025-11-12 14:56:10,155][src.models.modules.semantic_id.tiger_generation_model][WARNING] - [rank: 0]   Hierarchy 1 shape: torch.Size([32, 6, 2, 140])
[2025-11-12 14:56:10,155][src.models.modules.semantic_id.tiger_generation_model][WARNING] - [rank: 0]   Hierarchy 2 shape: torch.Size([32, 6, 140])
[2025-11-12 14:56:10,155][src.models.modules.semantic_id.tiger_generation_model][WARNING] - [rank: 0]   Hierarchy 3 shape: torch.Size([32, 6, 140])
[2025-11-12 14:56:10,156][src.models.modules.semantic_id.tiger_generation_model][WARNING] - [rank: 0]   Hierarchy 4 shape: torch.Size([32, 6, 140])
[2025-11-12 14:56:10,156][src.models.modules.semantic_id.tiger_generation_model][WARNING] - [rank: 0]   Hierarchy 5 shape: torch.Size([32, 6, 140])
[2025-11-12 14:56:10,324][src.models.modules.semantic_id.tiger_generation_model][INFO] - [rank: 0] Saved decoder self-attention to ./attention_weights/decoder_self_attention_batch_58.pt
[2025-11-12 14:56:10,325][src.models.modules.semantic_id.tiger_generation_model][INFO] - [rank: 0] Saved encoder attention to ./attention_weights/encoder_attention_batch_58.pt
[2025-11-12 14:56:10,327][src.models.modules.semantic_id.tiger_generation_model][INFO] - [rank: 0] Saved cross attention to ./attention_weights/cross_attention_batch_58.pt
[2025-11-12 14:56:10,336][src.models.modules.semantic_id.tiger_generation_model][INFO] - [rank: 0] 当前batch的生成语义ID Embedding相似度矩阵:
[[ 1.0000000e+00  2.9172422e-04 -3.5952278e-03  1.8732212e-02
   8.8726841e-03 -3.7741221e-02]
 [ 2.9172422e-04  1.0000000e+00  1.5901331e-02  2.5589282e-02
  -8.2684048e-03 -5.8306018e-03]
 [-3.5952278e-03  1.5901331e-02  1.0000000e+00  2.7074257e-02
  -9.8658288e-03 -4.5220360e-02]
 [ 1.8732212e-02  2.5589282e-02  2.7074257e-02  1.0000000e+00
  -2.0739170e-02 -8.7618241e-03]
 [ 8.8726841e-03 -8.2684048e-03 -9.8658288e-03 -2.0739170e-02
   1.0000000e+00 -1.8640546e-02]
 [-3.7741221e-02 -5.8306018e-03 -4.5220360e-02 -8.7618241e-03
  -1.8640546e-02  9.9999988e-01]]
[2025-11-12 14:56:10,543][src.models.modules.semantic_id.tiger_generation_model][INFO] - [rank: 0] 当前batch的输入Item Hierarchy Embedding相似度矩阵:
[[ 1.          0.00425698  0.01309165  0.00578718  0.01124611 -0.0320162 ]
 [ 0.00425698  1.          0.01823361  0.01402942  0.00762916 -0.01085526]
 [ 0.01309165  0.01823361  1.          0.02317323  0.01171859 -0.02013491]
 [ 0.00578718  0.01402942  0.02317323  1.          0.00215131 -0.00631606]
 [ 0.01124611  0.00762916  0.01171859  0.00215131  1.         -0.0204184 ]
 [-0.0320162  -0.01085526 -0.02013491 -0.00631606 -0.0204184   0.9999998 ]]
[2025-11-12 14:56:11,632][src.models.modules.semantic_id.tiger_generation_model][WARNING] - [rank: 0] Failed to stack cross attentions: stack expects each tensor to be equal size, but got [32, 6, 140] at entry 0 and [32, 6, 2, 140] at entry 1
[2025-11-12 14:56:11,632][src.models.modules.semantic_id.tiger_generation_model][WARNING] - [rank: 0]   Hierarchy 0 shape: torch.Size([32, 6, 140])
[2025-11-12 14:56:11,632][src.models.modules.semantic_id.tiger_generation_model][WARNING] - [rank: 0]   Hierarchy 1 shape: torch.Size([32, 6, 2, 140])
[2025-11-12 14:56:11,633][src.models.modules.semantic_id.tiger_generation_model][WARNING] - [rank: 0]   Hierarchy 2 shape: torch.Size([32, 6, 140])
[2025-11-12 14:56:11,633][src.models.modules.semantic_id.tiger_generation_model][WARNING] - [rank: 0]   Hierarchy 3 shape: torch.Size([32, 6, 140])
[2025-11-12 14:56:11,633][src.models.modules.semantic_id.tiger_generation_model][WARNING] - [rank: 0]   Hierarchy 4 shape: torch.Size([32, 6, 140])
[2025-11-12 14:56:11,633][src.models.modules.semantic_id.tiger_generation_model][WARNING] - [rank: 0]   Hierarchy 5 shape: torch.Size([32, 6, 140])
[2025-11-12 14:56:11,995][src.models.modules.semantic_id.tiger_generation_model][INFO] - [rank: 0] Saved decoder self-attention to ./attention_weights/decoder_self_attention_batch_59.pt
[2025-11-12 14:56:11,996][src.models.modules.semantic_id.tiger_generation_model][INFO] - [rank: 0] Saved encoder attention to ./attention_weights/encoder_attention_batch_59.pt
[2025-11-12 14:56:11,997][src.models.modules.semantic_id.tiger_generation_model][INFO] - [rank: 0] Saved cross attention to ./attention_weights/cross_attention_batch_59.pt
[2025-11-12 14:56:12,014][src.models.modules.semantic_id.tiger_generation_model][INFO] - [rank: 0] 当前batch的生成语义ID Embedding相似度矩阵:
[[ 1.0000000e+00 -8.9547075e-03  1.7052643e-02  7.8691700e-03
   8.8274134e-03 -3.4704000e-02]
 [-8.9547075e-03  1.0000000e+00  1.5214970e-02  2.7382515e-02
   2.1139702e-02  1.2655245e-02]
 [ 1.7052643e-02  1.5214970e-02  1.0000000e+00 -1.8239394e-04
  -1.1498537e-03 -4.5753170e-02]
 [ 7.8691700e-03  2.7382515e-02 -1.8239394e-04  1.0000000e+00
  -7.9048062e-03 -2.4200331e-02]
 [ 8.8274134e-03  2.1139702e-02 -1.1498537e-03 -7.9048062e-03
   9.9999994e-01 -4.2345314e-03]
 [-3.4704000e-02  1.2655245e-02 -4.5753170e-02 -2.4200331e-02
  -4.2345314e-03  9.9999988e-01]]
[2025-11-12 14:56:12,534][src.models.modules.semantic_id.tiger_generation_model][INFO] - [rank: 0] 当前batch的输入Item Hierarchy Embedding相似度矩阵:
[[ 1.          0.00689878  0.02485755  0.01684831  0.00267659 -0.01660887]
 [ 0.00689878  1.          0.02974415  0.01254572  0.0014439  -0.01690764]
 [ 0.02485755  0.02974415  1.          0.0154072   0.01017087 -0.02235159]
 [ 0.01684831  0.01254572  0.0154072   1.         -0.00132006 -0.00682722]
 [ 0.00267659  0.0014439   0.01017087 -0.00132006  1.         -0.00955501]
 [-0.01660887 -0.01690764 -0.02235159 -0.00682722 -0.00955501  0.99999976]]
[2025-11-12 14:56:13,292][src.models.modules.semantic_id.tiger_generation_model][WARNING] - [rank: 0] Failed to stack cross attentions: stack expects each tensor to be equal size, but got [32, 6, 140] at entry 0 and [32, 6, 2, 140] at entry 1
[2025-11-12 14:56:13,293][src.models.modules.semantic_id.tiger_generation_model][WARNING] - [rank: 0]   Hierarchy 0 shape: torch.Size([32, 6, 140])
[2025-11-12 14:56:13,293][src.models.modules.semantic_id.tiger_generation_model][WARNING] - [rank: 0]   Hierarchy 1 shape: torch.Size([32, 6, 2, 140])
[2025-11-12 14:56:13,293][src.models.modules.semantic_id.tiger_generation_model][WARNING] - [rank: 0]   Hierarchy 2 shape: torch.Size([32, 6, 140])
[2025-11-12 14:56:13,293][src.models.modules.semantic_id.tiger_generation_model][WARNING] - [rank: 0]   Hierarchy 3 shape: torch.Size([32, 6, 140])
[2025-11-12 14:56:13,294][src.models.modules.semantic_id.tiger_generation_model][WARNING] - [rank: 0]   Hierarchy 4 shape: torch.Size([32, 6, 140])
[2025-11-12 14:56:13,294][src.models.modules.semantic_id.tiger_generation_model][WARNING] - [rank: 0]   Hierarchy 5 shape: torch.Size([32, 6, 140])
[2025-11-12 14:56:13,508][src.models.modules.semantic_id.tiger_generation_model][INFO] - [rank: 0] Saved decoder self-attention to ./attention_weights/decoder_self_attention_batch_60.pt
[2025-11-12 14:56:13,509][src.models.modules.semantic_id.tiger_generation_model][INFO] - [rank: 0] Saved encoder attention to ./attention_weights/encoder_attention_batch_60.pt
[2025-11-12 14:56:13,516][src.models.modules.semantic_id.tiger_generation_model][INFO] - [rank: 0] Saved cross attention to ./attention_weights/cross_attention_batch_60.pt
[2025-11-12 14:56:13,522][src.models.modules.semantic_id.tiger_generation_model][INFO] - [rank: 0] 当前batch的生成语义ID Embedding相似度矩阵:
[[ 1.0000000e+00  2.0812724e-02 -3.1231176e-02  4.2810631e-03
   2.2367366e-02 -2.2260640e-02]
 [ 2.0812724e-02  1.0000000e+00  3.3943787e-02  1.2764454e-02
  -3.9242394e-04 -3.8029037e-02]
 [-3.1231176e-02  3.3943787e-02  1.0000000e+00  1.8222444e-04
   6.8355384e-03 -7.2796554e-03]
 [ 4.2810631e-03  1.2764454e-02  1.8222444e-04  1.0000000e+00
   1.4583424e-02 -2.6182070e-02]
 [ 2.2367366e-02 -3.9242394e-04  6.8355384e-03  1.4583424e-02
   1.0000000e+00 -1.9226622e-02]
 [-2.2260640e-02 -3.8029037e-02 -7.2796554e-03 -2.6182070e-02
  -1.9226622e-02  9.9999988e-01]]
[2025-11-12 14:56:14,219][src.models.modules.semantic_id.tiger_generation_model][INFO] - [rank: 0] 当前batch的输入Item Hierarchy Embedding相似度矩阵:
[[ 1.0000000e+00  1.6638549e-02  1.9171417e-02  1.2365929e-02
   1.3298392e-02 -1.1706958e-02]
 [ 1.6638549e-02  1.0000000e+00  1.2153336e-02  9.3654534e-03
   2.5246569e-03 -6.0254685e-03]
 [ 1.9171417e-02  1.2153336e-02  1.0000000e+00  1.7560843e-02
   1.4226861e-02 -1.8111633e-02]
 [ 1.2365929e-02  9.3654534e-03  1.7560843e-02  1.0000000e+00
   3.5755031e-04 -6.3113538e-03]
 [ 1.3298392e-02  2.5246569e-03  1.4226861e-02  3.5755031e-04
   1.0000000e+00 -2.0385783e-02]
 [-1.1706958e-02 -6.0254685e-03 -1.8111633e-02 -6.3113538e-03
  -2.0385783e-02  9.9999976e-01]]
[2025-11-12 14:56:15,188][src.models.modules.semantic_id.tiger_generation_model][WARNING] - [rank: 0] Failed to stack cross attentions: stack expects each tensor to be equal size, but got [32, 6, 140] at entry 0 and [32, 6, 2, 140] at entry 1
[2025-11-12 14:56:15,189][src.models.modules.semantic_id.tiger_generation_model][WARNING] - [rank: 0]   Hierarchy 0 shape: torch.Size([32, 6, 140])
[2025-11-12 14:56:15,189][src.models.modules.semantic_id.tiger_generation_model][WARNING] - [rank: 0]   Hierarchy 1 shape: torch.Size([32, 6, 2, 140])
[2025-11-12 14:56:15,189][src.models.modules.semantic_id.tiger_generation_model][WARNING] - [rank: 0]   Hierarchy 2 shape: torch.Size([32, 6, 140])
[2025-11-12 14:56:15,189][src.models.modules.semantic_id.tiger_generation_model][WARNING] - [rank: 0]   Hierarchy 3 shape: torch.Size([32, 6, 140])
[2025-11-12 14:56:15,189][src.models.modules.semantic_id.tiger_generation_model][WARNING] - [rank: 0]   Hierarchy 4 shape: torch.Size([32, 6, 140])
[2025-11-12 14:56:15,190][src.models.modules.semantic_id.tiger_generation_model][WARNING] - [rank: 0]   Hierarchy 5 shape: torch.Size([32, 6, 140])
[2025-11-12 14:56:15,482][src.models.modules.semantic_id.tiger_generation_model][INFO] - [rank: 0] Saved decoder self-attention to ./attention_weights/decoder_self_attention_batch_61.pt
[2025-11-12 14:56:15,483][src.models.modules.semantic_id.tiger_generation_model][INFO] - [rank: 0] Saved encoder attention to ./attention_weights/encoder_attention_batch_61.pt
[2025-11-12 14:56:15,483][src.models.modules.semantic_id.tiger_generation_model][INFO] - [rank: 0] Saved cross attention to ./attention_weights/cross_attention_batch_61.pt
[2025-11-12 14:56:15,489][src.models.modules.semantic_id.tiger_generation_model][INFO] - [rank: 0] 当前batch的生成语义ID Embedding相似度矩阵:
[[ 1.          0.01155794 -0.02747604  0.00793896  0.02587946 -0.03416903]
 [ 0.01155794  1.          0.01191053  0.00707664  0.01455207 -0.00452769]
 [-0.02747604  0.01191053  1.          0.04792779  0.02434857 -0.02161648]
 [ 0.00793896  0.00707664  0.04792779  1.          0.00138158 -0.00759718]
 [ 0.02587946  0.01455207  0.02434857  0.00138158  1.         -0.01428833]
 [-0.03416903 -0.00452769 -0.02161648 -0.00759718 -0.01428833  0.9999999 ]]
[2025-11-12 14:56:15,696][src.models.modules.semantic_id.tiger_generation_model][INFO] - [rank: 0] 当前batch的输入Item Hierarchy Embedding相似度矩阵:
[[ 1.          0.01040936  0.02205074  0.004511    0.01127322 -0.0123942 ]
 [ 0.01040936  1.          0.01852081  0.00921914 -0.00375482 -0.02375651]
 [ 0.02205074  0.01852081  1.          0.02432023 -0.00985529 -0.01776403]
 [ 0.004511    0.00921914  0.02432023  1.         -0.00745923 -0.01922875]
 [ 0.01127322 -0.00375482 -0.00985529 -0.00745923  1.         -0.01182693]
 [-0.0123942  -0.02375651 -0.01776403 -0.01922875 -0.01182693  1.        ]]
[2025-11-12 14:56:17,259][src.models.modules.semantic_id.tiger_generation_model][WARNING] - [rank: 0] Failed to stack cross attentions: stack expects each tensor to be equal size, but got [32, 6, 140] at entry 0 and [32, 6, 2, 140] at entry 1
[2025-11-12 14:56:17,260][src.models.modules.semantic_id.tiger_generation_model][WARNING] - [rank: 0]   Hierarchy 0 shape: torch.Size([32, 6, 140])
[2025-11-12 14:56:17,260][src.models.modules.semantic_id.tiger_generation_model][WARNING] - [rank: 0]   Hierarchy 1 shape: torch.Size([32, 6, 2, 140])
[2025-11-12 14:56:17,260][src.models.modules.semantic_id.tiger_generation_model][WARNING] - [rank: 0]   Hierarchy 2 shape: torch.Size([32, 6, 140])
[2025-11-12 14:56:17,260][src.models.modules.semantic_id.tiger_generation_model][WARNING] - [rank: 0]   Hierarchy 3 shape: torch.Size([32, 6, 140])
[2025-11-12 14:56:17,260][src.models.modules.semantic_id.tiger_generation_model][WARNING] - [rank: 0]   Hierarchy 4 shape: torch.Size([32, 6, 140])
[2025-11-12 14:56:17,261][src.models.modules.semantic_id.tiger_generation_model][WARNING] - [rank: 0]   Hierarchy 5 shape: torch.Size([32, 6, 140])
[2025-11-12 14:56:17,766][src.models.modules.semantic_id.tiger_generation_model][INFO] - [rank: 0] Saved decoder self-attention to ./attention_weights/decoder_self_attention_batch_62.pt
[2025-11-12 14:56:17,769][src.models.modules.semantic_id.tiger_generation_model][INFO] - [rank: 0] Saved encoder attention to ./attention_weights/encoder_attention_batch_62.pt
[2025-11-12 14:56:17,771][src.models.modules.semantic_id.tiger_generation_model][INFO] - [rank: 0] Saved cross attention to ./attention_weights/cross_attention_batch_62.pt
[2025-11-12 14:56:17,787][src.models.modules.semantic_id.tiger_generation_model][INFO] - [rank: 0] 当前batch的生成语义ID Embedding相似度矩阵:
[[ 0.99999994  0.00356854  0.01111292 -0.00794533  0.01379036  0.00333803]
 [ 0.00356854  1.          0.03103801  0.04317741  0.01663227 -0.01948809]
 [ 0.01111292  0.03103801  1.          0.02817832  0.00515081 -0.0119653 ]
 [-0.00794533  0.04317741  0.02817832  1.          0.01558203 -0.00960833]
 [ 0.01379036  0.01663227  0.00515081  0.01558203  1.         -0.01787414]
 [ 0.00333803 -0.01948809 -0.0119653  -0.00960833 -0.01787414  0.9999999 ]]
[2025-11-12 14:56:18,241][src.models.modules.semantic_id.tiger_generation_model][INFO] - [rank: 0] 当前batch的输入Item Hierarchy Embedding相似度矩阵:
[[ 1.          0.00233014  0.01545292  0.01109958  0.02323405 -0.01633212]
 [ 0.00233014  1.          0.01362713  0.00853137  0.00185449 -0.02649316]
 [ 0.01545292  0.01362713  1.          0.0220441   0.00148235 -0.02554584]
 [ 0.01109958  0.00853137  0.0220441   1.          0.00537076 -0.00234258]
 [ 0.02323405  0.00185449  0.00148235  0.00537076  1.         -0.0175463 ]
 [-0.01633212 -0.02649316 -0.02554584 -0.00234258 -0.0175463   0.9999999 ]]
[2025-11-12 14:56:19,428][src.models.modules.semantic_id.tiger_generation_model][WARNING] - [rank: 0] Failed to stack cross attentions: stack expects each tensor to be equal size, but got [32, 6, 140] at entry 0 and [32, 6, 2, 140] at entry 1
[2025-11-12 14:56:19,429][src.models.modules.semantic_id.tiger_generation_model][WARNING] - [rank: 0]   Hierarchy 0 shape: torch.Size([32, 6, 140])
[2025-11-12 14:56:19,429][src.models.modules.semantic_id.tiger_generation_model][WARNING] - [rank: 0]   Hierarchy 1 shape: torch.Size([32, 6, 2, 140])
[2025-11-12 14:56:19,430][src.models.modules.semantic_id.tiger_generation_model][WARNING] - [rank: 0]   Hierarchy 2 shape: torch.Size([32, 6, 140])
[2025-11-12 14:56:19,430][src.models.modules.semantic_id.tiger_generation_model][WARNING] - [rank: 0]   Hierarchy 3 shape: torch.Size([32, 6, 140])
[2025-11-12 14:56:19,430][src.models.modules.semantic_id.tiger_generation_model][WARNING] - [rank: 0]   Hierarchy 4 shape: torch.Size([32, 6, 140])
[2025-11-12 14:56:19,430][src.models.modules.semantic_id.tiger_generation_model][WARNING] - [rank: 0]   Hierarchy 5 shape: torch.Size([32, 6, 140])
[2025-11-12 14:56:19,831][src.models.modules.semantic_id.tiger_generation_model][INFO] - [rank: 0] Saved decoder self-attention to ./attention_weights/decoder_self_attention_batch_63.pt
[2025-11-12 14:56:19,831][src.models.modules.semantic_id.tiger_generation_model][INFO] - [rank: 0] Saved encoder attention to ./attention_weights/encoder_attention_batch_63.pt
[2025-11-12 14:56:19,832][src.models.modules.semantic_id.tiger_generation_model][INFO] - [rank: 0] Saved cross attention to ./attention_weights/cross_attention_batch_63.pt
[2025-11-12 14:56:19,840][src.models.modules.semantic_id.tiger_generation_model][INFO] - [rank: 0] 当前batch的生成语义ID Embedding相似度矩阵:
[[ 1.          0.00910183  0.00728753  0.00307883  0.01487781 -0.01895213]
 [ 0.00910183  1.          0.01625753  0.0224085  -0.00887154 -0.02417572]
 [ 0.00728753  0.01625753  1.          0.02179458 -0.01126167 -0.04625411]
 [ 0.00307883  0.0224085   0.02179458  1.         -0.01302676 -0.0124691 ]
 [ 0.01487781 -0.00887154 -0.01126167 -0.01302676  1.         -0.00885009]
 [-0.01895213 -0.02417572 -0.04625411 -0.0124691  -0.00885009  0.9999999 ]]
[2025-11-12 14:56:20,768][src.models.modules.semantic_id.tiger_generation_model][INFO] - [rank: 0] 当前batch的输入Item Hierarchy Embedding相似度矩阵:
[[ 1.          0.00878493  0.00947461  0.01325754  0.0022362  -0.01528783]
 [ 0.00878493  1.          0.00901005  0.00492785  0.00555825 -0.01789247]
 [ 0.00947461  0.00901005  1.          0.03203571  0.00367521 -0.02306304]
 [ 0.01325754  0.00492785  0.03203571  1.          0.00834465 -0.0126182 ]
 [ 0.0022362   0.00555825  0.00367521  0.00834465  1.         -0.00504539]
 [-0.01528783 -0.01789247 -0.02306304 -0.0126182  -0.00504539  1.        ]]
[2025-11-12 14:56:22,061][src.models.modules.semantic_id.tiger_generation_model][WARNING] - [rank: 0] Failed to stack cross attentions: stack expects each tensor to be equal size, but got [32, 6, 140] at entry 0 and [32, 6, 2, 140] at entry 1
[2025-11-12 14:56:22,061][src.models.modules.semantic_id.tiger_generation_model][WARNING] - [rank: 0]   Hierarchy 0 shape: torch.Size([32, 6, 140])
[2025-11-12 14:56:22,062][src.models.modules.semantic_id.tiger_generation_model][WARNING] - [rank: 0]   Hierarchy 1 shape: torch.Size([32, 6, 2, 140])
[2025-11-12 14:56:22,062][src.models.modules.semantic_id.tiger_generation_model][WARNING] - [rank: 0]   Hierarchy 2 shape: torch.Size([32, 6, 140])
[2025-11-12 14:56:22,062][src.models.modules.semantic_id.tiger_generation_model][WARNING] - [rank: 0]   Hierarchy 3 shape: torch.Size([32, 6, 140])
[2025-11-12 14:56:22,062][src.models.modules.semantic_id.tiger_generation_model][WARNING] - [rank: 0]   Hierarchy 4 shape: torch.Size([32, 6, 140])
[2025-11-12 14:56:22,062][src.models.modules.semantic_id.tiger_generation_model][WARNING] - [rank: 0]   Hierarchy 5 shape: torch.Size([32, 6, 140])
[2025-11-12 14:56:22,704][src.models.modules.semantic_id.tiger_generation_model][INFO] - [rank: 0] Saved decoder self-attention to ./attention_weights/decoder_self_attention_batch_64.pt
[2025-11-12 14:56:22,704][src.models.modules.semantic_id.tiger_generation_model][INFO] - [rank: 0] Saved encoder attention to ./attention_weights/encoder_attention_batch_64.pt
[2025-11-12 14:56:22,704][src.models.modules.semantic_id.tiger_generation_model][INFO] - [rank: 0] Saved cross attention to ./attention_weights/cross_attention_batch_64.pt
[2025-11-12 14:56:22,711][src.models.modules.semantic_id.tiger_generation_model][INFO] - [rank: 0] 当前batch的生成语义ID Embedding相似度矩阵:
[[ 1.0000000e+00  3.4197774e-03  1.1336463e-02 -1.2663116e-02
   1.6468955e-02 -4.0317532e-02]
 [ 3.4197774e-03  1.0000000e+00  2.8444676e-02  3.3847310e-02
   3.2980815e-02 -8.4383553e-04]
 [ 1.1336463e-02  2.8444676e-02  9.9999994e-01  3.9137084e-02
   7.7305087e-03 -3.4668453e-02]
 [-1.2663116e-02  3.3847310e-02  3.9137084e-02  1.0000000e+00
   1.4054567e-02 -1.2686390e-02]
 [ 1.6468955e-02  3.2980815e-02  7.7305087e-03  1.4054567e-02
   1.0000000e+00 -1.7998343e-02]
 [-4.0317532e-02 -8.4383553e-04 -3.4668453e-02 -1.2686390e-02
  -1.7998343e-02  9.9999988e-01]]
[2025-11-12 14:56:23,448][src.models.modules.semantic_id.tiger_generation_model][INFO] - [rank: 0] 当前batch的输入Item Hierarchy Embedding相似度矩阵:
[[ 9.9999994e-01  7.5335192e-05  2.2513296e-02  8.6146807e-03
   1.5623851e-02 -1.7900024e-02]
 [ 7.5335192e-05  9.9999994e-01  6.7943293e-03  2.3188436e-02
  -1.8860922e-03 -1.9057162e-02]
 [ 2.2513296e-02  6.7943293e-03  9.9999994e-01  2.5752304e-02
   6.5232557e-03 -2.0964405e-02]
 [ 8.6146807e-03  2.3188436e-02  2.5752304e-02  9.9999994e-01
   4.2877421e-03 -1.7707491e-02]
 [ 1.5623851e-02 -1.8860922e-03  6.5232557e-03  4.2877421e-03
   9.9999994e-01 -8.2624927e-03]
 [-1.7900024e-02 -1.9057162e-02 -2.0964405e-02 -1.7707491e-02
  -8.2624927e-03  9.9999994e-01]]
[2025-11-12 14:56:24,118][src.models.modules.semantic_id.tiger_generation_model][WARNING] - [rank: 0] Failed to stack cross attentions: stack expects each tensor to be equal size, but got [32, 6, 140] at entry 0 and [32, 6, 2, 140] at entry 1
[2025-11-12 14:56:24,118][src.models.modules.semantic_id.tiger_generation_model][WARNING] - [rank: 0]   Hierarchy 0 shape: torch.Size([32, 6, 140])
[2025-11-12 14:56:24,119][src.models.modules.semantic_id.tiger_generation_model][WARNING] - [rank: 0]   Hierarchy 1 shape: torch.Size([32, 6, 2, 140])
[2025-11-12 14:56:24,119][src.models.modules.semantic_id.tiger_generation_model][WARNING] - [rank: 0]   Hierarchy 2 shape: torch.Size([32, 6, 140])
[2025-11-12 14:56:24,119][src.models.modules.semantic_id.tiger_generation_model][WARNING] - [rank: 0]   Hierarchy 3 shape: torch.Size([32, 6, 140])
[2025-11-12 14:56:24,119][src.models.modules.semantic_id.tiger_generation_model][WARNING] - [rank: 0]   Hierarchy 4 shape: torch.Size([32, 6, 140])
[2025-11-12 14:56:24,119][src.models.modules.semantic_id.tiger_generation_model][WARNING] - [rank: 0]   Hierarchy 5 shape: torch.Size([32, 6, 140])
[2025-11-12 14:56:24,440][src.models.modules.semantic_id.tiger_generation_model][INFO] - [rank: 0] Saved decoder self-attention to ./attention_weights/decoder_self_attention_batch_65.pt
[2025-11-12 14:56:24,449][src.models.modules.semantic_id.tiger_generation_model][INFO] - [rank: 0] Saved encoder attention to ./attention_weights/encoder_attention_batch_65.pt
[2025-11-12 14:56:24,452][src.models.modules.semantic_id.tiger_generation_model][INFO] - [rank: 0] Saved cross attention to ./attention_weights/cross_attention_batch_65.pt
[2025-11-12 14:56:24,474][src.models.modules.semantic_id.tiger_generation_model][INFO] - [rank: 0] 当前batch的生成语义ID Embedding相似度矩阵:
[[ 1.         -0.00122101 -0.01612111  0.0267679   0.02991741 -0.0227358 ]
 [-0.00122101  1.          0.03060512  0.0377598   0.01193368 -0.01214209]
 [-0.01612111  0.03060512  1.          0.03830913 -0.01388154 -0.02586892]
 [ 0.0267679   0.0377598   0.03830913  1.          0.00271504  0.00276961]
 [ 0.02991741  0.01193368 -0.01388154  0.00271504  1.         -0.00557104]
 [-0.0227358  -0.01214209 -0.02586892  0.00276961 -0.00557104  0.9999999 ]]
[2025-11-12 14:56:25,312][src.models.modules.semantic_id.tiger_generation_model][INFO] - [rank: 0] 当前batch的输入Item Hierarchy Embedding相似度矩阵:
[[ 1.0000000e+00  2.0059627e-03  1.6331535e-02  9.3620857e-03
   1.5552358e-03 -2.7344983e-02]
 [ 2.0059627e-03  1.0000000e+00  2.6165230e-02  1.9560402e-02
  -5.4750562e-04 -1.6101377e-02]
 [ 1.6331535e-02  2.6165230e-02  1.0000000e+00  2.0219652e-02
   1.0367357e-02 -1.9223517e-02]
 [ 9.3620857e-03  1.9560402e-02  2.0219652e-02  1.0000000e+00
   3.8675300e-04  4.9069463e-03]
 [ 1.5552358e-03 -5.4750562e-04  1.0367357e-02  3.8675300e-04
   1.0000000e+00 -1.9542526e-02]
 [-2.7344983e-02 -1.6101377e-02 -1.9223517e-02  4.9069463e-03
  -1.9542526e-02  9.9999976e-01]]
[2025-11-12 14:56:26,564][src.models.modules.semantic_id.tiger_generation_model][WARNING] - [rank: 0] Failed to stack cross attentions: stack expects each tensor to be equal size, but got [32, 6, 140] at entry 0 and [32, 6, 2, 140] at entry 1
[2025-11-12 14:56:26,568][src.models.modules.semantic_id.tiger_generation_model][WARNING] - [rank: 0]   Hierarchy 0 shape: torch.Size([32, 6, 140])
[2025-11-12 14:56:26,569][src.models.modules.semantic_id.tiger_generation_model][WARNING] - [rank: 0]   Hierarchy 1 shape: torch.Size([32, 6, 2, 140])
[2025-11-12 14:56:26,569][src.models.modules.semantic_id.tiger_generation_model][WARNING] - [rank: 0]   Hierarchy 2 shape: torch.Size([32, 6, 140])
[2025-11-12 14:56:26,572][src.models.modules.semantic_id.tiger_generation_model][WARNING] - [rank: 0]   Hierarchy 3 shape: torch.Size([32, 6, 140])
[2025-11-12 14:56:26,572][src.models.modules.semantic_id.tiger_generation_model][WARNING] - [rank: 0]   Hierarchy 4 shape: torch.Size([32, 6, 140])
[2025-11-12 14:56:26,573][src.models.modules.semantic_id.tiger_generation_model][WARNING] - [rank: 0]   Hierarchy 5 shape: torch.Size([32, 6, 140])
[2025-11-12 14:56:27,006][src.models.modules.semantic_id.tiger_generation_model][INFO] - [rank: 0] Saved decoder self-attention to ./attention_weights/decoder_self_attention_batch_66.pt
[2025-11-12 14:56:27,006][src.models.modules.semantic_id.tiger_generation_model][INFO] - [rank: 0] Saved encoder attention to ./attention_weights/encoder_attention_batch_66.pt
[2025-11-12 14:56:27,006][src.models.modules.semantic_id.tiger_generation_model][INFO] - [rank: 0] Saved cross attention to ./attention_weights/cross_attention_batch_66.pt
[2025-11-12 14:56:27,012][src.models.modules.semantic_id.tiger_generation_model][INFO] - [rank: 0] 当前batch的生成语义ID Embedding相似度矩阵:
[[ 1.         -0.00617849  0.00767863  0.03093732  0.0175094  -0.00567682]
 [-0.00617849  1.          0.03788051  0.01373725  0.01364627 -0.01989496]
 [ 0.00767863  0.03788051  1.          0.03126636  0.02399872 -0.0267532 ]
 [ 0.03093732  0.01373725  0.03126636  1.          0.00917382 -0.03155798]
 [ 0.0175094   0.01364627  0.02399872  0.00917382  1.         -0.01972426]
 [-0.00567682 -0.01989496 -0.0267532  -0.03155798 -0.01972426  0.9999999 ]]
[2025-11-12 14:56:27,564][src.models.modules.semantic_id.tiger_generation_model][INFO] - [rank: 0] 当前batch的输入Item Hierarchy Embedding相似度矩阵:
[[ 1.          0.00145766  0.02126251  0.0165428   0.01558815 -0.02530677]
 [ 0.00145766  1.          0.02358174  0.01610035 -0.00476591 -0.02323024]
 [ 0.02126251  0.02358174  1.          0.01685488  0.01309637 -0.02332268]
 [ 0.0165428   0.01610035  0.01685488  1.          0.00664355 -0.01113139]
 [ 0.01558815 -0.00476591  0.01309637  0.00664355  1.         -0.0163934 ]
 [-0.02530677 -0.02323024 -0.02332268 -0.01113139 -0.0163934   0.99999976]]
[2025-11-12 14:56:29,132][src.models.modules.semantic_id.tiger_generation_model][WARNING] - [rank: 0] Failed to stack cross attentions: stack expects each tensor to be equal size, but got [32, 6, 140] at entry 0 and [32, 6, 2, 140] at entry 1
[2025-11-12 14:56:29,132][src.models.modules.semantic_id.tiger_generation_model][WARNING] - [rank: 0]   Hierarchy 0 shape: torch.Size([32, 6, 140])
[2025-11-12 14:56:29,133][src.models.modules.semantic_id.tiger_generation_model][WARNING] - [rank: 0]   Hierarchy 1 shape: torch.Size([32, 6, 2, 140])
[2025-11-12 14:56:29,133][src.models.modules.semantic_id.tiger_generation_model][WARNING] - [rank: 0]   Hierarchy 2 shape: torch.Size([32, 6, 140])
[2025-11-12 14:56:29,133][src.models.modules.semantic_id.tiger_generation_model][WARNING] - [rank: 0]   Hierarchy 3 shape: torch.Size([32, 6, 140])
[2025-11-12 14:56:29,133][src.models.modules.semantic_id.tiger_generation_model][WARNING] - [rank: 0]   Hierarchy 4 shape: torch.Size([32, 6, 140])
[2025-11-12 14:56:29,133][src.models.modules.semantic_id.tiger_generation_model][WARNING] - [rank: 0]   Hierarchy 5 shape: torch.Size([32, 6, 140])
[2025-11-12 14:56:29,635][src.models.modules.semantic_id.tiger_generation_model][INFO] - [rank: 0] Saved decoder self-attention to ./attention_weights/decoder_self_attention_batch_67.pt
[2025-11-12 14:56:29,636][src.models.modules.semantic_id.tiger_generation_model][INFO] - [rank: 0] Saved encoder attention to ./attention_weights/encoder_attention_batch_67.pt
[2025-11-12 14:56:29,636][src.models.modules.semantic_id.tiger_generation_model][INFO] - [rank: 0] Saved cross attention to ./attention_weights/cross_attention_batch_67.pt
[2025-11-12 14:56:29,643][src.models.modules.semantic_id.tiger_generation_model][INFO] - [rank: 0] 当前batch的生成语义ID Embedding相似度矩阵:
[[ 9.99999940e-01  3.79236415e-03 -2.64901519e-02  1.83747001e-02
  -7.71740777e-03 -4.71082553e-02]
 [ 3.79236415e-03  1.00000000e+00 -3.82774277e-03 -2.31110957e-04
  -2.67888587e-02 -4.75042313e-02]
 [-2.64901519e-02 -3.82774277e-03  1.00000000e+00  2.29050685e-02
   2.65485868e-02 -4.05506529e-02]
 [ 1.83747001e-02 -2.31110957e-04  2.29050685e-02  1.00000000e+00
   5.59631176e-03 -1.52222505e-02]
 [-7.71740777e-03 -2.67888587e-02  2.65485868e-02  5.59631176e-03
   1.00000000e+00 -1.37963798e-02]
 [-4.71082553e-02 -4.75042313e-02 -4.05506529e-02 -1.52222505e-02
  -1.37963798e-02  9.99999881e-01]]
[2025-11-12 14:56:30,245][src.models.modules.semantic_id.tiger_generation_model][INFO] - [rank: 0] 当前batch的输入Item Hierarchy Embedding相似度矩阵:
[[ 1.          0.00538312  0.01613717  0.01106338  0.00380353 -0.00932338]
 [ 0.00538312  1.          0.01212497  0.01953091  0.00371928 -0.0176077 ]
 [ 0.01613717  0.01212497  1.          0.02465903  0.00669916 -0.02409459]
 [ 0.01106338  0.01953091  0.02465903  1.         -0.00332947 -0.00520827]
 [ 0.00380353  0.00371928  0.00669916 -0.00332947  1.         -0.01640279]
 [-0.00932338 -0.0176077  -0.02409459 -0.00520827 -0.01640279  0.99999976]]
[2025-11-12 14:56:31,456][src.models.modules.semantic_id.tiger_generation_model][WARNING] - [rank: 0] Failed to stack cross attentions: stack expects each tensor to be equal size, but got [32, 6, 140] at entry 0 and [32, 6, 2, 140] at entry 1
[2025-11-12 14:56:31,456][src.models.modules.semantic_id.tiger_generation_model][WARNING] - [rank: 0]   Hierarchy 0 shape: torch.Size([32, 6, 140])
[2025-11-12 14:56:31,456][src.models.modules.semantic_id.tiger_generation_model][WARNING] - [rank: 0]   Hierarchy 1 shape: torch.Size([32, 6, 2, 140])
[2025-11-12 14:56:31,457][src.models.modules.semantic_id.tiger_generation_model][WARNING] - [rank: 0]   Hierarchy 2 shape: torch.Size([32, 6, 140])
[2025-11-12 14:56:31,457][src.models.modules.semantic_id.tiger_generation_model][WARNING] - [rank: 0]   Hierarchy 3 shape: torch.Size([32, 6, 140])
[2025-11-12 14:56:31,457][src.models.modules.semantic_id.tiger_generation_model][WARNING] - [rank: 0]   Hierarchy 4 shape: torch.Size([32, 6, 140])
[2025-11-12 14:56:31,457][src.models.modules.semantic_id.tiger_generation_model][WARNING] - [rank: 0]   Hierarchy 5 shape: torch.Size([32, 6, 140])
[2025-11-12 14:56:31,926][src.models.modules.semantic_id.tiger_generation_model][INFO] - [rank: 0] Saved decoder self-attention to ./attention_weights/decoder_self_attention_batch_68.pt
[2025-11-12 14:56:31,926][src.models.modules.semantic_id.tiger_generation_model][INFO] - [rank: 0] Saved encoder attention to ./attention_weights/encoder_attention_batch_68.pt
[2025-11-12 14:56:31,926][src.models.modules.semantic_id.tiger_generation_model][INFO] - [rank: 0] Saved cross attention to ./attention_weights/cross_attention_batch_68.pt
[2025-11-12 14:56:31,932][src.models.modules.semantic_id.tiger_generation_model][INFO] - [rank: 0] 当前batch的生成语义ID Embedding相似度矩阵:
[[ 1.          0.01956381  0.00377344 -0.00474962 -0.02869355 -0.01848872]
 [ 0.01956381  0.99999994  0.02024978  0.04211019 -0.03135467 -0.0096237 ]
 [ 0.00377344  0.02024978  1.          0.02913764 -0.02662505 -0.03663759]
 [-0.00474962  0.04211019  0.02913764  1.         -0.01559099 -0.00294384]
 [-0.02869355 -0.03135467 -0.02662505 -0.01559099  1.         -0.01792552]
 [-0.01848872 -0.0096237  -0.03663759 -0.00294384 -0.01792552  0.9999999 ]]
[2025-11-12 14:56:32,144][src.models.modules.semantic_id.tiger_generation_model][INFO] - [rank: 0] 当前batch的输入Item Hierarchy Embedding相似度矩阵:
[[ 1.0000000e+00  9.6203629e-03  1.8288821e-02  6.8701091e-03
   1.1676560e-02 -2.2326075e-02]
 [ 9.6203629e-03  1.0000000e+00  2.6442252e-02  9.7228577e-03
  -7.8098604e-04 -1.5223260e-02]
 [ 1.8288821e-02  2.6442252e-02  1.0000000e+00  2.2087570e-02
   1.4384495e-03 -3.1001898e-02]
 [ 6.8701091e-03  9.7228577e-03  2.2087570e-02  1.0000000e+00
   1.5746211e-03 -2.7282510e-03]
 [ 1.1676560e-02 -7.8098604e-04  1.4384495e-03  1.5746211e-03
   1.0000000e+00 -1.5986163e-02]
 [-2.2326075e-02 -1.5223260e-02 -3.1001898e-02 -2.7282510e-03
  -1.5986163e-02  1.0000000e+00]]
[2025-11-12 14:56:33,277][src.models.modules.semantic_id.tiger_generation_model][WARNING] - [rank: 0] Failed to stack cross attentions: stack expects each tensor to be equal size, but got [32, 6, 140] at entry 0 and [32, 6, 2, 140] at entry 1
[2025-11-12 14:56:33,278][src.models.modules.semantic_id.tiger_generation_model][WARNING] - [rank: 0]   Hierarchy 0 shape: torch.Size([32, 6, 140])
[2025-11-12 14:56:33,278][src.models.modules.semantic_id.tiger_generation_model][WARNING] - [rank: 0]   Hierarchy 1 shape: torch.Size([32, 6, 2, 140])
[2025-11-12 14:56:33,278][src.models.modules.semantic_id.tiger_generation_model][WARNING] - [rank: 0]   Hierarchy 2 shape: torch.Size([32, 6, 140])
[2025-11-12 14:56:33,279][src.models.modules.semantic_id.tiger_generation_model][WARNING] - [rank: 0]   Hierarchy 3 shape: torch.Size([32, 6, 140])
[2025-11-12 14:56:33,279][src.models.modules.semantic_id.tiger_generation_model][WARNING] - [rank: 0]   Hierarchy 4 shape: torch.Size([32, 6, 140])
[2025-11-12 14:56:33,279][src.models.modules.semantic_id.tiger_generation_model][WARNING] - [rank: 0]   Hierarchy 5 shape: torch.Size([32, 6, 140])
[2025-11-12 14:56:33,912][src.models.modules.semantic_id.tiger_generation_model][INFO] - [rank: 0] Saved decoder self-attention to ./attention_weights/decoder_self_attention_batch_69.pt
[2025-11-12 14:56:33,913][src.models.modules.semantic_id.tiger_generation_model][INFO] - [rank: 0] Saved encoder attention to ./attention_weights/encoder_attention_batch_69.pt
[2025-11-12 14:56:33,913][src.models.modules.semantic_id.tiger_generation_model][INFO] - [rank: 0] Saved cross attention to ./attention_weights/cross_attention_batch_69.pt
[2025-11-12 14:56:33,951][src.models.modules.semantic_id.tiger_generation_model][INFO] - [rank: 0] 当前batch的生成语义ID Embedding相似度矩阵:
[[ 1.          0.01647838  0.02542137 -0.01596324 -0.01560405 -0.03317787]
 [ 0.01647838  1.          0.00654447  0.00873104  0.02397381 -0.0218447 ]
 [ 0.02542137  0.00654447  1.          0.05429381  0.01410405 -0.02407895]
 [-0.01596324  0.00873104  0.05429381  1.          0.02302879 -0.00108508]
 [-0.01560405  0.02397381  0.01410405  0.02302879  1.         -0.01105767]
 [-0.03317787 -0.0218447  -0.02407895 -0.00108508 -0.01105767  0.9999999 ]]
[2025-11-12 14:56:34,509][src.models.modules.semantic_id.tiger_generation_model][INFO] - [rank: 0] 当前batch的输入Item Hierarchy Embedding相似度矩阵:
[[ 1.0000000e+00  6.7227641e-03  1.4183358e-02  1.3140951e-02
   9.7778123e-03 -1.6643191e-02]
 [ 6.7227641e-03  1.0000000e+00  1.7996820e-02  2.2508517e-02
   2.3674504e-03 -1.9001909e-02]
 [ 1.4183358e-02  1.7996820e-02  1.0000000e+00  1.9836344e-02
   1.0638861e-02 -1.5518662e-02]
 [ 1.3140951e-02  2.2508517e-02  1.9836344e-02  1.0000000e+00
  -4.6913312e-03 -9.0920820e-04]
 [ 9.7778123e-03  2.3674504e-03  1.0638861e-02 -4.6913312e-03
   1.0000000e+00 -1.7760713e-02]
 [-1.6643191e-02 -1.9001909e-02 -1.5518662e-02 -9.0920820e-04
  -1.7760713e-02  9.9999976e-01]]
[2025-11-12 14:56:35,887][src.models.modules.semantic_id.tiger_generation_model][WARNING] - [rank: 0] Failed to stack cross attentions: stack expects each tensor to be equal size, but got [32, 6, 140] at entry 0 and [32, 6, 2, 140] at entry 1
[2025-11-12 14:56:35,888][src.models.modules.semantic_id.tiger_generation_model][WARNING] - [rank: 0]   Hierarchy 0 shape: torch.Size([32, 6, 140])
[2025-11-12 14:56:35,888][src.models.modules.semantic_id.tiger_generation_model][WARNING] - [rank: 0]   Hierarchy 1 shape: torch.Size([32, 6, 2, 140])
[2025-11-12 14:56:35,888][src.models.modules.semantic_id.tiger_generation_model][WARNING] - [rank: 0]   Hierarchy 2 shape: torch.Size([32, 6, 140])
[2025-11-12 14:56:35,889][src.models.modules.semantic_id.tiger_generation_model][WARNING] - [rank: 0]   Hierarchy 3 shape: torch.Size([32, 6, 140])
[2025-11-12 14:56:35,889][src.models.modules.semantic_id.tiger_generation_model][WARNING] - [rank: 0]   Hierarchy 4 shape: torch.Size([32, 6, 140])
[2025-11-12 14:56:35,889][src.models.modules.semantic_id.tiger_generation_model][WARNING] - [rank: 0]   Hierarchy 5 shape: torch.Size([32, 6, 140])
[2025-11-12 14:56:36,467][src.models.modules.semantic_id.tiger_generation_model][INFO] - [rank: 0] Saved decoder self-attention to ./attention_weights/decoder_self_attention_batch_70.pt
[2025-11-12 14:56:36,468][src.models.modules.semantic_id.tiger_generation_model][INFO] - [rank: 0] Saved encoder attention to ./attention_weights/encoder_attention_batch_70.pt
[2025-11-12 14:56:36,468][src.models.modules.semantic_id.tiger_generation_model][INFO] - [rank: 0] Saved cross attention to ./attention_weights/cross_attention_batch_70.pt
[2025-11-12 14:56:36,490][src.models.modules.semantic_id.tiger_generation_model][INFO] - [rank: 0] 当前batch的生成语义ID Embedding相似度矩阵:
[[ 1.0000000e+00 -1.7054372e-02 -2.6707770e-04  2.6197396e-02
   3.0692253e-02 -1.1743436e-02]
 [-1.7054372e-02  1.0000000e+00  1.0359623e-03  8.7941885e-03
   1.1576661e-02 -9.9019604e-03]
 [-2.6707770e-04  1.0359623e-03  1.0000000e+00  1.7434578e-02
   2.2945920e-02 -6.7219380e-03]
 [ 2.6197396e-02  8.7941885e-03  1.7434578e-02  1.0000000e+00
  -6.7743850e-03 -1.5442132e-02]
 [ 3.0692253e-02  1.1576661e-02  2.2945920e-02 -6.7743850e-03
   1.0000000e+00  1.0192434e-03]
 [-1.1743436e-02 -9.9019604e-03 -6.7219380e-03 -1.5442132e-02
   1.0192434e-03  9.9999988e-01]]
[2025-11-12 14:56:36,664][src.models.modules.semantic_id.tiger_generation_model][INFO] - [rank: 0] 当前batch的输入Item Hierarchy Embedding相似度矩阵:
[[ 1.         -0.00101219  0.02049306  0.01610447  0.00512855 -0.01154405]
 [-0.00101219  1.          0.00707609  0.02045836  0.00203476 -0.0059302 ]
 [ 0.02049306  0.00707609  1.          0.01971207  0.01000029 -0.02509266]
 [ 0.01610447  0.02045836  0.01971207  1.          0.00248956 -0.00505914]
 [ 0.00512855  0.00203476  0.01000029  0.00248956  1.         -0.00844337]
 [-0.01154405 -0.0059302  -0.02509266 -0.00505914 -0.00844337  0.99999976]]
[2025-11-12 14:56:37,328][src.models.modules.semantic_id.tiger_generation_model][WARNING] - [rank: 0] Failed to stack cross attentions: stack expects each tensor to be equal size, but got [32, 6, 140] at entry 0 and [32, 6, 2, 140] at entry 1
[2025-11-12 14:56:37,328][src.models.modules.semantic_id.tiger_generation_model][WARNING] - [rank: 0]   Hierarchy 0 shape: torch.Size([32, 6, 140])
[2025-11-12 14:56:37,329][src.models.modules.semantic_id.tiger_generation_model][WARNING] - [rank: 0]   Hierarchy 1 shape: torch.Size([32, 6, 2, 140])
[2025-11-12 14:56:37,329][src.models.modules.semantic_id.tiger_generation_model][WARNING] - [rank: 0]   Hierarchy 2 shape: torch.Size([32, 6, 140])
[2025-11-12 14:56:37,329][src.models.modules.semantic_id.tiger_generation_model][WARNING] - [rank: 0]   Hierarchy 3 shape: torch.Size([32, 6, 140])
[2025-11-12 14:56:37,329][src.models.modules.semantic_id.tiger_generation_model][WARNING] - [rank: 0]   Hierarchy 4 shape: torch.Size([32, 6, 140])
[2025-11-12 14:56:37,329][src.models.modules.semantic_id.tiger_generation_model][WARNING] - [rank: 0]   Hierarchy 5 shape: torch.Size([32, 6, 140])
[2025-11-12 14:56:37,652][src.models.modules.semantic_id.tiger_generation_model][INFO] - [rank: 0] Saved decoder self-attention to ./attention_weights/decoder_self_attention_batch_71.pt
[2025-11-12 14:56:37,652][src.models.modules.semantic_id.tiger_generation_model][INFO] - [rank: 0] Saved encoder attention to ./attention_weights/encoder_attention_batch_71.pt
[2025-11-12 14:56:37,652][src.models.modules.semantic_id.tiger_generation_model][INFO] - [rank: 0] Saved cross attention to ./attention_weights/cross_attention_batch_71.pt
[2025-11-12 14:56:37,659][src.models.modules.semantic_id.tiger_generation_model][INFO] - [rank: 0] 当前batch的生成语义ID Embedding相似度矩阵:
[[ 1.0000000e+00 -3.0665481e-03 -6.0217641e-04  3.5033047e-02
   6.4896015e-03 -2.8847218e-02]
 [-3.0665481e-03  1.0000000e+00 -1.0625130e-02  3.3359945e-02
   7.2574611e-03 -5.0504142e-03]
 [-6.0217641e-04 -1.0625130e-02  1.0000000e+00  3.2433867e-02
   4.6915840e-03 -2.3691546e-02]
 [ 3.5033047e-02  3.3359945e-02  3.2433867e-02  1.0000000e+00
  -2.2228844e-03  2.9554470e-03]
 [ 6.4896015e-03  7.2574611e-03  4.6915840e-03 -2.2228844e-03
   1.0000000e+00 -2.3742139e-02]
 [-2.8847218e-02 -5.0504142e-03 -2.3691546e-02  2.9554470e-03
  -2.3742139e-02  9.9999988e-01]]
[2025-11-12 14:56:37,930][src.models.modules.semantic_id.tiger_generation_model][INFO] - [rank: 0] 当前batch的输入Item Hierarchy Embedding相似度矩阵:
[[ 1.         -0.00587406  0.01724324  0.01648298  0.01040366 -0.01751596]
 [-0.00587406  1.          0.01899684  0.0144617  -0.00223616 -0.02012577]
 [ 0.01724324  0.01899684  1.          0.02604864  0.00494299 -0.02360637]
 [ 0.01648298  0.0144617   0.02604864  1.          0.01013932 -0.00331961]
 [ 0.01040366 -0.00223616  0.00494299  0.01013932  1.         -0.00989905]
 [-0.01751596 -0.02012577 -0.02360637 -0.00331961 -0.00989905  0.99999976]]
[2025-11-12 14:56:38,741][src.models.modules.semantic_id.tiger_generation_model][WARNING] - [rank: 0] Failed to stack cross attentions: stack expects each tensor to be equal size, but got [32, 6, 140] at entry 0 and [32, 6, 2, 140] at entry 1
[2025-11-12 14:56:38,742][src.models.modules.semantic_id.tiger_generation_model][WARNING] - [rank: 0]   Hierarchy 0 shape: torch.Size([32, 6, 140])
[2025-11-12 14:56:38,742][src.models.modules.semantic_id.tiger_generation_model][WARNING] - [rank: 0]   Hierarchy 1 shape: torch.Size([32, 6, 2, 140])
[2025-11-12 14:56:38,742][src.models.modules.semantic_id.tiger_generation_model][WARNING] - [rank: 0]   Hierarchy 2 shape: torch.Size([32, 6, 140])
[2025-11-12 14:56:38,742][src.models.modules.semantic_id.tiger_generation_model][WARNING] - [rank: 0]   Hierarchy 3 shape: torch.Size([32, 6, 140])
[2025-11-12 14:56:38,742][src.models.modules.semantic_id.tiger_generation_model][WARNING] - [rank: 0]   Hierarchy 4 shape: torch.Size([32, 6, 140])
[2025-11-12 14:56:38,743][src.models.modules.semantic_id.tiger_generation_model][WARNING] - [rank: 0]   Hierarchy 5 shape: torch.Size([32, 6, 140])
[2025-11-12 14:56:39,115][src.models.modules.semantic_id.tiger_generation_model][INFO] - [rank: 0] Saved decoder self-attention to ./attention_weights/decoder_self_attention_batch_72.pt
[2025-11-12 14:56:39,115][src.models.modules.semantic_id.tiger_generation_model][INFO] - [rank: 0] Saved encoder attention to ./attention_weights/encoder_attention_batch_72.pt
[2025-11-12 14:56:39,115][src.models.modules.semantic_id.tiger_generation_model][INFO] - [rank: 0] Saved cross attention to ./attention_weights/cross_attention_batch_72.pt
[2025-11-12 14:56:39,146][src.models.modules.semantic_id.tiger_generation_model][INFO] - [rank: 0] 当前batch的生成语义ID Embedding相似度矩阵:
[[ 1.          0.02212946 -0.00107426  0.01515574  0.02224915 -0.0322161 ]
 [ 0.02212946  1.         -0.00216578  0.01451837 -0.00502112 -0.00184773]
 [-0.00107426 -0.00216578  1.          0.03811491 -0.00938958 -0.04925019]
 [ 0.01515574  0.01451837  0.03811491  1.          0.02105255  0.004395  ]
 [ 0.02224915 -0.00502112 -0.00938958  0.02105255  1.         -0.0131404 ]
 [-0.0322161  -0.00184773 -0.04925019  0.004395   -0.0131404   0.9999999 ]]
[2025-11-12 14:56:39,541][src.models.modules.semantic_id.tiger_generation_model][INFO] - [rank: 0] 当前batch的输入Item Hierarchy Embedding相似度矩阵:
[[ 1.          0.00600698  0.01715781  0.00817987  0.00196598 -0.02948581]
 [ 0.00600698  1.          0.00714849  0.01594913  0.00254562 -0.01461122]
 [ 0.01715781  0.00714849  1.          0.02468318  0.00633647 -0.02384458]
 [ 0.00817987  0.01594913  0.02468318  1.          0.0099082   0.00251838]
 [ 0.00196598  0.00254562  0.00633647  0.0099082   1.         -0.01358985]
 [-0.02948581 -0.01461122 -0.02384458  0.00251838 -0.01358985  0.99999976]]
[2025-11-12 14:56:40,906][src.models.modules.semantic_id.tiger_generation_model][WARNING] - [rank: 0] Failed to stack cross attentions: stack expects each tensor to be equal size, but got [32, 6, 140] at entry 0 and [32, 6, 2, 140] at entry 1
[2025-11-12 14:56:40,907][src.models.modules.semantic_id.tiger_generation_model][WARNING] - [rank: 0]   Hierarchy 0 shape: torch.Size([32, 6, 140])
[2025-11-12 14:56:40,907][src.models.modules.semantic_id.tiger_generation_model][WARNING] - [rank: 0]   Hierarchy 1 shape: torch.Size([32, 6, 2, 140])
[2025-11-12 14:56:40,907][src.models.modules.semantic_id.tiger_generation_model][WARNING] - [rank: 0]   Hierarchy 2 shape: torch.Size([32, 6, 140])
[2025-11-12 14:56:40,907][src.models.modules.semantic_id.tiger_generation_model][WARNING] - [rank: 0]   Hierarchy 3 shape: torch.Size([32, 6, 140])
[2025-11-12 14:56:40,907][src.models.modules.semantic_id.tiger_generation_model][WARNING] - [rank: 0]   Hierarchy 4 shape: torch.Size([32, 6, 140])
[2025-11-12 14:56:40,908][src.models.modules.semantic_id.tiger_generation_model][WARNING] - [rank: 0]   Hierarchy 5 shape: torch.Size([32, 6, 140])
[2025-11-12 14:56:41,364][src.models.modules.semantic_id.tiger_generation_model][INFO] - [rank: 0] Saved decoder self-attention to ./attention_weights/decoder_self_attention_batch_73.pt
[2025-11-12 14:56:41,365][src.models.modules.semantic_id.tiger_generation_model][INFO] - [rank: 0] Saved encoder attention to ./attention_weights/encoder_attention_batch_73.pt
[2025-11-12 14:56:41,365][src.models.modules.semantic_id.tiger_generation_model][INFO] - [rank: 0] Saved cross attention to ./attention_weights/cross_attention_batch_73.pt
[2025-11-12 14:56:41,370][src.models.modules.semantic_id.tiger_generation_model][INFO] - [rank: 0] 当前batch的生成语义ID Embedding相似度矩阵:
[[ 1.          0.03216465  0.00740617  0.01905794 -0.00714256 -0.01702193]
 [ 0.03216465  1.          0.01365122  0.03210544 -0.01100229  0.0152503 ]
 [ 0.00740617  0.01365122  1.          0.02516903  0.03115937 -0.01873562]
 [ 0.01905794  0.03210544  0.02516903  1.          0.00823875  0.01371807]
 [-0.00714256 -0.01100229  0.03115937  0.00823875  1.         -0.03475098]
 [-0.01702193  0.0152503  -0.01873562  0.01371807 -0.03475098  0.9999999 ]]
[2025-11-12 14:56:41,633][src.models.modules.semantic_id.tiger_generation_model][INFO] - [rank: 0] 当前batch的输入Item Hierarchy Embedding相似度矩阵:
[[ 1.          0.00991821  0.01777182  0.01171795  0.01887632 -0.00746802]
 [ 0.00991821  1.          0.00749923  0.01636379  0.00334118 -0.01251179]
 [ 0.01777182  0.00749923  1.          0.0215698   0.01231035 -0.0295318 ]
 [ 0.01171795  0.01636379  0.0215698   1.          0.00891067 -0.00867361]
 [ 0.01887632  0.00334118  0.01231035  0.00891067  1.         -0.01015833]
 [-0.00746802 -0.01251179 -0.0295318  -0.00867361 -0.01015833  0.9999999 ]]
[2025-11-12 14:56:43,314][src.models.modules.semantic_id.tiger_generation_model][WARNING] - [rank: 0] Failed to stack cross attentions: stack expects each tensor to be equal size, but got [32, 6, 140] at entry 0 and [32, 6, 2, 140] at entry 1
[2025-11-12 14:56:43,315][src.models.modules.semantic_id.tiger_generation_model][WARNING] - [rank: 0]   Hierarchy 0 shape: torch.Size([32, 6, 140])
[2025-11-12 14:56:43,315][src.models.modules.semantic_id.tiger_generation_model][WARNING] - [rank: 0]   Hierarchy 1 shape: torch.Size([32, 6, 2, 140])
[2025-11-12 14:56:43,316][src.models.modules.semantic_id.tiger_generation_model][WARNING] - [rank: 0]   Hierarchy 2 shape: torch.Size([32, 6, 140])
[2025-11-12 14:56:43,316][src.models.modules.semantic_id.tiger_generation_model][WARNING] - [rank: 0]   Hierarchy 3 shape: torch.Size([32, 6, 140])
[2025-11-12 14:56:43,316][src.models.modules.semantic_id.tiger_generation_model][WARNING] - [rank: 0]   Hierarchy 4 shape: torch.Size([32, 6, 140])
[2025-11-12 14:56:43,316][src.models.modules.semantic_id.tiger_generation_model][WARNING] - [rank: 0]   Hierarchy 5 shape: torch.Size([32, 6, 140])
[2025-11-12 14:56:43,620][src.models.modules.semantic_id.tiger_generation_model][INFO] - [rank: 0] Saved decoder self-attention to ./attention_weights/decoder_self_attention_batch_74.pt
[2025-11-12 14:56:43,621][src.models.modules.semantic_id.tiger_generation_model][INFO] - [rank: 0] Saved encoder attention to ./attention_weights/encoder_attention_batch_74.pt
[2025-11-12 14:56:43,621][src.models.modules.semantic_id.tiger_generation_model][INFO] - [rank: 0] Saved cross attention to ./attention_weights/cross_attention_batch_74.pt
[2025-11-12 14:56:43,663][src.models.modules.semantic_id.tiger_generation_model][INFO] - [rank: 0] 当前batch的生成语义ID Embedding相似度矩阵:
[[ 1.          0.0118808  -0.01958701  0.01589841  0.01900474 -0.02552253]
 [ 0.0118808   1.          0.02873615  0.00111574  0.01113097 -0.03071684]
 [-0.01958701  0.02873615  1.          0.03888256  0.01699121 -0.02655358]
 [ 0.01589841  0.00111574  0.03888256  1.          0.02296886 -0.01764012]
 [ 0.01900474  0.01113097  0.01699121  0.02296886  1.         -0.00965495]
 [-0.02552253 -0.03071684 -0.02655358 -0.01764012 -0.00965495  0.9999999 ]]
[2025-11-12 14:56:44,677][src.models.modules.semantic_id.tiger_generation_model][INFO] - [rank: 0] 当前batch的输入Item Hierarchy Embedding相似度矩阵:
[[ 0.99999994  0.00282254  0.0193467   0.00849002  0.01382195 -0.00580544]
 [ 0.00282254  0.99999994  0.01061661  0.0124757   0.00500298 -0.01867622]
 [ 0.0193467   0.01061661  0.99999994  0.02462657  0.01134476 -0.0207893 ]
 [ 0.00849002  0.0124757   0.02462657  0.99999994  0.0071567   0.00219774]
 [ 0.01382195  0.00500298  0.01134476  0.0071567   0.99999994 -0.00935627]
 [-0.00580544 -0.01867622 -0.0207893   0.00219774 -0.00935627  0.9999999 ]]
[2025-11-12 14:56:45,679][src.models.modules.semantic_id.tiger_generation_model][WARNING] - [rank: 0] Failed to stack cross attentions: stack expects each tensor to be equal size, but got [32, 6, 140] at entry 0 and [32, 6, 2, 140] at entry 1
[2025-11-12 14:56:45,679][src.models.modules.semantic_id.tiger_generation_model][WARNING] - [rank: 0]   Hierarchy 0 shape: torch.Size([32, 6, 140])
[2025-11-12 14:56:45,679][src.models.modules.semantic_id.tiger_generation_model][WARNING] - [rank: 0]   Hierarchy 1 shape: torch.Size([32, 6, 2, 140])
[2025-11-12 14:56:45,680][src.models.modules.semantic_id.tiger_generation_model][WARNING] - [rank: 0]   Hierarchy 2 shape: torch.Size([32, 6, 140])
[2025-11-12 14:56:45,680][src.models.modules.semantic_id.tiger_generation_model][WARNING] - [rank: 0]   Hierarchy 3 shape: torch.Size([32, 6, 140])
[2025-11-12 14:56:45,680][src.models.modules.semantic_id.tiger_generation_model][WARNING] - [rank: 0]   Hierarchy 4 shape: torch.Size([32, 6, 140])
[2025-11-12 14:56:45,680][src.models.modules.semantic_id.tiger_generation_model][WARNING] - [rank: 0]   Hierarchy 5 shape: torch.Size([32, 6, 140])
[2025-11-12 14:56:46,081][src.models.modules.semantic_id.tiger_generation_model][INFO] - [rank: 0] Saved decoder self-attention to ./attention_weights/decoder_self_attention_batch_75.pt
[2025-11-12 14:56:46,095][src.models.modules.semantic_id.tiger_generation_model][INFO] - [rank: 0] Saved encoder attention to ./attention_weights/encoder_attention_batch_75.pt
[2025-11-12 14:56:46,096][src.models.modules.semantic_id.tiger_generation_model][INFO] - [rank: 0] Saved cross attention to ./attention_weights/cross_attention_batch_75.pt
[2025-11-12 14:56:46,101][src.models.modules.semantic_id.tiger_generation_model][INFO] - [rank: 0] 当前batch的生成语义ID Embedding相似度矩阵:
[[ 1.0000000e+00  1.2016063e-02  4.8679285e-02 -3.4754560e-03
   1.5033069e-02  1.5045138e-02]
 [ 1.2016063e-02  1.0000000e+00  4.2358957e-02  3.0939974e-02
  -4.1524246e-03 -1.8726995e-02]
 [ 4.8679285e-02  4.2358957e-02  9.9999994e-01  2.0970568e-02
   4.2416967e-02 -3.9261848e-02]
 [-3.4754560e-03  3.0939974e-02  2.0970568e-02  1.0000000e+00
  -5.9244223e-05  9.8792082e-03]
 [ 1.5033069e-02 -4.1524246e-03  4.2416967e-02 -5.9244223e-05
   1.0000000e+00 -1.1951573e-02]
 [ 1.5045138e-02 -1.8726995e-02 -3.9261848e-02  9.8792082e-03
  -1.1951573e-02  9.9999988e-01]]
[2025-11-12 14:56:46,559][src.models.modules.semantic_id.tiger_generation_model][INFO] - [rank: 0] 当前batch的输入Item Hierarchy Embedding相似度矩阵:
[[ 1.         -0.00519416  0.02133567  0.00521759  0.00284665 -0.01350285]
 [-0.00519416  1.          0.01055297  0.01358794  0.01022346 -0.0149126 ]
 [ 0.02133567  0.01055297  1.          0.02511287  0.00361527 -0.02165015]
 [ 0.00521759  0.01358794  0.02511287  1.          0.01133342 -0.00410168]
 [ 0.00284665  0.01022346  0.00361527  0.01133342  1.         -0.01159629]
 [-0.01350285 -0.0149126  -0.02165015 -0.00410168 -0.01159629  0.99999976]]
[2025-11-12 14:56:48,270][src.models.modules.semantic_id.tiger_generation_model][WARNING] - [rank: 0] Failed to stack cross attentions: stack expects each tensor to be equal size, but got [32, 6, 140] at entry 0 and [32, 6, 2, 140] at entry 1
[2025-11-12 14:56:48,271][src.models.modules.semantic_id.tiger_generation_model][WARNING] - [rank: 0]   Hierarchy 0 shape: torch.Size([32, 6, 140])
[2025-11-12 14:56:48,271][src.models.modules.semantic_id.tiger_generation_model][WARNING] - [rank: 0]   Hierarchy 1 shape: torch.Size([32, 6, 2, 140])
[2025-11-12 14:56:48,271][src.models.modules.semantic_id.tiger_generation_model][WARNING] - [rank: 0]   Hierarchy 2 shape: torch.Size([32, 6, 140])
[2025-11-12 14:56:48,271][src.models.modules.semantic_id.tiger_generation_model][WARNING] - [rank: 0]   Hierarchy 3 shape: torch.Size([32, 6, 140])
[2025-11-12 14:56:48,272][src.models.modules.semantic_id.tiger_generation_model][WARNING] - [rank: 0]   Hierarchy 4 shape: torch.Size([32, 6, 140])
[2025-11-12 14:56:48,272][src.models.modules.semantic_id.tiger_generation_model][WARNING] - [rank: 0]   Hierarchy 5 shape: torch.Size([32, 6, 140])
[2025-11-12 14:56:48,566][src.models.modules.semantic_id.tiger_generation_model][INFO] - [rank: 0] Saved decoder self-attention to ./attention_weights/decoder_self_attention_batch_76.pt
[2025-11-12 14:56:48,566][src.models.modules.semantic_id.tiger_generation_model][INFO] - [rank: 0] Saved encoder attention to ./attention_weights/encoder_attention_batch_76.pt
[2025-11-12 14:56:48,567][src.models.modules.semantic_id.tiger_generation_model][INFO] - [rank: 0] Saved cross attention to ./attention_weights/cross_attention_batch_76.pt
[2025-11-12 14:56:48,573][src.models.modules.semantic_id.tiger_generation_model][INFO] - [rank: 0] 当前batch的生成语义ID Embedding相似度矩阵:
[[ 1.          0.00486295 -0.0057905  -0.00583936  0.01581131 -0.04463384]
 [ 0.00486295  1.          0.02183315 -0.00276599 -0.00581224  0.0190209 ]
 [-0.0057905   0.02183315  1.         -0.00193432  0.01785395 -0.05258016]
 [-0.00583936 -0.00276599 -0.00193432  1.         -0.00463018  0.00623773]
 [ 0.01581131 -0.00581224  0.01785395 -0.00463018  1.         -0.02240963]
 [-0.04463384  0.0190209  -0.05258016  0.00623773 -0.02240963  0.9999999 ]]
[2025-11-12 14:56:48,904][src.models.modules.semantic_id.tiger_generation_model][INFO] - [rank: 0] 当前batch的输入Item Hierarchy Embedding相似度矩阵:
[[ 9.99999940e-01  6.29713759e-03  1.48537289e-02  6.49628462e-04
   1.61797944e-02 -2.34820880e-02]
 [ 6.29713759e-03  9.99999940e-01  2.28660833e-02  1.80146229e-02
   6.19643554e-03 -5.41685428e-03]
 [ 1.48537289e-02  2.28660833e-02  9.99999940e-01  1.78815667e-02
   8.62118602e-03 -1.31561067e-02]
 [ 6.49628462e-04  1.80146229e-02  1.78815667e-02  9.99999940e-01
  -2.02831370e-03 -1.17700575e-02]
 [ 1.61797944e-02  6.19643554e-03  8.62118602e-03 -2.02831370e-03
   9.99999940e-01 -1.83257926e-02]
 [-2.34820880e-02 -5.41685428e-03 -1.31561067e-02 -1.17700575e-02
  -1.83257926e-02  9.99999881e-01]]
[2025-11-12 14:56:49,621][src.models.modules.semantic_id.tiger_generation_model][WARNING] - [rank: 0] Failed to stack cross attentions: stack expects each tensor to be equal size, but got [32, 6, 140] at entry 0 and [32, 6, 2, 140] at entry 1
[2025-11-12 14:56:49,622][src.models.modules.semantic_id.tiger_generation_model][WARNING] - [rank: 0]   Hierarchy 0 shape: torch.Size([32, 6, 140])
[2025-11-12 14:56:49,622][src.models.modules.semantic_id.tiger_generation_model][WARNING] - [rank: 0]   Hierarchy 1 shape: torch.Size([32, 6, 2, 140])
[2025-11-12 14:56:49,622][src.models.modules.semantic_id.tiger_generation_model][WARNING] - [rank: 0]   Hierarchy 2 shape: torch.Size([32, 6, 140])
[2025-11-12 14:56:49,622][src.models.modules.semantic_id.tiger_generation_model][WARNING] - [rank: 0]   Hierarchy 3 shape: torch.Size([32, 6, 140])
[2025-11-12 14:56:49,622][src.models.modules.semantic_id.tiger_generation_model][WARNING] - [rank: 0]   Hierarchy 4 shape: torch.Size([32, 6, 140])
[2025-11-12 14:56:49,623][src.models.modules.semantic_id.tiger_generation_model][WARNING] - [rank: 0]   Hierarchy 5 shape: torch.Size([32, 6, 140])
[2025-11-12 14:56:49,968][src.models.modules.semantic_id.tiger_generation_model][INFO] - [rank: 0] Saved decoder self-attention to ./attention_weights/decoder_self_attention_batch_77.pt
[2025-11-12 14:56:49,968][src.models.modules.semantic_id.tiger_generation_model][INFO] - [rank: 0] Saved encoder attention to ./attention_weights/encoder_attention_batch_77.pt
[2025-11-12 14:56:49,969][src.models.modules.semantic_id.tiger_generation_model][INFO] - [rank: 0] Saved cross attention to ./attention_weights/cross_attention_batch_77.pt
[2025-11-12 14:56:49,974][src.models.modules.semantic_id.tiger_generation_model][INFO] - [rank: 0] 当前batch的生成语义ID Embedding相似度矩阵:
[[ 1.0000000e+00  1.3365856e-02 -4.7978018e-03 -1.2957010e-02
   4.5253903e-02 -5.3954549e-02]
 [ 1.3365856e-02  1.0000000e+00  2.3284551e-02 -8.2013784e-03
   2.1857871e-02 -1.4183372e-02]
 [-4.7978018e-03  2.3284551e-02  1.0000000e+00 -4.4701272e-03
   2.7252972e-02 -4.6703588e-02]
 [-1.2957010e-02 -8.2013784e-03 -4.4701272e-03  1.0000000e+00
   6.2569380e-03  1.2553115e-02]
 [ 4.5253903e-02  2.1857871e-02  2.7252972e-02  6.2569380e-03
   1.0000000e+00 -3.8557081e-04]
 [-5.3954549e-02 -1.4183372e-02 -4.6703588e-02  1.2553115e-02
  -3.8557081e-04  9.9999988e-01]]
[2025-11-12 14:56:50,695][src.models.modules.semantic_id.tiger_generation_model][INFO] - [rank: 0] 当前batch的输入Item Hierarchy Embedding相似度矩阵:
[[ 1.00000000e+00  5.96163562e-03  9.47267003e-03  6.09466108e-03
   9.84464958e-03 -2.90252566e-02]
 [ 5.96163562e-03  1.00000000e+00  1.98429152e-02  2.50710882e-02
   3.61366314e-03 -1.78267043e-02]
 [ 9.47267003e-03  1.98429152e-02  1.00000000e+00  2.83913575e-02
   5.62770432e-03 -2.58354638e-02]
 [ 6.09466108e-03  2.50710882e-02  2.83913575e-02  1.00000000e+00
   2.74404301e-03 -6.66773005e-04]
 [ 9.84464958e-03  3.61366314e-03  5.62770432e-03  2.74404301e-03
   1.00000000e+00 -1.05540855e-02]
 [-2.90252566e-02 -1.78267043e-02 -2.58354638e-02 -6.66773005e-04
  -1.05540855e-02  9.99999940e-01]]
[2025-11-12 14:56:51,990][src.models.modules.semantic_id.tiger_generation_model][WARNING] - [rank: 0] Failed to stack cross attentions: stack expects each tensor to be equal size, but got [32, 6, 140] at entry 0 and [32, 6, 2, 140] at entry 1
[2025-11-12 14:56:51,990][src.models.modules.semantic_id.tiger_generation_model][WARNING] - [rank: 0]   Hierarchy 0 shape: torch.Size([32, 6, 140])
[2025-11-12 14:56:51,990][src.models.modules.semantic_id.tiger_generation_model][WARNING] - [rank: 0]   Hierarchy 1 shape: torch.Size([32, 6, 2, 140])
[2025-11-12 14:56:51,991][src.models.modules.semantic_id.tiger_generation_model][WARNING] - [rank: 0]   Hierarchy 2 shape: torch.Size([32, 6, 140])
[2025-11-12 14:56:51,991][src.models.modules.semantic_id.tiger_generation_model][WARNING] - [rank: 0]   Hierarchy 3 shape: torch.Size([32, 6, 140])
[2025-11-12 14:56:51,991][src.models.modules.semantic_id.tiger_generation_model][WARNING] - [rank: 0]   Hierarchy 4 shape: torch.Size([32, 6, 140])
[2025-11-12 14:56:51,991][src.models.modules.semantic_id.tiger_generation_model][WARNING] - [rank: 0]   Hierarchy 5 shape: torch.Size([32, 6, 140])
[2025-11-12 14:56:52,396][src.models.modules.semantic_id.tiger_generation_model][INFO] - [rank: 0] Saved decoder self-attention to ./attention_weights/decoder_self_attention_batch_78.pt
[2025-11-12 14:56:52,396][src.models.modules.semantic_id.tiger_generation_model][INFO] - [rank: 0] Saved encoder attention to ./attention_weights/encoder_attention_batch_78.pt
[2025-11-12 14:56:52,397][src.models.modules.semantic_id.tiger_generation_model][INFO] - [rank: 0] Saved cross attention to ./attention_weights/cross_attention_batch_78.pt
[2025-11-12 14:56:52,404][src.models.modules.semantic_id.tiger_generation_model][INFO] - [rank: 0] 当前batch的生成语义ID Embedding相似度矩阵:
[[ 0.99999994  0.02594985  0.02160196  0.01442631  0.03079722 -0.02027521]
 [ 0.02594985  1.          0.02628918 -0.00164509  0.0044184  -0.02564405]
 [ 0.02160196  0.02628918  1.          0.0382657  -0.01233269 -0.03792646]
 [ 0.01442631 -0.00164509  0.0382657   1.          0.00821623 -0.00355784]
 [ 0.03079722  0.0044184  -0.01233269  0.00821623  1.         -0.01365854]
 [-0.02027521 -0.02564405 -0.03792646 -0.00355784 -0.01365854  0.9999999 ]]
[2025-11-12 14:56:53,096][src.models.modules.semantic_id.tiger_generation_model][INFO] - [rank: 0] 当前batch的输入Item Hierarchy Embedding相似度矩阵:
[[ 1.0000000e+00  1.8066810e-02  1.3297936e-02  1.5818112e-02
   1.2251809e-02 -1.6327415e-02]
 [ 1.8066810e-02  1.0000000e+00  1.1325887e-02  1.0820790e-02
  -9.0344629e-04 -1.1513368e-02]
 [ 1.3297936e-02  1.1325887e-02  1.0000000e+00  2.4182022e-02
   9.3397452e-03 -2.7430929e-02]
 [ 1.5818112e-02  1.0820790e-02  2.4182022e-02  1.0000000e+00
   5.7129492e-03 -6.8581370e-03]
 [ 1.2251809e-02 -9.0344629e-04  9.3397452e-03  5.7129492e-03
   1.0000000e+00 -1.5284346e-02]
 [-1.6327415e-02 -1.1513368e-02 -2.7430929e-02 -6.8581370e-03
  -1.5284346e-02  9.9999976e-01]]
[2025-11-12 14:56:54,510][src.models.modules.semantic_id.tiger_generation_model][WARNING] - [rank: 0] Failed to stack cross attentions: stack expects each tensor to be equal size, but got [32, 6, 140] at entry 0 and [32, 6, 2, 140] at entry 1
[2025-11-12 14:56:54,511][src.models.modules.semantic_id.tiger_generation_model][WARNING] - [rank: 0]   Hierarchy 0 shape: torch.Size([32, 6, 140])
[2025-11-12 14:56:54,511][src.models.modules.semantic_id.tiger_generation_model][WARNING] - [rank: 0]   Hierarchy 1 shape: torch.Size([32, 6, 2, 140])
[2025-11-12 14:56:54,512][src.models.modules.semantic_id.tiger_generation_model][WARNING] - [rank: 0]   Hierarchy 2 shape: torch.Size([32, 6, 140])
[2025-11-12 14:56:54,512][src.models.modules.semantic_id.tiger_generation_model][WARNING] - [rank: 0]   Hierarchy 3 shape: torch.Size([32, 6, 140])
[2025-11-12 14:56:54,512][src.models.modules.semantic_id.tiger_generation_model][WARNING] - [rank: 0]   Hierarchy 4 shape: torch.Size([32, 6, 140])
[2025-11-12 14:56:54,512][src.models.modules.semantic_id.tiger_generation_model][WARNING] - [rank: 0]   Hierarchy 5 shape: torch.Size([32, 6, 140])
[2025-11-12 14:56:54,966][src.models.modules.semantic_id.tiger_generation_model][INFO] - [rank: 0] Saved decoder self-attention to ./attention_weights/decoder_self_attention_batch_79.pt
[2025-11-12 14:56:54,975][src.models.modules.semantic_id.tiger_generation_model][INFO] - [rank: 0] Saved encoder attention to ./attention_weights/encoder_attention_batch_79.pt
[2025-11-12 14:56:54,975][src.models.modules.semantic_id.tiger_generation_model][INFO] - [rank: 0] Saved cross attention to ./attention_weights/cross_attention_batch_79.pt
[2025-11-12 14:56:54,997][src.models.modules.semantic_id.tiger_generation_model][INFO] - [rank: 0] 当前batch的生成语义ID Embedding相似度矩阵:
[[ 1.0000000e+00 -9.0291630e-04 -1.0501841e-02 -1.3114253e-02
   5.3711217e-03 -2.7087949e-02]
 [-9.0291630e-04  1.0000000e+00  2.2221029e-02  1.0734197e-02
  -6.4682961e-03 -4.1083265e-03]
 [-1.0501841e-02  2.2221029e-02  1.0000000e+00  2.0968188e-02
   2.2362065e-02 -4.0897592e-03]
 [-1.3114253e-02  1.0734197e-02  2.0968188e-02  1.0000000e+00
   1.9510938e-03  7.6434761e-03]
 [ 5.3711217e-03 -6.4682961e-03  2.2362065e-02  1.9510938e-03
   9.9999994e-01  3.3074208e-03]
 [-2.7087949e-02 -4.1083265e-03 -4.0897592e-03  7.6434761e-03
   3.3074208e-03  9.9999988e-01]]
[2025-11-12 14:56:55,694][src.models.modules.semantic_id.tiger_generation_model][INFO] - [rank: 0] 当前batch的输入Item Hierarchy Embedding相似度矩阵:
[[ 1.          0.00712882  0.02853166  0.00359505  0.01302604 -0.01420938]
 [ 0.00712882  1.          0.0136435   0.01738007  0.00424334 -0.01163905]
 [ 0.02853166  0.0136435   1.          0.02532779 -0.00100015 -0.02677925]
 [ 0.00359505  0.01738007  0.02532779  1.          0.00522232 -0.00459682]
 [ 0.01302604  0.00424334 -0.00100015  0.00522232  1.         -0.01489111]
 [-0.01420938 -0.01163905 -0.02677925 -0.00459682 -0.01489111  0.99999976]]
[2025-11-12 14:56:56,632][src.models.modules.semantic_id.tiger_generation_model][WARNING] - [rank: 0] Failed to stack cross attentions: stack expects each tensor to be equal size, but got [32, 6, 140] at entry 0 and [32, 6, 2, 140] at entry 1
[2025-11-12 14:56:56,633][src.models.modules.semantic_id.tiger_generation_model][WARNING] - [rank: 0]   Hierarchy 0 shape: torch.Size([32, 6, 140])
[2025-11-12 14:56:56,633][src.models.modules.semantic_id.tiger_generation_model][WARNING] - [rank: 0]   Hierarchy 1 shape: torch.Size([32, 6, 2, 140])
[2025-11-12 14:56:56,633][src.models.modules.semantic_id.tiger_generation_model][WARNING] - [rank: 0]   Hierarchy 2 shape: torch.Size([32, 6, 140])
[2025-11-12 14:56:56,633][src.models.modules.semantic_id.tiger_generation_model][WARNING] - [rank: 0]   Hierarchy 3 shape: torch.Size([32, 6, 140])
[2025-11-12 14:56:56,633][src.models.modules.semantic_id.tiger_generation_model][WARNING] - [rank: 0]   Hierarchy 4 shape: torch.Size([32, 6, 140])
[2025-11-12 14:56:56,634][src.models.modules.semantic_id.tiger_generation_model][WARNING] - [rank: 0]   Hierarchy 5 shape: torch.Size([32, 6, 140])
[2025-11-12 14:56:57,416][src.models.modules.semantic_id.tiger_generation_model][INFO] - [rank: 0] Saved decoder self-attention to ./attention_weights/decoder_self_attention_batch_80.pt
[2025-11-12 14:56:57,417][src.models.modules.semantic_id.tiger_generation_model][INFO] - [rank: 0] Saved encoder attention to ./attention_weights/encoder_attention_batch_80.pt
[2025-11-12 14:56:57,417][src.models.modules.semantic_id.tiger_generation_model][INFO] - [rank: 0] Saved cross attention to ./attention_weights/cross_attention_batch_80.pt
[2025-11-12 14:56:57,432][src.models.modules.semantic_id.tiger_generation_model][INFO] - [rank: 0] 当前batch的生成语义ID Embedding相似度矩阵:
[[ 9.9999994e-01  6.9461763e-04  2.5514388e-02  2.3788001e-02
   1.4449029e-02 -1.8512819e-02]
 [ 6.9461763e-04  1.0000000e+00  1.2469937e-02  1.1845005e-02
  -3.7187841e-03 -2.0423386e-02]
 [ 2.5514388e-02  1.2469937e-02  1.0000000e+00  3.2122824e-02
   9.0232138e-03  5.6057703e-04]
 [ 2.3788001e-02  1.1845005e-02  3.2122824e-02  1.0000000e+00
  -5.7350793e-03  5.5564684e-03]
 [ 1.4449029e-02 -3.7187841e-03  9.0232138e-03 -5.7350793e-03
   1.0000000e+00 -5.0183898e-03]
 [-1.8512819e-02 -2.0423386e-02  5.6057703e-04  5.5564684e-03
  -5.0183898e-03  9.9999988e-01]]
[2025-11-12 14:56:57,699][src.models.modules.semantic_id.tiger_generation_model][INFO] - [rank: 0] 当前batch的输入Item Hierarchy Embedding相似度矩阵:
[[ 1.          0.00263242  0.01220098  0.01670319  0.00816569 -0.02487872]
 [ 0.00263242  1.          0.00930955  0.01924883  0.00221027 -0.01360896]
 [ 0.01220098  0.00930955  1.          0.01102824  0.00460818 -0.02305591]
 [ 0.01670319  0.01924883  0.01102824  1.         -0.0063718  -0.00500989]
 [ 0.00816569  0.00221027  0.00460818 -0.0063718   1.         -0.01321116]
 [-0.02487872 -0.01360896 -0.02305591 -0.00500989 -0.01321116  0.9999998 ]]
[2025-11-12 14:56:59,177][src.models.modules.semantic_id.tiger_generation_model][WARNING] - [rank: 0] Failed to stack cross attentions: stack expects each tensor to be equal size, but got [32, 6, 140] at entry 0 and [32, 6, 2, 140] at entry 1
[2025-11-12 14:56:59,178][src.models.modules.semantic_id.tiger_generation_model][WARNING] - [rank: 0]   Hierarchy 0 shape: torch.Size([32, 6, 140])
[2025-11-12 14:56:59,178][src.models.modules.semantic_id.tiger_generation_model][WARNING] - [rank: 0]   Hierarchy 1 shape: torch.Size([32, 6, 2, 140])
[2025-11-12 14:56:59,178][src.models.modules.semantic_id.tiger_generation_model][WARNING] - [rank: 0]   Hierarchy 2 shape: torch.Size([32, 6, 140])
[2025-11-12 14:56:59,178][src.models.modules.semantic_id.tiger_generation_model][WARNING] - [rank: 0]   Hierarchy 3 shape: torch.Size([32, 6, 140])
[2025-11-12 14:56:59,178][src.models.modules.semantic_id.tiger_generation_model][WARNING] - [rank: 0]   Hierarchy 4 shape: torch.Size([32, 6, 140])
[2025-11-12 14:56:59,179][src.models.modules.semantic_id.tiger_generation_model][WARNING] - [rank: 0]   Hierarchy 5 shape: torch.Size([32, 6, 140])
[2025-11-12 14:56:59,660][src.models.modules.semantic_id.tiger_generation_model][INFO] - [rank: 0] Saved decoder self-attention to ./attention_weights/decoder_self_attention_batch_81.pt
[2025-11-12 14:56:59,688][src.models.modules.semantic_id.tiger_generation_model][INFO] - [rank: 0] Saved encoder attention to ./attention_weights/encoder_attention_batch_81.pt
[2025-11-12 14:56:59,688][src.models.modules.semantic_id.tiger_generation_model][INFO] - [rank: 0] Saved cross attention to ./attention_weights/cross_attention_batch_81.pt
[2025-11-12 14:56:59,694][src.models.modules.semantic_id.tiger_generation_model][INFO] - [rank: 0] 当前batch的生成语义ID Embedding相似度矩阵:
[[ 0.9999999   0.00188534  0.01776047  0.04282209  0.03978189 -0.02353144]
 [ 0.00188534  1.          0.0128766   0.05173203  0.00121952  0.00891705]
 [ 0.01776047  0.0128766   0.99999994  0.02989412  0.04583598 -0.0466955 ]
 [ 0.04282209  0.05173203  0.02989412  1.          0.01493304 -0.02807308]
 [ 0.03978189  0.00121952  0.04583598  0.01493304  1.         -0.01448852]
 [-0.02353144  0.00891705 -0.0466955  -0.02807308 -0.01448852  0.9999999 ]]
[2025-11-12 14:57:00,039][src.models.modules.semantic_id.tiger_generation_model][INFO] - [rank: 0] 当前batch的输入Item Hierarchy Embedding相似度矩阵:
[[ 1.0000000e+00  4.0951488e-04  9.8994356e-03  1.3455252e-02
   1.7157365e-02 -1.5961016e-02]
 [ 4.0951488e-04  1.0000000e+00  2.0805586e-02  1.9940093e-02
  -5.9855217e-03 -1.8578010e-02]
 [ 9.8994356e-03  2.0805586e-02  1.0000000e+00  1.3942997e-02
   1.4532067e-02 -2.1944031e-02]
 [ 1.3455252e-02  1.9940093e-02  1.3942997e-02  1.0000000e+00
   1.4886241e-03 -3.4567078e-03]
 [ 1.7157365e-02 -5.9855217e-03  1.4532067e-02  1.4886241e-03
   1.0000000e+00 -1.4263745e-02]
 [-1.5961016e-02 -1.8578010e-02 -2.1944031e-02 -3.4567078e-03
  -1.4263745e-02  9.9999982e-01]]
[2025-11-12 14:57:01,106][src.models.modules.semantic_id.tiger_generation_model][WARNING] - [rank: 0] Failed to stack cross attentions: stack expects each tensor to be equal size, but got [32, 6, 140] at entry 0 and [32, 6, 2, 140] at entry 1
[2025-11-12 14:57:01,107][src.models.modules.semantic_id.tiger_generation_model][WARNING] - [rank: 0]   Hierarchy 0 shape: torch.Size([32, 6, 140])
[2025-11-12 14:57:01,107][src.models.modules.semantic_id.tiger_generation_model][WARNING] - [rank: 0]   Hierarchy 1 shape: torch.Size([32, 6, 2, 140])
[2025-11-12 14:57:01,107][src.models.modules.semantic_id.tiger_generation_model][WARNING] - [rank: 0]   Hierarchy 2 shape: torch.Size([32, 6, 140])
[2025-11-12 14:57:01,107][src.models.modules.semantic_id.tiger_generation_model][WARNING] - [rank: 0]   Hierarchy 3 shape: torch.Size([32, 6, 140])
[2025-11-12 14:57:01,107][src.models.modules.semantic_id.tiger_generation_model][WARNING] - [rank: 0]   Hierarchy 4 shape: torch.Size([32, 6, 140])
[2025-11-12 14:57:01,108][src.models.modules.semantic_id.tiger_generation_model][WARNING] - [rank: 0]   Hierarchy 5 shape: torch.Size([32, 6, 140])
[2025-11-12 14:57:01,857][src.models.modules.semantic_id.tiger_generation_model][INFO] - [rank: 0] Saved decoder self-attention to ./attention_weights/decoder_self_attention_batch_82.pt
[2025-11-12 14:57:01,858][src.models.modules.semantic_id.tiger_generation_model][INFO] - [rank: 0] Saved encoder attention to ./attention_weights/encoder_attention_batch_82.pt
[2025-11-12 14:57:01,858][src.models.modules.semantic_id.tiger_generation_model][INFO] - [rank: 0] Saved cross attention to ./attention_weights/cross_attention_batch_82.pt
[2025-11-12 14:57:01,864][src.models.modules.semantic_id.tiger_generation_model][INFO] - [rank: 0] 当前batch的生成语义ID Embedding相似度矩阵:
[[ 1.0000000e+00  2.4854204e-02  1.7920930e-02  1.0974726e-02
   8.3394824e-03 -2.8026048e-02]
 [ 2.4854204e-02  1.0000000e+00  2.0083062e-02  4.6135090e-02
   1.0000730e-02 -1.6990587e-02]
 [ 1.7920930e-02  2.0083062e-02  1.0000000e+00  4.3465652e-02
  -1.6621374e-02 -4.4363640e-02]
 [ 1.0974726e-02  4.6135090e-02  4.3465652e-02  9.9999994e-01
  -1.1129432e-02 -2.9436988e-04]
 [ 8.3394824e-03  1.0000730e-02 -1.6621374e-02 -1.1129432e-02
   1.0000000e+00 -2.4493190e-02]
 [-2.8026048e-02 -1.6990587e-02 -4.4363640e-02 -2.9436988e-04
  -2.4493190e-02  9.9999988e-01]]
[2025-11-12 14:57:02,418][src.models.modules.semantic_id.tiger_generation_model][INFO] - [rank: 0] 当前batch的输入Item Hierarchy Embedding相似度矩阵:
[[ 1.          0.00767102  0.01889244  0.01404283  0.00519313 -0.01433156]
 [ 0.00767102  1.          0.01281017  0.0165681  -0.00233625 -0.0189299 ]
 [ 0.01889244  0.01281017  1.          0.0192147  -0.00848451 -0.0205936 ]
 [ 0.01404283  0.0165681   0.0192147   1.         -0.00334462 -0.01218377]
 [ 0.00519313 -0.00233625 -0.00848451 -0.00334462  1.         -0.01083575]
 [-0.01433156 -0.0189299  -0.0205936  -0.01218377 -0.01083575  1.        ]]
[2025-11-12 14:57:04,144][src.models.modules.semantic_id.tiger_generation_model][WARNING] - [rank: 0] Failed to stack cross attentions: stack expects each tensor to be equal size, but got [32, 6, 140] at entry 0 and [32, 6, 2, 140] at entry 1
[2025-11-12 14:57:04,145][src.models.modules.semantic_id.tiger_generation_model][WARNING] - [rank: 0]   Hierarchy 0 shape: torch.Size([32, 6, 140])
[2025-11-12 14:57:04,145][src.models.modules.semantic_id.tiger_generation_model][WARNING] - [rank: 0]   Hierarchy 1 shape: torch.Size([32, 6, 2, 140])
[2025-11-12 14:57:04,145][src.models.modules.semantic_id.tiger_generation_model][WARNING] - [rank: 0]   Hierarchy 2 shape: torch.Size([32, 6, 140])
[2025-11-12 14:57:04,145][src.models.modules.semantic_id.tiger_generation_model][WARNING] - [rank: 0]   Hierarchy 3 shape: torch.Size([32, 6, 140])
[2025-11-12 14:57:04,145][src.models.modules.semantic_id.tiger_generation_model][WARNING] - [rank: 0]   Hierarchy 4 shape: torch.Size([32, 6, 140])
[2025-11-12 14:57:04,145][src.models.modules.semantic_id.tiger_generation_model][WARNING] - [rank: 0]   Hierarchy 5 shape: torch.Size([32, 6, 140])
[2025-11-12 14:57:04,650][src.models.modules.semantic_id.tiger_generation_model][INFO] - [rank: 0] Saved decoder self-attention to ./attention_weights/decoder_self_attention_batch_83.pt
[2025-11-12 14:57:04,651][src.models.modules.semantic_id.tiger_generation_model][INFO] - [rank: 0] Saved encoder attention to ./attention_weights/encoder_attention_batch_83.pt
[2025-11-12 14:57:04,651][src.models.modules.semantic_id.tiger_generation_model][INFO] - [rank: 0] Saved cross attention to ./attention_weights/cross_attention_batch_83.pt
[2025-11-12 14:57:04,656][src.models.modules.semantic_id.tiger_generation_model][INFO] - [rank: 0] 当前batch的生成语义ID Embedding相似度矩阵:
[[ 1.          0.01678211  0.02175843 -0.00186637  0.02537062  0.00599097]
 [ 0.01678211  1.          0.01307282  0.01683217  0.00783152 -0.01262036]
 [ 0.02175843  0.01307282  1.          0.04359634  0.00966968 -0.03071538]
 [-0.00186637  0.01683217  0.04359634  1.          0.0031444   0.01904002]
 [ 0.02537062  0.00783152  0.00966968  0.0031444   0.99999994 -0.04626259]
 [ 0.00599097 -0.01262036 -0.03071538  0.01904002 -0.04626259  0.9999999 ]]
[2025-11-12 14:57:05,234][src.models.modules.semantic_id.tiger_generation_model][INFO] - [rank: 0] 当前batch的输入Item Hierarchy Embedding相似度矩阵:
[[ 1.          0.00776502  0.01589355  0.01273058  0.01817451 -0.00314237]
 [ 0.00776502  1.          0.01502618  0.0105218   0.00986094 -0.0180972 ]
 [ 0.01589355  0.01502618  1.          0.01864749  0.00459218 -0.02565281]
 [ 0.01273058  0.0105218   0.01864749  1.          0.00974777 -0.00412991]
 [ 0.01817451  0.00986094  0.00459218  0.00974777  1.         -0.01807021]
 [-0.00314237 -0.0180972  -0.02565281 -0.00412991 -0.01807021  0.9999999 ]]
[2025-11-12 14:57:06,245][src.models.modules.semantic_id.tiger_generation_model][WARNING] - [rank: 0] Failed to stack cross attentions: stack expects each tensor to be equal size, but got [32, 6, 140] at entry 0 and [32, 6, 2, 140] at entry 1
[2025-11-12 14:57:06,246][src.models.modules.semantic_id.tiger_generation_model][WARNING] - [rank: 0]   Hierarchy 0 shape: torch.Size([32, 6, 140])
[2025-11-12 14:57:06,246][src.models.modules.semantic_id.tiger_generation_model][WARNING] - [rank: 0]   Hierarchy 1 shape: torch.Size([32, 6, 2, 140])
[2025-11-12 14:57:06,246][src.models.modules.semantic_id.tiger_generation_model][WARNING] - [rank: 0]   Hierarchy 2 shape: torch.Size([32, 6, 140])
[2025-11-12 14:57:06,247][src.models.modules.semantic_id.tiger_generation_model][WARNING] - [rank: 0]   Hierarchy 3 shape: torch.Size([32, 6, 140])
[2025-11-12 14:57:06,247][src.models.modules.semantic_id.tiger_generation_model][WARNING] - [rank: 0]   Hierarchy 4 shape: torch.Size([32, 6, 140])
[2025-11-12 14:57:06,247][src.models.modules.semantic_id.tiger_generation_model][WARNING] - [rank: 0]   Hierarchy 5 shape: torch.Size([32, 6, 140])
[2025-11-12 14:57:06,639][src.models.modules.semantic_id.tiger_generation_model][INFO] - [rank: 0] Saved decoder self-attention to ./attention_weights/decoder_self_attention_batch_84.pt
[2025-11-12 14:57:06,640][src.models.modules.semantic_id.tiger_generation_model][INFO] - [rank: 0] Saved encoder attention to ./attention_weights/encoder_attention_batch_84.pt
[2025-11-12 14:57:06,640][src.models.modules.semantic_id.tiger_generation_model][INFO] - [rank: 0] Saved cross attention to ./attention_weights/cross_attention_batch_84.pt
[2025-11-12 14:57:06,646][src.models.modules.semantic_id.tiger_generation_model][INFO] - [rank: 0] 当前batch的生成语义ID Embedding相似度矩阵:
[[ 1.          0.02536908  0.04438457 -0.00243224  0.05669281  0.00115968]
 [ 0.02536908  1.          0.02626304  0.00857739 -0.02421993 -0.04718284]
 [ 0.04438457  0.02626304  1.0000001   0.00920806  0.0163978  -0.01033376]
 [-0.00243224  0.00857739  0.00920806  1.          0.00845587 -0.01870652]
 [ 0.05669281 -0.02421993  0.0163978   0.00845587  0.99999994 -0.02602542]
 [ 0.00115968 -0.04718284 -0.01033376 -0.01870652 -0.02602542  0.9999999 ]]
[2025-11-12 14:57:07,090][src.models.modules.semantic_id.tiger_generation_model][INFO] - [rank: 0] 当前batch的输入Item Hierarchy Embedding相似度矩阵:
[[ 1.         -0.00304005  0.02994468  0.00944232  0.0155813  -0.01807363]
 [-0.00304005  1.          0.01451779  0.0110129   0.00303933 -0.0241201 ]
 [ 0.02994468  0.01451779  1.          0.00896292  0.00791931 -0.01811962]
 [ 0.00944232  0.0110129   0.00896292  1.          0.00192912 -0.01522625]
 [ 0.0155813   0.00303933  0.00791931  0.00192912  1.         -0.0158891 ]
 [-0.01807363 -0.0241201  -0.01811962 -0.01522625 -0.0158891   0.99999976]]
[2025-11-12 14:57:08,018][src.models.modules.semantic_id.tiger_generation_model][WARNING] - [rank: 0] Failed to stack cross attentions: stack expects each tensor to be equal size, but got [32, 6, 140] at entry 0 and [32, 6, 2, 140] at entry 1
[2025-11-12 14:57:08,019][src.models.modules.semantic_id.tiger_generation_model][WARNING] - [rank: 0]   Hierarchy 0 shape: torch.Size([32, 6, 140])
[2025-11-12 14:57:08,019][src.models.modules.semantic_id.tiger_generation_model][WARNING] - [rank: 0]   Hierarchy 1 shape: torch.Size([32, 6, 2, 140])
[2025-11-12 14:57:08,020][src.models.modules.semantic_id.tiger_generation_model][WARNING] - [rank: 0]   Hierarchy 2 shape: torch.Size([32, 6, 140])
[2025-11-12 14:57:08,020][src.models.modules.semantic_id.tiger_generation_model][WARNING] - [rank: 0]   Hierarchy 3 shape: torch.Size([32, 6, 140])
[2025-11-12 14:57:08,020][src.models.modules.semantic_id.tiger_generation_model][WARNING] - [rank: 0]   Hierarchy 4 shape: torch.Size([32, 6, 140])
[2025-11-12 14:57:08,020][src.models.modules.semantic_id.tiger_generation_model][WARNING] - [rank: 0]   Hierarchy 5 shape: torch.Size([32, 6, 140])
[2025-11-12 14:57:08,290][src.models.modules.semantic_id.tiger_generation_model][INFO] - [rank: 0] Saved decoder self-attention to ./attention_weights/decoder_self_attention_batch_85.pt
[2025-11-12 14:57:08,290][src.models.modules.semantic_id.tiger_generation_model][INFO] - [rank: 0] Saved encoder attention to ./attention_weights/encoder_attention_batch_85.pt
[2025-11-12 14:57:08,290][src.models.modules.semantic_id.tiger_generation_model][INFO] - [rank: 0] Saved cross attention to ./attention_weights/cross_attention_batch_85.pt
[2025-11-12 14:57:08,296][src.models.modules.semantic_id.tiger_generation_model][INFO] - [rank: 0] 当前batch的生成语义ID Embedding相似度矩阵:
[[ 1.         -0.02806265  0.04399557  0.03543597  0.0252607  -0.02831107]
 [-0.02806265  1.         -0.0027671   0.00541297 -0.02252507 -0.00455857]
 [ 0.04399557 -0.0027671   1.          0.04098427  0.02215426 -0.03434128]
 [ 0.03543597  0.00541297  0.04098427  1.         -0.01385891 -0.01066927]
 [ 0.0252607  -0.02252507  0.02215426 -0.01385891  1.         -0.03315879]
 [-0.02831107 -0.00455857 -0.03434128 -0.01066927 -0.03315879  0.9999999 ]]
[2025-11-12 14:57:08,461][src.models.modules.semantic_id.tiger_generation_model][INFO] - [rank: 0] 当前batch的输入Item Hierarchy Embedding相似度矩阵:
[[ 9.9999994e-01  9.8811407e-03  1.3580750e-02  1.6613893e-02
   1.7524138e-02 -8.3874576e-03]
 [ 9.8811407e-03  9.9999994e-01  1.2908513e-02  1.0283603e-02
   6.3139936e-03 -1.5056862e-02]
 [ 1.3580750e-02  1.2908513e-02  9.9999994e-01  1.6507501e-02
   1.1231071e-02 -2.1062603e-02]
 [ 1.6613893e-02  1.0283603e-02  1.6507501e-02  9.9999994e-01
   7.0782367e-04 -8.5220356e-03]
 [ 1.7524138e-02  6.3139936e-03  1.1231071e-02  7.0782367e-04
   9.9999994e-01 -1.2452723e-02]
 [-8.3874576e-03 -1.5056862e-02 -2.1062603e-02 -8.5220356e-03
  -1.2452723e-02  9.9999988e-01]]
[2025-11-12 14:57:09,508][src.models.modules.semantic_id.tiger_generation_model][WARNING] - [rank: 0] Failed to stack cross attentions: stack expects each tensor to be equal size, but got [32, 6, 140] at entry 0 and [32, 6, 2, 140] at entry 1
[2025-11-12 14:57:09,509][src.models.modules.semantic_id.tiger_generation_model][WARNING] - [rank: 0]   Hierarchy 0 shape: torch.Size([32, 6, 140])
[2025-11-12 14:57:09,509][src.models.modules.semantic_id.tiger_generation_model][WARNING] - [rank: 0]   Hierarchy 1 shape: torch.Size([32, 6, 2, 140])
[2025-11-12 14:57:09,509][src.models.modules.semantic_id.tiger_generation_model][WARNING] - [rank: 0]   Hierarchy 2 shape: torch.Size([32, 6, 140])
[2025-11-12 14:57:09,509][src.models.modules.semantic_id.tiger_generation_model][WARNING] - [rank: 0]   Hierarchy 3 shape: torch.Size([32, 6, 140])
[2025-11-12 14:57:09,509][src.models.modules.semantic_id.tiger_generation_model][WARNING] - [rank: 0]   Hierarchy 4 shape: torch.Size([32, 6, 140])
[2025-11-12 14:57:09,509][src.models.modules.semantic_id.tiger_generation_model][WARNING] - [rank: 0]   Hierarchy 5 shape: torch.Size([32, 6, 140])
[2025-11-12 14:57:09,984][src.models.modules.semantic_id.tiger_generation_model][INFO] - [rank: 0] Saved decoder self-attention to ./attention_weights/decoder_self_attention_batch_86.pt
[2025-11-12 14:57:09,985][src.models.modules.semantic_id.tiger_generation_model][INFO] - [rank: 0] Saved encoder attention to ./attention_weights/encoder_attention_batch_86.pt
[2025-11-12 14:57:09,985][src.models.modules.semantic_id.tiger_generation_model][INFO] - [rank: 0] Saved cross attention to ./attention_weights/cross_attention_batch_86.pt
[2025-11-12 14:57:09,995][src.models.modules.semantic_id.tiger_generation_model][INFO] - [rank: 0] 当前batch的生成语义ID Embedding相似度矩阵:
[[ 1.         -0.00863511 -0.01654872  0.01013678  0.00482709 -0.03114101]
 [-0.00863511  1.          0.01691488  0.00766175  0.00954465 -0.02356478]
 [-0.01654872  0.01691488  1.          0.02419122 -0.00183856 -0.03664611]
 [ 0.01013678  0.00766175  0.02419122  1.          0.03171881 -0.00224573]
 [ 0.00482709  0.00954465 -0.00183856  0.03171881  1.         -0.01703759]
 [-0.03114101 -0.02356478 -0.03664611 -0.00224573 -0.01703759  0.9999999 ]]
[2025-11-12 14:57:10,178][src.models.modules.semantic_id.tiger_generation_model][INFO] - [rank: 0] 当前batch的输入Item Hierarchy Embedding相似度矩阵:
[[ 1.0000000e+00  5.1301899e-03  7.8298850e-03 -5.0330954e-04
   2.1573405e-03 -1.6926704e-02]
 [ 5.1301899e-03  1.0000000e+00  1.6437486e-02  1.3258734e-02
  -2.8860723e-03 -1.6972458e-02]
 [ 7.8298850e-03  1.6437486e-02  1.0000000e+00  3.1447593e-02
   5.0897235e-03 -1.4502794e-02]
 [-5.0330954e-04  1.3258734e-02  3.1447593e-02  1.0000000e+00
   8.8397553e-03 -8.8792797e-03]
 [ 2.1573405e-03 -2.8860723e-03  5.0897235e-03  8.8397553e-03
   1.0000000e+00 -1.3830591e-02]
 [-1.6926704e-02 -1.6972458e-02 -1.4502794e-02 -8.8792797e-03
  -1.3830591e-02  1.0000000e+00]]
[2025-11-12 14:57:11,071][src.models.modules.semantic_id.tiger_generation_model][WARNING] - [rank: 0] Failed to stack cross attentions: stack expects each tensor to be equal size, but got [32, 6, 140] at entry 0 and [32, 6, 2, 140] at entry 1
[2025-11-12 14:57:11,071][src.models.modules.semantic_id.tiger_generation_model][WARNING] - [rank: 0]   Hierarchy 0 shape: torch.Size([32, 6, 140])
[2025-11-12 14:57:11,072][src.models.modules.semantic_id.tiger_generation_model][WARNING] - [rank: 0]   Hierarchy 1 shape: torch.Size([32, 6, 2, 140])
[2025-11-12 14:57:11,072][src.models.modules.semantic_id.tiger_generation_model][WARNING] - [rank: 0]   Hierarchy 2 shape: torch.Size([32, 6, 140])
[2025-11-12 14:57:11,072][src.models.modules.semantic_id.tiger_generation_model][WARNING] - [rank: 0]   Hierarchy 3 shape: torch.Size([32, 6, 140])
[2025-11-12 14:57:11,072][src.models.modules.semantic_id.tiger_generation_model][WARNING] - [rank: 0]   Hierarchy 4 shape: torch.Size([32, 6, 140])
[2025-11-12 14:57:11,072][src.models.modules.semantic_id.tiger_generation_model][WARNING] - [rank: 0]   Hierarchy 5 shape: torch.Size([32, 6, 140])
[2025-11-12 14:57:12,199][src.models.modules.semantic_id.tiger_generation_model][INFO] - [rank: 0] Saved decoder self-attention to ./attention_weights/decoder_self_attention_batch_87.pt
[2025-11-12 14:57:12,200][src.models.modules.semantic_id.tiger_generation_model][INFO] - [rank: 0] Saved encoder attention to ./attention_weights/encoder_attention_batch_87.pt
[2025-11-12 14:57:12,200][src.models.modules.semantic_id.tiger_generation_model][INFO] - [rank: 0] Saved cross attention to ./attention_weights/cross_attention_batch_87.pt
[2025-11-12 14:57:12,206][src.models.modules.semantic_id.tiger_generation_model][INFO] - [rank: 0] 当前batch的生成语义ID Embedding相似度矩阵:
[[ 1.0000000e+00 -1.2911679e-03 -2.9353506e-03  6.8936730e-03
   1.2003927e-02  8.0819661e-04]
 [-1.2911679e-03  1.0000000e+00  1.7819940e-03  1.6381202e-02
  -1.7398838e-02 -1.7524578e-02]
 [-2.9353506e-03  1.7819940e-03  1.0000000e+00  9.3038958e-03
   4.4401586e-03 -3.9301626e-02]
 [ 6.8936730e-03  1.6381202e-02  9.3038958e-03  9.9999994e-01
   4.5537129e-03 -1.4316218e-02]
 [ 1.2003927e-02 -1.7398838e-02  4.4401586e-03  4.5537129e-03
   1.0000000e+00 -2.7558774e-02]
 [ 8.0819661e-04 -1.7524578e-02 -3.9301626e-02 -1.4316218e-02
  -2.7558774e-02  9.9999988e-01]]
[2025-11-12 14:57:12,490][src.models.modules.semantic_id.tiger_generation_model][INFO] - [rank: 0] 当前batch的输入Item Hierarchy Embedding相似度矩阵:
[[ 1.0000000e+00  1.3339076e-03  1.4082217e-02  1.3514201e-02
   1.0381729e-03 -1.6003113e-02]
 [ 1.3339076e-03  1.0000000e+00  2.6225284e-02  1.7966541e-02
   3.4353686e-03 -2.1504236e-02]
 [ 1.4082217e-02  2.6225284e-02  1.0000000e+00  1.7578503e-02
   1.0404380e-02 -2.7466489e-02]
 [ 1.3514201e-02  1.7966541e-02  1.7578503e-02  1.0000000e+00
   1.1814977e-02 -9.7628077e-04]
 [ 1.0381729e-03  3.4353686e-03  1.0404380e-02  1.1814977e-02
   1.0000000e+00 -7.4443393e-03]
 [-1.6003113e-02 -2.1504236e-02 -2.7466489e-02 -9.7628077e-04
  -7.4443393e-03  9.9999994e-01]]
[2025-11-12 14:57:13,855][src.models.modules.semantic_id.tiger_generation_model][WARNING] - [rank: 0] Failed to stack cross attentions: stack expects each tensor to be equal size, but got [32, 6, 140] at entry 0 and [32, 6, 2, 140] at entry 1
[2025-11-12 14:57:13,856][src.models.modules.semantic_id.tiger_generation_model][WARNING] - [rank: 0]   Hierarchy 0 shape: torch.Size([32, 6, 140])
[2025-11-12 14:57:13,856][src.models.modules.semantic_id.tiger_generation_model][WARNING] - [rank: 0]   Hierarchy 1 shape: torch.Size([32, 6, 2, 140])
[2025-11-12 14:57:13,856][src.models.modules.semantic_id.tiger_generation_model][WARNING] - [rank: 0]   Hierarchy 2 shape: torch.Size([32, 6, 140])
[2025-11-12 14:57:13,856][src.models.modules.semantic_id.tiger_generation_model][WARNING] - [rank: 0]   Hierarchy 3 shape: torch.Size([32, 6, 140])
[2025-11-12 14:57:13,857][src.models.modules.semantic_id.tiger_generation_model][WARNING] - [rank: 0]   Hierarchy 4 shape: torch.Size([32, 6, 140])
[2025-11-12 14:57:13,857][src.models.modules.semantic_id.tiger_generation_model][WARNING] - [rank: 0]   Hierarchy 5 shape: torch.Size([32, 6, 140])
[2025-11-12 14:57:14,120][src.models.modules.semantic_id.tiger_generation_model][INFO] - [rank: 0] Saved decoder self-attention to ./attention_weights/decoder_self_attention_batch_88.pt
[2025-11-12 14:57:14,120][src.models.modules.semantic_id.tiger_generation_model][INFO] - [rank: 0] Saved encoder attention to ./attention_weights/encoder_attention_batch_88.pt
[2025-11-12 14:57:14,121][src.models.modules.semantic_id.tiger_generation_model][INFO] - [rank: 0] Saved cross attention to ./attention_weights/cross_attention_batch_88.pt
[2025-11-12 14:57:14,126][src.models.modules.semantic_id.tiger_generation_model][INFO] - [rank: 0] 当前batch的生成语义ID Embedding相似度矩阵:
[[ 1.0000000e+00  4.0266849e-02  2.0950560e-02  1.4742758e-02
   1.2947544e-02 -3.4548804e-02]
 [ 4.0266849e-02  1.0000000e+00 -3.7277332e-03  1.5210044e-02
   5.8487915e-03  4.7297115e-03]
 [ 2.0950560e-02 -3.7277332e-03  1.0000000e+00  2.9520907e-02
  -4.7752946e-03 -2.9103369e-02]
 [ 1.4742758e-02  1.5210044e-02  2.9520907e-02  1.0000000e+00
  -4.2925030e-04 -3.4508359e-02]
 [ 1.2947544e-02  5.8487915e-03 -4.7752946e-03 -4.2925030e-04
   1.0000000e+00 -9.5792254e-04]
 [-3.4548804e-02  4.7297115e-03 -2.9103369e-02 -3.4508359e-02
  -9.5792254e-04  9.9999988e-01]]
[2025-11-12 14:57:14,642][src.models.modules.semantic_id.tiger_generation_model][INFO] - [rank: 0] 当前batch的输入Item Hierarchy Embedding相似度矩阵:
[[ 1.          0.00273433  0.02719573  0.00328483 -0.00284588 -0.02222307]
 [ 0.00273433  1.          0.01643436  0.00395296  0.01071318 -0.01767156]
 [ 0.02719573  0.01643436  1.          0.0213294  -0.00427308 -0.03169201]
 [ 0.00328483  0.00395296  0.0213294   1.          0.01043163 -0.00906855]
 [-0.00284588  0.01071318 -0.00427308  0.01043163  1.         -0.01961315]
 [-0.02222307 -0.01767156 -0.03169201 -0.00906855 -0.01961315  1.        ]]
[2025-11-12 14:57:16,076][src.models.modules.semantic_id.tiger_generation_model][WARNING] - [rank: 0] Failed to stack cross attentions: stack expects each tensor to be equal size, but got [32, 6, 140] at entry 0 and [32, 6, 2, 140] at entry 1
[2025-11-12 14:57:16,077][src.models.modules.semantic_id.tiger_generation_model][WARNING] - [rank: 0]   Hierarchy 0 shape: torch.Size([32, 6, 140])
[2025-11-12 14:57:16,077][src.models.modules.semantic_id.tiger_generation_model][WARNING] - [rank: 0]   Hierarchy 1 shape: torch.Size([32, 6, 2, 140])
[2025-11-12 14:57:16,078][src.models.modules.semantic_id.tiger_generation_model][WARNING] - [rank: 0]   Hierarchy 2 shape: torch.Size([32, 6, 140])
[2025-11-12 14:57:16,078][src.models.modules.semantic_id.tiger_generation_model][WARNING] - [rank: 0]   Hierarchy 3 shape: torch.Size([32, 6, 140])
[2025-11-12 14:57:16,078][src.models.modules.semantic_id.tiger_generation_model][WARNING] - [rank: 0]   Hierarchy 4 shape: torch.Size([32, 6, 140])
[2025-11-12 14:57:16,078][src.models.modules.semantic_id.tiger_generation_model][WARNING] - [rank: 0]   Hierarchy 5 shape: torch.Size([32, 6, 140])
[2025-11-12 14:57:16,602][src.models.modules.semantic_id.tiger_generation_model][INFO] - [rank: 0] Saved decoder self-attention to ./attention_weights/decoder_self_attention_batch_89.pt
[2025-11-12 14:57:16,603][src.models.modules.semantic_id.tiger_generation_model][INFO] - [rank: 0] Saved encoder attention to ./attention_weights/encoder_attention_batch_89.pt
[2025-11-12 14:57:16,603][src.models.modules.semantic_id.tiger_generation_model][INFO] - [rank: 0] Saved cross attention to ./attention_weights/cross_attention_batch_89.pt
[2025-11-12 14:57:16,621][src.models.modules.semantic_id.tiger_generation_model][INFO] - [rank: 0] 当前batch的生成语义ID Embedding相似度矩阵:
[[ 1.          0.03801461  0.01453607 -0.00399098 -0.01201627 -0.03542351]
 [ 0.03801461  0.99999994  0.01676412  0.02630217  0.00746311 -0.02314879]
 [ 0.01453607  0.01676412  1.          0.01245777  0.00976276 -0.02926134]
 [-0.00399098  0.02630217  0.01245777  1.          0.01830314 -0.01265807]
 [-0.01201627  0.00746311  0.00976276  0.01830314  1.         -0.02831912]
 [-0.03542351 -0.02314879 -0.02926134 -0.01265807 -0.02831912  0.9999999 ]]
[2025-11-12 14:57:17,041][src.models.modules.semantic_id.tiger_generation_model][INFO] - [rank: 0] 当前batch的输入Item Hierarchy Embedding相似度矩阵:
[[ 1.0000000e+00 -1.6429895e-03  1.9686537e-02  6.5287119e-03
   5.6068641e-03 -1.7504301e-02]
 [-1.6429895e-03  1.0000000e+00  1.3190994e-02  2.3103232e-02
  -4.2398443e-04 -2.2379827e-02]
 [ 1.9686537e-02  1.3190994e-02  1.0000000e+00  2.4518954e-02
   8.6910753e-03 -1.4624958e-02]
 [ 6.5287119e-03  2.3103232e-02  2.4518954e-02  1.0000000e+00
  -2.8152476e-04 -1.9391946e-02]
 [ 5.6068641e-03 -4.2398443e-04  8.6910753e-03 -2.8152476e-04
   1.0000000e+00 -1.7010296e-02]
 [-1.7504301e-02 -2.2379827e-02 -1.4624958e-02 -1.9391946e-02
  -1.7010296e-02  1.0000000e+00]]
[2025-11-12 14:57:17,810][src.models.modules.semantic_id.tiger_generation_model][WARNING] - [rank: 0] Failed to stack cross attentions: stack expects each tensor to be equal size, but got [32, 6, 140] at entry 0 and [32, 6, 2, 140] at entry 1
[2025-11-12 14:57:17,810][src.models.modules.semantic_id.tiger_generation_model][WARNING] - [rank: 0]   Hierarchy 0 shape: torch.Size([32, 6, 140])
[2025-11-12 14:57:17,811][src.models.modules.semantic_id.tiger_generation_model][WARNING] - [rank: 0]   Hierarchy 1 shape: torch.Size([32, 6, 2, 140])
[2025-11-12 14:57:17,811][src.models.modules.semantic_id.tiger_generation_model][WARNING] - [rank: 0]   Hierarchy 2 shape: torch.Size([32, 6, 140])
[2025-11-12 14:57:17,811][src.models.modules.semantic_id.tiger_generation_model][WARNING] - [rank: 0]   Hierarchy 3 shape: torch.Size([32, 6, 140])
[2025-11-12 14:57:17,811][src.models.modules.semantic_id.tiger_generation_model][WARNING] - [rank: 0]   Hierarchy 4 shape: torch.Size([32, 6, 140])
[2025-11-12 14:57:17,811][src.models.modules.semantic_id.tiger_generation_model][WARNING] - [rank: 0]   Hierarchy 5 shape: torch.Size([32, 6, 140])
[2025-11-12 14:57:18,098][src.models.modules.semantic_id.tiger_generation_model][INFO] - [rank: 0] Saved decoder self-attention to ./attention_weights/decoder_self_attention_batch_90.pt
[2025-11-12 14:57:18,099][src.models.modules.semantic_id.tiger_generation_model][INFO] - [rank: 0] Saved encoder attention to ./attention_weights/encoder_attention_batch_90.pt
[2025-11-12 14:57:18,099][src.models.modules.semantic_id.tiger_generation_model][INFO] - [rank: 0] Saved cross attention to ./attention_weights/cross_attention_batch_90.pt
[2025-11-12 14:57:18,106][src.models.modules.semantic_id.tiger_generation_model][INFO] - [rank: 0] 当前batch的生成语义ID Embedding相似度矩阵:
[[ 1.          0.00136393  0.01657129  0.02055977  0.01518046 -0.03597662]
 [ 0.00136393  1.          0.00625209  0.03185403  0.00988453 -0.0249879 ]
 [ 0.01657129  0.00625209  0.99999994  0.03738184  0.01083257 -0.02311887]
 [ 0.02055977  0.03185403  0.03738184  1.          0.02091331 -0.00764971]
 [ 0.01518046  0.00988453  0.01083257  0.02091331  1.         -0.01898375]
 [-0.03597662 -0.0249879  -0.02311887 -0.00764971 -0.01898375  0.9999999 ]]
[2025-11-12 14:57:18,296][src.models.modules.semantic_id.tiger_generation_model][INFO] - [rank: 0] 当前batch的输入Item Hierarchy Embedding相似度矩阵:
[[ 1.          0.00538405  0.0119164   0.01385907  0.00285365 -0.0306103 ]
 [ 0.00538405  1.          0.01486513  0.01143696 -0.00261199 -0.00999219]
 [ 0.0119164   0.01486513  1.          0.01781426  0.00679219 -0.02902218]
 [ 0.01385907  0.01143696  0.01781426  1.          0.01215378 -0.00610437]
 [ 0.00285365 -0.00261199  0.00679219  0.01215378  1.         -0.01387585]
 [-0.0306103  -0.00999219 -0.02902218 -0.00610437 -0.01387585  0.99999976]]
[2025-11-12 14:57:21,688][src.models.modules.semantic_id.tiger_generation_model][WARNING] - [rank: 0] Failed to stack cross attentions: stack expects each tensor to be equal size, but got [32, 6, 140] at entry 0 and [32, 6, 2, 140] at entry 1
[2025-11-12 14:57:21,689][src.models.modules.semantic_id.tiger_generation_model][WARNING] - [rank: 0]   Hierarchy 0 shape: torch.Size([32, 6, 140])
[2025-11-12 14:57:21,689][src.models.modules.semantic_id.tiger_generation_model][WARNING] - [rank: 0]   Hierarchy 1 shape: torch.Size([32, 6, 2, 140])
[2025-11-12 14:57:21,689][src.models.modules.semantic_id.tiger_generation_model][WARNING] - [rank: 0]   Hierarchy 2 shape: torch.Size([32, 6, 140])
[2025-11-12 14:57:21,689][src.models.modules.semantic_id.tiger_generation_model][WARNING] - [rank: 0]   Hierarchy 3 shape: torch.Size([32, 6, 140])
[2025-11-12 14:57:21,689][src.models.modules.semantic_id.tiger_generation_model][WARNING] - [rank: 0]   Hierarchy 4 shape: torch.Size([32, 6, 140])
[2025-11-12 14:57:21,689][src.models.modules.semantic_id.tiger_generation_model][WARNING] - [rank: 0]   Hierarchy 5 shape: torch.Size([32, 6, 140])
[2025-11-12 14:57:23,206][src.models.modules.semantic_id.tiger_generation_model][INFO] - [rank: 0] Saved decoder self-attention to ./attention_weights/decoder_self_attention_batch_91.pt
[2025-11-12 14:57:23,206][src.models.modules.semantic_id.tiger_generation_model][INFO] - [rank: 0] Saved encoder attention to ./attention_weights/encoder_attention_batch_91.pt
[2025-11-12 14:57:23,206][src.models.modules.semantic_id.tiger_generation_model][INFO] - [rank: 0] Saved cross attention to ./attention_weights/cross_attention_batch_91.pt
[2025-11-12 14:57:23,217][src.models.modules.semantic_id.tiger_generation_model][INFO] - [rank: 0] 当前batch的生成语义ID Embedding相似度矩阵:
[[ 1.0000000e+00  4.4242274e-03  2.0399589e-02 -2.0315202e-02
   1.3392760e-02 -2.9726285e-02]
 [ 4.4242274e-03  1.0000000e+00  2.1351069e-02 -7.8566186e-04
  -1.1865862e-02 -2.6404494e-02]
 [ 2.0399589e-02  2.1351069e-02  1.0000000e+00  2.2486087e-02
   3.5257015e-02 -3.9869189e-02]
 [-2.0315202e-02 -7.8566186e-04  2.2486087e-02  1.0000000e+00
   3.6158003e-02 -3.3356054e-03]
 [ 1.3392760e-02 -1.1865862e-02  3.5257015e-02  3.6158003e-02
   1.0000000e+00 -9.1420012e-03]
 [-2.9726285e-02 -2.6404494e-02 -3.9869189e-02 -3.3356054e-03
  -9.1420012e-03  9.9999988e-01]]
[2025-11-12 14:57:23,809][src.models.modules.semantic_id.tiger_generation_model][INFO] - [rank: 0] 当前batch的输入Item Hierarchy Embedding相似度矩阵:
[[ 1.00000000e+00  1.00448495e-02  1.99773945e-02  1.12325754e-02
   1.16721634e-02 -2.36968566e-02]
 [ 1.00448495e-02  1.00000000e+00  1.49677666e-02  1.02271233e-02
  -2.39266461e-04 -1.89854242e-02]
 [ 1.99773945e-02  1.49677666e-02  1.00000000e+00  2.69987173e-02
   7.67747220e-03 -2.17865314e-02]
 [ 1.12325754e-02  1.02271233e-02  2.69987173e-02  1.00000000e+00
  -1.05446333e-03 -3.95627227e-03]
 [ 1.16721634e-02 -2.39266461e-04  7.67747220e-03 -1.05446333e-03
   1.00000000e+00 -1.39766168e-02]
 [-2.36968566e-02 -1.89854242e-02 -2.17865314e-02 -3.95627227e-03
  -1.39766168e-02  1.00000000e+00]]
[2025-11-12 14:57:24,902][src.models.modules.semantic_id.tiger_generation_model][WARNING] - [rank: 0] Failed to stack cross attentions: stack expects each tensor to be equal size, but got [32, 6, 140] at entry 0 and [32, 6, 2, 140] at entry 1
[2025-11-12 14:57:24,903][src.models.modules.semantic_id.tiger_generation_model][WARNING] - [rank: 0]   Hierarchy 0 shape: torch.Size([32, 6, 140])
[2025-11-12 14:57:24,903][src.models.modules.semantic_id.tiger_generation_model][WARNING] - [rank: 0]   Hierarchy 1 shape: torch.Size([32, 6, 2, 140])
[2025-11-12 14:57:24,903][src.models.modules.semantic_id.tiger_generation_model][WARNING] - [rank: 0]   Hierarchy 2 shape: torch.Size([32, 6, 140])
[2025-11-12 14:57:24,903][src.models.modules.semantic_id.tiger_generation_model][WARNING] - [rank: 0]   Hierarchy 3 shape: torch.Size([32, 6, 140])
[2025-11-12 14:57:24,903][src.models.modules.semantic_id.tiger_generation_model][WARNING] - [rank: 0]   Hierarchy 4 shape: torch.Size([32, 6, 140])
[2025-11-12 14:57:24,904][src.models.modules.semantic_id.tiger_generation_model][WARNING] - [rank: 0]   Hierarchy 5 shape: torch.Size([32, 6, 140])
[2025-11-12 14:57:25,334][src.models.modules.semantic_id.tiger_generation_model][INFO] - [rank: 0] Saved decoder self-attention to ./attention_weights/decoder_self_attention_batch_92.pt
[2025-11-12 14:57:25,335][src.models.modules.semantic_id.tiger_generation_model][INFO] - [rank: 0] Saved encoder attention to ./attention_weights/encoder_attention_batch_92.pt
[2025-11-12 14:57:25,335][src.models.modules.semantic_id.tiger_generation_model][INFO] - [rank: 0] Saved cross attention to ./attention_weights/cross_attention_batch_92.pt
[2025-11-12 14:57:25,348][src.models.modules.semantic_id.tiger_generation_model][INFO] - [rank: 0] 当前batch的生成语义ID Embedding相似度矩阵:
[[ 1.         -0.017264   -0.00854182  0.01541143  0.00337884 -0.04409167]
 [-0.017264    1.          0.03083092  0.0071491   0.00638307 -0.02326683]
 [-0.00854182  0.03083092  1.          0.02683402 -0.00519072 -0.02865617]
 [ 0.01541143  0.0071491   0.02683402  1.          0.00183091  0.00972135]
 [ 0.00337884  0.00638307 -0.00519072  0.00183091  1.         -0.04338662]
 [-0.04409167 -0.02326683 -0.02865617  0.00972135 -0.04338662  0.9999999 ]]
[2025-11-12 14:57:25,751][src.models.modules.semantic_id.tiger_generation_model][INFO] - [rank: 0] 当前batch的输入Item Hierarchy Embedding相似度矩阵:
[[ 1.          0.00451571  0.00871557  0.00943551  0.00552797 -0.02242378]
 [ 0.00451571  1.          0.00952287  0.0105311   0.00598153 -0.01404683]
 [ 0.00871557  0.00952287  1.          0.02494375 -0.0059453  -0.02658084]
 [ 0.00943551  0.0105311   0.02494375  1.          0.01452596 -0.01596965]
 [ 0.00552797  0.00598153 -0.0059453   0.01452596  1.         -0.0054659 ]
 [-0.02242378 -0.01404683 -0.02658084 -0.01596965 -0.0054659   0.99999976]]
[2025-11-12 14:57:27,080][src.models.modules.semantic_id.tiger_generation_model][WARNING] - [rank: 0] Failed to stack cross attentions: stack expects each tensor to be equal size, but got [32, 6, 140] at entry 0 and [32, 6, 2, 140] at entry 1
[2025-11-12 14:57:27,080][src.models.modules.semantic_id.tiger_generation_model][WARNING] - [rank: 0]   Hierarchy 0 shape: torch.Size([32, 6, 140])
[2025-11-12 14:57:27,080][src.models.modules.semantic_id.tiger_generation_model][WARNING] - [rank: 0]   Hierarchy 1 shape: torch.Size([32, 6, 2, 140])
[2025-11-12 14:57:27,081][src.models.modules.semantic_id.tiger_generation_model][WARNING] - [rank: 0]   Hierarchy 2 shape: torch.Size([32, 6, 140])
[2025-11-12 14:57:27,081][src.models.modules.semantic_id.tiger_generation_model][WARNING] - [rank: 0]   Hierarchy 3 shape: torch.Size([32, 6, 140])
[2025-11-12 14:57:27,081][src.models.modules.semantic_id.tiger_generation_model][WARNING] - [rank: 0]   Hierarchy 4 shape: torch.Size([32, 6, 140])
[2025-11-12 14:57:27,081][src.models.modules.semantic_id.tiger_generation_model][WARNING] - [rank: 0]   Hierarchy 5 shape: torch.Size([32, 6, 140])
[2025-11-12 14:57:27,498][src.models.modules.semantic_id.tiger_generation_model][INFO] - [rank: 0] Saved decoder self-attention to ./attention_weights/decoder_self_attention_batch_93.pt
[2025-11-12 14:57:27,499][src.models.modules.semantic_id.tiger_generation_model][INFO] - [rank: 0] Saved encoder attention to ./attention_weights/encoder_attention_batch_93.pt
[2025-11-12 14:57:27,499][src.models.modules.semantic_id.tiger_generation_model][INFO] - [rank: 0] Saved cross attention to ./attention_weights/cross_attention_batch_93.pt
[2025-11-12 14:57:27,534][src.models.modules.semantic_id.tiger_generation_model][INFO] - [rank: 0] 当前batch的生成语义ID Embedding相似度矩阵:
[[ 0.99999994 -0.02169978  0.02263372  0.02756464  0.03870235 -0.01153813]
 [-0.02169978  1.          0.01900288 -0.01647354 -0.00284099 -0.0214124 ]
 [ 0.02263372  0.01900288  1.          0.03145343  0.01038148 -0.03847945]
 [ 0.02756464 -0.01647354  0.03145343  1.         -0.01219025 -0.01371257]
 [ 0.03870235 -0.00284099  0.01038148 -0.01219025  0.99999994 -0.00840013]
 [-0.01153813 -0.0214124  -0.03847945 -0.01371257 -0.00840013  0.9999999 ]]
[2025-11-12 14:57:28,467][src.models.modules.semantic_id.tiger_generation_model][INFO] - [rank: 0] 当前batch的输入Item Hierarchy Embedding相似度矩阵:
[[ 1.0000000e+00 -4.9678497e-03  4.3138196e-03  1.5615201e-02
   1.0869762e-02 -5.0067804e-03]
 [-4.9678497e-03  1.0000000e+00  9.1223102e-03  1.6106563e-02
   9.2433225e-03 -1.9201113e-02]
 [ 4.3138196e-03  9.1223102e-03  1.0000000e+00  1.5046695e-02
   4.5383293e-03 -2.8254885e-02]
 [ 1.5615201e-02  1.6106563e-02  1.5046695e-02  1.0000000e+00
   4.1202779e-04 -1.3472364e-02]
 [ 1.0869762e-02  9.2433225e-03  4.5383293e-03  4.1202779e-04
   1.0000000e+00 -1.3867555e-02]
 [-5.0067804e-03 -1.9201113e-02 -2.8254885e-02 -1.3472364e-02
  -1.3867555e-02  9.9999976e-01]]
[2025-11-12 14:57:31,434][src.models.modules.semantic_id.tiger_generation_model][WARNING] - [rank: 0] Failed to stack cross attentions: stack expects each tensor to be equal size, but got [32, 6, 140] at entry 0 and [32, 6, 2, 140] at entry 1
[2025-11-12 14:57:31,435][src.models.modules.semantic_id.tiger_generation_model][WARNING] - [rank: 0]   Hierarchy 0 shape: torch.Size([32, 6, 140])
[2025-11-12 14:57:31,435][src.models.modules.semantic_id.tiger_generation_model][WARNING] - [rank: 0]   Hierarchy 1 shape: torch.Size([32, 6, 2, 140])
[2025-11-12 14:57:31,435][src.models.modules.semantic_id.tiger_generation_model][WARNING] - [rank: 0]   Hierarchy 2 shape: torch.Size([32, 6, 140])
[2025-11-12 14:57:31,436][src.models.modules.semantic_id.tiger_generation_model][WARNING] - [rank: 0]   Hierarchy 3 shape: torch.Size([32, 6, 140])
[2025-11-12 14:57:31,436][src.models.modules.semantic_id.tiger_generation_model][WARNING] - [rank: 0]   Hierarchy 4 shape: torch.Size([32, 6, 140])
[2025-11-12 14:57:31,436][src.models.modules.semantic_id.tiger_generation_model][WARNING] - [rank: 0]   Hierarchy 5 shape: torch.Size([32, 6, 140])
[2025-11-12 14:57:32,014][src.models.modules.semantic_id.tiger_generation_model][INFO] - [rank: 0] Saved decoder self-attention to ./attention_weights/decoder_self_attention_batch_94.pt
[2025-11-12 14:57:32,015][src.models.modules.semantic_id.tiger_generation_model][INFO] - [rank: 0] Saved encoder attention to ./attention_weights/encoder_attention_batch_94.pt
[2025-11-12 14:57:32,023][src.models.modules.semantic_id.tiger_generation_model][INFO] - [rank: 0] Saved cross attention to ./attention_weights/cross_attention_batch_94.pt
[2025-11-12 14:57:32,057][src.models.modules.semantic_id.tiger_generation_model][INFO] - [rank: 0] 当前batch的生成语义ID Embedding相似度矩阵:
[[ 1.0000000e+00  2.7667215e-02  2.6995637e-02  2.3232432e-02
  -6.2760012e-03 -1.4931856e-02]
 [ 2.7667215e-02  1.0000000e+00  1.2677865e-02  9.6207578e-03
   2.1196708e-02 -3.0346471e-04]
 [ 2.6995637e-02  1.2677865e-02  1.0000000e+00  1.8513579e-02
   3.5245228e-03 -1.1310176e-02]
 [ 2.3232432e-02  9.6207578e-03  1.8513579e-02  1.0000000e+00
   1.3882518e-02 -2.7282352e-03]
 [-6.2760012e-03  2.1196708e-02  3.5245228e-03  1.3882518e-02
   1.0000000e+00 -9.8230727e-03]
 [-1.4931856e-02 -3.0346471e-04 -1.1310176e-02 -2.7282352e-03
  -9.8230727e-03  9.9999988e-01]]
[2025-11-12 14:57:32,433][src.models.modules.semantic_id.tiger_generation_model][INFO] - [rank: 0] 当前batch的输入Item Hierarchy Embedding相似度矩阵:
[[ 1.0000000e+00  9.5106764e-03  1.6628904e-02  6.1300886e-03
   1.7642856e-02 -1.8973934e-02]
 [ 9.5106764e-03  1.0000000e+00  9.4002588e-03  1.3634007e-02
   5.8607216e-04 -1.2803285e-02]
 [ 1.6628904e-02  9.4002588e-03  1.0000000e+00  1.9688353e-02
   5.8790394e-03 -4.3149583e-02]
 [ 6.1300886e-03  1.3634007e-02  1.9688353e-02  1.0000000e+00
  -1.4084814e-03 -8.2912864e-03]
 [ 1.7642856e-02  5.8607216e-04  5.8790394e-03 -1.4084814e-03
   1.0000000e+00 -7.1062450e-03]
 [-1.8973934e-02 -1.2803285e-02 -4.3149583e-02 -8.2912864e-03
  -7.1062450e-03  1.0000000e+00]]
[2025-11-12 14:57:33,711][src.models.modules.semantic_id.tiger_generation_model][WARNING] - [rank: 0] Failed to stack cross attentions: stack expects each tensor to be equal size, but got [32, 6, 140] at entry 0 and [32, 6, 2, 140] at entry 1
[2025-11-12 14:57:33,715][src.models.modules.semantic_id.tiger_generation_model][WARNING] - [rank: 0]   Hierarchy 0 shape: torch.Size([32, 6, 140])
[2025-11-12 14:57:33,716][src.models.modules.semantic_id.tiger_generation_model][WARNING] - [rank: 0]   Hierarchy 1 shape: torch.Size([32, 6, 2, 140])
[2025-11-12 14:57:33,719][src.models.modules.semantic_id.tiger_generation_model][WARNING] - [rank: 0]   Hierarchy 2 shape: torch.Size([32, 6, 140])
[2025-11-12 14:57:33,720][src.models.modules.semantic_id.tiger_generation_model][WARNING] - [rank: 0]   Hierarchy 3 shape: torch.Size([32, 6, 140])
[2025-11-12 14:57:33,723][src.models.modules.semantic_id.tiger_generation_model][WARNING] - [rank: 0]   Hierarchy 4 shape: torch.Size([32, 6, 140])
[2025-11-12 14:57:33,723][src.models.modules.semantic_id.tiger_generation_model][WARNING] - [rank: 0]   Hierarchy 5 shape: torch.Size([32, 6, 140])
[2025-11-12 14:57:34,203][src.models.modules.semantic_id.tiger_generation_model][INFO] - [rank: 0] Saved decoder self-attention to ./attention_weights/decoder_self_attention_batch_95.pt
[2025-11-12 14:57:34,207][src.models.modules.semantic_id.tiger_generation_model][INFO] - [rank: 0] Saved encoder attention to ./attention_weights/encoder_attention_batch_95.pt
[2025-11-12 14:57:34,208][src.models.modules.semantic_id.tiger_generation_model][INFO] - [rank: 0] Saved cross attention to ./attention_weights/cross_attention_batch_95.pt
[2025-11-12 14:57:34,213][src.models.modules.semantic_id.tiger_generation_model][INFO] - [rank: 0] 当前batch的生成语义ID Embedding相似度矩阵:
[[ 1.         -0.01204417 -0.0052082   0.01165645  0.02817584 -0.02661821]
 [-0.01204417  1.          0.02646488  0.01258522  0.00850297 -0.00999108]
 [-0.0052082   0.02646488  1.          0.05112157  0.00113934 -0.02066954]
 [ 0.01165645  0.01258522  0.05112157  1.         -0.00671156 -0.00366091]
 [ 0.02817584  0.00850297  0.00113934 -0.00671156  1.         -0.01825864]
 [-0.02661821 -0.00999108 -0.02066954 -0.00366091 -0.01825864  0.9999999 ]]
[2025-11-12 14:57:34,939][src.models.modules.semantic_id.tiger_generation_model][INFO] - [rank: 0] 当前batch的输入Item Hierarchy Embedding相似度矩阵:
[[ 1.          0.01434502  0.01582027  0.01215858 -0.00364765 -0.01108881]
 [ 0.01434502  1.          0.01104787  0.02826706  0.00419987 -0.00635033]
 [ 0.01582027  0.01104787  1.          0.03162406  0.01683243 -0.02834029]
 [ 0.01215858  0.02826706  0.03162406  1.          0.00979607 -0.01369529]
 [-0.00364765  0.00419987  0.01683243  0.00979607  1.         -0.01162466]
 [-0.01108881 -0.00635033 -0.02834029 -0.01369529 -0.01162466  0.99999994]]
[2025-11-12 14:57:36,172][src.models.modules.semantic_id.tiger_generation_model][WARNING] - [rank: 0] Failed to stack cross attentions: stack expects each tensor to be equal size, but got [32, 6, 140] at entry 0 and [32, 6, 2, 140] at entry 1
[2025-11-12 14:57:36,173][src.models.modules.semantic_id.tiger_generation_model][WARNING] - [rank: 0]   Hierarchy 0 shape: torch.Size([32, 6, 140])
[2025-11-12 14:57:36,173][src.models.modules.semantic_id.tiger_generation_model][WARNING] - [rank: 0]   Hierarchy 1 shape: torch.Size([32, 6, 2, 140])
[2025-11-12 14:57:36,173][src.models.modules.semantic_id.tiger_generation_model][WARNING] - [rank: 0]   Hierarchy 2 shape: torch.Size([32, 6, 140])
[2025-11-12 14:57:36,174][src.models.modules.semantic_id.tiger_generation_model][WARNING] - [rank: 0]   Hierarchy 3 shape: torch.Size([32, 6, 140])
[2025-11-12 14:57:36,174][src.models.modules.semantic_id.tiger_generation_model][WARNING] - [rank: 0]   Hierarchy 4 shape: torch.Size([32, 6, 140])
[2025-11-12 14:57:36,174][src.models.modules.semantic_id.tiger_generation_model][WARNING] - [rank: 0]   Hierarchy 5 shape: torch.Size([32, 6, 140])
[2025-11-12 14:57:36,598][src.models.modules.semantic_id.tiger_generation_model][INFO] - [rank: 0] Saved decoder self-attention to ./attention_weights/decoder_self_attention_batch_96.pt
[2025-11-12 14:57:36,598][src.models.modules.semantic_id.tiger_generation_model][INFO] - [rank: 0] Saved encoder attention to ./attention_weights/encoder_attention_batch_96.pt
[2025-11-12 14:57:36,599][src.models.modules.semantic_id.tiger_generation_model][INFO] - [rank: 0] Saved cross attention to ./attention_weights/cross_attention_batch_96.pt
[2025-11-12 14:57:36,604][src.models.modules.semantic_id.tiger_generation_model][INFO] - [rank: 0] 当前batch的生成语义ID Embedding相似度矩阵:
[[ 1.          0.01263325 -0.00485048  0.03832655  0.0233852  -0.02492838]
 [ 0.01263325  1.          0.02814402  0.01151543 -0.01667908 -0.04415178]
 [-0.00485048  0.02814402  1.          0.01506555  0.0206145  -0.03210549]
 [ 0.03832655  0.01151543  0.01506555  1.          0.02037032 -0.01058268]
 [ 0.0233852  -0.01667908  0.0206145   0.02037032  1.         -0.027582  ]
 [-0.02492838 -0.04415178 -0.03210549 -0.01058268 -0.027582    0.9999999 ]]
[2025-11-12 14:57:36,875][src.models.modules.semantic_id.tiger_generation_model][INFO] - [rank: 0] 当前batch的输入Item Hierarchy Embedding相似度矩阵:
[[ 1.          0.0065222   0.0267263   0.00492966  0.01414949 -0.01542704]
 [ 0.0065222   1.          0.0198774   0.01012722  0.00557778 -0.02632157]
 [ 0.0267263   0.0198774   1.          0.02067006  0.00276673 -0.02195686]
 [ 0.00492966  0.01012722  0.02067006  1.          0.01353637 -0.00421133]
 [ 0.01414949  0.00557778  0.00276673  0.01353637  1.         -0.01220052]
 [-0.01542704 -0.02632157 -0.02195686 -0.00421133 -0.01220052  0.99999976]]
[2025-11-12 14:57:38,852][src.models.modules.semantic_id.tiger_generation_model][WARNING] - [rank: 0] Failed to stack cross attentions: stack expects each tensor to be equal size, but got [32, 6, 140] at entry 0 and [32, 6, 2, 140] at entry 1
[2025-11-12 14:57:38,853][src.models.modules.semantic_id.tiger_generation_model][WARNING] - [rank: 0]   Hierarchy 0 shape: torch.Size([32, 6, 140])
[2025-11-12 14:57:38,853][src.models.modules.semantic_id.tiger_generation_model][WARNING] - [rank: 0]   Hierarchy 1 shape: torch.Size([32, 6, 2, 140])
[2025-11-12 14:57:38,853][src.models.modules.semantic_id.tiger_generation_model][WARNING] - [rank: 0]   Hierarchy 2 shape: torch.Size([32, 6, 140])
[2025-11-12 14:57:38,853][src.models.modules.semantic_id.tiger_generation_model][WARNING] - [rank: 0]   Hierarchy 3 shape: torch.Size([32, 6, 140])
[2025-11-12 14:57:38,854][src.models.modules.semantic_id.tiger_generation_model][WARNING] - [rank: 0]   Hierarchy 4 shape: torch.Size([32, 6, 140])
[2025-11-12 14:57:38,854][src.models.modules.semantic_id.tiger_generation_model][WARNING] - [rank: 0]   Hierarchy 5 shape: torch.Size([32, 6, 140])
[2025-11-12 14:57:39,868][src.models.modules.semantic_id.tiger_generation_model][INFO] - [rank: 0] Saved decoder self-attention to ./attention_weights/decoder_self_attention_batch_97.pt
[2025-11-12 14:57:39,868][src.models.modules.semantic_id.tiger_generation_model][INFO] - [rank: 0] Saved encoder attention to ./attention_weights/encoder_attention_batch_97.pt
[2025-11-12 14:57:39,869][src.models.modules.semantic_id.tiger_generation_model][INFO] - [rank: 0] Saved cross attention to ./attention_weights/cross_attention_batch_97.pt
[2025-11-12 14:57:39,876][src.models.modules.semantic_id.tiger_generation_model][INFO] - [rank: 0] 当前batch的生成语义ID Embedding相似度矩阵:
[[ 1.0000000e+00 -3.0490916e-02  3.0390866e-02 -6.9578970e-03
   1.2256305e-03 -2.9087882e-03]
 [-3.0490916e-02  1.0000000e+00  2.9324004e-03 -8.8709975e-03
   2.6142085e-04  4.1196188e-03]
 [ 3.0390866e-02  2.9324004e-03  1.0000000e+00  2.7506690e-02
   1.4555674e-02 -6.4586684e-02]
 [-6.9578970e-03 -8.8709975e-03  2.7506690e-02  1.0000000e+00
   7.7341646e-03  1.1308428e-02]
 [ 1.2256305e-03  2.6142085e-04  1.4555674e-02  7.7341646e-03
   1.0000000e+00 -9.1922395e-03]
 [-2.9087882e-03  4.1196188e-03 -6.4586684e-02  1.1308428e-02
  -9.1922395e-03  9.9999988e-01]]
[2025-11-12 14:57:40,088][src.models.modules.semantic_id.tiger_generation_model][INFO] - [rank: 0] 当前batch的输入Item Hierarchy Embedding相似度矩阵:
[[ 9.9999994e-01  1.2552238e-03  1.9435961e-02  7.1609677e-03
   1.4771349e-02 -2.3952702e-02]
 [ 1.2552238e-03  9.9999994e-01  1.1233242e-02  1.6282072e-02
  -2.9943460e-03 -1.3935262e-02]
 [ 1.9435961e-02  1.1233242e-02  9.9999994e-01  2.0007359e-02
   3.9039548e-03 -3.4339208e-02]
 [ 7.1609677e-03  1.6282072e-02  2.0007359e-02  9.9999994e-01
  -5.4665090e-04 -4.6082842e-03]
 [ 1.4771349e-02 -2.9943460e-03  3.9039548e-03 -5.4665090e-04
   9.9999994e-01 -1.5555744e-02]
 [-2.3952702e-02 -1.3935262e-02 -3.4339208e-02 -4.6082842e-03
  -1.5555744e-02  9.9999988e-01]]
[2025-11-12 14:57:40,981][src.models.modules.semantic_id.tiger_generation_model][WARNING] - [rank: 0] Failed to stack cross attentions: stack expects each tensor to be equal size, but got [32, 6, 140] at entry 0 and [32, 6, 2, 140] at entry 1
[2025-11-12 14:57:40,982][src.models.modules.semantic_id.tiger_generation_model][WARNING] - [rank: 0]   Hierarchy 0 shape: torch.Size([32, 6, 140])
[2025-11-12 14:57:40,982][src.models.modules.semantic_id.tiger_generation_model][WARNING] - [rank: 0]   Hierarchy 1 shape: torch.Size([32, 6, 2, 140])
[2025-11-12 14:57:40,983][src.models.modules.semantic_id.tiger_generation_model][WARNING] - [rank: 0]   Hierarchy 2 shape: torch.Size([32, 6, 140])
[2025-11-12 14:57:40,983][src.models.modules.semantic_id.tiger_generation_model][WARNING] - [rank: 0]   Hierarchy 3 shape: torch.Size([32, 6, 140])
[2025-11-12 14:57:40,984][src.models.modules.semantic_id.tiger_generation_model][WARNING] - [rank: 0]   Hierarchy 4 shape: torch.Size([32, 6, 140])
[2025-11-12 14:57:40,984][src.models.modules.semantic_id.tiger_generation_model][WARNING] - [rank: 0]   Hierarchy 5 shape: torch.Size([32, 6, 140])
[2025-11-12 14:57:41,465][src.models.modules.semantic_id.tiger_generation_model][INFO] - [rank: 0] Saved decoder self-attention to ./attention_weights/decoder_self_attention_batch_98.pt
[2025-11-12 14:57:41,466][src.models.modules.semantic_id.tiger_generation_model][INFO] - [rank: 0] Saved encoder attention to ./attention_weights/encoder_attention_batch_98.pt
[2025-11-12 14:57:41,466][src.models.modules.semantic_id.tiger_generation_model][INFO] - [rank: 0] Saved cross attention to ./attention_weights/cross_attention_batch_98.pt
[2025-11-12 14:57:41,474][src.models.modules.semantic_id.tiger_generation_model][INFO] - [rank: 0] 当前batch的生成语义ID Embedding相似度矩阵:
[[ 0.99999994 -0.01396804  0.01904308  0.0225736  -0.00980608 -0.03067975]
 [-0.01396804  1.          0.01063987  0.03153932 -0.01593893 -0.02421173]
 [ 0.01904308  0.01063987  1.          0.01414347  0.03136522 -0.01535997]
 [ 0.0225736   0.03153932  0.01414347  1.          0.02095286 -0.00551628]
 [-0.00980608 -0.01593893  0.03136522  0.02095286  1.         -0.02519244]
 [-0.03067975 -0.02421173 -0.01535997 -0.00551628 -0.02519244  0.9999999 ]]
[2025-11-12 14:57:41,758][src.models.modules.semantic_id.tiger_generation_model][INFO] - [rank: 0] 当前batch的输入Item Hierarchy Embedding相似度矩阵:
[[ 0.99999994  0.01548028  0.01441137  0.0086365   0.00299324 -0.02025955]
 [ 0.01548028  0.99999994  0.01120531  0.00925651  0.00624149 -0.01891636]
 [ 0.01441137  0.01120531  0.99999994  0.02309806  0.020443   -0.02924469]
 [ 0.0086365   0.00925651  0.02309806  0.99999994  0.00440383 -0.01086167]
 [ 0.00299324  0.00624149  0.020443    0.00440383  0.99999994 -0.02033143]
 [-0.02025955 -0.01891636 -0.02924469 -0.01086167 -0.02033143  0.9999999 ]]
[2025-11-12 14:57:42,654][src.models.modules.semantic_id.tiger_generation_model][WARNING] - [rank: 0] Failed to stack cross attentions: stack expects each tensor to be equal size, but got [32, 6, 140] at entry 0 and [32, 6, 2, 140] at entry 1
[2025-11-12 14:57:42,654][src.models.modules.semantic_id.tiger_generation_model][WARNING] - [rank: 0]   Hierarchy 0 shape: torch.Size([32, 6, 140])
[2025-11-12 14:57:42,655][src.models.modules.semantic_id.tiger_generation_model][WARNING] - [rank: 0]   Hierarchy 1 shape: torch.Size([32, 6, 2, 140])
[2025-11-12 14:57:42,655][src.models.modules.semantic_id.tiger_generation_model][WARNING] - [rank: 0]   Hierarchy 2 shape: torch.Size([32, 6, 140])
[2025-11-12 14:57:42,655][src.models.modules.semantic_id.tiger_generation_model][WARNING] - [rank: 0]   Hierarchy 3 shape: torch.Size([32, 6, 140])
[2025-11-12 14:57:42,669][src.models.modules.semantic_id.tiger_generation_model][WARNING] - [rank: 0]   Hierarchy 4 shape: torch.Size([32, 6, 140])
[2025-11-12 14:57:42,672][src.models.modules.semantic_id.tiger_generation_model][WARNING] - [rank: 0]   Hierarchy 5 shape: torch.Size([32, 6, 140])
[2025-11-12 14:57:42,994][src.models.modules.semantic_id.tiger_generation_model][INFO] - [rank: 0] Saved decoder self-attention to ./attention_weights/decoder_self_attention_batch_99.pt
[2025-11-12 14:57:42,994][src.models.modules.semantic_id.tiger_generation_model][INFO] - [rank: 0] Saved encoder attention to ./attention_weights/encoder_attention_batch_99.pt
[2025-11-12 14:57:42,994][src.models.modules.semantic_id.tiger_generation_model][INFO] - [rank: 0] Saved cross attention to ./attention_weights/cross_attention_batch_99.pt
[2025-11-12 14:57:43,000][src.models.modules.semantic_id.tiger_generation_model][INFO] - [rank: 0] 当前batch的生成语义ID Embedding相似度矩阵:
[[ 1.         -0.01201121  0.01463177  0.00694074  0.01547053 -0.02810732]
 [-0.01201121  1.0000002   0.01667186  0.02148536  0.01430054 -0.01688742]
 [ 0.01463177  0.01667186  1.          0.01748789  0.02473617 -0.02347027]
 [ 0.00694074  0.02148536  0.01748789  1.          0.01595697 -0.01740676]
 [ 0.01547053  0.01430054  0.02473617  0.01595697  1.          0.00196951]
 [-0.02810732 -0.01688742 -0.02347027 -0.01740676  0.00196951  0.9999999 ]]
[2025-11-12 14:57:43,399][src.models.modules.semantic_id.tiger_generation_model][INFO] - [rank: 0] 当前batch的输入Item Hierarchy Embedding相似度矩阵:
[[ 1.0000000e+00  1.0730600e-02  1.1261407e-02  9.2950845e-03
   6.1261683e-04 -1.6257085e-02]
 [ 1.0730600e-02  1.0000000e+00  2.6508097e-02  1.6476694e-02
  -1.9760141e-03 -1.7525742e-02]
 [ 1.1261407e-02  2.6508097e-02  1.0000000e+00  1.9037619e-02
   3.3865832e-03 -3.2188345e-02]
 [ 9.2950845e-03  1.6476694e-02  1.9037619e-02  1.0000000e+00
   4.7669685e-03 -1.1819047e-02]
 [ 6.1261683e-04 -1.9760141e-03  3.3865832e-03  4.7669685e-03
   1.0000000e+00 -4.4706212e-03]
 [-1.6257085e-02 -1.7525742e-02 -3.2188345e-02 -1.1819047e-02
  -4.4706212e-03  1.0000000e+00]]
[2025-11-12 14:57:44,890][src.models.modules.semantic_id.tiger_generation_model][WARNING] - [rank: 0] Failed to stack cross attentions: stack expects each tensor to be equal size, but got [32, 6, 140] at entry 0 and [32, 6, 2, 140] at entry 1
[2025-11-12 14:57:44,891][src.models.modules.semantic_id.tiger_generation_model][WARNING] - [rank: 0]   Hierarchy 0 shape: torch.Size([32, 6, 140])
[2025-11-12 14:57:44,891][src.models.modules.semantic_id.tiger_generation_model][WARNING] - [rank: 0]   Hierarchy 1 shape: torch.Size([32, 6, 2, 140])
[2025-11-12 14:57:44,891][src.models.modules.semantic_id.tiger_generation_model][WARNING] - [rank: 0]   Hierarchy 2 shape: torch.Size([32, 6, 140])
[2025-11-12 14:57:44,891][src.models.modules.semantic_id.tiger_generation_model][WARNING] - [rank: 0]   Hierarchy 3 shape: torch.Size([32, 6, 140])
[2025-11-12 14:57:44,892][src.models.modules.semantic_id.tiger_generation_model][WARNING] - [rank: 0]   Hierarchy 4 shape: torch.Size([32, 6, 140])
[2025-11-12 14:57:44,892][src.models.modules.semantic_id.tiger_generation_model][WARNING] - [rank: 0]   Hierarchy 5 shape: torch.Size([32, 6, 140])
[2025-11-12 14:57:45,412][src.models.modules.semantic_id.tiger_generation_model][INFO] - [rank: 0] Saved decoder self-attention to ./attention_weights/decoder_self_attention_batch_100.pt
[2025-11-12 14:57:45,412][src.models.modules.semantic_id.tiger_generation_model][INFO] - [rank: 0] Saved encoder attention to ./attention_weights/encoder_attention_batch_100.pt
[2025-11-12 14:57:45,413][src.models.modules.semantic_id.tiger_generation_model][INFO] - [rank: 0] Saved cross attention to ./attention_weights/cross_attention_batch_100.pt
[2025-11-12 14:57:45,429][src.models.modules.semantic_id.tiger_generation_model][INFO] - [rank: 0] 当前batch的生成语义ID Embedding相似度矩阵:
[[ 1.          0.0211246  -0.01296675  0.01985043 -0.01417078 -0.03801245]
 [ 0.0211246   1.          0.02680764  0.01098912  0.02848145  0.02116134]
 [-0.01296675  0.02680764  1.          0.03056157  0.00932109 -0.03852243]
 [ 0.01985043  0.01098912  0.03056157  1.          0.01396136 -0.01727758]
 [-0.01417078  0.02848145  0.00932109  0.01396136  1.         -0.01107707]
 [-0.03801245  0.02116134 -0.03852243 -0.01727758 -0.01107707  0.9999999 ]]
[2025-11-12 14:57:45,915][src.models.modules.semantic_id.tiger_generation_model][INFO] - [rank: 0] 当前batch的输入Item Hierarchy Embedding相似度矩阵:
[[ 1.0000000e+00  2.0200131e-03  1.6220309e-02  1.2133367e-02
   4.8193820e-03 -2.2885485e-02]
 [ 2.0200131e-03  1.0000000e+00  1.1828007e-02  1.3809724e-02
  -4.2603893e-04 -1.8031867e-02]
 [ 1.6220309e-02  1.1828007e-02  1.0000000e+00  2.7684886e-02
   3.4086127e-03 -2.6240487e-02]
 [ 1.2133367e-02  1.3809724e-02  2.7684886e-02  1.0000000e+00
   3.7084839e-03 -1.4088131e-02]
 [ 4.8193820e-03 -4.2603893e-04  3.4086127e-03  3.7084839e-03
   1.0000000e+00 -1.0075093e-02]
 [-2.2885485e-02 -1.8031867e-02 -2.6240487e-02 -1.4088131e-02
  -1.0075093e-02  9.9999994e-01]]
[2025-11-12 14:57:48,405][src.models.modules.semantic_id.tiger_generation_model][WARNING] - [rank: 0] Failed to stack cross attentions: stack expects each tensor to be equal size, but got [32, 6, 140] at entry 0 and [32, 6, 2, 140] at entry 1
[2025-11-12 14:57:48,406][src.models.modules.semantic_id.tiger_generation_model][WARNING] - [rank: 0]   Hierarchy 0 shape: torch.Size([32, 6, 140])
[2025-11-12 14:57:48,406][src.models.modules.semantic_id.tiger_generation_model][WARNING] - [rank: 0]   Hierarchy 1 shape: torch.Size([32, 6, 2, 140])
[2025-11-12 14:57:48,407][src.models.modules.semantic_id.tiger_generation_model][WARNING] - [rank: 0]   Hierarchy 2 shape: torch.Size([32, 6, 140])
[2025-11-12 14:57:48,407][src.models.modules.semantic_id.tiger_generation_model][WARNING] - [rank: 0]   Hierarchy 3 shape: torch.Size([32, 6, 140])
[2025-11-12 14:57:48,407][src.models.modules.semantic_id.tiger_generation_model][WARNING] - [rank: 0]   Hierarchy 4 shape: torch.Size([32, 6, 140])
[2025-11-12 14:57:48,407][src.models.modules.semantic_id.tiger_generation_model][WARNING] - [rank: 0]   Hierarchy 5 shape: torch.Size([32, 6, 140])
[2025-11-12 14:57:49,261][src.models.modules.semantic_id.tiger_generation_model][INFO] - [rank: 0] Saved decoder self-attention to ./attention_weights/decoder_self_attention_batch_101.pt
[2025-11-12 14:57:49,262][src.models.modules.semantic_id.tiger_generation_model][INFO] - [rank: 0] Saved encoder attention to ./attention_weights/encoder_attention_batch_101.pt
[2025-11-12 14:57:49,262][src.models.modules.semantic_id.tiger_generation_model][INFO] - [rank: 0] Saved cross attention to ./attention_weights/cross_attention_batch_101.pt
[2025-11-12 14:57:49,268][src.models.modules.semantic_id.tiger_generation_model][INFO] - [rank: 0] 当前batch的生成语义ID Embedding相似度矩阵:
[[ 1.          0.02789983  0.00193    -0.0022159   0.02875863 -0.01216922]
 [ 0.02789983  1.          0.03092809  0.03076724 -0.01238991 -0.02339265]
 [ 0.00193     0.03092809  1.          0.01119471 -0.00115289 -0.07294754]
 [-0.0022159   0.03076724  0.01119471  1.          0.02281297 -0.01908845]
 [ 0.02875863 -0.01238991 -0.00115289  0.02281297  1.         -0.00992727]
 [-0.01216922 -0.02339265 -0.07294754 -0.01908845 -0.00992727  0.9999999 ]]
[2025-11-12 14:57:50,007][src.models.modules.semantic_id.tiger_generation_model][INFO] - [rank: 0] 当前batch的输入Item Hierarchy Embedding相似度矩阵:
[[ 0.99999994  0.00397297  0.00969723  0.0113855   0.01236885 -0.02232053]
 [ 0.00397297  0.99999994  0.02044799  0.01765226 -0.00103942 -0.01015665]
 [ 0.00969723  0.02044799  0.99999994  0.01625826  0.00749358 -0.02485907]
 [ 0.0113855   0.01765226  0.01625826  0.99999994 -0.00130306 -0.01489938]
 [ 0.01236885 -0.00103942  0.00749358 -0.00130306  0.99999994 -0.01191693]
 [-0.02232053 -0.01015665 -0.02485907 -0.01489938 -0.01191693  0.9999999 ]]
[2025-11-12 14:57:51,243][src.models.modules.semantic_id.tiger_generation_model][WARNING] - [rank: 0] Failed to stack cross attentions: stack expects each tensor to be equal size, but got [32, 6, 140] at entry 0 and [32, 6, 2, 140] at entry 1
[2025-11-12 14:57:51,244][src.models.modules.semantic_id.tiger_generation_model][WARNING] - [rank: 0]   Hierarchy 0 shape: torch.Size([32, 6, 140])
[2025-11-12 14:57:51,244][src.models.modules.semantic_id.tiger_generation_model][WARNING] - [rank: 0]   Hierarchy 1 shape: torch.Size([32, 6, 2, 140])
[2025-11-12 14:57:51,244][src.models.modules.semantic_id.tiger_generation_model][WARNING] - [rank: 0]   Hierarchy 2 shape: torch.Size([32, 6, 140])
[2025-11-12 14:57:51,244][src.models.modules.semantic_id.tiger_generation_model][WARNING] - [rank: 0]   Hierarchy 3 shape: torch.Size([32, 6, 140])
[2025-11-12 14:57:51,244][src.models.modules.semantic_id.tiger_generation_model][WARNING] - [rank: 0]   Hierarchy 4 shape: torch.Size([32, 6, 140])
[2025-11-12 14:57:51,244][src.models.modules.semantic_id.tiger_generation_model][WARNING] - [rank: 0]   Hierarchy 5 shape: torch.Size([32, 6, 140])
[2025-11-12 14:57:52,006][src.models.modules.semantic_id.tiger_generation_model][INFO] - [rank: 0] Saved decoder self-attention to ./attention_weights/decoder_self_attention_batch_102.pt
[2025-11-12 14:57:52,006][src.models.modules.semantic_id.tiger_generation_model][INFO] - [rank: 0] Saved encoder attention to ./attention_weights/encoder_attention_batch_102.pt
[2025-11-12 14:57:52,007][src.models.modules.semantic_id.tiger_generation_model][INFO] - [rank: 0] Saved cross attention to ./attention_weights/cross_attention_batch_102.pt
[2025-11-12 14:57:52,012][src.models.modules.semantic_id.tiger_generation_model][INFO] - [rank: 0] 当前batch的生成语义ID Embedding相似度矩阵:
[[ 1.          0.02385855  0.03313297  0.02244271  0.00572804 -0.01879973]
 [ 0.02385855  1.          0.0309419  -0.02358692 -0.00810244 -0.0289072 ]
 [ 0.03313297  0.0309419   1.          0.01945891 -0.02233708 -0.03373303]
 [ 0.02244271 -0.02358692  0.01945891  1.         -0.01167213 -0.00992617]
 [ 0.00572804 -0.00810244 -0.02233708 -0.01167213  1.         -0.01316752]
 [-0.01879973 -0.0289072  -0.03373303 -0.00992617 -0.01316752  0.9999999 ]]
[2025-11-12 14:57:52,202][src.models.modules.semantic_id.tiger_generation_model][INFO] - [rank: 0] 当前batch的输入Item Hierarchy Embedding相似度矩阵:
[[ 1.          0.01336323  0.00879141  0.01220826  0.00377809 -0.02832117]
 [ 0.01336323  1.          0.015197    0.01200577  0.00313129 -0.01982208]
 [ 0.00879141  0.015197    1.          0.02682484  0.00375789 -0.02418413]
 [ 0.01220826  0.01200577  0.02682484  1.          0.01113487 -0.01363794]
 [ 0.00377809  0.00313129  0.00375789  0.01113487  1.         -0.0107209 ]
 [-0.02832117 -0.01982208 -0.02418413 -0.01363794 -0.0107209   0.9999999 ]]
[2025-11-12 14:57:53,898][src.models.modules.semantic_id.tiger_generation_model][WARNING] - [rank: 0] Failed to stack cross attentions: stack expects each tensor to be equal size, but got [32, 6, 140] at entry 0 and [32, 6, 2, 140] at entry 1
[2025-11-12 14:57:53,899][src.models.modules.semantic_id.tiger_generation_model][WARNING] - [rank: 0]   Hierarchy 0 shape: torch.Size([32, 6, 140])
[2025-11-12 14:57:53,900][src.models.modules.semantic_id.tiger_generation_model][WARNING] - [rank: 0]   Hierarchy 1 shape: torch.Size([32, 6, 2, 140])
[2025-11-12 14:57:53,900][src.models.modules.semantic_id.tiger_generation_model][WARNING] - [rank: 0]   Hierarchy 2 shape: torch.Size([32, 6, 140])
[2025-11-12 14:57:53,900][src.models.modules.semantic_id.tiger_generation_model][WARNING] - [rank: 0]   Hierarchy 3 shape: torch.Size([32, 6, 140])
[2025-11-12 14:57:53,900][src.models.modules.semantic_id.tiger_generation_model][WARNING] - [rank: 0]   Hierarchy 4 shape: torch.Size([32, 6, 140])
[2025-11-12 14:57:53,900][src.models.modules.semantic_id.tiger_generation_model][WARNING] - [rank: 0]   Hierarchy 5 shape: torch.Size([32, 6, 140])
[2025-11-12 14:57:54,368][src.models.modules.semantic_id.tiger_generation_model][INFO] - [rank: 0] Saved decoder self-attention to ./attention_weights/decoder_self_attention_batch_103.pt
[2025-11-12 14:57:54,368][src.models.modules.semantic_id.tiger_generation_model][INFO] - [rank: 0] Saved encoder attention to ./attention_weights/encoder_attention_batch_103.pt
[2025-11-12 14:57:54,369][src.models.modules.semantic_id.tiger_generation_model][INFO] - [rank: 0] Saved cross attention to ./attention_weights/cross_attention_batch_103.pt
[2025-11-12 14:57:54,374][src.models.modules.semantic_id.tiger_generation_model][INFO] - [rank: 0] 当前batch的生成语义ID Embedding相似度矩阵:
[[ 1.          0.00114793 -0.01335921  0.01588442  0.01634037 -0.01626607]
 [ 0.00114793  1.         -0.00126838  0.03466731 -0.00204704 -0.04349784]
 [-0.01335921 -0.00126838  1.          0.03649359  0.02019268 -0.00843773]
 [ 0.01588442  0.03466731  0.03649359  1.          0.02860221 -0.02059945]
 [ 0.01634037 -0.00204704  0.02019268  0.02860221  1.          0.0127312 ]
 [-0.01626607 -0.04349784 -0.00843773 -0.02059945  0.0127312   0.9999999 ]]
[2025-11-12 14:57:54,565][src.models.modules.semantic_id.tiger_generation_model][INFO] - [rank: 0] 当前batch的输入Item Hierarchy Embedding相似度矩阵:
[[ 1.          0.00617904  0.01579723  0.01156888  0.0126663  -0.02068423]
 [ 0.00617904  1.          0.02342914  0.0193069   0.00398283 -0.01826485]
 [ 0.01579723  0.02342914  1.          0.03055672  0.01508513 -0.01444717]
 [ 0.01156888  0.0193069   0.03055672  1.          0.00994988  0.00782772]
 [ 0.0126663   0.00398283  0.01508513  0.00994988  1.         -0.00635019]
 [-0.02068423 -0.01826485 -0.01444717  0.00782772 -0.00635019  0.9999999 ]]
[2025-11-12 14:57:56,440][src.models.modules.semantic_id.tiger_generation_model][WARNING] - [rank: 0] Failed to stack cross attentions: stack expects each tensor to be equal size, but got [32, 6, 140] at entry 0 and [32, 6, 2, 140] at entry 1
[2025-11-12 14:57:56,440][src.models.modules.semantic_id.tiger_generation_model][WARNING] - [rank: 0]   Hierarchy 0 shape: torch.Size([32, 6, 140])
[2025-11-12 14:57:56,441][src.models.modules.semantic_id.tiger_generation_model][WARNING] - [rank: 0]   Hierarchy 1 shape: torch.Size([32, 6, 2, 140])
[2025-11-12 14:57:56,441][src.models.modules.semantic_id.tiger_generation_model][WARNING] - [rank: 0]   Hierarchy 2 shape: torch.Size([32, 6, 140])
[2025-11-12 14:57:56,441][src.models.modules.semantic_id.tiger_generation_model][WARNING] - [rank: 0]   Hierarchy 3 shape: torch.Size([32, 6, 140])
[2025-11-12 14:57:56,441][src.models.modules.semantic_id.tiger_generation_model][WARNING] - [rank: 0]   Hierarchy 4 shape: torch.Size([32, 6, 140])
[2025-11-12 14:57:56,441][src.models.modules.semantic_id.tiger_generation_model][WARNING] - [rank: 0]   Hierarchy 5 shape: torch.Size([32, 6, 140])
[2025-11-12 14:57:57,013][src.models.modules.semantic_id.tiger_generation_model][INFO] - [rank: 0] Saved decoder self-attention to ./attention_weights/decoder_self_attention_batch_104.pt
[2025-11-12 14:57:57,013][src.models.modules.semantic_id.tiger_generation_model][INFO] - [rank: 0] Saved encoder attention to ./attention_weights/encoder_attention_batch_104.pt
[2025-11-12 14:57:57,014][src.models.modules.semantic_id.tiger_generation_model][INFO] - [rank: 0] Saved cross attention to ./attention_weights/cross_attention_batch_104.pt
[2025-11-12 14:57:57,020][src.models.modules.semantic_id.tiger_generation_model][INFO] - [rank: 0] 当前batch的生成语义ID Embedding相似度矩阵:
[[ 1.          0.00141859  0.01887174  0.0094651   0.02126621 -0.02841439]
 [ 0.00141859  1.         -0.00671997  0.0204794   0.02155439 -0.02331666]
 [ 0.01887174 -0.00671997  1.          0.02246446  0.01683821 -0.01801893]
 [ 0.0094651   0.0204794   0.02246446  1.         -0.0129947  -0.0143415 ]
 [ 0.02126621  0.02155439  0.01683821 -0.0129947   1.          0.03483093]
 [-0.02841439 -0.02331666 -0.01801893 -0.0143415   0.03483093  0.9999999 ]]
[2025-11-12 14:57:57,414][src.models.modules.semantic_id.tiger_generation_model][INFO] - [rank: 0] 当前batch的输入Item Hierarchy Embedding相似度矩阵:
[[ 9.99999940e-01  3.16054816e-03  1.64339058e-02  1.43858977e-02
   1.86151173e-02 -6.21123845e-03]
 [ 3.16054816e-03  9.99999940e-01  1.05183301e-02  8.97944672e-04
   1.51299462e-02 -2.08374951e-02]
 [ 1.64339058e-02  1.05183301e-02  9.99999940e-01  1.59678999e-02
   2.94025696e-04 -2.78908648e-02]
 [ 1.43858977e-02  8.97944672e-04  1.59678999e-02  9.99999940e-01
   8.20479169e-03 -5.09050954e-03]
 [ 1.86151173e-02  1.51299462e-02  2.94025696e-04  8.20479169e-03
   9.99999940e-01 -1.29106315e-02]
 [-6.21123845e-03 -2.08374951e-02 -2.78908648e-02 -5.09050954e-03
  -1.29106315e-02  9.99999881e-01]]
[2025-11-12 14:57:58,998][src.models.modules.semantic_id.tiger_generation_model][WARNING] - [rank: 0] Failed to stack cross attentions: stack expects each tensor to be equal size, but got [32, 6, 140] at entry 0 and [32, 6, 2, 140] at entry 1
[2025-11-12 14:57:58,999][src.models.modules.semantic_id.tiger_generation_model][WARNING] - [rank: 0]   Hierarchy 0 shape: torch.Size([32, 6, 140])
[2025-11-12 14:57:58,999][src.models.modules.semantic_id.tiger_generation_model][WARNING] - [rank: 0]   Hierarchy 1 shape: torch.Size([32, 6, 2, 140])
[2025-11-12 14:57:59,000][src.models.modules.semantic_id.tiger_generation_model][WARNING] - [rank: 0]   Hierarchy 2 shape: torch.Size([32, 6, 140])
[2025-11-12 14:57:59,000][src.models.modules.semantic_id.tiger_generation_model][WARNING] - [rank: 0]   Hierarchy 3 shape: torch.Size([32, 6, 140])
[2025-11-12 14:57:59,000][src.models.modules.semantic_id.tiger_generation_model][WARNING] - [rank: 0]   Hierarchy 4 shape: torch.Size([32, 6, 140])
[2025-11-12 14:57:59,000][src.models.modules.semantic_id.tiger_generation_model][WARNING] - [rank: 0]   Hierarchy 5 shape: torch.Size([32, 6, 140])
[2025-11-12 14:57:59,371][src.models.modules.semantic_id.tiger_generation_model][INFO] - [rank: 0] Saved decoder self-attention to ./attention_weights/decoder_self_attention_batch_105.pt
[2025-11-12 14:57:59,371][src.models.modules.semantic_id.tiger_generation_model][INFO] - [rank: 0] Saved encoder attention to ./attention_weights/encoder_attention_batch_105.pt
[2025-11-12 14:57:59,372][src.models.modules.semantic_id.tiger_generation_model][INFO] - [rank: 0] Saved cross attention to ./attention_weights/cross_attention_batch_105.pt
[2025-11-12 14:57:59,376][src.models.modules.semantic_id.tiger_generation_model][INFO] - [rank: 0] 当前batch的生成语义ID Embedding相似度矩阵:
[[ 1.0000000e+00  1.3049720e-02  3.7581269e-02  1.0679586e-02
  -8.3901417e-03 -1.0180882e-02]
 [ 1.3049720e-02  1.0000000e+00  1.7546387e-02  5.4644272e-03
  -6.9394778e-04 -2.9233722e-02]
 [ 3.7581269e-02  1.7546387e-02  1.0000000e+00  3.9575629e-02
   1.5734090e-03 -1.8379180e-02]
 [ 1.0679586e-02  5.4644272e-03  3.9575629e-02  1.0000000e+00
   1.1058012e-02 -7.2475830e-03]
 [-8.3901417e-03 -6.9394778e-04  1.5734090e-03  1.1058012e-02
   1.0000000e+00 -5.4975455e-03]
 [-1.0180882e-02 -2.9233722e-02 -1.8379180e-02 -7.2475830e-03
  -5.4975455e-03  9.9999988e-01]]
[2025-11-12 14:57:59,668][src.models.modules.semantic_id.tiger_generation_model][INFO] - [rank: 0] 当前batch的输入Item Hierarchy Embedding相似度矩阵:
[[ 1.0000000e+00  1.0970284e-02  2.3670401e-02  9.7317221e-03
   6.5984047e-04 -1.1853682e-02]
 [ 1.0970284e-02  1.0000000e+00  9.3088616e-03  1.9577736e-02
  -9.1796340e-03 -2.1176461e-02]
 [ 2.3670401e-02  9.3088616e-03  1.0000000e+00  1.9764587e-02
   1.0236342e-02 -3.1588428e-02]
 [ 9.7317221e-03  1.9577736e-02  1.9764587e-02  1.0000000e+00
   1.7246713e-03 -4.3469588e-03]
 [ 6.5984047e-04 -9.1796340e-03  1.0236342e-02  1.7246713e-03
   1.0000000e+00 -1.5829423e-02]
 [-1.1853682e-02 -2.1176461e-02 -3.1588428e-02 -4.3469588e-03
  -1.5829423e-02  9.9999982e-01]]
[2025-11-12 14:58:00,827][src.models.modules.semantic_id.tiger_generation_model][WARNING] - [rank: 0] Failed to stack cross attentions: stack expects each tensor to be equal size, but got [32, 6, 140] at entry 0 and [32, 6, 2, 140] at entry 1
[2025-11-12 14:58:00,828][src.models.modules.semantic_id.tiger_generation_model][WARNING] - [rank: 0]   Hierarchy 0 shape: torch.Size([32, 6, 140])
[2025-11-12 14:58:00,828][src.models.modules.semantic_id.tiger_generation_model][WARNING] - [rank: 0]   Hierarchy 1 shape: torch.Size([32, 6, 2, 140])
[2025-11-12 14:58:00,828][src.models.modules.semantic_id.tiger_generation_model][WARNING] - [rank: 0]   Hierarchy 2 shape: torch.Size([32, 6, 140])
[2025-11-12 14:58:00,828][src.models.modules.semantic_id.tiger_generation_model][WARNING] - [rank: 0]   Hierarchy 3 shape: torch.Size([32, 6, 140])
[2025-11-12 14:58:00,829][src.models.modules.semantic_id.tiger_generation_model][WARNING] - [rank: 0]   Hierarchy 4 shape: torch.Size([32, 6, 140])
[2025-11-12 14:58:00,829][src.models.modules.semantic_id.tiger_generation_model][WARNING] - [rank: 0]   Hierarchy 5 shape: torch.Size([32, 6, 140])
[2025-11-12 14:58:01,218][src.models.modules.semantic_id.tiger_generation_model][INFO] - [rank: 0] Saved decoder self-attention to ./attention_weights/decoder_self_attention_batch_106.pt
[2025-11-12 14:58:01,219][src.models.modules.semantic_id.tiger_generation_model][INFO] - [rank: 0] Saved encoder attention to ./attention_weights/encoder_attention_batch_106.pt
[2025-11-12 14:58:01,219][src.models.modules.semantic_id.tiger_generation_model][INFO] - [rank: 0] Saved cross attention to ./attention_weights/cross_attention_batch_106.pt
[2025-11-12 14:58:01,224][src.models.modules.semantic_id.tiger_generation_model][INFO] - [rank: 0] 当前batch的生成语义ID Embedding相似度矩阵:
[[ 0.99999994  0.00119407  0.029194    0.02507692  0.00513965 -0.02590009]
 [ 0.00119407  1.          0.02252247  0.03002669  0.0298774  -0.02397141]
 [ 0.029194    0.02252247  1.          0.01939432  0.01169536 -0.02729095]
 [ 0.02507692  0.03002669  0.01939432  1.         -0.00808056 -0.01083141]
 [ 0.00513965  0.0298774   0.01169536 -0.00808056  1.         -0.01393866]
 [-0.02590009 -0.02397141 -0.02729095 -0.01083141 -0.01393866  0.9999999 ]]
[2025-11-12 14:58:01,474][src.models.modules.semantic_id.tiger_generation_model][INFO] - [rank: 0] 当前batch的输入Item Hierarchy Embedding相似度矩阵:
[[ 1.0000000e+00 -3.6805447e-03  1.2743009e-02  1.0517697e-02
   9.1167903e-03 -1.2330438e-02]
 [-3.6805447e-03  1.0000000e+00  1.8940013e-02  1.1233911e-02
  -4.1249017e-03 -1.4108864e-02]
 [ 1.2743009e-02  1.8940013e-02  1.0000000e+00  2.8663067e-02
   5.5642733e-03 -2.8055063e-02]
 [ 1.0517697e-02  1.1233911e-02  2.8663067e-02  1.0000000e+00
   8.6990354e-04 -1.3444127e-02]
 [ 9.1167903e-03 -4.1249017e-03  5.5642733e-03  8.6990354e-04
   1.0000000e+00 -8.5485000e-03]
 [-1.2330438e-02 -1.4108864e-02 -2.8055063e-02 -1.3444127e-02
  -8.5485000e-03  1.0000000e+00]]
[2025-11-12 14:58:02,801][src.models.modules.semantic_id.tiger_generation_model][WARNING] - [rank: 0] Failed to stack cross attentions: stack expects each tensor to be equal size, but got [32, 6, 140] at entry 0 and [32, 6, 2, 140] at entry 1
[2025-11-12 14:58:02,801][src.models.modules.semantic_id.tiger_generation_model][WARNING] - [rank: 0]   Hierarchy 0 shape: torch.Size([32, 6, 140])
[2025-11-12 14:58:02,802][src.models.modules.semantic_id.tiger_generation_model][WARNING] - [rank: 0]   Hierarchy 1 shape: torch.Size([32, 6, 2, 140])
[2025-11-12 14:58:02,802][src.models.modules.semantic_id.tiger_generation_model][WARNING] - [rank: 0]   Hierarchy 2 shape: torch.Size([32, 6, 140])
[2025-11-12 14:58:02,802][src.models.modules.semantic_id.tiger_generation_model][WARNING] - [rank: 0]   Hierarchy 3 shape: torch.Size([32, 6, 140])
[2025-11-12 14:58:02,802][src.models.modules.semantic_id.tiger_generation_model][WARNING] - [rank: 0]   Hierarchy 4 shape: torch.Size([32, 6, 140])
[2025-11-12 14:58:02,802][src.models.modules.semantic_id.tiger_generation_model][WARNING] - [rank: 0]   Hierarchy 5 shape: torch.Size([32, 6, 140])
[2025-11-12 14:58:03,328][src.models.modules.semantic_id.tiger_generation_model][INFO] - [rank: 0] Saved decoder self-attention to ./attention_weights/decoder_self_attention_batch_107.pt
[2025-11-12 14:58:03,328][src.models.modules.semantic_id.tiger_generation_model][INFO] - [rank: 0] Saved encoder attention to ./attention_weights/encoder_attention_batch_107.pt
[2025-11-12 14:58:03,328][src.models.modules.semantic_id.tiger_generation_model][INFO] - [rank: 0] Saved cross attention to ./attention_weights/cross_attention_batch_107.pt
[2025-11-12 14:58:03,335][src.models.modules.semantic_id.tiger_generation_model][INFO] - [rank: 0] 当前batch的生成语义ID Embedding相似度矩阵:
[[ 0.99999994  0.01942045  0.00227446  0.02917153 -0.00492634 -0.03812054]
 [ 0.01942045  1.0000001   0.01973357  0.02829018  0.00727796 -0.03352394]
 [ 0.00227446  0.01973357  1.          0.03516041  0.00900175 -0.023304  ]
 [ 0.02917153  0.02829018  0.03516041  1.          0.01564413 -0.0293625 ]
 [-0.00492634  0.00727796  0.00900175  0.01564413  1.         -0.01258071]
 [-0.03812054 -0.03352394 -0.023304   -0.0293625  -0.01258071  0.9999999 ]]
[2025-11-12 14:58:03,637][src.models.modules.semantic_id.tiger_generation_model][INFO] - [rank: 0] 当前batch的输入Item Hierarchy Embedding相似度矩阵:
[[ 1.          0.0140326   0.01422527  0.00775929 -0.00456943 -0.0176902 ]
 [ 0.0140326   1.          0.02858142  0.0138125   0.00508467 -0.02295401]
 [ 0.01422527  0.02858142  1.          0.01802979  0.01632644 -0.02498025]
 [ 0.00775929  0.0138125   0.01802979  1.          0.00286775 -0.01080191]
 [-0.00456943  0.00508467  0.01632644  0.00286775  1.         -0.01586338]
 [-0.0176902  -0.02295401 -0.02498025 -0.01080191 -0.01586338  0.99999994]]
[2025-11-12 14:58:04,684][src.models.modules.semantic_id.tiger_generation_model][WARNING] - [rank: 0] Failed to stack cross attentions: stack expects each tensor to be equal size, but got [32, 6, 140] at entry 0 and [32, 6, 2, 140] at entry 1
[2025-11-12 14:58:04,685][src.models.modules.semantic_id.tiger_generation_model][WARNING] - [rank: 0]   Hierarchy 0 shape: torch.Size([32, 6, 140])
[2025-11-12 14:58:04,686][src.models.modules.semantic_id.tiger_generation_model][WARNING] - [rank: 0]   Hierarchy 1 shape: torch.Size([32, 6, 2, 140])
[2025-11-12 14:58:04,686][src.models.modules.semantic_id.tiger_generation_model][WARNING] - [rank: 0]   Hierarchy 2 shape: torch.Size([32, 6, 140])
[2025-11-12 14:58:04,686][src.models.modules.semantic_id.tiger_generation_model][WARNING] - [rank: 0]   Hierarchy 3 shape: torch.Size([32, 6, 140])
[2025-11-12 14:58:04,686][src.models.modules.semantic_id.tiger_generation_model][WARNING] - [rank: 0]   Hierarchy 4 shape: torch.Size([32, 6, 140])
[2025-11-12 14:58:04,686][src.models.modules.semantic_id.tiger_generation_model][WARNING] - [rank: 0]   Hierarchy 5 shape: torch.Size([32, 6, 140])
[2025-11-12 14:58:05,822][src.models.modules.semantic_id.tiger_generation_model][INFO] - [rank: 0] Saved decoder self-attention to ./attention_weights/decoder_self_attention_batch_108.pt
[2025-11-12 14:58:05,822][src.models.modules.semantic_id.tiger_generation_model][INFO] - [rank: 0] Saved encoder attention to ./attention_weights/encoder_attention_batch_108.pt
[2025-11-12 14:58:05,823][src.models.modules.semantic_id.tiger_generation_model][INFO] - [rank: 0] Saved cross attention to ./attention_weights/cross_attention_batch_108.pt
[2025-11-12 14:58:05,828][src.models.modules.semantic_id.tiger_generation_model][INFO] - [rank: 0] 当前batch的生成语义ID Embedding相似度矩阵:
[[ 1.         -0.01342258  0.02698481 -0.00870814  0.00193186 -0.02275779]
 [-0.01342258  1.          0.01038857  0.03713422  0.00355283 -0.00292408]
 [ 0.02698481  0.01038857  1.         -0.03008752  0.00834224 -0.02100173]
 [-0.00870814  0.03713422 -0.03008752  1.         -0.00535542  0.00769879]
 [ 0.00193186  0.00355283  0.00834224 -0.00535542  1.         -0.01000901]
 [-0.02275779 -0.00292408 -0.02100173  0.00769879 -0.01000901  0.9999999 ]]
[2025-11-12 14:58:06,465][src.models.modules.semantic_id.tiger_generation_model][INFO] - [rank: 0] 当前batch的输入Item Hierarchy Embedding相似度矩阵:
[[ 1.          0.01292983  0.00472129  0.01736485  0.01003865 -0.02230943]
 [ 0.01292983  1.          0.01952639  0.01224118  0.01518148 -0.01486705]
 [ 0.00472129  0.01952639  1.          0.02411725 -0.00156051 -0.03012696]
 [ 0.01736485  0.01224118  0.02411725  1.          0.00446848 -0.01170475]
 [ 0.01003865  0.01518148 -0.00156051  0.00446848  1.         -0.01237031]
 [-0.02230943 -0.01486705 -0.03012696 -0.01170475 -0.01237031  0.99999994]]
[2025-11-12 14:58:08,292][src.models.modules.semantic_id.tiger_generation_model][WARNING] - [rank: 0] Failed to stack cross attentions: stack expects each tensor to be equal size, but got [32, 6, 140] at entry 0 and [32, 6, 2, 140] at entry 1
[2025-11-12 14:58:08,293][src.models.modules.semantic_id.tiger_generation_model][WARNING] - [rank: 0]   Hierarchy 0 shape: torch.Size([32, 6, 140])
[2025-11-12 14:58:08,293][src.models.modules.semantic_id.tiger_generation_model][WARNING] - [rank: 0]   Hierarchy 1 shape: torch.Size([32, 6, 2, 140])
[2025-11-12 14:58:08,293][src.models.modules.semantic_id.tiger_generation_model][WARNING] - [rank: 0]   Hierarchy 2 shape: torch.Size([32, 6, 140])
[2025-11-12 14:58:08,293][src.models.modules.semantic_id.tiger_generation_model][WARNING] - [rank: 0]   Hierarchy 3 shape: torch.Size([32, 6, 140])
[2025-11-12 14:58:08,294][src.models.modules.semantic_id.tiger_generation_model][WARNING] - [rank: 0]   Hierarchy 4 shape: torch.Size([32, 6, 140])
[2025-11-12 14:58:08,294][src.models.modules.semantic_id.tiger_generation_model][WARNING] - [rank: 0]   Hierarchy 5 shape: torch.Size([32, 6, 140])
[2025-11-12 14:58:08,666][src.models.modules.semantic_id.tiger_generation_model][INFO] - [rank: 0] Saved decoder self-attention to ./attention_weights/decoder_self_attention_batch_109.pt
[2025-11-12 14:58:08,667][src.models.modules.semantic_id.tiger_generation_model][INFO] - [rank: 0] Saved encoder attention to ./attention_weights/encoder_attention_batch_109.pt
[2025-11-12 14:58:08,667][src.models.modules.semantic_id.tiger_generation_model][INFO] - [rank: 0] Saved cross attention to ./attention_weights/cross_attention_batch_109.pt
[2025-11-12 14:58:08,673][src.models.modules.semantic_id.tiger_generation_model][INFO] - [rank: 0] 当前batch的生成语义ID Embedding相似度矩阵:
[[ 1.         -0.00316046 -0.01032336  0.01463692  0.02250908 -0.00885614]
 [-0.00316046  1.         -0.01770388  0.0319368  -0.00683118  0.00386099]
 [-0.01032336 -0.01770388  1.          0.03171439  0.04283935 -0.0129593 ]
 [ 0.01463692  0.0319368   0.03171439  1.          0.02333413 -0.01146712]
 [ 0.02250908 -0.00683118  0.04283935  0.02333413  1.         -0.01675805]
 [-0.00885614  0.00386099 -0.0129593  -0.01146712 -0.01675805  0.9999999 ]]
[2025-11-12 14:58:08,801][src.models.modules.semantic_id.tiger_generation_model][INFO] - [rank: 0] 当前batch的输入Item Hierarchy Embedding相似度矩阵:
[[ 1.          0.00655414  0.01771523  0.01277101  0.01976951 -0.01880047]
 [ 0.00655414  1.          0.01121148  0.00741328 -0.00586835 -0.01964805]
 [ 0.01771523  0.01121148  1.          0.01437874  0.00413864 -0.02515108]
 [ 0.01277101  0.00741328  0.01437874  1.          0.00556365 -0.01376849]
 [ 0.01976951 -0.00586835  0.00413864  0.00556365  1.         -0.00305936]
 [-0.01880047 -0.01964805 -0.02515108 -0.01376849 -0.00305936  0.99999976]]
[2025-11-12 14:58:10,031][src.models.modules.semantic_id.tiger_generation_model][WARNING] - [rank: 0] Failed to stack cross attentions: stack expects each tensor to be equal size, but got [32, 6, 140] at entry 0 and [32, 6, 2, 140] at entry 1
[2025-11-12 14:58:10,032][src.models.modules.semantic_id.tiger_generation_model][WARNING] - [rank: 0]   Hierarchy 0 shape: torch.Size([32, 6, 140])
[2025-11-12 14:58:10,032][src.models.modules.semantic_id.tiger_generation_model][WARNING] - [rank: 0]   Hierarchy 1 shape: torch.Size([32, 6, 2, 140])
[2025-11-12 14:58:10,032][src.models.modules.semantic_id.tiger_generation_model][WARNING] - [rank: 0]   Hierarchy 2 shape: torch.Size([32, 6, 140])
[2025-11-12 14:58:10,032][src.models.modules.semantic_id.tiger_generation_model][WARNING] - [rank: 0]   Hierarchy 3 shape: torch.Size([32, 6, 140])
[2025-11-12 14:58:10,032][src.models.modules.semantic_id.tiger_generation_model][WARNING] - [rank: 0]   Hierarchy 4 shape: torch.Size([32, 6, 140])
[2025-11-12 14:58:10,033][src.models.modules.semantic_id.tiger_generation_model][WARNING] - [rank: 0]   Hierarchy 5 shape: torch.Size([32, 6, 140])
[2025-11-12 14:58:10,450][src.models.modules.semantic_id.tiger_generation_model][INFO] - [rank: 0] Saved decoder self-attention to ./attention_weights/decoder_self_attention_batch_110.pt
[2025-11-12 14:58:10,450][src.models.modules.semantic_id.tiger_generation_model][INFO] - [rank: 0] Saved encoder attention to ./attention_weights/encoder_attention_batch_110.pt
[2025-11-12 14:58:10,450][src.models.modules.semantic_id.tiger_generation_model][INFO] - [rank: 0] Saved cross attention to ./attention_weights/cross_attention_batch_110.pt
[2025-11-12 14:58:10,455][src.models.modules.semantic_id.tiger_generation_model][INFO] - [rank: 0] 当前batch的生成语义ID Embedding相似度矩阵:
[[ 0.99999994  0.01983481  0.02804134 -0.00213925  0.01808873 -0.03016404]
 [ 0.01983481  1.          0.02072364  0.02670659  0.02132122 -0.00373427]
 [ 0.02804134  0.02072364  1.          0.0389135   0.03050086 -0.03300658]
 [-0.00213925  0.02670659  0.0389135   1.         -0.01601314  0.00568992]
 [ 0.01808873  0.02132122  0.03050086 -0.01601314  1.         -0.00259295]
 [-0.03016404 -0.00373427 -0.03300658  0.00568992 -0.00259295  0.9999999 ]]
[2025-11-12 14:58:10,763][src.models.modules.semantic_id.tiger_generation_model][INFO] - [rank: 0] 当前batch的输入Item Hierarchy Embedding相似度矩阵:
[[ 1.0000000e+00  1.8211680e-02  5.4635634e-03  6.3426215e-03
   3.3114760e-03 -2.5844820e-02]
 [ 1.8211680e-02  1.0000000e+00  2.2941284e-02  1.1610708e-02
   2.7971240e-03 -1.9041747e-02]
 [ 5.4635634e-03  2.2941284e-02  1.0000000e+00  3.4630150e-02
   1.0416765e-04 -2.9986367e-02]
 [ 6.3426215e-03  1.1610708e-02  3.4630150e-02  1.0000000e+00
   1.1310756e-02 -6.0252473e-03]
 [ 3.3114760e-03  2.7971240e-03  1.0416765e-04  1.1310756e-02
   1.0000000e+00 -8.7861894e-03]
 [-2.5844820e-02 -1.9041747e-02 -2.9986367e-02 -6.0252473e-03
  -8.7861894e-03  9.9999994e-01]]
[2025-11-12 14:58:12,603][src.models.modules.semantic_id.tiger_generation_model][WARNING] - [rank: 0] Failed to stack cross attentions: stack expects each tensor to be equal size, but got [32, 6, 140] at entry 0 and [32, 6, 2, 140] at entry 1
[2025-11-12 14:58:12,604][src.models.modules.semantic_id.tiger_generation_model][WARNING] - [rank: 0]   Hierarchy 0 shape: torch.Size([32, 6, 140])
[2025-11-12 14:58:12,604][src.models.modules.semantic_id.tiger_generation_model][WARNING] - [rank: 0]   Hierarchy 1 shape: torch.Size([32, 6, 2, 140])
[2025-11-12 14:58:12,604][src.models.modules.semantic_id.tiger_generation_model][WARNING] - [rank: 0]   Hierarchy 2 shape: torch.Size([32, 6, 140])
[2025-11-12 14:58:12,605][src.models.modules.semantic_id.tiger_generation_model][WARNING] - [rank: 0]   Hierarchy 3 shape: torch.Size([32, 6, 140])
[2025-11-12 14:58:12,605][src.models.modules.semantic_id.tiger_generation_model][WARNING] - [rank: 0]   Hierarchy 4 shape: torch.Size([32, 6, 140])
[2025-11-12 14:58:12,605][src.models.modules.semantic_id.tiger_generation_model][WARNING] - [rank: 0]   Hierarchy 5 shape: torch.Size([32, 6, 140])
[2025-11-12 14:58:12,930][src.models.modules.semantic_id.tiger_generation_model][INFO] - [rank: 0] Saved decoder self-attention to ./attention_weights/decoder_self_attention_batch_111.pt
[2025-11-12 14:58:12,931][src.models.modules.semantic_id.tiger_generation_model][INFO] - [rank: 0] Saved encoder attention to ./attention_weights/encoder_attention_batch_111.pt
[2025-11-12 14:58:12,947][src.models.modules.semantic_id.tiger_generation_model][INFO] - [rank: 0] Saved cross attention to ./attention_weights/cross_attention_batch_111.pt
[2025-11-12 14:58:12,953][src.models.modules.semantic_id.tiger_generation_model][INFO] - [rank: 0] 当前batch的生成语义ID Embedding相似度矩阵:
[[ 0.99999994  0.0123826   0.01862052  0.01111136  0.02503206 -0.05044338]
 [ 0.0123826   1.          0.01274441  0.01994018  0.00274897 -0.00600943]
 [ 0.01862052  0.01274441  1.          0.02542895  0.02305498 -0.03781952]
 [ 0.01111136  0.01994018  0.02542895  1.         -0.01470205 -0.01164128]
 [ 0.02503206  0.00274897  0.02305498 -0.01470205  1.         -0.0035633 ]
 [-0.05044338 -0.00600943 -0.03781952 -0.01164128 -0.0035633   0.9999999 ]]
[2025-11-12 14:58:13,304][src.models.modules.semantic_id.tiger_generation_model][INFO] - [rank: 0] 当前batch的输入Item Hierarchy Embedding相似度矩阵:
[[ 1.0000000e+00 -9.8668761e-04  2.2696458e-02  6.1524734e-03
   9.1973152e-03 -2.6053501e-02]
 [-9.8668761e-04  1.0000000e+00  1.8310621e-02  1.1291632e-02
   3.8665879e-04 -1.4151780e-02]
 [ 2.2696458e-02  1.8310621e-02  1.0000000e+00  2.4546063e-02
  -4.4610100e-03 -2.4533717e-02]
 [ 6.1524734e-03  1.1291632e-02  2.4546063e-02  1.0000000e+00
  -2.7554075e-04 -1.3542719e-02]
 [ 9.1973152e-03  3.8665879e-04 -4.4610100e-03 -2.7554075e-04
   1.0000000e+00 -6.9346721e-03]
 [-2.6053501e-02 -1.4151780e-02 -2.4533717e-02 -1.3542719e-02
  -6.9346721e-03  9.9999994e-01]]
[2025-11-12 14:58:15,669][src.models.modules.semantic_id.tiger_generation_model][WARNING] - [rank: 0] Failed to stack cross attentions: stack expects each tensor to be equal size, but got [32, 6, 140] at entry 0 and [32, 6, 2, 140] at entry 1
[2025-11-12 14:58:15,669][src.models.modules.semantic_id.tiger_generation_model][WARNING] - [rank: 0]   Hierarchy 0 shape: torch.Size([32, 6, 140])
[2025-11-12 14:58:15,669][src.models.modules.semantic_id.tiger_generation_model][WARNING] - [rank: 0]   Hierarchy 1 shape: torch.Size([32, 6, 2, 140])
[2025-11-12 14:58:15,670][src.models.modules.semantic_id.tiger_generation_model][WARNING] - [rank: 0]   Hierarchy 2 shape: torch.Size([32, 6, 140])
[2025-11-12 14:58:15,670][src.models.modules.semantic_id.tiger_generation_model][WARNING] - [rank: 0]   Hierarchy 3 shape: torch.Size([32, 6, 140])
[2025-11-12 14:58:15,670][src.models.modules.semantic_id.tiger_generation_model][WARNING] - [rank: 0]   Hierarchy 4 shape: torch.Size([32, 6, 140])
[2025-11-12 14:58:15,670][src.models.modules.semantic_id.tiger_generation_model][WARNING] - [rank: 0]   Hierarchy 5 shape: torch.Size([32, 6, 140])
[2025-11-12 14:58:16,171][src.models.modules.semantic_id.tiger_generation_model][INFO] - [rank: 0] Saved decoder self-attention to ./attention_weights/decoder_self_attention_batch_112.pt
[2025-11-12 14:58:16,172][src.models.modules.semantic_id.tiger_generation_model][INFO] - [rank: 0] Saved encoder attention to ./attention_weights/encoder_attention_batch_112.pt
[2025-11-12 14:58:16,172][src.models.modules.semantic_id.tiger_generation_model][INFO] - [rank: 0] Saved cross attention to ./attention_weights/cross_attention_batch_112.pt
[2025-11-12 14:58:16,177][src.models.modules.semantic_id.tiger_generation_model][INFO] - [rank: 0] 当前batch的生成语义ID Embedding相似度矩阵:
[[ 1.0000000e+00  3.2247867e-02 -1.6646422e-02  3.2279976e-02
   4.1052699e-05 -2.9740367e-02]
 [ 3.2247867e-02  1.0000000e+00  8.0904402e-03  2.2597233e-02
   1.5181072e-02 -4.1727284e-03]
 [-1.6646422e-02  8.0904402e-03  1.0000000e+00  4.5792423e-02
  -1.4489386e-02 -1.7945368e-02]
 [ 3.2279976e-02  2.2597233e-02  4.5792423e-02  1.0000000e+00
   1.5505793e-02 -6.4089843e-03]
 [ 4.1052699e-05  1.5181072e-02 -1.4489386e-02  1.5505793e-02
   1.0000000e+00 -1.4334939e-02]
 [-2.9740367e-02 -4.1727284e-03 -1.7945368e-02 -6.4089843e-03
  -1.4334939e-02  9.9999988e-01]]
[2025-11-12 14:58:16,303][src.models.modules.semantic_id.tiger_generation_model][INFO] - [rank: 0] 当前batch的输入Item Hierarchy Embedding相似度矩阵:
[[ 1.          0.01041094  0.00641068  0.01008027  0.01440843 -0.01328133]
 [ 0.01041094  1.          0.01636615  0.01440394 -0.00182087 -0.02418954]
 [ 0.00641068  0.01636615  1.          0.02739396  0.01255418 -0.01874695]
 [ 0.01008027  0.01440394  0.02739396  1.         -0.00134854  0.00229531]
 [ 0.01440843 -0.00182087  0.01255418 -0.00134854  1.         -0.00443297]
 [-0.01328133 -0.02418954 -0.01874695  0.00229531 -0.00443297  0.99999994]]
[2025-11-12 14:58:17,164][src.models.modules.semantic_id.tiger_generation_model][WARNING] - [rank: 0] Failed to stack cross attentions: stack expects each tensor to be equal size, but got [32, 6, 140] at entry 0 and [32, 6, 2, 140] at entry 1
[2025-11-12 14:58:17,165][src.models.modules.semantic_id.tiger_generation_model][WARNING] - [rank: 0]   Hierarchy 0 shape: torch.Size([32, 6, 140])
[2025-11-12 14:58:17,165][src.models.modules.semantic_id.tiger_generation_model][WARNING] - [rank: 0]   Hierarchy 1 shape: torch.Size([32, 6, 2, 140])
[2025-11-12 14:58:17,165][src.models.modules.semantic_id.tiger_generation_model][WARNING] - [rank: 0]   Hierarchy 2 shape: torch.Size([32, 6, 140])
[2025-11-12 14:58:17,166][src.models.modules.semantic_id.tiger_generation_model][WARNING] - [rank: 0]   Hierarchy 3 shape: torch.Size([32, 6, 140])
[2025-11-12 14:58:17,166][src.models.modules.semantic_id.tiger_generation_model][WARNING] - [rank: 0]   Hierarchy 4 shape: torch.Size([32, 6, 140])
[2025-11-12 14:58:17,166][src.models.modules.semantic_id.tiger_generation_model][WARNING] - [rank: 0]   Hierarchy 5 shape: torch.Size([32, 6, 140])
[2025-11-12 14:58:17,905][src.models.modules.semantic_id.tiger_generation_model][INFO] - [rank: 0] Saved decoder self-attention to ./attention_weights/decoder_self_attention_batch_113.pt
[2025-11-12 14:58:17,905][src.models.modules.semantic_id.tiger_generation_model][INFO] - [rank: 0] Saved encoder attention to ./attention_weights/encoder_attention_batch_113.pt
[2025-11-12 14:58:17,906][src.models.modules.semantic_id.tiger_generation_model][INFO] - [rank: 0] Saved cross attention to ./attention_weights/cross_attention_batch_113.pt
[2025-11-12 14:58:17,910][src.models.modules.semantic_id.tiger_generation_model][INFO] - [rank: 0] 当前batch的生成语义ID Embedding相似度矩阵:
[[ 1.         -0.00119703 -0.00760844  0.0143833   0.01872863 -0.01730711]
 [-0.00119703  1.          0.00149454  0.0347321  -0.01434629 -0.00550845]
 [-0.00760844  0.00149454  1.          0.0417745   0.03749218 -0.04424613]
 [ 0.0143833   0.0347321   0.0417745   1.          0.02648234  0.02079587]
 [ 0.01872863 -0.01434629  0.03749218  0.02648234  1.          0.03038378]
 [-0.01730711 -0.00550845 -0.04424613  0.02079587  0.03038378  0.9999999 ]]
[2025-11-12 14:58:18,392][src.models.modules.semantic_id.tiger_generation_model][INFO] - [rank: 0] 当前batch的输入Item Hierarchy Embedding相似度矩阵:
[[ 0.99999994  0.01689103  0.01769139  0.01039473 -0.00204969 -0.01385285]
 [ 0.01689103  0.99999994  0.02145331  0.01161391  0.00555388  0.00402717]
 [ 0.01769139  0.02145331  0.99999994  0.02463752  0.00836999 -0.02319058]
 [ 0.01039473  0.01161391  0.02463752  0.99999994  0.0088338  -0.00164932]
 [-0.00204969  0.00555388  0.00836999  0.0088338   0.99999994 -0.01968594]
 [-0.01385285  0.00402717 -0.02319058 -0.00164932 -0.01968594  0.9999999 ]]
[2025-11-12 14:58:19,366][src.models.modules.semantic_id.tiger_generation_model][WARNING] - [rank: 0] Failed to stack cross attentions: stack expects each tensor to be equal size, but got [32, 6, 140] at entry 0 and [32, 6, 2, 140] at entry 1
[2025-11-12 14:58:19,367][src.models.modules.semantic_id.tiger_generation_model][WARNING] - [rank: 0]   Hierarchy 0 shape: torch.Size([32, 6, 140])
[2025-11-12 14:58:19,367][src.models.modules.semantic_id.tiger_generation_model][WARNING] - [rank: 0]   Hierarchy 1 shape: torch.Size([32, 6, 2, 140])
[2025-11-12 14:58:19,367][src.models.modules.semantic_id.tiger_generation_model][WARNING] - [rank: 0]   Hierarchy 2 shape: torch.Size([32, 6, 140])
[2025-11-12 14:58:19,367][src.models.modules.semantic_id.tiger_generation_model][WARNING] - [rank: 0]   Hierarchy 3 shape: torch.Size([32, 6, 140])
[2025-11-12 14:58:19,367][src.models.modules.semantic_id.tiger_generation_model][WARNING] - [rank: 0]   Hierarchy 4 shape: torch.Size([32, 6, 140])
[2025-11-12 14:58:19,368][src.models.modules.semantic_id.tiger_generation_model][WARNING] - [rank: 0]   Hierarchy 5 shape: torch.Size([32, 6, 140])
[2025-11-12 14:58:19,814][src.models.modules.semantic_id.tiger_generation_model][INFO] - [rank: 0] Saved decoder self-attention to ./attention_weights/decoder_self_attention_batch_114.pt
[2025-11-12 14:58:19,815][src.models.modules.semantic_id.tiger_generation_model][INFO] - [rank: 0] Saved encoder attention to ./attention_weights/encoder_attention_batch_114.pt
[2025-11-12 14:58:19,815][src.models.modules.semantic_id.tiger_generation_model][INFO] - [rank: 0] Saved cross attention to ./attention_weights/cross_attention_batch_114.pt
[2025-11-12 14:58:19,821][src.models.modules.semantic_id.tiger_generation_model][INFO] - [rank: 0] 当前batch的生成语义ID Embedding相似度矩阵:
[[ 1.00000000e+00  2.27691270e-02  2.21271217e-02 -3.79701853e-02
   2.55859829e-02 -2.10909247e-02]
 [ 2.27691270e-02  1.00000000e+00  4.33207490e-04  4.09231819e-02
   9.02475789e-03 -1.71327628e-02]
 [ 2.21271217e-02  4.33207490e-04  1.00000000e+00  3.08074728e-02
  -6.48319768e-03 -2.48402376e-02]
 [-3.79701853e-02  4.09231819e-02  3.08074728e-02  1.00000000e+00
   6.50215521e-03 -1.19076045e-02]
 [ 2.55859829e-02  9.02475789e-03 -6.48319768e-03  6.50215521e-03
   1.00000000e+00 -1.79329813e-02]
 [-2.10909247e-02 -1.71327628e-02 -2.48402376e-02 -1.19076045e-02
  -1.79329813e-02  9.99999881e-01]]
[2025-11-12 14:58:20,282][src.models.modules.semantic_id.tiger_generation_model][INFO] - [rank: 0] 当前batch的输入Item Hierarchy Embedding相似度矩阵:
[[ 1.          0.00879492  0.02242766  0.01061645  0.0141108  -0.02299154]
 [ 0.00879492  1.          0.02306203  0.01567793 -0.00453782 -0.00757011]
 [ 0.02242766  0.02306203  1.          0.02794238 -0.00295407 -0.02007597]
 [ 0.01061645  0.01567793  0.02794238  1.          0.00187048 -0.00608088]
 [ 0.0141108  -0.00453782 -0.00295407  0.00187048  1.         -0.01734857]
 [-0.02299154 -0.00757011 -0.02007597 -0.00608088 -0.01734857  1.        ]]
[2025-11-12 14:58:21,360][src.models.modules.semantic_id.tiger_generation_model][WARNING] - [rank: 0] Failed to stack cross attentions: stack expects each tensor to be equal size, but got [32, 6, 140] at entry 0 and [32, 6, 2, 140] at entry 1
[2025-11-12 14:58:21,360][src.models.modules.semantic_id.tiger_generation_model][WARNING] - [rank: 0]   Hierarchy 0 shape: torch.Size([32, 6, 140])
[2025-11-12 14:58:21,361][src.models.modules.semantic_id.tiger_generation_model][WARNING] - [rank: 0]   Hierarchy 1 shape: torch.Size([32, 6, 2, 140])
[2025-11-12 14:58:21,361][src.models.modules.semantic_id.tiger_generation_model][WARNING] - [rank: 0]   Hierarchy 2 shape: torch.Size([32, 6, 140])
[2025-11-12 14:58:21,361][src.models.modules.semantic_id.tiger_generation_model][WARNING] - [rank: 0]   Hierarchy 3 shape: torch.Size([32, 6, 140])
[2025-11-12 14:58:21,361][src.models.modules.semantic_id.tiger_generation_model][WARNING] - [rank: 0]   Hierarchy 4 shape: torch.Size([32, 6, 140])
[2025-11-12 14:58:21,361][src.models.modules.semantic_id.tiger_generation_model][WARNING] - [rank: 0]   Hierarchy 5 shape: torch.Size([32, 6, 140])
[2025-11-12 14:58:21,892][src.models.modules.semantic_id.tiger_generation_model][INFO] - [rank: 0] Saved decoder self-attention to ./attention_weights/decoder_self_attention_batch_115.pt
[2025-11-12 14:58:21,899][src.models.modules.semantic_id.tiger_generation_model][INFO] - [rank: 0] Saved encoder attention to ./attention_weights/encoder_attention_batch_115.pt
[2025-11-12 14:58:21,903][src.models.modules.semantic_id.tiger_generation_model][INFO] - [rank: 0] Saved cross attention to ./attention_weights/cross_attention_batch_115.pt
[2025-11-12 14:58:21,908][src.models.modules.semantic_id.tiger_generation_model][INFO] - [rank: 0] 当前batch的生成语义ID Embedding相似度矩阵:
[[ 1.00000000e+00  3.52670923e-02  1.02695795e-02  8.21364811e-04
   4.96423058e-03 -3.97118405e-02]
 [ 3.52670923e-02  1.00000000e+00 -3.96680692e-03  8.96000490e-03
  -1.01034530e-02 -4.73199934e-02]
 [ 1.02695795e-02 -3.96680692e-03  1.00000000e+00  1.43668102e-02
   1.60028785e-02  2.50710431e-03]
 [ 8.21364811e-04  8.96000490e-03  1.43668102e-02  1.00000000e+00
   2.15954501e-02 -2.45492347e-02]
 [ 4.96423058e-03 -1.01034530e-02  1.60028785e-02  2.15954501e-02
   1.00000000e+00  1.39939282e-02]
 [-3.97118405e-02 -4.73199934e-02  2.50710431e-03 -2.45492347e-02
   1.39939282e-02  9.99999881e-01]]
[2025-11-12 14:58:22,780][src.models.modules.semantic_id.tiger_generation_model][INFO] - [rank: 0] 当前batch的输入Item Hierarchy Embedding相似度矩阵:
[[ 9.9999994e-01  2.5262004e-02  1.5371350e-02  5.3944448e-03
   8.9128216e-04 -2.0828806e-02]
 [ 2.5262004e-02  9.9999994e-01  1.2620732e-02  1.2767554e-02
   5.7610585e-03 -1.3045250e-02]
 [ 1.5371350e-02  1.2620732e-02  9.9999994e-01  2.7037490e-02
   7.0027439e-03 -2.0966116e-02]
 [ 5.3944448e-03  1.2767554e-02  2.7037490e-02  9.9999994e-01
   8.0844872e-03 -4.8302941e-04]
 [ 8.9128216e-04  5.7610585e-03  7.0027439e-03  8.0844872e-03
   9.9999994e-01 -1.1808413e-02]
 [-2.0828806e-02 -1.3045250e-02 -2.0966116e-02 -4.8302941e-04
  -1.1808413e-02  9.9999988e-01]]
[2025-11-12 14:58:24,762][src.models.modules.semantic_id.tiger_generation_model][WARNING] - [rank: 0] Failed to stack cross attentions: stack expects each tensor to be equal size, but got [32, 6, 140] at entry 0 and [32, 6, 2, 140] at entry 1
[2025-11-12 14:58:24,763][src.models.modules.semantic_id.tiger_generation_model][WARNING] - [rank: 0]   Hierarchy 0 shape: torch.Size([32, 6, 140])
[2025-11-12 14:58:24,763][src.models.modules.semantic_id.tiger_generation_model][WARNING] - [rank: 0]   Hierarchy 1 shape: torch.Size([32, 6, 2, 140])
[2025-11-12 14:58:24,763][src.models.modules.semantic_id.tiger_generation_model][WARNING] - [rank: 0]   Hierarchy 2 shape: torch.Size([32, 6, 140])
[2025-11-12 14:58:24,764][src.models.modules.semantic_id.tiger_generation_model][WARNING] - [rank: 0]   Hierarchy 3 shape: torch.Size([32, 6, 140])
[2025-11-12 14:58:24,764][src.models.modules.semantic_id.tiger_generation_model][WARNING] - [rank: 0]   Hierarchy 4 shape: torch.Size([32, 6, 140])
[2025-11-12 14:58:24,764][src.models.modules.semantic_id.tiger_generation_model][WARNING] - [rank: 0]   Hierarchy 5 shape: torch.Size([32, 6, 140])
[2025-11-12 14:58:26,240][src.models.modules.semantic_id.tiger_generation_model][INFO] - [rank: 0] Saved decoder self-attention to ./attention_weights/decoder_self_attention_batch_116.pt
[2025-11-12 14:58:26,240][src.models.modules.semantic_id.tiger_generation_model][INFO] - [rank: 0] Saved encoder attention to ./attention_weights/encoder_attention_batch_116.pt
[2025-11-12 14:58:26,240][src.models.modules.semantic_id.tiger_generation_model][INFO] - [rank: 0] Saved cross attention to ./attention_weights/cross_attention_batch_116.pt
[2025-11-12 14:58:26,245][src.models.modules.semantic_id.tiger_generation_model][INFO] - [rank: 0] 当前batch的生成语义ID Embedding相似度矩阵:
[[ 1.         -0.01209474  0.00670978 -0.01441021  0.02092481 -0.00645096]
 [-0.01209474  1.          0.03330144  0.011013    0.02060008  0.00429328]
 [ 0.00670978  0.03330144  1.          0.02410455  0.01405124 -0.02271585]
 [-0.01441021  0.011013    0.02410455  1.         -0.01566775  0.01322367]
 [ 0.02092481  0.02060008  0.01405124 -0.01566775  1.          0.00714184]
 [-0.00645096  0.00429328 -0.02271585  0.01322367  0.00714184  0.9999999 ]]
[2025-11-12 14:58:27,094][src.models.modules.semantic_id.tiger_generation_model][INFO] - [rank: 0] 当前batch的输入Item Hierarchy Embedding相似度矩阵:
[[ 1.0000000e+00 -3.4139448e-04  2.0878972e-02  1.9235406e-02
   1.2065622e-02 -1.4443468e-02]
 [-3.4139448e-04  1.0000000e+00  1.2447227e-02  2.1031836e-02
   5.2590375e-03 -2.5401177e-02]
 [ 2.0878972e-02  1.2447227e-02  1.0000000e+00  2.2087310e-02
   9.1578867e-03 -2.3692153e-02]
 [ 1.9235406e-02  2.1031836e-02  2.2087310e-02  1.0000000e+00
   8.0324039e-03 -4.7294609e-03]
 [ 1.2065622e-02  5.2590375e-03  9.1578867e-03  8.0324039e-03
   1.0000000e+00 -1.9671930e-02]
 [-1.4443468e-02 -2.5401177e-02 -2.3692153e-02 -4.7294609e-03
  -1.9671930e-02  9.9999982e-01]]
[2025-11-12 14:58:28,258][src.utils.inference_utils][INFO] - Global Rank: 1 wrote 4864 rows to /data/mhwang/Rec/GRID/logs/inference/runs/2025-11-12/14-52-55/pickle/predictions_1_20251112T065828134.pkl.
[2025-11-12 14:58:28,281][src.utils.inference_utils][INFO] - Rank 1 finished writing predictions.
[2025-11-12 14:58:28,703][src.models.modules.semantic_id.tiger_generation_model][WARNING] - [rank: 0] Failed to stack cross attentions: stack expects each tensor to be equal size, but got [32, 6, 140] at entry 0 and [32, 6, 2, 140] at entry 1
[2025-11-12 14:58:28,703][src.models.modules.semantic_id.tiger_generation_model][WARNING] - [rank: 0]   Hierarchy 0 shape: torch.Size([32, 6, 140])
[2025-11-12 14:58:28,704][src.models.modules.semantic_id.tiger_generation_model][WARNING] - [rank: 0]   Hierarchy 1 shape: torch.Size([32, 6, 2, 140])
[2025-11-12 14:58:28,704][src.models.modules.semantic_id.tiger_generation_model][WARNING] - [rank: 0]   Hierarchy 2 shape: torch.Size([32, 6, 140])
[2025-11-12 14:58:28,704][src.models.modules.semantic_id.tiger_generation_model][WARNING] - [rank: 0]   Hierarchy 3 shape: torch.Size([32, 6, 140])
[2025-11-12 14:58:28,705][src.models.modules.semantic_id.tiger_generation_model][WARNING] - [rank: 0]   Hierarchy 4 shape: torch.Size([32, 6, 140])
[2025-11-12 14:58:28,705][src.models.modules.semantic_id.tiger_generation_model][WARNING] - [rank: 0]   Hierarchy 5 shape: torch.Size([32, 6, 140])
[2025-11-12 14:58:29,352][src.models.modules.semantic_id.tiger_generation_model][INFO] - [rank: 0] Saved decoder self-attention to ./attention_weights/decoder_self_attention_batch_117.pt
[2025-11-12 14:58:29,353][src.models.modules.semantic_id.tiger_generation_model][INFO] - [rank: 0] Saved encoder attention to ./attention_weights/encoder_attention_batch_117.pt
[2025-11-12 14:58:29,353][src.models.modules.semantic_id.tiger_generation_model][INFO] - [rank: 0] Saved cross attention to ./attention_weights/cross_attention_batch_117.pt
[2025-11-12 14:58:29,358][src.models.modules.semantic_id.tiger_generation_model][INFO] - [rank: 0] 当前batch的生成语义ID Embedding相似度矩阵:
[[ 1.          0.00781513  0.00762972  0.00525673  0.06004657 -0.00984934]
 [ 0.00781513  0.99999994  0.0177325   0.00603069  0.0271982  -0.04928277]
 [ 0.00762972  0.0177325   1.          0.05209329  0.01054354 -0.03518768]
 [ 0.00525673  0.00603069  0.05209329  0.99999994 -0.00859267 -0.00189026]
 [ 0.06004657  0.0271982   0.01054354 -0.00859267  1.         -0.01362101]
 [-0.00984934 -0.04928277 -0.03518768 -0.00189026 -0.01362101  0.9999999 ]]
[2025-11-12 14:58:29,492][src.models.modules.semantic_id.tiger_generation_model][INFO] - [rank: 0] 当前batch的输入Item Hierarchy Embedding相似度矩阵:
[[ 1.0000000e+00  8.2959123e-03  2.3266636e-02  1.7185166e-02
   2.0212691e-02 -2.2801979e-02]
 [ 8.2959123e-03  1.0000000e+00  2.2083931e-02  8.3738156e-03
   4.3938638e-04 -8.7842671e-03]
 [ 2.3266636e-02  2.2083931e-02  1.0000000e+00  1.5320927e-02
   1.2372540e-02 -2.2605501e-02]
 [ 1.7185166e-02  8.3738156e-03  1.5320927e-02  1.0000000e+00
   1.4254123e-03 -1.3440386e-02]
 [ 2.0212691e-02  4.3938638e-04  1.2372540e-02  1.4254123e-03
   1.0000000e+00 -1.6060770e-02]
 [-2.2801979e-02 -8.7842671e-03 -2.2605501e-02 -1.3440386e-02
  -1.6060770e-02  9.9999994e-01]]
[2025-11-12 14:58:30,704][src.models.modules.semantic_id.tiger_generation_model][WARNING] - [rank: 0] Failed to stack cross attentions: stack expects each tensor to be equal size, but got [32, 6, 140] at entry 0 and [32, 6, 2, 140] at entry 1
[2025-11-12 14:58:30,704][src.models.modules.semantic_id.tiger_generation_model][WARNING] - [rank: 0]   Hierarchy 0 shape: torch.Size([32, 6, 140])
[2025-11-12 14:58:30,704][src.models.modules.semantic_id.tiger_generation_model][WARNING] - [rank: 0]   Hierarchy 1 shape: torch.Size([32, 6, 2, 140])
[2025-11-12 14:58:30,705][src.models.modules.semantic_id.tiger_generation_model][WARNING] - [rank: 0]   Hierarchy 2 shape: torch.Size([32, 6, 140])
[2025-11-12 14:58:30,705][src.models.modules.semantic_id.tiger_generation_model][WARNING] - [rank: 0]   Hierarchy 3 shape: torch.Size([32, 6, 140])
[2025-11-12 14:58:30,705][src.models.modules.semantic_id.tiger_generation_model][WARNING] - [rank: 0]   Hierarchy 4 shape: torch.Size([32, 6, 140])
[2025-11-12 14:58:30,705][src.models.modules.semantic_id.tiger_generation_model][WARNING] - [rank: 0]   Hierarchy 5 shape: torch.Size([32, 6, 140])
[2025-11-12 14:58:31,176][src.models.modules.semantic_id.tiger_generation_model][INFO] - [rank: 0] Saved decoder self-attention to ./attention_weights/decoder_self_attention_batch_118.pt
[2025-11-12 14:58:31,177][src.models.modules.semantic_id.tiger_generation_model][INFO] - [rank: 0] Saved encoder attention to ./attention_weights/encoder_attention_batch_118.pt
[2025-11-12 14:58:31,177][src.models.modules.semantic_id.tiger_generation_model][INFO] - [rank: 0] Saved cross attention to ./attention_weights/cross_attention_batch_118.pt
[2025-11-12 14:58:31,252][src.models.modules.semantic_id.tiger_generation_model][INFO] - [rank: 0] 当前batch的生成语义ID Embedding相似度矩阵:
[[ 1.0000000e+00  2.4528971e-02 -2.2578279e-02  1.4508773e-02
   9.7020501e-03 -3.4380600e-02]
 [ 2.4528971e-02  1.0000000e+00  3.8919274e-02  3.5600655e-02
  -9.2847622e-04 -2.0253336e-02]
 [-2.2578279e-02  3.8919274e-02  1.0000000e+00  4.3520723e-02
   1.1674182e-03 -2.1742433e-02]
 [ 1.4508773e-02  3.5600655e-02  4.3520723e-02  1.0000000e+00
  -4.0409467e-03 -9.9332612e-03]
 [ 9.7020501e-03 -9.2847622e-04  1.1674182e-03 -4.0409467e-03
   1.0000000e+00 -4.1042916e-02]
 [-3.4380600e-02 -2.0253336e-02 -2.1742433e-02 -9.9332612e-03
  -4.1042916e-02  9.9999988e-01]]
[2025-11-12 14:58:31,719][src.models.modules.semantic_id.tiger_generation_model][INFO] - [rank: 0] 当前batch的输入Item Hierarchy Embedding相似度矩阵:
[[ 1.0000000e+00  1.7986024e-02  1.8721612e-02  7.7421102e-03
   8.6426400e-03 -6.5269191e-03]
 [ 1.7986024e-02  1.0000000e+00  1.5109396e-02  1.2710415e-02
   2.6466269e-03 -6.8486501e-03]
 [ 1.8721612e-02  1.5109396e-02  1.0000000e+00  2.1200929e-02
   4.7566695e-03 -2.3324529e-02]
 [ 7.7421102e-03  1.2710415e-02  2.1200929e-02  1.0000000e+00
  -4.1501262e-04 -8.4955394e-03]
 [ 8.6426400e-03  2.6466269e-03  4.7566695e-03 -4.1501262e-04
   1.0000000e+00 -5.2550053e-03]
 [-6.5269191e-03 -6.8486501e-03 -2.3324529e-02 -8.4955394e-03
  -5.2550053e-03  9.9999976e-01]]
[2025-11-12 14:58:33,244][src.models.modules.semantic_id.tiger_generation_model][WARNING] - [rank: 0] Failed to stack cross attentions: stack expects each tensor to be equal size, but got [32, 6, 140] at entry 0 and [32, 6, 2, 140] at entry 1
[2025-11-12 14:58:33,245][src.models.modules.semantic_id.tiger_generation_model][WARNING] - [rank: 0]   Hierarchy 0 shape: torch.Size([32, 6, 140])
[2025-11-12 14:58:33,245][src.models.modules.semantic_id.tiger_generation_model][WARNING] - [rank: 0]   Hierarchy 1 shape: torch.Size([32, 6, 2, 140])
[2025-11-12 14:58:33,245][src.models.modules.semantic_id.tiger_generation_model][WARNING] - [rank: 0]   Hierarchy 2 shape: torch.Size([32, 6, 140])
[2025-11-12 14:58:33,245][src.models.modules.semantic_id.tiger_generation_model][WARNING] - [rank: 0]   Hierarchy 3 shape: torch.Size([32, 6, 140])
[2025-11-12 14:58:33,246][src.models.modules.semantic_id.tiger_generation_model][WARNING] - [rank: 0]   Hierarchy 4 shape: torch.Size([32, 6, 140])
[2025-11-12 14:58:33,246][src.models.modules.semantic_id.tiger_generation_model][WARNING] - [rank: 0]   Hierarchy 5 shape: torch.Size([32, 6, 140])
[2025-11-12 14:58:33,928][src.models.modules.semantic_id.tiger_generation_model][INFO] - [rank: 0] Saved decoder self-attention to ./attention_weights/decoder_self_attention_batch_119.pt
[2025-11-12 14:58:33,929][src.models.modules.semantic_id.tiger_generation_model][INFO] - [rank: 0] Saved encoder attention to ./attention_weights/encoder_attention_batch_119.pt
[2025-11-12 14:58:33,929][src.models.modules.semantic_id.tiger_generation_model][INFO] - [rank: 0] Saved cross attention to ./attention_weights/cross_attention_batch_119.pt
[2025-11-12 14:58:33,934][src.models.modules.semantic_id.tiger_generation_model][INFO] - [rank: 0] 当前batch的生成语义ID Embedding相似度矩阵:
[[ 1.0000000e+00  1.1572023e-02  9.0963533e-03  8.0125062e-03
   1.2965720e-02 -2.7507361e-02]
 [ 1.1572023e-02  1.0000000e+00  1.3032053e-03  3.5852119e-02
  -3.1758468e-03 -1.3777414e-02]
 [ 9.0963533e-03  1.3032053e-03  1.0000000e+00  3.3298120e-02
  -9.2206448e-03 -2.8290596e-02]
 [ 8.0125062e-03  3.5852119e-02  3.3298120e-02  1.0000000e+00
  -3.7504747e-03 -4.2812340e-04]
 [ 1.2965720e-02 -3.1758468e-03 -9.2206448e-03 -3.7504747e-03
   1.0000000e+00 -6.9815530e-03]
 [-2.7507361e-02 -1.3777414e-02 -2.8290596e-02 -4.2812340e-04
  -6.9815530e-03  9.9999988e-01]]
[2025-11-12 14:58:34,198][src.models.modules.semantic_id.tiger_generation_model][INFO] - [rank: 0] 当前batch的输入Item Hierarchy Embedding相似度矩阵:
[[ 1.0000000e+00  1.8796774e-02  9.9656563e-03 -3.7893613e-03
   1.0269181e-02 -2.1845026e-02]
 [ 1.8796774e-02  1.0000000e+00  1.2768724e-02  2.1644808e-02
   3.4215380e-03 -1.4574625e-02]
 [ 9.9656563e-03  1.2768724e-02  1.0000000e+00  2.3531301e-02
  -8.7949680e-04 -3.4584798e-02]
 [-3.7893613e-03  2.1644808e-02  2.3531301e-02  1.0000000e+00
   2.2843673e-03 -9.5631322e-03]
 [ 1.0269181e-02  3.4215380e-03 -8.7949680e-04  2.2843673e-03
   1.0000000e+00 -1.5790023e-02]
 [-2.1845026e-02 -1.4574625e-02 -3.4584798e-02 -9.5631322e-03
  -1.5790023e-02  9.9999982e-01]]
[2025-11-12 14:58:37,487][src.models.modules.semantic_id.tiger_generation_model][WARNING] - [rank: 0] Failed to stack cross attentions: stack expects each tensor to be equal size, but got [32, 6, 140] at entry 0 and [32, 6, 2, 140] at entry 1
[2025-11-12 14:58:37,488][src.models.modules.semantic_id.tiger_generation_model][WARNING] - [rank: 0]   Hierarchy 0 shape: torch.Size([32, 6, 140])
[2025-11-12 14:58:37,489][src.models.modules.semantic_id.tiger_generation_model][WARNING] - [rank: 0]   Hierarchy 1 shape: torch.Size([32, 6, 2, 140])
[2025-11-12 14:58:37,489][src.models.modules.semantic_id.tiger_generation_model][WARNING] - [rank: 0]   Hierarchy 2 shape: torch.Size([32, 6, 140])
[2025-11-12 14:58:37,489][src.models.modules.semantic_id.tiger_generation_model][WARNING] - [rank: 0]   Hierarchy 3 shape: torch.Size([32, 6, 140])
[2025-11-12 14:58:37,489][src.models.modules.semantic_id.tiger_generation_model][WARNING] - [rank: 0]   Hierarchy 4 shape: torch.Size([32, 6, 140])
[2025-11-12 14:58:37,489][src.models.modules.semantic_id.tiger_generation_model][WARNING] - [rank: 0]   Hierarchy 5 shape: torch.Size([32, 6, 140])
[2025-11-12 14:58:37,981][src.models.modules.semantic_id.tiger_generation_model][INFO] - [rank: 0] Saved decoder self-attention to ./attention_weights/decoder_self_attention_batch_120.pt
[2025-11-12 14:58:37,981][src.models.modules.semantic_id.tiger_generation_model][INFO] - [rank: 0] Saved encoder attention to ./attention_weights/encoder_attention_batch_120.pt
[2025-11-12 14:58:37,982][src.models.modules.semantic_id.tiger_generation_model][INFO] - [rank: 0] Saved cross attention to ./attention_weights/cross_attention_batch_120.pt
[2025-11-12 14:58:37,988][src.models.modules.semantic_id.tiger_generation_model][INFO] - [rank: 0] 当前batch的生成语义ID Embedding相似度矩阵:
[[ 1.         -0.00434962  0.03244434 -0.00662398 -0.01125742 -0.01324891]
 [-0.00434962  1.         -0.0039923   0.01367998  0.02036414 -0.02473988]
 [ 0.03244434 -0.0039923   1.          0.01285723  0.00693023 -0.03947403]
 [-0.00662398  0.01367998  0.01285723  1.          0.01778544 -0.0015378 ]
 [-0.01125742  0.02036414  0.00693023  0.01778544  1.         -0.01298386]
 [-0.01324891 -0.02473988 -0.03947403 -0.0015378  -0.01298386  0.9999999 ]]
[2025-11-12 14:58:38,148][src.models.modules.semantic_id.tiger_generation_model][INFO] - [rank: 0] 当前batch的输入Item Hierarchy Embedding相似度矩阵:
[[ 1.0000000e+00  1.7498836e-02  1.5198505e-02  1.9805094e-02
   1.8590933e-02 -1.6714271e-02]
 [ 1.7498836e-02  1.0000000e+00  1.0010773e-02  1.5130825e-02
   1.1761212e-02 -1.4311958e-02]
 [ 1.5198505e-02  1.0010773e-02  1.0000000e+00  1.8584490e-02
   4.8458998e-04 -2.5854729e-02]
 [ 1.9805094e-02  1.5130825e-02  1.8584490e-02  1.0000000e+00
   1.2473259e-02 -2.0262580e-03]
 [ 1.8590933e-02  1.1761212e-02  4.8458998e-04  1.2473259e-02
   1.0000000e+00 -8.7426491e-03]
 [-1.6714271e-02 -1.4311958e-02 -2.5854729e-02 -2.0262580e-03
  -8.7426491e-03  1.0000000e+00]]
[2025-11-12 14:58:39,938][src.models.modules.semantic_id.tiger_generation_model][WARNING] - [rank: 0] Failed to stack cross attentions: stack expects each tensor to be equal size, but got [32, 6, 140] at entry 0 and [32, 6, 2, 140] at entry 1
[2025-11-12 14:58:39,938][src.models.modules.semantic_id.tiger_generation_model][WARNING] - [rank: 0]   Hierarchy 0 shape: torch.Size([32, 6, 140])
[2025-11-12 14:58:39,938][src.models.modules.semantic_id.tiger_generation_model][WARNING] - [rank: 0]   Hierarchy 1 shape: torch.Size([32, 6, 2, 140])
[2025-11-12 14:58:39,939][src.models.modules.semantic_id.tiger_generation_model][WARNING] - [rank: 0]   Hierarchy 2 shape: torch.Size([32, 6, 140])
[2025-11-12 14:58:39,939][src.models.modules.semantic_id.tiger_generation_model][WARNING] - [rank: 0]   Hierarchy 3 shape: torch.Size([32, 6, 140])
[2025-11-12 14:58:39,939][src.models.modules.semantic_id.tiger_generation_model][WARNING] - [rank: 0]   Hierarchy 4 shape: torch.Size([32, 6, 140])
[2025-11-12 14:58:39,939][src.models.modules.semantic_id.tiger_generation_model][WARNING] - [rank: 0]   Hierarchy 5 shape: torch.Size([32, 6, 140])
[2025-11-12 14:58:40,474][src.models.modules.semantic_id.tiger_generation_model][INFO] - [rank: 0] Saved decoder self-attention to ./attention_weights/decoder_self_attention_batch_121.pt
[2025-11-12 14:58:40,475][src.models.modules.semantic_id.tiger_generation_model][INFO] - [rank: 0] Saved encoder attention to ./attention_weights/encoder_attention_batch_121.pt
[2025-11-12 14:58:40,476][src.models.modules.semantic_id.tiger_generation_model][INFO] - [rank: 0] Saved cross attention to ./attention_weights/cross_attention_batch_121.pt
[2025-11-12 14:58:40,512][src.models.modules.semantic_id.tiger_generation_model][INFO] - [rank: 0] 当前batch的生成语义ID Embedding相似度矩阵:
[[ 1.0000000e+00  1.9565361e-02  1.4434686e-02  2.0244734e-02
  -1.1789019e-02 -2.9568339e-02]
 [ 1.9565361e-02  1.0000000e+00  1.2058635e-02  2.7781043e-02
  -2.1468895e-03 -2.5650719e-04]
 [ 1.4434686e-02  1.2058635e-02  1.0000000e+00  3.3653840e-02
  -1.5562241e-02 -2.3957459e-02]
 [ 2.0244734e-02  2.7781043e-02  3.3653840e-02  1.0000000e+00
   2.7005889e-03 -2.2663247e-02]
 [-1.1789019e-02 -2.1468895e-03 -1.5562241e-02  2.7005889e-03
   1.0000000e+00  9.2863264e-03]
 [-2.9568339e-02 -2.5650719e-04 -2.3957459e-02 -2.2663247e-02
   9.2863264e-03  9.9999988e-01]]
[2025-11-12 14:58:41,091][src.models.modules.semantic_id.tiger_generation_model][INFO] - [rank: 0] 当前batch的输入Item Hierarchy Embedding相似度矩阵:
[[ 1.0000000e+00  1.6222291e-02  1.4857001e-02  6.7528011e-03
   1.9344378e-02 -1.4547694e-02]
 [ 1.6222291e-02  1.0000000e+00  1.2215369e-02  1.7522689e-02
  -9.4900682e-04 -1.2222304e-02]
 [ 1.4857001e-02  1.2215369e-02  1.0000000e+00  2.5256572e-02
   1.2609344e-03 -2.2270272e-02]
 [ 6.7528011e-03  1.7522689e-02  2.5256572e-02  1.0000000e+00
  -1.1401266e-03 -9.9667802e-04]
 [ 1.9344378e-02 -9.4900682e-04  1.2609344e-03 -1.1401266e-03
   1.0000000e+00 -2.0013368e-02]
 [-1.4547694e-02 -1.2222304e-02 -2.2270272e-02 -9.9667802e-04
  -2.0013368e-02  1.0000000e+00]]
[2025-11-12 14:58:42,530][src.models.modules.semantic_id.tiger_generation_model][WARNING] - [rank: 0] Failed to stack cross attentions: stack expects each tensor to be equal size, but got [32, 6, 140] at entry 0 and [32, 6, 2, 140] at entry 1
[2025-11-12 14:58:42,531][src.models.modules.semantic_id.tiger_generation_model][WARNING] - [rank: 0]   Hierarchy 0 shape: torch.Size([32, 6, 140])
[2025-11-12 14:58:42,531][src.models.modules.semantic_id.tiger_generation_model][WARNING] - [rank: 0]   Hierarchy 1 shape: torch.Size([32, 6, 2, 140])
[2025-11-12 14:58:42,532][src.models.modules.semantic_id.tiger_generation_model][WARNING] - [rank: 0]   Hierarchy 2 shape: torch.Size([32, 6, 140])
[2025-11-12 14:58:42,532][src.models.modules.semantic_id.tiger_generation_model][WARNING] - [rank: 0]   Hierarchy 3 shape: torch.Size([32, 6, 140])
[2025-11-12 14:58:42,532][src.models.modules.semantic_id.tiger_generation_model][WARNING] - [rank: 0]   Hierarchy 4 shape: torch.Size([32, 6, 140])
[2025-11-12 14:58:42,532][src.models.modules.semantic_id.tiger_generation_model][WARNING] - [rank: 0]   Hierarchy 5 shape: torch.Size([32, 6, 140])
[2025-11-12 14:58:42,788][src.models.modules.semantic_id.tiger_generation_model][INFO] - [rank: 0] Saved decoder self-attention to ./attention_weights/decoder_self_attention_batch_122.pt
[2025-11-12 14:58:42,788][src.models.modules.semantic_id.tiger_generation_model][INFO] - [rank: 0] Saved encoder attention to ./attention_weights/encoder_attention_batch_122.pt
[2025-11-12 14:58:42,788][src.models.modules.semantic_id.tiger_generation_model][INFO] - [rank: 0] Saved cross attention to ./attention_weights/cross_attention_batch_122.pt
[2025-11-12 14:58:42,797][src.models.modules.semantic_id.tiger_generation_model][INFO] - [rank: 0] 当前batch的生成语义ID Embedding相似度矩阵:
[[ 1.          0.00623091 -0.01535643  0.00498691  0.01434222 -0.02862338]
 [ 0.00623091  1.         -0.00462113  0.00888007 -0.00947482 -0.01357354]
 [-0.01535643 -0.00462113  1.          0.06068467  0.04588176 -0.00699677]
 [ 0.00498691  0.00888007  0.06068467  1.          0.01585957  0.01203764]
 [ 0.01434222 -0.00947482  0.04588176  0.01585957  1.         -0.02112724]
 [-0.02862338 -0.01357354 -0.00699677  0.01203764 -0.02112724  0.9999999 ]]
[2025-11-12 14:58:43,663][src.models.modules.semantic_id.tiger_generation_model][INFO] - [rank: 0] 当前batch的输入Item Hierarchy Embedding相似度矩阵:
[[ 1.          0.00919754  0.01634511  0.01013703  0.00535904 -0.01727972]
 [ 0.00919754  1.          0.0106614   0.01238413 -0.00230466 -0.01604453]
 [ 0.01634511  0.0106614   1.          0.02002587  0.01065867 -0.02289201]
 [ 0.01013703  0.01238413  0.02002587  1.          0.00651947 -0.00190221]
 [ 0.00535904 -0.00230466  0.01065867  0.00651947  1.         -0.01342873]
 [-0.01727972 -0.01604453 -0.02289201 -0.00190221 -0.01342873  0.99999976]]
[2025-11-12 14:58:46,530][src.models.modules.semantic_id.tiger_generation_model][WARNING] - [rank: 0] Failed to stack cross attentions: stack expects each tensor to be equal size, but got [32, 6, 140] at entry 0 and [32, 6, 2, 140] at entry 1
[2025-11-12 14:58:46,530][src.models.modules.semantic_id.tiger_generation_model][WARNING] - [rank: 0]   Hierarchy 0 shape: torch.Size([32, 6, 140])
[2025-11-12 14:58:46,531][src.models.modules.semantic_id.tiger_generation_model][WARNING] - [rank: 0]   Hierarchy 1 shape: torch.Size([32, 6, 2, 140])
[2025-11-12 14:58:46,531][src.models.modules.semantic_id.tiger_generation_model][WARNING] - [rank: 0]   Hierarchy 2 shape: torch.Size([32, 6, 140])
[2025-11-12 14:58:46,531][src.models.modules.semantic_id.tiger_generation_model][WARNING] - [rank: 0]   Hierarchy 3 shape: torch.Size([32, 6, 140])
[2025-11-12 14:58:46,531][src.models.modules.semantic_id.tiger_generation_model][WARNING] - [rank: 0]   Hierarchy 4 shape: torch.Size([32, 6, 140])
[2025-11-12 14:58:46,531][src.models.modules.semantic_id.tiger_generation_model][WARNING] - [rank: 0]   Hierarchy 5 shape: torch.Size([32, 6, 140])
[2025-11-12 14:58:47,106][src.models.modules.semantic_id.tiger_generation_model][INFO] - [rank: 0] Saved decoder self-attention to ./attention_weights/decoder_self_attention_batch_123.pt
[2025-11-12 14:58:47,106][src.models.modules.semantic_id.tiger_generation_model][INFO] - [rank: 0] Saved encoder attention to ./attention_weights/encoder_attention_batch_123.pt
[2025-11-12 14:58:47,107][src.models.modules.semantic_id.tiger_generation_model][INFO] - [rank: 0] Saved cross attention to ./attention_weights/cross_attention_batch_123.pt
[2025-11-12 14:58:47,113][src.models.modules.semantic_id.tiger_generation_model][INFO] - [rank: 0] 当前batch的生成语义ID Embedding相似度矩阵:
[[ 1.          0.00726878  0.02983487  0.01829933  0.03910415 -0.02081295]
 [ 0.00726878  1.          0.01923433  0.02382168  0.0313689  -0.01620772]
 [ 0.02983487  0.01923433  1.          0.02158297  0.00472378  0.00144229]
 [ 0.01829933  0.02382168  0.02158297  1.         -0.02004978 -0.01010017]
 [ 0.03910415  0.0313689   0.00472378 -0.02004978  1.         -0.00240833]
 [-0.02081295 -0.01620772  0.00144229 -0.01010017 -0.00240833  0.9999999 ]]
[2025-11-12 14:58:47,420][src.models.modules.semantic_id.tiger_generation_model][INFO] - [rank: 0] 当前batch的输入Item Hierarchy Embedding相似度矩阵:
[[ 1.          0.00524964  0.0234787   0.01319989  0.01011684 -0.01404687]
 [ 0.00524964  1.          0.01171758  0.0158043  -0.00494999 -0.01299546]
 [ 0.0234787   0.01171758  1.          0.0130238   0.00292762 -0.02061947]
 [ 0.01319989  0.0158043   0.0130238   1.          0.01308412 -0.00717162]
 [ 0.01011684 -0.00494999  0.00292762  0.01308412  1.         -0.01499686]
 [-0.01404687 -0.01299546 -0.02061947 -0.00717162 -0.01499686  0.99999976]]
[2025-11-12 14:58:48,530][src.models.modules.semantic_id.tiger_generation_model][WARNING] - [rank: 0] Failed to stack cross attentions: stack expects each tensor to be equal size, but got [32, 6, 140] at entry 0 and [32, 6, 2, 140] at entry 1
[2025-11-12 14:58:48,530][src.models.modules.semantic_id.tiger_generation_model][WARNING] - [rank: 0]   Hierarchy 0 shape: torch.Size([32, 6, 140])
[2025-11-12 14:58:48,530][src.models.modules.semantic_id.tiger_generation_model][WARNING] - [rank: 0]   Hierarchy 1 shape: torch.Size([32, 6, 2, 140])
[2025-11-12 14:58:48,531][src.models.modules.semantic_id.tiger_generation_model][WARNING] - [rank: 0]   Hierarchy 2 shape: torch.Size([32, 6, 140])
[2025-11-12 14:58:48,531][src.models.modules.semantic_id.tiger_generation_model][WARNING] - [rank: 0]   Hierarchy 3 shape: torch.Size([32, 6, 140])
[2025-11-12 14:58:48,531][src.models.modules.semantic_id.tiger_generation_model][WARNING] - [rank: 0]   Hierarchy 4 shape: torch.Size([32, 6, 140])
[2025-11-12 14:58:48,531][src.models.modules.semantic_id.tiger_generation_model][WARNING] - [rank: 0]   Hierarchy 5 shape: torch.Size([32, 6, 140])
[2025-11-12 14:58:48,987][src.models.modules.semantic_id.tiger_generation_model][INFO] - [rank: 0] Saved decoder self-attention to ./attention_weights/decoder_self_attention_batch_124.pt
[2025-11-12 14:58:48,988][src.models.modules.semantic_id.tiger_generation_model][INFO] - [rank: 0] Saved encoder attention to ./attention_weights/encoder_attention_batch_124.pt
[2025-11-12 14:58:48,988][src.models.modules.semantic_id.tiger_generation_model][INFO] - [rank: 0] Saved cross attention to ./attention_weights/cross_attention_batch_124.pt
[2025-11-12 14:58:48,994][src.models.modules.semantic_id.tiger_generation_model][INFO] - [rank: 0] 当前batch的生成语义ID Embedding相似度矩阵:
[[ 1.0000000e+00  1.7497975e-02  2.3686858e-02  7.3760224e-04
   1.2334612e-02 -3.5103522e-02]
 [ 1.7497975e-02  1.0000000e+00  1.3074713e-02  1.1773973e-02
   1.8788917e-02 -2.6665900e-02]
 [ 2.3686858e-02  1.3074713e-02  9.9999994e-01  6.2419042e-02
  -9.0848580e-03 -3.0580673e-02]
 [ 7.3760224e-04  1.1773973e-02  6.2419042e-02  1.0000000e+00
  -7.8698937e-03 -3.7745863e-02]
 [ 1.2334612e-02  1.8788917e-02 -9.0848580e-03 -7.8698937e-03
   1.0000000e+00 -2.5688708e-03]
 [-3.5103522e-02 -2.6665900e-02 -3.0580673e-02 -3.7745863e-02
  -2.5688708e-03  9.9999988e-01]]
[2025-11-12 14:58:49,643][src.models.modules.semantic_id.tiger_generation_model][INFO] - [rank: 0] 当前batch的输入Item Hierarchy Embedding相似度矩阵:
[[ 1.          0.01542165  0.01171494  0.00867651  0.0073747  -0.02107015]
 [ 0.01542165  1.          0.01530744  0.01372752  0.00283565 -0.01803347]
 [ 0.01171494  0.01530744  1.          0.02848997  0.00766396 -0.02749687]
 [ 0.00867651  0.01372752  0.02848997  1.          0.01156075 -0.01195183]
 [ 0.0073747   0.00283565  0.00766396  0.01156075  1.         -0.01648597]
 [-0.02107015 -0.01803347 -0.02749687 -0.01195183 -0.01648597  1.        ]]
[2025-11-12 14:58:50,742][src.models.modules.semantic_id.tiger_generation_model][WARNING] - [rank: 0] Failed to stack cross attentions: stack expects each tensor to be equal size, but got [32, 6, 140] at entry 0 and [32, 6, 2, 140] at entry 1
[2025-11-12 14:58:50,742][src.models.modules.semantic_id.tiger_generation_model][WARNING] - [rank: 0]   Hierarchy 0 shape: torch.Size([32, 6, 140])
[2025-11-12 14:58:50,743][src.models.modules.semantic_id.tiger_generation_model][WARNING] - [rank: 0]   Hierarchy 1 shape: torch.Size([32, 6, 2, 140])
[2025-11-12 14:58:50,743][src.models.modules.semantic_id.tiger_generation_model][WARNING] - [rank: 0]   Hierarchy 2 shape: torch.Size([32, 6, 140])
[2025-11-12 14:58:50,743][src.models.modules.semantic_id.tiger_generation_model][WARNING] - [rank: 0]   Hierarchy 3 shape: torch.Size([32, 6, 140])
[2025-11-12 14:58:50,743][src.models.modules.semantic_id.tiger_generation_model][WARNING] - [rank: 0]   Hierarchy 4 shape: torch.Size([32, 6, 140])
[2025-11-12 14:58:50,743][src.models.modules.semantic_id.tiger_generation_model][WARNING] - [rank: 0]   Hierarchy 5 shape: torch.Size([32, 6, 140])
[2025-11-12 14:58:51,173][src.models.modules.semantic_id.tiger_generation_model][INFO] - [rank: 0] Saved decoder self-attention to ./attention_weights/decoder_self_attention_batch_125.pt
[2025-11-12 14:58:51,191][src.models.modules.semantic_id.tiger_generation_model][INFO] - [rank: 0] Saved encoder attention to ./attention_weights/encoder_attention_batch_125.pt
[2025-11-12 14:58:51,191][src.models.modules.semantic_id.tiger_generation_model][INFO] - [rank: 0] Saved cross attention to ./attention_weights/cross_attention_batch_125.pt
[2025-11-12 14:58:51,197][src.models.modules.semantic_id.tiger_generation_model][INFO] - [rank: 0] 当前batch的生成语义ID Embedding相似度矩阵:
[[ 1.00000000e+00  8.20370764e-03  2.22402699e-02 -4.56050038e-04
   1.20885065e-02 -8.05162732e-03]
 [ 8.20370764e-03  1.00000000e+00  7.85352103e-03  3.90082709e-02
  -3.09774112e-02  4.16690437e-03]
 [ 2.22402699e-02  7.85352103e-03  1.00000000e+00  1.08287772e-02
   9.84597299e-03 -2.47697178e-02]
 [-4.56050038e-04  3.90082709e-02  1.08287772e-02  1.00000000e+00
   4.39369958e-03  1.67937223e-02]
 [ 1.20885065e-02 -3.09774112e-02  9.84597299e-03  4.39369958e-03
   1.00000000e+00  6.53136987e-04]
 [-8.05162732e-03  4.16690437e-03 -2.47697178e-02  1.67937223e-02
   6.53136987e-04  9.99999881e-01]]
[2025-11-12 14:58:51,673][src.models.modules.semantic_id.tiger_generation_model][INFO] - [rank: 0] 当前batch的输入Item Hierarchy Embedding相似度矩阵:
[[ 9.9999994e-01  6.7466483e-03  1.8853014e-02 -8.4784796e-04
   1.8722495e-02 -2.3708425e-02]
 [ 6.7466483e-03  9.9999994e-01  1.3483275e-02  1.4362378e-02
   5.0006842e-04 -2.2209577e-02]
 [ 1.8853014e-02  1.3483275e-02  9.9999994e-01  2.1814028e-02
   7.4904328e-03 -2.8244521e-02]
 [-8.4784796e-04  1.4362378e-02  2.1814028e-02  9.9999994e-01
   1.1007933e-02 -1.0167355e-02]
 [ 1.8722495e-02  5.0006842e-04  7.4904328e-03  1.1007933e-02
   9.9999994e-01 -1.9115815e-02]
 [-2.3708425e-02 -2.2209577e-02 -2.8244521e-02 -1.0167355e-02
  -1.9115815e-02  9.9999988e-01]]
[2025-11-12 14:58:54,247][src.models.modules.semantic_id.tiger_generation_model][WARNING] - [rank: 0] Failed to stack cross attentions: stack expects each tensor to be equal size, but got [32, 6, 140] at entry 0 and [32, 6, 2, 140] at entry 1
[2025-11-12 14:58:54,247][src.models.modules.semantic_id.tiger_generation_model][WARNING] - [rank: 0]   Hierarchy 0 shape: torch.Size([32, 6, 140])
[2025-11-12 14:58:54,248][src.models.modules.semantic_id.tiger_generation_model][WARNING] - [rank: 0]   Hierarchy 1 shape: torch.Size([32, 6, 2, 140])
[2025-11-12 14:58:54,248][src.models.modules.semantic_id.tiger_generation_model][WARNING] - [rank: 0]   Hierarchy 2 shape: torch.Size([32, 6, 140])
[2025-11-12 14:58:54,248][src.models.modules.semantic_id.tiger_generation_model][WARNING] - [rank: 0]   Hierarchy 3 shape: torch.Size([32, 6, 140])
[2025-11-12 14:58:54,248][src.models.modules.semantic_id.tiger_generation_model][WARNING] - [rank: 0]   Hierarchy 4 shape: torch.Size([32, 6, 140])
[2025-11-12 14:58:54,248][src.models.modules.semantic_id.tiger_generation_model][WARNING] - [rank: 0]   Hierarchy 5 shape: torch.Size([32, 6, 140])
[2025-11-12 14:58:55,079][src.models.modules.semantic_id.tiger_generation_model][INFO] - [rank: 0] Saved decoder self-attention to ./attention_weights/decoder_self_attention_batch_126.pt
[2025-11-12 14:58:55,082][src.models.modules.semantic_id.tiger_generation_model][INFO] - [rank: 0] Saved encoder attention to ./attention_weights/encoder_attention_batch_126.pt
[2025-11-12 14:58:55,083][src.models.modules.semantic_id.tiger_generation_model][INFO] - [rank: 0] Saved cross attention to ./attention_weights/cross_attention_batch_126.pt
[2025-11-12 14:58:55,093][src.models.modules.semantic_id.tiger_generation_model][INFO] - [rank: 0] 当前batch的生成语义ID Embedding相似度矩阵:
[[ 1.         -0.01045759  0.01609541  0.02626134  0.00625745 -0.03963945]
 [-0.01045759  1.         -0.00106324  0.00516297 -0.00101685 -0.00556921]
 [ 0.01609541 -0.00106324  0.99999994  0.01118375 -0.00892072 -0.06296073]
 [ 0.02626134  0.00516297  0.01118375  1.         -0.00201922 -0.00111478]
 [ 0.00625745 -0.00101685 -0.00892072 -0.00201922  1.         -0.00474636]
 [-0.03963945 -0.00556921 -0.06296073 -0.00111478 -0.00474636  0.9999999 ]]
[2025-11-12 14:58:55,283][src.models.modules.semantic_id.tiger_generation_model][INFO] - [rank: 0] 当前batch的输入Item Hierarchy Embedding相似度矩阵:
[[ 1.          0.00853317  0.00970734  0.00860149  0.00789837 -0.02696628]
 [ 0.00853317  1.          0.01900702  0.00359782  0.00969026 -0.02241613]
 [ 0.00970734  0.01900702  1.          0.02935708  0.00814278 -0.02427834]
 [ 0.00860149  0.00359782  0.02935708  1.          0.00109455 -0.00489907]
 [ 0.00789837  0.00969026  0.00814278  0.00109455  1.         -0.00914962]
 [-0.02696628 -0.02241613 -0.02427834 -0.00489907 -0.00914962  1.        ]]
[2025-11-12 14:58:56,865][src.models.modules.semantic_id.tiger_generation_model][WARNING] - [rank: 0] Failed to stack cross attentions: stack expects each tensor to be equal size, but got [32, 6, 140] at entry 0 and [32, 6, 2, 140] at entry 1
[2025-11-12 14:58:56,866][src.models.modules.semantic_id.tiger_generation_model][WARNING] - [rank: 0]   Hierarchy 0 shape: torch.Size([32, 6, 140])
[2025-11-12 14:58:56,866][src.models.modules.semantic_id.tiger_generation_model][WARNING] - [rank: 0]   Hierarchy 1 shape: torch.Size([32, 6, 2, 140])
[2025-11-12 14:58:56,866][src.models.modules.semantic_id.tiger_generation_model][WARNING] - [rank: 0]   Hierarchy 2 shape: torch.Size([32, 6, 140])
[2025-11-12 14:58:56,866][src.models.modules.semantic_id.tiger_generation_model][WARNING] - [rank: 0]   Hierarchy 3 shape: torch.Size([32, 6, 140])
[2025-11-12 14:58:56,867][src.models.modules.semantic_id.tiger_generation_model][WARNING] - [rank: 0]   Hierarchy 4 shape: torch.Size([32, 6, 140])
[2025-11-12 14:58:56,867][src.models.modules.semantic_id.tiger_generation_model][WARNING] - [rank: 0]   Hierarchy 5 shape: torch.Size([32, 6, 140])
[2025-11-12 14:58:57,396][src.models.modules.semantic_id.tiger_generation_model][INFO] - [rank: 0] Saved decoder self-attention to ./attention_weights/decoder_self_attention_batch_127.pt
[2025-11-12 14:58:57,397][src.models.modules.semantic_id.tiger_generation_model][INFO] - [rank: 0] Saved encoder attention to ./attention_weights/encoder_attention_batch_127.pt
[2025-11-12 14:58:57,397][src.models.modules.semantic_id.tiger_generation_model][INFO] - [rank: 0] Saved cross attention to ./attention_weights/cross_attention_batch_127.pt
[2025-11-12 14:58:57,433][src.models.modules.semantic_id.tiger_generation_model][INFO] - [rank: 0] 当前batch的生成语义ID Embedding相似度矩阵:
[[ 1.         -0.01907307  0.04055016  0.04182499  0.03716677 -0.03026896]
 [-0.01907307  1.          0.03502937  0.03435494  0.0490841   0.01655932]
 [ 0.04055016  0.03502937  1.          0.03087699  0.03336857 -0.02709383]
 [ 0.04182499  0.03435494  0.03087699  0.99999994  0.01511738 -0.00665911]
 [ 0.03716677  0.0490841   0.03336857  0.01511738  1.         -0.0141752 ]
 [-0.03026896  0.01655932 -0.02709383 -0.00665911 -0.0141752   0.9999999 ]]
[2025-11-12 14:58:57,658][src.models.modules.semantic_id.tiger_generation_model][INFO] - [rank: 0] 当前batch的输入Item Hierarchy Embedding相似度矩阵:
[[ 1.          0.01131073  0.01693148  0.01274764  0.00559255 -0.02208773]
 [ 0.01131073  1.          0.00920964  0.00564256  0.00869294 -0.0112538 ]
 [ 0.01693148  0.00920964  1.          0.0177273  -0.0063118  -0.030485  ]
 [ 0.01274764  0.00564256  0.0177273   1.          0.00436419 -0.00370566]
 [ 0.00559255  0.00869294 -0.0063118   0.00436419  1.         -0.02153035]
 [-0.02208773 -0.0112538  -0.030485   -0.00370566 -0.02153035  1.        ]]
[2025-11-12 14:58:58,899][src.models.modules.semantic_id.tiger_generation_model][WARNING] - [rank: 0] Failed to stack cross attentions: stack expects each tensor to be equal size, but got [32, 6, 140] at entry 0 and [32, 6, 2, 140] at entry 1
[2025-11-12 14:58:58,900][src.models.modules.semantic_id.tiger_generation_model][WARNING] - [rank: 0]   Hierarchy 0 shape: torch.Size([32, 6, 140])
[2025-11-12 14:58:58,900][src.models.modules.semantic_id.tiger_generation_model][WARNING] - [rank: 0]   Hierarchy 1 shape: torch.Size([32, 6, 2, 140])
[2025-11-12 14:58:58,901][src.models.modules.semantic_id.tiger_generation_model][WARNING] - [rank: 0]   Hierarchy 2 shape: torch.Size([32, 6, 140])
[2025-11-12 14:58:58,901][src.models.modules.semantic_id.tiger_generation_model][WARNING] - [rank: 0]   Hierarchy 3 shape: torch.Size([32, 6, 140])
[2025-11-12 14:58:58,901][src.models.modules.semantic_id.tiger_generation_model][WARNING] - [rank: 0]   Hierarchy 4 shape: torch.Size([32, 6, 140])
[2025-11-12 14:58:58,901][src.models.modules.semantic_id.tiger_generation_model][WARNING] - [rank: 0]   Hierarchy 5 shape: torch.Size([32, 6, 140])
[2025-11-12 14:58:59,109][src.models.modules.semantic_id.tiger_generation_model][INFO] - [rank: 0] Saved decoder self-attention to ./attention_weights/decoder_self_attention_batch_128.pt
[2025-11-12 14:58:59,111][src.models.modules.semantic_id.tiger_generation_model][INFO] - [rank: 0] Saved encoder attention to ./attention_weights/encoder_attention_batch_128.pt
[2025-11-12 14:58:59,112][src.models.modules.semantic_id.tiger_generation_model][INFO] - [rank: 0] Saved cross attention to ./attention_weights/cross_attention_batch_128.pt
[2025-11-12 14:58:59,119][src.models.modules.semantic_id.tiger_generation_model][INFO] - [rank: 0] 当前batch的生成语义ID Embedding相似度矩阵:
[[ 1.          0.03255064  0.02961851  0.01910715  0.02159236 -0.03020795]
 [ 0.03255064  1.          0.01287898  0.01414791 -0.01803927 -0.01448252]
 [ 0.02961851  0.01287898  1.          0.03405293  0.01152433 -0.01948572]
 [ 0.01910715  0.01414791  0.03405293  1.         -0.00967132  0.02326437]
 [ 0.02159236 -0.01803927  0.01152433 -0.00967132  1.         -0.01039452]
 [-0.03020795 -0.01448252 -0.01948572  0.02326437 -0.01039452  0.9999999 ]]
[2025-11-12 14:58:59,833][src.models.modules.semantic_id.tiger_generation_model][INFO] - [rank: 0] 当前batch的输入Item Hierarchy Embedding相似度矩阵:
[[ 1.0000000e+00  7.5526256e-03  1.9632757e-02  1.0037816e-02
   9.5212059e-03 -3.1025948e-02]
 [ 7.5526256e-03  1.0000000e+00  8.7842196e-03  8.9400522e-03
   1.9292008e-03 -1.0857754e-02]
 [ 1.9632757e-02  8.7842196e-03  1.0000000e+00  2.8081894e-02
   9.2349481e-03 -1.4418376e-02]
 [ 1.0037816e-02  8.9400522e-03  2.8081894e-02  1.0000000e+00
   3.6563694e-03  6.7809032e-04]
 [ 9.5212059e-03  1.9292008e-03  9.2349481e-03  3.6563694e-03
   1.0000000e+00 -1.3630503e-02]
 [-3.1025948e-02 -1.0857754e-02 -1.4418376e-02  6.7809032e-04
  -1.3630503e-02  9.9999976e-01]]
[2025-11-12 14:59:00,632][src.models.modules.semantic_id.tiger_generation_model][WARNING] - [rank: 0] Failed to stack cross attentions: stack expects each tensor to be equal size, but got [32, 6, 140] at entry 0 and [32, 6, 2, 140] at entry 1
[2025-11-12 14:59:00,632][src.models.modules.semantic_id.tiger_generation_model][WARNING] - [rank: 0]   Hierarchy 0 shape: torch.Size([32, 6, 140])
[2025-11-12 14:59:00,633][src.models.modules.semantic_id.tiger_generation_model][WARNING] - [rank: 0]   Hierarchy 1 shape: torch.Size([32, 6, 2, 140])
[2025-11-12 14:59:00,633][src.models.modules.semantic_id.tiger_generation_model][WARNING] - [rank: 0]   Hierarchy 2 shape: torch.Size([32, 6, 140])
[2025-11-12 14:59:00,633][src.models.modules.semantic_id.tiger_generation_model][WARNING] - [rank: 0]   Hierarchy 3 shape: torch.Size([32, 6, 140])
[2025-11-12 14:59:00,633][src.models.modules.semantic_id.tiger_generation_model][WARNING] - [rank: 0]   Hierarchy 4 shape: torch.Size([32, 6, 140])
[2025-11-12 14:59:00,633][src.models.modules.semantic_id.tiger_generation_model][WARNING] - [rank: 0]   Hierarchy 5 shape: torch.Size([32, 6, 140])
[2025-11-12 14:59:01,047][src.models.modules.semantic_id.tiger_generation_model][INFO] - [rank: 0] Saved decoder self-attention to ./attention_weights/decoder_self_attention_batch_129.pt
[2025-11-12 14:59:01,048][src.models.modules.semantic_id.tiger_generation_model][INFO] - [rank: 0] Saved encoder attention to ./attention_weights/encoder_attention_batch_129.pt
[2025-11-12 14:59:01,048][src.models.modules.semantic_id.tiger_generation_model][INFO] - [rank: 0] Saved cross attention to ./attention_weights/cross_attention_batch_129.pt
[2025-11-12 14:59:01,055][src.models.modules.semantic_id.tiger_generation_model][INFO] - [rank: 0] 当前batch的生成语义ID Embedding相似度矩阵:
[[ 1.         -0.00633723  0.00522069  0.03337811  0.01109722 -0.02872343]
 [-0.00633723  1.         -0.01726643  0.02797065  0.0109064   0.00488361]
 [ 0.00522069 -0.01726643  1.          0.01177044  0.0120606  -0.02021471]
 [ 0.03337811  0.02797065  0.01177044  1.         -0.00637746 -0.02081794]
 [ 0.01109722  0.0109064   0.0120606  -0.00637746  1.         -0.01790759]
 [-0.02872343  0.00488361 -0.02021471 -0.02081794 -0.01790759  0.9999999 ]]
[2025-11-12 14:59:01,312][src.models.modules.semantic_id.tiger_generation_model][INFO] - [rank: 0] 当前batch的输入Item Hierarchy Embedding相似度矩阵:
[[ 1.0000000e+00  2.0526644e-02  2.9598296e-02  5.9252325e-03
   2.0100923e-02 -1.9623691e-02]
 [ 2.0526644e-02  1.0000000e+00  2.6732776e-02  1.8907860e-02
  -1.9234770e-03 -1.5227908e-02]
 [ 2.9598296e-02  2.6732776e-02  1.0000000e+00  2.3202397e-02
   1.3111280e-02 -3.1518426e-02]
 [ 5.9252325e-03  1.8907860e-02  2.3202397e-02  1.0000000e+00
   3.0858305e-03 -9.4424444e-04]
 [ 2.0100923e-02 -1.9234770e-03  1.3111280e-02  3.0858305e-03
   1.0000000e+00 -1.6972778e-02]
 [-1.9623691e-02 -1.5227908e-02 -3.1518426e-02 -9.4424444e-04
  -1.6972778e-02  1.0000000e+00]]
[2025-11-12 14:59:02,576][src.models.modules.semantic_id.tiger_generation_model][WARNING] - [rank: 0] Failed to stack cross attentions: stack expects each tensor to be equal size, but got [32, 6, 140] at entry 0 and [32, 6, 2, 140] at entry 1
[2025-11-12 14:59:02,576][src.models.modules.semantic_id.tiger_generation_model][WARNING] - [rank: 0]   Hierarchy 0 shape: torch.Size([32, 6, 140])
[2025-11-12 14:59:02,576][src.models.modules.semantic_id.tiger_generation_model][WARNING] - [rank: 0]   Hierarchy 1 shape: torch.Size([32, 6, 2, 140])
[2025-11-12 14:59:02,577][src.models.modules.semantic_id.tiger_generation_model][WARNING] - [rank: 0]   Hierarchy 2 shape: torch.Size([32, 6, 140])
[2025-11-12 14:59:02,577][src.models.modules.semantic_id.tiger_generation_model][WARNING] - [rank: 0]   Hierarchy 3 shape: torch.Size([32, 6, 140])
[2025-11-12 14:59:02,577][src.models.modules.semantic_id.tiger_generation_model][WARNING] - [rank: 0]   Hierarchy 4 shape: torch.Size([32, 6, 140])
[2025-11-12 14:59:02,577][src.models.modules.semantic_id.tiger_generation_model][WARNING] - [rank: 0]   Hierarchy 5 shape: torch.Size([32, 6, 140])
[2025-11-12 14:59:02,899][src.models.modules.semantic_id.tiger_generation_model][INFO] - [rank: 0] Saved decoder self-attention to ./attention_weights/decoder_self_attention_batch_130.pt
[2025-11-12 14:59:02,900][src.models.modules.semantic_id.tiger_generation_model][INFO] - [rank: 0] Saved encoder attention to ./attention_weights/encoder_attention_batch_130.pt
[2025-11-12 14:59:02,900][src.models.modules.semantic_id.tiger_generation_model][INFO] - [rank: 0] Saved cross attention to ./attention_weights/cross_attention_batch_130.pt
[2025-11-12 14:59:02,925][src.models.modules.semantic_id.tiger_generation_model][INFO] - [rank: 0] 当前batch的生成语义ID Embedding相似度矩阵:
[[ 0.99999994  0.01918419  0.02343928 -0.00803374  0.00220358 -0.02866838]
 [ 0.01918419  1.          0.01838225  0.01884754 -0.01327909 -0.03546555]
 [ 0.02343928  0.01838225  1.          0.0147863  -0.00181402 -0.02123408]
 [-0.00803374  0.01884754  0.0147863   1.         -0.02300947 -0.04053892]
 [ 0.00220358 -0.01327909 -0.00181402 -0.02300947  1.         -0.03412203]
 [-0.02866838 -0.03546555 -0.02123408 -0.04053892 -0.03412203  0.9999999 ]]
[2025-11-12 14:59:03,822][src.models.modules.semantic_id.tiger_generation_model][INFO] - [rank: 0] 当前batch的输入Item Hierarchy Embedding相似度矩阵:
[[ 0.99999994  0.00370346  0.01982271  0.00999723  0.01832575 -0.00724963]
 [ 0.00370346  0.99999994  0.01102948  0.00548568  0.00367473 -0.01427772]
 [ 0.01982271  0.01102948  0.99999994  0.01977377 -0.00211207 -0.03318173]
 [ 0.00999723  0.00548568  0.01977377  0.99999994 -0.00140356 -0.01005486]
 [ 0.01832575  0.00367473 -0.00211207 -0.00140356  0.99999994 -0.01901055]
 [-0.00724963 -0.01427772 -0.03318173 -0.01005486 -0.01901055  0.9999999 ]]
[2025-11-12 14:59:04,687][src.models.modules.semantic_id.tiger_generation_model][WARNING] - [rank: 0] Failed to stack cross attentions: stack expects each tensor to be equal size, but got [32, 6, 140] at entry 0 and [32, 6, 2, 140] at entry 1
[2025-11-12 14:59:04,688][src.models.modules.semantic_id.tiger_generation_model][WARNING] - [rank: 0]   Hierarchy 0 shape: torch.Size([32, 6, 140])
[2025-11-12 14:59:04,688][src.models.modules.semantic_id.tiger_generation_model][WARNING] - [rank: 0]   Hierarchy 1 shape: torch.Size([32, 6, 2, 140])
[2025-11-12 14:59:04,688][src.models.modules.semantic_id.tiger_generation_model][WARNING] - [rank: 0]   Hierarchy 2 shape: torch.Size([32, 6, 140])
[2025-11-12 14:59:04,688][src.models.modules.semantic_id.tiger_generation_model][WARNING] - [rank: 0]   Hierarchy 3 shape: torch.Size([32, 6, 140])
[2025-11-12 14:59:04,688][src.models.modules.semantic_id.tiger_generation_model][WARNING] - [rank: 0]   Hierarchy 4 shape: torch.Size([32, 6, 140])
[2025-11-12 14:59:04,688][src.models.modules.semantic_id.tiger_generation_model][WARNING] - [rank: 0]   Hierarchy 5 shape: torch.Size([32, 6, 140])
[2025-11-12 14:59:04,870][src.models.modules.semantic_id.tiger_generation_model][INFO] - [rank: 0] Saved decoder self-attention to ./attention_weights/decoder_self_attention_batch_131.pt
[2025-11-12 14:59:04,870][src.models.modules.semantic_id.tiger_generation_model][INFO] - [rank: 0] Saved encoder attention to ./attention_weights/encoder_attention_batch_131.pt
[2025-11-12 14:59:04,870][src.models.modules.semantic_id.tiger_generation_model][INFO] - [rank: 0] Saved cross attention to ./attention_weights/cross_attention_batch_131.pt
[2025-11-12 14:59:04,882][src.models.modules.semantic_id.tiger_generation_model][INFO] - [rank: 0] 当前batch的生成语义ID Embedding相似度矩阵:
[[ 1.         -0.00209748  0.01128558  0.0218332   0.02500379 -0.02312084]
 [-0.00209748  1.          0.0065431   0.0273094  -0.01763694 -0.02528129]
 [ 0.01128558  0.0065431   1.          0.0096243   0.00142191 -0.01426059]
 [ 0.0218332   0.0273094   0.0096243   0.99999994 -0.00617544 -0.02313589]
 [ 0.02500379 -0.01763694  0.00142191 -0.00617544  1.         -0.02140301]
 [-0.02312084 -0.02528129 -0.01426059 -0.02313589 -0.02140301  0.9999999 ]]
[2025-11-12 14:59:04,988][src.models.modules.semantic_id.tiger_generation_model][INFO] - [rank: 0] 当前batch的输入Item Hierarchy Embedding相似度矩阵:
[[ 1.0000000e+00  3.2846193e-04  1.7061030e-02  1.5651383e-02
   1.5500750e-02 -2.8577782e-02]
 [ 3.2846193e-04  1.0000000e+00  1.6760489e-02  1.3228945e-02
   6.3628517e-03 -1.0842803e-02]
 [ 1.7061030e-02  1.6760489e-02  1.0000000e+00  1.4156871e-02
   1.1483949e-02 -2.2304315e-02]
 [ 1.5651383e-02  1.3228945e-02  1.4156871e-02  1.0000000e+00
   6.5373532e-03 -5.9466544e-03]
 [ 1.5500750e-02  6.3628517e-03  1.1483949e-02  6.5373532e-03
   1.0000000e+00 -2.7624613e-03]
 [-2.8577782e-02 -1.0842803e-02 -2.2304315e-02 -5.9466544e-03
  -2.7624613e-03  1.0000000e+00]]
[2025-11-12 14:59:06,688][src.models.modules.semantic_id.tiger_generation_model][WARNING] - [rank: 0] Failed to stack cross attentions: stack expects each tensor to be equal size, but got [32, 6, 140] at entry 0 and [32, 6, 2, 140] at entry 1
[2025-11-12 14:59:06,689][src.models.modules.semantic_id.tiger_generation_model][WARNING] - [rank: 0]   Hierarchy 0 shape: torch.Size([32, 6, 140])
[2025-11-12 14:59:06,689][src.models.modules.semantic_id.tiger_generation_model][WARNING] - [rank: 0]   Hierarchy 1 shape: torch.Size([32, 6, 2, 140])
[2025-11-12 14:59:06,690][src.models.modules.semantic_id.tiger_generation_model][WARNING] - [rank: 0]   Hierarchy 2 shape: torch.Size([32, 6, 140])
[2025-11-12 14:59:06,690][src.models.modules.semantic_id.tiger_generation_model][WARNING] - [rank: 0]   Hierarchy 3 shape: torch.Size([32, 6, 140])
[2025-11-12 14:59:06,690][src.models.modules.semantic_id.tiger_generation_model][WARNING] - [rank: 0]   Hierarchy 4 shape: torch.Size([32, 6, 140])
[2025-11-12 14:59:06,690][src.models.modules.semantic_id.tiger_generation_model][WARNING] - [rank: 0]   Hierarchy 5 shape: torch.Size([32, 6, 140])
[2025-11-12 14:59:07,238][src.models.modules.semantic_id.tiger_generation_model][INFO] - [rank: 0] Saved decoder self-attention to ./attention_weights/decoder_self_attention_batch_132.pt
[2025-11-12 14:59:07,238][src.models.modules.semantic_id.tiger_generation_model][INFO] - [rank: 0] Saved encoder attention to ./attention_weights/encoder_attention_batch_132.pt
[2025-11-12 14:59:07,239][src.models.modules.semantic_id.tiger_generation_model][INFO] - [rank: 0] Saved cross attention to ./attention_weights/cross_attention_batch_132.pt
[2025-11-12 14:59:07,245][src.models.modules.semantic_id.tiger_generation_model][INFO] - [rank: 0] 当前batch的生成语义ID Embedding相似度矩阵:
[[ 1.          0.0209014   0.02936682  0.01685001 -0.02054059 -0.0112638 ]
 [ 0.0209014   1.          0.01271703  0.03816613  0.01790011 -0.0132941 ]
 [ 0.02936682  0.01271703  1.          0.01154104  0.03889491 -0.02284317]
 [ 0.01685001  0.03816613  0.01154104  0.9999999   0.00115362 -0.01966739]
 [-0.02054059  0.01790011  0.03889491  0.00115362  1.         -0.02762588]
 [-0.0112638  -0.0132941  -0.02284317 -0.01966739 -0.02762588  0.9999999 ]]
[2025-11-12 14:59:07,377][src.models.modules.semantic_id.tiger_generation_model][INFO] - [rank: 0] 当前batch的输入Item Hierarchy Embedding相似度矩阵:
[[ 1.0000000e+00  1.3604532e-02  2.0011984e-02 -6.5742806e-04
   7.2500394e-03 -3.2742128e-02]
 [ 1.3604532e-02  1.0000000e+00  2.6230281e-02  1.8829903e-02
  -3.8897824e-03 -8.2787005e-03]
 [ 2.0011984e-02  2.6230281e-02  1.0000000e+00  2.1424657e-02
  -1.7944496e-03 -2.2431135e-02]
 [-6.5742806e-04  1.8829903e-02  2.1424657e-02  1.0000000e+00
   1.0846265e-02 -3.2958868e-03]
 [ 7.2500394e-03 -3.8897824e-03 -1.7944496e-03  1.0846265e-02
   1.0000000e+00 -1.8848302e-02]
 [-3.2742128e-02 -8.2787005e-03 -2.2431135e-02 -3.2958868e-03
  -1.8848302e-02  9.9999994e-01]]
[2025-11-12 14:59:08,629][src.models.modules.semantic_id.tiger_generation_model][WARNING] - [rank: 0] Failed to stack cross attentions: stack expects each tensor to be equal size, but got [32, 6, 140] at entry 0 and [32, 6, 2, 140] at entry 1
[2025-11-12 14:59:08,630][src.models.modules.semantic_id.tiger_generation_model][WARNING] - [rank: 0]   Hierarchy 0 shape: torch.Size([32, 6, 140])
[2025-11-12 14:59:08,630][src.models.modules.semantic_id.tiger_generation_model][WARNING] - [rank: 0]   Hierarchy 1 shape: torch.Size([32, 6, 2, 140])
[2025-11-12 14:59:08,630][src.models.modules.semantic_id.tiger_generation_model][WARNING] - [rank: 0]   Hierarchy 2 shape: torch.Size([32, 6, 140])
[2025-11-12 14:59:08,630][src.models.modules.semantic_id.tiger_generation_model][WARNING] - [rank: 0]   Hierarchy 3 shape: torch.Size([32, 6, 140])
[2025-11-12 14:59:08,630][src.models.modules.semantic_id.tiger_generation_model][WARNING] - [rank: 0]   Hierarchy 4 shape: torch.Size([32, 6, 140])
[2025-11-12 14:59:08,631][src.models.modules.semantic_id.tiger_generation_model][WARNING] - [rank: 0]   Hierarchy 5 shape: torch.Size([32, 6, 140])
[2025-11-12 14:59:09,246][src.models.modules.semantic_id.tiger_generation_model][INFO] - [rank: 0] Saved decoder self-attention to ./attention_weights/decoder_self_attention_batch_133.pt
[2025-11-12 14:59:09,246][src.models.modules.semantic_id.tiger_generation_model][INFO] - [rank: 0] Saved encoder attention to ./attention_weights/encoder_attention_batch_133.pt
[2025-11-12 14:59:09,246][src.models.modules.semantic_id.tiger_generation_model][INFO] - [rank: 0] Saved cross attention to ./attention_weights/cross_attention_batch_133.pt
[2025-11-12 14:59:09,257][src.models.modules.semantic_id.tiger_generation_model][INFO] - [rank: 0] 当前batch的生成语义ID Embedding相似度矩阵:
[[ 9.9999988e-01 -8.2638636e-03  2.6284534e-02  1.3690522e-02
   1.5201876e-02 -2.6805334e-02]
 [-8.2638636e-03  1.0000000e+00 -7.8341886e-03  1.7991336e-02
   1.7223861e-03 -3.0589264e-02]
 [ 2.6284534e-02 -7.8341886e-03  1.0000000e+00  1.8869633e-02
   9.7989393e-03  3.7480348e-03]
 [ 1.3690522e-02  1.7991336e-02  1.8869633e-02  1.0000000e+00
   1.7341273e-04 -2.9544841e-02]
 [ 1.5201876e-02  1.7223861e-03  9.7989393e-03  1.7341273e-04
   1.0000000e+00  7.7516697e-03]
 [-2.6805334e-02 -3.0589264e-02  3.7480348e-03 -2.9544841e-02
   7.7516697e-03  9.9999988e-01]]
[2025-11-12 14:59:09,684][src.models.modules.semantic_id.tiger_generation_model][INFO] - [rank: 0] 当前batch的输入Item Hierarchy Embedding相似度矩阵:
[[ 1.          0.00476173  0.02088808  0.01186161  0.0071093  -0.01642066]
 [ 0.00476173  1.          0.01567851  0.01984006  0.00671882 -0.02094324]
 [ 0.02088808  0.01567851  1.          0.02630446  0.00811321 -0.01785064]
 [ 0.01186161  0.01984006  0.02630446  1.         -0.0019671  -0.01030634]
 [ 0.0071093   0.00671882  0.00811321 -0.0019671   1.         -0.01532922]
 [-0.01642066 -0.02094324 -0.01785064 -0.01030634 -0.01532922  0.99999994]]
[2025-11-12 14:59:10,933][src.models.modules.semantic_id.tiger_generation_model][WARNING] - [rank: 0] Failed to stack cross attentions: stack expects each tensor to be equal size, but got [32, 6, 140] at entry 0 and [32, 6, 2, 140] at entry 1
[2025-11-12 14:59:10,934][src.models.modules.semantic_id.tiger_generation_model][WARNING] - [rank: 0]   Hierarchy 0 shape: torch.Size([32, 6, 140])
[2025-11-12 14:59:10,934][src.models.modules.semantic_id.tiger_generation_model][WARNING] - [rank: 0]   Hierarchy 1 shape: torch.Size([32, 6, 2, 140])
[2025-11-12 14:59:10,935][src.models.modules.semantic_id.tiger_generation_model][WARNING] - [rank: 0]   Hierarchy 2 shape: torch.Size([32, 6, 140])
[2025-11-12 14:59:10,936][src.models.modules.semantic_id.tiger_generation_model][WARNING] - [rank: 0]   Hierarchy 3 shape: torch.Size([32, 6, 140])
[2025-11-12 14:59:10,936][src.models.modules.semantic_id.tiger_generation_model][WARNING] - [rank: 0]   Hierarchy 4 shape: torch.Size([32, 6, 140])
[2025-11-12 14:59:10,937][src.models.modules.semantic_id.tiger_generation_model][WARNING] - [rank: 0]   Hierarchy 5 shape: torch.Size([32, 6, 140])
[2025-11-12 14:59:11,314][src.models.modules.semantic_id.tiger_generation_model][INFO] - [rank: 0] Saved decoder self-attention to ./attention_weights/decoder_self_attention_batch_134.pt
[2025-11-12 14:59:11,359][src.models.modules.semantic_id.tiger_generation_model][INFO] - [rank: 0] Saved encoder attention to ./attention_weights/encoder_attention_batch_134.pt
[2025-11-12 14:59:11,360][src.models.modules.semantic_id.tiger_generation_model][INFO] - [rank: 0] Saved cross attention to ./attention_weights/cross_attention_batch_134.pt
[2025-11-12 14:59:11,365][src.models.modules.semantic_id.tiger_generation_model][INFO] - [rank: 0] 当前batch的生成语义ID Embedding相似度矩阵:
[[ 1.         -0.00215339  0.01436087  0.03954725  0.01850541 -0.01502513]
 [-0.00215339  1.          0.00781579  0.02447239  0.02812384 -0.03878537]
 [ 0.01436087  0.00781579  1.          0.01672269 -0.00276512 -0.02047127]
 [ 0.03954725  0.02447239  0.01672269  1.          0.00272786  0.01319182]
 [ 0.01850541  0.02812384 -0.00276512  0.00272786  1.         -0.00836888]
 [-0.01502513 -0.03878537 -0.02047127  0.01319182 -0.00836888  0.9999999 ]]
[2025-11-12 14:59:12,124][src.models.modules.semantic_id.tiger_generation_model][INFO] - [rank: 0] 当前batch的输入Item Hierarchy Embedding相似度矩阵:
[[ 0.99999994  0.01691377  0.01985378  0.01225575  0.0182867  -0.02796161]
 [ 0.01691377  0.99999994  0.02150654  0.02321895 -0.00104789 -0.01825888]
 [ 0.01985378  0.02150654  0.99999994  0.02901908  0.00520004 -0.01758841]
 [ 0.01225575  0.02321895  0.02901908  0.99999994  0.00834838 -0.00360219]
 [ 0.0182867  -0.00104789  0.00520004  0.00834838  0.99999994 -0.01088201]
 [-0.02796161 -0.01825888 -0.01758841 -0.00360219 -0.01088201  0.9999999 ]]
[2025-11-12 14:59:13,114][src.models.modules.semantic_id.tiger_generation_model][WARNING] - [rank: 0] Failed to stack cross attentions: stack expects each tensor to be equal size, but got [32, 6, 140] at entry 0 and [32, 6, 2, 140] at entry 1
[2025-11-12 14:59:13,115][src.models.modules.semantic_id.tiger_generation_model][WARNING] - [rank: 0]   Hierarchy 0 shape: torch.Size([32, 6, 140])
[2025-11-12 14:59:13,115][src.models.modules.semantic_id.tiger_generation_model][WARNING] - [rank: 0]   Hierarchy 1 shape: torch.Size([32, 6, 2, 140])
[2025-11-12 14:59:13,118][src.models.modules.semantic_id.tiger_generation_model][WARNING] - [rank: 0]   Hierarchy 2 shape: torch.Size([32, 6, 140])
[2025-11-12 14:59:13,118][src.models.modules.semantic_id.tiger_generation_model][WARNING] - [rank: 0]   Hierarchy 3 shape: torch.Size([32, 6, 140])
[2025-11-12 14:59:13,118][src.models.modules.semantic_id.tiger_generation_model][WARNING] - [rank: 0]   Hierarchy 4 shape: torch.Size([32, 6, 140])
[2025-11-12 14:59:13,118][src.models.modules.semantic_id.tiger_generation_model][WARNING] - [rank: 0]   Hierarchy 5 shape: torch.Size([32, 6, 140])
[2025-11-12 14:59:13,909][src.models.modules.semantic_id.tiger_generation_model][INFO] - [rank: 0] Saved decoder self-attention to ./attention_weights/decoder_self_attention_batch_135.pt
[2025-11-12 14:59:13,909][src.models.modules.semantic_id.tiger_generation_model][INFO] - [rank: 0] Saved encoder attention to ./attention_weights/encoder_attention_batch_135.pt
[2025-11-12 14:59:13,910][src.models.modules.semantic_id.tiger_generation_model][INFO] - [rank: 0] Saved cross attention to ./attention_weights/cross_attention_batch_135.pt
[2025-11-12 14:59:13,921][src.models.modules.semantic_id.tiger_generation_model][INFO] - [rank: 0] 当前batch的生成语义ID Embedding相似度矩阵:
[[ 1.00000000e+00  1.58784036e-02  1.12536438e-02  2.74142586e-02
   4.19084281e-02 -2.71113645e-02]
 [ 1.58784036e-02  1.00000000e+00 -8.22286587e-03 -7.70062720e-03
   1.62568167e-02 -2.93888915e-02]
 [ 1.12536438e-02 -8.22286587e-03  1.00000000e+00  5.74420169e-02
   8.92474316e-03 -1.31783625e-02]
 [ 2.74142586e-02 -7.70062720e-03  5.74420169e-02  1.00000000e+00
   1.02726258e-02 -6.35803677e-03]
 [ 4.19084281e-02  1.62568167e-02  8.92474316e-03  1.02726258e-02
   1.00000000e+00 -9.16103832e-04]
 [-2.71113645e-02 -2.93888915e-02 -1.31783625e-02 -6.35803677e-03
  -9.16103832e-04  9.99999881e-01]]
[2025-11-12 14:59:14,061][src.models.modules.semantic_id.tiger_generation_model][INFO] - [rank: 0] 当前batch的输入Item Hierarchy Embedding相似度矩阵:
[[ 9.99999940e-01 -2.38766181e-04  1.69156119e-02  4.78064222e-03
   1.30566796e-02 -1.99899226e-02]
 [-2.38766181e-04  9.99999940e-01  1.11090960e-02  1.31527726e-02
   5.90373715e-03 -1.17596202e-02]
 [ 1.69156119e-02  1.11090960e-02  9.99999940e-01  1.98489055e-02
   6.08348520e-03 -2.72714570e-02]
 [ 4.78064222e-03  1.31527726e-02  1.98489055e-02  9.99999940e-01
  -1.12399182e-04 -1.39266849e-02]
 [ 1.30566796e-02  5.90373715e-03  6.08348520e-03 -1.12399182e-04
   9.99999940e-01 -1.51323825e-02]
 [-1.99899226e-02 -1.17596202e-02 -2.72714570e-02 -1.39266849e-02
  -1.51323825e-02  9.99999881e-01]]
[2025-11-12 14:59:16,040][src.models.modules.semantic_id.tiger_generation_model][WARNING] - [rank: 0] Failed to stack cross attentions: stack expects each tensor to be equal size, but got [32, 6, 140] at entry 0 and [32, 6, 2, 140] at entry 1
[2025-11-12 14:59:16,041][src.models.modules.semantic_id.tiger_generation_model][WARNING] - [rank: 0]   Hierarchy 0 shape: torch.Size([32, 6, 140])
[2025-11-12 14:59:16,041][src.models.modules.semantic_id.tiger_generation_model][WARNING] - [rank: 0]   Hierarchy 1 shape: torch.Size([32, 6, 2, 140])
[2025-11-12 14:59:16,041][src.models.modules.semantic_id.tiger_generation_model][WARNING] - [rank: 0]   Hierarchy 2 shape: torch.Size([32, 6, 140])
[2025-11-12 14:59:16,041][src.models.modules.semantic_id.tiger_generation_model][WARNING] - [rank: 0]   Hierarchy 3 shape: torch.Size([32, 6, 140])
[2025-11-12 14:59:16,042][src.models.modules.semantic_id.tiger_generation_model][WARNING] - [rank: 0]   Hierarchy 4 shape: torch.Size([32, 6, 140])
[2025-11-12 14:59:16,042][src.models.modules.semantic_id.tiger_generation_model][WARNING] - [rank: 0]   Hierarchy 5 shape: torch.Size([32, 6, 140])
[2025-11-12 14:59:16,262][src.models.modules.semantic_id.tiger_generation_model][INFO] - [rank: 0] Saved decoder self-attention to ./attention_weights/decoder_self_attention_batch_136.pt
[2025-11-12 14:59:16,263][src.models.modules.semantic_id.tiger_generation_model][INFO] - [rank: 0] Saved encoder attention to ./attention_weights/encoder_attention_batch_136.pt
[2025-11-12 14:59:16,263][src.models.modules.semantic_id.tiger_generation_model][INFO] - [rank: 0] Saved cross attention to ./attention_weights/cross_attention_batch_136.pt
[2025-11-12 14:59:16,295][src.models.modules.semantic_id.tiger_generation_model][INFO] - [rank: 0] 当前batch的生成语义ID Embedding相似度矩阵:
[[ 1.         -0.00385335  0.01444693  0.0166358   0.02798779 -0.05683057]
 [-0.00385335  1.          0.00425027  0.00124529  0.00416998 -0.00878824]
 [ 0.01444693  0.00425027  1.          0.03879268 -0.00157925 -0.03212288]
 [ 0.0166358   0.00124529  0.03879268  1.         -0.00659725 -0.02116879]
 [ 0.02798779  0.00416998 -0.00157925 -0.00659725  1.         -0.01789845]
 [-0.05683057 -0.00878824 -0.03212288 -0.02116879 -0.01789845  0.9999999 ]]
[2025-11-12 14:59:16,511][src.models.modules.semantic_id.tiger_generation_model][INFO] - [rank: 0] 当前batch的输入Item Hierarchy Embedding相似度矩阵:
[[ 0.99999994  0.01242056  0.02218842  0.0119325   0.00763114 -0.01631352]
 [ 0.01242056  0.99999994  0.01907072  0.01619543  0.00222762 -0.00131584]
 [ 0.02218842  0.01907072  0.99999994  0.01448486  0.01207517 -0.01981394]
 [ 0.0119325   0.01619543  0.01448486  0.99999994  0.00409644 -0.00576892]
 [ 0.00763114  0.00222762  0.01207517  0.00409644  0.99999994 -0.01990576]
 [-0.01631352 -0.00131584 -0.01981394 -0.00576892 -0.01990576  0.9999999 ]]
[2025-11-12 14:59:17,781][src.models.modules.semantic_id.tiger_generation_model][WARNING] - [rank: 0] Failed to stack cross attentions: stack expects each tensor to be equal size, but got [32, 6, 140] at entry 0 and [32, 6, 2, 140] at entry 1
[2025-11-12 14:59:17,782][src.models.modules.semantic_id.tiger_generation_model][WARNING] - [rank: 0]   Hierarchy 0 shape: torch.Size([32, 6, 140])
[2025-11-12 14:59:17,782][src.models.modules.semantic_id.tiger_generation_model][WARNING] - [rank: 0]   Hierarchy 1 shape: torch.Size([32, 6, 2, 140])
[2025-11-12 14:59:17,782][src.models.modules.semantic_id.tiger_generation_model][WARNING] - [rank: 0]   Hierarchy 2 shape: torch.Size([32, 6, 140])
[2025-11-12 14:59:17,783][src.models.modules.semantic_id.tiger_generation_model][WARNING] - [rank: 0]   Hierarchy 3 shape: torch.Size([32, 6, 140])
[2025-11-12 14:59:17,783][src.models.modules.semantic_id.tiger_generation_model][WARNING] - [rank: 0]   Hierarchy 4 shape: torch.Size([32, 6, 140])
[2025-11-12 14:59:17,783][src.models.modules.semantic_id.tiger_generation_model][WARNING] - [rank: 0]   Hierarchy 5 shape: torch.Size([32, 6, 140])
[2025-11-12 14:59:18,109][src.models.modules.semantic_id.tiger_generation_model][INFO] - [rank: 0] Saved decoder self-attention to ./attention_weights/decoder_self_attention_batch_137.pt
[2025-11-12 14:59:18,129][src.models.modules.semantic_id.tiger_generation_model][INFO] - [rank: 0] Saved encoder attention to ./attention_weights/encoder_attention_batch_137.pt
[2025-11-12 14:59:18,129][src.models.modules.semantic_id.tiger_generation_model][INFO] - [rank: 0] Saved cross attention to ./attention_weights/cross_attention_batch_137.pt
[2025-11-12 14:59:18,135][src.models.modules.semantic_id.tiger_generation_model][INFO] - [rank: 0] 当前batch的生成语义ID Embedding相似度矩阵:
[[ 0.9999999   0.00518072  0.02213462 -0.00635628  0.01268617 -0.02275836]
 [ 0.00518072  0.99999994  0.02266693  0.00406151 -0.01520258 -0.00671399]
 [ 0.02213462  0.02266693  1.          0.03671755  0.0092711  -0.04143828]
 [-0.00635628  0.00406151  0.03671755  1.          0.0147212   0.00473466]
 [ 0.01268617 -0.01520258  0.0092711   0.0147212   1.         -0.01466398]
 [-0.02275836 -0.00671399 -0.04143828  0.00473466 -0.01466398  0.9999999 ]]
[2025-11-12 14:59:18,644][src.models.modules.semantic_id.tiger_generation_model][INFO] - [rank: 0] 当前batch的输入Item Hierarchy Embedding相似度矩阵:
[[ 1.          0.01654474  0.0175403  -0.00204196  0.01460429 -0.02421131]
 [ 0.01654474  1.          0.01201947  0.02061919  0.01117655 -0.0263178 ]
 [ 0.0175403   0.01201947  1.          0.02221205  0.00157387 -0.025885  ]
 [-0.00204196  0.02061919  0.02221205  1.          0.0085918  -0.00224157]
 [ 0.01460429  0.01117655  0.00157387  0.0085918   1.         -0.02221303]
 [-0.02421131 -0.0263178  -0.025885   -0.00224157 -0.02221303  1.        ]]
[2025-11-12 14:59:19,756][src.models.modules.semantic_id.tiger_generation_model][WARNING] - [rank: 0] Failed to stack cross attentions: stack expects each tensor to be equal size, but got [32, 6, 140] at entry 0 and [32, 6, 2, 140] at entry 1
[2025-11-12 14:59:19,756][src.models.modules.semantic_id.tiger_generation_model][WARNING] - [rank: 0]   Hierarchy 0 shape: torch.Size([32, 6, 140])
[2025-11-12 14:59:19,757][src.models.modules.semantic_id.tiger_generation_model][WARNING] - [rank: 0]   Hierarchy 1 shape: torch.Size([32, 6, 2, 140])
[2025-11-12 14:59:19,757][src.models.modules.semantic_id.tiger_generation_model][WARNING] - [rank: 0]   Hierarchy 2 shape: torch.Size([32, 6, 140])
[2025-11-12 14:59:19,757][src.models.modules.semantic_id.tiger_generation_model][WARNING] - [rank: 0]   Hierarchy 3 shape: torch.Size([32, 6, 140])
[2025-11-12 14:59:19,757][src.models.modules.semantic_id.tiger_generation_model][WARNING] - [rank: 0]   Hierarchy 4 shape: torch.Size([32, 6, 140])
[2025-11-12 14:59:19,758][src.models.modules.semantic_id.tiger_generation_model][WARNING] - [rank: 0]   Hierarchy 5 shape: torch.Size([32, 6, 140])
[2025-11-12 14:59:20,188][src.models.modules.semantic_id.tiger_generation_model][INFO] - [rank: 0] Saved decoder self-attention to ./attention_weights/decoder_self_attention_batch_138.pt
[2025-11-12 14:59:20,189][src.models.modules.semantic_id.tiger_generation_model][INFO] - [rank: 0] Saved encoder attention to ./attention_weights/encoder_attention_batch_138.pt
[2025-11-12 14:59:20,189][src.models.modules.semantic_id.tiger_generation_model][INFO] - [rank: 0] Saved cross attention to ./attention_weights/cross_attention_batch_138.pt
[2025-11-12 14:59:20,231][src.models.modules.semantic_id.tiger_generation_model][INFO] - [rank: 0] 当前batch的生成语义ID Embedding相似度矩阵:
[[ 1.0000000e+00 -8.2342681e-03  8.7283961e-03  1.1588138e-02
   8.9989416e-03 -1.3992550e-02]
 [-8.2342681e-03  1.0000000e+00  2.2971205e-02  3.0541647e-02
   1.1943696e-02 -8.6252979e-04]
 [ 8.7283961e-03  2.2971205e-02  9.9999994e-01 -8.0072759e-03
   3.6422249e-02 -6.6663297e-03]
 [ 1.1588138e-02  3.0541647e-02 -8.0072759e-03  1.0000000e+00
   2.6103139e-02 -7.8381831e-03]
 [ 8.9989416e-03  1.1943696e-02  3.6422249e-02  2.6103139e-02
   1.0000000e+00 -6.8548541e-03]
 [-1.3992550e-02 -8.6252979e-04 -6.6663297e-03 -7.8381831e-03
  -6.8548541e-03  9.9999988e-01]]
[2025-11-12 14:59:20,511][src.models.modules.semantic_id.tiger_generation_model][INFO] - [rank: 0] 当前batch的输入Item Hierarchy Embedding相似度矩阵:
[[ 1.0000000e+00  3.7848870e-03  2.2141535e-02  1.6830053e-02
  -4.1144486e-03 -1.2752225e-02]
 [ 3.7848870e-03  1.0000000e+00  1.6367815e-02  1.8330880e-02
   1.1633702e-03 -1.9598997e-03]
 [ 2.2141535e-02  1.6367815e-02  1.0000000e+00  2.3363048e-02
   9.6226074e-03 -2.7339987e-02]
 [ 1.6830053e-02  1.8330880e-02  2.3363048e-02  1.0000000e+00
   1.0771689e-02 -8.3322212e-04]
 [-4.1144486e-03  1.1633702e-03  9.6226074e-03  1.0771689e-02
   1.0000000e+00 -1.6351257e-02]
 [-1.2752225e-02 -1.9598997e-03 -2.7339987e-02 -8.3322212e-04
  -1.6351257e-02  1.0000000e+00]]
[2025-11-12 14:59:21,307][src.models.modules.semantic_id.tiger_generation_model][WARNING] - [rank: 0] Failed to stack cross attentions: stack expects each tensor to be equal size, but got [32, 6, 140] at entry 0 and [32, 6, 2, 140] at entry 1
[2025-11-12 14:59:21,308][src.models.modules.semantic_id.tiger_generation_model][WARNING] - [rank: 0]   Hierarchy 0 shape: torch.Size([32, 6, 140])
[2025-11-12 14:59:21,308][src.models.modules.semantic_id.tiger_generation_model][WARNING] - [rank: 0]   Hierarchy 1 shape: torch.Size([32, 6, 2, 140])
[2025-11-12 14:59:21,308][src.models.modules.semantic_id.tiger_generation_model][WARNING] - [rank: 0]   Hierarchy 2 shape: torch.Size([32, 6, 140])
[2025-11-12 14:59:21,308][src.models.modules.semantic_id.tiger_generation_model][WARNING] - [rank: 0]   Hierarchy 3 shape: torch.Size([32, 6, 140])
[2025-11-12 14:59:21,309][src.models.modules.semantic_id.tiger_generation_model][WARNING] - [rank: 0]   Hierarchy 4 shape: torch.Size([32, 6, 140])
[2025-11-12 14:59:21,309][src.models.modules.semantic_id.tiger_generation_model][WARNING] - [rank: 0]   Hierarchy 5 shape: torch.Size([32, 6, 140])
[2025-11-12 14:59:21,531][src.models.modules.semantic_id.tiger_generation_model][INFO] - [rank: 0] Saved decoder self-attention to ./attention_weights/decoder_self_attention_batch_139.pt
[2025-11-12 14:59:21,532][src.models.modules.semantic_id.tiger_generation_model][INFO] - [rank: 0] Saved encoder attention to ./attention_weights/encoder_attention_batch_139.pt
[2025-11-12 14:59:21,532][src.models.modules.semantic_id.tiger_generation_model][INFO] - [rank: 0] Saved cross attention to ./attention_weights/cross_attention_batch_139.pt
[2025-11-12 14:59:21,541][src.models.modules.semantic_id.tiger_generation_model][INFO] - [rank: 0] 当前batch的生成语义ID Embedding相似度矩阵:
[[ 1.          0.00446278  0.03887201  0.00953124  0.00527017 -0.03709212]
 [ 0.00446278  1.          0.00350226  0.00204619  0.01822701 -0.0153405 ]
 [ 0.03887201  0.00350226  1.          0.01260029  0.03941899  0.00200598]
 [ 0.00953124  0.00204619  0.01260029  1.         -0.01042684  0.00158701]
 [ 0.00527017  0.01822701  0.03941899 -0.01042684  1.         -0.00712005]
 [-0.03709212 -0.0153405   0.00200598  0.00158701 -0.00712005  0.9999999 ]]
[2025-11-12 14:59:22,068][src.models.modules.semantic_id.tiger_generation_model][INFO] - [rank: 0] 当前batch的输入Item Hierarchy Embedding相似度矩阵:
[[ 0.99999994  0.00702761  0.02187074  0.01584866  0.0040791  -0.03120842]
 [ 0.00702761  0.99999994  0.02141136  0.01961329  0.00781086 -0.01282053]
 [ 0.02187074  0.02141136  0.99999994  0.02453845  0.0021189  -0.02577074]
 [ 0.01584866  0.01961329  0.02453845  0.99999994  0.00653411  0.00546087]
 [ 0.0040791   0.00781086  0.0021189   0.00653411  0.99999994 -0.01646857]
 [-0.03120842 -0.01282053 -0.02577074  0.00546087 -0.01646857  0.9999999 ]]
[2025-11-12 14:59:23,664][src.models.modules.semantic_id.tiger_generation_model][WARNING] - [rank: 0] Failed to stack cross attentions: stack expects each tensor to be equal size, but got [32, 6, 140] at entry 0 and [32, 6, 2, 140] at entry 1
[2025-11-12 14:59:23,665][src.models.modules.semantic_id.tiger_generation_model][WARNING] - [rank: 0]   Hierarchy 0 shape: torch.Size([32, 6, 140])
[2025-11-12 14:59:23,665][src.models.modules.semantic_id.tiger_generation_model][WARNING] - [rank: 0]   Hierarchy 1 shape: torch.Size([32, 6, 2, 140])
[2025-11-12 14:59:23,665][src.models.modules.semantic_id.tiger_generation_model][WARNING] - [rank: 0]   Hierarchy 2 shape: torch.Size([32, 6, 140])
[2025-11-12 14:59:23,665][src.models.modules.semantic_id.tiger_generation_model][WARNING] - [rank: 0]   Hierarchy 3 shape: torch.Size([32, 6, 140])
[2025-11-12 14:59:23,666][src.models.modules.semantic_id.tiger_generation_model][WARNING] - [rank: 0]   Hierarchy 4 shape: torch.Size([32, 6, 140])
[2025-11-12 14:59:23,666][src.models.modules.semantic_id.tiger_generation_model][WARNING] - [rank: 0]   Hierarchy 5 shape: torch.Size([32, 6, 140])
[2025-11-12 14:59:24,224][src.models.modules.semantic_id.tiger_generation_model][INFO] - [rank: 0] Saved decoder self-attention to ./attention_weights/decoder_self_attention_batch_140.pt
[2025-11-12 14:59:24,224][src.models.modules.semantic_id.tiger_generation_model][INFO] - [rank: 0] Saved encoder attention to ./attention_weights/encoder_attention_batch_140.pt
[2025-11-12 14:59:24,224][src.models.modules.semantic_id.tiger_generation_model][INFO] - [rank: 0] Saved cross attention to ./attention_weights/cross_attention_batch_140.pt
[2025-11-12 14:59:24,230][src.models.modules.semantic_id.tiger_generation_model][INFO] - [rank: 0] 当前batch的生成语义ID Embedding相似度矩阵:
[[ 1.         -0.00227824  0.01454807  0.00498377  0.0249226  -0.02179074]
 [-0.00227824  1.          0.03835932  0.0258252   0.00430683 -0.01753974]
 [ 0.01454807  0.03835932  1.          0.02925644 -0.00995562 -0.01551261]
 [ 0.00498377  0.0258252   0.02925644  1.         -0.00326077 -0.0120576 ]
 [ 0.0249226   0.00430683 -0.00995562 -0.00326077  1.         -0.00965761]
 [-0.02179074 -0.01753974 -0.01551261 -0.0120576  -0.00965761  0.9999999 ]]
[2025-11-12 14:59:24,535][src.models.modules.semantic_id.tiger_generation_model][INFO] - [rank: 0] 当前batch的输入Item Hierarchy Embedding相似度矩阵:
[[ 1.          0.00937075  0.00555554  0.00548603  0.01142663 -0.02932417]
 [ 0.00937075  1.          0.02662745  0.01620482  0.00478    -0.01187881]
 [ 0.00555554  0.02662745  1.          0.02115664  0.00905208 -0.03457348]
 [ 0.00548603  0.01620482  0.02115664  1.          0.00891254 -0.00236571]
 [ 0.01142663  0.00478     0.00905208  0.00891254  1.         -0.00651217]
 [-0.02932417 -0.01187881 -0.03457348 -0.00236571 -0.00651217  0.99999994]]
[2025-11-12 14:59:25,918][src.models.modules.semantic_id.tiger_generation_model][WARNING] - [rank: 0] Failed to stack cross attentions: stack expects each tensor to be equal size, but got [32, 6, 140] at entry 0 and [32, 6, 2, 140] at entry 1
[2025-11-12 14:59:25,918][src.models.modules.semantic_id.tiger_generation_model][WARNING] - [rank: 0]   Hierarchy 0 shape: torch.Size([32, 6, 140])
[2025-11-12 14:59:25,919][src.models.modules.semantic_id.tiger_generation_model][WARNING] - [rank: 0]   Hierarchy 1 shape: torch.Size([32, 6, 2, 140])
[2025-11-12 14:59:25,919][src.models.modules.semantic_id.tiger_generation_model][WARNING] - [rank: 0]   Hierarchy 2 shape: torch.Size([32, 6, 140])
[2025-11-12 14:59:25,919][src.models.modules.semantic_id.tiger_generation_model][WARNING] - [rank: 0]   Hierarchy 3 shape: torch.Size([32, 6, 140])
[2025-11-12 14:59:25,919][src.models.modules.semantic_id.tiger_generation_model][WARNING] - [rank: 0]   Hierarchy 4 shape: torch.Size([32, 6, 140])
[2025-11-12 14:59:25,919][src.models.modules.semantic_id.tiger_generation_model][WARNING] - [rank: 0]   Hierarchy 5 shape: torch.Size([32, 6, 140])
[2025-11-12 14:59:26,368][src.models.modules.semantic_id.tiger_generation_model][INFO] - [rank: 0] Saved decoder self-attention to ./attention_weights/decoder_self_attention_batch_141.pt
[2025-11-12 14:59:26,368][src.models.modules.semantic_id.tiger_generation_model][INFO] - [rank: 0] Saved encoder attention to ./attention_weights/encoder_attention_batch_141.pt
[2025-11-12 14:59:26,369][src.models.modules.semantic_id.tiger_generation_model][INFO] - [rank: 0] Saved cross attention to ./attention_weights/cross_attention_batch_141.pt
[2025-11-12 14:59:26,374][src.models.modules.semantic_id.tiger_generation_model][INFO] - [rank: 0] 当前batch的生成语义ID Embedding相似度矩阵:
[[ 1.         -0.01141615 -0.00845747 -0.0130094   0.00797801 -0.06181721]
 [-0.01141615  1.          0.00517922  0.0270042  -0.00284532  0.00789049]
 [-0.00845747  0.00517922  1.          0.01781964  0.01686019 -0.04650275]
 [-0.0130094   0.0270042   0.01781964  1.          0.00325689 -0.01732648]
 [ 0.00797801 -0.00284532  0.01686019  0.00325689  1.         -0.02336797]
 [-0.06181721  0.00789049 -0.04650275 -0.01732648 -0.02336797  0.9999999 ]]
[2025-11-12 14:59:27,083][src.models.modules.semantic_id.tiger_generation_model][INFO] - [rank: 0] 当前batch的输入Item Hierarchy Embedding相似度矩阵:
[[ 1.0000000e+00  1.8247854e-03  2.1086648e-02  5.8929408e-03
   1.5623735e-02 -2.5912736e-02]
 [ 1.8247854e-03  1.0000000e+00  7.9278890e-03  1.3578016e-02
   8.9971430e-04 -1.0500981e-02]
 [ 2.1086648e-02  7.9278890e-03  1.0000000e+00  1.8932816e-02
   6.0951235e-03 -2.2333698e-02]
 [ 5.8929408e-03  1.3578016e-02  1.8932816e-02  1.0000000e+00
   9.2702582e-03 -8.7222233e-03]
 [ 1.5623735e-02  8.9971430e-04  6.0951235e-03  9.2702582e-03
   1.0000000e+00 -1.2742911e-02]
 [-2.5912736e-02 -1.0500981e-02 -2.2333698e-02 -8.7222233e-03
  -1.2742911e-02  9.9999994e-01]]
[2025-11-12 14:59:29,150][src.models.modules.semantic_id.tiger_generation_model][WARNING] - [rank: 0] Failed to stack cross attentions: stack expects each tensor to be equal size, but got [32, 6, 140] at entry 0 and [32, 6, 2, 140] at entry 1
[2025-11-12 14:59:29,150][src.models.modules.semantic_id.tiger_generation_model][WARNING] - [rank: 0]   Hierarchy 0 shape: torch.Size([32, 6, 140])
[2025-11-12 14:59:29,151][src.models.modules.semantic_id.tiger_generation_model][WARNING] - [rank: 0]   Hierarchy 1 shape: torch.Size([32, 6, 2, 140])
[2025-11-12 14:59:29,151][src.models.modules.semantic_id.tiger_generation_model][WARNING] - [rank: 0]   Hierarchy 2 shape: torch.Size([32, 6, 140])
[2025-11-12 14:59:29,151][src.models.modules.semantic_id.tiger_generation_model][WARNING] - [rank: 0]   Hierarchy 3 shape: torch.Size([32, 6, 140])
[2025-11-12 14:59:29,151][src.models.modules.semantic_id.tiger_generation_model][WARNING] - [rank: 0]   Hierarchy 4 shape: torch.Size([32, 6, 140])
[2025-11-12 14:59:29,151][src.models.modules.semantic_id.tiger_generation_model][WARNING] - [rank: 0]   Hierarchy 5 shape: torch.Size([32, 6, 140])
[2025-11-12 14:59:29,787][src.models.modules.semantic_id.tiger_generation_model][INFO] - [rank: 0] Saved decoder self-attention to ./attention_weights/decoder_self_attention_batch_142.pt
[2025-11-12 14:59:29,788][src.models.modules.semantic_id.tiger_generation_model][INFO] - [rank: 0] Saved encoder attention to ./attention_weights/encoder_attention_batch_142.pt
[2025-11-12 14:59:29,788][src.models.modules.semantic_id.tiger_generation_model][INFO] - [rank: 0] Saved cross attention to ./attention_weights/cross_attention_batch_142.pt
[2025-11-12 14:59:29,793][src.models.modules.semantic_id.tiger_generation_model][INFO] - [rank: 0] 当前batch的生成语义ID Embedding相似度矩阵:
[[ 1.          0.01972957  0.04947412 -0.0023613   0.01900231  0.00215487]
 [ 0.01972957  1.          0.02918213  0.02074661 -0.00861285 -0.00810047]
 [ 0.04947412  0.02918213  1.          0.05211123 -0.02071132 -0.02401606]
 [-0.0023613   0.02074661  0.05211123  1.         -0.00128154 -0.01750381]
 [ 0.01900231 -0.00861285 -0.02071132 -0.00128154  1.         -0.01835349]
 [ 0.00215487 -0.00810047 -0.02401606 -0.01750381 -0.01835349  0.9999999 ]]
[2025-11-12 14:59:29,925][src.models.modules.semantic_id.tiger_generation_model][INFO] - [rank: 0] 当前batch的输入Item Hierarchy Embedding相似度矩阵:
[[ 1.          0.01219227  0.01105665  0.0060587   0.00762063 -0.01152999]
 [ 0.01219227  1.          0.00343141  0.01171838  0.00929291 -0.00929772]
 [ 0.01105665  0.00343141  1.          0.01869132  0.00522344 -0.0241605 ]
 [ 0.0060587   0.01171838  0.01869132  1.         -0.00640912 -0.00474228]
 [ 0.00762063  0.00929291  0.00522344 -0.00640912  1.         -0.01913743]
 [-0.01152999 -0.00929772 -0.0241605  -0.00474228 -0.01913743  0.99999976]]
[2025-11-12 14:59:31,358][src.models.modules.semantic_id.tiger_generation_model][WARNING] - [rank: 0] Failed to stack cross attentions: stack expects each tensor to be equal size, but got [32, 6, 140] at entry 0 and [32, 6, 2, 140] at entry 1
[2025-11-12 14:59:31,359][src.models.modules.semantic_id.tiger_generation_model][WARNING] - [rank: 0]   Hierarchy 0 shape: torch.Size([32, 6, 140])
[2025-11-12 14:59:31,359][src.models.modules.semantic_id.tiger_generation_model][WARNING] - [rank: 0]   Hierarchy 1 shape: torch.Size([32, 6, 2, 140])
[2025-11-12 14:59:31,359][src.models.modules.semantic_id.tiger_generation_model][WARNING] - [rank: 0]   Hierarchy 2 shape: torch.Size([32, 6, 140])
[2025-11-12 14:59:31,359][src.models.modules.semantic_id.tiger_generation_model][WARNING] - [rank: 0]   Hierarchy 3 shape: torch.Size([32, 6, 140])
[2025-11-12 14:59:31,359][src.models.modules.semantic_id.tiger_generation_model][WARNING] - [rank: 0]   Hierarchy 4 shape: torch.Size([32, 6, 140])
[2025-11-12 14:59:31,360][src.models.modules.semantic_id.tiger_generation_model][WARNING] - [rank: 0]   Hierarchy 5 shape: torch.Size([32, 6, 140])
[2025-11-12 14:59:31,678][src.models.modules.semantic_id.tiger_generation_model][INFO] - [rank: 0] Saved decoder self-attention to ./attention_weights/decoder_self_attention_batch_143.pt
[2025-11-12 14:59:31,679][src.models.modules.semantic_id.tiger_generation_model][INFO] - [rank: 0] Saved encoder attention to ./attention_weights/encoder_attention_batch_143.pt
[2025-11-12 14:59:31,679][src.models.modules.semantic_id.tiger_generation_model][INFO] - [rank: 0] Saved cross attention to ./attention_weights/cross_attention_batch_143.pt
[2025-11-12 14:59:31,685][src.models.modules.semantic_id.tiger_generation_model][INFO] - [rank: 0] 当前batch的生成语义ID Embedding相似度矩阵:
[[ 1.         -0.0241378   0.02722161  0.0055105   0.00715008 -0.04041206]
 [-0.0241378   1.          0.01631428  0.05109849  0.00313048  0.01430447]
 [ 0.02722161  0.01631428  1.         -0.01102371 -0.00944164 -0.02148364]
 [ 0.0055105   0.05109849 -0.01102371  1.          0.0276757  -0.0281721 ]
 [ 0.00715008  0.00313048 -0.00944164  0.0276757   1.         -0.00336061]
 [-0.04041206  0.01430447 -0.02148364 -0.0281721  -0.00336061  0.9999999 ]]
[2025-11-12 14:59:32,061][src.models.modules.semantic_id.tiger_generation_model][INFO] - [rank: 0] 当前batch的输入Item Hierarchy Embedding相似度矩阵:
[[ 1.         -0.00102053 -0.00861136  0.00883956  0.00268104 -0.01943609]
 [-0.00102053  1.          0.01392548  0.00774431 -0.00220095 -0.01893812]
 [-0.00861136  0.01392548  1.          0.02376514  0.00813967 -0.02945687]
 [ 0.00883956  0.00774431  0.02376514  1.          0.01839918  0.00220261]
 [ 0.00268104 -0.00220095  0.00813967  0.01839918  1.         -0.00731722]
 [-0.01943609 -0.01893812 -0.02945687  0.00220261 -0.00731722  0.99999994]]
[2025-11-12 14:59:33,238][src.models.modules.semantic_id.tiger_generation_model][WARNING] - [rank: 0] Failed to stack cross attentions: stack expects each tensor to be equal size, but got [32, 6, 140] at entry 0 and [32, 6, 2, 140] at entry 1
[2025-11-12 14:59:33,238][src.models.modules.semantic_id.tiger_generation_model][WARNING] - [rank: 0]   Hierarchy 0 shape: torch.Size([32, 6, 140])
[2025-11-12 14:59:33,239][src.models.modules.semantic_id.tiger_generation_model][WARNING] - [rank: 0]   Hierarchy 1 shape: torch.Size([32, 6, 2, 140])
[2025-11-12 14:59:33,239][src.models.modules.semantic_id.tiger_generation_model][WARNING] - [rank: 0]   Hierarchy 2 shape: torch.Size([32, 6, 140])
[2025-11-12 14:59:33,239][src.models.modules.semantic_id.tiger_generation_model][WARNING] - [rank: 0]   Hierarchy 3 shape: torch.Size([32, 6, 140])
[2025-11-12 14:59:33,239][src.models.modules.semantic_id.tiger_generation_model][WARNING] - [rank: 0]   Hierarchy 4 shape: torch.Size([32, 6, 140])
[2025-11-12 14:59:33,239][src.models.modules.semantic_id.tiger_generation_model][WARNING] - [rank: 0]   Hierarchy 5 shape: torch.Size([32, 6, 140])
[2025-11-12 14:59:33,401][src.models.modules.semantic_id.tiger_generation_model][INFO] - [rank: 0] Saved decoder self-attention to ./attention_weights/decoder_self_attention_batch_144.pt
[2025-11-12 14:59:33,401][src.models.modules.semantic_id.tiger_generation_model][INFO] - [rank: 0] Saved encoder attention to ./attention_weights/encoder_attention_batch_144.pt
[2025-11-12 14:59:33,401][src.models.modules.semantic_id.tiger_generation_model][INFO] - [rank: 0] Saved cross attention to ./attention_weights/cross_attention_batch_144.pt
[2025-11-12 14:59:33,407][src.models.modules.semantic_id.tiger_generation_model][INFO] - [rank: 0] 当前batch的生成语义ID Embedding相似度矩阵:
[[ 1.          0.0178428   0.02515876  0.01058173  0.00536409 -0.04971354]
 [ 0.0178428   1.          0.03875678  0.00866554  0.01773378 -0.02972967]
 [ 0.02515876  0.03875678  1.          0.02931908  0.01089223 -0.01854198]
 [ 0.01058173  0.00866554  0.02931908  1.          0.00821829  0.02268614]
 [ 0.00536409  0.01773378  0.01089223  0.00821829  1.         -0.01305608]
 [-0.04971354 -0.02972967 -0.01854198  0.02268614 -0.01305608  0.9999999 ]]
[2025-11-12 14:59:33,600][src.models.modules.semantic_id.tiger_generation_model][INFO] - [rank: 0] 当前batch的输入Item Hierarchy Embedding相似度矩阵:
[[ 9.99999940e-01  4.67189634e-03  2.01175418e-02  3.71547911e-04
   6.20402768e-03 -1.52918966e-02]
 [ 4.67189634e-03  9.99999940e-01  2.46374384e-02  1.25333145e-02
  -6.73968485e-03 -2.32662559e-02]
 [ 2.01175418e-02  2.46374384e-02  9.99999940e-01  3.14272493e-02
   1.51456811e-03 -2.45644450e-02]
 [ 3.71547911e-04  1.25333145e-02  3.14272493e-02  9.99999940e-01
   1.23523623e-02 -2.09780014e-03]
 [ 6.20402768e-03 -6.73968485e-03  1.51456811e-03  1.23523623e-02
   9.99999940e-01 -1.62638165e-02]
 [-1.52918966e-02 -2.32662559e-02 -2.45644450e-02 -2.09780014e-03
  -1.62638165e-02  9.99999881e-01]]
[2025-11-12 14:59:34,325][src.models.modules.semantic_id.tiger_generation_model][WARNING] - [rank: 0] Failed to stack cross attentions: stack expects each tensor to be equal size, but got [32, 6, 140] at entry 0 and [32, 6, 2, 140] at entry 1
[2025-11-12 14:59:34,326][src.models.modules.semantic_id.tiger_generation_model][WARNING] - [rank: 0]   Hierarchy 0 shape: torch.Size([32, 6, 140])
[2025-11-12 14:59:34,326][src.models.modules.semantic_id.tiger_generation_model][WARNING] - [rank: 0]   Hierarchy 1 shape: torch.Size([32, 6, 2, 140])
[2025-11-12 14:59:34,326][src.models.modules.semantic_id.tiger_generation_model][WARNING] - [rank: 0]   Hierarchy 2 shape: torch.Size([32, 6, 140])
[2025-11-12 14:59:34,327][src.models.modules.semantic_id.tiger_generation_model][WARNING] - [rank: 0]   Hierarchy 3 shape: torch.Size([32, 6, 140])
[2025-11-12 14:59:34,327][src.models.modules.semantic_id.tiger_generation_model][WARNING] - [rank: 0]   Hierarchy 4 shape: torch.Size([32, 6, 140])
[2025-11-12 14:59:34,327][src.models.modules.semantic_id.tiger_generation_model][WARNING] - [rank: 0]   Hierarchy 5 shape: torch.Size([32, 6, 140])
[2025-11-12 14:59:34,638][src.models.modules.semantic_id.tiger_generation_model][INFO] - [rank: 0] Saved decoder self-attention to ./attention_weights/decoder_self_attention_batch_145.pt
[2025-11-12 14:59:34,639][src.models.modules.semantic_id.tiger_generation_model][INFO] - [rank: 0] Saved encoder attention to ./attention_weights/encoder_attention_batch_145.pt
[2025-11-12 14:59:34,639][src.models.modules.semantic_id.tiger_generation_model][INFO] - [rank: 0] Saved cross attention to ./attention_weights/cross_attention_batch_145.pt
[2025-11-12 14:59:34,647][src.models.modules.semantic_id.tiger_generation_model][INFO] - [rank: 0] 当前batch的生成语义ID Embedding相似度矩阵:
[[ 1.          0.01276919  0.01439779  0.01812055 -0.01084161 -0.01414996]
 [ 0.01276919  1.          0.02494875  0.03141741 -0.00934066 -0.00391881]
 [ 0.01439779  0.02494875  1.          0.01316231 -0.00133008 -0.02821832]
 [ 0.01812055  0.03141741  0.01316231  1.          0.00763686 -0.00755763]
 [-0.01084161 -0.00934066 -0.00133008  0.00763686  1.         -0.02600403]
 [-0.01414996 -0.00391881 -0.02821832 -0.00755763 -0.02600403  0.9999999 ]]
[2025-11-12 14:59:34,789][src.models.modules.semantic_id.tiger_generation_model][INFO] - [rank: 0] 当前batch的输入Item Hierarchy Embedding相似度矩阵:
[[ 1.0000000e+00  1.4276965e-02  1.8110916e-02  1.7486190e-02
   1.0428336e-02 -1.8628215e-02]
 [ 1.4276965e-02  1.0000000e+00  8.7108957e-03  2.0444419e-02
   1.1540513e-02 -1.6913040e-02]
 [ 1.8110916e-02  8.7108957e-03  1.0000000e+00  1.4315137e-02
  -9.5964817e-05 -2.3456009e-02]
 [ 1.7486190e-02  2.0444419e-02  1.4315137e-02  1.0000000e+00
  -8.9736199e-03 -1.4237780e-02]
 [ 1.0428336e-02  1.1540513e-02 -9.5964817e-05 -8.9736199e-03
   1.0000000e+00 -2.3729861e-02]
 [-1.8628215e-02 -1.6913040e-02 -2.3456009e-02 -1.4237780e-02
  -2.3729861e-02  9.9999994e-01]]
[2025-11-12 14:59:35,717][src.models.modules.semantic_id.tiger_generation_model][WARNING] - [rank: 0] Failed to stack cross attentions: stack expects each tensor to be equal size, but got [32, 6, 140] at entry 0 and [32, 6, 2, 140] at entry 1
[2025-11-12 14:59:35,718][src.models.modules.semantic_id.tiger_generation_model][WARNING] - [rank: 0]   Hierarchy 0 shape: torch.Size([32, 6, 140])
[2025-11-12 14:59:35,718][src.models.modules.semantic_id.tiger_generation_model][WARNING] - [rank: 0]   Hierarchy 1 shape: torch.Size([32, 6, 2, 140])
[2025-11-12 14:59:35,718][src.models.modules.semantic_id.tiger_generation_model][WARNING] - [rank: 0]   Hierarchy 2 shape: torch.Size([32, 6, 140])
[2025-11-12 14:59:35,718][src.models.modules.semantic_id.tiger_generation_model][WARNING] - [rank: 0]   Hierarchy 3 shape: torch.Size([32, 6, 140])
[2025-11-12 14:59:35,719][src.models.modules.semantic_id.tiger_generation_model][WARNING] - [rank: 0]   Hierarchy 4 shape: torch.Size([32, 6, 140])
[2025-11-12 14:59:35,719][src.models.modules.semantic_id.tiger_generation_model][WARNING] - [rank: 0]   Hierarchy 5 shape: torch.Size([32, 6, 140])
[2025-11-12 14:59:36,013][src.models.modules.semantic_id.tiger_generation_model][INFO] - [rank: 0] Saved decoder self-attention to ./attention_weights/decoder_self_attention_batch_146.pt
[2025-11-12 14:59:36,013][src.models.modules.semantic_id.tiger_generation_model][INFO] - [rank: 0] Saved encoder attention to ./attention_weights/encoder_attention_batch_146.pt
[2025-11-12 14:59:36,014][src.models.modules.semantic_id.tiger_generation_model][INFO] - [rank: 0] Saved cross attention to ./attention_weights/cross_attention_batch_146.pt
[2025-11-12 14:59:36,020][src.models.modules.semantic_id.tiger_generation_model][INFO] - [rank: 0] 当前batch的生成语义ID Embedding相似度矩阵:
[[ 1.0000000e+00  1.1918489e-02  2.2240549e-02  1.7895112e-03
   2.9699188e-02 -1.9924913e-02]
 [ 1.1918489e-02  1.0000000e+00  1.0352094e-02  7.5364741e-04
  -3.9374508e-02 -2.7471526e-02]
 [ 2.2240549e-02  1.0352094e-02  1.0000000e+00  2.1866735e-02
   5.1569957e-03 -3.7526347e-02]
 [ 1.7895112e-03  7.5364741e-04  2.1866735e-02  1.0000000e+00
   1.2367836e-02 -2.2213075e-02]
 [ 2.9699188e-02 -3.9374508e-02  5.1569957e-03  1.2367836e-02
   1.0000000e+00 -1.6338658e-03]
 [-1.9924913e-02 -2.7471526e-02 -3.7526347e-02 -2.2213075e-02
  -1.6338658e-03  9.9999988e-01]]
[2025-11-12 14:59:36,136][src.models.modules.semantic_id.tiger_generation_model][INFO] - [rank: 0] 当前batch的输入Item Hierarchy Embedding相似度矩阵:
[[ 1.         -0.00380992  0.01869213  0.00481697  0.02140581 -0.01944225]
 [-0.00380992  1.          0.01218217  0.01203338  0.01035891 -0.01533252]
 [ 0.01869213  0.01218217  1.          0.02725305  0.00468559 -0.02267101]
 [ 0.00481697  0.01203338  0.02725305  1.          0.00539717 -0.00797503]
 [ 0.02140581  0.01035891  0.00468559  0.00539717  1.         -0.01458845]
 [-0.01944225 -0.01533252 -0.02267101 -0.00797503 -0.01458845  1.        ]]
[2025-11-12 14:59:36,681][src.models.modules.semantic_id.tiger_generation_model][WARNING] - [rank: 0] Failed to stack cross attentions: stack expects each tensor to be equal size, but got [32, 6, 140] at entry 0 and [32, 6, 2, 140] at entry 1
[2025-11-12 14:59:36,681][src.models.modules.semantic_id.tiger_generation_model][WARNING] - [rank: 0]   Hierarchy 0 shape: torch.Size([32, 6, 140])
[2025-11-12 14:59:36,681][src.models.modules.semantic_id.tiger_generation_model][WARNING] - [rank: 0]   Hierarchy 1 shape: torch.Size([32, 6, 2, 140])
[2025-11-12 14:59:36,682][src.models.modules.semantic_id.tiger_generation_model][WARNING] - [rank: 0]   Hierarchy 2 shape: torch.Size([32, 6, 140])
[2025-11-12 14:59:36,682][src.models.modules.semantic_id.tiger_generation_model][WARNING] - [rank: 0]   Hierarchy 3 shape: torch.Size([32, 6, 140])
[2025-11-12 14:59:36,682][src.models.modules.semantic_id.tiger_generation_model][WARNING] - [rank: 0]   Hierarchy 4 shape: torch.Size([32, 6, 140])
[2025-11-12 14:59:36,682][src.models.modules.semantic_id.tiger_generation_model][WARNING] - [rank: 0]   Hierarchy 5 shape: torch.Size([32, 6, 140])
[2025-11-12 14:59:36,902][src.models.modules.semantic_id.tiger_generation_model][INFO] - [rank: 0] Saved decoder self-attention to ./attention_weights/decoder_self_attention_batch_147.pt
[2025-11-12 14:59:36,903][src.models.modules.semantic_id.tiger_generation_model][INFO] - [rank: 0] Saved encoder attention to ./attention_weights/encoder_attention_batch_147.pt
[2025-11-12 14:59:36,904][src.models.modules.semantic_id.tiger_generation_model][INFO] - [rank: 0] Saved cross attention to ./attention_weights/cross_attention_batch_147.pt
[2025-11-12 14:59:36,909][src.models.modules.semantic_id.tiger_generation_model][INFO] - [rank: 0] 当前batch的生成语义ID Embedding相似度矩阵:
[[ 0.9999999   0.01478633  0.00580003  0.00128722 -0.01416701 -0.0081951 ]
 [ 0.01478633  1.          0.02436198  0.00424381 -0.00251535 -0.02511057]
 [ 0.00580003  0.02436198  1.          0.03909851 -0.01856915 -0.01223176]
 [ 0.00128722  0.00424381  0.03909851  1.         -0.01158152  0.0012688 ]
 [-0.01416701 -0.00251535 -0.01856915 -0.01158152  1.         -0.03691285]
 [-0.0081951  -0.02511057 -0.01223176  0.0012688  -0.03691285  0.9999999 ]]
[2025-11-12 14:59:37,008][src.models.modules.semantic_id.tiger_generation_model][INFO] - [rank: 0] 当前batch的输入Item Hierarchy Embedding相似度矩阵:
[[ 1.          0.00425466  0.02239087  0.00353176 -0.00203028 -0.01266864]
 [ 0.00425466  1.          0.00946653  0.02335006  0.00522771 -0.01270998]
 [ 0.02239087  0.00946653  1.          0.02439288 -0.00788458 -0.01909114]
 [ 0.00353176  0.02335006  0.02439288  1.          0.00909761 -0.0150972 ]
 [-0.00203028  0.00522771 -0.00788458  0.00909761  1.         -0.00747048]
 [-0.01266864 -0.01270998 -0.01909114 -0.0150972  -0.00747048  1.        ]]
[2025-11-12 14:59:37,880][src.models.modules.semantic_id.tiger_generation_model][WARNING] - [rank: 0] Failed to stack cross attentions: stack expects each tensor to be equal size, but got [32, 6, 140] at entry 0 and [32, 6, 2, 140] at entry 1
[2025-11-12 14:59:37,880][src.models.modules.semantic_id.tiger_generation_model][WARNING] - [rank: 0]   Hierarchy 0 shape: torch.Size([32, 6, 140])
[2025-11-12 14:59:37,881][src.models.modules.semantic_id.tiger_generation_model][WARNING] - [rank: 0]   Hierarchy 1 shape: torch.Size([32, 6, 2, 140])
[2025-11-12 14:59:37,881][src.models.modules.semantic_id.tiger_generation_model][WARNING] - [rank: 0]   Hierarchy 2 shape: torch.Size([32, 6, 140])
[2025-11-12 14:59:37,881][src.models.modules.semantic_id.tiger_generation_model][WARNING] - [rank: 0]   Hierarchy 3 shape: torch.Size([32, 6, 140])
[2025-11-12 14:59:37,881][src.models.modules.semantic_id.tiger_generation_model][WARNING] - [rank: 0]   Hierarchy 4 shape: torch.Size([32, 6, 140])
[2025-11-12 14:59:37,881][src.models.modules.semantic_id.tiger_generation_model][WARNING] - [rank: 0]   Hierarchy 5 shape: torch.Size([32, 6, 140])
[2025-11-12 14:59:38,385][src.models.modules.semantic_id.tiger_generation_model][INFO] - [rank: 0] Saved decoder self-attention to ./attention_weights/decoder_self_attention_batch_148.pt
[2025-11-12 14:59:38,386][src.models.modules.semantic_id.tiger_generation_model][INFO] - [rank: 0] Saved encoder attention to ./attention_weights/encoder_attention_batch_148.pt
[2025-11-12 14:59:38,386][src.models.modules.semantic_id.tiger_generation_model][INFO] - [rank: 0] Saved cross attention to ./attention_weights/cross_attention_batch_148.pt
[2025-11-12 14:59:38,391][src.models.modules.semantic_id.tiger_generation_model][INFO] - [rank: 0] 当前batch的生成语义ID Embedding相似度矩阵:
[[ 1.          0.0446541  -0.01950693  0.00863244  0.03531568 -0.02742562]
 [ 0.0446541   0.99999994  0.00713092  0.01493162  0.00306716 -0.01611426]
 [-0.01950693  0.00713092  1.         -0.00177477 -0.01119689 -0.02744474]
 [ 0.00863244  0.01493162 -0.00177477  1.          0.00102545 -0.0206084 ]
 [ 0.03531568  0.00306716 -0.01119689  0.00102545  1.         -0.03002848]
 [-0.02742562 -0.01611426 -0.02744474 -0.0206084  -0.03002848  0.9999999 ]]
[2025-11-12 14:59:38,867][src.models.modules.semantic_id.tiger_generation_model][INFO] - [rank: 0] 当前batch的输入Item Hierarchy Embedding相似度矩阵:
[[ 1.          0.00581038  0.00829154  0.01249924  0.0236168  -0.01419913]
 [ 0.00581038  1.          0.00713987  0.01941262  0.01274548 -0.02202188]
 [ 0.00829154  0.00713987  1.          0.0219316  -0.00633145 -0.02471473]
 [ 0.01249924  0.01941262  0.0219316   1.          0.00736908 -0.0074494 ]
 [ 0.0236168   0.01274548 -0.00633145  0.00736908  1.         -0.00931547]
 [-0.01419913 -0.02202188 -0.02471473 -0.0074494  -0.00931547  1.        ]]
[2025-11-12 14:59:40,320][src.models.modules.semantic_id.tiger_generation_model][WARNING] - [rank: 0] Failed to stack cross attentions: stack expects each tensor to be equal size, but got [32, 6, 140] at entry 0 and [32, 6, 2, 140] at entry 1
[2025-11-12 14:59:40,321][src.models.modules.semantic_id.tiger_generation_model][WARNING] - [rank: 0]   Hierarchy 0 shape: torch.Size([32, 6, 140])
[2025-11-12 14:59:40,321][src.models.modules.semantic_id.tiger_generation_model][WARNING] - [rank: 0]   Hierarchy 1 shape: torch.Size([32, 6, 2, 140])
[2025-11-12 14:59:40,321][src.models.modules.semantic_id.tiger_generation_model][WARNING] - [rank: 0]   Hierarchy 2 shape: torch.Size([32, 6, 140])
[2025-11-12 14:59:40,321][src.models.modules.semantic_id.tiger_generation_model][WARNING] - [rank: 0]   Hierarchy 3 shape: torch.Size([32, 6, 140])
[2025-11-12 14:59:40,321][src.models.modules.semantic_id.tiger_generation_model][WARNING] - [rank: 0]   Hierarchy 4 shape: torch.Size([32, 6, 140])
[2025-11-12 14:59:40,322][src.models.modules.semantic_id.tiger_generation_model][WARNING] - [rank: 0]   Hierarchy 5 shape: torch.Size([32, 6, 140])
[2025-11-12 14:59:40,666][src.models.modules.semantic_id.tiger_generation_model][INFO] - [rank: 0] Saved decoder self-attention to ./attention_weights/decoder_self_attention_batch_149.pt
[2025-11-12 14:59:40,679][src.models.modules.semantic_id.tiger_generation_model][INFO] - [rank: 0] Saved encoder attention to ./attention_weights/encoder_attention_batch_149.pt
[2025-11-12 14:59:40,679][src.models.modules.semantic_id.tiger_generation_model][INFO] - [rank: 0] Saved cross attention to ./attention_weights/cross_attention_batch_149.pt
[2025-11-12 14:59:40,687][src.models.modules.semantic_id.tiger_generation_model][INFO] - [rank: 0] 当前batch的生成语义ID Embedding相似度矩阵:
[[ 1.0000000e+00 -3.4378902e-03  1.4500588e-04  4.1884068e-02
   1.7885160e-02 -1.2294235e-02]
 [-3.4378902e-03  1.0000000e+00  5.9421225e-03 -6.2615573e-03
  -2.8628752e-02 -3.4037296e-02]
 [ 1.4500588e-04  5.9421225e-03  1.0000000e+00  9.8589957e-03
   2.0073451e-02 -2.9519074e-02]
 [ 4.1884068e-02 -6.2615573e-03  9.8589957e-03  1.0000000e+00
  -3.7264980e-03 -3.1820741e-03]
 [ 1.7885160e-02 -2.8628752e-02  2.0073451e-02 -3.7264980e-03
   1.0000000e+00  4.4816360e-03]
 [-1.2294235e-02 -3.4037296e-02 -2.9519074e-02 -3.1820741e-03
   4.4816360e-03  9.9999988e-01]]
[2025-11-12 14:59:40,838][src.models.modules.semantic_id.tiger_generation_model][INFO] - [rank: 0] 当前batch的输入Item Hierarchy Embedding相似度矩阵:
[[ 9.9999994e-01 -5.3239084e-04  1.5412293e-02  1.6069571e-03
   1.4065164e-02 -1.3766182e-02]
 [-5.3239084e-04  9.9999994e-01  9.6162828e-03  1.6416786e-02
   6.5355068e-03 -1.9976847e-02]
 [ 1.5412293e-02  9.6162828e-03  9.9999994e-01  1.9114643e-02
  -1.3483267e-03 -2.6441401e-02]
 [ 1.6069571e-03  1.6416786e-02  1.9114643e-02  9.9999994e-01
   2.7125392e-03 -5.5769989e-03]
 [ 1.4065164e-02  6.5355068e-03 -1.3483267e-03  2.7125392e-03
   9.9999994e-01 -8.7025017e-03]
 [-1.3766182e-02 -1.9976847e-02 -2.6441401e-02 -5.5769989e-03
  -8.7025017e-03  9.9999988e-01]]
[2025-11-12 14:59:41,615][src.models.modules.semantic_id.tiger_generation_model][WARNING] - [rank: 0] Failed to stack cross attentions: stack expects each tensor to be equal size, but got [32, 6, 140] at entry 0 and [32, 6, 2, 140] at entry 1
[2025-11-12 14:59:41,615][src.models.modules.semantic_id.tiger_generation_model][WARNING] - [rank: 0]   Hierarchy 0 shape: torch.Size([32, 6, 140])
[2025-11-12 14:59:41,616][src.models.modules.semantic_id.tiger_generation_model][WARNING] - [rank: 0]   Hierarchy 1 shape: torch.Size([32, 6, 2, 140])
[2025-11-12 14:59:41,616][src.models.modules.semantic_id.tiger_generation_model][WARNING] - [rank: 0]   Hierarchy 2 shape: torch.Size([32, 6, 140])
[2025-11-12 14:59:41,616][src.models.modules.semantic_id.tiger_generation_model][WARNING] - [rank: 0]   Hierarchy 3 shape: torch.Size([32, 6, 140])
[2025-11-12 14:59:41,616][src.models.modules.semantic_id.tiger_generation_model][WARNING] - [rank: 0]   Hierarchy 4 shape: torch.Size([32, 6, 140])
[2025-11-12 14:59:41,616][src.models.modules.semantic_id.tiger_generation_model][WARNING] - [rank: 0]   Hierarchy 5 shape: torch.Size([32, 6, 140])
[2025-11-12 14:59:41,905][src.models.modules.semantic_id.tiger_generation_model][INFO] - [rank: 0] Saved decoder self-attention to ./attention_weights/decoder_self_attention_batch_150.pt
[2025-11-12 14:59:41,905][src.models.modules.semantic_id.tiger_generation_model][INFO] - [rank: 0] Saved encoder attention to ./attention_weights/encoder_attention_batch_150.pt
[2025-11-12 14:59:41,906][src.models.modules.semantic_id.tiger_generation_model][INFO] - [rank: 0] Saved cross attention to ./attention_weights/cross_attention_batch_150.pt
[2025-11-12 14:59:41,911][src.models.modules.semantic_id.tiger_generation_model][INFO] - [rank: 0] 当前batch的生成语义ID Embedding相似度矩阵:
[[ 1.0000000e+00  2.1512620e-02  3.3515650e-03 -6.4628217e-03
   3.0479077e-02 -2.0552367e-02]
 [ 2.1512620e-02  1.0000000e+00 -2.8036134e-03  3.8756832e-02
  -3.4820866e-03  7.4988520e-03]
 [ 3.3515650e-03 -2.8036134e-03  1.0000000e+00  4.0247258e-02
  -1.9211717e-02 -2.1175188e-03]
 [-6.4628217e-03  3.8756832e-02  4.0247258e-02  1.0000000e+00
   9.8022511e-03  5.5213319e-04]
 [ 3.0479077e-02 -3.4820866e-03 -1.9211717e-02  9.8022511e-03
   1.0000000e+00  8.3739767e-03]
 [-2.0552367e-02  7.4988520e-03 -2.1175188e-03  5.5213319e-04
   8.3739767e-03  9.9999988e-01]]
[2025-11-12 14:59:42,271][src.models.modules.semantic_id.tiger_generation_model][INFO] - [rank: 0] 当前batch的输入Item Hierarchy Embedding相似度矩阵:
[[ 1.00000000e+00  5.44421561e-03  2.70863101e-02  8.06314405e-03
   1.35337273e-02 -1.12585612e-02]
 [ 5.44421561e-03  1.00000000e+00  5.60711976e-03  1.57111119e-02
   2.62097712e-03 -1.01644006e-02]
 [ 2.70863101e-02  5.60711976e-03  1.00000000e+00  1.31610595e-02
   6.52872026e-03 -2.70876270e-02]
 [ 8.06314405e-03  1.57111119e-02  1.31610595e-02  1.00000000e+00
   7.38201081e-04 -6.18935283e-03]
 [ 1.35337273e-02  2.62097712e-03  6.52872026e-03  7.38201081e-04
   1.00000000e+00 -9.90318414e-03]
 [-1.12585612e-02 -1.01644006e-02 -2.70876270e-02 -6.18935283e-03
  -9.90318414e-03  9.99999940e-01]]
[2025-11-12 14:59:44,394][src.models.modules.semantic_id.tiger_generation_model][WARNING] - [rank: 0] Failed to stack cross attentions: stack expects each tensor to be equal size, but got [32, 6, 140] at entry 0 and [32, 6, 2, 140] at entry 1
[2025-11-12 14:59:44,395][src.models.modules.semantic_id.tiger_generation_model][WARNING] - [rank: 0]   Hierarchy 0 shape: torch.Size([32, 6, 140])
[2025-11-12 14:59:44,395][src.models.modules.semantic_id.tiger_generation_model][WARNING] - [rank: 0]   Hierarchy 1 shape: torch.Size([32, 6, 2, 140])
[2025-11-12 14:59:44,395][src.models.modules.semantic_id.tiger_generation_model][WARNING] - [rank: 0]   Hierarchy 2 shape: torch.Size([32, 6, 140])
[2025-11-12 14:59:44,395][src.models.modules.semantic_id.tiger_generation_model][WARNING] - [rank: 0]   Hierarchy 3 shape: torch.Size([32, 6, 140])
[2025-11-12 14:59:44,396][src.models.modules.semantic_id.tiger_generation_model][WARNING] - [rank: 0]   Hierarchy 4 shape: torch.Size([32, 6, 140])
[2025-11-12 14:59:44,396][src.models.modules.semantic_id.tiger_generation_model][WARNING] - [rank: 0]   Hierarchy 5 shape: torch.Size([32, 6, 140])
[2025-11-12 14:59:44,883][src.models.modules.semantic_id.tiger_generation_model][INFO] - [rank: 0] Saved decoder self-attention to ./attention_weights/decoder_self_attention_batch_151.pt
[2025-11-12 14:59:44,883][src.models.modules.semantic_id.tiger_generation_model][INFO] - [rank: 0] Saved encoder attention to ./attention_weights/encoder_attention_batch_151.pt
[2025-11-12 14:59:44,883][src.models.modules.semantic_id.tiger_generation_model][INFO] - [rank: 0] Saved cross attention to ./attention_weights/cross_attention_batch_151.pt
[2025-11-12 14:59:44,891][src.models.modules.semantic_id.tiger_generation_model][INFO] - [rank: 0] 当前batch的生成语义ID Embedding相似度矩阵:
[[ 1.          0.00382508 -0.01249565 -0.0117211   0.01834925 -0.032593  ]
 [ 0.00382508  1.          0.00680371  0.00406037 -0.00524653 -0.02123932]
 [-0.01249565  0.00680371  1.          0.05208912  0.02513453 -0.02185763]
 [-0.0117211   0.00406037  0.05208912  1.          0.0189309   0.01033561]
 [ 0.01834925 -0.00524653  0.02513453  0.0189309   1.         -0.00935721]
 [-0.032593   -0.02123932 -0.02185763  0.01033561 -0.00935721  0.9999999 ]]
[2025-11-12 14:59:45,525][src.models.modules.semantic_id.tiger_generation_model][INFO] - [rank: 0] 当前batch的输入Item Hierarchy Embedding相似度矩阵:
[[ 1.0000000e+00  2.1263009e-03  1.2590310e-02  1.3750234e-02
   1.5613676e-02 -2.5676563e-02]
 [ 2.1263009e-03  1.0000000e+00  2.7293362e-02  9.3427636e-03
   7.8952732e-03 -1.2999536e-02]
 [ 1.2590310e-02  2.7293362e-02  1.0000000e+00  2.1558726e-02
   8.6600594e-03 -2.4319116e-02]
 [ 1.3750234e-02  9.3427636e-03  2.1558726e-02  1.0000000e+00
  -3.7272254e-04 -1.3377832e-02]
 [ 1.5613676e-02  7.8952732e-03  8.6600594e-03 -3.7272254e-04
   1.0000000e+00 -1.1896406e-02]
 [-2.5676563e-02 -1.2999536e-02 -2.4319116e-02 -1.3377832e-02
  -1.1896406e-02  9.9999994e-01]]
[2025-11-12 14:59:45,710][src.utils.inference_utils][INFO] - Global Rank: 0 wrote 4864 rows to /data/mhwang/Rec/GRID/logs/inference/runs/2025-11-12/14-52-55/pickle/predictions_0_20251112T065945555.pkl.
[2025-11-12 14:59:45,772][src.utils.inference_utils][INFO] - Rank 0 finished writing predictions.
[2025-11-12 14:59:57,103][src.utils.inference_utils][INFO] - Global Rank: 2 wrote 4820 rows to /data/mhwang/Rec/GRID/logs/inference/runs/2025-11-12/14-52-55/pickle/predictions_2_20251112T065956983.pkl.
[2025-11-12 14:59:57,141][src.utils.inference_utils][INFO] - Rank 2 finished writing predictions.
[2025-11-12 15:01:12,478][src.utils.inference_utils][INFO] - Global Rank: 3 wrote 4864 rows to /data/mhwang/Rec/GRID/logs/inference/runs/2025-11-12/14-52-55/pickle/predictions_3_20251112T070112208.pkl.
[2025-11-12 15:01:12,502][src.utils.inference_utils][INFO] - Rank 3 finished writing predictions.
[2025-11-12 15:01:12,528][src.utils.inference_utils][INFO] - Merging pickle files on main process.
[2025-11-12 15:01:13,403][src.utils.inference_utils][INFO] - Merged 19412 rows into merged_predictions.pkl.
[2025-11-12 15:01:15,647][src.utils.inference_utils][INFO] - Merged 19412 rows into merged_predictions_tensor.pt. as pytorch tensor
[2025-11-12 15:01:15,854][src.models.modules.semantic_id.tiger_generation_model][INFO] - [rank: 0] 
================================================================================
[2025-11-12 15:01:15,854][src.models.modules.semantic_id.tiger_generation_model][INFO] - [rank: 0] === 生成的语义ID Embedding相似度矩阵 (平均自 152 个batch) ===
[2025-11-12 15:01:15,857][src.models.modules.semantic_id.tiger_generation_model][INFO] - [rank: 0] 
[[ 1.          0.00668073  0.01210794  0.01036777  0.01369695 -0.02398857]
 [ 0.00668073  1.          0.01563618  0.01833293  0.00334276 -0.01472939]
 [ 0.01210794  0.01563618  1.          0.02515     0.00605825 -0.02527718]
 [ 0.01036777  0.01833293  0.02515     1.          0.00343948 -0.00799567]
 [ 0.01369695  0.00334276  0.00605825  0.00343948  1.         -0.01282553]
 [-0.02398857 -0.01472939 -0.02527718 -0.00799567 -0.01282553  0.9999999 ]]
[2025-11-12 15:01:15,858][src.models.modules.semantic_id.tiger_generation_model][INFO] - [rank: 0] ================================================================================

[2025-11-12 15:01:15,858][src.models.modules.semantic_id.tiger_generation_model][INFO] - [rank: 0] 
================================================================================
[2025-11-12 15:01:15,859][src.models.modules.semantic_id.tiger_generation_model][INFO] - [rank: 0] === 输入序列中每个Item的Hierarchy Embedding相似度矩阵 (平均自 152 个batch) ===
[2025-11-12 15:01:15,861][src.models.modules.semantic_id.tiger_generation_model][INFO] - [rank: 0] 
[[ 1.          0.00659748  0.01634382  0.01035466  0.01020329 -0.01873486]
 [ 0.00659748  1.          0.0152697   0.01493109  0.00283386 -0.01547859]
 [ 0.01634382  0.0152697   1.          0.02149241  0.00509786 -0.02400248]
 [ 0.01035466  0.01493109  0.02149241  1.          0.00430387 -0.00718123]
 [ 0.01020329  0.00283386  0.00509786  0.00430387  1.         -0.01308181]
 [-0.01873486 -0.01547859 -0.02400248 -0.00718123 -0.01308181  0.9999999 ]]
[2025-11-12 15:01:15,861][src.models.modules.semantic_id.tiger_generation_model][INFO] - [rank: 0] ================================================================================

