[2025-10-29 16:39:44,047][src.utils.utils][INFO] - [rank: 0] Enforcing tags! <cfg.extras.enforce_tags=True>
[2025-10-29 16:39:44,053][src.utils.utils][WARNING] - [rank: 0] Config loss was not found in the config tree. Make sure this is expected.
[2025-10-29 16:39:44,053][src.utils.utils][WARNING] - [rank: 0] Config optim was not found in the config tree. Make sure this is expected.
[2025-10-29 16:39:44,054][src.utils.utils][WARNING] - [rank: 0] Config eval was not found in the config tree. Make sure this is expected.
[2025-10-29 16:39:47,054][src.utils.utils][INFO] - [rank: 0] Printing config tree with Rich! <cfg.extras.print_config=True>
[2025-10-29 16:39:47,060][src.utils.launcher_utils][INFO] - [rank: 0] Instantiating datamodule <src.data.loading.datamodules.sequence_datamodule.SequenceDataModule>
[2025-10-29 16:39:47,093][src.utils.launcher_utils][INFO] - [rank: 0] Instantiating model <src.models.modules.semantic_id.tiger_generation_model.SemanticIDEncoderDecoder>
[2025-10-29 16:39:47,234][src.models.modules.semantic_id.tiger_generation_model][INFO] - [rank: 0] i am here
[2025-10-29 16:39:47,398][src.utils.launcher_utils][INFO] - [rank: 0] Instantiating callbacks...
[2025-10-29 16:39:47,399][src.utils.instantiators][INFO] - [rank: 0] Instantiating callback <src.utils.inference_utils.LocalPickleWriter>
[2025-10-29 16:39:47,533][src.utils.launcher_utils][INFO] - [rank: 0] Instantiating loggers...
[2025-10-29 16:39:47,534][src.utils.instantiators][INFO] - [rank: 0] Instantiating logger <lightning.pytorch.loggers.csv_logs.CSVLogger>
[2025-10-29 16:39:47,536][src.utils.launcher_utils][INFO] - [rank: 0] Instantiating trainer <lightning.pytorch.trainer.Trainer>
[2025-10-29 16:39:47,667][src.utils.launcher_utils][INFO] - [rank: 0] Logging hyperparameters!
[2025-10-29 16:39:47,826][__main__][INFO] - [rank: 0] Starting inference!
[2025-10-29 16:40:02,088][src.utils.inference_utils][INFO] - Rank 1 initialized for inference.
[2025-10-29 16:40:02,089][src.utils.inference_utils][INFO] - Rank 0 initialized for inference.
[2025-10-29 16:40:04,862][src.models.modules.semantic_id.tiger_generation_model][WARNING] - [rank: 0] Failed to stack cross attentions: stack expects each tensor to be equal size, but got [32, 6, 150] at entry 0 and [32, 6, 2, 150] at entry 1
[2025-10-29 16:40:04,863][src.models.modules.semantic_id.tiger_generation_model][WARNING] - [rank: 0]   Hierarchy 0 shape: torch.Size([32, 6, 150])
[2025-10-29 16:40:04,863][src.models.modules.semantic_id.tiger_generation_model][WARNING] - [rank: 0]   Hierarchy 1 shape: torch.Size([32, 6, 2, 150])
[2025-10-29 16:40:04,863][src.models.modules.semantic_id.tiger_generation_model][WARNING] - [rank: 0]   Hierarchy 2 shape: torch.Size([32, 6, 150])
[2025-10-29 16:40:04,863][src.models.modules.semantic_id.tiger_generation_model][WARNING] - [rank: 0]   Hierarchy 3 shape: torch.Size([32, 6, 150])
[2025-10-29 16:40:04,972][src.models.modules.semantic_id.tiger_generation_model][INFO] - [rank: 0] Saved decoder self-attention to ./attention_weights/decoder_self_attention_batch_0.pt
[2025-10-29 16:40:04,973][src.models.modules.semantic_id.tiger_generation_model][INFO] - [rank: 0] Saved encoder attention to ./attention_weights/encoder_attention_batch_0.pt
[2025-10-29 16:40:04,973][src.models.modules.semantic_id.tiger_generation_model][INFO] - [rank: 0] Saved cross attention to ./attention_weights/cross_attention_batch_0.pt
[2025-10-29 16:40:05,538][src.models.modules.semantic_id.tiger_generation_model][WARNING] - [rank: 0] Failed to stack cross attentions: stack expects each tensor to be equal size, but got [32, 6, 150] at entry 0 and [32, 6, 2, 150] at entry 1
[2025-10-29 16:40:05,538][src.models.modules.semantic_id.tiger_generation_model][WARNING] - [rank: 0]   Hierarchy 0 shape: torch.Size([32, 6, 150])
[2025-10-29 16:40:05,539][src.models.modules.semantic_id.tiger_generation_model][WARNING] - [rank: 0]   Hierarchy 1 shape: torch.Size([32, 6, 2, 150])
[2025-10-29 16:40:05,539][src.models.modules.semantic_id.tiger_generation_model][WARNING] - [rank: 0]   Hierarchy 2 shape: torch.Size([32, 6, 150])
[2025-10-29 16:40:05,540][src.models.modules.semantic_id.tiger_generation_model][WARNING] - [rank: 0]   Hierarchy 3 shape: torch.Size([32, 6, 150])
[2025-10-29 16:40:05,637][src.models.modules.semantic_id.tiger_generation_model][INFO] - [rank: 0] Saved decoder self-attention to ./attention_weights/decoder_self_attention_batch_1.pt
[2025-10-29 16:40:05,638][src.models.modules.semantic_id.tiger_generation_model][INFO] - [rank: 0] Saved encoder attention to ./attention_weights/encoder_attention_batch_1.pt
[2025-10-29 16:40:05,638][src.models.modules.semantic_id.tiger_generation_model][INFO] - [rank: 0] Saved cross attention to ./attention_weights/cross_attention_batch_1.pt
[2025-10-29 16:40:06,199][src.models.modules.semantic_id.tiger_generation_model][WARNING] - [rank: 0] Failed to stack cross attentions: stack expects each tensor to be equal size, but got [32, 6, 150] at entry 0 and [32, 6, 2, 150] at entry 1
[2025-10-29 16:40:06,200][src.models.modules.semantic_id.tiger_generation_model][WARNING] - [rank: 0]   Hierarchy 0 shape: torch.Size([32, 6, 150])
[2025-10-29 16:40:06,200][src.models.modules.semantic_id.tiger_generation_model][WARNING] - [rank: 0]   Hierarchy 1 shape: torch.Size([32, 6, 2, 150])
[2025-10-29 16:40:06,200][src.models.modules.semantic_id.tiger_generation_model][WARNING] - [rank: 0]   Hierarchy 2 shape: torch.Size([32, 6, 150])
[2025-10-29 16:40:06,200][src.models.modules.semantic_id.tiger_generation_model][WARNING] - [rank: 0]   Hierarchy 3 shape: torch.Size([32, 6, 150])
[2025-10-29 16:40:06,312][src.models.modules.semantic_id.tiger_generation_model][INFO] - [rank: 0] Saved decoder self-attention to ./attention_weights/decoder_self_attention_batch_2.pt
[2025-10-29 16:40:06,312][src.models.modules.semantic_id.tiger_generation_model][INFO] - [rank: 0] Saved encoder attention to ./attention_weights/encoder_attention_batch_2.pt
[2025-10-29 16:40:06,313][src.models.modules.semantic_id.tiger_generation_model][INFO] - [rank: 0] Saved cross attention to ./attention_weights/cross_attention_batch_2.pt
[2025-10-29 16:40:06,894][src.models.modules.semantic_id.tiger_generation_model][WARNING] - [rank: 0] Failed to stack cross attentions: stack expects each tensor to be equal size, but got [32, 6, 150] at entry 0 and [32, 6, 2, 150] at entry 1
[2025-10-29 16:40:06,894][src.models.modules.semantic_id.tiger_generation_model][WARNING] - [rank: 0]   Hierarchy 0 shape: torch.Size([32, 6, 150])
[2025-10-29 16:40:06,895][src.models.modules.semantic_id.tiger_generation_model][WARNING] - [rank: 0]   Hierarchy 1 shape: torch.Size([32, 6, 2, 150])
[2025-10-29 16:40:06,895][src.models.modules.semantic_id.tiger_generation_model][WARNING] - [rank: 0]   Hierarchy 2 shape: torch.Size([32, 6, 150])
[2025-10-29 16:40:06,895][src.models.modules.semantic_id.tiger_generation_model][WARNING] - [rank: 0]   Hierarchy 3 shape: torch.Size([32, 6, 150])
[2025-10-29 16:40:07,041][src.models.modules.semantic_id.tiger_generation_model][INFO] - [rank: 0] Saved decoder self-attention to ./attention_weights/decoder_self_attention_batch_3.pt
[2025-10-29 16:40:07,041][src.models.modules.semantic_id.tiger_generation_model][INFO] - [rank: 0] Saved encoder attention to ./attention_weights/encoder_attention_batch_3.pt
[2025-10-29 16:40:07,041][src.models.modules.semantic_id.tiger_generation_model][INFO] - [rank: 0] Saved cross attention to ./attention_weights/cross_attention_batch_3.pt
[2025-10-29 16:40:07,551][src.models.modules.semantic_id.tiger_generation_model][WARNING] - [rank: 0] Failed to stack cross attentions: stack expects each tensor to be equal size, but got [32, 6, 150] at entry 0 and [32, 6, 2, 150] at entry 1
[2025-10-29 16:40:07,551][src.models.modules.semantic_id.tiger_generation_model][WARNING] - [rank: 0]   Hierarchy 0 shape: torch.Size([32, 6, 150])
[2025-10-29 16:40:07,552][src.models.modules.semantic_id.tiger_generation_model][WARNING] - [rank: 0]   Hierarchy 1 shape: torch.Size([32, 6, 2, 150])
[2025-10-29 16:40:07,552][src.models.modules.semantic_id.tiger_generation_model][WARNING] - [rank: 0]   Hierarchy 2 shape: torch.Size([32, 6, 150])
[2025-10-29 16:40:07,552][src.models.modules.semantic_id.tiger_generation_model][WARNING] - [rank: 0]   Hierarchy 3 shape: torch.Size([32, 6, 150])
[2025-10-29 16:40:07,665][src.models.modules.semantic_id.tiger_generation_model][INFO] - [rank: 0] Saved decoder self-attention to ./attention_weights/decoder_self_attention_batch_4.pt
[2025-10-29 16:40:07,666][src.models.modules.semantic_id.tiger_generation_model][INFO] - [rank: 0] Saved encoder attention to ./attention_weights/encoder_attention_batch_4.pt
[2025-10-29 16:40:07,666][src.models.modules.semantic_id.tiger_generation_model][INFO] - [rank: 0] Saved cross attention to ./attention_weights/cross_attention_batch_4.pt
[2025-10-29 16:40:08,235][src.models.modules.semantic_id.tiger_generation_model][WARNING] - [rank: 0] Failed to stack cross attentions: stack expects each tensor to be equal size, but got [32, 6, 150] at entry 0 and [32, 6, 2, 150] at entry 1
[2025-10-29 16:40:08,235][src.models.modules.semantic_id.tiger_generation_model][WARNING] - [rank: 0]   Hierarchy 0 shape: torch.Size([32, 6, 150])
[2025-10-29 16:40:08,235][src.models.modules.semantic_id.tiger_generation_model][WARNING] - [rank: 0]   Hierarchy 1 shape: torch.Size([32, 6, 2, 150])
[2025-10-29 16:40:08,236][src.models.modules.semantic_id.tiger_generation_model][WARNING] - [rank: 0]   Hierarchy 2 shape: torch.Size([32, 6, 150])
[2025-10-29 16:40:08,236][src.models.modules.semantic_id.tiger_generation_model][WARNING] - [rank: 0]   Hierarchy 3 shape: torch.Size([32, 6, 150])
[2025-10-29 16:40:08,356][src.models.modules.semantic_id.tiger_generation_model][INFO] - [rank: 0] Saved decoder self-attention to ./attention_weights/decoder_self_attention_batch_5.pt
[2025-10-29 16:40:08,356][src.models.modules.semantic_id.tiger_generation_model][INFO] - [rank: 0] Saved encoder attention to ./attention_weights/encoder_attention_batch_5.pt
[2025-10-29 16:40:08,357][src.models.modules.semantic_id.tiger_generation_model][INFO] - [rank: 0] Saved cross attention to ./attention_weights/cross_attention_batch_5.pt
[2025-10-29 16:40:08,856][src.models.modules.semantic_id.tiger_generation_model][WARNING] - [rank: 0] Failed to stack cross attentions: stack expects each tensor to be equal size, but got [32, 6, 150] at entry 0 and [32, 6, 2, 150] at entry 1
[2025-10-29 16:40:08,857][src.models.modules.semantic_id.tiger_generation_model][WARNING] - [rank: 0]   Hierarchy 0 shape: torch.Size([32, 6, 150])
[2025-10-29 16:40:08,857][src.models.modules.semantic_id.tiger_generation_model][WARNING] - [rank: 0]   Hierarchy 1 shape: torch.Size([32, 6, 2, 150])
[2025-10-29 16:40:08,857][src.models.modules.semantic_id.tiger_generation_model][WARNING] - [rank: 0]   Hierarchy 2 shape: torch.Size([32, 6, 150])
[2025-10-29 16:40:08,858][src.models.modules.semantic_id.tiger_generation_model][WARNING] - [rank: 0]   Hierarchy 3 shape: torch.Size([32, 6, 150])
[2025-10-29 16:40:08,983][src.models.modules.semantic_id.tiger_generation_model][INFO] - [rank: 0] Saved decoder self-attention to ./attention_weights/decoder_self_attention_batch_6.pt
[2025-10-29 16:40:08,983][src.models.modules.semantic_id.tiger_generation_model][INFO] - [rank: 0] Saved encoder attention to ./attention_weights/encoder_attention_batch_6.pt
[2025-10-29 16:40:08,984][src.models.modules.semantic_id.tiger_generation_model][INFO] - [rank: 0] Saved cross attention to ./attention_weights/cross_attention_batch_6.pt
[2025-10-29 16:40:09,582][src.models.modules.semantic_id.tiger_generation_model][WARNING] - [rank: 0] Failed to stack cross attentions: stack expects each tensor to be equal size, but got [32, 6, 150] at entry 0 and [32, 6, 2, 150] at entry 1
[2025-10-29 16:40:09,582][src.models.modules.semantic_id.tiger_generation_model][WARNING] - [rank: 0]   Hierarchy 0 shape: torch.Size([32, 6, 150])
[2025-10-29 16:40:09,583][src.models.modules.semantic_id.tiger_generation_model][WARNING] - [rank: 0]   Hierarchy 1 shape: torch.Size([32, 6, 2, 150])
[2025-10-29 16:40:09,583][src.models.modules.semantic_id.tiger_generation_model][WARNING] - [rank: 0]   Hierarchy 2 shape: torch.Size([32, 6, 150])
[2025-10-29 16:40:09,583][src.models.modules.semantic_id.tiger_generation_model][WARNING] - [rank: 0]   Hierarchy 3 shape: torch.Size([32, 6, 150])
[2025-10-29 16:40:09,703][src.models.modules.semantic_id.tiger_generation_model][INFO] - [rank: 0] Saved decoder self-attention to ./attention_weights/decoder_self_attention_batch_7.pt
[2025-10-29 16:40:09,704][src.models.modules.semantic_id.tiger_generation_model][INFO] - [rank: 0] Saved encoder attention to ./attention_weights/encoder_attention_batch_7.pt
[2025-10-29 16:40:09,704][src.models.modules.semantic_id.tiger_generation_model][INFO] - [rank: 0] Saved cross attention to ./attention_weights/cross_attention_batch_7.pt
[2025-10-29 16:40:10,235][src.models.modules.semantic_id.tiger_generation_model][WARNING] - [rank: 0] Failed to stack cross attentions: stack expects each tensor to be equal size, but got [32, 6, 150] at entry 0 and [32, 6, 2, 150] at entry 1
[2025-10-29 16:40:10,235][src.models.modules.semantic_id.tiger_generation_model][WARNING] - [rank: 0]   Hierarchy 0 shape: torch.Size([32, 6, 150])
[2025-10-29 16:40:10,236][src.models.modules.semantic_id.tiger_generation_model][WARNING] - [rank: 0]   Hierarchy 1 shape: torch.Size([32, 6, 2, 150])
[2025-10-29 16:40:10,236][src.models.modules.semantic_id.tiger_generation_model][WARNING] - [rank: 0]   Hierarchy 2 shape: torch.Size([32, 6, 150])
[2025-10-29 16:40:10,236][src.models.modules.semantic_id.tiger_generation_model][WARNING] - [rank: 0]   Hierarchy 3 shape: torch.Size([32, 6, 150])
[2025-10-29 16:40:10,359][src.models.modules.semantic_id.tiger_generation_model][INFO] - [rank: 0] Saved decoder self-attention to ./attention_weights/decoder_self_attention_batch_8.pt
[2025-10-29 16:40:10,360][src.models.modules.semantic_id.tiger_generation_model][INFO] - [rank: 0] Saved encoder attention to ./attention_weights/encoder_attention_batch_8.pt
[2025-10-29 16:40:10,360][src.models.modules.semantic_id.tiger_generation_model][INFO] - [rank: 0] Saved cross attention to ./attention_weights/cross_attention_batch_8.pt
[2025-10-29 16:40:10,914][src.models.modules.semantic_id.tiger_generation_model][WARNING] - [rank: 0] Failed to stack cross attentions: stack expects each tensor to be equal size, but got [32, 6, 150] at entry 0 and [32, 6, 2, 150] at entry 1
[2025-10-29 16:40:10,915][src.models.modules.semantic_id.tiger_generation_model][WARNING] - [rank: 0]   Hierarchy 0 shape: torch.Size([32, 6, 150])
[2025-10-29 16:40:10,915][src.models.modules.semantic_id.tiger_generation_model][WARNING] - [rank: 0]   Hierarchy 1 shape: torch.Size([32, 6, 2, 150])
[2025-10-29 16:40:10,916][src.models.modules.semantic_id.tiger_generation_model][WARNING] - [rank: 0]   Hierarchy 2 shape: torch.Size([32, 6, 150])
[2025-10-29 16:40:10,916][src.models.modules.semantic_id.tiger_generation_model][WARNING] - [rank: 0]   Hierarchy 3 shape: torch.Size([32, 6, 150])
[2025-10-29 16:40:11,040][src.models.modules.semantic_id.tiger_generation_model][INFO] - [rank: 0] Saved decoder self-attention to ./attention_weights/decoder_self_attention_batch_9.pt
[2025-10-29 16:40:11,040][src.models.modules.semantic_id.tiger_generation_model][INFO] - [rank: 0] Saved encoder attention to ./attention_weights/encoder_attention_batch_9.pt
[2025-10-29 16:40:11,040][src.models.modules.semantic_id.tiger_generation_model][INFO] - [rank: 0] Saved cross attention to ./attention_weights/cross_attention_batch_9.pt
[2025-10-29 16:40:11,560][src.models.modules.semantic_id.tiger_generation_model][WARNING] - [rank: 0] Failed to stack cross attentions: stack expects each tensor to be equal size, but got [32, 6, 150] at entry 0 and [32, 6, 2, 150] at entry 1
[2025-10-29 16:40:11,561][src.models.modules.semantic_id.tiger_generation_model][WARNING] - [rank: 0]   Hierarchy 0 shape: torch.Size([32, 6, 150])
[2025-10-29 16:40:11,561][src.models.modules.semantic_id.tiger_generation_model][WARNING] - [rank: 0]   Hierarchy 1 shape: torch.Size([32, 6, 2, 150])
[2025-10-29 16:40:11,561][src.models.modules.semantic_id.tiger_generation_model][WARNING] - [rank: 0]   Hierarchy 2 shape: torch.Size([32, 6, 150])
[2025-10-29 16:40:11,562][src.models.modules.semantic_id.tiger_generation_model][WARNING] - [rank: 0]   Hierarchy 3 shape: torch.Size([32, 6, 150])
[2025-10-29 16:40:11,686][src.models.modules.semantic_id.tiger_generation_model][INFO] - [rank: 0] Saved decoder self-attention to ./attention_weights/decoder_self_attention_batch_10.pt
[2025-10-29 16:40:11,686][src.models.modules.semantic_id.tiger_generation_model][INFO] - [rank: 0] Saved encoder attention to ./attention_weights/encoder_attention_batch_10.pt
[2025-10-29 16:40:11,686][src.models.modules.semantic_id.tiger_generation_model][INFO] - [rank: 0] Saved cross attention to ./attention_weights/cross_attention_batch_10.pt
[2025-10-29 16:40:12,316][src.models.modules.semantic_id.tiger_generation_model][WARNING] - [rank: 0] Failed to stack cross attentions: stack expects each tensor to be equal size, but got [32, 6, 150] at entry 0 and [32, 6, 2, 150] at entry 1
[2025-10-29 16:40:12,317][src.models.modules.semantic_id.tiger_generation_model][WARNING] - [rank: 0]   Hierarchy 0 shape: torch.Size([32, 6, 150])
[2025-10-29 16:40:12,317][src.models.modules.semantic_id.tiger_generation_model][WARNING] - [rank: 0]   Hierarchy 1 shape: torch.Size([32, 6, 2, 150])
[2025-10-29 16:40:12,317][src.models.modules.semantic_id.tiger_generation_model][WARNING] - [rank: 0]   Hierarchy 2 shape: torch.Size([32, 6, 150])
[2025-10-29 16:40:12,317][src.models.modules.semantic_id.tiger_generation_model][WARNING] - [rank: 0]   Hierarchy 3 shape: torch.Size([32, 6, 150])
[2025-10-29 16:40:12,417][src.models.modules.semantic_id.tiger_generation_model][INFO] - [rank: 0] Saved decoder self-attention to ./attention_weights/decoder_self_attention_batch_11.pt
[2025-10-29 16:40:12,418][src.models.modules.semantic_id.tiger_generation_model][INFO] - [rank: 0] Saved encoder attention to ./attention_weights/encoder_attention_batch_11.pt
[2025-10-29 16:40:12,418][src.models.modules.semantic_id.tiger_generation_model][INFO] - [rank: 0] Saved cross attention to ./attention_weights/cross_attention_batch_11.pt
[2025-10-29 16:40:13,000][src.models.modules.semantic_id.tiger_generation_model][WARNING] - [rank: 0] Failed to stack cross attentions: stack expects each tensor to be equal size, but got [32, 6, 150] at entry 0 and [32, 6, 2, 150] at entry 1
[2025-10-29 16:40:13,001][src.models.modules.semantic_id.tiger_generation_model][WARNING] - [rank: 0]   Hierarchy 0 shape: torch.Size([32, 6, 150])
[2025-10-29 16:40:13,001][src.models.modules.semantic_id.tiger_generation_model][WARNING] - [rank: 0]   Hierarchy 1 shape: torch.Size([32, 6, 2, 150])
[2025-10-29 16:40:13,001][src.models.modules.semantic_id.tiger_generation_model][WARNING] - [rank: 0]   Hierarchy 2 shape: torch.Size([32, 6, 150])
[2025-10-29 16:40:13,001][src.models.modules.semantic_id.tiger_generation_model][WARNING] - [rank: 0]   Hierarchy 3 shape: torch.Size([32, 6, 150])
[2025-10-29 16:40:13,102][src.models.modules.semantic_id.tiger_generation_model][INFO] - [rank: 0] Saved decoder self-attention to ./attention_weights/decoder_self_attention_batch_12.pt
[2025-10-29 16:40:13,102][src.models.modules.semantic_id.tiger_generation_model][INFO] - [rank: 0] Saved encoder attention to ./attention_weights/encoder_attention_batch_12.pt
[2025-10-29 16:40:13,102][src.models.modules.semantic_id.tiger_generation_model][INFO] - [rank: 0] Saved cross attention to ./attention_weights/cross_attention_batch_12.pt
[2025-10-29 16:40:13,659][src.models.modules.semantic_id.tiger_generation_model][WARNING] - [rank: 0] Failed to stack cross attentions: stack expects each tensor to be equal size, but got [32, 6, 150] at entry 0 and [32, 6, 2, 150] at entry 1
[2025-10-29 16:40:13,659][src.models.modules.semantic_id.tiger_generation_model][WARNING] - [rank: 0]   Hierarchy 0 shape: torch.Size([32, 6, 150])
[2025-10-29 16:40:13,659][src.models.modules.semantic_id.tiger_generation_model][WARNING] - [rank: 0]   Hierarchy 1 shape: torch.Size([32, 6, 2, 150])
[2025-10-29 16:40:13,659][src.models.modules.semantic_id.tiger_generation_model][WARNING] - [rank: 0]   Hierarchy 2 shape: torch.Size([32, 6, 150])
[2025-10-29 16:40:13,659][src.models.modules.semantic_id.tiger_generation_model][WARNING] - [rank: 0]   Hierarchy 3 shape: torch.Size([32, 6, 150])
[2025-10-29 16:40:13,774][src.models.modules.semantic_id.tiger_generation_model][INFO] - [rank: 0] Saved decoder self-attention to ./attention_weights/decoder_self_attention_batch_13.pt
[2025-10-29 16:40:13,774][src.models.modules.semantic_id.tiger_generation_model][INFO] - [rank: 0] Saved encoder attention to ./attention_weights/encoder_attention_batch_13.pt
[2025-10-29 16:40:13,775][src.models.modules.semantic_id.tiger_generation_model][INFO] - [rank: 0] Saved cross attention to ./attention_weights/cross_attention_batch_13.pt
[2025-10-29 16:40:14,321][src.models.modules.semantic_id.tiger_generation_model][WARNING] - [rank: 0] Failed to stack cross attentions: stack expects each tensor to be equal size, but got [32, 6, 150] at entry 0 and [32, 6, 2, 150] at entry 1
[2025-10-29 16:40:14,322][src.models.modules.semantic_id.tiger_generation_model][WARNING] - [rank: 0]   Hierarchy 0 shape: torch.Size([32, 6, 150])
[2025-10-29 16:40:14,323][src.models.modules.semantic_id.tiger_generation_model][WARNING] - [rank: 0]   Hierarchy 1 shape: torch.Size([32, 6, 2, 150])
[2025-10-29 16:40:14,323][src.models.modules.semantic_id.tiger_generation_model][WARNING] - [rank: 0]   Hierarchy 2 shape: torch.Size([32, 6, 150])
[2025-10-29 16:40:14,323][src.models.modules.semantic_id.tiger_generation_model][WARNING] - [rank: 0]   Hierarchy 3 shape: torch.Size([32, 6, 150])
[2025-10-29 16:40:14,420][src.models.modules.semantic_id.tiger_generation_model][INFO] - [rank: 0] Saved decoder self-attention to ./attention_weights/decoder_self_attention_batch_14.pt
[2025-10-29 16:40:14,421][src.models.modules.semantic_id.tiger_generation_model][INFO] - [rank: 0] Saved encoder attention to ./attention_weights/encoder_attention_batch_14.pt
[2025-10-29 16:40:14,421][src.models.modules.semantic_id.tiger_generation_model][INFO] - [rank: 0] Saved cross attention to ./attention_weights/cross_attention_batch_14.pt
[2025-10-29 16:40:14,950][src.models.modules.semantic_id.tiger_generation_model][WARNING] - [rank: 0] Failed to stack cross attentions: stack expects each tensor to be equal size, but got [32, 6, 150] at entry 0 and [32, 6, 2, 150] at entry 1
[2025-10-29 16:40:14,950][src.models.modules.semantic_id.tiger_generation_model][WARNING] - [rank: 0]   Hierarchy 0 shape: torch.Size([32, 6, 150])
[2025-10-29 16:40:14,950][src.models.modules.semantic_id.tiger_generation_model][WARNING] - [rank: 0]   Hierarchy 1 shape: torch.Size([32, 6, 2, 150])
[2025-10-29 16:40:14,950][src.models.modules.semantic_id.tiger_generation_model][WARNING] - [rank: 0]   Hierarchy 2 shape: torch.Size([32, 6, 150])
[2025-10-29 16:40:14,950][src.models.modules.semantic_id.tiger_generation_model][WARNING] - [rank: 0]   Hierarchy 3 shape: torch.Size([32, 6, 150])
[2025-10-29 16:40:15,016][src.models.modules.semantic_id.tiger_generation_model][INFO] - [rank: 0] Saved decoder self-attention to ./attention_weights/decoder_self_attention_batch_15.pt
[2025-10-29 16:40:15,016][src.models.modules.semantic_id.tiger_generation_model][INFO] - [rank: 0] Saved encoder attention to ./attention_weights/encoder_attention_batch_15.pt
[2025-10-29 16:40:15,016][src.models.modules.semantic_id.tiger_generation_model][INFO] - [rank: 0] Saved cross attention to ./attention_weights/cross_attention_batch_15.pt
[2025-10-29 16:40:15,574][src.models.modules.semantic_id.tiger_generation_model][WARNING] - [rank: 0] Failed to stack cross attentions: stack expects each tensor to be equal size, but got [32, 6, 150] at entry 0 and [32, 6, 2, 150] at entry 1
[2025-10-29 16:40:15,575][src.models.modules.semantic_id.tiger_generation_model][WARNING] - [rank: 0]   Hierarchy 0 shape: torch.Size([32, 6, 150])
[2025-10-29 16:40:15,575][src.models.modules.semantic_id.tiger_generation_model][WARNING] - [rank: 0]   Hierarchy 1 shape: torch.Size([32, 6, 2, 150])
[2025-10-29 16:40:15,575][src.models.modules.semantic_id.tiger_generation_model][WARNING] - [rank: 0]   Hierarchy 2 shape: torch.Size([32, 6, 150])
[2025-10-29 16:40:15,575][src.models.modules.semantic_id.tiger_generation_model][WARNING] - [rank: 0]   Hierarchy 3 shape: torch.Size([32, 6, 150])
[2025-10-29 16:40:15,648][src.models.modules.semantic_id.tiger_generation_model][INFO] - [rank: 0] Saved decoder self-attention to ./attention_weights/decoder_self_attention_batch_16.pt
[2025-10-29 16:40:15,648][src.models.modules.semantic_id.tiger_generation_model][INFO] - [rank: 0] Saved encoder attention to ./attention_weights/encoder_attention_batch_16.pt
[2025-10-29 16:40:15,648][src.models.modules.semantic_id.tiger_generation_model][INFO] - [rank: 0] Saved cross attention to ./attention_weights/cross_attention_batch_16.pt
[2025-10-29 16:40:16,165][src.models.modules.semantic_id.tiger_generation_model][WARNING] - [rank: 0] Failed to stack cross attentions: stack expects each tensor to be equal size, but got [32, 6, 150] at entry 0 and [32, 6, 2, 150] at entry 1
[2025-10-29 16:40:16,165][src.models.modules.semantic_id.tiger_generation_model][WARNING] - [rank: 0]   Hierarchy 0 shape: torch.Size([32, 6, 150])
[2025-10-29 16:40:16,165][src.models.modules.semantic_id.tiger_generation_model][WARNING] - [rank: 0]   Hierarchy 1 shape: torch.Size([32, 6, 2, 150])
[2025-10-29 16:40:16,165][src.models.modules.semantic_id.tiger_generation_model][WARNING] - [rank: 0]   Hierarchy 2 shape: torch.Size([32, 6, 150])
[2025-10-29 16:40:16,166][src.models.modules.semantic_id.tiger_generation_model][WARNING] - [rank: 0]   Hierarchy 3 shape: torch.Size([32, 6, 150])
[2025-10-29 16:40:16,288][src.models.modules.semantic_id.tiger_generation_model][INFO] - [rank: 0] Saved decoder self-attention to ./attention_weights/decoder_self_attention_batch_17.pt
[2025-10-29 16:40:16,288][src.models.modules.semantic_id.tiger_generation_model][INFO] - [rank: 0] Saved encoder attention to ./attention_weights/encoder_attention_batch_17.pt
[2025-10-29 16:40:16,288][src.models.modules.semantic_id.tiger_generation_model][INFO] - [rank: 0] Saved cross attention to ./attention_weights/cross_attention_batch_17.pt
[2025-10-29 16:40:16,822][src.models.modules.semantic_id.tiger_generation_model][WARNING] - [rank: 0] Failed to stack cross attentions: stack expects each tensor to be equal size, but got [32, 6, 150] at entry 0 and [32, 6, 2, 150] at entry 1
[2025-10-29 16:40:16,823][src.models.modules.semantic_id.tiger_generation_model][WARNING] - [rank: 0]   Hierarchy 0 shape: torch.Size([32, 6, 150])
[2025-10-29 16:40:16,824][src.models.modules.semantic_id.tiger_generation_model][WARNING] - [rank: 0]   Hierarchy 1 shape: torch.Size([32, 6, 2, 150])
[2025-10-29 16:40:16,824][src.models.modules.semantic_id.tiger_generation_model][WARNING] - [rank: 0]   Hierarchy 2 shape: torch.Size([32, 6, 150])
[2025-10-29 16:40:16,824][src.models.modules.semantic_id.tiger_generation_model][WARNING] - [rank: 0]   Hierarchy 3 shape: torch.Size([32, 6, 150])
[2025-10-29 16:40:16,949][src.models.modules.semantic_id.tiger_generation_model][INFO] - [rank: 0] Saved decoder self-attention to ./attention_weights/decoder_self_attention_batch_18.pt
[2025-10-29 16:40:16,949][src.models.modules.semantic_id.tiger_generation_model][INFO] - [rank: 0] Saved encoder attention to ./attention_weights/encoder_attention_batch_18.pt
[2025-10-29 16:40:16,950][src.models.modules.semantic_id.tiger_generation_model][INFO] - [rank: 0] Saved cross attention to ./attention_weights/cross_attention_batch_18.pt
[2025-10-29 16:40:17,492][src.models.modules.semantic_id.tiger_generation_model][WARNING] - [rank: 0] Failed to stack cross attentions: stack expects each tensor to be equal size, but got [32, 6, 150] at entry 0 and [32, 6, 2, 150] at entry 1
[2025-10-29 16:40:17,492][src.models.modules.semantic_id.tiger_generation_model][WARNING] - [rank: 0]   Hierarchy 0 shape: torch.Size([32, 6, 150])
[2025-10-29 16:40:17,492][src.models.modules.semantic_id.tiger_generation_model][WARNING] - [rank: 0]   Hierarchy 1 shape: torch.Size([32, 6, 2, 150])
[2025-10-29 16:40:17,492][src.models.modules.semantic_id.tiger_generation_model][WARNING] - [rank: 0]   Hierarchy 2 shape: torch.Size([32, 6, 150])
[2025-10-29 16:40:17,493][src.models.modules.semantic_id.tiger_generation_model][WARNING] - [rank: 0]   Hierarchy 3 shape: torch.Size([32, 6, 150])
[2025-10-29 16:40:17,625][src.models.modules.semantic_id.tiger_generation_model][INFO] - [rank: 0] Saved decoder self-attention to ./attention_weights/decoder_self_attention_batch_19.pt
[2025-10-29 16:40:17,625][src.models.modules.semantic_id.tiger_generation_model][INFO] - [rank: 0] Saved encoder attention to ./attention_weights/encoder_attention_batch_19.pt
[2025-10-29 16:40:17,625][src.models.modules.semantic_id.tiger_generation_model][INFO] - [rank: 0] Saved cross attention to ./attention_weights/cross_attention_batch_19.pt
[2025-10-29 16:40:18,167][src.models.modules.semantic_id.tiger_generation_model][WARNING] - [rank: 0] Failed to stack cross attentions: stack expects each tensor to be equal size, but got [32, 6, 150] at entry 0 and [32, 6, 2, 150] at entry 1
[2025-10-29 16:40:18,168][src.models.modules.semantic_id.tiger_generation_model][WARNING] - [rank: 0]   Hierarchy 0 shape: torch.Size([32, 6, 150])
[2025-10-29 16:40:18,168][src.models.modules.semantic_id.tiger_generation_model][WARNING] - [rank: 0]   Hierarchy 1 shape: torch.Size([32, 6, 2, 150])
[2025-10-29 16:40:18,168][src.models.modules.semantic_id.tiger_generation_model][WARNING] - [rank: 0]   Hierarchy 2 shape: torch.Size([32, 6, 150])
[2025-10-29 16:40:18,168][src.models.modules.semantic_id.tiger_generation_model][WARNING] - [rank: 0]   Hierarchy 3 shape: torch.Size([32, 6, 150])
[2025-10-29 16:40:18,289][src.models.modules.semantic_id.tiger_generation_model][INFO] - [rank: 0] Saved decoder self-attention to ./attention_weights/decoder_self_attention_batch_20.pt
[2025-10-29 16:40:18,290][src.models.modules.semantic_id.tiger_generation_model][INFO] - [rank: 0] Saved encoder attention to ./attention_weights/encoder_attention_batch_20.pt
[2025-10-29 16:40:18,290][src.models.modules.semantic_id.tiger_generation_model][INFO] - [rank: 0] Saved cross attention to ./attention_weights/cross_attention_batch_20.pt
[2025-10-29 16:40:18,830][src.models.modules.semantic_id.tiger_generation_model][WARNING] - [rank: 0] Failed to stack cross attentions: stack expects each tensor to be equal size, but got [32, 6, 150] at entry 0 and [32, 6, 2, 150] at entry 1
[2025-10-29 16:40:18,831][src.models.modules.semantic_id.tiger_generation_model][WARNING] - [rank: 0]   Hierarchy 0 shape: torch.Size([32, 6, 150])
[2025-10-29 16:40:18,831][src.models.modules.semantic_id.tiger_generation_model][WARNING] - [rank: 0]   Hierarchy 1 shape: torch.Size([32, 6, 2, 150])
[2025-10-29 16:40:18,831][src.models.modules.semantic_id.tiger_generation_model][WARNING] - [rank: 0]   Hierarchy 2 shape: torch.Size([32, 6, 150])
[2025-10-29 16:40:18,831][src.models.modules.semantic_id.tiger_generation_model][WARNING] - [rank: 0]   Hierarchy 3 shape: torch.Size([32, 6, 150])
[2025-10-29 16:40:18,945][src.models.modules.semantic_id.tiger_generation_model][INFO] - [rank: 0] Saved decoder self-attention to ./attention_weights/decoder_self_attention_batch_21.pt
[2025-10-29 16:40:18,945][src.models.modules.semantic_id.tiger_generation_model][INFO] - [rank: 0] Saved encoder attention to ./attention_weights/encoder_attention_batch_21.pt
[2025-10-29 16:40:18,946][src.models.modules.semantic_id.tiger_generation_model][INFO] - [rank: 0] Saved cross attention to ./attention_weights/cross_attention_batch_21.pt
[2025-10-29 16:40:19,542][src.models.modules.semantic_id.tiger_generation_model][WARNING] - [rank: 0] Failed to stack cross attentions: stack expects each tensor to be equal size, but got [32, 6, 150] at entry 0 and [32, 6, 2, 150] at entry 1
[2025-10-29 16:40:19,542][src.models.modules.semantic_id.tiger_generation_model][WARNING] - [rank: 0]   Hierarchy 0 shape: torch.Size([32, 6, 150])
[2025-10-29 16:40:19,542][src.models.modules.semantic_id.tiger_generation_model][WARNING] - [rank: 0]   Hierarchy 1 shape: torch.Size([32, 6, 2, 150])
[2025-10-29 16:40:19,543][src.models.modules.semantic_id.tiger_generation_model][WARNING] - [rank: 0]   Hierarchy 2 shape: torch.Size([32, 6, 150])
[2025-10-29 16:40:19,543][src.models.modules.semantic_id.tiger_generation_model][WARNING] - [rank: 0]   Hierarchy 3 shape: torch.Size([32, 6, 150])
[2025-10-29 16:40:19,669][src.models.modules.semantic_id.tiger_generation_model][INFO] - [rank: 0] Saved decoder self-attention to ./attention_weights/decoder_self_attention_batch_22.pt
[2025-10-29 16:40:19,669][src.models.modules.semantic_id.tiger_generation_model][INFO] - [rank: 0] Saved encoder attention to ./attention_weights/encoder_attention_batch_22.pt
[2025-10-29 16:40:19,669][src.models.modules.semantic_id.tiger_generation_model][INFO] - [rank: 0] Saved cross attention to ./attention_weights/cross_attention_batch_22.pt
[2025-10-29 16:40:20,218][src.models.modules.semantic_id.tiger_generation_model][WARNING] - [rank: 0] Failed to stack cross attentions: stack expects each tensor to be equal size, but got [32, 6, 150] at entry 0 and [32, 6, 2, 150] at entry 1
[2025-10-29 16:40:20,219][src.models.modules.semantic_id.tiger_generation_model][WARNING] - [rank: 0]   Hierarchy 0 shape: torch.Size([32, 6, 150])
[2025-10-29 16:40:20,220][src.models.modules.semantic_id.tiger_generation_model][WARNING] - [rank: 0]   Hierarchy 1 shape: torch.Size([32, 6, 2, 150])
[2025-10-29 16:40:20,220][src.models.modules.semantic_id.tiger_generation_model][WARNING] - [rank: 0]   Hierarchy 2 shape: torch.Size([32, 6, 150])
[2025-10-29 16:40:20,220][src.models.modules.semantic_id.tiger_generation_model][WARNING] - [rank: 0]   Hierarchy 3 shape: torch.Size([32, 6, 150])
[2025-10-29 16:40:20,347][src.models.modules.semantic_id.tiger_generation_model][INFO] - [rank: 0] Saved decoder self-attention to ./attention_weights/decoder_self_attention_batch_23.pt
[2025-10-29 16:40:20,347][src.models.modules.semantic_id.tiger_generation_model][INFO] - [rank: 0] Saved encoder attention to ./attention_weights/encoder_attention_batch_23.pt
[2025-10-29 16:40:20,347][src.models.modules.semantic_id.tiger_generation_model][INFO] - [rank: 0] Saved cross attention to ./attention_weights/cross_attention_batch_23.pt
[2025-10-29 16:40:20,914][src.models.modules.semantic_id.tiger_generation_model][WARNING] - [rank: 0] Failed to stack cross attentions: stack expects each tensor to be equal size, but got [32, 6, 150] at entry 0 and [32, 6, 2, 150] at entry 1
[2025-10-29 16:40:20,916][src.models.modules.semantic_id.tiger_generation_model][WARNING] - [rank: 0]   Hierarchy 0 shape: torch.Size([32, 6, 150])
[2025-10-29 16:40:20,916][src.models.modules.semantic_id.tiger_generation_model][WARNING] - [rank: 0]   Hierarchy 1 shape: torch.Size([32, 6, 2, 150])
[2025-10-29 16:40:20,916][src.models.modules.semantic_id.tiger_generation_model][WARNING] - [rank: 0]   Hierarchy 2 shape: torch.Size([32, 6, 150])
[2025-10-29 16:40:20,917][src.models.modules.semantic_id.tiger_generation_model][WARNING] - [rank: 0]   Hierarchy 3 shape: torch.Size([32, 6, 150])
[2025-10-29 16:40:21,045][src.models.modules.semantic_id.tiger_generation_model][INFO] - [rank: 0] Saved decoder self-attention to ./attention_weights/decoder_self_attention_batch_24.pt
[2025-10-29 16:40:21,045][src.models.modules.semantic_id.tiger_generation_model][INFO] - [rank: 0] Saved encoder attention to ./attention_weights/encoder_attention_batch_24.pt
[2025-10-29 16:40:21,046][src.models.modules.semantic_id.tiger_generation_model][INFO] - [rank: 0] Saved cross attention to ./attention_weights/cross_attention_batch_24.pt
[2025-10-29 16:40:21,593][src.models.modules.semantic_id.tiger_generation_model][WARNING] - [rank: 0] Failed to stack cross attentions: stack expects each tensor to be equal size, but got [32, 6, 150] at entry 0 and [32, 6, 2, 150] at entry 1
[2025-10-29 16:40:21,594][src.models.modules.semantic_id.tiger_generation_model][WARNING] - [rank: 0]   Hierarchy 0 shape: torch.Size([32, 6, 150])
[2025-10-29 16:40:21,594][src.models.modules.semantic_id.tiger_generation_model][WARNING] - [rank: 0]   Hierarchy 1 shape: torch.Size([32, 6, 2, 150])
[2025-10-29 16:40:21,594][src.models.modules.semantic_id.tiger_generation_model][WARNING] - [rank: 0]   Hierarchy 2 shape: torch.Size([32, 6, 150])
[2025-10-29 16:40:21,594][src.models.modules.semantic_id.tiger_generation_model][WARNING] - [rank: 0]   Hierarchy 3 shape: torch.Size([32, 6, 150])
[2025-10-29 16:40:21,726][src.models.modules.semantic_id.tiger_generation_model][INFO] - [rank: 0] Saved decoder self-attention to ./attention_weights/decoder_self_attention_batch_25.pt
[2025-10-29 16:40:21,726][src.models.modules.semantic_id.tiger_generation_model][INFO] - [rank: 0] Saved encoder attention to ./attention_weights/encoder_attention_batch_25.pt
[2025-10-29 16:40:21,726][src.models.modules.semantic_id.tiger_generation_model][INFO] - [rank: 0] Saved cross attention to ./attention_weights/cross_attention_batch_25.pt
[2025-10-29 16:40:22,341][src.models.modules.semantic_id.tiger_generation_model][WARNING] - [rank: 0] Failed to stack cross attentions: stack expects each tensor to be equal size, but got [32, 6, 150] at entry 0 and [32, 6, 2, 150] at entry 1
[2025-10-29 16:40:22,342][src.models.modules.semantic_id.tiger_generation_model][WARNING] - [rank: 0]   Hierarchy 0 shape: torch.Size([32, 6, 150])
[2025-10-29 16:40:22,342][src.models.modules.semantic_id.tiger_generation_model][WARNING] - [rank: 0]   Hierarchy 1 shape: torch.Size([32, 6, 2, 150])
[2025-10-29 16:40:22,342][src.models.modules.semantic_id.tiger_generation_model][WARNING] - [rank: 0]   Hierarchy 2 shape: torch.Size([32, 6, 150])
[2025-10-29 16:40:22,342][src.models.modules.semantic_id.tiger_generation_model][WARNING] - [rank: 0]   Hierarchy 3 shape: torch.Size([32, 6, 150])
[2025-10-29 16:40:22,520][src.models.modules.semantic_id.tiger_generation_model][INFO] - [rank: 0] Saved decoder self-attention to ./attention_weights/decoder_self_attention_batch_26.pt
[2025-10-29 16:40:22,520][src.models.modules.semantic_id.tiger_generation_model][INFO] - [rank: 0] Saved encoder attention to ./attention_weights/encoder_attention_batch_26.pt
[2025-10-29 16:40:22,521][src.models.modules.semantic_id.tiger_generation_model][INFO] - [rank: 0] Saved cross attention to ./attention_weights/cross_attention_batch_26.pt
[2025-10-29 16:40:23,086][src.models.modules.semantic_id.tiger_generation_model][WARNING] - [rank: 0] Failed to stack cross attentions: stack expects each tensor to be equal size, but got [32, 6, 150] at entry 0 and [32, 6, 2, 150] at entry 1
[2025-10-29 16:40:23,086][src.models.modules.semantic_id.tiger_generation_model][WARNING] - [rank: 0]   Hierarchy 0 shape: torch.Size([32, 6, 150])
[2025-10-29 16:40:23,087][src.models.modules.semantic_id.tiger_generation_model][WARNING] - [rank: 0]   Hierarchy 1 shape: torch.Size([32, 6, 2, 150])
[2025-10-29 16:40:23,087][src.models.modules.semantic_id.tiger_generation_model][WARNING] - [rank: 0]   Hierarchy 2 shape: torch.Size([32, 6, 150])
[2025-10-29 16:40:23,087][src.models.modules.semantic_id.tiger_generation_model][WARNING] - [rank: 0]   Hierarchy 3 shape: torch.Size([32, 6, 150])
[2025-10-29 16:40:23,227][src.models.modules.semantic_id.tiger_generation_model][INFO] - [rank: 0] Saved decoder self-attention to ./attention_weights/decoder_self_attention_batch_27.pt
[2025-10-29 16:40:23,227][src.models.modules.semantic_id.tiger_generation_model][INFO] - [rank: 0] Saved encoder attention to ./attention_weights/encoder_attention_batch_27.pt
[2025-10-29 16:40:23,227][src.models.modules.semantic_id.tiger_generation_model][INFO] - [rank: 0] Saved cross attention to ./attention_weights/cross_attention_batch_27.pt
[2025-10-29 16:40:23,749][src.models.modules.semantic_id.tiger_generation_model][WARNING] - [rank: 0] Failed to stack cross attentions: stack expects each tensor to be equal size, but got [32, 6, 150] at entry 0 and [32, 6, 2, 150] at entry 1
[2025-10-29 16:40:23,750][src.models.modules.semantic_id.tiger_generation_model][WARNING] - [rank: 0]   Hierarchy 0 shape: torch.Size([32, 6, 150])
[2025-10-29 16:40:23,750][src.models.modules.semantic_id.tiger_generation_model][WARNING] - [rank: 0]   Hierarchy 1 shape: torch.Size([32, 6, 2, 150])
[2025-10-29 16:40:23,751][src.models.modules.semantic_id.tiger_generation_model][WARNING] - [rank: 0]   Hierarchy 2 shape: torch.Size([32, 6, 150])
[2025-10-29 16:40:23,751][src.models.modules.semantic_id.tiger_generation_model][WARNING] - [rank: 0]   Hierarchy 3 shape: torch.Size([32, 6, 150])
[2025-10-29 16:40:23,867][src.models.modules.semantic_id.tiger_generation_model][INFO] - [rank: 0] Saved decoder self-attention to ./attention_weights/decoder_self_attention_batch_28.pt
[2025-10-29 16:40:23,867][src.models.modules.semantic_id.tiger_generation_model][INFO] - [rank: 0] Saved encoder attention to ./attention_weights/encoder_attention_batch_28.pt
[2025-10-29 16:40:23,868][src.models.modules.semantic_id.tiger_generation_model][INFO] - [rank: 0] Saved cross attention to ./attention_weights/cross_attention_batch_28.pt
[2025-10-29 16:40:24,343][src.models.modules.semantic_id.tiger_generation_model][WARNING] - [rank: 0] Failed to stack cross attentions: stack expects each tensor to be equal size, but got [32, 6, 150] at entry 0 and [32, 6, 2, 150] at entry 1
[2025-10-29 16:40:24,343][src.models.modules.semantic_id.tiger_generation_model][WARNING] - [rank: 0]   Hierarchy 0 shape: torch.Size([32, 6, 150])
[2025-10-29 16:40:24,343][src.models.modules.semantic_id.tiger_generation_model][WARNING] - [rank: 0]   Hierarchy 1 shape: torch.Size([32, 6, 2, 150])
[2025-10-29 16:40:24,343][src.models.modules.semantic_id.tiger_generation_model][WARNING] - [rank: 0]   Hierarchy 2 shape: torch.Size([32, 6, 150])
[2025-10-29 16:40:24,344][src.models.modules.semantic_id.tiger_generation_model][WARNING] - [rank: 0]   Hierarchy 3 shape: torch.Size([32, 6, 150])
[2025-10-29 16:40:24,540][src.models.modules.semantic_id.tiger_generation_model][INFO] - [rank: 0] Saved decoder self-attention to ./attention_weights/decoder_self_attention_batch_29.pt
[2025-10-29 16:40:24,540][src.models.modules.semantic_id.tiger_generation_model][INFO] - [rank: 0] Saved encoder attention to ./attention_weights/encoder_attention_batch_29.pt
[2025-10-29 16:40:24,540][src.models.modules.semantic_id.tiger_generation_model][INFO] - [rank: 0] Saved cross attention to ./attention_weights/cross_attention_batch_29.pt
[2025-10-29 16:40:25,206][src.models.modules.semantic_id.tiger_generation_model][WARNING] - [rank: 0] Failed to stack cross attentions: stack expects each tensor to be equal size, but got [32, 6, 150] at entry 0 and [32, 6, 2, 150] at entry 1
[2025-10-29 16:40:25,207][src.models.modules.semantic_id.tiger_generation_model][WARNING] - [rank: 0]   Hierarchy 0 shape: torch.Size([32, 6, 150])
[2025-10-29 16:40:25,207][src.models.modules.semantic_id.tiger_generation_model][WARNING] - [rank: 0]   Hierarchy 1 shape: torch.Size([32, 6, 2, 150])
[2025-10-29 16:40:25,208][src.models.modules.semantic_id.tiger_generation_model][WARNING] - [rank: 0]   Hierarchy 2 shape: torch.Size([32, 6, 150])
[2025-10-29 16:40:25,208][src.models.modules.semantic_id.tiger_generation_model][WARNING] - [rank: 0]   Hierarchy 3 shape: torch.Size([32, 6, 150])
[2025-10-29 16:40:25,390][src.models.modules.semantic_id.tiger_generation_model][INFO] - [rank: 0] Saved decoder self-attention to ./attention_weights/decoder_self_attention_batch_30.pt
[2025-10-29 16:40:25,391][src.models.modules.semantic_id.tiger_generation_model][INFO] - [rank: 0] Saved encoder attention to ./attention_weights/encoder_attention_batch_30.pt
[2025-10-29 16:40:25,391][src.models.modules.semantic_id.tiger_generation_model][INFO] - [rank: 0] Saved cross attention to ./attention_weights/cross_attention_batch_30.pt
[2025-10-29 16:40:25,988][src.models.modules.semantic_id.tiger_generation_model][WARNING] - [rank: 0] Failed to stack cross attentions: stack expects each tensor to be equal size, but got [32, 6, 150] at entry 0 and [32, 6, 2, 150] at entry 1
[2025-10-29 16:40:25,989][src.models.modules.semantic_id.tiger_generation_model][WARNING] - [rank: 0]   Hierarchy 0 shape: torch.Size([32, 6, 150])
[2025-10-29 16:40:25,989][src.models.modules.semantic_id.tiger_generation_model][WARNING] - [rank: 0]   Hierarchy 1 shape: torch.Size([32, 6, 2, 150])
[2025-10-29 16:40:25,990][src.models.modules.semantic_id.tiger_generation_model][WARNING] - [rank: 0]   Hierarchy 2 shape: torch.Size([32, 6, 150])
[2025-10-29 16:40:25,990][src.models.modules.semantic_id.tiger_generation_model][WARNING] - [rank: 0]   Hierarchy 3 shape: torch.Size([32, 6, 150])
[2025-10-29 16:40:26,151][src.models.modules.semantic_id.tiger_generation_model][INFO] - [rank: 0] Saved decoder self-attention to ./attention_weights/decoder_self_attention_batch_31.pt
[2025-10-29 16:40:26,152][src.models.modules.semantic_id.tiger_generation_model][INFO] - [rank: 0] Saved encoder attention to ./attention_weights/encoder_attention_batch_31.pt
[2025-10-29 16:40:26,152][src.models.modules.semantic_id.tiger_generation_model][INFO] - [rank: 0] Saved cross attention to ./attention_weights/cross_attention_batch_31.pt
[2025-10-29 16:40:26,700][src.models.modules.semantic_id.tiger_generation_model][WARNING] - [rank: 0] Failed to stack cross attentions: stack expects each tensor to be equal size, but got [32, 6, 150] at entry 0 and [32, 6, 2, 150] at entry 1
[2025-10-29 16:40:26,701][src.models.modules.semantic_id.tiger_generation_model][WARNING] - [rank: 0]   Hierarchy 0 shape: torch.Size([32, 6, 150])
[2025-10-29 16:40:26,701][src.models.modules.semantic_id.tiger_generation_model][WARNING] - [rank: 0]   Hierarchy 1 shape: torch.Size([32, 6, 2, 150])
[2025-10-29 16:40:26,701][src.models.modules.semantic_id.tiger_generation_model][WARNING] - [rank: 0]   Hierarchy 2 shape: torch.Size([32, 6, 150])
[2025-10-29 16:40:26,701][src.models.modules.semantic_id.tiger_generation_model][WARNING] - [rank: 0]   Hierarchy 3 shape: torch.Size([32, 6, 150])
[2025-10-29 16:40:26,843][src.models.modules.semantic_id.tiger_generation_model][INFO] - [rank: 0] Saved decoder self-attention to ./attention_weights/decoder_self_attention_batch_32.pt
[2025-10-29 16:40:26,843][src.models.modules.semantic_id.tiger_generation_model][INFO] - [rank: 0] Saved encoder attention to ./attention_weights/encoder_attention_batch_32.pt
[2025-10-29 16:40:26,844][src.models.modules.semantic_id.tiger_generation_model][INFO] - [rank: 0] Saved cross attention to ./attention_weights/cross_attention_batch_32.pt
[2025-10-29 16:40:27,517][src.models.modules.semantic_id.tiger_generation_model][WARNING] - [rank: 0] Failed to stack cross attentions: stack expects each tensor to be equal size, but got [32, 6, 150] at entry 0 and [32, 6, 2, 150] at entry 1
[2025-10-29 16:40:27,518][src.models.modules.semantic_id.tiger_generation_model][WARNING] - [rank: 0]   Hierarchy 0 shape: torch.Size([32, 6, 150])
[2025-10-29 16:40:27,518][src.models.modules.semantic_id.tiger_generation_model][WARNING] - [rank: 0]   Hierarchy 1 shape: torch.Size([32, 6, 2, 150])
[2025-10-29 16:40:27,519][src.models.modules.semantic_id.tiger_generation_model][WARNING] - [rank: 0]   Hierarchy 2 shape: torch.Size([32, 6, 150])
[2025-10-29 16:40:27,519][src.models.modules.semantic_id.tiger_generation_model][WARNING] - [rank: 0]   Hierarchy 3 shape: torch.Size([32, 6, 150])
[2025-10-29 16:40:27,624][src.models.modules.semantic_id.tiger_generation_model][INFO] - [rank: 0] Saved decoder self-attention to ./attention_weights/decoder_self_attention_batch_33.pt
[2025-10-29 16:40:27,624][src.models.modules.semantic_id.tiger_generation_model][INFO] - [rank: 0] Saved encoder attention to ./attention_weights/encoder_attention_batch_33.pt
[2025-10-29 16:40:27,624][src.models.modules.semantic_id.tiger_generation_model][INFO] - [rank: 0] Saved cross attention to ./attention_weights/cross_attention_batch_33.pt
[2025-10-29 16:40:28,214][src.models.modules.semantic_id.tiger_generation_model][WARNING] - [rank: 0] Failed to stack cross attentions: stack expects each tensor to be equal size, but got [32, 6, 150] at entry 0 and [32, 6, 2, 150] at entry 1
[2025-10-29 16:40:28,214][src.models.modules.semantic_id.tiger_generation_model][WARNING] - [rank: 0]   Hierarchy 0 shape: torch.Size([32, 6, 150])
[2025-10-29 16:40:28,214][src.models.modules.semantic_id.tiger_generation_model][WARNING] - [rank: 0]   Hierarchy 1 shape: torch.Size([32, 6, 2, 150])
[2025-10-29 16:40:28,215][src.models.modules.semantic_id.tiger_generation_model][WARNING] - [rank: 0]   Hierarchy 2 shape: torch.Size([32, 6, 150])
[2025-10-29 16:40:28,215][src.models.modules.semantic_id.tiger_generation_model][WARNING] - [rank: 0]   Hierarchy 3 shape: torch.Size([32, 6, 150])
[2025-10-29 16:40:28,309][src.models.modules.semantic_id.tiger_generation_model][INFO] - [rank: 0] Saved decoder self-attention to ./attention_weights/decoder_self_attention_batch_34.pt
[2025-10-29 16:40:28,310][src.models.modules.semantic_id.tiger_generation_model][INFO] - [rank: 0] Saved encoder attention to ./attention_weights/encoder_attention_batch_34.pt
[2025-10-29 16:40:28,310][src.models.modules.semantic_id.tiger_generation_model][INFO] - [rank: 0] Saved cross attention to ./attention_weights/cross_attention_batch_34.pt
[2025-10-29 16:40:28,883][src.models.modules.semantic_id.tiger_generation_model][WARNING] - [rank: 0] Failed to stack cross attentions: stack expects each tensor to be equal size, but got [32, 6, 150] at entry 0 and [32, 6, 2, 150] at entry 1
[2025-10-29 16:40:28,883][src.models.modules.semantic_id.tiger_generation_model][WARNING] - [rank: 0]   Hierarchy 0 shape: torch.Size([32, 6, 150])
[2025-10-29 16:40:28,884][src.models.modules.semantic_id.tiger_generation_model][WARNING] - [rank: 0]   Hierarchy 1 shape: torch.Size([32, 6, 2, 150])
[2025-10-29 16:40:28,884][src.models.modules.semantic_id.tiger_generation_model][WARNING] - [rank: 0]   Hierarchy 2 shape: torch.Size([32, 6, 150])
[2025-10-29 16:40:28,885][src.models.modules.semantic_id.tiger_generation_model][WARNING] - [rank: 0]   Hierarchy 3 shape: torch.Size([32, 6, 150])
[2025-10-29 16:40:29,026][src.models.modules.semantic_id.tiger_generation_model][INFO] - [rank: 0] Saved decoder self-attention to ./attention_weights/decoder_self_attention_batch_35.pt
[2025-10-29 16:40:29,026][src.models.modules.semantic_id.tiger_generation_model][INFO] - [rank: 0] Saved encoder attention to ./attention_weights/encoder_attention_batch_35.pt
[2025-10-29 16:40:29,026][src.models.modules.semantic_id.tiger_generation_model][INFO] - [rank: 0] Saved cross attention to ./attention_weights/cross_attention_batch_35.pt
[2025-10-29 16:40:29,580][src.models.modules.semantic_id.tiger_generation_model][WARNING] - [rank: 0] Failed to stack cross attentions: stack expects each tensor to be equal size, but got [32, 6, 150] at entry 0 and [32, 6, 2, 150] at entry 1
[2025-10-29 16:40:29,580][src.models.modules.semantic_id.tiger_generation_model][WARNING] - [rank: 0]   Hierarchy 0 shape: torch.Size([32, 6, 150])
[2025-10-29 16:40:29,581][src.models.modules.semantic_id.tiger_generation_model][WARNING] - [rank: 0]   Hierarchy 1 shape: torch.Size([32, 6, 2, 150])
[2025-10-29 16:40:29,581][src.models.modules.semantic_id.tiger_generation_model][WARNING] - [rank: 0]   Hierarchy 2 shape: torch.Size([32, 6, 150])
[2025-10-29 16:40:29,581][src.models.modules.semantic_id.tiger_generation_model][WARNING] - [rank: 0]   Hierarchy 3 shape: torch.Size([32, 6, 150])
[2025-10-29 16:40:29,683][src.models.modules.semantic_id.tiger_generation_model][INFO] - [rank: 0] Saved decoder self-attention to ./attention_weights/decoder_self_attention_batch_36.pt
[2025-10-29 16:40:29,683][src.models.modules.semantic_id.tiger_generation_model][INFO] - [rank: 0] Saved encoder attention to ./attention_weights/encoder_attention_batch_36.pt
[2025-10-29 16:40:29,683][src.models.modules.semantic_id.tiger_generation_model][INFO] - [rank: 0] Saved cross attention to ./attention_weights/cross_attention_batch_36.pt
[2025-10-29 16:40:30,234][src.models.modules.semantic_id.tiger_generation_model][WARNING] - [rank: 0] Failed to stack cross attentions: stack expects each tensor to be equal size, but got [32, 6, 150] at entry 0 and [32, 6, 2, 150] at entry 1
[2025-10-29 16:40:30,235][src.models.modules.semantic_id.tiger_generation_model][WARNING] - [rank: 0]   Hierarchy 0 shape: torch.Size([32, 6, 150])
[2025-10-29 16:40:30,236][src.models.modules.semantic_id.tiger_generation_model][WARNING] - [rank: 0]   Hierarchy 1 shape: torch.Size([32, 6, 2, 150])
[2025-10-29 16:40:30,236][src.models.modules.semantic_id.tiger_generation_model][WARNING] - [rank: 0]   Hierarchy 2 shape: torch.Size([32, 6, 150])
[2025-10-29 16:40:30,237][src.models.modules.semantic_id.tiger_generation_model][WARNING] - [rank: 0]   Hierarchy 3 shape: torch.Size([32, 6, 150])
[2025-10-29 16:40:30,355][src.models.modules.semantic_id.tiger_generation_model][INFO] - [rank: 0] Saved decoder self-attention to ./attention_weights/decoder_self_attention_batch_37.pt
[2025-10-29 16:40:30,355][src.models.modules.semantic_id.tiger_generation_model][INFO] - [rank: 0] Saved encoder attention to ./attention_weights/encoder_attention_batch_37.pt
[2025-10-29 16:40:30,355][src.models.modules.semantic_id.tiger_generation_model][INFO] - [rank: 0] Saved cross attention to ./attention_weights/cross_attention_batch_37.pt
[2025-10-29 16:40:30,881][src.models.modules.semantic_id.tiger_generation_model][WARNING] - [rank: 0] Failed to stack cross attentions: stack expects each tensor to be equal size, but got [32, 6, 150] at entry 0 and [32, 6, 2, 150] at entry 1
[2025-10-29 16:40:30,882][src.models.modules.semantic_id.tiger_generation_model][WARNING] - [rank: 0]   Hierarchy 0 shape: torch.Size([32, 6, 150])
[2025-10-29 16:40:30,882][src.models.modules.semantic_id.tiger_generation_model][WARNING] - [rank: 0]   Hierarchy 1 shape: torch.Size([32, 6, 2, 150])
[2025-10-29 16:40:30,883][src.models.modules.semantic_id.tiger_generation_model][WARNING] - [rank: 0]   Hierarchy 2 shape: torch.Size([32, 6, 150])
[2025-10-29 16:40:30,883][src.models.modules.semantic_id.tiger_generation_model][WARNING] - [rank: 0]   Hierarchy 3 shape: torch.Size([32, 6, 150])
[2025-10-29 16:40:31,002][src.models.modules.semantic_id.tiger_generation_model][INFO] - [rank: 0] Saved decoder self-attention to ./attention_weights/decoder_self_attention_batch_38.pt
[2025-10-29 16:40:31,003][src.models.modules.semantic_id.tiger_generation_model][INFO] - [rank: 0] Saved encoder attention to ./attention_weights/encoder_attention_batch_38.pt
[2025-10-29 16:40:31,003][src.models.modules.semantic_id.tiger_generation_model][INFO] - [rank: 0] Saved cross attention to ./attention_weights/cross_attention_batch_38.pt
[2025-10-29 16:40:31,452][src.models.modules.semantic_id.tiger_generation_model][WARNING] - [rank: 0] Failed to stack cross attentions: stack expects each tensor to be equal size, but got [32, 6, 150] at entry 0 and [32, 6, 2, 150] at entry 1
[2025-10-29 16:40:31,453][src.models.modules.semantic_id.tiger_generation_model][WARNING] - [rank: 0]   Hierarchy 0 shape: torch.Size([32, 6, 150])
[2025-10-29 16:40:31,453][src.models.modules.semantic_id.tiger_generation_model][WARNING] - [rank: 0]   Hierarchy 1 shape: torch.Size([32, 6, 2, 150])
[2025-10-29 16:40:31,453][src.models.modules.semantic_id.tiger_generation_model][WARNING] - [rank: 0]   Hierarchy 2 shape: torch.Size([32, 6, 150])
[2025-10-29 16:40:31,454][src.models.modules.semantic_id.tiger_generation_model][WARNING] - [rank: 0]   Hierarchy 3 shape: torch.Size([32, 6, 150])
[2025-10-29 16:40:31,545][src.models.modules.semantic_id.tiger_generation_model][INFO] - [rank: 0] Saved decoder self-attention to ./attention_weights/decoder_self_attention_batch_39.pt
[2025-10-29 16:40:31,545][src.models.modules.semantic_id.tiger_generation_model][INFO] - [rank: 0] Saved encoder attention to ./attention_weights/encoder_attention_batch_39.pt
[2025-10-29 16:40:31,545][src.models.modules.semantic_id.tiger_generation_model][INFO] - [rank: 0] Saved cross attention to ./attention_weights/cross_attention_batch_39.pt
[2025-10-29 16:40:32,182][src.models.modules.semantic_id.tiger_generation_model][WARNING] - [rank: 0] Failed to stack cross attentions: stack expects each tensor to be equal size, but got [32, 6, 150] at entry 0 and [32, 6, 2, 150] at entry 1
[2025-10-29 16:40:32,183][src.models.modules.semantic_id.tiger_generation_model][WARNING] - [rank: 0]   Hierarchy 0 shape: torch.Size([32, 6, 150])
[2025-10-29 16:40:32,183][src.models.modules.semantic_id.tiger_generation_model][WARNING] - [rank: 0]   Hierarchy 1 shape: torch.Size([32, 6, 2, 150])
[2025-10-29 16:40:32,184][src.models.modules.semantic_id.tiger_generation_model][WARNING] - [rank: 0]   Hierarchy 2 shape: torch.Size([32, 6, 150])
[2025-10-29 16:40:32,184][src.models.modules.semantic_id.tiger_generation_model][WARNING] - [rank: 0]   Hierarchy 3 shape: torch.Size([32, 6, 150])
[2025-10-29 16:40:32,322][src.models.modules.semantic_id.tiger_generation_model][INFO] - [rank: 0] Saved decoder self-attention to ./attention_weights/decoder_self_attention_batch_40.pt
[2025-10-29 16:40:32,323][src.models.modules.semantic_id.tiger_generation_model][INFO] - [rank: 0] Saved encoder attention to ./attention_weights/encoder_attention_batch_40.pt
[2025-10-29 16:40:32,323][src.models.modules.semantic_id.tiger_generation_model][INFO] - [rank: 0] Saved cross attention to ./attention_weights/cross_attention_batch_40.pt
[2025-10-29 16:40:32,928][src.models.modules.semantic_id.tiger_generation_model][WARNING] - [rank: 0] Failed to stack cross attentions: stack expects each tensor to be equal size, but got [32, 6, 150] at entry 0 and [32, 6, 2, 150] at entry 1
[2025-10-29 16:40:32,929][src.models.modules.semantic_id.tiger_generation_model][WARNING] - [rank: 0]   Hierarchy 0 shape: torch.Size([32, 6, 150])
[2025-10-29 16:40:32,929][src.models.modules.semantic_id.tiger_generation_model][WARNING] - [rank: 0]   Hierarchy 1 shape: torch.Size([32, 6, 2, 150])
[2025-10-29 16:40:32,929][src.models.modules.semantic_id.tiger_generation_model][WARNING] - [rank: 0]   Hierarchy 2 shape: torch.Size([32, 6, 150])
[2025-10-29 16:40:32,930][src.models.modules.semantic_id.tiger_generation_model][WARNING] - [rank: 0]   Hierarchy 3 shape: torch.Size([32, 6, 150])
[2025-10-29 16:40:33,054][src.models.modules.semantic_id.tiger_generation_model][INFO] - [rank: 0] Saved decoder self-attention to ./attention_weights/decoder_self_attention_batch_41.pt
[2025-10-29 16:40:33,055][src.models.modules.semantic_id.tiger_generation_model][INFO] - [rank: 0] Saved encoder attention to ./attention_weights/encoder_attention_batch_41.pt
[2025-10-29 16:40:33,055][src.models.modules.semantic_id.tiger_generation_model][INFO] - [rank: 0] Saved cross attention to ./attention_weights/cross_attention_batch_41.pt
[2025-10-29 16:40:33,631][src.models.modules.semantic_id.tiger_generation_model][WARNING] - [rank: 0] Failed to stack cross attentions: stack expects each tensor to be equal size, but got [32, 6, 150] at entry 0 and [32, 6, 2, 150] at entry 1
[2025-10-29 16:40:33,632][src.models.modules.semantic_id.tiger_generation_model][WARNING] - [rank: 0]   Hierarchy 0 shape: torch.Size([32, 6, 150])
[2025-10-29 16:40:33,632][src.models.modules.semantic_id.tiger_generation_model][WARNING] - [rank: 0]   Hierarchy 1 shape: torch.Size([32, 6, 2, 150])
[2025-10-29 16:40:33,633][src.models.modules.semantic_id.tiger_generation_model][WARNING] - [rank: 0]   Hierarchy 2 shape: torch.Size([32, 6, 150])
[2025-10-29 16:40:33,633][src.models.modules.semantic_id.tiger_generation_model][WARNING] - [rank: 0]   Hierarchy 3 shape: torch.Size([32, 6, 150])
[2025-10-29 16:40:33,758][src.models.modules.semantic_id.tiger_generation_model][INFO] - [rank: 0] Saved decoder self-attention to ./attention_weights/decoder_self_attention_batch_42.pt
[2025-10-29 16:40:33,759][src.models.modules.semantic_id.tiger_generation_model][INFO] - [rank: 0] Saved encoder attention to ./attention_weights/encoder_attention_batch_42.pt
[2025-10-29 16:40:33,759][src.models.modules.semantic_id.tiger_generation_model][INFO] - [rank: 0] Saved cross attention to ./attention_weights/cross_attention_batch_42.pt
[2025-10-29 16:40:34,369][src.models.modules.semantic_id.tiger_generation_model][WARNING] - [rank: 0] Failed to stack cross attentions: stack expects each tensor to be equal size, but got [32, 6, 150] at entry 0 and [32, 6, 2, 150] at entry 1
[2025-10-29 16:40:34,370][src.models.modules.semantic_id.tiger_generation_model][WARNING] - [rank: 0]   Hierarchy 0 shape: torch.Size([32, 6, 150])
[2025-10-29 16:40:34,371][src.models.modules.semantic_id.tiger_generation_model][WARNING] - [rank: 0]   Hierarchy 1 shape: torch.Size([32, 6, 2, 150])
[2025-10-29 16:40:34,371][src.models.modules.semantic_id.tiger_generation_model][WARNING] - [rank: 0]   Hierarchy 2 shape: torch.Size([32, 6, 150])
[2025-10-29 16:40:34,371][src.models.modules.semantic_id.tiger_generation_model][WARNING] - [rank: 0]   Hierarchy 3 shape: torch.Size([32, 6, 150])
[2025-10-29 16:40:34,462][src.models.modules.semantic_id.tiger_generation_model][INFO] - [rank: 0] Saved decoder self-attention to ./attention_weights/decoder_self_attention_batch_43.pt
[2025-10-29 16:40:34,462][src.models.modules.semantic_id.tiger_generation_model][INFO] - [rank: 0] Saved encoder attention to ./attention_weights/encoder_attention_batch_43.pt
[2025-10-29 16:40:34,462][src.models.modules.semantic_id.tiger_generation_model][INFO] - [rank: 0] Saved cross attention to ./attention_weights/cross_attention_batch_43.pt
[2025-10-29 16:40:35,012][src.models.modules.semantic_id.tiger_generation_model][WARNING] - [rank: 0] Failed to stack cross attentions: stack expects each tensor to be equal size, but got [32, 6, 150] at entry 0 and [32, 6, 2, 150] at entry 1
[2025-10-29 16:40:35,013][src.models.modules.semantic_id.tiger_generation_model][WARNING] - [rank: 0]   Hierarchy 0 shape: torch.Size([32, 6, 150])
[2025-10-29 16:40:35,013][src.models.modules.semantic_id.tiger_generation_model][WARNING] - [rank: 0]   Hierarchy 1 shape: torch.Size([32, 6, 2, 150])
[2025-10-29 16:40:35,013][src.models.modules.semantic_id.tiger_generation_model][WARNING] - [rank: 0]   Hierarchy 2 shape: torch.Size([32, 6, 150])
[2025-10-29 16:40:35,013][src.models.modules.semantic_id.tiger_generation_model][WARNING] - [rank: 0]   Hierarchy 3 shape: torch.Size([32, 6, 150])
[2025-10-29 16:40:35,143][src.models.modules.semantic_id.tiger_generation_model][INFO] - [rank: 0] Saved decoder self-attention to ./attention_weights/decoder_self_attention_batch_44.pt
[2025-10-29 16:40:35,144][src.models.modules.semantic_id.tiger_generation_model][INFO] - [rank: 0] Saved encoder attention to ./attention_weights/encoder_attention_batch_44.pt
[2025-10-29 16:40:35,144][src.models.modules.semantic_id.tiger_generation_model][INFO] - [rank: 0] Saved cross attention to ./attention_weights/cross_attention_batch_44.pt
[2025-10-29 16:40:35,706][src.models.modules.semantic_id.tiger_generation_model][WARNING] - [rank: 0] Failed to stack cross attentions: stack expects each tensor to be equal size, but got [32, 6, 150] at entry 0 and [32, 6, 2, 150] at entry 1
[2025-10-29 16:40:35,707][src.models.modules.semantic_id.tiger_generation_model][WARNING] - [rank: 0]   Hierarchy 0 shape: torch.Size([32, 6, 150])
[2025-10-29 16:40:35,707][src.models.modules.semantic_id.tiger_generation_model][WARNING] - [rank: 0]   Hierarchy 1 shape: torch.Size([32, 6, 2, 150])
[2025-10-29 16:40:35,707][src.models.modules.semantic_id.tiger_generation_model][WARNING] - [rank: 0]   Hierarchy 2 shape: torch.Size([32, 6, 150])
[2025-10-29 16:40:35,707][src.models.modules.semantic_id.tiger_generation_model][WARNING] - [rank: 0]   Hierarchy 3 shape: torch.Size([32, 6, 150])
[2025-10-29 16:40:35,844][src.models.modules.semantic_id.tiger_generation_model][INFO] - [rank: 0] Saved decoder self-attention to ./attention_weights/decoder_self_attention_batch_45.pt
[2025-10-29 16:40:35,844][src.models.modules.semantic_id.tiger_generation_model][INFO] - [rank: 0] Saved encoder attention to ./attention_weights/encoder_attention_batch_45.pt
[2025-10-29 16:40:35,844][src.models.modules.semantic_id.tiger_generation_model][INFO] - [rank: 0] Saved cross attention to ./attention_weights/cross_attention_batch_45.pt
[2025-10-29 16:40:36,380][src.models.modules.semantic_id.tiger_generation_model][WARNING] - [rank: 0] Failed to stack cross attentions: stack expects each tensor to be equal size, but got [32, 6, 150] at entry 0 and [32, 6, 2, 150] at entry 1
[2025-10-29 16:40:36,381][src.models.modules.semantic_id.tiger_generation_model][WARNING] - [rank: 0]   Hierarchy 0 shape: torch.Size([32, 6, 150])
[2025-10-29 16:40:36,381][src.models.modules.semantic_id.tiger_generation_model][WARNING] - [rank: 0]   Hierarchy 1 shape: torch.Size([32, 6, 2, 150])
[2025-10-29 16:40:36,381][src.models.modules.semantic_id.tiger_generation_model][WARNING] - [rank: 0]   Hierarchy 2 shape: torch.Size([32, 6, 150])
[2025-10-29 16:40:36,382][src.models.modules.semantic_id.tiger_generation_model][WARNING] - [rank: 0]   Hierarchy 3 shape: torch.Size([32, 6, 150])
[2025-10-29 16:40:36,506][src.models.modules.semantic_id.tiger_generation_model][INFO] - [rank: 0] Saved decoder self-attention to ./attention_weights/decoder_self_attention_batch_46.pt
[2025-10-29 16:40:36,507][src.models.modules.semantic_id.tiger_generation_model][INFO] - [rank: 0] Saved encoder attention to ./attention_weights/encoder_attention_batch_46.pt
[2025-10-29 16:40:36,507][src.models.modules.semantic_id.tiger_generation_model][INFO] - [rank: 0] Saved cross attention to ./attention_weights/cross_attention_batch_46.pt
[2025-10-29 16:40:37,026][src.models.modules.semantic_id.tiger_generation_model][WARNING] - [rank: 0] Failed to stack cross attentions: stack expects each tensor to be equal size, but got [32, 6, 150] at entry 0 and [32, 6, 2, 150] at entry 1
[2025-10-29 16:40:37,026][src.models.modules.semantic_id.tiger_generation_model][WARNING] - [rank: 0]   Hierarchy 0 shape: torch.Size([32, 6, 150])
[2025-10-29 16:40:37,026][src.models.modules.semantic_id.tiger_generation_model][WARNING] - [rank: 0]   Hierarchy 1 shape: torch.Size([32, 6, 2, 150])
[2025-10-29 16:40:37,026][src.models.modules.semantic_id.tiger_generation_model][WARNING] - [rank: 0]   Hierarchy 2 shape: torch.Size([32, 6, 150])
[2025-10-29 16:40:37,027][src.models.modules.semantic_id.tiger_generation_model][WARNING] - [rank: 0]   Hierarchy 3 shape: torch.Size([32, 6, 150])
[2025-10-29 16:40:37,207][src.models.modules.semantic_id.tiger_generation_model][INFO] - [rank: 0] Saved decoder self-attention to ./attention_weights/decoder_self_attention_batch_47.pt
[2025-10-29 16:40:37,208][src.models.modules.semantic_id.tiger_generation_model][INFO] - [rank: 0] Saved encoder attention to ./attention_weights/encoder_attention_batch_47.pt
[2025-10-29 16:40:37,208][src.models.modules.semantic_id.tiger_generation_model][INFO] - [rank: 0] Saved cross attention to ./attention_weights/cross_attention_batch_47.pt
[2025-10-29 16:40:37,771][src.models.modules.semantic_id.tiger_generation_model][WARNING] - [rank: 0] Failed to stack cross attentions: stack expects each tensor to be equal size, but got [32, 6, 150] at entry 0 and [32, 6, 2, 150] at entry 1
[2025-10-29 16:40:37,772][src.models.modules.semantic_id.tiger_generation_model][WARNING] - [rank: 0]   Hierarchy 0 shape: torch.Size([32, 6, 150])
[2025-10-29 16:40:37,772][src.models.modules.semantic_id.tiger_generation_model][WARNING] - [rank: 0]   Hierarchy 1 shape: torch.Size([32, 6, 2, 150])
[2025-10-29 16:40:37,772][src.models.modules.semantic_id.tiger_generation_model][WARNING] - [rank: 0]   Hierarchy 2 shape: torch.Size([32, 6, 150])
[2025-10-29 16:40:37,772][src.models.modules.semantic_id.tiger_generation_model][WARNING] - [rank: 0]   Hierarchy 3 shape: torch.Size([32, 6, 150])
[2025-10-29 16:40:37,834][src.models.modules.semantic_id.tiger_generation_model][INFO] - [rank: 0] Saved decoder self-attention to ./attention_weights/decoder_self_attention_batch_48.pt
[2025-10-29 16:40:37,834][src.models.modules.semantic_id.tiger_generation_model][INFO] - [rank: 0] Saved encoder attention to ./attention_weights/encoder_attention_batch_48.pt
[2025-10-29 16:40:37,834][src.models.modules.semantic_id.tiger_generation_model][INFO] - [rank: 0] Saved cross attention to ./attention_weights/cross_attention_batch_48.pt
[2025-10-29 16:40:39,087][src.models.modules.semantic_id.tiger_generation_model][WARNING] - [rank: 0] Failed to stack cross attentions: stack expects each tensor to be equal size, but got [32, 6, 150] at entry 0 and [32, 6, 2, 150] at entry 1
[2025-10-29 16:40:39,087][src.models.modules.semantic_id.tiger_generation_model][WARNING] - [rank: 0]   Hierarchy 0 shape: torch.Size([32, 6, 150])
[2025-10-29 16:40:39,087][src.models.modules.semantic_id.tiger_generation_model][WARNING] - [rank: 0]   Hierarchy 1 shape: torch.Size([32, 6, 2, 150])
[2025-10-29 16:40:39,088][src.models.modules.semantic_id.tiger_generation_model][WARNING] - [rank: 0]   Hierarchy 2 shape: torch.Size([32, 6, 150])
[2025-10-29 16:40:39,088][src.models.modules.semantic_id.tiger_generation_model][WARNING] - [rank: 0]   Hierarchy 3 shape: torch.Size([32, 6, 150])
[2025-10-29 16:40:39,290][src.models.modules.semantic_id.tiger_generation_model][INFO] - [rank: 0] Saved decoder self-attention to ./attention_weights/decoder_self_attention_batch_49.pt
[2025-10-29 16:40:39,290][src.models.modules.semantic_id.tiger_generation_model][INFO] - [rank: 0] Saved encoder attention to ./attention_weights/encoder_attention_batch_49.pt
[2025-10-29 16:40:39,291][src.models.modules.semantic_id.tiger_generation_model][INFO] - [rank: 0] Saved cross attention to ./attention_weights/cross_attention_batch_49.pt
[2025-10-29 16:40:39,907][src.models.modules.semantic_id.tiger_generation_model][WARNING] - [rank: 0] Failed to stack cross attentions: stack expects each tensor to be equal size, but got [32, 6, 150] at entry 0 and [32, 6, 2, 150] at entry 1
[2025-10-29 16:40:39,908][src.models.modules.semantic_id.tiger_generation_model][WARNING] - [rank: 0]   Hierarchy 0 shape: torch.Size([32, 6, 150])
[2025-10-29 16:40:39,908][src.models.modules.semantic_id.tiger_generation_model][WARNING] - [rank: 0]   Hierarchy 1 shape: torch.Size([32, 6, 2, 150])
[2025-10-29 16:40:39,909][src.models.modules.semantic_id.tiger_generation_model][WARNING] - [rank: 0]   Hierarchy 2 shape: torch.Size([32, 6, 150])
[2025-10-29 16:40:39,909][src.models.modules.semantic_id.tiger_generation_model][WARNING] - [rank: 0]   Hierarchy 3 shape: torch.Size([32, 6, 150])
[2025-10-29 16:40:40,055][src.models.modules.semantic_id.tiger_generation_model][INFO] - [rank: 0] Saved decoder self-attention to ./attention_weights/decoder_self_attention_batch_50.pt
[2025-10-29 16:40:40,056][src.models.modules.semantic_id.tiger_generation_model][INFO] - [rank: 0] Saved encoder attention to ./attention_weights/encoder_attention_batch_50.pt
[2025-10-29 16:40:40,056][src.models.modules.semantic_id.tiger_generation_model][INFO] - [rank: 0] Saved cross attention to ./attention_weights/cross_attention_batch_50.pt
[2025-10-29 16:40:40,696][src.models.modules.semantic_id.tiger_generation_model][WARNING] - [rank: 0] Failed to stack cross attentions: stack expects each tensor to be equal size, but got [32, 6, 150] at entry 0 and [32, 6, 2, 150] at entry 1
[2025-10-29 16:40:40,697][src.models.modules.semantic_id.tiger_generation_model][WARNING] - [rank: 0]   Hierarchy 0 shape: torch.Size([32, 6, 150])
[2025-10-29 16:40:40,697][src.models.modules.semantic_id.tiger_generation_model][WARNING] - [rank: 0]   Hierarchy 1 shape: torch.Size([32, 6, 2, 150])
[2025-10-29 16:40:40,698][src.models.modules.semantic_id.tiger_generation_model][WARNING] - [rank: 0]   Hierarchy 2 shape: torch.Size([32, 6, 150])
[2025-10-29 16:40:40,698][src.models.modules.semantic_id.tiger_generation_model][WARNING] - [rank: 0]   Hierarchy 3 shape: torch.Size([32, 6, 150])
[2025-10-29 16:40:40,813][src.models.modules.semantic_id.tiger_generation_model][INFO] - [rank: 0] Saved decoder self-attention to ./attention_weights/decoder_self_attention_batch_51.pt
[2025-10-29 16:40:40,813][src.models.modules.semantic_id.tiger_generation_model][INFO] - [rank: 0] Saved encoder attention to ./attention_weights/encoder_attention_batch_51.pt
[2025-10-29 16:40:40,813][src.models.modules.semantic_id.tiger_generation_model][INFO] - [rank: 0] Saved cross attention to ./attention_weights/cross_attention_batch_51.pt
[2025-10-29 16:40:41,382][src.models.modules.semantic_id.tiger_generation_model][WARNING] - [rank: 0] Failed to stack cross attentions: stack expects each tensor to be equal size, but got [32, 6, 150] at entry 0 and [32, 6, 2, 150] at entry 1
[2025-10-29 16:40:41,383][src.models.modules.semantic_id.tiger_generation_model][WARNING] - [rank: 0]   Hierarchy 0 shape: torch.Size([32, 6, 150])
[2025-10-29 16:40:41,383][src.models.modules.semantic_id.tiger_generation_model][WARNING] - [rank: 0]   Hierarchy 1 shape: torch.Size([32, 6, 2, 150])
[2025-10-29 16:40:41,384][src.models.modules.semantic_id.tiger_generation_model][WARNING] - [rank: 0]   Hierarchy 2 shape: torch.Size([32, 6, 150])
[2025-10-29 16:40:41,384][src.models.modules.semantic_id.tiger_generation_model][WARNING] - [rank: 0]   Hierarchy 3 shape: torch.Size([32, 6, 150])
[2025-10-29 16:40:41,509][src.models.modules.semantic_id.tiger_generation_model][INFO] - [rank: 0] Saved decoder self-attention to ./attention_weights/decoder_self_attention_batch_52.pt
[2025-10-29 16:40:41,510][src.models.modules.semantic_id.tiger_generation_model][INFO] - [rank: 0] Saved encoder attention to ./attention_weights/encoder_attention_batch_52.pt
[2025-10-29 16:40:41,510][src.models.modules.semantic_id.tiger_generation_model][INFO] - [rank: 0] Saved cross attention to ./attention_weights/cross_attention_batch_52.pt
[2025-10-29 16:40:42,103][src.models.modules.semantic_id.tiger_generation_model][WARNING] - [rank: 0] Failed to stack cross attentions: stack expects each tensor to be equal size, but got [32, 6, 150] at entry 0 and [32, 6, 2, 150] at entry 1
[2025-10-29 16:40:42,104][src.models.modules.semantic_id.tiger_generation_model][WARNING] - [rank: 0]   Hierarchy 0 shape: torch.Size([32, 6, 150])
[2025-10-29 16:40:42,104][src.models.modules.semantic_id.tiger_generation_model][WARNING] - [rank: 0]   Hierarchy 1 shape: torch.Size([32, 6, 2, 150])
[2025-10-29 16:40:42,104][src.models.modules.semantic_id.tiger_generation_model][WARNING] - [rank: 0]   Hierarchy 2 shape: torch.Size([32, 6, 150])
[2025-10-29 16:40:42,105][src.models.modules.semantic_id.tiger_generation_model][WARNING] - [rank: 0]   Hierarchy 3 shape: torch.Size([32, 6, 150])
[2025-10-29 16:40:42,219][src.models.modules.semantic_id.tiger_generation_model][INFO] - [rank: 0] Saved decoder self-attention to ./attention_weights/decoder_self_attention_batch_53.pt
[2025-10-29 16:40:42,219][src.models.modules.semantic_id.tiger_generation_model][INFO] - [rank: 0] Saved encoder attention to ./attention_weights/encoder_attention_batch_53.pt
[2025-10-29 16:40:42,220][src.models.modules.semantic_id.tiger_generation_model][INFO] - [rank: 0] Saved cross attention to ./attention_weights/cross_attention_batch_53.pt
[2025-10-29 16:40:42,857][src.models.modules.semantic_id.tiger_generation_model][WARNING] - [rank: 0] Failed to stack cross attentions: stack expects each tensor to be equal size, but got [32, 6, 150] at entry 0 and [32, 6, 2, 150] at entry 1
[2025-10-29 16:40:42,857][src.models.modules.semantic_id.tiger_generation_model][WARNING] - [rank: 0]   Hierarchy 0 shape: torch.Size([32, 6, 150])
[2025-10-29 16:40:42,857][src.models.modules.semantic_id.tiger_generation_model][WARNING] - [rank: 0]   Hierarchy 1 shape: torch.Size([32, 6, 2, 150])
[2025-10-29 16:40:42,858][src.models.modules.semantic_id.tiger_generation_model][WARNING] - [rank: 0]   Hierarchy 2 shape: torch.Size([32, 6, 150])
[2025-10-29 16:40:42,858][src.models.modules.semantic_id.tiger_generation_model][WARNING] - [rank: 0]   Hierarchy 3 shape: torch.Size([32, 6, 150])
[2025-10-29 16:40:42,961][src.models.modules.semantic_id.tiger_generation_model][INFO] - [rank: 0] Saved decoder self-attention to ./attention_weights/decoder_self_attention_batch_54.pt
[2025-10-29 16:40:42,961][src.models.modules.semantic_id.tiger_generation_model][INFO] - [rank: 0] Saved encoder attention to ./attention_weights/encoder_attention_batch_54.pt
[2025-10-29 16:40:42,962][src.models.modules.semantic_id.tiger_generation_model][INFO] - [rank: 0] Saved cross attention to ./attention_weights/cross_attention_batch_54.pt
[2025-10-29 16:40:43,612][src.models.modules.semantic_id.tiger_generation_model][WARNING] - [rank: 0] Failed to stack cross attentions: stack expects each tensor to be equal size, but got [32, 6, 150] at entry 0 and [32, 6, 2, 150] at entry 1
[2025-10-29 16:40:43,613][src.models.modules.semantic_id.tiger_generation_model][WARNING] - [rank: 0]   Hierarchy 0 shape: torch.Size([32, 6, 150])
[2025-10-29 16:40:43,613][src.models.modules.semantic_id.tiger_generation_model][WARNING] - [rank: 0]   Hierarchy 1 shape: torch.Size([32, 6, 2, 150])
[2025-10-29 16:40:43,613][src.models.modules.semantic_id.tiger_generation_model][WARNING] - [rank: 0]   Hierarchy 2 shape: torch.Size([32, 6, 150])
[2025-10-29 16:40:43,614][src.models.modules.semantic_id.tiger_generation_model][WARNING] - [rank: 0]   Hierarchy 3 shape: torch.Size([32, 6, 150])
[2025-10-29 16:40:43,759][src.models.modules.semantic_id.tiger_generation_model][INFO] - [rank: 0] Saved decoder self-attention to ./attention_weights/decoder_self_attention_batch_55.pt
[2025-10-29 16:40:43,759][src.models.modules.semantic_id.tiger_generation_model][INFO] - [rank: 0] Saved encoder attention to ./attention_weights/encoder_attention_batch_55.pt
[2025-10-29 16:40:43,759][src.models.modules.semantic_id.tiger_generation_model][INFO] - [rank: 0] Saved cross attention to ./attention_weights/cross_attention_batch_55.pt
[2025-10-29 16:40:44,282][src.models.modules.semantic_id.tiger_generation_model][WARNING] - [rank: 0] Failed to stack cross attentions: stack expects each tensor to be equal size, but got [32, 6, 150] at entry 0 and [32, 6, 2, 150] at entry 1
[2025-10-29 16:40:44,283][src.models.modules.semantic_id.tiger_generation_model][WARNING] - [rank: 0]   Hierarchy 0 shape: torch.Size([32, 6, 150])
[2025-10-29 16:40:44,283][src.models.modules.semantic_id.tiger_generation_model][WARNING] - [rank: 0]   Hierarchy 1 shape: torch.Size([32, 6, 2, 150])
[2025-10-29 16:40:44,284][src.models.modules.semantic_id.tiger_generation_model][WARNING] - [rank: 0]   Hierarchy 2 shape: torch.Size([32, 6, 150])
[2025-10-29 16:40:44,284][src.models.modules.semantic_id.tiger_generation_model][WARNING] - [rank: 0]   Hierarchy 3 shape: torch.Size([32, 6, 150])
[2025-10-29 16:40:44,402][src.models.modules.semantic_id.tiger_generation_model][INFO] - [rank: 0] Saved decoder self-attention to ./attention_weights/decoder_self_attention_batch_56.pt
[2025-10-29 16:40:44,403][src.models.modules.semantic_id.tiger_generation_model][INFO] - [rank: 0] Saved encoder attention to ./attention_weights/encoder_attention_batch_56.pt
[2025-10-29 16:40:44,403][src.models.modules.semantic_id.tiger_generation_model][INFO] - [rank: 0] Saved cross attention to ./attention_weights/cross_attention_batch_56.pt
[2025-10-29 16:40:44,944][src.models.modules.semantic_id.tiger_generation_model][WARNING] - [rank: 0] Failed to stack cross attentions: stack expects each tensor to be equal size, but got [32, 6, 150] at entry 0 and [32, 6, 2, 150] at entry 1
[2025-10-29 16:40:44,945][src.models.modules.semantic_id.tiger_generation_model][WARNING] - [rank: 0]   Hierarchy 0 shape: torch.Size([32, 6, 150])
[2025-10-29 16:40:44,945][src.models.modules.semantic_id.tiger_generation_model][WARNING] - [rank: 0]   Hierarchy 1 shape: torch.Size([32, 6, 2, 150])
[2025-10-29 16:40:44,945][src.models.modules.semantic_id.tiger_generation_model][WARNING] - [rank: 0]   Hierarchy 2 shape: torch.Size([32, 6, 150])
[2025-10-29 16:40:44,945][src.models.modules.semantic_id.tiger_generation_model][WARNING] - [rank: 0]   Hierarchy 3 shape: torch.Size([32, 6, 150])
[2025-10-29 16:40:45,088][src.models.modules.semantic_id.tiger_generation_model][INFO] - [rank: 0] Saved decoder self-attention to ./attention_weights/decoder_self_attention_batch_57.pt
[2025-10-29 16:40:45,088][src.models.modules.semantic_id.tiger_generation_model][INFO] - [rank: 0] Saved encoder attention to ./attention_weights/encoder_attention_batch_57.pt
[2025-10-29 16:40:45,089][src.models.modules.semantic_id.tiger_generation_model][INFO] - [rank: 0] Saved cross attention to ./attention_weights/cross_attention_batch_57.pt
[2025-10-29 16:40:45,623][src.models.modules.semantic_id.tiger_generation_model][WARNING] - [rank: 0] Failed to stack cross attentions: stack expects each tensor to be equal size, but got [32, 6, 150] at entry 0 and [32, 6, 2, 150] at entry 1
[2025-10-29 16:40:45,623][src.models.modules.semantic_id.tiger_generation_model][WARNING] - [rank: 0]   Hierarchy 0 shape: torch.Size([32, 6, 150])
[2025-10-29 16:40:45,624][src.models.modules.semantic_id.tiger_generation_model][WARNING] - [rank: 0]   Hierarchy 1 shape: torch.Size([32, 6, 2, 150])
[2025-10-29 16:40:45,624][src.models.modules.semantic_id.tiger_generation_model][WARNING] - [rank: 0]   Hierarchy 2 shape: torch.Size([32, 6, 150])
[2025-10-29 16:40:45,624][src.models.modules.semantic_id.tiger_generation_model][WARNING] - [rank: 0]   Hierarchy 3 shape: torch.Size([32, 6, 150])
[2025-10-29 16:40:45,756][src.models.modules.semantic_id.tiger_generation_model][INFO] - [rank: 0] Saved decoder self-attention to ./attention_weights/decoder_self_attention_batch_58.pt
[2025-10-29 16:40:45,757][src.models.modules.semantic_id.tiger_generation_model][INFO] - [rank: 0] Saved encoder attention to ./attention_weights/encoder_attention_batch_58.pt
[2025-10-29 16:40:45,757][src.models.modules.semantic_id.tiger_generation_model][INFO] - [rank: 0] Saved cross attention to ./attention_weights/cross_attention_batch_58.pt
[2025-10-29 16:40:46,303][src.models.modules.semantic_id.tiger_generation_model][WARNING] - [rank: 0] Failed to stack cross attentions: stack expects each tensor to be equal size, but got [32, 6, 150] at entry 0 and [32, 6, 2, 150] at entry 1
[2025-10-29 16:40:46,305][src.models.modules.semantic_id.tiger_generation_model][WARNING] - [rank: 0]   Hierarchy 0 shape: torch.Size([32, 6, 150])
[2025-10-29 16:40:46,305][src.models.modules.semantic_id.tiger_generation_model][WARNING] - [rank: 0]   Hierarchy 1 shape: torch.Size([32, 6, 2, 150])
[2025-10-29 16:40:46,305][src.models.modules.semantic_id.tiger_generation_model][WARNING] - [rank: 0]   Hierarchy 2 shape: torch.Size([32, 6, 150])
[2025-10-29 16:40:46,306][src.models.modules.semantic_id.tiger_generation_model][WARNING] - [rank: 0]   Hierarchy 3 shape: torch.Size([32, 6, 150])
[2025-10-29 16:40:46,430][src.models.modules.semantic_id.tiger_generation_model][INFO] - [rank: 0] Saved decoder self-attention to ./attention_weights/decoder_self_attention_batch_59.pt
[2025-10-29 16:40:46,430][src.models.modules.semantic_id.tiger_generation_model][INFO] - [rank: 0] Saved encoder attention to ./attention_weights/encoder_attention_batch_59.pt
[2025-10-29 16:40:46,430][src.models.modules.semantic_id.tiger_generation_model][INFO] - [rank: 0] Saved cross attention to ./attention_weights/cross_attention_batch_59.pt
[2025-10-29 16:40:47,002][src.models.modules.semantic_id.tiger_generation_model][WARNING] - [rank: 0] Failed to stack cross attentions: stack expects each tensor to be equal size, but got [32, 6, 150] at entry 0 and [32, 6, 2, 150] at entry 1
[2025-10-29 16:40:47,003][src.models.modules.semantic_id.tiger_generation_model][WARNING] - [rank: 0]   Hierarchy 0 shape: torch.Size([32, 6, 150])
[2025-10-29 16:40:47,003][src.models.modules.semantic_id.tiger_generation_model][WARNING] - [rank: 0]   Hierarchy 1 shape: torch.Size([32, 6, 2, 150])
[2025-10-29 16:40:47,004][src.models.modules.semantic_id.tiger_generation_model][WARNING] - [rank: 0]   Hierarchy 2 shape: torch.Size([32, 6, 150])
[2025-10-29 16:40:47,004][src.models.modules.semantic_id.tiger_generation_model][WARNING] - [rank: 0]   Hierarchy 3 shape: torch.Size([32, 6, 150])
[2025-10-29 16:40:47,140][src.models.modules.semantic_id.tiger_generation_model][INFO] - [rank: 0] Saved decoder self-attention to ./attention_weights/decoder_self_attention_batch_60.pt
[2025-10-29 16:40:47,141][src.models.modules.semantic_id.tiger_generation_model][INFO] - [rank: 0] Saved encoder attention to ./attention_weights/encoder_attention_batch_60.pt
[2025-10-29 16:40:47,142][src.models.modules.semantic_id.tiger_generation_model][INFO] - [rank: 0] Saved cross attention to ./attention_weights/cross_attention_batch_60.pt
[2025-10-29 16:40:47,698][src.models.modules.semantic_id.tiger_generation_model][WARNING] - [rank: 0] Failed to stack cross attentions: stack expects each tensor to be equal size, but got [32, 6, 150] at entry 0 and [32, 6, 2, 150] at entry 1
[2025-10-29 16:40:47,699][src.models.modules.semantic_id.tiger_generation_model][WARNING] - [rank: 0]   Hierarchy 0 shape: torch.Size([32, 6, 150])
[2025-10-29 16:40:47,699][src.models.modules.semantic_id.tiger_generation_model][WARNING] - [rank: 0]   Hierarchy 1 shape: torch.Size([32, 6, 2, 150])
[2025-10-29 16:40:47,699][src.models.modules.semantic_id.tiger_generation_model][WARNING] - [rank: 0]   Hierarchy 2 shape: torch.Size([32, 6, 150])
[2025-10-29 16:40:47,700][src.models.modules.semantic_id.tiger_generation_model][WARNING] - [rank: 0]   Hierarchy 3 shape: torch.Size([32, 6, 150])
[2025-10-29 16:40:47,813][src.models.modules.semantic_id.tiger_generation_model][INFO] - [rank: 0] Saved decoder self-attention to ./attention_weights/decoder_self_attention_batch_61.pt
[2025-10-29 16:40:47,814][src.models.modules.semantic_id.tiger_generation_model][INFO] - [rank: 0] Saved encoder attention to ./attention_weights/encoder_attention_batch_61.pt
[2025-10-29 16:40:47,814][src.models.modules.semantic_id.tiger_generation_model][INFO] - [rank: 0] Saved cross attention to ./attention_weights/cross_attention_batch_61.pt
[2025-10-29 16:40:48,326][src.models.modules.semantic_id.tiger_generation_model][WARNING] - [rank: 0] Failed to stack cross attentions: stack expects each tensor to be equal size, but got [32, 6, 150] at entry 0 and [32, 6, 2, 150] at entry 1
[2025-10-29 16:40:48,326][src.models.modules.semantic_id.tiger_generation_model][WARNING] - [rank: 0]   Hierarchy 0 shape: torch.Size([32, 6, 150])
[2025-10-29 16:40:48,327][src.models.modules.semantic_id.tiger_generation_model][WARNING] - [rank: 0]   Hierarchy 1 shape: torch.Size([32, 6, 2, 150])
[2025-10-29 16:40:48,327][src.models.modules.semantic_id.tiger_generation_model][WARNING] - [rank: 0]   Hierarchy 2 shape: torch.Size([32, 6, 150])
[2025-10-29 16:40:48,327][src.models.modules.semantic_id.tiger_generation_model][WARNING] - [rank: 0]   Hierarchy 3 shape: torch.Size([32, 6, 150])
[2025-10-29 16:40:48,429][src.models.modules.semantic_id.tiger_generation_model][INFO] - [rank: 0] Saved decoder self-attention to ./attention_weights/decoder_self_attention_batch_62.pt
[2025-10-29 16:40:48,429][src.models.modules.semantic_id.tiger_generation_model][INFO] - [rank: 0] Saved encoder attention to ./attention_weights/encoder_attention_batch_62.pt
[2025-10-29 16:40:48,430][src.models.modules.semantic_id.tiger_generation_model][INFO] - [rank: 0] Saved cross attention to ./attention_weights/cross_attention_batch_62.pt
[2025-10-29 16:40:48,997][src.models.modules.semantic_id.tiger_generation_model][WARNING] - [rank: 0] Failed to stack cross attentions: stack expects each tensor to be equal size, but got [32, 6, 150] at entry 0 and [32, 6, 2, 150] at entry 1
[2025-10-29 16:40:48,998][src.models.modules.semantic_id.tiger_generation_model][WARNING] - [rank: 0]   Hierarchy 0 shape: torch.Size([32, 6, 150])
[2025-10-29 16:40:48,998][src.models.modules.semantic_id.tiger_generation_model][WARNING] - [rank: 0]   Hierarchy 1 shape: torch.Size([32, 6, 2, 150])
[2025-10-29 16:40:48,998][src.models.modules.semantic_id.tiger_generation_model][WARNING] - [rank: 0]   Hierarchy 2 shape: torch.Size([32, 6, 150])
[2025-10-29 16:40:48,999][src.models.modules.semantic_id.tiger_generation_model][WARNING] - [rank: 0]   Hierarchy 3 shape: torch.Size([32, 6, 150])
[2025-10-29 16:40:49,121][src.models.modules.semantic_id.tiger_generation_model][INFO] - [rank: 0] Saved decoder self-attention to ./attention_weights/decoder_self_attention_batch_63.pt
[2025-10-29 16:40:49,122][src.models.modules.semantic_id.tiger_generation_model][INFO] - [rank: 0] Saved encoder attention to ./attention_weights/encoder_attention_batch_63.pt
[2025-10-29 16:40:49,122][src.models.modules.semantic_id.tiger_generation_model][INFO] - [rank: 0] Saved cross attention to ./attention_weights/cross_attention_batch_63.pt
[2025-10-29 16:40:49,700][src.models.modules.semantic_id.tiger_generation_model][WARNING] - [rank: 0] Failed to stack cross attentions: stack expects each tensor to be equal size, but got [32, 6, 150] at entry 0 and [32, 6, 2, 150] at entry 1
[2025-10-29 16:40:49,701][src.models.modules.semantic_id.tiger_generation_model][WARNING] - [rank: 0]   Hierarchy 0 shape: torch.Size([32, 6, 150])
[2025-10-29 16:40:49,703][src.models.modules.semantic_id.tiger_generation_model][WARNING] - [rank: 0]   Hierarchy 1 shape: torch.Size([32, 6, 2, 150])
[2025-10-29 16:40:49,704][src.models.modules.semantic_id.tiger_generation_model][WARNING] - [rank: 0]   Hierarchy 2 shape: torch.Size([32, 6, 150])
[2025-10-29 16:40:49,704][src.models.modules.semantic_id.tiger_generation_model][WARNING] - [rank: 0]   Hierarchy 3 shape: torch.Size([32, 6, 150])
[2025-10-29 16:40:49,819][src.models.modules.semantic_id.tiger_generation_model][INFO] - [rank: 0] Saved decoder self-attention to ./attention_weights/decoder_self_attention_batch_64.pt
[2025-10-29 16:40:49,819][src.models.modules.semantic_id.tiger_generation_model][INFO] - [rank: 0] Saved encoder attention to ./attention_weights/encoder_attention_batch_64.pt
[2025-10-29 16:40:49,820][src.models.modules.semantic_id.tiger_generation_model][INFO] - [rank: 0] Saved cross attention to ./attention_weights/cross_attention_batch_64.pt
[2025-10-29 16:40:50,400][src.models.modules.semantic_id.tiger_generation_model][WARNING] - [rank: 0] Failed to stack cross attentions: stack expects each tensor to be equal size, but got [32, 6, 150] at entry 0 and [32, 6, 2, 150] at entry 1
[2025-10-29 16:40:50,401][src.models.modules.semantic_id.tiger_generation_model][WARNING] - [rank: 0]   Hierarchy 0 shape: torch.Size([32, 6, 150])
[2025-10-29 16:40:50,401][src.models.modules.semantic_id.tiger_generation_model][WARNING] - [rank: 0]   Hierarchy 1 shape: torch.Size([32, 6, 2, 150])
[2025-10-29 16:40:50,401][src.models.modules.semantic_id.tiger_generation_model][WARNING] - [rank: 0]   Hierarchy 2 shape: torch.Size([32, 6, 150])
[2025-10-29 16:40:50,402][src.models.modules.semantic_id.tiger_generation_model][WARNING] - [rank: 0]   Hierarchy 3 shape: torch.Size([32, 6, 150])
[2025-10-29 16:40:50,541][src.models.modules.semantic_id.tiger_generation_model][INFO] - [rank: 0] Saved decoder self-attention to ./attention_weights/decoder_self_attention_batch_65.pt
[2025-10-29 16:40:50,541][src.models.modules.semantic_id.tiger_generation_model][INFO] - [rank: 0] Saved encoder attention to ./attention_weights/encoder_attention_batch_65.pt
[2025-10-29 16:40:50,542][src.models.modules.semantic_id.tiger_generation_model][INFO] - [rank: 0] Saved cross attention to ./attention_weights/cross_attention_batch_65.pt
[2025-10-29 16:40:51,074][src.models.modules.semantic_id.tiger_generation_model][WARNING] - [rank: 0] Failed to stack cross attentions: stack expects each tensor to be equal size, but got [32, 6, 150] at entry 0 and [32, 6, 2, 150] at entry 1
[2025-10-29 16:40:51,075][src.models.modules.semantic_id.tiger_generation_model][WARNING] - [rank: 0]   Hierarchy 0 shape: torch.Size([32, 6, 150])
[2025-10-29 16:40:51,075][src.models.modules.semantic_id.tiger_generation_model][WARNING] - [rank: 0]   Hierarchy 1 shape: torch.Size([32, 6, 2, 150])
[2025-10-29 16:40:51,076][src.models.modules.semantic_id.tiger_generation_model][WARNING] - [rank: 0]   Hierarchy 2 shape: torch.Size([32, 6, 150])
[2025-10-29 16:40:51,076][src.models.modules.semantic_id.tiger_generation_model][WARNING] - [rank: 0]   Hierarchy 3 shape: torch.Size([32, 6, 150])
[2025-10-29 16:40:51,189][src.models.modules.semantic_id.tiger_generation_model][INFO] - [rank: 0] Saved decoder self-attention to ./attention_weights/decoder_self_attention_batch_66.pt
[2025-10-29 16:40:51,190][src.models.modules.semantic_id.tiger_generation_model][INFO] - [rank: 0] Saved encoder attention to ./attention_weights/encoder_attention_batch_66.pt
[2025-10-29 16:40:51,190][src.models.modules.semantic_id.tiger_generation_model][INFO] - [rank: 0] Saved cross attention to ./attention_weights/cross_attention_batch_66.pt
[2025-10-29 16:40:51,696][src.models.modules.semantic_id.tiger_generation_model][WARNING] - [rank: 0] Failed to stack cross attentions: stack expects each tensor to be equal size, but got [32, 6, 150] at entry 0 and [32, 6, 2, 150] at entry 1
[2025-10-29 16:40:51,697][src.models.modules.semantic_id.tiger_generation_model][WARNING] - [rank: 0]   Hierarchy 0 shape: torch.Size([32, 6, 150])
[2025-10-29 16:40:51,697][src.models.modules.semantic_id.tiger_generation_model][WARNING] - [rank: 0]   Hierarchy 1 shape: torch.Size([32, 6, 2, 150])
[2025-10-29 16:40:51,698][src.models.modules.semantic_id.tiger_generation_model][WARNING] - [rank: 0]   Hierarchy 2 shape: torch.Size([32, 6, 150])
[2025-10-29 16:40:51,698][src.models.modules.semantic_id.tiger_generation_model][WARNING] - [rank: 0]   Hierarchy 3 shape: torch.Size([32, 6, 150])
[2025-10-29 16:40:51,831][src.models.modules.semantic_id.tiger_generation_model][INFO] - [rank: 0] Saved decoder self-attention to ./attention_weights/decoder_self_attention_batch_67.pt
[2025-10-29 16:40:51,831][src.models.modules.semantic_id.tiger_generation_model][INFO] - [rank: 0] Saved encoder attention to ./attention_weights/encoder_attention_batch_67.pt
[2025-10-29 16:40:51,832][src.models.modules.semantic_id.tiger_generation_model][INFO] - [rank: 0] Saved cross attention to ./attention_weights/cross_attention_batch_67.pt
[2025-10-29 16:40:52,479][src.models.modules.semantic_id.tiger_generation_model][WARNING] - [rank: 0] Failed to stack cross attentions: stack expects each tensor to be equal size, but got [32, 6, 150] at entry 0 and [32, 6, 2, 150] at entry 1
[2025-10-29 16:40:52,480][src.models.modules.semantic_id.tiger_generation_model][WARNING] - [rank: 0]   Hierarchy 0 shape: torch.Size([32, 6, 150])
[2025-10-29 16:40:52,480][src.models.modules.semantic_id.tiger_generation_model][WARNING] - [rank: 0]   Hierarchy 1 shape: torch.Size([32, 6, 2, 150])
[2025-10-29 16:40:52,480][src.models.modules.semantic_id.tiger_generation_model][WARNING] - [rank: 0]   Hierarchy 2 shape: torch.Size([32, 6, 150])
[2025-10-29 16:40:52,480][src.models.modules.semantic_id.tiger_generation_model][WARNING] - [rank: 0]   Hierarchy 3 shape: torch.Size([32, 6, 150])
[2025-10-29 16:40:52,589][src.models.modules.semantic_id.tiger_generation_model][INFO] - [rank: 0] Saved decoder self-attention to ./attention_weights/decoder_self_attention_batch_68.pt
[2025-10-29 16:40:52,590][src.models.modules.semantic_id.tiger_generation_model][INFO] - [rank: 0] Saved encoder attention to ./attention_weights/encoder_attention_batch_68.pt
[2025-10-29 16:40:52,590][src.models.modules.semantic_id.tiger_generation_model][INFO] - [rank: 0] Saved cross attention to ./attention_weights/cross_attention_batch_68.pt
[2025-10-29 16:40:53,118][src.models.modules.semantic_id.tiger_generation_model][WARNING] - [rank: 0] Failed to stack cross attentions: stack expects each tensor to be equal size, but got [32, 6, 150] at entry 0 and [32, 6, 2, 150] at entry 1
[2025-10-29 16:40:53,118][src.models.modules.semantic_id.tiger_generation_model][WARNING] - [rank: 0]   Hierarchy 0 shape: torch.Size([32, 6, 150])
[2025-10-29 16:40:53,118][src.models.modules.semantic_id.tiger_generation_model][WARNING] - [rank: 0]   Hierarchy 1 shape: torch.Size([32, 6, 2, 150])
[2025-10-29 16:40:53,119][src.models.modules.semantic_id.tiger_generation_model][WARNING] - [rank: 0]   Hierarchy 2 shape: torch.Size([32, 6, 150])
[2025-10-29 16:40:53,119][src.models.modules.semantic_id.tiger_generation_model][WARNING] - [rank: 0]   Hierarchy 3 shape: torch.Size([32, 6, 150])
[2025-10-29 16:40:53,229][src.models.modules.semantic_id.tiger_generation_model][INFO] - [rank: 0] Saved decoder self-attention to ./attention_weights/decoder_self_attention_batch_69.pt
[2025-10-29 16:40:53,229][src.models.modules.semantic_id.tiger_generation_model][INFO] - [rank: 0] Saved encoder attention to ./attention_weights/encoder_attention_batch_69.pt
[2025-10-29 16:40:53,229][src.models.modules.semantic_id.tiger_generation_model][INFO] - [rank: 0] Saved cross attention to ./attention_weights/cross_attention_batch_69.pt
[2025-10-29 16:40:53,789][src.models.modules.semantic_id.tiger_generation_model][WARNING] - [rank: 0] Failed to stack cross attentions: stack expects each tensor to be equal size, but got [32, 6, 150] at entry 0 and [32, 6, 2, 150] at entry 1
[2025-10-29 16:40:53,790][src.models.modules.semantic_id.tiger_generation_model][WARNING] - [rank: 0]   Hierarchy 0 shape: torch.Size([32, 6, 150])
[2025-10-29 16:40:53,790][src.models.modules.semantic_id.tiger_generation_model][WARNING] - [rank: 0]   Hierarchy 1 shape: torch.Size([32, 6, 2, 150])
[2025-10-29 16:40:53,790][src.models.modules.semantic_id.tiger_generation_model][WARNING] - [rank: 0]   Hierarchy 2 shape: torch.Size([32, 6, 150])
[2025-10-29 16:40:53,791][src.models.modules.semantic_id.tiger_generation_model][WARNING] - [rank: 0]   Hierarchy 3 shape: torch.Size([32, 6, 150])
[2025-10-29 16:40:53,931][src.models.modules.semantic_id.tiger_generation_model][INFO] - [rank: 0] Saved decoder self-attention to ./attention_weights/decoder_self_attention_batch_70.pt
[2025-10-29 16:40:53,931][src.models.modules.semantic_id.tiger_generation_model][INFO] - [rank: 0] Saved encoder attention to ./attention_weights/encoder_attention_batch_70.pt
[2025-10-29 16:40:53,931][src.models.modules.semantic_id.tiger_generation_model][INFO] - [rank: 0] Saved cross attention to ./attention_weights/cross_attention_batch_70.pt
[2025-10-29 16:40:54,516][src.models.modules.semantic_id.tiger_generation_model][WARNING] - [rank: 0] Failed to stack cross attentions: stack expects each tensor to be equal size, but got [32, 6, 150] at entry 0 and [32, 6, 2, 150] at entry 1
[2025-10-29 16:40:54,517][src.models.modules.semantic_id.tiger_generation_model][WARNING] - [rank: 0]   Hierarchy 0 shape: torch.Size([32, 6, 150])
[2025-10-29 16:40:54,517][src.models.modules.semantic_id.tiger_generation_model][WARNING] - [rank: 0]   Hierarchy 1 shape: torch.Size([32, 6, 2, 150])
[2025-10-29 16:40:54,517][src.models.modules.semantic_id.tiger_generation_model][WARNING] - [rank: 0]   Hierarchy 2 shape: torch.Size([32, 6, 150])
[2025-10-29 16:40:54,518][src.models.modules.semantic_id.tiger_generation_model][WARNING] - [rank: 0]   Hierarchy 3 shape: torch.Size([32, 6, 150])
[2025-10-29 16:40:54,629][src.models.modules.semantic_id.tiger_generation_model][INFO] - [rank: 0] Saved decoder self-attention to ./attention_weights/decoder_self_attention_batch_71.pt
[2025-10-29 16:40:54,629][src.models.modules.semantic_id.tiger_generation_model][INFO] - [rank: 0] Saved encoder attention to ./attention_weights/encoder_attention_batch_71.pt
[2025-10-29 16:40:54,629][src.models.modules.semantic_id.tiger_generation_model][INFO] - [rank: 0] Saved cross attention to ./attention_weights/cross_attention_batch_71.pt
[2025-10-29 16:40:55,146][src.models.modules.semantic_id.tiger_generation_model][WARNING] - [rank: 0] Failed to stack cross attentions: stack expects each tensor to be equal size, but got [32, 6, 150] at entry 0 and [32, 6, 2, 150] at entry 1
[2025-10-29 16:40:55,146][src.models.modules.semantic_id.tiger_generation_model][WARNING] - [rank: 0]   Hierarchy 0 shape: torch.Size([32, 6, 150])
[2025-10-29 16:40:55,147][src.models.modules.semantic_id.tiger_generation_model][WARNING] - [rank: 0]   Hierarchy 1 shape: torch.Size([32, 6, 2, 150])
[2025-10-29 16:40:55,147][src.models.modules.semantic_id.tiger_generation_model][WARNING] - [rank: 0]   Hierarchy 2 shape: torch.Size([32, 6, 150])
[2025-10-29 16:40:55,147][src.models.modules.semantic_id.tiger_generation_model][WARNING] - [rank: 0]   Hierarchy 3 shape: torch.Size([32, 6, 150])
[2025-10-29 16:40:55,284][src.models.modules.semantic_id.tiger_generation_model][INFO] - [rank: 0] Saved decoder self-attention to ./attention_weights/decoder_self_attention_batch_72.pt
[2025-10-29 16:40:55,284][src.models.modules.semantic_id.tiger_generation_model][INFO] - [rank: 0] Saved encoder attention to ./attention_weights/encoder_attention_batch_72.pt
[2025-10-29 16:40:55,284][src.models.modules.semantic_id.tiger_generation_model][INFO] - [rank: 0] Saved cross attention to ./attention_weights/cross_attention_batch_72.pt
[2025-10-29 16:40:55,785][src.models.modules.semantic_id.tiger_generation_model][WARNING] - [rank: 0] Failed to stack cross attentions: stack expects each tensor to be equal size, but got [32, 6, 150] at entry 0 and [32, 6, 2, 150] at entry 1
[2025-10-29 16:40:55,786][src.models.modules.semantic_id.tiger_generation_model][WARNING] - [rank: 0]   Hierarchy 0 shape: torch.Size([32, 6, 150])
[2025-10-29 16:40:55,787][src.models.modules.semantic_id.tiger_generation_model][WARNING] - [rank: 0]   Hierarchy 1 shape: torch.Size([32, 6, 2, 150])
[2025-10-29 16:40:55,787][src.models.modules.semantic_id.tiger_generation_model][WARNING] - [rank: 0]   Hierarchy 2 shape: torch.Size([32, 6, 150])
[2025-10-29 16:40:55,787][src.models.modules.semantic_id.tiger_generation_model][WARNING] - [rank: 0]   Hierarchy 3 shape: torch.Size([32, 6, 150])
[2025-10-29 16:40:55,922][src.models.modules.semantic_id.tiger_generation_model][INFO] - [rank: 0] Saved decoder self-attention to ./attention_weights/decoder_self_attention_batch_73.pt
[2025-10-29 16:40:55,923][src.models.modules.semantic_id.tiger_generation_model][INFO] - [rank: 0] Saved encoder attention to ./attention_weights/encoder_attention_batch_73.pt
[2025-10-29 16:40:55,923][src.models.modules.semantic_id.tiger_generation_model][INFO] - [rank: 0] Saved cross attention to ./attention_weights/cross_attention_batch_73.pt
[2025-10-29 16:40:56,462][src.models.modules.semantic_id.tiger_generation_model][WARNING] - [rank: 0] Failed to stack cross attentions: stack expects each tensor to be equal size, but got [32, 6, 150] at entry 0 and [32, 6, 2, 150] at entry 1
[2025-10-29 16:40:56,464][src.models.modules.semantic_id.tiger_generation_model][WARNING] - [rank: 0]   Hierarchy 0 shape: torch.Size([32, 6, 150])
[2025-10-29 16:40:56,464][src.models.modules.semantic_id.tiger_generation_model][WARNING] - [rank: 0]   Hierarchy 1 shape: torch.Size([32, 6, 2, 150])
[2025-10-29 16:40:56,464][src.models.modules.semantic_id.tiger_generation_model][WARNING] - [rank: 0]   Hierarchy 2 shape: torch.Size([32, 6, 150])
[2025-10-29 16:40:56,465][src.models.modules.semantic_id.tiger_generation_model][WARNING] - [rank: 0]   Hierarchy 3 shape: torch.Size([32, 6, 150])
[2025-10-29 16:40:56,599][src.models.modules.semantic_id.tiger_generation_model][INFO] - [rank: 0] Saved decoder self-attention to ./attention_weights/decoder_self_attention_batch_74.pt
[2025-10-29 16:40:56,600][src.models.modules.semantic_id.tiger_generation_model][INFO] - [rank: 0] Saved encoder attention to ./attention_weights/encoder_attention_batch_74.pt
[2025-10-29 16:40:56,600][src.models.modules.semantic_id.tiger_generation_model][INFO] - [rank: 0] Saved cross attention to ./attention_weights/cross_attention_batch_74.pt
[2025-10-29 16:40:57,118][src.models.modules.semantic_id.tiger_generation_model][WARNING] - [rank: 0] Failed to stack cross attentions: stack expects each tensor to be equal size, but got [32, 6, 150] at entry 0 and [32, 6, 2, 150] at entry 1
[2025-10-29 16:40:57,119][src.models.modules.semantic_id.tiger_generation_model][WARNING] - [rank: 0]   Hierarchy 0 shape: torch.Size([32, 6, 150])
[2025-10-29 16:40:57,119][src.models.modules.semantic_id.tiger_generation_model][WARNING] - [rank: 0]   Hierarchy 1 shape: torch.Size([32, 6, 2, 150])
[2025-10-29 16:40:57,120][src.models.modules.semantic_id.tiger_generation_model][WARNING] - [rank: 0]   Hierarchy 2 shape: torch.Size([32, 6, 150])
[2025-10-29 16:40:57,120][src.models.modules.semantic_id.tiger_generation_model][WARNING] - [rank: 0]   Hierarchy 3 shape: torch.Size([32, 6, 150])
[2025-10-29 16:40:57,233][src.models.modules.semantic_id.tiger_generation_model][INFO] - [rank: 0] Saved decoder self-attention to ./attention_weights/decoder_self_attention_batch_75.pt
[2025-10-29 16:40:57,234][src.models.modules.semantic_id.tiger_generation_model][INFO] - [rank: 0] Saved encoder attention to ./attention_weights/encoder_attention_batch_75.pt
[2025-10-29 16:40:57,235][src.models.modules.semantic_id.tiger_generation_model][INFO] - [rank: 0] Saved cross attention to ./attention_weights/cross_attention_batch_75.pt
[2025-10-29 16:40:57,827][src.models.modules.semantic_id.tiger_generation_model][WARNING] - [rank: 0] Failed to stack cross attentions: stack expects each tensor to be equal size, but got [32, 6, 150] at entry 0 and [32, 6, 2, 150] at entry 1
[2025-10-29 16:40:57,827][src.models.modules.semantic_id.tiger_generation_model][WARNING] - [rank: 0]   Hierarchy 0 shape: torch.Size([32, 6, 150])
[2025-10-29 16:40:57,828][src.models.modules.semantic_id.tiger_generation_model][WARNING] - [rank: 0]   Hierarchy 1 shape: torch.Size([32, 6, 2, 150])
[2025-10-29 16:40:57,828][src.models.modules.semantic_id.tiger_generation_model][WARNING] - [rank: 0]   Hierarchy 2 shape: torch.Size([32, 6, 150])
[2025-10-29 16:40:57,828][src.models.modules.semantic_id.tiger_generation_model][WARNING] - [rank: 0]   Hierarchy 3 shape: torch.Size([32, 6, 150])
[2025-10-29 16:40:57,962][src.models.modules.semantic_id.tiger_generation_model][INFO] - [rank: 0] Saved decoder self-attention to ./attention_weights/decoder_self_attention_batch_76.pt
[2025-10-29 16:40:57,963][src.models.modules.semantic_id.tiger_generation_model][INFO] - [rank: 0] Saved encoder attention to ./attention_weights/encoder_attention_batch_76.pt
[2025-10-29 16:40:57,963][src.models.modules.semantic_id.tiger_generation_model][INFO] - [rank: 0] Saved cross attention to ./attention_weights/cross_attention_batch_76.pt
[2025-10-29 16:40:58,602][src.models.modules.semantic_id.tiger_generation_model][WARNING] - [rank: 0] Failed to stack cross attentions: stack expects each tensor to be equal size, but got [32, 6, 150] at entry 0 and [32, 6, 2, 150] at entry 1
[2025-10-29 16:40:58,603][src.models.modules.semantic_id.tiger_generation_model][WARNING] - [rank: 0]   Hierarchy 0 shape: torch.Size([32, 6, 150])
[2025-10-29 16:40:58,603][src.models.modules.semantic_id.tiger_generation_model][WARNING] - [rank: 0]   Hierarchy 1 shape: torch.Size([32, 6, 2, 150])
[2025-10-29 16:40:58,603][src.models.modules.semantic_id.tiger_generation_model][WARNING] - [rank: 0]   Hierarchy 2 shape: torch.Size([32, 6, 150])
[2025-10-29 16:40:58,603][src.models.modules.semantic_id.tiger_generation_model][WARNING] - [rank: 0]   Hierarchy 3 shape: torch.Size([32, 6, 150])
[2025-10-29 16:40:58,717][src.models.modules.semantic_id.tiger_generation_model][INFO] - [rank: 0] Saved decoder self-attention to ./attention_weights/decoder_self_attention_batch_77.pt
[2025-10-29 16:40:58,717][src.models.modules.semantic_id.tiger_generation_model][INFO] - [rank: 0] Saved encoder attention to ./attention_weights/encoder_attention_batch_77.pt
[2025-10-29 16:40:58,718][src.models.modules.semantic_id.tiger_generation_model][INFO] - [rank: 0] Saved cross attention to ./attention_weights/cross_attention_batch_77.pt
[2025-10-29 16:40:59,322][src.models.modules.semantic_id.tiger_generation_model][WARNING] - [rank: 0] Failed to stack cross attentions: stack expects each tensor to be equal size, but got [32, 6, 150] at entry 0 and [32, 6, 2, 150] at entry 1
[2025-10-29 16:40:59,323][src.models.modules.semantic_id.tiger_generation_model][WARNING] - [rank: 0]   Hierarchy 0 shape: torch.Size([32, 6, 150])
[2025-10-29 16:40:59,323][src.models.modules.semantic_id.tiger_generation_model][WARNING] - [rank: 0]   Hierarchy 1 shape: torch.Size([32, 6, 2, 150])
[2025-10-29 16:40:59,323][src.models.modules.semantic_id.tiger_generation_model][WARNING] - [rank: 0]   Hierarchy 2 shape: torch.Size([32, 6, 150])
[2025-10-29 16:40:59,324][src.models.modules.semantic_id.tiger_generation_model][WARNING] - [rank: 0]   Hierarchy 3 shape: torch.Size([32, 6, 150])
[2025-10-29 16:40:59,454][src.models.modules.semantic_id.tiger_generation_model][INFO] - [rank: 0] Saved decoder self-attention to ./attention_weights/decoder_self_attention_batch_78.pt
[2025-10-29 16:40:59,455][src.models.modules.semantic_id.tiger_generation_model][INFO] - [rank: 0] Saved encoder attention to ./attention_weights/encoder_attention_batch_78.pt
[2025-10-29 16:40:59,456][src.models.modules.semantic_id.tiger_generation_model][INFO] - [rank: 0] Saved cross attention to ./attention_weights/cross_attention_batch_78.pt
[2025-10-29 16:41:00,035][src.models.modules.semantic_id.tiger_generation_model][WARNING] - [rank: 0] Failed to stack cross attentions: stack expects each tensor to be equal size, but got [32, 6, 150] at entry 0 and [32, 6, 2, 150] at entry 1
[2025-10-29 16:41:00,037][src.models.modules.semantic_id.tiger_generation_model][WARNING] - [rank: 0]   Hierarchy 0 shape: torch.Size([32, 6, 150])
[2025-10-29 16:41:00,037][src.models.modules.semantic_id.tiger_generation_model][WARNING] - [rank: 0]   Hierarchy 1 shape: torch.Size([32, 6, 2, 150])
[2025-10-29 16:41:00,038][src.models.modules.semantic_id.tiger_generation_model][WARNING] - [rank: 0]   Hierarchy 2 shape: torch.Size([32, 6, 150])
[2025-10-29 16:41:00,038][src.models.modules.semantic_id.tiger_generation_model][WARNING] - [rank: 0]   Hierarchy 3 shape: torch.Size([32, 6, 150])
[2025-10-29 16:41:00,169][src.models.modules.semantic_id.tiger_generation_model][INFO] - [rank: 0] Saved decoder self-attention to ./attention_weights/decoder_self_attention_batch_79.pt
[2025-10-29 16:41:00,169][src.models.modules.semantic_id.tiger_generation_model][INFO] - [rank: 0] Saved encoder attention to ./attention_weights/encoder_attention_batch_79.pt
[2025-10-29 16:41:00,169][src.models.modules.semantic_id.tiger_generation_model][INFO] - [rank: 0] Saved cross attention to ./attention_weights/cross_attention_batch_79.pt
[2025-10-29 16:41:00,767][src.models.modules.semantic_id.tiger_generation_model][WARNING] - [rank: 0] Failed to stack cross attentions: stack expects each tensor to be equal size, but got [32, 6, 150] at entry 0 and [32, 6, 2, 150] at entry 1
[2025-10-29 16:41:00,768][src.models.modules.semantic_id.tiger_generation_model][WARNING] - [rank: 0]   Hierarchy 0 shape: torch.Size([32, 6, 150])
[2025-10-29 16:41:00,768][src.models.modules.semantic_id.tiger_generation_model][WARNING] - [rank: 0]   Hierarchy 1 shape: torch.Size([32, 6, 2, 150])
[2025-10-29 16:41:00,768][src.models.modules.semantic_id.tiger_generation_model][WARNING] - [rank: 0]   Hierarchy 2 shape: torch.Size([32, 6, 150])
[2025-10-29 16:41:00,769][src.models.modules.semantic_id.tiger_generation_model][WARNING] - [rank: 0]   Hierarchy 3 shape: torch.Size([32, 6, 150])
[2025-10-29 16:41:00,900][src.models.modules.semantic_id.tiger_generation_model][INFO] - [rank: 0] Saved decoder self-attention to ./attention_weights/decoder_self_attention_batch_80.pt
[2025-10-29 16:41:00,900][src.models.modules.semantic_id.tiger_generation_model][INFO] - [rank: 0] Saved encoder attention to ./attention_weights/encoder_attention_batch_80.pt
[2025-10-29 16:41:00,901][src.models.modules.semantic_id.tiger_generation_model][INFO] - [rank: 0] Saved cross attention to ./attention_weights/cross_attention_batch_80.pt
[2025-10-29 16:41:01,493][src.models.modules.semantic_id.tiger_generation_model][WARNING] - [rank: 0] Failed to stack cross attentions: stack expects each tensor to be equal size, but got [32, 6, 150] at entry 0 and [32, 6, 2, 150] at entry 1
[2025-10-29 16:41:01,494][src.models.modules.semantic_id.tiger_generation_model][WARNING] - [rank: 0]   Hierarchy 0 shape: torch.Size([32, 6, 150])
[2025-10-29 16:41:01,495][src.models.modules.semantic_id.tiger_generation_model][WARNING] - [rank: 0]   Hierarchy 1 shape: torch.Size([32, 6, 2, 150])
[2025-10-29 16:41:01,495][src.models.modules.semantic_id.tiger_generation_model][WARNING] - [rank: 0]   Hierarchy 2 shape: torch.Size([32, 6, 150])
[2025-10-29 16:41:01,495][src.models.modules.semantic_id.tiger_generation_model][WARNING] - [rank: 0]   Hierarchy 3 shape: torch.Size([32, 6, 150])
[2025-10-29 16:41:01,670][src.models.modules.semantic_id.tiger_generation_model][INFO] - [rank: 0] Saved decoder self-attention to ./attention_weights/decoder_self_attention_batch_81.pt
[2025-10-29 16:41:01,671][src.models.modules.semantic_id.tiger_generation_model][INFO] - [rank: 0] Saved encoder attention to ./attention_weights/encoder_attention_batch_81.pt
[2025-10-29 16:41:01,671][src.models.modules.semantic_id.tiger_generation_model][INFO] - [rank: 0] Saved cross attention to ./attention_weights/cross_attention_batch_81.pt
[2025-10-29 16:41:02,204][src.models.modules.semantic_id.tiger_generation_model][WARNING] - [rank: 0] Failed to stack cross attentions: stack expects each tensor to be equal size, but got [32, 6, 150] at entry 0 and [32, 6, 2, 150] at entry 1
[2025-10-29 16:41:02,205][src.models.modules.semantic_id.tiger_generation_model][WARNING] - [rank: 0]   Hierarchy 0 shape: torch.Size([32, 6, 150])
[2025-10-29 16:41:02,205][src.models.modules.semantic_id.tiger_generation_model][WARNING] - [rank: 0]   Hierarchy 1 shape: torch.Size([32, 6, 2, 150])
[2025-10-29 16:41:02,206][src.models.modules.semantic_id.tiger_generation_model][WARNING] - [rank: 0]   Hierarchy 2 shape: torch.Size([32, 6, 150])
[2025-10-29 16:41:02,206][src.models.modules.semantic_id.tiger_generation_model][WARNING] - [rank: 0]   Hierarchy 3 shape: torch.Size([32, 6, 150])
[2025-10-29 16:41:02,360][src.models.modules.semantic_id.tiger_generation_model][INFO] - [rank: 0] Saved decoder self-attention to ./attention_weights/decoder_self_attention_batch_82.pt
[2025-10-29 16:41:02,361][src.models.modules.semantic_id.tiger_generation_model][INFO] - [rank: 0] Saved encoder attention to ./attention_weights/encoder_attention_batch_82.pt
[2025-10-29 16:41:02,361][src.models.modules.semantic_id.tiger_generation_model][INFO] - [rank: 0] Saved cross attention to ./attention_weights/cross_attention_batch_82.pt
[2025-10-29 16:41:02,949][src.models.modules.semantic_id.tiger_generation_model][WARNING] - [rank: 0] Failed to stack cross attentions: stack expects each tensor to be equal size, but got [32, 6, 150] at entry 0 and [32, 6, 2, 150] at entry 1
[2025-10-29 16:41:02,949][src.models.modules.semantic_id.tiger_generation_model][WARNING] - [rank: 0]   Hierarchy 0 shape: torch.Size([32, 6, 150])
[2025-10-29 16:41:02,950][src.models.modules.semantic_id.tiger_generation_model][WARNING] - [rank: 0]   Hierarchy 1 shape: torch.Size([32, 6, 2, 150])
[2025-10-29 16:41:02,950][src.models.modules.semantic_id.tiger_generation_model][WARNING] - [rank: 0]   Hierarchy 2 shape: torch.Size([32, 6, 150])
[2025-10-29 16:41:02,950][src.models.modules.semantic_id.tiger_generation_model][WARNING] - [rank: 0]   Hierarchy 3 shape: torch.Size([32, 6, 150])
[2025-10-29 16:41:03,077][src.models.modules.semantic_id.tiger_generation_model][INFO] - [rank: 0] Saved decoder self-attention to ./attention_weights/decoder_self_attention_batch_83.pt
[2025-10-29 16:41:03,077][src.models.modules.semantic_id.tiger_generation_model][INFO] - [rank: 0] Saved encoder attention to ./attention_weights/encoder_attention_batch_83.pt
[2025-10-29 16:41:03,078][src.models.modules.semantic_id.tiger_generation_model][INFO] - [rank: 0] Saved cross attention to ./attention_weights/cross_attention_batch_83.pt
[2025-10-29 16:41:03,702][src.models.modules.semantic_id.tiger_generation_model][WARNING] - [rank: 0] Failed to stack cross attentions: stack expects each tensor to be equal size, but got [32, 6, 150] at entry 0 and [32, 6, 2, 150] at entry 1
[2025-10-29 16:41:03,703][src.models.modules.semantic_id.tiger_generation_model][WARNING] - [rank: 0]   Hierarchy 0 shape: torch.Size([32, 6, 150])
[2025-10-29 16:41:03,704][src.models.modules.semantic_id.tiger_generation_model][WARNING] - [rank: 0]   Hierarchy 1 shape: torch.Size([32, 6, 2, 150])
[2025-10-29 16:41:03,704][src.models.modules.semantic_id.tiger_generation_model][WARNING] - [rank: 0]   Hierarchy 2 shape: torch.Size([32, 6, 150])
[2025-10-29 16:41:03,704][src.models.modules.semantic_id.tiger_generation_model][WARNING] - [rank: 0]   Hierarchy 3 shape: torch.Size([32, 6, 150])
[2025-10-29 16:41:03,848][src.models.modules.semantic_id.tiger_generation_model][INFO] - [rank: 0] Saved decoder self-attention to ./attention_weights/decoder_self_attention_batch_84.pt
[2025-10-29 16:41:03,848][src.models.modules.semantic_id.tiger_generation_model][INFO] - [rank: 0] Saved encoder attention to ./attention_weights/encoder_attention_batch_84.pt
[2025-10-29 16:41:03,849][src.models.modules.semantic_id.tiger_generation_model][INFO] - [rank: 0] Saved cross attention to ./attention_weights/cross_attention_batch_84.pt
[2025-10-29 16:41:04,447][src.models.modules.semantic_id.tiger_generation_model][WARNING] - [rank: 0] Failed to stack cross attentions: stack expects each tensor to be equal size, but got [32, 6, 150] at entry 0 and [32, 6, 2, 150] at entry 1
[2025-10-29 16:41:04,448][src.models.modules.semantic_id.tiger_generation_model][WARNING] - [rank: 0]   Hierarchy 0 shape: torch.Size([32, 6, 150])
[2025-10-29 16:41:04,448][src.models.modules.semantic_id.tiger_generation_model][WARNING] - [rank: 0]   Hierarchy 1 shape: torch.Size([32, 6, 2, 150])
[2025-10-29 16:41:04,449][src.models.modules.semantic_id.tiger_generation_model][WARNING] - [rank: 0]   Hierarchy 2 shape: torch.Size([32, 6, 150])
[2025-10-29 16:41:04,449][src.models.modules.semantic_id.tiger_generation_model][WARNING] - [rank: 0]   Hierarchy 3 shape: torch.Size([32, 6, 150])
[2025-10-29 16:41:04,563][src.models.modules.semantic_id.tiger_generation_model][INFO] - [rank: 0] Saved decoder self-attention to ./attention_weights/decoder_self_attention_batch_85.pt
[2025-10-29 16:41:04,564][src.models.modules.semantic_id.tiger_generation_model][INFO] - [rank: 0] Saved encoder attention to ./attention_weights/encoder_attention_batch_85.pt
[2025-10-29 16:41:04,564][src.models.modules.semantic_id.tiger_generation_model][INFO] - [rank: 0] Saved cross attention to ./attention_weights/cross_attention_batch_85.pt
[2025-10-29 16:41:05,200][src.models.modules.semantic_id.tiger_generation_model][WARNING] - [rank: 0] Failed to stack cross attentions: stack expects each tensor to be equal size, but got [32, 6, 150] at entry 0 and [32, 6, 2, 150] at entry 1
[2025-10-29 16:41:05,201][src.models.modules.semantic_id.tiger_generation_model][WARNING] - [rank: 0]   Hierarchy 0 shape: torch.Size([32, 6, 150])
[2025-10-29 16:41:05,202][src.models.modules.semantic_id.tiger_generation_model][WARNING] - [rank: 0]   Hierarchy 1 shape: torch.Size([32, 6, 2, 150])
[2025-10-29 16:41:05,202][src.models.modules.semantic_id.tiger_generation_model][WARNING] - [rank: 0]   Hierarchy 2 shape: torch.Size([32, 6, 150])
[2025-10-29 16:41:05,202][src.models.modules.semantic_id.tiger_generation_model][WARNING] - [rank: 0]   Hierarchy 3 shape: torch.Size([32, 6, 150])
[2025-10-29 16:41:05,346][src.models.modules.semantic_id.tiger_generation_model][INFO] - [rank: 0] Saved decoder self-attention to ./attention_weights/decoder_self_attention_batch_86.pt
[2025-10-29 16:41:05,347][src.models.modules.semantic_id.tiger_generation_model][INFO] - [rank: 0] Saved encoder attention to ./attention_weights/encoder_attention_batch_86.pt
[2025-10-29 16:41:05,347][src.models.modules.semantic_id.tiger_generation_model][INFO] - [rank: 0] Saved cross attention to ./attention_weights/cross_attention_batch_86.pt
[2025-10-29 16:41:06,003][src.models.modules.semantic_id.tiger_generation_model][WARNING] - [rank: 0] Failed to stack cross attentions: stack expects each tensor to be equal size, but got [32, 6, 150] at entry 0 and [32, 6, 2, 150] at entry 1
[2025-10-29 16:41:06,004][src.models.modules.semantic_id.tiger_generation_model][WARNING] - [rank: 0]   Hierarchy 0 shape: torch.Size([32, 6, 150])
[2025-10-29 16:41:06,005][src.models.modules.semantic_id.tiger_generation_model][WARNING] - [rank: 0]   Hierarchy 1 shape: torch.Size([32, 6, 2, 150])
[2025-10-29 16:41:06,005][src.models.modules.semantic_id.tiger_generation_model][WARNING] - [rank: 0]   Hierarchy 2 shape: torch.Size([32, 6, 150])
[2025-10-29 16:41:06,005][src.models.modules.semantic_id.tiger_generation_model][WARNING] - [rank: 0]   Hierarchy 3 shape: torch.Size([32, 6, 150])
[2025-10-29 16:41:06,153][src.models.modules.semantic_id.tiger_generation_model][INFO] - [rank: 0] Saved decoder self-attention to ./attention_weights/decoder_self_attention_batch_87.pt
[2025-10-29 16:41:06,153][src.models.modules.semantic_id.tiger_generation_model][INFO] - [rank: 0] Saved encoder attention to ./attention_weights/encoder_attention_batch_87.pt
[2025-10-29 16:41:06,153][src.models.modules.semantic_id.tiger_generation_model][INFO] - [rank: 0] Saved cross attention to ./attention_weights/cross_attention_batch_87.pt
[2025-10-29 16:41:06,771][src.models.modules.semantic_id.tiger_generation_model][WARNING] - [rank: 0] Failed to stack cross attentions: stack expects each tensor to be equal size, but got [32, 6, 150] at entry 0 and [32, 6, 2, 150] at entry 1
[2025-10-29 16:41:06,771][src.models.modules.semantic_id.tiger_generation_model][WARNING] - [rank: 0]   Hierarchy 0 shape: torch.Size([32, 6, 150])
[2025-10-29 16:41:06,772][src.models.modules.semantic_id.tiger_generation_model][WARNING] - [rank: 0]   Hierarchy 1 shape: torch.Size([32, 6, 2, 150])
[2025-10-29 16:41:06,772][src.models.modules.semantic_id.tiger_generation_model][WARNING] - [rank: 0]   Hierarchy 2 shape: torch.Size([32, 6, 150])
[2025-10-29 16:41:06,772][src.models.modules.semantic_id.tiger_generation_model][WARNING] - [rank: 0]   Hierarchy 3 shape: torch.Size([32, 6, 150])
[2025-10-29 16:41:06,955][src.models.modules.semantic_id.tiger_generation_model][INFO] - [rank: 0] Saved decoder self-attention to ./attention_weights/decoder_self_attention_batch_88.pt
[2025-10-29 16:41:06,955][src.models.modules.semantic_id.tiger_generation_model][INFO] - [rank: 0] Saved encoder attention to ./attention_weights/encoder_attention_batch_88.pt
[2025-10-29 16:41:06,955][src.models.modules.semantic_id.tiger_generation_model][INFO] - [rank: 0] Saved cross attention to ./attention_weights/cross_attention_batch_88.pt
[2025-10-29 16:41:07,657][src.models.modules.semantic_id.tiger_generation_model][WARNING] - [rank: 0] Failed to stack cross attentions: stack expects each tensor to be equal size, but got [32, 6, 150] at entry 0 and [32, 6, 2, 150] at entry 1
[2025-10-29 16:41:07,658][src.models.modules.semantic_id.tiger_generation_model][WARNING] - [rank: 0]   Hierarchy 0 shape: torch.Size([32, 6, 150])
[2025-10-29 16:41:07,658][src.models.modules.semantic_id.tiger_generation_model][WARNING] - [rank: 0]   Hierarchy 1 shape: torch.Size([32, 6, 2, 150])
[2025-10-29 16:41:07,659][src.models.modules.semantic_id.tiger_generation_model][WARNING] - [rank: 0]   Hierarchy 2 shape: torch.Size([32, 6, 150])
[2025-10-29 16:41:07,659][src.models.modules.semantic_id.tiger_generation_model][WARNING] - [rank: 0]   Hierarchy 3 shape: torch.Size([32, 6, 150])
[2025-10-29 16:41:07,779][src.models.modules.semantic_id.tiger_generation_model][INFO] - [rank: 0] Saved decoder self-attention to ./attention_weights/decoder_self_attention_batch_89.pt
[2025-10-29 16:41:07,779][src.models.modules.semantic_id.tiger_generation_model][INFO] - [rank: 0] Saved encoder attention to ./attention_weights/encoder_attention_batch_89.pt
[2025-10-29 16:41:07,780][src.models.modules.semantic_id.tiger_generation_model][INFO] - [rank: 0] Saved cross attention to ./attention_weights/cross_attention_batch_89.pt
[2025-10-29 16:41:08,377][src.models.modules.semantic_id.tiger_generation_model][WARNING] - [rank: 0] Failed to stack cross attentions: stack expects each tensor to be equal size, but got [32, 6, 150] at entry 0 and [32, 6, 2, 150] at entry 1
[2025-10-29 16:41:08,378][src.models.modules.semantic_id.tiger_generation_model][WARNING] - [rank: 0]   Hierarchy 0 shape: torch.Size([32, 6, 150])
[2025-10-29 16:41:08,379][src.models.modules.semantic_id.tiger_generation_model][WARNING] - [rank: 0]   Hierarchy 1 shape: torch.Size([32, 6, 2, 150])
[2025-10-29 16:41:08,379][src.models.modules.semantic_id.tiger_generation_model][WARNING] - [rank: 0]   Hierarchy 2 shape: torch.Size([32, 6, 150])
[2025-10-29 16:41:08,380][src.models.modules.semantic_id.tiger_generation_model][WARNING] - [rank: 0]   Hierarchy 3 shape: torch.Size([32, 6, 150])
[2025-10-29 16:41:08,568][src.models.modules.semantic_id.tiger_generation_model][INFO] - [rank: 0] Saved decoder self-attention to ./attention_weights/decoder_self_attention_batch_90.pt
[2025-10-29 16:41:08,569][src.models.modules.semantic_id.tiger_generation_model][INFO] - [rank: 0] Saved encoder attention to ./attention_weights/encoder_attention_batch_90.pt
[2025-10-29 16:41:08,569][src.models.modules.semantic_id.tiger_generation_model][INFO] - [rank: 0] Saved cross attention to ./attention_weights/cross_attention_batch_90.pt
[2025-10-29 16:41:09,158][src.models.modules.semantic_id.tiger_generation_model][WARNING] - [rank: 0] Failed to stack cross attentions: stack expects each tensor to be equal size, but got [32, 6, 150] at entry 0 and [32, 6, 2, 150] at entry 1
[2025-10-29 16:41:09,159][src.models.modules.semantic_id.tiger_generation_model][WARNING] - [rank: 0]   Hierarchy 0 shape: torch.Size([32, 6, 150])
[2025-10-29 16:41:09,159][src.models.modules.semantic_id.tiger_generation_model][WARNING] - [rank: 0]   Hierarchy 1 shape: torch.Size([32, 6, 2, 150])
[2025-10-29 16:41:09,159][src.models.modules.semantic_id.tiger_generation_model][WARNING] - [rank: 0]   Hierarchy 2 shape: torch.Size([32, 6, 150])
[2025-10-29 16:41:09,159][src.models.modules.semantic_id.tiger_generation_model][WARNING] - [rank: 0]   Hierarchy 3 shape: torch.Size([32, 6, 150])
[2025-10-29 16:41:09,302][src.models.modules.semantic_id.tiger_generation_model][INFO] - [rank: 0] Saved decoder self-attention to ./attention_weights/decoder_self_attention_batch_91.pt
[2025-10-29 16:41:09,303][src.models.modules.semantic_id.tiger_generation_model][INFO] - [rank: 0] Saved encoder attention to ./attention_weights/encoder_attention_batch_91.pt
[2025-10-29 16:41:09,303][src.models.modules.semantic_id.tiger_generation_model][INFO] - [rank: 0] Saved cross attention to ./attention_weights/cross_attention_batch_91.pt
[2025-10-29 16:41:09,974][src.models.modules.semantic_id.tiger_generation_model][WARNING] - [rank: 0] Failed to stack cross attentions: stack expects each tensor to be equal size, but got [32, 6, 150] at entry 0 and [32, 6, 2, 150] at entry 1
[2025-10-29 16:41:09,974][src.models.modules.semantic_id.tiger_generation_model][WARNING] - [rank: 0]   Hierarchy 0 shape: torch.Size([32, 6, 150])
[2025-10-29 16:41:09,975][src.models.modules.semantic_id.tiger_generation_model][WARNING] - [rank: 0]   Hierarchy 1 shape: torch.Size([32, 6, 2, 150])
[2025-10-29 16:41:09,975][src.models.modules.semantic_id.tiger_generation_model][WARNING] - [rank: 0]   Hierarchy 2 shape: torch.Size([32, 6, 150])
[2025-10-29 16:41:09,975][src.models.modules.semantic_id.tiger_generation_model][WARNING] - [rank: 0]   Hierarchy 3 shape: torch.Size([32, 6, 150])
[2025-10-29 16:41:10,137][src.models.modules.semantic_id.tiger_generation_model][INFO] - [rank: 0] Saved decoder self-attention to ./attention_weights/decoder_self_attention_batch_92.pt
[2025-10-29 16:41:10,138][src.models.modules.semantic_id.tiger_generation_model][INFO] - [rank: 0] Saved encoder attention to ./attention_weights/encoder_attention_batch_92.pt
[2025-10-29 16:41:10,138][src.models.modules.semantic_id.tiger_generation_model][INFO] - [rank: 0] Saved cross attention to ./attention_weights/cross_attention_batch_92.pt
[2025-10-29 16:41:10,854][src.models.modules.semantic_id.tiger_generation_model][WARNING] - [rank: 0] Failed to stack cross attentions: stack expects each tensor to be equal size, but got [32, 6, 150] at entry 0 and [32, 6, 2, 150] at entry 1
[2025-10-29 16:41:10,855][src.models.modules.semantic_id.tiger_generation_model][WARNING] - [rank: 0]   Hierarchy 0 shape: torch.Size([32, 6, 150])
[2025-10-29 16:41:10,855][src.models.modules.semantic_id.tiger_generation_model][WARNING] - [rank: 0]   Hierarchy 1 shape: torch.Size([32, 6, 2, 150])
[2025-10-29 16:41:10,856][src.models.modules.semantic_id.tiger_generation_model][WARNING] - [rank: 0]   Hierarchy 2 shape: torch.Size([32, 6, 150])
[2025-10-29 16:41:10,856][src.models.modules.semantic_id.tiger_generation_model][WARNING] - [rank: 0]   Hierarchy 3 shape: torch.Size([32, 6, 150])
[2025-10-29 16:41:11,063][src.models.modules.semantic_id.tiger_generation_model][INFO] - [rank: 0] Saved decoder self-attention to ./attention_weights/decoder_self_attention_batch_93.pt
[2025-10-29 16:41:11,064][src.models.modules.semantic_id.tiger_generation_model][INFO] - [rank: 0] Saved encoder attention to ./attention_weights/encoder_attention_batch_93.pt
[2025-10-29 16:41:11,064][src.models.modules.semantic_id.tiger_generation_model][INFO] - [rank: 0] Saved cross attention to ./attention_weights/cross_attention_batch_93.pt
[2025-10-29 16:41:11,759][src.models.modules.semantic_id.tiger_generation_model][WARNING] - [rank: 0] Failed to stack cross attentions: stack expects each tensor to be equal size, but got [32, 6, 150] at entry 0 and [32, 6, 2, 150] at entry 1
[2025-10-29 16:41:11,759][src.models.modules.semantic_id.tiger_generation_model][WARNING] - [rank: 0]   Hierarchy 0 shape: torch.Size([32, 6, 150])
[2025-10-29 16:41:11,759][src.models.modules.semantic_id.tiger_generation_model][WARNING] - [rank: 0]   Hierarchy 1 shape: torch.Size([32, 6, 2, 150])
[2025-10-29 16:41:11,760][src.models.modules.semantic_id.tiger_generation_model][WARNING] - [rank: 0]   Hierarchy 2 shape: torch.Size([32, 6, 150])
[2025-10-29 16:41:11,760][src.models.modules.semantic_id.tiger_generation_model][WARNING] - [rank: 0]   Hierarchy 3 shape: torch.Size([32, 6, 150])
[2025-10-29 16:41:11,918][src.models.modules.semantic_id.tiger_generation_model][INFO] - [rank: 0] Saved decoder self-attention to ./attention_weights/decoder_self_attention_batch_94.pt
[2025-10-29 16:41:11,918][src.models.modules.semantic_id.tiger_generation_model][INFO] - [rank: 0] Saved encoder attention to ./attention_weights/encoder_attention_batch_94.pt
[2025-10-29 16:41:11,918][src.models.modules.semantic_id.tiger_generation_model][INFO] - [rank: 0] Saved cross attention to ./attention_weights/cross_attention_batch_94.pt
[2025-10-29 16:41:12,594][src.models.modules.semantic_id.tiger_generation_model][WARNING] - [rank: 0] Failed to stack cross attentions: stack expects each tensor to be equal size, but got [32, 6, 150] at entry 0 and [32, 6, 2, 150] at entry 1
[2025-10-29 16:41:12,595][src.models.modules.semantic_id.tiger_generation_model][WARNING] - [rank: 0]   Hierarchy 0 shape: torch.Size([32, 6, 150])
[2025-10-29 16:41:12,595][src.models.modules.semantic_id.tiger_generation_model][WARNING] - [rank: 0]   Hierarchy 1 shape: torch.Size([32, 6, 2, 150])
[2025-10-29 16:41:12,596][src.models.modules.semantic_id.tiger_generation_model][WARNING] - [rank: 0]   Hierarchy 2 shape: torch.Size([32, 6, 150])
[2025-10-29 16:41:12,596][src.models.modules.semantic_id.tiger_generation_model][WARNING] - [rank: 0]   Hierarchy 3 shape: torch.Size([32, 6, 150])
[2025-10-29 16:41:12,745][src.models.modules.semantic_id.tiger_generation_model][INFO] - [rank: 0] Saved decoder self-attention to ./attention_weights/decoder_self_attention_batch_95.pt
[2025-10-29 16:41:12,746][src.models.modules.semantic_id.tiger_generation_model][INFO] - [rank: 0] Saved encoder attention to ./attention_weights/encoder_attention_batch_95.pt
[2025-10-29 16:41:12,746][src.models.modules.semantic_id.tiger_generation_model][INFO] - [rank: 0] Saved cross attention to ./attention_weights/cross_attention_batch_95.pt
[2025-10-29 16:41:13,380][src.models.modules.semantic_id.tiger_generation_model][WARNING] - [rank: 0] Failed to stack cross attentions: stack expects each tensor to be equal size, but got [32, 6, 150] at entry 0 and [32, 6, 2, 150] at entry 1
[2025-10-29 16:41:13,381][src.models.modules.semantic_id.tiger_generation_model][WARNING] - [rank: 0]   Hierarchy 0 shape: torch.Size([32, 6, 150])
[2025-10-29 16:41:13,381][src.models.modules.semantic_id.tiger_generation_model][WARNING] - [rank: 0]   Hierarchy 1 shape: torch.Size([32, 6, 2, 150])
[2025-10-29 16:41:13,381][src.models.modules.semantic_id.tiger_generation_model][WARNING] - [rank: 0]   Hierarchy 2 shape: torch.Size([32, 6, 150])
[2025-10-29 16:41:13,382][src.models.modules.semantic_id.tiger_generation_model][WARNING] - [rank: 0]   Hierarchy 3 shape: torch.Size([32, 6, 150])
[2025-10-29 16:41:13,520][src.models.modules.semantic_id.tiger_generation_model][INFO] - [rank: 0] Saved decoder self-attention to ./attention_weights/decoder_self_attention_batch_96.pt
[2025-10-29 16:41:13,521][src.models.modules.semantic_id.tiger_generation_model][INFO] - [rank: 0] Saved encoder attention to ./attention_weights/encoder_attention_batch_96.pt
[2025-10-29 16:41:13,521][src.models.modules.semantic_id.tiger_generation_model][INFO] - [rank: 0] Saved cross attention to ./attention_weights/cross_attention_batch_96.pt
[2025-10-29 16:41:14,187][src.models.modules.semantic_id.tiger_generation_model][WARNING] - [rank: 0] Failed to stack cross attentions: stack expects each tensor to be equal size, but got [32, 6, 150] at entry 0 and [32, 6, 2, 150] at entry 1
[2025-10-29 16:41:14,187][src.models.modules.semantic_id.tiger_generation_model][WARNING] - [rank: 0]   Hierarchy 0 shape: torch.Size([32, 6, 150])
[2025-10-29 16:41:14,188][src.models.modules.semantic_id.tiger_generation_model][WARNING] - [rank: 0]   Hierarchy 1 shape: torch.Size([32, 6, 2, 150])
[2025-10-29 16:41:14,188][src.models.modules.semantic_id.tiger_generation_model][WARNING] - [rank: 0]   Hierarchy 2 shape: torch.Size([32, 6, 150])
[2025-10-29 16:41:14,188][src.models.modules.semantic_id.tiger_generation_model][WARNING] - [rank: 0]   Hierarchy 3 shape: torch.Size([32, 6, 150])
[2025-10-29 16:41:14,341][src.models.modules.semantic_id.tiger_generation_model][INFO] - [rank: 0] Saved decoder self-attention to ./attention_weights/decoder_self_attention_batch_97.pt
[2025-10-29 16:41:14,341][src.models.modules.semantic_id.tiger_generation_model][INFO] - [rank: 0] Saved encoder attention to ./attention_weights/encoder_attention_batch_97.pt
[2025-10-29 16:41:14,342][src.models.modules.semantic_id.tiger_generation_model][INFO] - [rank: 0] Saved cross attention to ./attention_weights/cross_attention_batch_97.pt
[2025-10-29 16:41:14,906][src.models.modules.semantic_id.tiger_generation_model][WARNING] - [rank: 0] Failed to stack cross attentions: stack expects each tensor to be equal size, but got [32, 6, 150] at entry 0 and [32, 6, 2, 150] at entry 1
[2025-10-29 16:41:14,906][src.models.modules.semantic_id.tiger_generation_model][WARNING] - [rank: 0]   Hierarchy 0 shape: torch.Size([32, 6, 150])
[2025-10-29 16:41:14,907][src.models.modules.semantic_id.tiger_generation_model][WARNING] - [rank: 0]   Hierarchy 1 shape: torch.Size([32, 6, 2, 150])
[2025-10-29 16:41:14,907][src.models.modules.semantic_id.tiger_generation_model][WARNING] - [rank: 0]   Hierarchy 2 shape: torch.Size([32, 6, 150])
[2025-10-29 16:41:14,907][src.models.modules.semantic_id.tiger_generation_model][WARNING] - [rank: 0]   Hierarchy 3 shape: torch.Size([32, 6, 150])
[2025-10-29 16:41:15,014][src.models.modules.semantic_id.tiger_generation_model][INFO] - [rank: 0] Saved decoder self-attention to ./attention_weights/decoder_self_attention_batch_98.pt
[2025-10-29 16:41:15,014][src.models.modules.semantic_id.tiger_generation_model][INFO] - [rank: 0] Saved encoder attention to ./attention_weights/encoder_attention_batch_98.pt
[2025-10-29 16:41:15,014][src.models.modules.semantic_id.tiger_generation_model][INFO] - [rank: 0] Saved cross attention to ./attention_weights/cross_attention_batch_98.pt
[2025-10-29 16:41:15,679][src.models.modules.semantic_id.tiger_generation_model][WARNING] - [rank: 0] Failed to stack cross attentions: stack expects each tensor to be equal size, but got [32, 6, 150] at entry 0 and [32, 6, 2, 150] at entry 1
[2025-10-29 16:41:15,679][src.models.modules.semantic_id.tiger_generation_model][WARNING] - [rank: 0]   Hierarchy 0 shape: torch.Size([32, 6, 150])
[2025-10-29 16:41:15,680][src.models.modules.semantic_id.tiger_generation_model][WARNING] - [rank: 0]   Hierarchy 1 shape: torch.Size([32, 6, 2, 150])
[2025-10-29 16:41:15,680][src.models.modules.semantic_id.tiger_generation_model][WARNING] - [rank: 0]   Hierarchy 2 shape: torch.Size([32, 6, 150])
[2025-10-29 16:41:15,680][src.models.modules.semantic_id.tiger_generation_model][WARNING] - [rank: 0]   Hierarchy 3 shape: torch.Size([32, 6, 150])
[2025-10-29 16:41:15,840][src.models.modules.semantic_id.tiger_generation_model][INFO] - [rank: 0] Saved decoder self-attention to ./attention_weights/decoder_self_attention_batch_99.pt
[2025-10-29 16:41:15,840][src.models.modules.semantic_id.tiger_generation_model][INFO] - [rank: 0] Saved encoder attention to ./attention_weights/encoder_attention_batch_99.pt
[2025-10-29 16:41:15,840][src.models.modules.semantic_id.tiger_generation_model][INFO] - [rank: 0] Saved cross attention to ./attention_weights/cross_attention_batch_99.pt
[2025-10-29 16:41:16,563][src.models.modules.semantic_id.tiger_generation_model][WARNING] - [rank: 0] Failed to stack cross attentions: stack expects each tensor to be equal size, but got [32, 6, 150] at entry 0 and [32, 6, 2, 150] at entry 1
[2025-10-29 16:41:16,563][src.models.modules.semantic_id.tiger_generation_model][WARNING] - [rank: 0]   Hierarchy 0 shape: torch.Size([32, 6, 150])
[2025-10-29 16:41:16,564][src.models.modules.semantic_id.tiger_generation_model][WARNING] - [rank: 0]   Hierarchy 1 shape: torch.Size([32, 6, 2, 150])
[2025-10-29 16:41:16,564][src.models.modules.semantic_id.tiger_generation_model][WARNING] - [rank: 0]   Hierarchy 2 shape: torch.Size([32, 6, 150])
[2025-10-29 16:41:16,564][src.models.modules.semantic_id.tiger_generation_model][WARNING] - [rank: 0]   Hierarchy 3 shape: torch.Size([32, 6, 150])
[2025-10-29 16:41:16,723][src.models.modules.semantic_id.tiger_generation_model][INFO] - [rank: 0] Saved decoder self-attention to ./attention_weights/decoder_self_attention_batch_100.pt
[2025-10-29 16:41:16,724][src.models.modules.semantic_id.tiger_generation_model][INFO] - [rank: 0] Saved encoder attention to ./attention_weights/encoder_attention_batch_100.pt
[2025-10-29 16:41:16,724][src.models.modules.semantic_id.tiger_generation_model][INFO] - [rank: 0] Saved cross attention to ./attention_weights/cross_attention_batch_100.pt
[2025-10-29 16:41:17,384][src.models.modules.semantic_id.tiger_generation_model][WARNING] - [rank: 0] Failed to stack cross attentions: stack expects each tensor to be equal size, but got [32, 6, 150] at entry 0 and [32, 6, 2, 150] at entry 1
[2025-10-29 16:41:17,396][src.models.modules.semantic_id.tiger_generation_model][WARNING] - [rank: 0]   Hierarchy 0 shape: torch.Size([32, 6, 150])
[2025-10-29 16:41:17,397][src.models.modules.semantic_id.tiger_generation_model][WARNING] - [rank: 0]   Hierarchy 1 shape: torch.Size([32, 6, 2, 150])
[2025-10-29 16:41:17,397][src.models.modules.semantic_id.tiger_generation_model][WARNING] - [rank: 0]   Hierarchy 2 shape: torch.Size([32, 6, 150])
[2025-10-29 16:41:17,398][src.models.modules.semantic_id.tiger_generation_model][WARNING] - [rank: 0]   Hierarchy 3 shape: torch.Size([32, 6, 150])
[2025-10-29 16:41:17,575][src.models.modules.semantic_id.tiger_generation_model][INFO] - [rank: 0] Saved decoder self-attention to ./attention_weights/decoder_self_attention_batch_101.pt
[2025-10-29 16:41:17,575][src.models.modules.semantic_id.tiger_generation_model][INFO] - [rank: 0] Saved encoder attention to ./attention_weights/encoder_attention_batch_101.pt
[2025-10-29 16:41:17,576][src.models.modules.semantic_id.tiger_generation_model][INFO] - [rank: 0] Saved cross attention to ./attention_weights/cross_attention_batch_101.pt
[2025-10-29 16:41:18,154][src.models.modules.semantic_id.tiger_generation_model][WARNING] - [rank: 0] Failed to stack cross attentions: stack expects each tensor to be equal size, but got [32, 6, 150] at entry 0 and [32, 6, 2, 150] at entry 1
[2025-10-29 16:41:18,155][src.models.modules.semantic_id.tiger_generation_model][WARNING] - [rank: 0]   Hierarchy 0 shape: torch.Size([32, 6, 150])
[2025-10-29 16:41:18,155][src.models.modules.semantic_id.tiger_generation_model][WARNING] - [rank: 0]   Hierarchy 1 shape: torch.Size([32, 6, 2, 150])
[2025-10-29 16:41:18,156][src.models.modules.semantic_id.tiger_generation_model][WARNING] - [rank: 0]   Hierarchy 2 shape: torch.Size([32, 6, 150])
[2025-10-29 16:41:18,156][src.models.modules.semantic_id.tiger_generation_model][WARNING] - [rank: 0]   Hierarchy 3 shape: torch.Size([32, 6, 150])
[2025-10-29 16:41:18,270][src.models.modules.semantic_id.tiger_generation_model][INFO] - [rank: 0] Saved decoder self-attention to ./attention_weights/decoder_self_attention_batch_102.pt
[2025-10-29 16:41:18,270][src.models.modules.semantic_id.tiger_generation_model][INFO] - [rank: 0] Saved encoder attention to ./attention_weights/encoder_attention_batch_102.pt
[2025-10-29 16:41:18,270][src.models.modules.semantic_id.tiger_generation_model][INFO] - [rank: 0] Saved cross attention to ./attention_weights/cross_attention_batch_102.pt
[2025-10-29 16:41:18,959][src.models.modules.semantic_id.tiger_generation_model][WARNING] - [rank: 0] Failed to stack cross attentions: stack expects each tensor to be equal size, but got [32, 6, 150] at entry 0 and [32, 6, 2, 150] at entry 1
[2025-10-29 16:41:18,960][src.models.modules.semantic_id.tiger_generation_model][WARNING] - [rank: 0]   Hierarchy 0 shape: torch.Size([32, 6, 150])
[2025-10-29 16:41:18,961][src.models.modules.semantic_id.tiger_generation_model][WARNING] - [rank: 0]   Hierarchy 1 shape: torch.Size([32, 6, 2, 150])
[2025-10-29 16:41:18,961][src.models.modules.semantic_id.tiger_generation_model][WARNING] - [rank: 0]   Hierarchy 2 shape: torch.Size([32, 6, 150])
[2025-10-29 16:41:18,961][src.models.modules.semantic_id.tiger_generation_model][WARNING] - [rank: 0]   Hierarchy 3 shape: torch.Size([32, 6, 150])
[2025-10-29 16:41:19,071][src.models.modules.semantic_id.tiger_generation_model][INFO] - [rank: 0] Saved decoder self-attention to ./attention_weights/decoder_self_attention_batch_103.pt
[2025-10-29 16:41:19,072][src.models.modules.semantic_id.tiger_generation_model][INFO] - [rank: 0] Saved encoder attention to ./attention_weights/encoder_attention_batch_103.pt
[2025-10-29 16:41:19,072][src.models.modules.semantic_id.tiger_generation_model][INFO] - [rank: 0] Saved cross attention to ./attention_weights/cross_attention_batch_103.pt
[2025-10-29 16:41:19,619][src.models.modules.semantic_id.tiger_generation_model][WARNING] - [rank: 0] Failed to stack cross attentions: stack expects each tensor to be equal size, but got [32, 6, 150] at entry 0 and [32, 6, 2, 150] at entry 1
[2025-10-29 16:41:19,620][src.models.modules.semantic_id.tiger_generation_model][WARNING] - [rank: 0]   Hierarchy 0 shape: torch.Size([32, 6, 150])
[2025-10-29 16:41:19,620][src.models.modules.semantic_id.tiger_generation_model][WARNING] - [rank: 0]   Hierarchy 1 shape: torch.Size([32, 6, 2, 150])
[2025-10-29 16:41:19,621][src.models.modules.semantic_id.tiger_generation_model][WARNING] - [rank: 0]   Hierarchy 2 shape: torch.Size([32, 6, 150])
[2025-10-29 16:41:19,621][src.models.modules.semantic_id.tiger_generation_model][WARNING] - [rank: 0]   Hierarchy 3 shape: torch.Size([32, 6, 150])
[2025-10-29 16:41:19,757][src.models.modules.semantic_id.tiger_generation_model][INFO] - [rank: 0] Saved decoder self-attention to ./attention_weights/decoder_self_attention_batch_104.pt
[2025-10-29 16:41:19,757][src.models.modules.semantic_id.tiger_generation_model][INFO] - [rank: 0] Saved encoder attention to ./attention_weights/encoder_attention_batch_104.pt
[2025-10-29 16:41:19,758][src.models.modules.semantic_id.tiger_generation_model][INFO] - [rank: 0] Saved cross attention to ./attention_weights/cross_attention_batch_104.pt
[2025-10-29 16:41:20,354][src.models.modules.semantic_id.tiger_generation_model][WARNING] - [rank: 0] Failed to stack cross attentions: stack expects each tensor to be equal size, but got [32, 6, 150] at entry 0 and [32, 6, 2, 150] at entry 1
[2025-10-29 16:41:20,355][src.models.modules.semantic_id.tiger_generation_model][WARNING] - [rank: 0]   Hierarchy 0 shape: torch.Size([32, 6, 150])
[2025-10-29 16:41:20,355][src.models.modules.semantic_id.tiger_generation_model][WARNING] - [rank: 0]   Hierarchy 1 shape: torch.Size([32, 6, 2, 150])
[2025-10-29 16:41:20,355][src.models.modules.semantic_id.tiger_generation_model][WARNING] - [rank: 0]   Hierarchy 2 shape: torch.Size([32, 6, 150])
[2025-10-29 16:41:20,356][src.models.modules.semantic_id.tiger_generation_model][WARNING] - [rank: 0]   Hierarchy 3 shape: torch.Size([32, 6, 150])
[2025-10-29 16:41:20,484][src.models.modules.semantic_id.tiger_generation_model][INFO] - [rank: 0] Saved decoder self-attention to ./attention_weights/decoder_self_attention_batch_105.pt
[2025-10-29 16:41:20,485][src.models.modules.semantic_id.tiger_generation_model][INFO] - [rank: 0] Saved encoder attention to ./attention_weights/encoder_attention_batch_105.pt
[2025-10-29 16:41:20,485][src.models.modules.semantic_id.tiger_generation_model][INFO] - [rank: 0] Saved cross attention to ./attention_weights/cross_attention_batch_105.pt
[2025-10-29 16:41:21,043][src.models.modules.semantic_id.tiger_generation_model][WARNING] - [rank: 0] Failed to stack cross attentions: stack expects each tensor to be equal size, but got [32, 6, 150] at entry 0 and [32, 6, 2, 150] at entry 1
[2025-10-29 16:41:21,043][src.models.modules.semantic_id.tiger_generation_model][WARNING] - [rank: 0]   Hierarchy 0 shape: torch.Size([32, 6, 150])
[2025-10-29 16:41:21,044][src.models.modules.semantic_id.tiger_generation_model][WARNING] - [rank: 0]   Hierarchy 1 shape: torch.Size([32, 6, 2, 150])
[2025-10-29 16:41:21,044][src.models.modules.semantic_id.tiger_generation_model][WARNING] - [rank: 0]   Hierarchy 2 shape: torch.Size([32, 6, 150])
[2025-10-29 16:41:21,044][src.models.modules.semantic_id.tiger_generation_model][WARNING] - [rank: 0]   Hierarchy 3 shape: torch.Size([32, 6, 150])
[2025-10-29 16:41:21,177][src.models.modules.semantic_id.tiger_generation_model][INFO] - [rank: 0] Saved decoder self-attention to ./attention_weights/decoder_self_attention_batch_106.pt
[2025-10-29 16:41:21,178][src.models.modules.semantic_id.tiger_generation_model][INFO] - [rank: 0] Saved encoder attention to ./attention_weights/encoder_attention_batch_106.pt
[2025-10-29 16:41:21,178][src.models.modules.semantic_id.tiger_generation_model][INFO] - [rank: 0] Saved cross attention to ./attention_weights/cross_attention_batch_106.pt
[2025-10-29 16:41:21,735][src.models.modules.semantic_id.tiger_generation_model][WARNING] - [rank: 0] Failed to stack cross attentions: stack expects each tensor to be equal size, but got [32, 6, 150] at entry 0 and [32, 6, 2, 150] at entry 1
[2025-10-29 16:41:21,736][src.models.modules.semantic_id.tiger_generation_model][WARNING] - [rank: 0]   Hierarchy 0 shape: torch.Size([32, 6, 150])
[2025-10-29 16:41:21,736][src.models.modules.semantic_id.tiger_generation_model][WARNING] - [rank: 0]   Hierarchy 1 shape: torch.Size([32, 6, 2, 150])
[2025-10-29 16:41:21,737][src.models.modules.semantic_id.tiger_generation_model][WARNING] - [rank: 0]   Hierarchy 2 shape: torch.Size([32, 6, 150])
[2025-10-29 16:41:21,737][src.models.modules.semantic_id.tiger_generation_model][WARNING] - [rank: 0]   Hierarchy 3 shape: torch.Size([32, 6, 150])
[2025-10-29 16:41:21,867][src.models.modules.semantic_id.tiger_generation_model][INFO] - [rank: 0] Saved decoder self-attention to ./attention_weights/decoder_self_attention_batch_107.pt
[2025-10-29 16:41:21,868][src.models.modules.semantic_id.tiger_generation_model][INFO] - [rank: 0] Saved encoder attention to ./attention_weights/encoder_attention_batch_107.pt
[2025-10-29 16:41:21,868][src.models.modules.semantic_id.tiger_generation_model][INFO] - [rank: 0] Saved cross attention to ./attention_weights/cross_attention_batch_107.pt
[2025-10-29 16:41:22,413][src.models.modules.semantic_id.tiger_generation_model][WARNING] - [rank: 0] Failed to stack cross attentions: stack expects each tensor to be equal size, but got [32, 6, 150] at entry 0 and [32, 6, 2, 150] at entry 1
[2025-10-29 16:41:22,459][src.models.modules.semantic_id.tiger_generation_model][WARNING] - [rank: 0]   Hierarchy 0 shape: torch.Size([32, 6, 150])
[2025-10-29 16:41:22,459][src.models.modules.semantic_id.tiger_generation_model][WARNING] - [rank: 0]   Hierarchy 1 shape: torch.Size([32, 6, 2, 150])
[2025-10-29 16:41:22,460][src.models.modules.semantic_id.tiger_generation_model][WARNING] - [rank: 0]   Hierarchy 2 shape: torch.Size([32, 6, 150])
[2025-10-29 16:41:22,460][src.models.modules.semantic_id.tiger_generation_model][WARNING] - [rank: 0]   Hierarchy 3 shape: torch.Size([32, 6, 150])
[2025-10-29 16:41:22,624][src.models.modules.semantic_id.tiger_generation_model][INFO] - [rank: 0] Saved decoder self-attention to ./attention_weights/decoder_self_attention_batch_108.pt
[2025-10-29 16:41:22,625][src.models.modules.semantic_id.tiger_generation_model][INFO] - [rank: 0] Saved encoder attention to ./attention_weights/encoder_attention_batch_108.pt
[2025-10-29 16:41:22,625][src.models.modules.semantic_id.tiger_generation_model][INFO] - [rank: 0] Saved cross attention to ./attention_weights/cross_attention_batch_108.pt
[2025-10-29 16:41:23,191][src.models.modules.semantic_id.tiger_generation_model][WARNING] - [rank: 0] Failed to stack cross attentions: stack expects each tensor to be equal size, but got [32, 6, 150] at entry 0 and [32, 6, 2, 150] at entry 1
[2025-10-29 16:41:23,192][src.models.modules.semantic_id.tiger_generation_model][WARNING] - [rank: 0]   Hierarchy 0 shape: torch.Size([32, 6, 150])
[2025-10-29 16:41:23,193][src.models.modules.semantic_id.tiger_generation_model][WARNING] - [rank: 0]   Hierarchy 1 shape: torch.Size([32, 6, 2, 150])
[2025-10-29 16:41:23,193][src.models.modules.semantic_id.tiger_generation_model][WARNING] - [rank: 0]   Hierarchy 2 shape: torch.Size([32, 6, 150])
[2025-10-29 16:41:23,193][src.models.modules.semantic_id.tiger_generation_model][WARNING] - [rank: 0]   Hierarchy 3 shape: torch.Size([32, 6, 150])
[2025-10-29 16:41:23,329][src.models.modules.semantic_id.tiger_generation_model][INFO] - [rank: 0] Saved decoder self-attention to ./attention_weights/decoder_self_attention_batch_109.pt
[2025-10-29 16:41:23,330][src.models.modules.semantic_id.tiger_generation_model][INFO] - [rank: 0] Saved encoder attention to ./attention_weights/encoder_attention_batch_109.pt
[2025-10-29 16:41:23,330][src.models.modules.semantic_id.tiger_generation_model][INFO] - [rank: 0] Saved cross attention to ./attention_weights/cross_attention_batch_109.pt
[2025-10-29 16:41:23,872][src.models.modules.semantic_id.tiger_generation_model][WARNING] - [rank: 0] Failed to stack cross attentions: stack expects each tensor to be equal size, but got [32, 6, 150] at entry 0 and [32, 6, 2, 150] at entry 1
[2025-10-29 16:41:23,873][src.models.modules.semantic_id.tiger_generation_model][WARNING] - [rank: 0]   Hierarchy 0 shape: torch.Size([32, 6, 150])
[2025-10-29 16:41:23,873][src.models.modules.semantic_id.tiger_generation_model][WARNING] - [rank: 0]   Hierarchy 1 shape: torch.Size([32, 6, 2, 150])
[2025-10-29 16:41:23,874][src.models.modules.semantic_id.tiger_generation_model][WARNING] - [rank: 0]   Hierarchy 2 shape: torch.Size([32, 6, 150])
[2025-10-29 16:41:23,874][src.models.modules.semantic_id.tiger_generation_model][WARNING] - [rank: 0]   Hierarchy 3 shape: torch.Size([32, 6, 150])
[2025-10-29 16:41:24,011][src.models.modules.semantic_id.tiger_generation_model][INFO] - [rank: 0] Saved decoder self-attention to ./attention_weights/decoder_self_attention_batch_110.pt
[2025-10-29 16:41:24,012][src.models.modules.semantic_id.tiger_generation_model][INFO] - [rank: 0] Saved encoder attention to ./attention_weights/encoder_attention_batch_110.pt
[2025-10-29 16:41:24,012][src.models.modules.semantic_id.tiger_generation_model][INFO] - [rank: 0] Saved cross attention to ./attention_weights/cross_attention_batch_110.pt
[2025-10-29 16:41:24,581][src.models.modules.semantic_id.tiger_generation_model][WARNING] - [rank: 0] Failed to stack cross attentions: stack expects each tensor to be equal size, but got [32, 6, 150] at entry 0 and [32, 6, 2, 150] at entry 1
[2025-10-29 16:41:24,582][src.models.modules.semantic_id.tiger_generation_model][WARNING] - [rank: 0]   Hierarchy 0 shape: torch.Size([32, 6, 150])
[2025-10-29 16:41:24,582][src.models.modules.semantic_id.tiger_generation_model][WARNING] - [rank: 0]   Hierarchy 1 shape: torch.Size([32, 6, 2, 150])
[2025-10-29 16:41:24,583][src.models.modules.semantic_id.tiger_generation_model][WARNING] - [rank: 0]   Hierarchy 2 shape: torch.Size([32, 6, 150])
[2025-10-29 16:41:24,583][src.models.modules.semantic_id.tiger_generation_model][WARNING] - [rank: 0]   Hierarchy 3 shape: torch.Size([32, 6, 150])
[2025-10-29 16:41:24,694][src.models.modules.semantic_id.tiger_generation_model][INFO] - [rank: 0] Saved decoder self-attention to ./attention_weights/decoder_self_attention_batch_111.pt
[2025-10-29 16:41:24,695][src.models.modules.semantic_id.tiger_generation_model][INFO] - [rank: 0] Saved encoder attention to ./attention_weights/encoder_attention_batch_111.pt
[2025-10-29 16:41:24,695][src.models.modules.semantic_id.tiger_generation_model][INFO] - [rank: 0] Saved cross attention to ./attention_weights/cross_attention_batch_111.pt
[2025-10-29 16:41:25,212][src.models.modules.semantic_id.tiger_generation_model][WARNING] - [rank: 0] Failed to stack cross attentions: stack expects each tensor to be equal size, but got [32, 6, 150] at entry 0 and [32, 6, 2, 150] at entry 1
[2025-10-29 16:41:25,212][src.models.modules.semantic_id.tiger_generation_model][WARNING] - [rank: 0]   Hierarchy 0 shape: torch.Size([32, 6, 150])
[2025-10-29 16:41:25,213][src.models.modules.semantic_id.tiger_generation_model][WARNING] - [rank: 0]   Hierarchy 1 shape: torch.Size([32, 6, 2, 150])
[2025-10-29 16:41:25,213][src.models.modules.semantic_id.tiger_generation_model][WARNING] - [rank: 0]   Hierarchy 2 shape: torch.Size([32, 6, 150])
[2025-10-29 16:41:25,213][src.models.modules.semantic_id.tiger_generation_model][WARNING] - [rank: 0]   Hierarchy 3 shape: torch.Size([32, 6, 150])
[2025-10-29 16:41:25,369][src.models.modules.semantic_id.tiger_generation_model][INFO] - [rank: 0] Saved decoder self-attention to ./attention_weights/decoder_self_attention_batch_112.pt
[2025-10-29 16:41:25,369][src.models.modules.semantic_id.tiger_generation_model][INFO] - [rank: 0] Saved encoder attention to ./attention_weights/encoder_attention_batch_112.pt
[2025-10-29 16:41:25,374][src.models.modules.semantic_id.tiger_generation_model][INFO] - [rank: 0] Saved cross attention to ./attention_weights/cross_attention_batch_112.pt
[2025-10-29 16:41:25,909][src.models.modules.semantic_id.tiger_generation_model][WARNING] - [rank: 0] Failed to stack cross attentions: stack expects each tensor to be equal size, but got [32, 6, 150] at entry 0 and [32, 6, 2, 150] at entry 1
[2025-10-29 16:41:25,909][src.models.modules.semantic_id.tiger_generation_model][WARNING] - [rank: 0]   Hierarchy 0 shape: torch.Size([32, 6, 150])
[2025-10-29 16:41:25,910][src.models.modules.semantic_id.tiger_generation_model][WARNING] - [rank: 0]   Hierarchy 1 shape: torch.Size([32, 6, 2, 150])
[2025-10-29 16:41:25,910][src.models.modules.semantic_id.tiger_generation_model][WARNING] - [rank: 0]   Hierarchy 2 shape: torch.Size([32, 6, 150])
[2025-10-29 16:41:25,910][src.models.modules.semantic_id.tiger_generation_model][WARNING] - [rank: 0]   Hierarchy 3 shape: torch.Size([32, 6, 150])
[2025-10-29 16:41:26,043][src.models.modules.semantic_id.tiger_generation_model][INFO] - [rank: 0] Saved decoder self-attention to ./attention_weights/decoder_self_attention_batch_113.pt
[2025-10-29 16:41:26,043][src.models.modules.semantic_id.tiger_generation_model][INFO] - [rank: 0] Saved encoder attention to ./attention_weights/encoder_attention_batch_113.pt
[2025-10-29 16:41:26,043][src.models.modules.semantic_id.tiger_generation_model][INFO] - [rank: 0] Saved cross attention to ./attention_weights/cross_attention_batch_113.pt
[2025-10-29 16:41:26,522][src.models.modules.semantic_id.tiger_generation_model][WARNING] - [rank: 0] Failed to stack cross attentions: stack expects each tensor to be equal size, but got [32, 6, 150] at entry 0 and [32, 6, 2, 150] at entry 1
[2025-10-29 16:41:26,522][src.models.modules.semantic_id.tiger_generation_model][WARNING] - [rank: 0]   Hierarchy 0 shape: torch.Size([32, 6, 150])
[2025-10-29 16:41:26,523][src.models.modules.semantic_id.tiger_generation_model][WARNING] - [rank: 0]   Hierarchy 1 shape: torch.Size([32, 6, 2, 150])
[2025-10-29 16:41:26,523][src.models.modules.semantic_id.tiger_generation_model][WARNING] - [rank: 0]   Hierarchy 2 shape: torch.Size([32, 6, 150])
[2025-10-29 16:41:26,523][src.models.modules.semantic_id.tiger_generation_model][WARNING] - [rank: 0]   Hierarchy 3 shape: torch.Size([32, 6, 150])
[2025-10-29 16:41:26,665][src.models.modules.semantic_id.tiger_generation_model][INFO] - [rank: 0] Saved decoder self-attention to ./attention_weights/decoder_self_attention_batch_114.pt
[2025-10-29 16:41:26,665][src.models.modules.semantic_id.tiger_generation_model][INFO] - [rank: 0] Saved encoder attention to ./attention_weights/encoder_attention_batch_114.pt
[2025-10-29 16:41:26,665][src.models.modules.semantic_id.tiger_generation_model][INFO] - [rank: 0] Saved cross attention to ./attention_weights/cross_attention_batch_114.pt
[2025-10-29 16:41:27,191][src.models.modules.semantic_id.tiger_generation_model][WARNING] - [rank: 0] Failed to stack cross attentions: stack expects each tensor to be equal size, but got [32, 6, 150] at entry 0 and [32, 6, 2, 150] at entry 1
[2025-10-29 16:41:27,191][src.models.modules.semantic_id.tiger_generation_model][WARNING] - [rank: 0]   Hierarchy 0 shape: torch.Size([32, 6, 150])
[2025-10-29 16:41:27,191][src.models.modules.semantic_id.tiger_generation_model][WARNING] - [rank: 0]   Hierarchy 1 shape: torch.Size([32, 6, 2, 150])
[2025-10-29 16:41:27,192][src.models.modules.semantic_id.tiger_generation_model][WARNING] - [rank: 0]   Hierarchy 2 shape: torch.Size([32, 6, 150])
[2025-10-29 16:41:27,192][src.models.modules.semantic_id.tiger_generation_model][WARNING] - [rank: 0]   Hierarchy 3 shape: torch.Size([32, 6, 150])
[2025-10-29 16:41:27,348][src.models.modules.semantic_id.tiger_generation_model][INFO] - [rank: 0] Saved decoder self-attention to ./attention_weights/decoder_self_attention_batch_115.pt
[2025-10-29 16:41:27,348][src.models.modules.semantic_id.tiger_generation_model][INFO] - [rank: 0] Saved encoder attention to ./attention_weights/encoder_attention_batch_115.pt
[2025-10-29 16:41:27,349][src.models.modules.semantic_id.tiger_generation_model][INFO] - [rank: 0] Saved cross attention to ./attention_weights/cross_attention_batch_115.pt
[2025-10-29 16:41:27,817][src.models.modules.semantic_id.tiger_generation_model][WARNING] - [rank: 0] Failed to stack cross attentions: stack expects each tensor to be equal size, but got [32, 6, 150] at entry 0 and [32, 6, 2, 150] at entry 1
[2025-10-29 16:41:27,817][src.models.modules.semantic_id.tiger_generation_model][WARNING] - [rank: 0]   Hierarchy 0 shape: torch.Size([32, 6, 150])
[2025-10-29 16:41:27,817][src.models.modules.semantic_id.tiger_generation_model][WARNING] - [rank: 0]   Hierarchy 1 shape: torch.Size([32, 6, 2, 150])
[2025-10-29 16:41:27,817][src.models.modules.semantic_id.tiger_generation_model][WARNING] - [rank: 0]   Hierarchy 2 shape: torch.Size([32, 6, 150])
[2025-10-29 16:41:27,818][src.models.modules.semantic_id.tiger_generation_model][WARNING] - [rank: 0]   Hierarchy 3 shape: torch.Size([32, 6, 150])
[2025-10-29 16:41:27,965][src.models.modules.semantic_id.tiger_generation_model][INFO] - [rank: 0] Saved decoder self-attention to ./attention_weights/decoder_self_attention_batch_116.pt
[2025-10-29 16:41:27,965][src.models.modules.semantic_id.tiger_generation_model][INFO] - [rank: 0] Saved encoder attention to ./attention_weights/encoder_attention_batch_116.pt
[2025-10-29 16:41:27,966][src.models.modules.semantic_id.tiger_generation_model][INFO] - [rank: 0] Saved cross attention to ./attention_weights/cross_attention_batch_116.pt
[2025-10-29 16:41:28,548][src.models.modules.semantic_id.tiger_generation_model][WARNING] - [rank: 0] Failed to stack cross attentions: stack expects each tensor to be equal size, but got [32, 6, 150] at entry 0 and [32, 6, 2, 150] at entry 1
[2025-10-29 16:41:28,548][src.models.modules.semantic_id.tiger_generation_model][WARNING] - [rank: 0]   Hierarchy 0 shape: torch.Size([32, 6, 150])
[2025-10-29 16:41:28,549][src.models.modules.semantic_id.tiger_generation_model][WARNING] - [rank: 0]   Hierarchy 1 shape: torch.Size([32, 6, 2, 150])
[2025-10-29 16:41:28,549][src.models.modules.semantic_id.tiger_generation_model][WARNING] - [rank: 0]   Hierarchy 2 shape: torch.Size([32, 6, 150])
[2025-10-29 16:41:28,549][src.models.modules.semantic_id.tiger_generation_model][WARNING] - [rank: 0]   Hierarchy 3 shape: torch.Size([32, 6, 150])
[2025-10-29 16:41:28,681][src.models.modules.semantic_id.tiger_generation_model][INFO] - [rank: 0] Saved decoder self-attention to ./attention_weights/decoder_self_attention_batch_117.pt
[2025-10-29 16:41:28,681][src.models.modules.semantic_id.tiger_generation_model][INFO] - [rank: 0] Saved encoder attention to ./attention_weights/encoder_attention_batch_117.pt
[2025-10-29 16:41:28,681][src.models.modules.semantic_id.tiger_generation_model][INFO] - [rank: 0] Saved cross attention to ./attention_weights/cross_attention_batch_117.pt
[2025-10-29 16:41:29,293][src.models.modules.semantic_id.tiger_generation_model][WARNING] - [rank: 0] Failed to stack cross attentions: stack expects each tensor to be equal size, but got [32, 6, 150] at entry 0 and [32, 6, 2, 150] at entry 1
[2025-10-29 16:41:29,295][src.models.modules.semantic_id.tiger_generation_model][WARNING] - [rank: 0]   Hierarchy 0 shape: torch.Size([32, 6, 150])
[2025-10-29 16:41:29,295][src.models.modules.semantic_id.tiger_generation_model][WARNING] - [rank: 0]   Hierarchy 1 shape: torch.Size([32, 6, 2, 150])
[2025-10-29 16:41:29,295][src.models.modules.semantic_id.tiger_generation_model][WARNING] - [rank: 0]   Hierarchy 2 shape: torch.Size([32, 6, 150])
[2025-10-29 16:41:29,295][src.models.modules.semantic_id.tiger_generation_model][WARNING] - [rank: 0]   Hierarchy 3 shape: torch.Size([32, 6, 150])
[2025-10-29 16:41:29,434][src.models.modules.semantic_id.tiger_generation_model][INFO] - [rank: 0] Saved decoder self-attention to ./attention_weights/decoder_self_attention_batch_118.pt
[2025-10-29 16:41:29,435][src.models.modules.semantic_id.tiger_generation_model][INFO] - [rank: 0] Saved encoder attention to ./attention_weights/encoder_attention_batch_118.pt
[2025-10-29 16:41:29,435][src.models.modules.semantic_id.tiger_generation_model][INFO] - [rank: 0] Saved cross attention to ./attention_weights/cross_attention_batch_118.pt
[2025-10-29 16:41:30,037][src.models.modules.semantic_id.tiger_generation_model][WARNING] - [rank: 0] Failed to stack cross attentions: stack expects each tensor to be equal size, but got [32, 6, 150] at entry 0 and [32, 6, 2, 150] at entry 1
[2025-10-29 16:41:30,038][src.models.modules.semantic_id.tiger_generation_model][WARNING] - [rank: 0]   Hierarchy 0 shape: torch.Size([32, 6, 150])
[2025-10-29 16:41:30,038][src.models.modules.semantic_id.tiger_generation_model][WARNING] - [rank: 0]   Hierarchy 1 shape: torch.Size([32, 6, 2, 150])
[2025-10-29 16:41:30,038][src.models.modules.semantic_id.tiger_generation_model][WARNING] - [rank: 0]   Hierarchy 2 shape: torch.Size([32, 6, 150])
[2025-10-29 16:41:30,039][src.models.modules.semantic_id.tiger_generation_model][WARNING] - [rank: 0]   Hierarchy 3 shape: torch.Size([32, 6, 150])
[2025-10-29 16:41:30,168][src.models.modules.semantic_id.tiger_generation_model][INFO] - [rank: 0] Saved decoder self-attention to ./attention_weights/decoder_self_attention_batch_119.pt
[2025-10-29 16:41:30,169][src.models.modules.semantic_id.tiger_generation_model][INFO] - [rank: 0] Saved encoder attention to ./attention_weights/encoder_attention_batch_119.pt
[2025-10-29 16:41:30,169][src.models.modules.semantic_id.tiger_generation_model][INFO] - [rank: 0] Saved cross attention to ./attention_weights/cross_attention_batch_119.pt
[2025-10-29 16:41:30,736][src.models.modules.semantic_id.tiger_generation_model][WARNING] - [rank: 0] Failed to stack cross attentions: stack expects each tensor to be equal size, but got [32, 6, 150] at entry 0 and [32, 6, 2, 150] at entry 1
[2025-10-29 16:41:30,737][src.models.modules.semantic_id.tiger_generation_model][WARNING] - [rank: 0]   Hierarchy 0 shape: torch.Size([32, 6, 150])
[2025-10-29 16:41:30,737][src.models.modules.semantic_id.tiger_generation_model][WARNING] - [rank: 0]   Hierarchy 1 shape: torch.Size([32, 6, 2, 150])
[2025-10-29 16:41:30,737][src.models.modules.semantic_id.tiger_generation_model][WARNING] - [rank: 0]   Hierarchy 2 shape: torch.Size([32, 6, 150])
[2025-10-29 16:41:30,737][src.models.modules.semantic_id.tiger_generation_model][WARNING] - [rank: 0]   Hierarchy 3 shape: torch.Size([32, 6, 150])
[2025-10-29 16:41:30,868][src.models.modules.semantic_id.tiger_generation_model][INFO] - [rank: 0] Saved decoder self-attention to ./attention_weights/decoder_self_attention_batch_120.pt
[2025-10-29 16:41:30,868][src.models.modules.semantic_id.tiger_generation_model][INFO] - [rank: 0] Saved encoder attention to ./attention_weights/encoder_attention_batch_120.pt
[2025-10-29 16:41:30,869][src.models.modules.semantic_id.tiger_generation_model][INFO] - [rank: 0] Saved cross attention to ./attention_weights/cross_attention_batch_120.pt
[2025-10-29 16:41:31,450][src.models.modules.semantic_id.tiger_generation_model][WARNING] - [rank: 0] Failed to stack cross attentions: stack expects each tensor to be equal size, but got [32, 6, 150] at entry 0 and [32, 6, 2, 150] at entry 1
[2025-10-29 16:41:31,450][src.models.modules.semantic_id.tiger_generation_model][WARNING] - [rank: 0]   Hierarchy 0 shape: torch.Size([32, 6, 150])
[2025-10-29 16:41:31,450][src.models.modules.semantic_id.tiger_generation_model][WARNING] - [rank: 0]   Hierarchy 1 shape: torch.Size([32, 6, 2, 150])
[2025-10-29 16:41:31,451][src.models.modules.semantic_id.tiger_generation_model][WARNING] - [rank: 0]   Hierarchy 2 shape: torch.Size([32, 6, 150])
[2025-10-29 16:41:31,451][src.models.modules.semantic_id.tiger_generation_model][WARNING] - [rank: 0]   Hierarchy 3 shape: torch.Size([32, 6, 150])
[2025-10-29 16:41:31,579][src.models.modules.semantic_id.tiger_generation_model][INFO] - [rank: 0] Saved decoder self-attention to ./attention_weights/decoder_self_attention_batch_121.pt
[2025-10-29 16:41:31,579][src.models.modules.semantic_id.tiger_generation_model][INFO] - [rank: 0] Saved encoder attention to ./attention_weights/encoder_attention_batch_121.pt
[2025-10-29 16:41:31,580][src.models.modules.semantic_id.tiger_generation_model][INFO] - [rank: 0] Saved cross attention to ./attention_weights/cross_attention_batch_121.pt
[2025-10-29 16:41:32,119][src.models.modules.semantic_id.tiger_generation_model][WARNING] - [rank: 0] Failed to stack cross attentions: stack expects each tensor to be equal size, but got [32, 6, 150] at entry 0 and [32, 6, 2, 150] at entry 1
[2025-10-29 16:41:32,120][src.models.modules.semantic_id.tiger_generation_model][WARNING] - [rank: 0]   Hierarchy 0 shape: torch.Size([32, 6, 150])
[2025-10-29 16:41:32,121][src.models.modules.semantic_id.tiger_generation_model][WARNING] - [rank: 0]   Hierarchy 1 shape: torch.Size([32, 6, 2, 150])
[2025-10-29 16:41:32,121][src.models.modules.semantic_id.tiger_generation_model][WARNING] - [rank: 0]   Hierarchy 2 shape: torch.Size([32, 6, 150])
[2025-10-29 16:41:32,121][src.models.modules.semantic_id.tiger_generation_model][WARNING] - [rank: 0]   Hierarchy 3 shape: torch.Size([32, 6, 150])
[2025-10-29 16:41:32,248][src.models.modules.semantic_id.tiger_generation_model][INFO] - [rank: 0] Saved decoder self-attention to ./attention_weights/decoder_self_attention_batch_122.pt
[2025-10-29 16:41:32,249][src.models.modules.semantic_id.tiger_generation_model][INFO] - [rank: 0] Saved encoder attention to ./attention_weights/encoder_attention_batch_122.pt
[2025-10-29 16:41:32,249][src.models.modules.semantic_id.tiger_generation_model][INFO] - [rank: 0] Saved cross attention to ./attention_weights/cross_attention_batch_122.pt
[2025-10-29 16:41:32,807][src.models.modules.semantic_id.tiger_generation_model][WARNING] - [rank: 0] Failed to stack cross attentions: stack expects each tensor to be equal size, but got [32, 6, 150] at entry 0 and [32, 6, 2, 150] at entry 1
[2025-10-29 16:41:32,808][src.models.modules.semantic_id.tiger_generation_model][WARNING] - [rank: 0]   Hierarchy 0 shape: torch.Size([32, 6, 150])
[2025-10-29 16:41:32,808][src.models.modules.semantic_id.tiger_generation_model][WARNING] - [rank: 0]   Hierarchy 1 shape: torch.Size([32, 6, 2, 150])
[2025-10-29 16:41:32,808][src.models.modules.semantic_id.tiger_generation_model][WARNING] - [rank: 0]   Hierarchy 2 shape: torch.Size([32, 6, 150])
[2025-10-29 16:41:32,809][src.models.modules.semantic_id.tiger_generation_model][WARNING] - [rank: 0]   Hierarchy 3 shape: torch.Size([32, 6, 150])
[2025-10-29 16:41:32,948][src.models.modules.semantic_id.tiger_generation_model][INFO] - [rank: 0] Saved decoder self-attention to ./attention_weights/decoder_self_attention_batch_123.pt
[2025-10-29 16:41:32,948][src.models.modules.semantic_id.tiger_generation_model][INFO] - [rank: 0] Saved encoder attention to ./attention_weights/encoder_attention_batch_123.pt
[2025-10-29 16:41:32,948][src.models.modules.semantic_id.tiger_generation_model][INFO] - [rank: 0] Saved cross attention to ./attention_weights/cross_attention_batch_123.pt
[2025-10-29 16:41:33,513][src.models.modules.semantic_id.tiger_generation_model][WARNING] - [rank: 0] Failed to stack cross attentions: stack expects each tensor to be equal size, but got [32, 6, 150] at entry 0 and [32, 6, 2, 150] at entry 1
[2025-10-29 16:41:33,514][src.models.modules.semantic_id.tiger_generation_model][WARNING] - [rank: 0]   Hierarchy 0 shape: torch.Size([32, 6, 150])
[2025-10-29 16:41:33,514][src.models.modules.semantic_id.tiger_generation_model][WARNING] - [rank: 0]   Hierarchy 1 shape: torch.Size([32, 6, 2, 150])
[2025-10-29 16:41:33,515][src.models.modules.semantic_id.tiger_generation_model][WARNING] - [rank: 0]   Hierarchy 2 shape: torch.Size([32, 6, 150])
[2025-10-29 16:41:33,515][src.models.modules.semantic_id.tiger_generation_model][WARNING] - [rank: 0]   Hierarchy 3 shape: torch.Size([32, 6, 150])
[2025-10-29 16:41:33,653][src.models.modules.semantic_id.tiger_generation_model][INFO] - [rank: 0] Saved decoder self-attention to ./attention_weights/decoder_self_attention_batch_124.pt
[2025-10-29 16:41:33,653][src.models.modules.semantic_id.tiger_generation_model][INFO] - [rank: 0] Saved encoder attention to ./attention_weights/encoder_attention_batch_124.pt
[2025-10-29 16:41:33,654][src.models.modules.semantic_id.tiger_generation_model][INFO] - [rank: 0] Saved cross attention to ./attention_weights/cross_attention_batch_124.pt
[2025-10-29 16:41:34,221][src.models.modules.semantic_id.tiger_generation_model][WARNING] - [rank: 0] Failed to stack cross attentions: stack expects each tensor to be equal size, but got [32, 6, 150] at entry 0 and [32, 6, 2, 150] at entry 1
[2025-10-29 16:41:34,222][src.models.modules.semantic_id.tiger_generation_model][WARNING] - [rank: 0]   Hierarchy 0 shape: torch.Size([32, 6, 150])
[2025-10-29 16:41:34,222][src.models.modules.semantic_id.tiger_generation_model][WARNING] - [rank: 0]   Hierarchy 1 shape: torch.Size([32, 6, 2, 150])
[2025-10-29 16:41:34,222][src.models.modules.semantic_id.tiger_generation_model][WARNING] - [rank: 0]   Hierarchy 2 shape: torch.Size([32, 6, 150])
[2025-10-29 16:41:34,222][src.models.modules.semantic_id.tiger_generation_model][WARNING] - [rank: 0]   Hierarchy 3 shape: torch.Size([32, 6, 150])
[2025-10-29 16:41:34,358][src.models.modules.semantic_id.tiger_generation_model][INFO] - [rank: 0] Saved decoder self-attention to ./attention_weights/decoder_self_attention_batch_125.pt
[2025-10-29 16:41:34,359][src.models.modules.semantic_id.tiger_generation_model][INFO] - [rank: 0] Saved encoder attention to ./attention_weights/encoder_attention_batch_125.pt
[2025-10-29 16:41:34,359][src.models.modules.semantic_id.tiger_generation_model][INFO] - [rank: 0] Saved cross attention to ./attention_weights/cross_attention_batch_125.pt
[2025-10-29 16:41:34,950][src.models.modules.semantic_id.tiger_generation_model][WARNING] - [rank: 0] Failed to stack cross attentions: stack expects each tensor to be equal size, but got [32, 6, 150] at entry 0 and [32, 6, 2, 150] at entry 1
[2025-10-29 16:41:34,950][src.models.modules.semantic_id.tiger_generation_model][WARNING] - [rank: 0]   Hierarchy 0 shape: torch.Size([32, 6, 150])
[2025-10-29 16:41:34,951][src.models.modules.semantic_id.tiger_generation_model][WARNING] - [rank: 0]   Hierarchy 1 shape: torch.Size([32, 6, 2, 150])
[2025-10-29 16:41:34,951][src.models.modules.semantic_id.tiger_generation_model][WARNING] - [rank: 0]   Hierarchy 2 shape: torch.Size([32, 6, 150])
[2025-10-29 16:41:34,951][src.models.modules.semantic_id.tiger_generation_model][WARNING] - [rank: 0]   Hierarchy 3 shape: torch.Size([32, 6, 150])
[2025-10-29 16:41:35,093][src.models.modules.semantic_id.tiger_generation_model][INFO] - [rank: 0] Saved decoder self-attention to ./attention_weights/decoder_self_attention_batch_126.pt
[2025-10-29 16:41:35,093][src.models.modules.semantic_id.tiger_generation_model][INFO] - [rank: 0] Saved encoder attention to ./attention_weights/encoder_attention_batch_126.pt
[2025-10-29 16:41:35,094][src.models.modules.semantic_id.tiger_generation_model][INFO] - [rank: 0] Saved cross attention to ./attention_weights/cross_attention_batch_126.pt
[2025-10-29 16:41:35,641][src.models.modules.semantic_id.tiger_generation_model][WARNING] - [rank: 0] Failed to stack cross attentions: stack expects each tensor to be equal size, but got [32, 6, 150] at entry 0 and [32, 6, 2, 150] at entry 1
[2025-10-29 16:41:35,642][src.models.modules.semantic_id.tiger_generation_model][WARNING] - [rank: 0]   Hierarchy 0 shape: torch.Size([32, 6, 150])
[2025-10-29 16:41:35,642][src.models.modules.semantic_id.tiger_generation_model][WARNING] - [rank: 0]   Hierarchy 1 shape: torch.Size([32, 6, 2, 150])
[2025-10-29 16:41:35,643][src.models.modules.semantic_id.tiger_generation_model][WARNING] - [rank: 0]   Hierarchy 2 shape: torch.Size([32, 6, 150])
[2025-10-29 16:41:35,643][src.models.modules.semantic_id.tiger_generation_model][WARNING] - [rank: 0]   Hierarchy 3 shape: torch.Size([32, 6, 150])
[2025-10-29 16:41:35,780][src.models.modules.semantic_id.tiger_generation_model][INFO] - [rank: 0] Saved decoder self-attention to ./attention_weights/decoder_self_attention_batch_127.pt
[2025-10-29 16:41:35,780][src.models.modules.semantic_id.tiger_generation_model][INFO] - [rank: 0] Saved encoder attention to ./attention_weights/encoder_attention_batch_127.pt
[2025-10-29 16:41:35,781][src.models.modules.semantic_id.tiger_generation_model][INFO] - [rank: 0] Saved cross attention to ./attention_weights/cross_attention_batch_127.pt
[2025-10-29 16:41:36,308][src.models.modules.semantic_id.tiger_generation_model][WARNING] - [rank: 0] Failed to stack cross attentions: stack expects each tensor to be equal size, but got [32, 6, 150] at entry 0 and [32, 6, 2, 150] at entry 1
[2025-10-29 16:41:36,308][src.models.modules.semantic_id.tiger_generation_model][WARNING] - [rank: 0]   Hierarchy 0 shape: torch.Size([32, 6, 150])
[2025-10-29 16:41:36,309][src.models.modules.semantic_id.tiger_generation_model][WARNING] - [rank: 0]   Hierarchy 1 shape: torch.Size([32, 6, 2, 150])
[2025-10-29 16:41:36,309][src.models.modules.semantic_id.tiger_generation_model][WARNING] - [rank: 0]   Hierarchy 2 shape: torch.Size([32, 6, 150])
[2025-10-29 16:41:36,309][src.models.modules.semantic_id.tiger_generation_model][WARNING] - [rank: 0]   Hierarchy 3 shape: torch.Size([32, 6, 150])
[2025-10-29 16:41:36,473][src.models.modules.semantic_id.tiger_generation_model][INFO] - [rank: 0] Saved decoder self-attention to ./attention_weights/decoder_self_attention_batch_128.pt
[2025-10-29 16:41:36,473][src.models.modules.semantic_id.tiger_generation_model][INFO] - [rank: 0] Saved encoder attention to ./attention_weights/encoder_attention_batch_128.pt
[2025-10-29 16:41:36,473][src.models.modules.semantic_id.tiger_generation_model][INFO] - [rank: 0] Saved cross attention to ./attention_weights/cross_attention_batch_128.pt
[2025-10-29 16:41:36,978][src.models.modules.semantic_id.tiger_generation_model][WARNING] - [rank: 0] Failed to stack cross attentions: stack expects each tensor to be equal size, but got [32, 6, 150] at entry 0 and [32, 6, 2, 150] at entry 1
[2025-10-29 16:41:36,979][src.models.modules.semantic_id.tiger_generation_model][WARNING] - [rank: 0]   Hierarchy 0 shape: torch.Size([32, 6, 150])
[2025-10-29 16:41:36,980][src.models.modules.semantic_id.tiger_generation_model][WARNING] - [rank: 0]   Hierarchy 1 shape: torch.Size([32, 6, 2, 150])
[2025-10-29 16:41:36,980][src.models.modules.semantic_id.tiger_generation_model][WARNING] - [rank: 0]   Hierarchy 2 shape: torch.Size([32, 6, 150])
[2025-10-29 16:41:36,980][src.models.modules.semantic_id.tiger_generation_model][WARNING] - [rank: 0]   Hierarchy 3 shape: torch.Size([32, 6, 150])
[2025-10-29 16:41:37,132][src.models.modules.semantic_id.tiger_generation_model][INFO] - [rank: 0] Saved decoder self-attention to ./attention_weights/decoder_self_attention_batch_129.pt
[2025-10-29 16:41:37,133][src.models.modules.semantic_id.tiger_generation_model][INFO] - [rank: 0] Saved encoder attention to ./attention_weights/encoder_attention_batch_129.pt
[2025-10-29 16:41:37,133][src.models.modules.semantic_id.tiger_generation_model][INFO] - [rank: 0] Saved cross attention to ./attention_weights/cross_attention_batch_129.pt
[2025-10-29 16:41:37,641][src.models.modules.semantic_id.tiger_generation_model][WARNING] - [rank: 0] Failed to stack cross attentions: stack expects each tensor to be equal size, but got [32, 6, 150] at entry 0 and [32, 6, 2, 150] at entry 1
[2025-10-29 16:41:37,641][src.models.modules.semantic_id.tiger_generation_model][WARNING] - [rank: 0]   Hierarchy 0 shape: torch.Size([32, 6, 150])
[2025-10-29 16:41:37,642][src.models.modules.semantic_id.tiger_generation_model][WARNING] - [rank: 0]   Hierarchy 1 shape: torch.Size([32, 6, 2, 150])
[2025-10-29 16:41:37,642][src.models.modules.semantic_id.tiger_generation_model][WARNING] - [rank: 0]   Hierarchy 2 shape: torch.Size([32, 6, 150])
[2025-10-29 16:41:37,642][src.models.modules.semantic_id.tiger_generation_model][WARNING] - [rank: 0]   Hierarchy 3 shape: torch.Size([32, 6, 150])
[2025-10-29 16:41:37,752][src.models.modules.semantic_id.tiger_generation_model][INFO] - [rank: 0] Saved decoder self-attention to ./attention_weights/decoder_self_attention_batch_130.pt
[2025-10-29 16:41:37,753][src.models.modules.semantic_id.tiger_generation_model][INFO] - [rank: 0] Saved encoder attention to ./attention_weights/encoder_attention_batch_130.pt
[2025-10-29 16:41:37,753][src.models.modules.semantic_id.tiger_generation_model][INFO] - [rank: 0] Saved cross attention to ./attention_weights/cross_attention_batch_130.pt
[2025-10-29 16:41:38,353][src.models.modules.semantic_id.tiger_generation_model][WARNING] - [rank: 0] Failed to stack cross attentions: stack expects each tensor to be equal size, but got [32, 6, 150] at entry 0 and [32, 6, 2, 150] at entry 1
[2025-10-29 16:41:38,353][src.models.modules.semantic_id.tiger_generation_model][WARNING] - [rank: 0]   Hierarchy 0 shape: torch.Size([32, 6, 150])
[2025-10-29 16:41:38,354][src.models.modules.semantic_id.tiger_generation_model][WARNING] - [rank: 0]   Hierarchy 1 shape: torch.Size([32, 6, 2, 150])
[2025-10-29 16:41:38,354][src.models.modules.semantic_id.tiger_generation_model][WARNING] - [rank: 0]   Hierarchy 2 shape: torch.Size([32, 6, 150])
[2025-10-29 16:41:38,354][src.models.modules.semantic_id.tiger_generation_model][WARNING] - [rank: 0]   Hierarchy 3 shape: torch.Size([32, 6, 150])
[2025-10-29 16:41:38,466][src.models.modules.semantic_id.tiger_generation_model][INFO] - [rank: 0] Saved decoder self-attention to ./attention_weights/decoder_self_attention_batch_131.pt
[2025-10-29 16:41:38,466][src.models.modules.semantic_id.tiger_generation_model][INFO] - [rank: 0] Saved encoder attention to ./attention_weights/encoder_attention_batch_131.pt
[2025-10-29 16:41:38,467][src.models.modules.semantic_id.tiger_generation_model][INFO] - [rank: 0] Saved cross attention to ./attention_weights/cross_attention_batch_131.pt
[2025-10-29 16:41:38,920][src.models.modules.semantic_id.tiger_generation_model][WARNING] - [rank: 0] Failed to stack cross attentions: stack expects each tensor to be equal size, but got [32, 6, 150] at entry 0 and [32, 6, 2, 150] at entry 1
[2025-10-29 16:41:38,921][src.models.modules.semantic_id.tiger_generation_model][WARNING] - [rank: 0]   Hierarchy 0 shape: torch.Size([32, 6, 150])
[2025-10-29 16:41:38,921][src.models.modules.semantic_id.tiger_generation_model][WARNING] - [rank: 0]   Hierarchy 1 shape: torch.Size([32, 6, 2, 150])
[2025-10-29 16:41:38,921][src.models.modules.semantic_id.tiger_generation_model][WARNING] - [rank: 0]   Hierarchy 2 shape: torch.Size([32, 6, 150])
[2025-10-29 16:41:38,922][src.models.modules.semantic_id.tiger_generation_model][WARNING] - [rank: 0]   Hierarchy 3 shape: torch.Size([32, 6, 150])
[2025-10-29 16:41:39,069][src.models.modules.semantic_id.tiger_generation_model][INFO] - [rank: 0] Saved decoder self-attention to ./attention_weights/decoder_self_attention_batch_132.pt
[2025-10-29 16:41:39,070][src.models.modules.semantic_id.tiger_generation_model][INFO] - [rank: 0] Saved encoder attention to ./attention_weights/encoder_attention_batch_132.pt
[2025-10-29 16:41:39,070][src.models.modules.semantic_id.tiger_generation_model][INFO] - [rank: 0] Saved cross attention to ./attention_weights/cross_attention_batch_132.pt
[2025-10-29 16:41:39,628][src.models.modules.semantic_id.tiger_generation_model][WARNING] - [rank: 0] Failed to stack cross attentions: stack expects each tensor to be equal size, but got [32, 6, 150] at entry 0 and [32, 6, 2, 150] at entry 1
[2025-10-29 16:41:39,629][src.models.modules.semantic_id.tiger_generation_model][WARNING] - [rank: 0]   Hierarchy 0 shape: torch.Size([32, 6, 150])
[2025-10-29 16:41:39,629][src.models.modules.semantic_id.tiger_generation_model][WARNING] - [rank: 0]   Hierarchy 1 shape: torch.Size([32, 6, 2, 150])
[2025-10-29 16:41:39,629][src.models.modules.semantic_id.tiger_generation_model][WARNING] - [rank: 0]   Hierarchy 2 shape: torch.Size([32, 6, 150])
[2025-10-29 16:41:39,630][src.models.modules.semantic_id.tiger_generation_model][WARNING] - [rank: 0]   Hierarchy 3 shape: torch.Size([32, 6, 150])
[2025-10-29 16:41:39,763][src.models.modules.semantic_id.tiger_generation_model][INFO] - [rank: 0] Saved decoder self-attention to ./attention_weights/decoder_self_attention_batch_133.pt
[2025-10-29 16:41:39,764][src.models.modules.semantic_id.tiger_generation_model][INFO] - [rank: 0] Saved encoder attention to ./attention_weights/encoder_attention_batch_133.pt
[2025-10-29 16:41:39,764][src.models.modules.semantic_id.tiger_generation_model][INFO] - [rank: 0] Saved cross attention to ./attention_weights/cross_attention_batch_133.pt
[2025-10-29 16:41:40,360][src.models.modules.semantic_id.tiger_generation_model][WARNING] - [rank: 0] Failed to stack cross attentions: stack expects each tensor to be equal size, but got [32, 6, 150] at entry 0 and [32, 6, 2, 150] at entry 1
[2025-10-29 16:41:40,361][src.models.modules.semantic_id.tiger_generation_model][WARNING] - [rank: 0]   Hierarchy 0 shape: torch.Size([32, 6, 150])
[2025-10-29 16:41:40,361][src.models.modules.semantic_id.tiger_generation_model][WARNING] - [rank: 0]   Hierarchy 1 shape: torch.Size([32, 6, 2, 150])
[2025-10-29 16:41:40,361][src.models.modules.semantic_id.tiger_generation_model][WARNING] - [rank: 0]   Hierarchy 2 shape: torch.Size([32, 6, 150])
[2025-10-29 16:41:40,361][src.models.modules.semantic_id.tiger_generation_model][WARNING] - [rank: 0]   Hierarchy 3 shape: torch.Size([32, 6, 150])
[2025-10-29 16:41:40,506][src.models.modules.semantic_id.tiger_generation_model][INFO] - [rank: 0] Saved decoder self-attention to ./attention_weights/decoder_self_attention_batch_134.pt
[2025-10-29 16:41:40,507][src.models.modules.semantic_id.tiger_generation_model][INFO] - [rank: 0] Saved encoder attention to ./attention_weights/encoder_attention_batch_134.pt
[2025-10-29 16:41:40,507][src.models.modules.semantic_id.tiger_generation_model][INFO] - [rank: 0] Saved cross attention to ./attention_weights/cross_attention_batch_134.pt
[2025-10-29 16:41:41,100][src.models.modules.semantic_id.tiger_generation_model][WARNING] - [rank: 0] Failed to stack cross attentions: stack expects each tensor to be equal size, but got [32, 6, 150] at entry 0 and [32, 6, 2, 150] at entry 1
[2025-10-29 16:41:41,100][src.models.modules.semantic_id.tiger_generation_model][WARNING] - [rank: 0]   Hierarchy 0 shape: torch.Size([32, 6, 150])
[2025-10-29 16:41:41,100][src.models.modules.semantic_id.tiger_generation_model][WARNING] - [rank: 0]   Hierarchy 1 shape: torch.Size([32, 6, 2, 150])
[2025-10-29 16:41:41,101][src.models.modules.semantic_id.tiger_generation_model][WARNING] - [rank: 0]   Hierarchy 2 shape: torch.Size([32, 6, 150])
[2025-10-29 16:41:41,101][src.models.modules.semantic_id.tiger_generation_model][WARNING] - [rank: 0]   Hierarchy 3 shape: torch.Size([32, 6, 150])
[2025-10-29 16:41:41,210][src.models.modules.semantic_id.tiger_generation_model][INFO] - [rank: 0] Saved decoder self-attention to ./attention_weights/decoder_self_attention_batch_135.pt
[2025-10-29 16:41:41,211][src.models.modules.semantic_id.tiger_generation_model][INFO] - [rank: 0] Saved encoder attention to ./attention_weights/encoder_attention_batch_135.pt
[2025-10-29 16:41:41,211][src.models.modules.semantic_id.tiger_generation_model][INFO] - [rank: 0] Saved cross attention to ./attention_weights/cross_attention_batch_135.pt
[2025-10-29 16:41:41,759][src.models.modules.semantic_id.tiger_generation_model][WARNING] - [rank: 0] Failed to stack cross attentions: stack expects each tensor to be equal size, but got [32, 6, 150] at entry 0 and [32, 6, 2, 150] at entry 1
[2025-10-29 16:41:41,760][src.models.modules.semantic_id.tiger_generation_model][WARNING] - [rank: 0]   Hierarchy 0 shape: torch.Size([32, 6, 150])
[2025-10-29 16:41:41,760][src.models.modules.semantic_id.tiger_generation_model][WARNING] - [rank: 0]   Hierarchy 1 shape: torch.Size([32, 6, 2, 150])
[2025-10-29 16:41:41,760][src.models.modules.semantic_id.tiger_generation_model][WARNING] - [rank: 0]   Hierarchy 2 shape: torch.Size([32, 6, 150])
[2025-10-29 16:41:41,760][src.models.modules.semantic_id.tiger_generation_model][WARNING] - [rank: 0]   Hierarchy 3 shape: torch.Size([32, 6, 150])
[2025-10-29 16:41:41,889][src.models.modules.semantic_id.tiger_generation_model][INFO] - [rank: 0] Saved decoder self-attention to ./attention_weights/decoder_self_attention_batch_136.pt
[2025-10-29 16:41:41,889][src.models.modules.semantic_id.tiger_generation_model][INFO] - [rank: 0] Saved encoder attention to ./attention_weights/encoder_attention_batch_136.pt
[2025-10-29 16:41:41,889][src.models.modules.semantic_id.tiger_generation_model][INFO] - [rank: 0] Saved cross attention to ./attention_weights/cross_attention_batch_136.pt
[2025-10-29 16:41:42,395][src.models.modules.semantic_id.tiger_generation_model][WARNING] - [rank: 0] Failed to stack cross attentions: stack expects each tensor to be equal size, but got [32, 6, 150] at entry 0 and [32, 6, 2, 150] at entry 1
[2025-10-29 16:41:42,395][src.models.modules.semantic_id.tiger_generation_model][WARNING] - [rank: 0]   Hierarchy 0 shape: torch.Size([32, 6, 150])
[2025-10-29 16:41:42,395][src.models.modules.semantic_id.tiger_generation_model][WARNING] - [rank: 0]   Hierarchy 1 shape: torch.Size([32, 6, 2, 150])
[2025-10-29 16:41:42,396][src.models.modules.semantic_id.tiger_generation_model][WARNING] - [rank: 0]   Hierarchy 2 shape: torch.Size([32, 6, 150])
[2025-10-29 16:41:42,396][src.models.modules.semantic_id.tiger_generation_model][WARNING] - [rank: 0]   Hierarchy 3 shape: torch.Size([32, 6, 150])
[2025-10-29 16:41:42,639][src.models.modules.semantic_id.tiger_generation_model][INFO] - [rank: 0] Saved decoder self-attention to ./attention_weights/decoder_self_attention_batch_137.pt
[2025-10-29 16:41:42,640][src.models.modules.semantic_id.tiger_generation_model][INFO] - [rank: 0] Saved encoder attention to ./attention_weights/encoder_attention_batch_137.pt
[2025-10-29 16:41:42,640][src.models.modules.semantic_id.tiger_generation_model][INFO] - [rank: 0] Saved cross attention to ./attention_weights/cross_attention_batch_137.pt
[2025-10-29 16:41:43,226][src.models.modules.semantic_id.tiger_generation_model][WARNING] - [rank: 0] Failed to stack cross attentions: stack expects each tensor to be equal size, but got [32, 6, 150] at entry 0 and [32, 6, 2, 150] at entry 1
[2025-10-29 16:41:43,226][src.models.modules.semantic_id.tiger_generation_model][WARNING] - [rank: 0]   Hierarchy 0 shape: torch.Size([32, 6, 150])
[2025-10-29 16:41:43,227][src.models.modules.semantic_id.tiger_generation_model][WARNING] - [rank: 0]   Hierarchy 1 shape: torch.Size([32, 6, 2, 150])
[2025-10-29 16:41:43,227][src.models.modules.semantic_id.tiger_generation_model][WARNING] - [rank: 0]   Hierarchy 2 shape: torch.Size([32, 6, 150])
[2025-10-29 16:41:43,227][src.models.modules.semantic_id.tiger_generation_model][WARNING] - [rank: 0]   Hierarchy 3 shape: torch.Size([32, 6, 150])
[2025-10-29 16:41:43,330][src.models.modules.semantic_id.tiger_generation_model][INFO] - [rank: 0] Saved decoder self-attention to ./attention_weights/decoder_self_attention_batch_138.pt
[2025-10-29 16:41:43,331][src.models.modules.semantic_id.tiger_generation_model][INFO] - [rank: 0] Saved encoder attention to ./attention_weights/encoder_attention_batch_138.pt
[2025-10-29 16:41:43,331][src.models.modules.semantic_id.tiger_generation_model][INFO] - [rank: 0] Saved cross attention to ./attention_weights/cross_attention_batch_138.pt
[2025-10-29 16:41:43,830][src.models.modules.semantic_id.tiger_generation_model][WARNING] - [rank: 0] Failed to stack cross attentions: stack expects each tensor to be equal size, but got [32, 6, 150] at entry 0 and [32, 6, 2, 150] at entry 1
[2025-10-29 16:41:43,831][src.models.modules.semantic_id.tiger_generation_model][WARNING] - [rank: 0]   Hierarchy 0 shape: torch.Size([32, 6, 150])
[2025-10-29 16:41:43,832][src.models.modules.semantic_id.tiger_generation_model][WARNING] - [rank: 0]   Hierarchy 1 shape: torch.Size([32, 6, 2, 150])
[2025-10-29 16:41:43,832][src.models.modules.semantic_id.tiger_generation_model][WARNING] - [rank: 0]   Hierarchy 2 shape: torch.Size([32, 6, 150])
[2025-10-29 16:41:43,833][src.models.modules.semantic_id.tiger_generation_model][WARNING] - [rank: 0]   Hierarchy 3 shape: torch.Size([32, 6, 150])
[2025-10-29 16:41:43,937][src.models.modules.semantic_id.tiger_generation_model][INFO] - [rank: 0] Saved decoder self-attention to ./attention_weights/decoder_self_attention_batch_139.pt
[2025-10-29 16:41:43,937][src.models.modules.semantic_id.tiger_generation_model][INFO] - [rank: 0] Saved encoder attention to ./attention_weights/encoder_attention_batch_139.pt
[2025-10-29 16:41:43,938][src.models.modules.semantic_id.tiger_generation_model][INFO] - [rank: 0] Saved cross attention to ./attention_weights/cross_attention_batch_139.pt
[2025-10-29 16:41:44,513][src.models.modules.semantic_id.tiger_generation_model][WARNING] - [rank: 0] Failed to stack cross attentions: stack expects each tensor to be equal size, but got [32, 6, 150] at entry 0 and [32, 6, 2, 150] at entry 1
[2025-10-29 16:41:44,514][src.models.modules.semantic_id.tiger_generation_model][WARNING] - [rank: 0]   Hierarchy 0 shape: torch.Size([32, 6, 150])
[2025-10-29 16:41:44,514][src.models.modules.semantic_id.tiger_generation_model][WARNING] - [rank: 0]   Hierarchy 1 shape: torch.Size([32, 6, 2, 150])
[2025-10-29 16:41:44,514][src.models.modules.semantic_id.tiger_generation_model][WARNING] - [rank: 0]   Hierarchy 2 shape: torch.Size([32, 6, 150])
[2025-10-29 16:41:44,515][src.models.modules.semantic_id.tiger_generation_model][WARNING] - [rank: 0]   Hierarchy 3 shape: torch.Size([32, 6, 150])
[2025-10-29 16:41:44,886][src.models.modules.semantic_id.tiger_generation_model][INFO] - [rank: 0] Saved decoder self-attention to ./attention_weights/decoder_self_attention_batch_140.pt
[2025-10-29 16:41:44,886][src.models.modules.semantic_id.tiger_generation_model][INFO] - [rank: 0] Saved encoder attention to ./attention_weights/encoder_attention_batch_140.pt
[2025-10-29 16:41:44,886][src.models.modules.semantic_id.tiger_generation_model][INFO] - [rank: 0] Saved cross attention to ./attention_weights/cross_attention_batch_140.pt
[2025-10-29 16:41:45,997][src.models.modules.semantic_id.tiger_generation_model][WARNING] - [rank: 0] Failed to stack cross attentions: stack expects each tensor to be equal size, but got [32, 6, 150] at entry 0 and [32, 6, 2, 150] at entry 1
[2025-10-29 16:41:45,998][src.models.modules.semantic_id.tiger_generation_model][WARNING] - [rank: 0]   Hierarchy 0 shape: torch.Size([32, 6, 150])
[2025-10-29 16:41:45,998][src.models.modules.semantic_id.tiger_generation_model][WARNING] - [rank: 0]   Hierarchy 1 shape: torch.Size([32, 6, 2, 150])
[2025-10-29 16:41:45,998][src.models.modules.semantic_id.tiger_generation_model][WARNING] - [rank: 0]   Hierarchy 2 shape: torch.Size([32, 6, 150])
[2025-10-29 16:41:45,999][src.models.modules.semantic_id.tiger_generation_model][WARNING] - [rank: 0]   Hierarchy 3 shape: torch.Size([32, 6, 150])
[2025-10-29 16:41:46,276][src.models.modules.semantic_id.tiger_generation_model][INFO] - [rank: 0] Saved decoder self-attention to ./attention_weights/decoder_self_attention_batch_141.pt
[2025-10-29 16:41:46,276][src.models.modules.semantic_id.tiger_generation_model][INFO] - [rank: 0] Saved encoder attention to ./attention_weights/encoder_attention_batch_141.pt
[2025-10-29 16:41:46,276][src.models.modules.semantic_id.tiger_generation_model][INFO] - [rank: 0] Saved cross attention to ./attention_weights/cross_attention_batch_141.pt
[2025-10-29 16:41:47,332][src.models.modules.semantic_id.tiger_generation_model][WARNING] - [rank: 0] Failed to stack cross attentions: stack expects each tensor to be equal size, but got [32, 6, 150] at entry 0 and [32, 6, 2, 150] at entry 1
[2025-10-29 16:41:47,332][src.models.modules.semantic_id.tiger_generation_model][WARNING] - [rank: 0]   Hierarchy 0 shape: torch.Size([32, 6, 150])
[2025-10-29 16:41:47,333][src.models.modules.semantic_id.tiger_generation_model][WARNING] - [rank: 0]   Hierarchy 1 shape: torch.Size([32, 6, 2, 150])
[2025-10-29 16:41:47,333][src.models.modules.semantic_id.tiger_generation_model][WARNING] - [rank: 0]   Hierarchy 2 shape: torch.Size([32, 6, 150])
[2025-10-29 16:41:47,333][src.models.modules.semantic_id.tiger_generation_model][WARNING] - [rank: 0]   Hierarchy 3 shape: torch.Size([32, 6, 150])
[2025-10-29 16:41:47,736][src.models.modules.semantic_id.tiger_generation_model][INFO] - [rank: 0] Saved decoder self-attention to ./attention_weights/decoder_self_attention_batch_142.pt
[2025-10-29 16:41:47,737][src.models.modules.semantic_id.tiger_generation_model][INFO] - [rank: 0] Saved encoder attention to ./attention_weights/encoder_attention_batch_142.pt
[2025-10-29 16:41:47,737][src.models.modules.semantic_id.tiger_generation_model][INFO] - [rank: 0] Saved cross attention to ./attention_weights/cross_attention_batch_142.pt
[2025-10-29 16:41:48,750][src.models.modules.semantic_id.tiger_generation_model][WARNING] - [rank: 0] Failed to stack cross attentions: stack expects each tensor to be equal size, but got [32, 6, 150] at entry 0 and [32, 6, 2, 150] at entry 1
[2025-10-29 16:41:48,751][src.models.modules.semantic_id.tiger_generation_model][WARNING] - [rank: 0]   Hierarchy 0 shape: torch.Size([32, 6, 150])
[2025-10-29 16:41:48,751][src.models.modules.semantic_id.tiger_generation_model][WARNING] - [rank: 0]   Hierarchy 1 shape: torch.Size([32, 6, 2, 150])
[2025-10-29 16:41:48,751][src.models.modules.semantic_id.tiger_generation_model][WARNING] - [rank: 0]   Hierarchy 2 shape: torch.Size([32, 6, 150])
[2025-10-29 16:41:48,752][src.models.modules.semantic_id.tiger_generation_model][WARNING] - [rank: 0]   Hierarchy 3 shape: torch.Size([32, 6, 150])
[2025-10-29 16:41:49,010][src.models.modules.semantic_id.tiger_generation_model][INFO] - [rank: 0] Saved decoder self-attention to ./attention_weights/decoder_self_attention_batch_143.pt
[2025-10-29 16:41:49,011][src.models.modules.semantic_id.tiger_generation_model][INFO] - [rank: 0] Saved encoder attention to ./attention_weights/encoder_attention_batch_143.pt
[2025-10-29 16:41:49,011][src.models.modules.semantic_id.tiger_generation_model][INFO] - [rank: 0] Saved cross attention to ./attention_weights/cross_attention_batch_143.pt
[2025-10-29 16:41:49,739][src.models.modules.semantic_id.tiger_generation_model][WARNING] - [rank: 0] Failed to stack cross attentions: stack expects each tensor to be equal size, but got [32, 6, 150] at entry 0 and [32, 6, 2, 150] at entry 1
[2025-10-29 16:41:49,740][src.models.modules.semantic_id.tiger_generation_model][WARNING] - [rank: 0]   Hierarchy 0 shape: torch.Size([32, 6, 150])
[2025-10-29 16:41:49,740][src.models.modules.semantic_id.tiger_generation_model][WARNING] - [rank: 0]   Hierarchy 1 shape: torch.Size([32, 6, 2, 150])
[2025-10-29 16:41:49,741][src.models.modules.semantic_id.tiger_generation_model][WARNING] - [rank: 0]   Hierarchy 2 shape: torch.Size([32, 6, 150])
[2025-10-29 16:41:49,741][src.models.modules.semantic_id.tiger_generation_model][WARNING] - [rank: 0]   Hierarchy 3 shape: torch.Size([32, 6, 150])
[2025-10-29 16:41:50,017][src.models.modules.semantic_id.tiger_generation_model][INFO] - [rank: 0] Saved decoder self-attention to ./attention_weights/decoder_self_attention_batch_144.pt
[2025-10-29 16:41:50,017][src.models.modules.semantic_id.tiger_generation_model][INFO] - [rank: 0] Saved encoder attention to ./attention_weights/encoder_attention_batch_144.pt
[2025-10-29 16:41:50,018][src.models.modules.semantic_id.tiger_generation_model][INFO] - [rank: 0] Saved cross attention to ./attention_weights/cross_attention_batch_144.pt
[2025-10-29 16:41:50,785][src.models.modules.semantic_id.tiger_generation_model][WARNING] - [rank: 0] Failed to stack cross attentions: stack expects each tensor to be equal size, but got [32, 6, 150] at entry 0 and [32, 6, 2, 150] at entry 1
[2025-10-29 16:41:50,785][src.models.modules.semantic_id.tiger_generation_model][WARNING] - [rank: 0]   Hierarchy 0 shape: torch.Size([32, 6, 150])
[2025-10-29 16:41:50,786][src.models.modules.semantic_id.tiger_generation_model][WARNING] - [rank: 0]   Hierarchy 1 shape: torch.Size([32, 6, 2, 150])
[2025-10-29 16:41:50,786][src.models.modules.semantic_id.tiger_generation_model][WARNING] - [rank: 0]   Hierarchy 2 shape: torch.Size([32, 6, 150])
[2025-10-29 16:41:50,786][src.models.modules.semantic_id.tiger_generation_model][WARNING] - [rank: 0]   Hierarchy 3 shape: torch.Size([32, 6, 150])
[2025-10-29 16:41:51,032][src.models.modules.semantic_id.tiger_generation_model][INFO] - [rank: 0] Saved decoder self-attention to ./attention_weights/decoder_self_attention_batch_145.pt
[2025-10-29 16:41:51,032][src.models.modules.semantic_id.tiger_generation_model][INFO] - [rank: 0] Saved encoder attention to ./attention_weights/encoder_attention_batch_145.pt
[2025-10-29 16:41:51,033][src.models.modules.semantic_id.tiger_generation_model][INFO] - [rank: 0] Saved cross attention to ./attention_weights/cross_attention_batch_145.pt
[2025-10-29 16:41:51,838][src.models.modules.semantic_id.tiger_generation_model][WARNING] - [rank: 0] Failed to stack cross attentions: stack expects each tensor to be equal size, but got [32, 6, 150] at entry 0 and [32, 6, 2, 150] at entry 1
[2025-10-29 16:41:51,839][src.models.modules.semantic_id.tiger_generation_model][WARNING] - [rank: 0]   Hierarchy 0 shape: torch.Size([32, 6, 150])
[2025-10-29 16:41:51,839][src.models.modules.semantic_id.tiger_generation_model][WARNING] - [rank: 0]   Hierarchy 1 shape: torch.Size([32, 6, 2, 150])
[2025-10-29 16:41:51,839][src.models.modules.semantic_id.tiger_generation_model][WARNING] - [rank: 0]   Hierarchy 2 shape: torch.Size([32, 6, 150])
[2025-10-29 16:41:51,840][src.models.modules.semantic_id.tiger_generation_model][WARNING] - [rank: 0]   Hierarchy 3 shape: torch.Size([32, 6, 150])
[2025-10-29 16:41:52,171][src.models.modules.semantic_id.tiger_generation_model][INFO] - [rank: 0] Saved decoder self-attention to ./attention_weights/decoder_self_attention_batch_146.pt
[2025-10-29 16:41:52,172][src.models.modules.semantic_id.tiger_generation_model][INFO] - [rank: 0] Saved encoder attention to ./attention_weights/encoder_attention_batch_146.pt
[2025-10-29 16:41:52,172][src.models.modules.semantic_id.tiger_generation_model][INFO] - [rank: 0] Saved cross attention to ./attention_weights/cross_attention_batch_146.pt
[2025-10-29 16:41:53,110][src.models.modules.semantic_id.tiger_generation_model][WARNING] - [rank: 0] Failed to stack cross attentions: stack expects each tensor to be equal size, but got [32, 6, 150] at entry 0 and [32, 6, 2, 150] at entry 1
[2025-10-29 16:41:53,110][src.models.modules.semantic_id.tiger_generation_model][WARNING] - [rank: 0]   Hierarchy 0 shape: torch.Size([32, 6, 150])
[2025-10-29 16:41:53,111][src.models.modules.semantic_id.tiger_generation_model][WARNING] - [rank: 0]   Hierarchy 1 shape: torch.Size([32, 6, 2, 150])
[2025-10-29 16:41:53,111][src.models.modules.semantic_id.tiger_generation_model][WARNING] - [rank: 0]   Hierarchy 2 shape: torch.Size([32, 6, 150])
[2025-10-29 16:41:53,111][src.models.modules.semantic_id.tiger_generation_model][WARNING] - [rank: 0]   Hierarchy 3 shape: torch.Size([32, 6, 150])
[2025-10-29 16:41:53,349][src.models.modules.semantic_id.tiger_generation_model][INFO] - [rank: 0] Saved decoder self-attention to ./attention_weights/decoder_self_attention_batch_147.pt
[2025-10-29 16:41:53,350][src.models.modules.semantic_id.tiger_generation_model][INFO] - [rank: 0] Saved encoder attention to ./attention_weights/encoder_attention_batch_147.pt
[2025-10-29 16:41:53,350][src.models.modules.semantic_id.tiger_generation_model][INFO] - [rank: 0] Saved cross attention to ./attention_weights/cross_attention_batch_147.pt
[2025-10-29 16:41:54,359][src.models.modules.semantic_id.tiger_generation_model][WARNING] - [rank: 0] Failed to stack cross attentions: stack expects each tensor to be equal size, but got [32, 6, 150] at entry 0 and [32, 6, 2, 150] at entry 1
[2025-10-29 16:41:54,359][src.models.modules.semantic_id.tiger_generation_model][WARNING] - [rank: 0]   Hierarchy 0 shape: torch.Size([32, 6, 150])
[2025-10-29 16:41:54,359][src.models.modules.semantic_id.tiger_generation_model][WARNING] - [rank: 0]   Hierarchy 1 shape: torch.Size([32, 6, 2, 150])
[2025-10-29 16:41:54,360][src.models.modules.semantic_id.tiger_generation_model][WARNING] - [rank: 0]   Hierarchy 2 shape: torch.Size([32, 6, 150])
[2025-10-29 16:41:54,360][src.models.modules.semantic_id.tiger_generation_model][WARNING] - [rank: 0]   Hierarchy 3 shape: torch.Size([32, 6, 150])
[2025-10-29 16:41:54,692][src.models.modules.semantic_id.tiger_generation_model][INFO] - [rank: 0] Saved decoder self-attention to ./attention_weights/decoder_self_attention_batch_148.pt
[2025-10-29 16:41:54,692][src.models.modules.semantic_id.tiger_generation_model][INFO] - [rank: 0] Saved encoder attention to ./attention_weights/encoder_attention_batch_148.pt
[2025-10-29 16:41:54,693][src.models.modules.semantic_id.tiger_generation_model][INFO] - [rank: 0] Saved cross attention to ./attention_weights/cross_attention_batch_148.pt
[2025-10-29 16:41:55,506][src.models.modules.semantic_id.tiger_generation_model][WARNING] - [rank: 0] Failed to stack cross attentions: stack expects each tensor to be equal size, but got [32, 6, 150] at entry 0 and [32, 6, 2, 150] at entry 1
[2025-10-29 16:41:55,507][src.models.modules.semantic_id.tiger_generation_model][WARNING] - [rank: 0]   Hierarchy 0 shape: torch.Size([32, 6, 150])
[2025-10-29 16:41:55,508][src.models.modules.semantic_id.tiger_generation_model][WARNING] - [rank: 0]   Hierarchy 1 shape: torch.Size([32, 6, 2, 150])
[2025-10-29 16:41:55,508][src.models.modules.semantic_id.tiger_generation_model][WARNING] - [rank: 0]   Hierarchy 2 shape: torch.Size([32, 6, 150])
[2025-10-29 16:41:55,509][src.models.modules.semantic_id.tiger_generation_model][WARNING] - [rank: 0]   Hierarchy 3 shape: torch.Size([32, 6, 150])
[2025-10-29 16:41:55,783][src.models.modules.semantic_id.tiger_generation_model][INFO] - [rank: 0] Saved decoder self-attention to ./attention_weights/decoder_self_attention_batch_149.pt
[2025-10-29 16:41:55,783][src.models.modules.semantic_id.tiger_generation_model][INFO] - [rank: 0] Saved encoder attention to ./attention_weights/encoder_attention_batch_149.pt
[2025-10-29 16:41:55,784][src.models.modules.semantic_id.tiger_generation_model][INFO] - [rank: 0] Saved cross attention to ./attention_weights/cross_attention_batch_149.pt
[2025-10-29 16:41:56,713][src.models.modules.semantic_id.tiger_generation_model][WARNING] - [rank: 0] Failed to stack cross attentions: stack expects each tensor to be equal size, but got [32, 6, 150] at entry 0 and [32, 6, 2, 150] at entry 1
[2025-10-29 16:41:56,714][src.models.modules.semantic_id.tiger_generation_model][WARNING] - [rank: 0]   Hierarchy 0 shape: torch.Size([32, 6, 150])
[2025-10-29 16:41:56,714][src.models.modules.semantic_id.tiger_generation_model][WARNING] - [rank: 0]   Hierarchy 1 shape: torch.Size([32, 6, 2, 150])
[2025-10-29 16:41:56,715][src.models.modules.semantic_id.tiger_generation_model][WARNING] - [rank: 0]   Hierarchy 2 shape: torch.Size([32, 6, 150])
[2025-10-29 16:41:56,715][src.models.modules.semantic_id.tiger_generation_model][WARNING] - [rank: 0]   Hierarchy 3 shape: torch.Size([32, 6, 150])
[2025-10-29 16:41:56,954][src.models.modules.semantic_id.tiger_generation_model][INFO] - [rank: 0] Saved decoder self-attention to ./attention_weights/decoder_self_attention_batch_150.pt
[2025-10-29 16:41:56,955][src.models.modules.semantic_id.tiger_generation_model][INFO] - [rank: 0] Saved encoder attention to ./attention_weights/encoder_attention_batch_150.pt
[2025-10-29 16:41:56,955][src.models.modules.semantic_id.tiger_generation_model][INFO] - [rank: 0] Saved cross attention to ./attention_weights/cross_attention_batch_150.pt
[2025-10-29 16:41:57,942][src.models.modules.semantic_id.tiger_generation_model][WARNING] - [rank: 0] Failed to stack cross attentions: stack expects each tensor to be equal size, but got [32, 6, 150] at entry 0 and [32, 6, 2, 150] at entry 1
[2025-10-29 16:41:57,942][src.models.modules.semantic_id.tiger_generation_model][WARNING] - [rank: 0]   Hierarchy 0 shape: torch.Size([32, 6, 150])
[2025-10-29 16:41:57,943][src.models.modules.semantic_id.tiger_generation_model][WARNING] - [rank: 0]   Hierarchy 1 shape: torch.Size([32, 6, 2, 150])
[2025-10-29 16:41:57,943][src.models.modules.semantic_id.tiger_generation_model][WARNING] - [rank: 0]   Hierarchy 2 shape: torch.Size([32, 6, 150])
[2025-10-29 16:41:57,943][src.models.modules.semantic_id.tiger_generation_model][WARNING] - [rank: 0]   Hierarchy 3 shape: torch.Size([32, 6, 150])
[2025-10-29 16:41:58,237][src.models.modules.semantic_id.tiger_generation_model][INFO] - [rank: 0] Saved decoder self-attention to ./attention_weights/decoder_self_attention_batch_151.pt
[2025-10-29 16:41:58,238][src.models.modules.semantic_id.tiger_generation_model][INFO] - [rank: 0] Saved encoder attention to ./attention_weights/encoder_attention_batch_151.pt
[2025-10-29 16:41:58,238][src.models.modules.semantic_id.tiger_generation_model][INFO] - [rank: 0] Saved cross attention to ./attention_weights/cross_attention_batch_151.pt
[2025-10-29 16:41:59,154][src.models.modules.semantic_id.tiger_generation_model][WARNING] - [rank: 0] Failed to stack cross attentions: stack expects each tensor to be equal size, but got [32, 6, 150] at entry 0 and [32, 6, 2, 150] at entry 1
[2025-10-29 16:41:59,155][src.models.modules.semantic_id.tiger_generation_model][WARNING] - [rank: 0]   Hierarchy 0 shape: torch.Size([32, 6, 150])
[2025-10-29 16:41:59,155][src.models.modules.semantic_id.tiger_generation_model][WARNING] - [rank: 0]   Hierarchy 1 shape: torch.Size([32, 6, 2, 150])
[2025-10-29 16:41:59,156][src.models.modules.semantic_id.tiger_generation_model][WARNING] - [rank: 0]   Hierarchy 2 shape: torch.Size([32, 6, 150])
[2025-10-29 16:41:59,156][src.models.modules.semantic_id.tiger_generation_model][WARNING] - [rank: 0]   Hierarchy 3 shape: torch.Size([32, 6, 150])
[2025-10-29 16:41:59,440][src.models.modules.semantic_id.tiger_generation_model][INFO] - [rank: 0] Saved decoder self-attention to ./attention_weights/decoder_self_attention_batch_152.pt
[2025-10-29 16:41:59,440][src.models.modules.semantic_id.tiger_generation_model][INFO] - [rank: 0] Saved encoder attention to ./attention_weights/encoder_attention_batch_152.pt
[2025-10-29 16:41:59,441][src.models.modules.semantic_id.tiger_generation_model][INFO] - [rank: 0] Saved cross attention to ./attention_weights/cross_attention_batch_152.pt
[2025-10-29 16:42:00,188][src.models.modules.semantic_id.tiger_generation_model][WARNING] - [rank: 0] Failed to stack cross attentions: stack expects each tensor to be equal size, but got [32, 6, 150] at entry 0 and [32, 6, 2, 150] at entry 1
[2025-10-29 16:42:00,188][src.models.modules.semantic_id.tiger_generation_model][WARNING] - [rank: 0]   Hierarchy 0 shape: torch.Size([32, 6, 150])
[2025-10-29 16:42:00,189][src.models.modules.semantic_id.tiger_generation_model][WARNING] - [rank: 0]   Hierarchy 1 shape: torch.Size([32, 6, 2, 150])
[2025-10-29 16:42:00,189][src.models.modules.semantic_id.tiger_generation_model][WARNING] - [rank: 0]   Hierarchy 2 shape: torch.Size([32, 6, 150])
[2025-10-29 16:42:00,189][src.models.modules.semantic_id.tiger_generation_model][WARNING] - [rank: 0]   Hierarchy 3 shape: torch.Size([32, 6, 150])
[2025-10-29 16:42:00,334][src.models.modules.semantic_id.tiger_generation_model][INFO] - [rank: 0] Saved decoder self-attention to ./attention_weights/decoder_self_attention_batch_153.pt
[2025-10-29 16:42:00,335][src.models.modules.semantic_id.tiger_generation_model][INFO] - [rank: 0] Saved encoder attention to ./attention_weights/encoder_attention_batch_153.pt
[2025-10-29 16:42:00,335][src.models.modules.semantic_id.tiger_generation_model][INFO] - [rank: 0] Saved cross attention to ./attention_weights/cross_attention_batch_153.pt
[2025-10-29 16:42:01,436][src.models.modules.semantic_id.tiger_generation_model][WARNING] - [rank: 0] Failed to stack cross attentions: stack expects each tensor to be equal size, but got [32, 6, 150] at entry 0 and [32, 6, 2, 150] at entry 1
[2025-10-29 16:42:01,437][src.models.modules.semantic_id.tiger_generation_model][WARNING] - [rank: 0]   Hierarchy 0 shape: torch.Size([32, 6, 150])
[2025-10-29 16:42:01,437][src.models.modules.semantic_id.tiger_generation_model][WARNING] - [rank: 0]   Hierarchy 1 shape: torch.Size([32, 6, 2, 150])
[2025-10-29 16:42:01,437][src.models.modules.semantic_id.tiger_generation_model][WARNING] - [rank: 0]   Hierarchy 2 shape: torch.Size([32, 6, 150])
[2025-10-29 16:42:01,437][src.models.modules.semantic_id.tiger_generation_model][WARNING] - [rank: 0]   Hierarchy 3 shape: torch.Size([32, 6, 150])
[2025-10-29 16:42:01,837][src.models.modules.semantic_id.tiger_generation_model][INFO] - [rank: 0] Saved decoder self-attention to ./attention_weights/decoder_self_attention_batch_154.pt
[2025-10-29 16:42:01,838][src.models.modules.semantic_id.tiger_generation_model][INFO] - [rank: 0] Saved encoder attention to ./attention_weights/encoder_attention_batch_154.pt
[2025-10-29 16:42:01,838][src.models.modules.semantic_id.tiger_generation_model][INFO] - [rank: 0] Saved cross attention to ./attention_weights/cross_attention_batch_154.pt
[2025-10-29 16:42:03,082][src.models.modules.semantic_id.tiger_generation_model][WARNING] - [rank: 0] Failed to stack cross attentions: stack expects each tensor to be equal size, but got [32, 6, 150] at entry 0 and [32, 6, 2, 150] at entry 1
[2025-10-29 16:42:03,083][src.models.modules.semantic_id.tiger_generation_model][WARNING] - [rank: 0]   Hierarchy 0 shape: torch.Size([32, 6, 150])
[2025-10-29 16:42:03,083][src.models.modules.semantic_id.tiger_generation_model][WARNING] - [rank: 0]   Hierarchy 1 shape: torch.Size([32, 6, 2, 150])
[2025-10-29 16:42:03,083][src.models.modules.semantic_id.tiger_generation_model][WARNING] - [rank: 0]   Hierarchy 2 shape: torch.Size([32, 6, 150])
[2025-10-29 16:42:03,083][src.models.modules.semantic_id.tiger_generation_model][WARNING] - [rank: 0]   Hierarchy 3 shape: torch.Size([32, 6, 150])
[2025-10-29 16:42:03,392][src.models.modules.semantic_id.tiger_generation_model][INFO] - [rank: 0] Saved decoder self-attention to ./attention_weights/decoder_self_attention_batch_155.pt
[2025-10-29 16:42:03,393][src.models.modules.semantic_id.tiger_generation_model][INFO] - [rank: 0] Saved encoder attention to ./attention_weights/encoder_attention_batch_155.pt
[2025-10-29 16:42:03,393][src.models.modules.semantic_id.tiger_generation_model][INFO] - [rank: 0] Saved cross attention to ./attention_weights/cross_attention_batch_155.pt
[2025-10-29 16:42:04,200][src.models.modules.semantic_id.tiger_generation_model][WARNING] - [rank: 0] Failed to stack cross attentions: stack expects each tensor to be equal size, but got [32, 6, 150] at entry 0 and [32, 6, 2, 150] at entry 1
[2025-10-29 16:42:04,200][src.models.modules.semantic_id.tiger_generation_model][WARNING] - [rank: 0]   Hierarchy 0 shape: torch.Size([32, 6, 150])
[2025-10-29 16:42:04,201][src.models.modules.semantic_id.tiger_generation_model][WARNING] - [rank: 0]   Hierarchy 1 shape: torch.Size([32, 6, 2, 150])
[2025-10-29 16:42:04,201][src.models.modules.semantic_id.tiger_generation_model][WARNING] - [rank: 0]   Hierarchy 2 shape: torch.Size([32, 6, 150])
[2025-10-29 16:42:04,201][src.models.modules.semantic_id.tiger_generation_model][WARNING] - [rank: 0]   Hierarchy 3 shape: torch.Size([32, 6, 150])
[2025-10-29 16:42:04,454][src.models.modules.semantic_id.tiger_generation_model][INFO] - [rank: 0] Saved decoder self-attention to ./attention_weights/decoder_self_attention_batch_156.pt
[2025-10-29 16:42:04,455][src.models.modules.semantic_id.tiger_generation_model][INFO] - [rank: 0] Saved encoder attention to ./attention_weights/encoder_attention_batch_156.pt
[2025-10-29 16:42:04,455][src.models.modules.semantic_id.tiger_generation_model][INFO] - [rank: 0] Saved cross attention to ./attention_weights/cross_attention_batch_156.pt
[2025-10-29 16:42:05,493][src.models.modules.semantic_id.tiger_generation_model][WARNING] - [rank: 0] Failed to stack cross attentions: stack expects each tensor to be equal size, but got [32, 6, 150] at entry 0 and [32, 6, 2, 150] at entry 1
[2025-10-29 16:42:05,494][src.models.modules.semantic_id.tiger_generation_model][WARNING] - [rank: 0]   Hierarchy 0 shape: torch.Size([32, 6, 150])
[2025-10-29 16:42:05,494][src.models.modules.semantic_id.tiger_generation_model][WARNING] - [rank: 0]   Hierarchy 1 shape: torch.Size([32, 6, 2, 150])
[2025-10-29 16:42:05,494][src.models.modules.semantic_id.tiger_generation_model][WARNING] - [rank: 0]   Hierarchy 2 shape: torch.Size([32, 6, 150])
[2025-10-29 16:42:05,495][src.models.modules.semantic_id.tiger_generation_model][WARNING] - [rank: 0]   Hierarchy 3 shape: torch.Size([32, 6, 150])
[2025-10-29 16:42:05,683][src.models.modules.semantic_id.tiger_generation_model][INFO] - [rank: 0] Saved decoder self-attention to ./attention_weights/decoder_self_attention_batch_157.pt
[2025-10-29 16:42:05,684][src.models.modules.semantic_id.tiger_generation_model][INFO] - [rank: 0] Saved encoder attention to ./attention_weights/encoder_attention_batch_157.pt
[2025-10-29 16:42:05,684][src.models.modules.semantic_id.tiger_generation_model][INFO] - [rank: 0] Saved cross attention to ./attention_weights/cross_attention_batch_157.pt
[2025-10-29 16:42:06,598][src.models.modules.semantic_id.tiger_generation_model][WARNING] - [rank: 0] Failed to stack cross attentions: stack expects each tensor to be equal size, but got [32, 6, 150] at entry 0 and [32, 6, 2, 150] at entry 1
[2025-10-29 16:42:06,599][src.models.modules.semantic_id.tiger_generation_model][WARNING] - [rank: 0]   Hierarchy 0 shape: torch.Size([32, 6, 150])
[2025-10-29 16:42:06,599][src.models.modules.semantic_id.tiger_generation_model][WARNING] - [rank: 0]   Hierarchy 1 shape: torch.Size([32, 6, 2, 150])
[2025-10-29 16:42:06,599][src.models.modules.semantic_id.tiger_generation_model][WARNING] - [rank: 0]   Hierarchy 2 shape: torch.Size([32, 6, 150])
[2025-10-29 16:42:06,600][src.models.modules.semantic_id.tiger_generation_model][WARNING] - [rank: 0]   Hierarchy 3 shape: torch.Size([32, 6, 150])
[2025-10-29 16:42:06,969][src.models.modules.semantic_id.tiger_generation_model][INFO] - [rank: 0] Saved decoder self-attention to ./attention_weights/decoder_self_attention_batch_158.pt
[2025-10-29 16:42:06,970][src.models.modules.semantic_id.tiger_generation_model][INFO] - [rank: 0] Saved encoder attention to ./attention_weights/encoder_attention_batch_158.pt
[2025-10-29 16:42:06,970][src.models.modules.semantic_id.tiger_generation_model][INFO] - [rank: 0] Saved cross attention to ./attention_weights/cross_attention_batch_158.pt
[2025-10-29 16:42:08,245][src.models.modules.semantic_id.tiger_generation_model][WARNING] - [rank: 0] Failed to stack cross attentions: stack expects each tensor to be equal size, but got [32, 6, 150] at entry 0 and [32, 6, 2, 150] at entry 1
[2025-10-29 16:42:08,246][src.models.modules.semantic_id.tiger_generation_model][WARNING] - [rank: 0]   Hierarchy 0 shape: torch.Size([32, 6, 150])
[2025-10-29 16:42:08,246][src.models.modules.semantic_id.tiger_generation_model][WARNING] - [rank: 0]   Hierarchy 1 shape: torch.Size([32, 6, 2, 150])
[2025-10-29 16:42:08,246][src.models.modules.semantic_id.tiger_generation_model][WARNING] - [rank: 0]   Hierarchy 2 shape: torch.Size([32, 6, 150])
[2025-10-29 16:42:08,246][src.models.modules.semantic_id.tiger_generation_model][WARNING] - [rank: 0]   Hierarchy 3 shape: torch.Size([32, 6, 150])
[2025-10-29 16:42:08,482][src.models.modules.semantic_id.tiger_generation_model][INFO] - [rank: 0] Saved decoder self-attention to ./attention_weights/decoder_self_attention_batch_159.pt
[2025-10-29 16:42:08,482][src.models.modules.semantic_id.tiger_generation_model][INFO] - [rank: 0] Saved encoder attention to ./attention_weights/encoder_attention_batch_159.pt
[2025-10-29 16:42:08,483][src.models.modules.semantic_id.tiger_generation_model][INFO] - [rank: 0] Saved cross attention to ./attention_weights/cross_attention_batch_159.pt
[2025-10-29 16:42:09,465][src.models.modules.semantic_id.tiger_generation_model][WARNING] - [rank: 0] Failed to stack cross attentions: stack expects each tensor to be equal size, but got [32, 6, 150] at entry 0 and [32, 6, 2, 150] at entry 1
[2025-10-29 16:42:09,465][src.models.modules.semantic_id.tiger_generation_model][WARNING] - [rank: 0]   Hierarchy 0 shape: torch.Size([32, 6, 150])
[2025-10-29 16:42:09,465][src.models.modules.semantic_id.tiger_generation_model][WARNING] - [rank: 0]   Hierarchy 1 shape: torch.Size([32, 6, 2, 150])
[2025-10-29 16:42:09,466][src.models.modules.semantic_id.tiger_generation_model][WARNING] - [rank: 0]   Hierarchy 2 shape: torch.Size([32, 6, 150])
[2025-10-29 16:42:09,466][src.models.modules.semantic_id.tiger_generation_model][WARNING] - [rank: 0]   Hierarchy 3 shape: torch.Size([32, 6, 150])
[2025-10-29 16:42:09,770][src.models.modules.semantic_id.tiger_generation_model][INFO] - [rank: 0] Saved decoder self-attention to ./attention_weights/decoder_self_attention_batch_160.pt
[2025-10-29 16:42:09,771][src.models.modules.semantic_id.tiger_generation_model][INFO] - [rank: 0] Saved encoder attention to ./attention_weights/encoder_attention_batch_160.pt
[2025-10-29 16:42:09,771][src.models.modules.semantic_id.tiger_generation_model][INFO] - [rank: 0] Saved cross attention to ./attention_weights/cross_attention_batch_160.pt
[2025-10-29 16:42:11,299][src.models.modules.semantic_id.tiger_generation_model][WARNING] - [rank: 0] Failed to stack cross attentions: stack expects each tensor to be equal size, but got [32, 6, 150] at entry 0 and [32, 6, 2, 150] at entry 1
[2025-10-29 16:42:11,300][src.models.modules.semantic_id.tiger_generation_model][WARNING] - [rank: 0]   Hierarchy 0 shape: torch.Size([32, 6, 150])
[2025-10-29 16:42:11,300][src.models.modules.semantic_id.tiger_generation_model][WARNING] - [rank: 0]   Hierarchy 1 shape: torch.Size([32, 6, 2, 150])
[2025-10-29 16:42:11,300][src.models.modules.semantic_id.tiger_generation_model][WARNING] - [rank: 0]   Hierarchy 2 shape: torch.Size([32, 6, 150])
[2025-10-29 16:42:11,300][src.models.modules.semantic_id.tiger_generation_model][WARNING] - [rank: 0]   Hierarchy 3 shape: torch.Size([32, 6, 150])
[2025-10-29 16:42:11,673][src.models.modules.semantic_id.tiger_generation_model][INFO] - [rank: 0] Saved decoder self-attention to ./attention_weights/decoder_self_attention_batch_161.pt
[2025-10-29 16:42:11,673][src.models.modules.semantic_id.tiger_generation_model][INFO] - [rank: 0] Saved encoder attention to ./attention_weights/encoder_attention_batch_161.pt
[2025-10-29 16:42:11,673][src.models.modules.semantic_id.tiger_generation_model][INFO] - [rank: 0] Saved cross attention to ./attention_weights/cross_attention_batch_161.pt
[2025-10-29 16:42:12,719][src.models.modules.semantic_id.tiger_generation_model][WARNING] - [rank: 0] Failed to stack cross attentions: stack expects each tensor to be equal size, but got [32, 6, 150] at entry 0 and [32, 6, 2, 150] at entry 1
[2025-10-29 16:42:12,721][src.models.modules.semantic_id.tiger_generation_model][WARNING] - [rank: 0]   Hierarchy 0 shape: torch.Size([32, 6, 150])
[2025-10-29 16:42:12,722][src.models.modules.semantic_id.tiger_generation_model][WARNING] - [rank: 0]   Hierarchy 1 shape: torch.Size([32, 6, 2, 150])
[2025-10-29 16:42:12,723][src.models.modules.semantic_id.tiger_generation_model][WARNING] - [rank: 0]   Hierarchy 2 shape: torch.Size([32, 6, 150])
[2025-10-29 16:42:12,723][src.models.modules.semantic_id.tiger_generation_model][WARNING] - [rank: 0]   Hierarchy 3 shape: torch.Size([32, 6, 150])
[2025-10-29 16:42:13,150][src.models.modules.semantic_id.tiger_generation_model][INFO] - [rank: 0] Saved decoder self-attention to ./attention_weights/decoder_self_attention_batch_162.pt
[2025-10-29 16:42:13,151][src.models.modules.semantic_id.tiger_generation_model][INFO] - [rank: 0] Saved encoder attention to ./attention_weights/encoder_attention_batch_162.pt
[2025-10-29 16:42:13,152][src.models.modules.semantic_id.tiger_generation_model][INFO] - [rank: 0] Saved cross attention to ./attention_weights/cross_attention_batch_162.pt
[2025-10-29 16:42:14,082][src.models.modules.semantic_id.tiger_generation_model][WARNING] - [rank: 0] Failed to stack cross attentions: stack expects each tensor to be equal size, but got [32, 6, 150] at entry 0 and [32, 6, 2, 150] at entry 1
[2025-10-29 16:42:14,084][src.models.modules.semantic_id.tiger_generation_model][WARNING] - [rank: 0]   Hierarchy 0 shape: torch.Size([32, 6, 150])
[2025-10-29 16:42:14,084][src.models.modules.semantic_id.tiger_generation_model][WARNING] - [rank: 0]   Hierarchy 1 shape: torch.Size([32, 6, 2, 150])
[2025-10-29 16:42:14,084][src.models.modules.semantic_id.tiger_generation_model][WARNING] - [rank: 0]   Hierarchy 2 shape: torch.Size([32, 6, 150])
[2025-10-29 16:42:14,084][src.models.modules.semantic_id.tiger_generation_model][WARNING] - [rank: 0]   Hierarchy 3 shape: torch.Size([32, 6, 150])
[2025-10-29 16:42:14,401][src.models.modules.semantic_id.tiger_generation_model][INFO] - [rank: 0] Saved decoder self-attention to ./attention_weights/decoder_self_attention_batch_163.pt
[2025-10-29 16:42:14,402][src.models.modules.semantic_id.tiger_generation_model][INFO] - [rank: 0] Saved encoder attention to ./attention_weights/encoder_attention_batch_163.pt
[2025-10-29 16:42:14,403][src.models.modules.semantic_id.tiger_generation_model][INFO] - [rank: 0] Saved cross attention to ./attention_weights/cross_attention_batch_163.pt
[2025-10-29 16:42:15,143][src.utils.inference_utils][INFO] - Global Rank: 1 wrote 9728 rows to /data/mhwang/Rec/GRID/logs/inference/runs/2025-10-29/16-39-43/pickle/predictions_1_20251029T084215091.pkl.
[2025-10-29 16:42:15,155][src.utils.inference_utils][INFO] - Rank 1 finished writing predictions.
[2025-10-29 16:42:15,775][src.models.modules.semantic_id.tiger_generation_model][WARNING] - [rank: 0] Failed to stack cross attentions: stack expects each tensor to be equal size, but got [32, 6, 150] at entry 0 and [32, 6, 2, 150] at entry 1
[2025-10-29 16:42:15,775][src.models.modules.semantic_id.tiger_generation_model][WARNING] - [rank: 0]   Hierarchy 0 shape: torch.Size([32, 6, 150])
[2025-10-29 16:42:15,776][src.models.modules.semantic_id.tiger_generation_model][WARNING] - [rank: 0]   Hierarchy 1 shape: torch.Size([32, 6, 2, 150])
[2025-10-29 16:42:15,776][src.models.modules.semantic_id.tiger_generation_model][WARNING] - [rank: 0]   Hierarchy 2 shape: torch.Size([32, 6, 150])
[2025-10-29 16:42:15,776][src.models.modules.semantic_id.tiger_generation_model][WARNING] - [rank: 0]   Hierarchy 3 shape: torch.Size([32, 6, 150])
[2025-10-29 16:42:16,163][src.models.modules.semantic_id.tiger_generation_model][INFO] - [rank: 0] Saved decoder self-attention to ./attention_weights/decoder_self_attention_batch_164.pt
[2025-10-29 16:42:16,164][src.models.modules.semantic_id.tiger_generation_model][INFO] - [rank: 0] Saved encoder attention to ./attention_weights/encoder_attention_batch_164.pt
[2025-10-29 16:42:16,164][src.models.modules.semantic_id.tiger_generation_model][INFO] - [rank: 0] Saved cross attention to ./attention_weights/cross_attention_batch_164.pt
[2025-10-29 16:42:17,484][src.models.modules.semantic_id.tiger_generation_model][WARNING] - [rank: 0] Failed to stack cross attentions: stack expects each tensor to be equal size, but got [32, 6, 150] at entry 0 and [32, 6, 2, 150] at entry 1
[2025-10-29 16:42:17,486][src.models.modules.semantic_id.tiger_generation_model][WARNING] - [rank: 0]   Hierarchy 0 shape: torch.Size([32, 6, 150])
[2025-10-29 16:42:17,486][src.models.modules.semantic_id.tiger_generation_model][WARNING] - [rank: 0]   Hierarchy 1 shape: torch.Size([32, 6, 2, 150])
[2025-10-29 16:42:17,487][src.models.modules.semantic_id.tiger_generation_model][WARNING] - [rank: 0]   Hierarchy 2 shape: torch.Size([32, 6, 150])
[2025-10-29 16:42:17,487][src.models.modules.semantic_id.tiger_generation_model][WARNING] - [rank: 0]   Hierarchy 3 shape: torch.Size([32, 6, 150])
[2025-10-29 16:42:17,954][src.models.modules.semantic_id.tiger_generation_model][INFO] - [rank: 0] Saved decoder self-attention to ./attention_weights/decoder_self_attention_batch_165.pt
[2025-10-29 16:42:17,955][src.models.modules.semantic_id.tiger_generation_model][INFO] - [rank: 0] Saved encoder attention to ./attention_weights/encoder_attention_batch_165.pt
[2025-10-29 16:42:17,955][src.models.modules.semantic_id.tiger_generation_model][INFO] - [rank: 0] Saved cross attention to ./attention_weights/cross_attention_batch_165.pt
[2025-10-29 16:42:18,939][src.models.modules.semantic_id.tiger_generation_model][WARNING] - [rank: 0] Failed to stack cross attentions: stack expects each tensor to be equal size, but got [32, 6, 150] at entry 0 and [32, 6, 2, 150] at entry 1
[2025-10-29 16:42:18,940][src.models.modules.semantic_id.tiger_generation_model][WARNING] - [rank: 0]   Hierarchy 0 shape: torch.Size([32, 6, 150])
[2025-10-29 16:42:18,940][src.models.modules.semantic_id.tiger_generation_model][WARNING] - [rank: 0]   Hierarchy 1 shape: torch.Size([32, 6, 2, 150])
[2025-10-29 16:42:18,941][src.models.modules.semantic_id.tiger_generation_model][WARNING] - [rank: 0]   Hierarchy 2 shape: torch.Size([32, 6, 150])
[2025-10-29 16:42:18,941][src.models.modules.semantic_id.tiger_generation_model][WARNING] - [rank: 0]   Hierarchy 3 shape: torch.Size([32, 6, 150])
[2025-10-29 16:42:19,215][src.models.modules.semantic_id.tiger_generation_model][INFO] - [rank: 0] Saved decoder self-attention to ./attention_weights/decoder_self_attention_batch_166.pt
[2025-10-29 16:42:19,215][src.models.modules.semantic_id.tiger_generation_model][INFO] - [rank: 0] Saved encoder attention to ./attention_weights/encoder_attention_batch_166.pt
[2025-10-29 16:42:19,216][src.models.modules.semantic_id.tiger_generation_model][INFO] - [rank: 0] Saved cross attention to ./attention_weights/cross_attention_batch_166.pt
[2025-10-29 16:42:20,083][src.models.modules.semantic_id.tiger_generation_model][WARNING] - [rank: 0] Failed to stack cross attentions: stack expects each tensor to be equal size, but got [32, 6, 150] at entry 0 and [32, 6, 2, 150] at entry 1
[2025-10-29 16:42:20,084][src.models.modules.semantic_id.tiger_generation_model][WARNING] - [rank: 0]   Hierarchy 0 shape: torch.Size([32, 6, 150])
[2025-10-29 16:42:20,084][src.models.modules.semantic_id.tiger_generation_model][WARNING] - [rank: 0]   Hierarchy 1 shape: torch.Size([32, 6, 2, 150])
[2025-10-29 16:42:20,085][src.models.modules.semantic_id.tiger_generation_model][WARNING] - [rank: 0]   Hierarchy 2 shape: torch.Size([32, 6, 150])
[2025-10-29 16:42:20,085][src.models.modules.semantic_id.tiger_generation_model][WARNING] - [rank: 0]   Hierarchy 3 shape: torch.Size([32, 6, 150])
[2025-10-29 16:42:20,337][src.models.modules.semantic_id.tiger_generation_model][INFO] - [rank: 0] Saved decoder self-attention to ./attention_weights/decoder_self_attention_batch_167.pt
[2025-10-29 16:42:20,338][src.models.modules.semantic_id.tiger_generation_model][INFO] - [rank: 0] Saved encoder attention to ./attention_weights/encoder_attention_batch_167.pt
[2025-10-29 16:42:20,338][src.models.modules.semantic_id.tiger_generation_model][INFO] - [rank: 0] Saved cross attention to ./attention_weights/cross_attention_batch_167.pt
[2025-10-29 16:42:21,516][src.models.modules.semantic_id.tiger_generation_model][WARNING] - [rank: 0] Failed to stack cross attentions: stack expects each tensor to be equal size, but got [32, 6, 150] at entry 0 and [32, 6, 2, 150] at entry 1
[2025-10-29 16:42:21,517][src.models.modules.semantic_id.tiger_generation_model][WARNING] - [rank: 0]   Hierarchy 0 shape: torch.Size([32, 6, 150])
[2025-10-29 16:42:21,518][src.models.modules.semantic_id.tiger_generation_model][WARNING] - [rank: 0]   Hierarchy 1 shape: torch.Size([32, 6, 2, 150])
[2025-10-29 16:42:21,518][src.models.modules.semantic_id.tiger_generation_model][WARNING] - [rank: 0]   Hierarchy 2 shape: torch.Size([32, 6, 150])
[2025-10-29 16:42:21,518][src.models.modules.semantic_id.tiger_generation_model][WARNING] - [rank: 0]   Hierarchy 3 shape: torch.Size([32, 6, 150])
[2025-10-29 16:42:21,793][src.models.modules.semantic_id.tiger_generation_model][INFO] - [rank: 0] Saved decoder self-attention to ./attention_weights/decoder_self_attention_batch_168.pt
[2025-10-29 16:42:21,794][src.models.modules.semantic_id.tiger_generation_model][INFO] - [rank: 0] Saved encoder attention to ./attention_weights/encoder_attention_batch_168.pt
[2025-10-29 16:42:21,794][src.models.modules.semantic_id.tiger_generation_model][INFO] - [rank: 0] Saved cross attention to ./attention_weights/cross_attention_batch_168.pt
[2025-10-29 16:42:22,763][src.models.modules.semantic_id.tiger_generation_model][WARNING] - [rank: 0] Failed to stack cross attentions: stack expects each tensor to be equal size, but got [32, 6, 150] at entry 0 and [32, 6, 2, 150] at entry 1
[2025-10-29 16:42:22,763][src.models.modules.semantic_id.tiger_generation_model][WARNING] - [rank: 0]   Hierarchy 0 shape: torch.Size([32, 6, 150])
[2025-10-29 16:42:22,764][src.models.modules.semantic_id.tiger_generation_model][WARNING] - [rank: 0]   Hierarchy 1 shape: torch.Size([32, 6, 2, 150])
[2025-10-29 16:42:22,764][src.models.modules.semantic_id.tiger_generation_model][WARNING] - [rank: 0]   Hierarchy 2 shape: torch.Size([32, 6, 150])
[2025-10-29 16:42:22,764][src.models.modules.semantic_id.tiger_generation_model][WARNING] - [rank: 0]   Hierarchy 3 shape: torch.Size([32, 6, 150])
[2025-10-29 16:42:23,078][src.models.modules.semantic_id.tiger_generation_model][INFO] - [rank: 0] Saved decoder self-attention to ./attention_weights/decoder_self_attention_batch_169.pt
[2025-10-29 16:42:23,079][src.models.modules.semantic_id.tiger_generation_model][INFO] - [rank: 0] Saved encoder attention to ./attention_weights/encoder_attention_batch_169.pt
[2025-10-29 16:42:23,079][src.models.modules.semantic_id.tiger_generation_model][INFO] - [rank: 0] Saved cross attention to ./attention_weights/cross_attention_batch_169.pt
[2025-10-29 16:42:24,144][src.models.modules.semantic_id.tiger_generation_model][WARNING] - [rank: 0] Failed to stack cross attentions: stack expects each tensor to be equal size, but got [32, 6, 150] at entry 0 and [32, 6, 2, 150] at entry 1
[2025-10-29 16:42:24,145][src.models.modules.semantic_id.tiger_generation_model][WARNING] - [rank: 0]   Hierarchy 0 shape: torch.Size([32, 6, 150])
[2025-10-29 16:42:24,145][src.models.modules.semantic_id.tiger_generation_model][WARNING] - [rank: 0]   Hierarchy 1 shape: torch.Size([32, 6, 2, 150])
[2025-10-29 16:42:24,146][src.models.modules.semantic_id.tiger_generation_model][WARNING] - [rank: 0]   Hierarchy 2 shape: torch.Size([32, 6, 150])
[2025-10-29 16:42:24,146][src.models.modules.semantic_id.tiger_generation_model][WARNING] - [rank: 0]   Hierarchy 3 shape: torch.Size([32, 6, 150])
[2025-10-29 16:42:24,368][src.models.modules.semantic_id.tiger_generation_model][INFO] - [rank: 0] Saved decoder self-attention to ./attention_weights/decoder_self_attention_batch_170.pt
[2025-10-29 16:42:24,368][src.models.modules.semantic_id.tiger_generation_model][INFO] - [rank: 0] Saved encoder attention to ./attention_weights/encoder_attention_batch_170.pt
[2025-10-29 16:42:24,369][src.models.modules.semantic_id.tiger_generation_model][INFO] - [rank: 0] Saved cross attention to ./attention_weights/cross_attention_batch_170.pt
[2025-10-29 16:42:25,271][src.models.modules.semantic_id.tiger_generation_model][WARNING] - [rank: 0] Failed to stack cross attentions: stack expects each tensor to be equal size, but got [32, 6, 150] at entry 0 and [32, 6, 2, 150] at entry 1
[2025-10-29 16:42:25,272][src.models.modules.semantic_id.tiger_generation_model][WARNING] - [rank: 0]   Hierarchy 0 shape: torch.Size([32, 6, 150])
[2025-10-29 16:42:25,273][src.models.modules.semantic_id.tiger_generation_model][WARNING] - [rank: 0]   Hierarchy 1 shape: torch.Size([32, 6, 2, 150])
[2025-10-29 16:42:25,273][src.models.modules.semantic_id.tiger_generation_model][WARNING] - [rank: 0]   Hierarchy 2 shape: torch.Size([32, 6, 150])
[2025-10-29 16:42:25,273][src.models.modules.semantic_id.tiger_generation_model][WARNING] - [rank: 0]   Hierarchy 3 shape: torch.Size([32, 6, 150])
[2025-10-29 16:42:25,558][src.models.modules.semantic_id.tiger_generation_model][INFO] - [rank: 0] Saved decoder self-attention to ./attention_weights/decoder_self_attention_batch_171.pt
[2025-10-29 16:42:25,559][src.models.modules.semantic_id.tiger_generation_model][INFO] - [rank: 0] Saved encoder attention to ./attention_weights/encoder_attention_batch_171.pt
[2025-10-29 16:42:25,559][src.models.modules.semantic_id.tiger_generation_model][INFO] - [rank: 0] Saved cross attention to ./attention_weights/cross_attention_batch_171.pt
[2025-10-29 16:42:26,461][src.models.modules.semantic_id.tiger_generation_model][WARNING] - [rank: 0] Failed to stack cross attentions: stack expects each tensor to be equal size, but got [32, 6, 150] at entry 0 and [32, 6, 2, 150] at entry 1
[2025-10-29 16:42:26,462][src.models.modules.semantic_id.tiger_generation_model][WARNING] - [rank: 0]   Hierarchy 0 shape: torch.Size([32, 6, 150])
[2025-10-29 16:42:26,462][src.models.modules.semantic_id.tiger_generation_model][WARNING] - [rank: 0]   Hierarchy 1 shape: torch.Size([32, 6, 2, 150])
[2025-10-29 16:42:26,462][src.models.modules.semantic_id.tiger_generation_model][WARNING] - [rank: 0]   Hierarchy 2 shape: torch.Size([32, 6, 150])
[2025-10-29 16:42:26,463][src.models.modules.semantic_id.tiger_generation_model][WARNING] - [rank: 0]   Hierarchy 3 shape: torch.Size([32, 6, 150])
[2025-10-29 16:42:26,714][src.models.modules.semantic_id.tiger_generation_model][INFO] - [rank: 0] Saved decoder self-attention to ./attention_weights/decoder_self_attention_batch_172.pt
[2025-10-29 16:42:26,715][src.models.modules.semantic_id.tiger_generation_model][INFO] - [rank: 0] Saved encoder attention to ./attention_weights/encoder_attention_batch_172.pt
[2025-10-29 16:42:26,715][src.models.modules.semantic_id.tiger_generation_model][INFO] - [rank: 0] Saved cross attention to ./attention_weights/cross_attention_batch_172.pt
[2025-10-29 16:42:27,612][src.models.modules.semantic_id.tiger_generation_model][WARNING] - [rank: 0] Failed to stack cross attentions: stack expects each tensor to be equal size, but got [32, 6, 150] at entry 0 and [32, 6, 2, 150] at entry 1
[2025-10-29 16:42:27,613][src.models.modules.semantic_id.tiger_generation_model][WARNING] - [rank: 0]   Hierarchy 0 shape: torch.Size([32, 6, 150])
[2025-10-29 16:42:27,613][src.models.modules.semantic_id.tiger_generation_model][WARNING] - [rank: 0]   Hierarchy 1 shape: torch.Size([32, 6, 2, 150])
[2025-10-29 16:42:27,613][src.models.modules.semantic_id.tiger_generation_model][WARNING] - [rank: 0]   Hierarchy 2 shape: torch.Size([32, 6, 150])
[2025-10-29 16:42:27,615][src.models.modules.semantic_id.tiger_generation_model][WARNING] - [rank: 0]   Hierarchy 3 shape: torch.Size([32, 6, 150])
[2025-10-29 16:42:27,933][src.models.modules.semantic_id.tiger_generation_model][INFO] - [rank: 0] Saved decoder self-attention to ./attention_weights/decoder_self_attention_batch_173.pt
[2025-10-29 16:42:27,933][src.models.modules.semantic_id.tiger_generation_model][INFO] - [rank: 0] Saved encoder attention to ./attention_weights/encoder_attention_batch_173.pt
[2025-10-29 16:42:27,934][src.models.modules.semantic_id.tiger_generation_model][INFO] - [rank: 0] Saved cross attention to ./attention_weights/cross_attention_batch_173.pt
[2025-10-29 16:42:28,847][src.models.modules.semantic_id.tiger_generation_model][WARNING] - [rank: 0] Failed to stack cross attentions: stack expects each tensor to be equal size, but got [32, 6, 150] at entry 0 and [32, 6, 2, 150] at entry 1
[2025-10-29 16:42:28,848][src.models.modules.semantic_id.tiger_generation_model][WARNING] - [rank: 0]   Hierarchy 0 shape: torch.Size([32, 6, 150])
[2025-10-29 16:42:28,848][src.models.modules.semantic_id.tiger_generation_model][WARNING] - [rank: 0]   Hierarchy 1 shape: torch.Size([32, 6, 2, 150])
[2025-10-29 16:42:28,848][src.models.modules.semantic_id.tiger_generation_model][WARNING] - [rank: 0]   Hierarchy 2 shape: torch.Size([32, 6, 150])
[2025-10-29 16:42:28,849][src.models.modules.semantic_id.tiger_generation_model][WARNING] - [rank: 0]   Hierarchy 3 shape: torch.Size([32, 6, 150])
[2025-10-29 16:42:29,090][src.models.modules.semantic_id.tiger_generation_model][INFO] - [rank: 0] Saved decoder self-attention to ./attention_weights/decoder_self_attention_batch_174.pt
[2025-10-29 16:42:29,090][src.models.modules.semantic_id.tiger_generation_model][INFO] - [rank: 0] Saved encoder attention to ./attention_weights/encoder_attention_batch_174.pt
[2025-10-29 16:42:29,090][src.models.modules.semantic_id.tiger_generation_model][INFO] - [rank: 0] Saved cross attention to ./attention_weights/cross_attention_batch_174.pt
[2025-10-29 16:42:29,914][src.models.modules.semantic_id.tiger_generation_model][WARNING] - [rank: 0] Failed to stack cross attentions: stack expects each tensor to be equal size, but got [32, 6, 150] at entry 0 and [32, 6, 2, 150] at entry 1
[2025-10-29 16:42:29,915][src.models.modules.semantic_id.tiger_generation_model][WARNING] - [rank: 0]   Hierarchy 0 shape: torch.Size([32, 6, 150])
[2025-10-29 16:42:29,916][src.models.modules.semantic_id.tiger_generation_model][WARNING] - [rank: 0]   Hierarchy 1 shape: torch.Size([32, 6, 2, 150])
[2025-10-29 16:42:29,916][src.models.modules.semantic_id.tiger_generation_model][WARNING] - [rank: 0]   Hierarchy 2 shape: torch.Size([32, 6, 150])
[2025-10-29 16:42:29,916][src.models.modules.semantic_id.tiger_generation_model][WARNING] - [rank: 0]   Hierarchy 3 shape: torch.Size([32, 6, 150])
[2025-10-29 16:42:30,216][src.models.modules.semantic_id.tiger_generation_model][INFO] - [rank: 0] Saved decoder self-attention to ./attention_weights/decoder_self_attention_batch_175.pt
[2025-10-29 16:42:30,216][src.models.modules.semantic_id.tiger_generation_model][INFO] - [rank: 0] Saved encoder attention to ./attention_weights/encoder_attention_batch_175.pt
[2025-10-29 16:42:30,217][src.models.modules.semantic_id.tiger_generation_model][INFO] - [rank: 0] Saved cross attention to ./attention_weights/cross_attention_batch_175.pt
[2025-10-29 16:42:31,129][src.models.modules.semantic_id.tiger_generation_model][WARNING] - [rank: 0] Failed to stack cross attentions: stack expects each tensor to be equal size, but got [32, 6, 150] at entry 0 and [32, 6, 2, 150] at entry 1
[2025-10-29 16:42:31,130][src.models.modules.semantic_id.tiger_generation_model][WARNING] - [rank: 0]   Hierarchy 0 shape: torch.Size([32, 6, 150])
[2025-10-29 16:42:31,130][src.models.modules.semantic_id.tiger_generation_model][WARNING] - [rank: 0]   Hierarchy 1 shape: torch.Size([32, 6, 2, 150])
[2025-10-29 16:42:31,130][src.models.modules.semantic_id.tiger_generation_model][WARNING] - [rank: 0]   Hierarchy 2 shape: torch.Size([32, 6, 150])
[2025-10-29 16:42:31,131][src.models.modules.semantic_id.tiger_generation_model][WARNING] - [rank: 0]   Hierarchy 3 shape: torch.Size([32, 6, 150])
[2025-10-29 16:42:31,464][src.models.modules.semantic_id.tiger_generation_model][INFO] - [rank: 0] Saved decoder self-attention to ./attention_weights/decoder_self_attention_batch_176.pt
[2025-10-29 16:42:31,464][src.models.modules.semantic_id.tiger_generation_model][INFO] - [rank: 0] Saved encoder attention to ./attention_weights/encoder_attention_batch_176.pt
[2025-10-29 16:42:31,464][src.models.modules.semantic_id.tiger_generation_model][INFO] - [rank: 0] Saved cross attention to ./attention_weights/cross_attention_batch_176.pt
[2025-10-29 16:42:32,363][src.models.modules.semantic_id.tiger_generation_model][WARNING] - [rank: 0] Failed to stack cross attentions: stack expects each tensor to be equal size, but got [32, 6, 150] at entry 0 and [32, 6, 2, 150] at entry 1
[2025-10-29 16:42:32,364][src.models.modules.semantic_id.tiger_generation_model][WARNING] - [rank: 0]   Hierarchy 0 shape: torch.Size([32, 6, 150])
[2025-10-29 16:42:32,364][src.models.modules.semantic_id.tiger_generation_model][WARNING] - [rank: 0]   Hierarchy 1 shape: torch.Size([32, 6, 2, 150])
[2025-10-29 16:42:32,364][src.models.modules.semantic_id.tiger_generation_model][WARNING] - [rank: 0]   Hierarchy 2 shape: torch.Size([32, 6, 150])
[2025-10-29 16:42:32,365][src.models.modules.semantic_id.tiger_generation_model][WARNING] - [rank: 0]   Hierarchy 3 shape: torch.Size([32, 6, 150])
[2025-10-29 16:42:32,618][src.models.modules.semantic_id.tiger_generation_model][INFO] - [rank: 0] Saved decoder self-attention to ./attention_weights/decoder_self_attention_batch_177.pt
[2025-10-29 16:42:32,619][src.models.modules.semantic_id.tiger_generation_model][INFO] - [rank: 0] Saved encoder attention to ./attention_weights/encoder_attention_batch_177.pt
[2025-10-29 16:42:32,619][src.models.modules.semantic_id.tiger_generation_model][INFO] - [rank: 0] Saved cross attention to ./attention_weights/cross_attention_batch_177.pt
[2025-10-29 16:42:33,565][src.models.modules.semantic_id.tiger_generation_model][WARNING] - [rank: 0] Failed to stack cross attentions: stack expects each tensor to be equal size, but got [32, 6, 150] at entry 0 and [32, 6, 2, 150] at entry 1
[2025-10-29 16:42:33,566][src.models.modules.semantic_id.tiger_generation_model][WARNING] - [rank: 0]   Hierarchy 0 shape: torch.Size([32, 6, 150])
[2025-10-29 16:42:33,566][src.models.modules.semantic_id.tiger_generation_model][WARNING] - [rank: 0]   Hierarchy 1 shape: torch.Size([32, 6, 2, 150])
[2025-10-29 16:42:33,566][src.models.modules.semantic_id.tiger_generation_model][WARNING] - [rank: 0]   Hierarchy 2 shape: torch.Size([32, 6, 150])
[2025-10-29 16:42:33,566][src.models.modules.semantic_id.tiger_generation_model][WARNING] - [rank: 0]   Hierarchy 3 shape: torch.Size([32, 6, 150])
[2025-10-29 16:42:33,754][src.models.modules.semantic_id.tiger_generation_model][INFO] - [rank: 0] Saved decoder self-attention to ./attention_weights/decoder_self_attention_batch_178.pt
[2025-10-29 16:42:33,755][src.models.modules.semantic_id.tiger_generation_model][INFO] - [rank: 0] Saved encoder attention to ./attention_weights/encoder_attention_batch_178.pt
[2025-10-29 16:42:33,755][src.models.modules.semantic_id.tiger_generation_model][INFO] - [rank: 0] Saved cross attention to ./attention_weights/cross_attention_batch_178.pt
[2025-10-29 16:42:34,648][src.models.modules.semantic_id.tiger_generation_model][WARNING] - [rank: 0] Failed to stack cross attentions: stack expects each tensor to be equal size, but got [32, 6, 150] at entry 0 and [32, 6, 2, 150] at entry 1
[2025-10-29 16:42:34,649][src.models.modules.semantic_id.tiger_generation_model][WARNING] - [rank: 0]   Hierarchy 0 shape: torch.Size([32, 6, 150])
[2025-10-29 16:42:34,649][src.models.modules.semantic_id.tiger_generation_model][WARNING] - [rank: 0]   Hierarchy 1 shape: torch.Size([32, 6, 2, 150])
[2025-10-29 16:42:34,650][src.models.modules.semantic_id.tiger_generation_model][WARNING] - [rank: 0]   Hierarchy 2 shape: torch.Size([32, 6, 150])
[2025-10-29 16:42:34,650][src.models.modules.semantic_id.tiger_generation_model][WARNING] - [rank: 0]   Hierarchy 3 shape: torch.Size([32, 6, 150])
[2025-10-29 16:42:34,858][src.models.modules.semantic_id.tiger_generation_model][INFO] - [rank: 0] Saved decoder self-attention to ./attention_weights/decoder_self_attention_batch_179.pt
[2025-10-29 16:42:34,859][src.models.modules.semantic_id.tiger_generation_model][INFO] - [rank: 0] Saved encoder attention to ./attention_weights/encoder_attention_batch_179.pt
[2025-10-29 16:42:34,859][src.models.modules.semantic_id.tiger_generation_model][INFO] - [rank: 0] Saved cross attention to ./attention_weights/cross_attention_batch_179.pt
[2025-10-29 16:42:35,774][src.models.modules.semantic_id.tiger_generation_model][WARNING] - [rank: 0] Failed to stack cross attentions: stack expects each tensor to be equal size, but got [32, 6, 150] at entry 0 and [32, 6, 2, 150] at entry 1
[2025-10-29 16:42:35,774][src.models.modules.semantic_id.tiger_generation_model][WARNING] - [rank: 0]   Hierarchy 0 shape: torch.Size([32, 6, 150])
[2025-10-29 16:42:35,774][src.models.modules.semantic_id.tiger_generation_model][WARNING] - [rank: 0]   Hierarchy 1 shape: torch.Size([32, 6, 2, 150])
[2025-10-29 16:42:35,775][src.models.modules.semantic_id.tiger_generation_model][WARNING] - [rank: 0]   Hierarchy 2 shape: torch.Size([32, 6, 150])
[2025-10-29 16:42:35,775][src.models.modules.semantic_id.tiger_generation_model][WARNING] - [rank: 0]   Hierarchy 3 shape: torch.Size([32, 6, 150])
[2025-10-29 16:42:36,154][src.models.modules.semantic_id.tiger_generation_model][INFO] - [rank: 0] Saved decoder self-attention to ./attention_weights/decoder_self_attention_batch_180.pt
[2025-10-29 16:42:36,155][src.models.modules.semantic_id.tiger_generation_model][INFO] - [rank: 0] Saved encoder attention to ./attention_weights/encoder_attention_batch_180.pt
[2025-10-29 16:42:36,155][src.models.modules.semantic_id.tiger_generation_model][INFO] - [rank: 0] Saved cross attention to ./attention_weights/cross_attention_batch_180.pt
[2025-10-29 16:42:37,119][src.models.modules.semantic_id.tiger_generation_model][WARNING] - [rank: 0] Failed to stack cross attentions: stack expects each tensor to be equal size, but got [32, 6, 150] at entry 0 and [32, 6, 2, 150] at entry 1
[2025-10-29 16:42:37,120][src.models.modules.semantic_id.tiger_generation_model][WARNING] - [rank: 0]   Hierarchy 0 shape: torch.Size([32, 6, 150])
[2025-10-29 16:42:37,121][src.models.modules.semantic_id.tiger_generation_model][WARNING] - [rank: 0]   Hierarchy 1 shape: torch.Size([32, 6, 2, 150])
[2025-10-29 16:42:37,122][src.models.modules.semantic_id.tiger_generation_model][WARNING] - [rank: 0]   Hierarchy 2 shape: torch.Size([32, 6, 150])
[2025-10-29 16:42:37,122][src.models.modules.semantic_id.tiger_generation_model][WARNING] - [rank: 0]   Hierarchy 3 shape: torch.Size([32, 6, 150])
[2025-10-29 16:42:37,467][src.models.modules.semantic_id.tiger_generation_model][INFO] - [rank: 0] Saved decoder self-attention to ./attention_weights/decoder_self_attention_batch_181.pt
[2025-10-29 16:42:37,468][src.models.modules.semantic_id.tiger_generation_model][INFO] - [rank: 0] Saved encoder attention to ./attention_weights/encoder_attention_batch_181.pt
[2025-10-29 16:42:37,469][src.models.modules.semantic_id.tiger_generation_model][INFO] - [rank: 0] Saved cross attention to ./attention_weights/cross_attention_batch_181.pt
[2025-10-29 16:42:38,420][src.models.modules.semantic_id.tiger_generation_model][WARNING] - [rank: 0] Failed to stack cross attentions: stack expects each tensor to be equal size, but got [32, 6, 150] at entry 0 and [32, 6, 2, 150] at entry 1
[2025-10-29 16:42:38,421][src.models.modules.semantic_id.tiger_generation_model][WARNING] - [rank: 0]   Hierarchy 0 shape: torch.Size([32, 6, 150])
[2025-10-29 16:42:38,422][src.models.modules.semantic_id.tiger_generation_model][WARNING] - [rank: 0]   Hierarchy 1 shape: torch.Size([32, 6, 2, 150])
[2025-10-29 16:42:38,422][src.models.modules.semantic_id.tiger_generation_model][WARNING] - [rank: 0]   Hierarchy 2 shape: torch.Size([32, 6, 150])
[2025-10-29 16:42:38,423][src.models.modules.semantic_id.tiger_generation_model][WARNING] - [rank: 0]   Hierarchy 3 shape: torch.Size([32, 6, 150])
[2025-10-29 16:42:38,749][src.models.modules.semantic_id.tiger_generation_model][INFO] - [rank: 0] Saved decoder self-attention to ./attention_weights/decoder_self_attention_batch_182.pt
[2025-10-29 16:42:38,750][src.models.modules.semantic_id.tiger_generation_model][INFO] - [rank: 0] Saved encoder attention to ./attention_weights/encoder_attention_batch_182.pt
[2025-10-29 16:42:38,750][src.models.modules.semantic_id.tiger_generation_model][INFO] - [rank: 0] Saved cross attention to ./attention_weights/cross_attention_batch_182.pt
[2025-10-29 16:42:39,530][src.models.modules.semantic_id.tiger_generation_model][WARNING] - [rank: 0] Failed to stack cross attentions: stack expects each tensor to be equal size, but got [32, 6, 150] at entry 0 and [32, 6, 2, 150] at entry 1
[2025-10-29 16:42:39,531][src.models.modules.semantic_id.tiger_generation_model][WARNING] - [rank: 0]   Hierarchy 0 shape: torch.Size([32, 6, 150])
[2025-10-29 16:42:39,532][src.models.modules.semantic_id.tiger_generation_model][WARNING] - [rank: 0]   Hierarchy 1 shape: torch.Size([32, 6, 2, 150])
[2025-10-29 16:42:39,532][src.models.modules.semantic_id.tiger_generation_model][WARNING] - [rank: 0]   Hierarchy 2 shape: torch.Size([32, 6, 150])
[2025-10-29 16:42:39,532][src.models.modules.semantic_id.tiger_generation_model][WARNING] - [rank: 0]   Hierarchy 3 shape: torch.Size([32, 6, 150])
[2025-10-29 16:42:39,918][src.models.modules.semantic_id.tiger_generation_model][INFO] - [rank: 0] Saved decoder self-attention to ./attention_weights/decoder_self_attention_batch_183.pt
[2025-10-29 16:42:39,918][src.models.modules.semantic_id.tiger_generation_model][INFO] - [rank: 0] Saved encoder attention to ./attention_weights/encoder_attention_batch_183.pt
[2025-10-29 16:42:39,918][src.models.modules.semantic_id.tiger_generation_model][INFO] - [rank: 0] Saved cross attention to ./attention_weights/cross_attention_batch_183.pt
[2025-10-29 16:42:41,059][src.models.modules.semantic_id.tiger_generation_model][WARNING] - [rank: 0] Failed to stack cross attentions: stack expects each tensor to be equal size, but got [32, 6, 150] at entry 0 and [32, 6, 2, 150] at entry 1
[2025-10-29 16:42:41,060][src.models.modules.semantic_id.tiger_generation_model][WARNING] - [rank: 0]   Hierarchy 0 shape: torch.Size([32, 6, 150])
[2025-10-29 16:42:41,060][src.models.modules.semantic_id.tiger_generation_model][WARNING] - [rank: 0]   Hierarchy 1 shape: torch.Size([32, 6, 2, 150])
[2025-10-29 16:42:41,060][src.models.modules.semantic_id.tiger_generation_model][WARNING] - [rank: 0]   Hierarchy 2 shape: torch.Size([32, 6, 150])
[2025-10-29 16:42:41,061][src.models.modules.semantic_id.tiger_generation_model][WARNING] - [rank: 0]   Hierarchy 3 shape: torch.Size([32, 6, 150])
[2025-10-29 16:42:41,367][src.models.modules.semantic_id.tiger_generation_model][INFO] - [rank: 0] Saved decoder self-attention to ./attention_weights/decoder_self_attention_batch_184.pt
[2025-10-29 16:42:41,367][src.models.modules.semantic_id.tiger_generation_model][INFO] - [rank: 0] Saved encoder attention to ./attention_weights/encoder_attention_batch_184.pt
[2025-10-29 16:42:41,368][src.models.modules.semantic_id.tiger_generation_model][INFO] - [rank: 0] Saved cross attention to ./attention_weights/cross_attention_batch_184.pt
[2025-10-29 16:42:42,672][src.models.modules.semantic_id.tiger_generation_model][WARNING] - [rank: 0] Failed to stack cross attentions: stack expects each tensor to be equal size, but got [32, 6, 150] at entry 0 and [32, 6, 2, 150] at entry 1
[2025-10-29 16:42:42,673][src.models.modules.semantic_id.tiger_generation_model][WARNING] - [rank: 0]   Hierarchy 0 shape: torch.Size([32, 6, 150])
[2025-10-29 16:42:42,673][src.models.modules.semantic_id.tiger_generation_model][WARNING] - [rank: 0]   Hierarchy 1 shape: torch.Size([32, 6, 2, 150])
[2025-10-29 16:42:42,674][src.models.modules.semantic_id.tiger_generation_model][WARNING] - [rank: 0]   Hierarchy 2 shape: torch.Size([32, 6, 150])
[2025-10-29 16:42:42,674][src.models.modules.semantic_id.tiger_generation_model][WARNING] - [rank: 0]   Hierarchy 3 shape: torch.Size([32, 6, 150])
[2025-10-29 16:42:43,111][src.models.modules.semantic_id.tiger_generation_model][INFO] - [rank: 0] Saved decoder self-attention to ./attention_weights/decoder_self_attention_batch_185.pt
[2025-10-29 16:42:43,112][src.models.modules.semantic_id.tiger_generation_model][INFO] - [rank: 0] Saved encoder attention to ./attention_weights/encoder_attention_batch_185.pt
[2025-10-29 16:42:43,112][src.models.modules.semantic_id.tiger_generation_model][INFO] - [rank: 0] Saved cross attention to ./attention_weights/cross_attention_batch_185.pt
[2025-10-29 16:42:44,270][src.models.modules.semantic_id.tiger_generation_model][WARNING] - [rank: 0] Failed to stack cross attentions: stack expects each tensor to be equal size, but got [32, 6, 150] at entry 0 and [32, 6, 2, 150] at entry 1
[2025-10-29 16:42:44,271][src.models.modules.semantic_id.tiger_generation_model][WARNING] - [rank: 0]   Hierarchy 0 shape: torch.Size([32, 6, 150])
[2025-10-29 16:42:44,271][src.models.modules.semantic_id.tiger_generation_model][WARNING] - [rank: 0]   Hierarchy 1 shape: torch.Size([32, 6, 2, 150])
[2025-10-29 16:42:44,272][src.models.modules.semantic_id.tiger_generation_model][WARNING] - [rank: 0]   Hierarchy 2 shape: torch.Size([32, 6, 150])
[2025-10-29 16:42:44,272][src.models.modules.semantic_id.tiger_generation_model][WARNING] - [rank: 0]   Hierarchy 3 shape: torch.Size([32, 6, 150])
[2025-10-29 16:42:44,616][src.models.modules.semantic_id.tiger_generation_model][INFO] - [rank: 0] Saved decoder self-attention to ./attention_weights/decoder_self_attention_batch_186.pt
[2025-10-29 16:42:44,616][src.models.modules.semantic_id.tiger_generation_model][INFO] - [rank: 0] Saved encoder attention to ./attention_weights/encoder_attention_batch_186.pt
[2025-10-29 16:42:44,617][src.models.modules.semantic_id.tiger_generation_model][INFO] - [rank: 0] Saved cross attention to ./attention_weights/cross_attention_batch_186.pt
[2025-10-29 16:42:45,637][src.models.modules.semantic_id.tiger_generation_model][WARNING] - [rank: 0] Failed to stack cross attentions: stack expects each tensor to be equal size, but got [32, 6, 150] at entry 0 and [32, 6, 2, 150] at entry 1
[2025-10-29 16:42:45,639][src.models.modules.semantic_id.tiger_generation_model][WARNING] - [rank: 0]   Hierarchy 0 shape: torch.Size([32, 6, 150])
[2025-10-29 16:42:45,639][src.models.modules.semantic_id.tiger_generation_model][WARNING] - [rank: 0]   Hierarchy 1 shape: torch.Size([32, 6, 2, 150])
[2025-10-29 16:42:45,640][src.models.modules.semantic_id.tiger_generation_model][WARNING] - [rank: 0]   Hierarchy 2 shape: torch.Size([32, 6, 150])
[2025-10-29 16:42:45,640][src.models.modules.semantic_id.tiger_generation_model][WARNING] - [rank: 0]   Hierarchy 3 shape: torch.Size([32, 6, 150])
[2025-10-29 16:42:46,028][src.models.modules.semantic_id.tiger_generation_model][INFO] - [rank: 0] Saved decoder self-attention to ./attention_weights/decoder_self_attention_batch_187.pt
[2025-10-29 16:42:46,029][src.models.modules.semantic_id.tiger_generation_model][INFO] - [rank: 0] Saved encoder attention to ./attention_weights/encoder_attention_batch_187.pt
[2025-10-29 16:42:46,029][src.models.modules.semantic_id.tiger_generation_model][INFO] - [rank: 0] Saved cross attention to ./attention_weights/cross_attention_batch_187.pt
[2025-10-29 16:42:46,924][src.models.modules.semantic_id.tiger_generation_model][WARNING] - [rank: 0] Failed to stack cross attentions: stack expects each tensor to be equal size, but got [32, 6, 150] at entry 0 and [32, 6, 2, 150] at entry 1
[2025-10-29 16:42:46,925][src.models.modules.semantic_id.tiger_generation_model][WARNING] - [rank: 0]   Hierarchy 0 shape: torch.Size([32, 6, 150])
[2025-10-29 16:42:46,926][src.models.modules.semantic_id.tiger_generation_model][WARNING] - [rank: 0]   Hierarchy 1 shape: torch.Size([32, 6, 2, 150])
[2025-10-29 16:42:46,926][src.models.modules.semantic_id.tiger_generation_model][WARNING] - [rank: 0]   Hierarchy 2 shape: torch.Size([32, 6, 150])
[2025-10-29 16:42:46,927][src.models.modules.semantic_id.tiger_generation_model][WARNING] - [rank: 0]   Hierarchy 3 shape: torch.Size([32, 6, 150])
[2025-10-29 16:42:47,269][src.models.modules.semantic_id.tiger_generation_model][INFO] - [rank: 0] Saved decoder self-attention to ./attention_weights/decoder_self_attention_batch_188.pt
[2025-10-29 16:42:47,270][src.models.modules.semantic_id.tiger_generation_model][INFO] - [rank: 0] Saved encoder attention to ./attention_weights/encoder_attention_batch_188.pt
[2025-10-29 16:42:47,271][src.models.modules.semantic_id.tiger_generation_model][INFO] - [rank: 0] Saved cross attention to ./attention_weights/cross_attention_batch_188.pt
[2025-10-29 16:42:48,557][src.models.modules.semantic_id.tiger_generation_model][WARNING] - [rank: 0] Failed to stack cross attentions: stack expects each tensor to be equal size, but got [32, 6, 150] at entry 0 and [32, 6, 2, 150] at entry 1
[2025-10-29 16:42:48,558][src.models.modules.semantic_id.tiger_generation_model][WARNING] - [rank: 0]   Hierarchy 0 shape: torch.Size([32, 6, 150])
[2025-10-29 16:42:48,559][src.models.modules.semantic_id.tiger_generation_model][WARNING] - [rank: 0]   Hierarchy 1 shape: torch.Size([32, 6, 2, 150])
[2025-10-29 16:42:48,560][src.models.modules.semantic_id.tiger_generation_model][WARNING] - [rank: 0]   Hierarchy 2 shape: torch.Size([32, 6, 150])
[2025-10-29 16:42:48,560][src.models.modules.semantic_id.tiger_generation_model][WARNING] - [rank: 0]   Hierarchy 3 shape: torch.Size([32, 6, 150])
[2025-10-29 16:42:48,954][src.models.modules.semantic_id.tiger_generation_model][INFO] - [rank: 0] Saved decoder self-attention to ./attention_weights/decoder_self_attention_batch_189.pt
[2025-10-29 16:42:48,955][src.models.modules.semantic_id.tiger_generation_model][INFO] - [rank: 0] Saved encoder attention to ./attention_weights/encoder_attention_batch_189.pt
[2025-10-29 16:42:48,955][src.models.modules.semantic_id.tiger_generation_model][INFO] - [rank: 0] Saved cross attention to ./attention_weights/cross_attention_batch_189.pt
[2025-10-29 16:42:49,806][src.models.modules.semantic_id.tiger_generation_model][WARNING] - [rank: 0] Failed to stack cross attentions: stack expects each tensor to be equal size, but got [32, 6, 150] at entry 0 and [32, 6, 2, 150] at entry 1
[2025-10-29 16:42:49,807][src.models.modules.semantic_id.tiger_generation_model][WARNING] - [rank: 0]   Hierarchy 0 shape: torch.Size([32, 6, 150])
[2025-10-29 16:42:49,807][src.models.modules.semantic_id.tiger_generation_model][WARNING] - [rank: 0]   Hierarchy 1 shape: torch.Size([32, 6, 2, 150])
[2025-10-29 16:42:49,808][src.models.modules.semantic_id.tiger_generation_model][WARNING] - [rank: 0]   Hierarchy 2 shape: torch.Size([32, 6, 150])
[2025-10-29 16:42:49,808][src.models.modules.semantic_id.tiger_generation_model][WARNING] - [rank: 0]   Hierarchy 3 shape: torch.Size([32, 6, 150])
[2025-10-29 16:42:50,031][src.models.modules.semantic_id.tiger_generation_model][INFO] - [rank: 0] Saved decoder self-attention to ./attention_weights/decoder_self_attention_batch_190.pt
[2025-10-29 16:42:50,032][src.models.modules.semantic_id.tiger_generation_model][INFO] - [rank: 0] Saved encoder attention to ./attention_weights/encoder_attention_batch_190.pt
[2025-10-29 16:42:50,032][src.models.modules.semantic_id.tiger_generation_model][INFO] - [rank: 0] Saved cross attention to ./attention_weights/cross_attention_batch_190.pt
[2025-10-29 16:42:50,659][src.models.modules.semantic_id.tiger_generation_model][WARNING] - [rank: 0] Failed to stack cross attentions: stack expects each tensor to be equal size, but got [32, 6, 150] at entry 0 and [32, 6, 2, 150] at entry 1
[2025-10-29 16:42:50,660][src.models.modules.semantic_id.tiger_generation_model][WARNING] - [rank: 0]   Hierarchy 0 shape: torch.Size([32, 6, 150])
[2025-10-29 16:42:50,660][src.models.modules.semantic_id.tiger_generation_model][WARNING] - [rank: 0]   Hierarchy 1 shape: torch.Size([32, 6, 2, 150])
[2025-10-29 16:42:50,660][src.models.modules.semantic_id.tiger_generation_model][WARNING] - [rank: 0]   Hierarchy 2 shape: torch.Size([32, 6, 150])
[2025-10-29 16:42:50,661][src.models.modules.semantic_id.tiger_generation_model][WARNING] - [rank: 0]   Hierarchy 3 shape: torch.Size([32, 6, 150])
[2025-10-29 16:42:50,996][src.models.modules.semantic_id.tiger_generation_model][INFO] - [rank: 0] Saved decoder self-attention to ./attention_weights/decoder_self_attention_batch_191.pt
[2025-10-29 16:42:50,997][src.models.modules.semantic_id.tiger_generation_model][INFO] - [rank: 0] Saved encoder attention to ./attention_weights/encoder_attention_batch_191.pt
[2025-10-29 16:42:50,997][src.models.modules.semantic_id.tiger_generation_model][INFO] - [rank: 0] Saved cross attention to ./attention_weights/cross_attention_batch_191.pt
[2025-10-29 16:42:51,730][src.models.modules.semantic_id.tiger_generation_model][WARNING] - [rank: 0] Failed to stack cross attentions: stack expects each tensor to be equal size, but got [32, 6, 150] at entry 0 and [32, 6, 2, 150] at entry 1
[2025-10-29 16:42:51,732][src.models.modules.semantic_id.tiger_generation_model][WARNING] - [rank: 0]   Hierarchy 0 shape: torch.Size([32, 6, 150])
[2025-10-29 16:42:51,732][src.models.modules.semantic_id.tiger_generation_model][WARNING] - [rank: 0]   Hierarchy 1 shape: torch.Size([32, 6, 2, 150])
[2025-10-29 16:42:51,732][src.models.modules.semantic_id.tiger_generation_model][WARNING] - [rank: 0]   Hierarchy 2 shape: torch.Size([32, 6, 150])
[2025-10-29 16:42:51,733][src.models.modules.semantic_id.tiger_generation_model][WARNING] - [rank: 0]   Hierarchy 3 shape: torch.Size([32, 6, 150])
[2025-10-29 16:42:51,959][src.models.modules.semantic_id.tiger_generation_model][INFO] - [rank: 0] Saved decoder self-attention to ./attention_weights/decoder_self_attention_batch_192.pt
[2025-10-29 16:42:51,960][src.models.modules.semantic_id.tiger_generation_model][INFO] - [rank: 0] Saved encoder attention to ./attention_weights/encoder_attention_batch_192.pt
[2025-10-29 16:42:51,961][src.models.modules.semantic_id.tiger_generation_model][INFO] - [rank: 0] Saved cross attention to ./attention_weights/cross_attention_batch_192.pt
[2025-10-29 16:42:52,777][src.models.modules.semantic_id.tiger_generation_model][WARNING] - [rank: 0] Failed to stack cross attentions: stack expects each tensor to be equal size, but got [32, 6, 150] at entry 0 and [32, 6, 2, 150] at entry 1
[2025-10-29 16:42:52,778][src.models.modules.semantic_id.tiger_generation_model][WARNING] - [rank: 0]   Hierarchy 0 shape: torch.Size([32, 6, 150])
[2025-10-29 16:42:52,779][src.models.modules.semantic_id.tiger_generation_model][WARNING] - [rank: 0]   Hierarchy 1 shape: torch.Size([32, 6, 2, 150])
[2025-10-29 16:42:52,779][src.models.modules.semantic_id.tiger_generation_model][WARNING] - [rank: 0]   Hierarchy 2 shape: torch.Size([32, 6, 150])
[2025-10-29 16:42:52,779][src.models.modules.semantic_id.tiger_generation_model][WARNING] - [rank: 0]   Hierarchy 3 shape: torch.Size([32, 6, 150])
[2025-10-29 16:42:53,213][src.models.modules.semantic_id.tiger_generation_model][INFO] - [rank: 0] Saved decoder self-attention to ./attention_weights/decoder_self_attention_batch_193.pt
[2025-10-29 16:42:53,213][src.models.modules.semantic_id.tiger_generation_model][INFO] - [rank: 0] Saved encoder attention to ./attention_weights/encoder_attention_batch_193.pt
[2025-10-29 16:42:53,214][src.models.modules.semantic_id.tiger_generation_model][INFO] - [rank: 0] Saved cross attention to ./attention_weights/cross_attention_batch_193.pt
[2025-10-29 16:42:54,112][src.models.modules.semantic_id.tiger_generation_model][WARNING] - [rank: 0] Failed to stack cross attentions: stack expects each tensor to be equal size, but got [32, 6, 150] at entry 0 and [32, 6, 2, 150] at entry 1
[2025-10-29 16:42:54,112][src.models.modules.semantic_id.tiger_generation_model][WARNING] - [rank: 0]   Hierarchy 0 shape: torch.Size([32, 6, 150])
[2025-10-29 16:42:54,113][src.models.modules.semantic_id.tiger_generation_model][WARNING] - [rank: 0]   Hierarchy 1 shape: torch.Size([32, 6, 2, 150])
[2025-10-29 16:42:54,113][src.models.modules.semantic_id.tiger_generation_model][WARNING] - [rank: 0]   Hierarchy 2 shape: torch.Size([32, 6, 150])
[2025-10-29 16:42:54,113][src.models.modules.semantic_id.tiger_generation_model][WARNING] - [rank: 0]   Hierarchy 3 shape: torch.Size([32, 6, 150])
[2025-10-29 16:42:54,463][src.models.modules.semantic_id.tiger_generation_model][INFO] - [rank: 0] Saved decoder self-attention to ./attention_weights/decoder_self_attention_batch_194.pt
[2025-10-29 16:42:54,464][src.models.modules.semantic_id.tiger_generation_model][INFO] - [rank: 0] Saved encoder attention to ./attention_weights/encoder_attention_batch_194.pt
[2025-10-29 16:42:54,464][src.models.modules.semantic_id.tiger_generation_model][INFO] - [rank: 0] Saved cross attention to ./attention_weights/cross_attention_batch_194.pt
[2025-10-29 16:42:55,441][src.models.modules.semantic_id.tiger_generation_model][WARNING] - [rank: 0] Failed to stack cross attentions: stack expects each tensor to be equal size, but got [32, 6, 150] at entry 0 and [32, 6, 2, 150] at entry 1
[2025-10-29 16:42:55,442][src.models.modules.semantic_id.tiger_generation_model][WARNING] - [rank: 0]   Hierarchy 0 shape: torch.Size([32, 6, 150])
[2025-10-29 16:42:55,442][src.models.modules.semantic_id.tiger_generation_model][WARNING] - [rank: 0]   Hierarchy 1 shape: torch.Size([32, 6, 2, 150])
[2025-10-29 16:42:55,443][src.models.modules.semantic_id.tiger_generation_model][WARNING] - [rank: 0]   Hierarchy 2 shape: torch.Size([32, 6, 150])
[2025-10-29 16:42:55,443][src.models.modules.semantic_id.tiger_generation_model][WARNING] - [rank: 0]   Hierarchy 3 shape: torch.Size([32, 6, 150])
[2025-10-29 16:42:55,767][src.models.modules.semantic_id.tiger_generation_model][INFO] - [rank: 0] Saved decoder self-attention to ./attention_weights/decoder_self_attention_batch_195.pt
[2025-10-29 16:42:55,768][src.models.modules.semantic_id.tiger_generation_model][INFO] - [rank: 0] Saved encoder attention to ./attention_weights/encoder_attention_batch_195.pt
[2025-10-29 16:42:55,768][src.models.modules.semantic_id.tiger_generation_model][INFO] - [rank: 0] Saved cross attention to ./attention_weights/cross_attention_batch_195.pt
[2025-10-29 16:42:56,856][src.models.modules.semantic_id.tiger_generation_model][WARNING] - [rank: 0] Failed to stack cross attentions: stack expects each tensor to be equal size, but got [32, 6, 150] at entry 0 and [32, 6, 2, 150] at entry 1
[2025-10-29 16:42:56,857][src.models.modules.semantic_id.tiger_generation_model][WARNING] - [rank: 0]   Hierarchy 0 shape: torch.Size([32, 6, 150])
[2025-10-29 16:42:56,858][src.models.modules.semantic_id.tiger_generation_model][WARNING] - [rank: 0]   Hierarchy 1 shape: torch.Size([32, 6, 2, 150])
[2025-10-29 16:42:56,858][src.models.modules.semantic_id.tiger_generation_model][WARNING] - [rank: 0]   Hierarchy 2 shape: torch.Size([32, 6, 150])
[2025-10-29 16:42:56,858][src.models.modules.semantic_id.tiger_generation_model][WARNING] - [rank: 0]   Hierarchy 3 shape: torch.Size([32, 6, 150])
[2025-10-29 16:42:57,236][src.models.modules.semantic_id.tiger_generation_model][INFO] - [rank: 0] Saved decoder self-attention to ./attention_weights/decoder_self_attention_batch_196.pt
[2025-10-29 16:42:57,237][src.models.modules.semantic_id.tiger_generation_model][INFO] - [rank: 0] Saved encoder attention to ./attention_weights/encoder_attention_batch_196.pt
[2025-10-29 16:42:57,237][src.models.modules.semantic_id.tiger_generation_model][INFO] - [rank: 0] Saved cross attention to ./attention_weights/cross_attention_batch_196.pt
[2025-10-29 16:42:58,262][src.models.modules.semantic_id.tiger_generation_model][WARNING] - [rank: 0] Failed to stack cross attentions: stack expects each tensor to be equal size, but got [32, 6, 150] at entry 0 and [32, 6, 2, 150] at entry 1
[2025-10-29 16:42:58,263][src.models.modules.semantic_id.tiger_generation_model][WARNING] - [rank: 0]   Hierarchy 0 shape: torch.Size([32, 6, 150])
[2025-10-29 16:42:58,263][src.models.modules.semantic_id.tiger_generation_model][WARNING] - [rank: 0]   Hierarchy 1 shape: torch.Size([32, 6, 2, 150])
[2025-10-29 16:42:58,263][src.models.modules.semantic_id.tiger_generation_model][WARNING] - [rank: 0]   Hierarchy 2 shape: torch.Size([32, 6, 150])
[2025-10-29 16:42:58,264][src.models.modules.semantic_id.tiger_generation_model][WARNING] - [rank: 0]   Hierarchy 3 shape: torch.Size([32, 6, 150])
[2025-10-29 16:42:58,540][src.models.modules.semantic_id.tiger_generation_model][INFO] - [rank: 0] Saved decoder self-attention to ./attention_weights/decoder_self_attention_batch_197.pt
[2025-10-29 16:42:58,541][src.models.modules.semantic_id.tiger_generation_model][INFO] - [rank: 0] Saved encoder attention to ./attention_weights/encoder_attention_batch_197.pt
[2025-10-29 16:42:58,541][src.models.modules.semantic_id.tiger_generation_model][INFO] - [rank: 0] Saved cross attention to ./attention_weights/cross_attention_batch_197.pt
[2025-10-29 16:42:59,393][src.models.modules.semantic_id.tiger_generation_model][WARNING] - [rank: 0] Failed to stack cross attentions: stack expects each tensor to be equal size, but got [32, 6, 150] at entry 0 and [32, 6, 2, 150] at entry 1
[2025-10-29 16:42:59,394][src.models.modules.semantic_id.tiger_generation_model][WARNING] - [rank: 0]   Hierarchy 0 shape: torch.Size([32, 6, 150])
[2025-10-29 16:42:59,394][src.models.modules.semantic_id.tiger_generation_model][WARNING] - [rank: 0]   Hierarchy 1 shape: torch.Size([32, 6, 2, 150])
[2025-10-29 16:42:59,395][src.models.modules.semantic_id.tiger_generation_model][WARNING] - [rank: 0]   Hierarchy 2 shape: torch.Size([32, 6, 150])
[2025-10-29 16:42:59,395][src.models.modules.semantic_id.tiger_generation_model][WARNING] - [rank: 0]   Hierarchy 3 shape: torch.Size([32, 6, 150])
[2025-10-29 16:42:59,675][src.models.modules.semantic_id.tiger_generation_model][INFO] - [rank: 0] Saved decoder self-attention to ./attention_weights/decoder_self_attention_batch_198.pt
[2025-10-29 16:42:59,676][src.models.modules.semantic_id.tiger_generation_model][INFO] - [rank: 0] Saved encoder attention to ./attention_weights/encoder_attention_batch_198.pt
[2025-10-29 16:42:59,676][src.models.modules.semantic_id.tiger_generation_model][INFO] - [rank: 0] Saved cross attention to ./attention_weights/cross_attention_batch_198.pt
[2025-10-29 16:43:00,838][src.models.modules.semantic_id.tiger_generation_model][WARNING] - [rank: 0] Failed to stack cross attentions: stack expects each tensor to be equal size, but got [32, 6, 150] at entry 0 and [32, 6, 2, 150] at entry 1
[2025-10-29 16:43:00,839][src.models.modules.semantic_id.tiger_generation_model][WARNING] - [rank: 0]   Hierarchy 0 shape: torch.Size([32, 6, 150])
[2025-10-29 16:43:00,839][src.models.modules.semantic_id.tiger_generation_model][WARNING] - [rank: 0]   Hierarchy 1 shape: torch.Size([32, 6, 2, 150])
[2025-10-29 16:43:00,840][src.models.modules.semantic_id.tiger_generation_model][WARNING] - [rank: 0]   Hierarchy 2 shape: torch.Size([32, 6, 150])
[2025-10-29 16:43:00,840][src.models.modules.semantic_id.tiger_generation_model][WARNING] - [rank: 0]   Hierarchy 3 shape: torch.Size([32, 6, 150])
[2025-10-29 16:43:01,209][src.models.modules.semantic_id.tiger_generation_model][INFO] - [rank: 0] Saved decoder self-attention to ./attention_weights/decoder_self_attention_batch_199.pt
[2025-10-29 16:43:01,210][src.models.modules.semantic_id.tiger_generation_model][INFO] - [rank: 0] Saved encoder attention to ./attention_weights/encoder_attention_batch_199.pt
[2025-10-29 16:43:01,210][src.models.modules.semantic_id.tiger_generation_model][INFO] - [rank: 0] Saved cross attention to ./attention_weights/cross_attention_batch_199.pt
[2025-10-29 16:43:02,367][src.models.modules.semantic_id.tiger_generation_model][WARNING] - [rank: 0] Failed to stack cross attentions: stack expects each tensor to be equal size, but got [32, 6, 150] at entry 0 and [32, 6, 2, 150] at entry 1
[2025-10-29 16:43:02,368][src.models.modules.semantic_id.tiger_generation_model][WARNING] - [rank: 0]   Hierarchy 0 shape: torch.Size([32, 6, 150])
[2025-10-29 16:43:02,368][src.models.modules.semantic_id.tiger_generation_model][WARNING] - [rank: 0]   Hierarchy 1 shape: torch.Size([32, 6, 2, 150])
[2025-10-29 16:43:02,369][src.models.modules.semantic_id.tiger_generation_model][WARNING] - [rank: 0]   Hierarchy 2 shape: torch.Size([32, 6, 150])
[2025-10-29 16:43:02,369][src.models.modules.semantic_id.tiger_generation_model][WARNING] - [rank: 0]   Hierarchy 3 shape: torch.Size([32, 6, 150])
[2025-10-29 16:43:02,670][src.models.modules.semantic_id.tiger_generation_model][INFO] - [rank: 0] Saved decoder self-attention to ./attention_weights/decoder_self_attention_batch_200.pt
[2025-10-29 16:43:02,670][src.models.modules.semantic_id.tiger_generation_model][INFO] - [rank: 0] Saved encoder attention to ./attention_weights/encoder_attention_batch_200.pt
[2025-10-29 16:43:02,670][src.models.modules.semantic_id.tiger_generation_model][INFO] - [rank: 0] Saved cross attention to ./attention_weights/cross_attention_batch_200.pt
[2025-10-29 16:43:03,568][src.models.modules.semantic_id.tiger_generation_model][WARNING] - [rank: 0] Failed to stack cross attentions: stack expects each tensor to be equal size, but got [32, 6, 150] at entry 0 and [32, 6, 2, 150] at entry 1
[2025-10-29 16:43:03,569][src.models.modules.semantic_id.tiger_generation_model][WARNING] - [rank: 0]   Hierarchy 0 shape: torch.Size([32, 6, 150])
[2025-10-29 16:43:03,570][src.models.modules.semantic_id.tiger_generation_model][WARNING] - [rank: 0]   Hierarchy 1 shape: torch.Size([32, 6, 2, 150])
[2025-10-29 16:43:03,570][src.models.modules.semantic_id.tiger_generation_model][WARNING] - [rank: 0]   Hierarchy 2 shape: torch.Size([32, 6, 150])
[2025-10-29 16:43:03,570][src.models.modules.semantic_id.tiger_generation_model][WARNING] - [rank: 0]   Hierarchy 3 shape: torch.Size([32, 6, 150])
[2025-10-29 16:43:03,861][src.models.modules.semantic_id.tiger_generation_model][INFO] - [rank: 0] Saved decoder self-attention to ./attention_weights/decoder_self_attention_batch_201.pt
[2025-10-29 16:43:03,861][src.models.modules.semantic_id.tiger_generation_model][INFO] - [rank: 0] Saved encoder attention to ./attention_weights/encoder_attention_batch_201.pt
[2025-10-29 16:43:03,862][src.models.modules.semantic_id.tiger_generation_model][INFO] - [rank: 0] Saved cross attention to ./attention_weights/cross_attention_batch_201.pt
[2025-10-29 16:43:04,783][src.models.modules.semantic_id.tiger_generation_model][WARNING] - [rank: 0] Failed to stack cross attentions: stack expects each tensor to be equal size, but got [32, 6, 150] at entry 0 and [32, 6, 2, 150] at entry 1
[2025-10-29 16:43:04,783][src.models.modules.semantic_id.tiger_generation_model][WARNING] - [rank: 0]   Hierarchy 0 shape: torch.Size([32, 6, 150])
[2025-10-29 16:43:04,783][src.models.modules.semantic_id.tiger_generation_model][WARNING] - [rank: 0]   Hierarchy 1 shape: torch.Size([32, 6, 2, 150])
[2025-10-29 16:43:04,783][src.models.modules.semantic_id.tiger_generation_model][WARNING] - [rank: 0]   Hierarchy 2 shape: torch.Size([32, 6, 150])
[2025-10-29 16:43:04,784][src.models.modules.semantic_id.tiger_generation_model][WARNING] - [rank: 0]   Hierarchy 3 shape: torch.Size([32, 6, 150])
[2025-10-29 16:43:05,186][src.models.modules.semantic_id.tiger_generation_model][INFO] - [rank: 0] Saved decoder self-attention to ./attention_weights/decoder_self_attention_batch_202.pt
[2025-10-29 16:43:05,187][src.models.modules.semantic_id.tiger_generation_model][INFO] - [rank: 0] Saved encoder attention to ./attention_weights/encoder_attention_batch_202.pt
[2025-10-29 16:43:05,187][src.models.modules.semantic_id.tiger_generation_model][INFO] - [rank: 0] Saved cross attention to ./attention_weights/cross_attention_batch_202.pt
[2025-10-29 16:43:06,112][src.models.modules.semantic_id.tiger_generation_model][WARNING] - [rank: 0] Failed to stack cross attentions: stack expects each tensor to be equal size, but got [32, 6, 150] at entry 0 and [32, 6, 2, 150] at entry 1
[2025-10-29 16:43:06,113][src.models.modules.semantic_id.tiger_generation_model][WARNING] - [rank: 0]   Hierarchy 0 shape: torch.Size([32, 6, 150])
[2025-10-29 16:43:06,113][src.models.modules.semantic_id.tiger_generation_model][WARNING] - [rank: 0]   Hierarchy 1 shape: torch.Size([32, 6, 2, 150])
[2025-10-29 16:43:06,114][src.models.modules.semantic_id.tiger_generation_model][WARNING] - [rank: 0]   Hierarchy 2 shape: torch.Size([32, 6, 150])
[2025-10-29 16:43:06,114][src.models.modules.semantic_id.tiger_generation_model][WARNING] - [rank: 0]   Hierarchy 3 shape: torch.Size([32, 6, 150])
[2025-10-29 16:43:06,397][src.models.modules.semantic_id.tiger_generation_model][INFO] - [rank: 0] Saved decoder self-attention to ./attention_weights/decoder_self_attention_batch_203.pt
[2025-10-29 16:43:06,398][src.models.modules.semantic_id.tiger_generation_model][INFO] - [rank: 0] Saved encoder attention to ./attention_weights/encoder_attention_batch_203.pt
[2025-10-29 16:43:06,398][src.models.modules.semantic_id.tiger_generation_model][INFO] - [rank: 0] Saved cross attention to ./attention_weights/cross_attention_batch_203.pt
[2025-10-29 16:43:07,001][src.models.modules.semantic_id.tiger_generation_model][WARNING] - [rank: 0] Failed to stack cross attentions: stack expects each tensor to be equal size, but got [32, 6, 150] at entry 0 and [32, 6, 2, 150] at entry 1
[2025-10-29 16:43:07,002][src.models.modules.semantic_id.tiger_generation_model][WARNING] - [rank: 0]   Hierarchy 0 shape: torch.Size([32, 6, 150])
[2025-10-29 16:43:07,002][src.models.modules.semantic_id.tiger_generation_model][WARNING] - [rank: 0]   Hierarchy 1 shape: torch.Size([32, 6, 2, 150])
[2025-10-29 16:43:07,002][src.models.modules.semantic_id.tiger_generation_model][WARNING] - [rank: 0]   Hierarchy 2 shape: torch.Size([32, 6, 150])
[2025-10-29 16:43:07,002][src.models.modules.semantic_id.tiger_generation_model][WARNING] - [rank: 0]   Hierarchy 3 shape: torch.Size([32, 6, 150])
[2025-10-29 16:43:07,244][src.models.modules.semantic_id.tiger_generation_model][INFO] - [rank: 0] Saved decoder self-attention to ./attention_weights/decoder_self_attention_batch_204.pt
[2025-10-29 16:43:07,245][src.models.modules.semantic_id.tiger_generation_model][INFO] - [rank: 0] Saved encoder attention to ./attention_weights/encoder_attention_batch_204.pt
[2025-10-29 16:43:07,245][src.models.modules.semantic_id.tiger_generation_model][INFO] - [rank: 0] Saved cross attention to ./attention_weights/cross_attention_batch_204.pt
[2025-10-29 16:43:08,116][src.models.modules.semantic_id.tiger_generation_model][WARNING] - [rank: 0] Failed to stack cross attentions: stack expects each tensor to be equal size, but got [32, 6, 150] at entry 0 and [32, 6, 2, 150] at entry 1
[2025-10-29 16:43:08,117][src.models.modules.semantic_id.tiger_generation_model][WARNING] - [rank: 0]   Hierarchy 0 shape: torch.Size([32, 6, 150])
[2025-10-29 16:43:08,117][src.models.modules.semantic_id.tiger_generation_model][WARNING] - [rank: 0]   Hierarchy 1 shape: torch.Size([32, 6, 2, 150])
[2025-10-29 16:43:08,117][src.models.modules.semantic_id.tiger_generation_model][WARNING] - [rank: 0]   Hierarchy 2 shape: torch.Size([32, 6, 150])
[2025-10-29 16:43:08,118][src.models.modules.semantic_id.tiger_generation_model][WARNING] - [rank: 0]   Hierarchy 3 shape: torch.Size([32, 6, 150])
[2025-10-29 16:43:08,451][src.models.modules.semantic_id.tiger_generation_model][INFO] - [rank: 0] Saved decoder self-attention to ./attention_weights/decoder_self_attention_batch_205.pt
[2025-10-29 16:43:08,451][src.models.modules.semantic_id.tiger_generation_model][INFO] - [rank: 0] Saved encoder attention to ./attention_weights/encoder_attention_batch_205.pt
[2025-10-29 16:43:08,452][src.models.modules.semantic_id.tiger_generation_model][INFO] - [rank: 0] Saved cross attention to ./attention_weights/cross_attention_batch_205.pt
[2025-10-29 16:43:09,298][src.models.modules.semantic_id.tiger_generation_model][WARNING] - [rank: 0] Failed to stack cross attentions: stack expects each tensor to be equal size, but got [32, 6, 150] at entry 0 and [32, 6, 2, 150] at entry 1
[2025-10-29 16:43:09,299][src.models.modules.semantic_id.tiger_generation_model][WARNING] - [rank: 0]   Hierarchy 0 shape: torch.Size([32, 6, 150])
[2025-10-29 16:43:09,299][src.models.modules.semantic_id.tiger_generation_model][WARNING] - [rank: 0]   Hierarchy 1 shape: torch.Size([32, 6, 2, 150])
[2025-10-29 16:43:09,300][src.models.modules.semantic_id.tiger_generation_model][WARNING] - [rank: 0]   Hierarchy 2 shape: torch.Size([32, 6, 150])
[2025-10-29 16:43:09,300][src.models.modules.semantic_id.tiger_generation_model][WARNING] - [rank: 0]   Hierarchy 3 shape: torch.Size([32, 6, 150])
[2025-10-29 16:43:09,603][src.models.modules.semantic_id.tiger_generation_model][INFO] - [rank: 0] Saved decoder self-attention to ./attention_weights/decoder_self_attention_batch_206.pt
[2025-10-29 16:43:09,603][src.models.modules.semantic_id.tiger_generation_model][INFO] - [rank: 0] Saved encoder attention to ./attention_weights/encoder_attention_batch_206.pt
[2025-10-29 16:43:09,604][src.models.modules.semantic_id.tiger_generation_model][INFO] - [rank: 0] Saved cross attention to ./attention_weights/cross_attention_batch_206.pt
[2025-10-29 16:43:10,556][src.models.modules.semantic_id.tiger_generation_model][WARNING] - [rank: 0] Failed to stack cross attentions: stack expects each tensor to be equal size, but got [32, 6, 150] at entry 0 and [32, 6, 2, 150] at entry 1
[2025-10-29 16:43:10,556][src.models.modules.semantic_id.tiger_generation_model][WARNING] - [rank: 0]   Hierarchy 0 shape: torch.Size([32, 6, 150])
[2025-10-29 16:43:10,557][src.models.modules.semantic_id.tiger_generation_model][WARNING] - [rank: 0]   Hierarchy 1 shape: torch.Size([32, 6, 2, 150])
[2025-10-29 16:43:10,557][src.models.modules.semantic_id.tiger_generation_model][WARNING] - [rank: 0]   Hierarchy 2 shape: torch.Size([32, 6, 150])
[2025-10-29 16:43:10,557][src.models.modules.semantic_id.tiger_generation_model][WARNING] - [rank: 0]   Hierarchy 3 shape: torch.Size([32, 6, 150])
[2025-10-29 16:43:10,767][src.models.modules.semantic_id.tiger_generation_model][INFO] - [rank: 0] Saved decoder self-attention to ./attention_weights/decoder_self_attention_batch_207.pt
[2025-10-29 16:43:10,768][src.models.modules.semantic_id.tiger_generation_model][INFO] - [rank: 0] Saved encoder attention to ./attention_weights/encoder_attention_batch_207.pt
[2025-10-29 16:43:10,768][src.models.modules.semantic_id.tiger_generation_model][INFO] - [rank: 0] Saved cross attention to ./attention_weights/cross_attention_batch_207.pt
[2025-10-29 16:43:11,623][src.models.modules.semantic_id.tiger_generation_model][WARNING] - [rank: 0] Failed to stack cross attentions: stack expects each tensor to be equal size, but got [32, 6, 150] at entry 0 and [32, 6, 2, 150] at entry 1
[2025-10-29 16:43:11,624][src.models.modules.semantic_id.tiger_generation_model][WARNING] - [rank: 0]   Hierarchy 0 shape: torch.Size([32, 6, 150])
[2025-10-29 16:43:11,625][src.models.modules.semantic_id.tiger_generation_model][WARNING] - [rank: 0]   Hierarchy 1 shape: torch.Size([32, 6, 2, 150])
[2025-10-29 16:43:11,625][src.models.modules.semantic_id.tiger_generation_model][WARNING] - [rank: 0]   Hierarchy 2 shape: torch.Size([32, 6, 150])
[2025-10-29 16:43:11,625][src.models.modules.semantic_id.tiger_generation_model][WARNING] - [rank: 0]   Hierarchy 3 shape: torch.Size([32, 6, 150])
[2025-10-29 16:43:11,973][src.models.modules.semantic_id.tiger_generation_model][INFO] - [rank: 0] Saved decoder self-attention to ./attention_weights/decoder_self_attention_batch_208.pt
[2025-10-29 16:43:11,973][src.models.modules.semantic_id.tiger_generation_model][INFO] - [rank: 0] Saved encoder attention to ./attention_weights/encoder_attention_batch_208.pt
[2025-10-29 16:43:11,974][src.models.modules.semantic_id.tiger_generation_model][INFO] - [rank: 0] Saved cross attention to ./attention_weights/cross_attention_batch_208.pt
[2025-10-29 16:43:13,217][src.models.modules.semantic_id.tiger_generation_model][WARNING] - [rank: 0] Failed to stack cross attentions: stack expects each tensor to be equal size, but got [32, 6, 150] at entry 0 and [32, 6, 2, 150] at entry 1
[2025-10-29 16:43:13,218][src.models.modules.semantic_id.tiger_generation_model][WARNING] - [rank: 0]   Hierarchy 0 shape: torch.Size([32, 6, 150])
[2025-10-29 16:43:13,218][src.models.modules.semantic_id.tiger_generation_model][WARNING] - [rank: 0]   Hierarchy 1 shape: torch.Size([32, 6, 2, 150])
[2025-10-29 16:43:13,219][src.models.modules.semantic_id.tiger_generation_model][WARNING] - [rank: 0]   Hierarchy 2 shape: torch.Size([32, 6, 150])
[2025-10-29 16:43:13,219][src.models.modules.semantic_id.tiger_generation_model][WARNING] - [rank: 0]   Hierarchy 3 shape: torch.Size([32, 6, 150])
[2025-10-29 16:43:13,501][src.models.modules.semantic_id.tiger_generation_model][INFO] - [rank: 0] Saved decoder self-attention to ./attention_weights/decoder_self_attention_batch_209.pt
[2025-10-29 16:43:13,502][src.models.modules.semantic_id.tiger_generation_model][INFO] - [rank: 0] Saved encoder attention to ./attention_weights/encoder_attention_batch_209.pt
[2025-10-29 16:43:13,502][src.models.modules.semantic_id.tiger_generation_model][INFO] - [rank: 0] Saved cross attention to ./attention_weights/cross_attention_batch_209.pt
[2025-10-29 16:43:14,461][src.models.modules.semantic_id.tiger_generation_model][WARNING] - [rank: 0] Failed to stack cross attentions: stack expects each tensor to be equal size, but got [32, 6, 150] at entry 0 and [32, 6, 2, 150] at entry 1
[2025-10-29 16:43:14,462][src.models.modules.semantic_id.tiger_generation_model][WARNING] - [rank: 0]   Hierarchy 0 shape: torch.Size([32, 6, 150])
[2025-10-29 16:43:14,462][src.models.modules.semantic_id.tiger_generation_model][WARNING] - [rank: 0]   Hierarchy 1 shape: torch.Size([32, 6, 2, 150])
[2025-10-29 16:43:14,463][src.models.modules.semantic_id.tiger_generation_model][WARNING] - [rank: 0]   Hierarchy 2 shape: torch.Size([32, 6, 150])
[2025-10-29 16:43:14,463][src.models.modules.semantic_id.tiger_generation_model][WARNING] - [rank: 0]   Hierarchy 3 shape: torch.Size([32, 6, 150])
[2025-10-29 16:43:14,791][src.models.modules.semantic_id.tiger_generation_model][INFO] - [rank: 0] Saved decoder self-attention to ./attention_weights/decoder_self_attention_batch_210.pt
[2025-10-29 16:43:14,791][src.models.modules.semantic_id.tiger_generation_model][INFO] - [rank: 0] Saved encoder attention to ./attention_weights/encoder_attention_batch_210.pt
[2025-10-29 16:43:14,792][src.models.modules.semantic_id.tiger_generation_model][INFO] - [rank: 0] Saved cross attention to ./attention_weights/cross_attention_batch_210.pt
[2025-10-29 16:43:15,878][src.models.modules.semantic_id.tiger_generation_model][WARNING] - [rank: 0] Failed to stack cross attentions: stack expects each tensor to be equal size, but got [32, 6, 150] at entry 0 and [32, 6, 2, 150] at entry 1
[2025-10-29 16:43:15,879][src.models.modules.semantic_id.tiger_generation_model][WARNING] - [rank: 0]   Hierarchy 0 shape: torch.Size([32, 6, 150])
[2025-10-29 16:43:15,879][src.models.modules.semantic_id.tiger_generation_model][WARNING] - [rank: 0]   Hierarchy 1 shape: torch.Size([32, 6, 2, 150])
[2025-10-29 16:43:15,880][src.models.modules.semantic_id.tiger_generation_model][WARNING] - [rank: 0]   Hierarchy 2 shape: torch.Size([32, 6, 150])
[2025-10-29 16:43:15,880][src.models.modules.semantic_id.tiger_generation_model][WARNING] - [rank: 0]   Hierarchy 3 shape: torch.Size([32, 6, 150])
[2025-10-29 16:43:16,157][src.models.modules.semantic_id.tiger_generation_model][INFO] - [rank: 0] Saved decoder self-attention to ./attention_weights/decoder_self_attention_batch_211.pt
[2025-10-29 16:43:16,158][src.models.modules.semantic_id.tiger_generation_model][INFO] - [rank: 0] Saved encoder attention to ./attention_weights/encoder_attention_batch_211.pt
[2025-10-29 16:43:16,158][src.models.modules.semantic_id.tiger_generation_model][INFO] - [rank: 0] Saved cross attention to ./attention_weights/cross_attention_batch_211.pt
[2025-10-29 16:43:16,947][src.models.modules.semantic_id.tiger_generation_model][WARNING] - [rank: 0] Failed to stack cross attentions: stack expects each tensor to be equal size, but got [32, 6, 150] at entry 0 and [32, 6, 2, 150] at entry 1
[2025-10-29 16:43:16,948][src.models.modules.semantic_id.tiger_generation_model][WARNING] - [rank: 0]   Hierarchy 0 shape: torch.Size([32, 6, 150])
[2025-10-29 16:43:16,948][src.models.modules.semantic_id.tiger_generation_model][WARNING] - [rank: 0]   Hierarchy 1 shape: torch.Size([32, 6, 2, 150])
[2025-10-29 16:43:16,949][src.models.modules.semantic_id.tiger_generation_model][WARNING] - [rank: 0]   Hierarchy 2 shape: torch.Size([32, 6, 150])
[2025-10-29 16:43:16,949][src.models.modules.semantic_id.tiger_generation_model][WARNING] - [rank: 0]   Hierarchy 3 shape: torch.Size([32, 6, 150])
[2025-10-29 16:43:17,225][src.models.modules.semantic_id.tiger_generation_model][INFO] - [rank: 0] Saved decoder self-attention to ./attention_weights/decoder_self_attention_batch_212.pt
[2025-10-29 16:43:17,226][src.models.modules.semantic_id.tiger_generation_model][INFO] - [rank: 0] Saved encoder attention to ./attention_weights/encoder_attention_batch_212.pt
[2025-10-29 16:43:17,229][src.models.modules.semantic_id.tiger_generation_model][INFO] - [rank: 0] Saved cross attention to ./attention_weights/cross_attention_batch_212.pt
[2025-10-29 16:43:18,174][src.models.modules.semantic_id.tiger_generation_model][WARNING] - [rank: 0] Failed to stack cross attentions: stack expects each tensor to be equal size, but got [32, 6, 150] at entry 0 and [32, 6, 2, 150] at entry 1
[2025-10-29 16:43:18,175][src.models.modules.semantic_id.tiger_generation_model][WARNING] - [rank: 0]   Hierarchy 0 shape: torch.Size([32, 6, 150])
[2025-10-29 16:43:18,175][src.models.modules.semantic_id.tiger_generation_model][WARNING] - [rank: 0]   Hierarchy 1 shape: torch.Size([32, 6, 2, 150])
[2025-10-29 16:43:18,175][src.models.modules.semantic_id.tiger_generation_model][WARNING] - [rank: 0]   Hierarchy 2 shape: torch.Size([32, 6, 150])
[2025-10-29 16:43:18,175][src.models.modules.semantic_id.tiger_generation_model][WARNING] - [rank: 0]   Hierarchy 3 shape: torch.Size([32, 6, 150])
[2025-10-29 16:43:18,420][src.models.modules.semantic_id.tiger_generation_model][INFO] - [rank: 0] Saved decoder self-attention to ./attention_weights/decoder_self_attention_batch_213.pt
[2025-10-29 16:43:18,421][src.models.modules.semantic_id.tiger_generation_model][INFO] - [rank: 0] Saved encoder attention to ./attention_weights/encoder_attention_batch_213.pt
[2025-10-29 16:43:18,421][src.models.modules.semantic_id.tiger_generation_model][INFO] - [rank: 0] Saved cross attention to ./attention_weights/cross_attention_batch_213.pt
[2025-10-29 16:43:19,568][src.models.modules.semantic_id.tiger_generation_model][WARNING] - [rank: 0] Failed to stack cross attentions: stack expects each tensor to be equal size, but got [32, 6, 150] at entry 0 and [32, 6, 2, 150] at entry 1
[2025-10-29 16:43:19,569][src.models.modules.semantic_id.tiger_generation_model][WARNING] - [rank: 0]   Hierarchy 0 shape: torch.Size([32, 6, 150])
[2025-10-29 16:43:19,569][src.models.modules.semantic_id.tiger_generation_model][WARNING] - [rank: 0]   Hierarchy 1 shape: torch.Size([32, 6, 2, 150])
[2025-10-29 16:43:19,569][src.models.modules.semantic_id.tiger_generation_model][WARNING] - [rank: 0]   Hierarchy 2 shape: torch.Size([32, 6, 150])
[2025-10-29 16:43:19,570][src.models.modules.semantic_id.tiger_generation_model][WARNING] - [rank: 0]   Hierarchy 3 shape: torch.Size([32, 6, 150])
[2025-10-29 16:43:19,821][src.models.modules.semantic_id.tiger_generation_model][INFO] - [rank: 0] Saved decoder self-attention to ./attention_weights/decoder_self_attention_batch_214.pt
[2025-10-29 16:43:19,822][src.models.modules.semantic_id.tiger_generation_model][INFO] - [rank: 0] Saved encoder attention to ./attention_weights/encoder_attention_batch_214.pt
[2025-10-29 16:43:19,822][src.models.modules.semantic_id.tiger_generation_model][INFO] - [rank: 0] Saved cross attention to ./attention_weights/cross_attention_batch_214.pt
[2025-10-29 16:43:20,857][src.models.modules.semantic_id.tiger_generation_model][WARNING] - [rank: 0] Failed to stack cross attentions: stack expects each tensor to be equal size, but got [32, 6, 150] at entry 0 and [32, 6, 2, 150] at entry 1
[2025-10-29 16:43:20,858][src.models.modules.semantic_id.tiger_generation_model][WARNING] - [rank: 0]   Hierarchy 0 shape: torch.Size([32, 6, 150])
[2025-10-29 16:43:20,858][src.models.modules.semantic_id.tiger_generation_model][WARNING] - [rank: 0]   Hierarchy 1 shape: torch.Size([32, 6, 2, 150])
[2025-10-29 16:43:20,859][src.models.modules.semantic_id.tiger_generation_model][WARNING] - [rank: 0]   Hierarchy 2 shape: torch.Size([32, 6, 150])
[2025-10-29 16:43:20,859][src.models.modules.semantic_id.tiger_generation_model][WARNING] - [rank: 0]   Hierarchy 3 shape: torch.Size([32, 6, 150])
[2025-10-29 16:43:21,158][src.models.modules.semantic_id.tiger_generation_model][INFO] - [rank: 0] Saved decoder self-attention to ./attention_weights/decoder_self_attention_batch_215.pt
[2025-10-29 16:43:21,158][src.models.modules.semantic_id.tiger_generation_model][INFO] - [rank: 0] Saved encoder attention to ./attention_weights/encoder_attention_batch_215.pt
[2025-10-29 16:43:21,158][src.models.modules.semantic_id.tiger_generation_model][INFO] - [rank: 0] Saved cross attention to ./attention_weights/cross_attention_batch_215.pt
[2025-10-29 16:43:22,192][src.models.modules.semantic_id.tiger_generation_model][WARNING] - [rank: 0] Failed to stack cross attentions: stack expects each tensor to be equal size, but got [32, 6, 150] at entry 0 and [32, 6, 2, 150] at entry 1
[2025-10-29 16:43:22,193][src.models.modules.semantic_id.tiger_generation_model][WARNING] - [rank: 0]   Hierarchy 0 shape: torch.Size([32, 6, 150])
[2025-10-29 16:43:22,193][src.models.modules.semantic_id.tiger_generation_model][WARNING] - [rank: 0]   Hierarchy 1 shape: torch.Size([32, 6, 2, 150])
[2025-10-29 16:43:22,194][src.models.modules.semantic_id.tiger_generation_model][WARNING] - [rank: 0]   Hierarchy 2 shape: torch.Size([32, 6, 150])
[2025-10-29 16:43:22,194][src.models.modules.semantic_id.tiger_generation_model][WARNING] - [rank: 0]   Hierarchy 3 shape: torch.Size([32, 6, 150])
[2025-10-29 16:43:22,504][src.models.modules.semantic_id.tiger_generation_model][INFO] - [rank: 0] Saved decoder self-attention to ./attention_weights/decoder_self_attention_batch_216.pt
[2025-10-29 16:43:22,505][src.models.modules.semantic_id.tiger_generation_model][INFO] - [rank: 0] Saved encoder attention to ./attention_weights/encoder_attention_batch_216.pt
[2025-10-29 16:43:22,505][src.models.modules.semantic_id.tiger_generation_model][INFO] - [rank: 0] Saved cross attention to ./attention_weights/cross_attention_batch_216.pt
[2025-10-29 16:43:23,795][src.models.modules.semantic_id.tiger_generation_model][WARNING] - [rank: 0] Failed to stack cross attentions: stack expects each tensor to be equal size, but got [32, 6, 150] at entry 0 and [32, 6, 2, 150] at entry 1
[2025-10-29 16:43:23,795][src.models.modules.semantic_id.tiger_generation_model][WARNING] - [rank: 0]   Hierarchy 0 shape: torch.Size([32, 6, 150])
[2025-10-29 16:43:23,795][src.models.modules.semantic_id.tiger_generation_model][WARNING] - [rank: 0]   Hierarchy 1 shape: torch.Size([32, 6, 2, 150])
[2025-10-29 16:43:23,796][src.models.modules.semantic_id.tiger_generation_model][WARNING] - [rank: 0]   Hierarchy 2 shape: torch.Size([32, 6, 150])
[2025-10-29 16:43:23,796][src.models.modules.semantic_id.tiger_generation_model][WARNING] - [rank: 0]   Hierarchy 3 shape: torch.Size([32, 6, 150])
[2025-10-29 16:43:24,102][src.models.modules.semantic_id.tiger_generation_model][INFO] - [rank: 0] Saved decoder self-attention to ./attention_weights/decoder_self_attention_batch_217.pt
[2025-10-29 16:43:24,103][src.models.modules.semantic_id.tiger_generation_model][INFO] - [rank: 0] Saved encoder attention to ./attention_weights/encoder_attention_batch_217.pt
[2025-10-29 16:43:24,103][src.models.modules.semantic_id.tiger_generation_model][INFO] - [rank: 0] Saved cross attention to ./attention_weights/cross_attention_batch_217.pt
[2025-10-29 16:43:25,264][src.models.modules.semantic_id.tiger_generation_model][WARNING] - [rank: 0] Failed to stack cross attentions: stack expects each tensor to be equal size, but got [32, 6, 150] at entry 0 and [32, 6, 2, 150] at entry 1
[2025-10-29 16:43:25,265][src.models.modules.semantic_id.tiger_generation_model][WARNING] - [rank: 0]   Hierarchy 0 shape: torch.Size([32, 6, 150])
[2025-10-29 16:43:25,266][src.models.modules.semantic_id.tiger_generation_model][WARNING] - [rank: 0]   Hierarchy 1 shape: torch.Size([32, 6, 2, 150])
[2025-10-29 16:43:25,266][src.models.modules.semantic_id.tiger_generation_model][WARNING] - [rank: 0]   Hierarchy 2 shape: torch.Size([32, 6, 150])
[2025-10-29 16:43:25,267][src.models.modules.semantic_id.tiger_generation_model][WARNING] - [rank: 0]   Hierarchy 3 shape: torch.Size([32, 6, 150])
[2025-10-29 16:43:25,598][src.models.modules.semantic_id.tiger_generation_model][INFO] - [rank: 0] Saved decoder self-attention to ./attention_weights/decoder_self_attention_batch_218.pt
[2025-10-29 16:43:25,599][src.models.modules.semantic_id.tiger_generation_model][INFO] - [rank: 0] Saved encoder attention to ./attention_weights/encoder_attention_batch_218.pt
[2025-10-29 16:43:25,599][src.models.modules.semantic_id.tiger_generation_model][INFO] - [rank: 0] Saved cross attention to ./attention_weights/cross_attention_batch_218.pt
[2025-10-29 16:43:26,362][src.models.modules.semantic_id.tiger_generation_model][WARNING] - [rank: 0] Failed to stack cross attentions: stack expects each tensor to be equal size, but got [32, 6, 150] at entry 0 and [32, 6, 2, 150] at entry 1
[2025-10-29 16:43:26,364][src.models.modules.semantic_id.tiger_generation_model][WARNING] - [rank: 0]   Hierarchy 0 shape: torch.Size([32, 6, 150])
[2025-10-29 16:43:26,364][src.models.modules.semantic_id.tiger_generation_model][WARNING] - [rank: 0]   Hierarchy 1 shape: torch.Size([32, 6, 2, 150])
[2025-10-29 16:43:26,364][src.models.modules.semantic_id.tiger_generation_model][WARNING] - [rank: 0]   Hierarchy 2 shape: torch.Size([32, 6, 150])
[2025-10-29 16:43:26,365][src.models.modules.semantic_id.tiger_generation_model][WARNING] - [rank: 0]   Hierarchy 3 shape: torch.Size([32, 6, 150])
[2025-10-29 16:43:26,726][src.models.modules.semantic_id.tiger_generation_model][INFO] - [rank: 0] Saved decoder self-attention to ./attention_weights/decoder_self_attention_batch_219.pt
[2025-10-29 16:43:26,727][src.models.modules.semantic_id.tiger_generation_model][INFO] - [rank: 0] Saved encoder attention to ./attention_weights/encoder_attention_batch_219.pt
[2025-10-29 16:43:26,727][src.models.modules.semantic_id.tiger_generation_model][INFO] - [rank: 0] Saved cross attention to ./attention_weights/cross_attention_batch_219.pt
[2025-10-29 16:43:27,823][src.models.modules.semantic_id.tiger_generation_model][WARNING] - [rank: 0] Failed to stack cross attentions: stack expects each tensor to be equal size, but got [32, 6, 150] at entry 0 and [32, 6, 2, 150] at entry 1
[2025-10-29 16:43:27,823][src.models.modules.semantic_id.tiger_generation_model][WARNING] - [rank: 0]   Hierarchy 0 shape: torch.Size([32, 6, 150])
[2025-10-29 16:43:27,824][src.models.modules.semantic_id.tiger_generation_model][WARNING] - [rank: 0]   Hierarchy 1 shape: torch.Size([32, 6, 2, 150])
[2025-10-29 16:43:27,824][src.models.modules.semantic_id.tiger_generation_model][WARNING] - [rank: 0]   Hierarchy 2 shape: torch.Size([32, 6, 150])
[2025-10-29 16:43:27,824][src.models.modules.semantic_id.tiger_generation_model][WARNING] - [rank: 0]   Hierarchy 3 shape: torch.Size([32, 6, 150])
[2025-10-29 16:43:28,138][src.models.modules.semantic_id.tiger_generation_model][INFO] - [rank: 0] Saved decoder self-attention to ./attention_weights/decoder_self_attention_batch_220.pt
[2025-10-29 16:43:28,139][src.models.modules.semantic_id.tiger_generation_model][INFO] - [rank: 0] Saved encoder attention to ./attention_weights/encoder_attention_batch_220.pt
[2025-10-29 16:43:28,139][src.models.modules.semantic_id.tiger_generation_model][INFO] - [rank: 0] Saved cross attention to ./attention_weights/cross_attention_batch_220.pt
[2025-10-29 16:43:29,027][src.models.modules.semantic_id.tiger_generation_model][WARNING] - [rank: 0] Failed to stack cross attentions: stack expects each tensor to be equal size, but got [32, 6, 150] at entry 0 and [32, 6, 2, 150] at entry 1
[2025-10-29 16:43:29,028][src.models.modules.semantic_id.tiger_generation_model][WARNING] - [rank: 0]   Hierarchy 0 shape: torch.Size([32, 6, 150])
[2025-10-29 16:43:29,028][src.models.modules.semantic_id.tiger_generation_model][WARNING] - [rank: 0]   Hierarchy 1 shape: torch.Size([32, 6, 2, 150])
[2025-10-29 16:43:29,029][src.models.modules.semantic_id.tiger_generation_model][WARNING] - [rank: 0]   Hierarchy 2 shape: torch.Size([32, 6, 150])
[2025-10-29 16:43:29,029][src.models.modules.semantic_id.tiger_generation_model][WARNING] - [rank: 0]   Hierarchy 3 shape: torch.Size([32, 6, 150])
[2025-10-29 16:43:29,335][src.models.modules.semantic_id.tiger_generation_model][INFO] - [rank: 0] Saved decoder self-attention to ./attention_weights/decoder_self_attention_batch_221.pt
[2025-10-29 16:43:29,335][src.models.modules.semantic_id.tiger_generation_model][INFO] - [rank: 0] Saved encoder attention to ./attention_weights/encoder_attention_batch_221.pt
[2025-10-29 16:43:29,336][src.models.modules.semantic_id.tiger_generation_model][INFO] - [rank: 0] Saved cross attention to ./attention_weights/cross_attention_batch_221.pt
[2025-10-29 16:43:30,254][src.models.modules.semantic_id.tiger_generation_model][WARNING] - [rank: 0] Failed to stack cross attentions: stack expects each tensor to be equal size, but got [32, 6, 150] at entry 0 and [32, 6, 2, 150] at entry 1
[2025-10-29 16:43:30,255][src.models.modules.semantic_id.tiger_generation_model][WARNING] - [rank: 0]   Hierarchy 0 shape: torch.Size([32, 6, 150])
[2025-10-29 16:43:30,255][src.models.modules.semantic_id.tiger_generation_model][WARNING] - [rank: 0]   Hierarchy 1 shape: torch.Size([32, 6, 2, 150])
[2025-10-29 16:43:30,255][src.models.modules.semantic_id.tiger_generation_model][WARNING] - [rank: 0]   Hierarchy 2 shape: torch.Size([32, 6, 150])
[2025-10-29 16:43:30,256][src.models.modules.semantic_id.tiger_generation_model][WARNING] - [rank: 0]   Hierarchy 3 shape: torch.Size([32, 6, 150])
[2025-10-29 16:43:30,496][src.models.modules.semantic_id.tiger_generation_model][INFO] - [rank: 0] Saved decoder self-attention to ./attention_weights/decoder_self_attention_batch_222.pt
[2025-10-29 16:43:30,498][src.models.modules.semantic_id.tiger_generation_model][INFO] - [rank: 0] Saved encoder attention to ./attention_weights/encoder_attention_batch_222.pt
[2025-10-29 16:43:30,498][src.models.modules.semantic_id.tiger_generation_model][INFO] - [rank: 0] Saved cross attention to ./attention_weights/cross_attention_batch_222.pt
[2025-10-29 16:43:31,564][src.models.modules.semantic_id.tiger_generation_model][WARNING] - [rank: 0] Failed to stack cross attentions: stack expects each tensor to be equal size, but got [32, 6, 150] at entry 0 and [32, 6, 2, 150] at entry 1
[2025-10-29 16:43:31,565][src.models.modules.semantic_id.tiger_generation_model][WARNING] - [rank: 0]   Hierarchy 0 shape: torch.Size([32, 6, 150])
[2025-10-29 16:43:31,565][src.models.modules.semantic_id.tiger_generation_model][WARNING] - [rank: 0]   Hierarchy 1 shape: torch.Size([32, 6, 2, 150])
[2025-10-29 16:43:31,565][src.models.modules.semantic_id.tiger_generation_model][WARNING] - [rank: 0]   Hierarchy 2 shape: torch.Size([32, 6, 150])
[2025-10-29 16:43:31,566][src.models.modules.semantic_id.tiger_generation_model][WARNING] - [rank: 0]   Hierarchy 3 shape: torch.Size([32, 6, 150])
[2025-10-29 16:43:31,941][src.models.modules.semantic_id.tiger_generation_model][INFO] - [rank: 0] Saved decoder self-attention to ./attention_weights/decoder_self_attention_batch_223.pt
[2025-10-29 16:43:31,942][src.models.modules.semantic_id.tiger_generation_model][INFO] - [rank: 0] Saved encoder attention to ./attention_weights/encoder_attention_batch_223.pt
[2025-10-29 16:43:31,942][src.models.modules.semantic_id.tiger_generation_model][INFO] - [rank: 0] Saved cross attention to ./attention_weights/cross_attention_batch_223.pt
[2025-10-29 16:43:32,704][src.models.modules.semantic_id.tiger_generation_model][WARNING] - [rank: 0] Failed to stack cross attentions: stack expects each tensor to be equal size, but got [32, 6, 150] at entry 0 and [32, 6, 2, 150] at entry 1
[2025-10-29 16:43:32,704][src.models.modules.semantic_id.tiger_generation_model][WARNING] - [rank: 0]   Hierarchy 0 shape: torch.Size([32, 6, 150])
[2025-10-29 16:43:32,704][src.models.modules.semantic_id.tiger_generation_model][WARNING] - [rank: 0]   Hierarchy 1 shape: torch.Size([32, 6, 2, 150])
[2025-10-29 16:43:32,705][src.models.modules.semantic_id.tiger_generation_model][WARNING] - [rank: 0]   Hierarchy 2 shape: torch.Size([32, 6, 150])
[2025-10-29 16:43:32,705][src.models.modules.semantic_id.tiger_generation_model][WARNING] - [rank: 0]   Hierarchy 3 shape: torch.Size([32, 6, 150])
[2025-10-29 16:43:33,005][src.models.modules.semantic_id.tiger_generation_model][INFO] - [rank: 0] Saved decoder self-attention to ./attention_weights/decoder_self_attention_batch_224.pt
[2025-10-29 16:43:33,006][src.models.modules.semantic_id.tiger_generation_model][INFO] - [rank: 0] Saved encoder attention to ./attention_weights/encoder_attention_batch_224.pt
[2025-10-29 16:43:33,007][src.models.modules.semantic_id.tiger_generation_model][INFO] - [rank: 0] Saved cross attention to ./attention_weights/cross_attention_batch_224.pt
[2025-10-29 16:43:33,865][src.models.modules.semantic_id.tiger_generation_model][WARNING] - [rank: 0] Failed to stack cross attentions: stack expects each tensor to be equal size, but got [32, 6, 150] at entry 0 and [32, 6, 2, 150] at entry 1
[2025-10-29 16:43:33,866][src.models.modules.semantic_id.tiger_generation_model][WARNING] - [rank: 0]   Hierarchy 0 shape: torch.Size([32, 6, 150])
[2025-10-29 16:43:33,866][src.models.modules.semantic_id.tiger_generation_model][WARNING] - [rank: 0]   Hierarchy 1 shape: torch.Size([32, 6, 2, 150])
[2025-10-29 16:43:33,867][src.models.modules.semantic_id.tiger_generation_model][WARNING] - [rank: 0]   Hierarchy 2 shape: torch.Size([32, 6, 150])
[2025-10-29 16:43:33,867][src.models.modules.semantic_id.tiger_generation_model][WARNING] - [rank: 0]   Hierarchy 3 shape: torch.Size([32, 6, 150])
[2025-10-29 16:43:34,107][src.models.modules.semantic_id.tiger_generation_model][INFO] - [rank: 0] Saved decoder self-attention to ./attention_weights/decoder_self_attention_batch_225.pt
[2025-10-29 16:43:34,108][src.models.modules.semantic_id.tiger_generation_model][INFO] - [rank: 0] Saved encoder attention to ./attention_weights/encoder_attention_batch_225.pt
[2025-10-29 16:43:34,108][src.models.modules.semantic_id.tiger_generation_model][INFO] - [rank: 0] Saved cross attention to ./attention_weights/cross_attention_batch_225.pt
[2025-10-29 16:43:34,972][src.models.modules.semantic_id.tiger_generation_model][WARNING] - [rank: 0] Failed to stack cross attentions: stack expects each tensor to be equal size, but got [32, 6, 150] at entry 0 and [32, 6, 2, 150] at entry 1
[2025-10-29 16:43:34,973][src.models.modules.semantic_id.tiger_generation_model][WARNING] - [rank: 0]   Hierarchy 0 shape: torch.Size([32, 6, 150])
[2025-10-29 16:43:34,973][src.models.modules.semantic_id.tiger_generation_model][WARNING] - [rank: 0]   Hierarchy 1 shape: torch.Size([32, 6, 2, 150])
[2025-10-29 16:43:34,973][src.models.modules.semantic_id.tiger_generation_model][WARNING] - [rank: 0]   Hierarchy 2 shape: torch.Size([32, 6, 150])
[2025-10-29 16:43:34,973][src.models.modules.semantic_id.tiger_generation_model][WARNING] - [rank: 0]   Hierarchy 3 shape: torch.Size([32, 6, 150])
[2025-10-29 16:43:35,281][src.models.modules.semantic_id.tiger_generation_model][INFO] - [rank: 0] Saved decoder self-attention to ./attention_weights/decoder_self_attention_batch_226.pt
[2025-10-29 16:43:35,282][src.models.modules.semantic_id.tiger_generation_model][INFO] - [rank: 0] Saved encoder attention to ./attention_weights/encoder_attention_batch_226.pt
[2025-10-29 16:43:35,282][src.models.modules.semantic_id.tiger_generation_model][INFO] - [rank: 0] Saved cross attention to ./attention_weights/cross_attention_batch_226.pt
[2025-10-29 16:43:36,334][src.models.modules.semantic_id.tiger_generation_model][WARNING] - [rank: 0] Failed to stack cross attentions: stack expects each tensor to be equal size, but got [32, 6, 150] at entry 0 and [32, 6, 2, 150] at entry 1
[2025-10-29 16:43:36,335][src.models.modules.semantic_id.tiger_generation_model][WARNING] - [rank: 0]   Hierarchy 0 shape: torch.Size([32, 6, 150])
[2025-10-29 16:43:36,336][src.models.modules.semantic_id.tiger_generation_model][WARNING] - [rank: 0]   Hierarchy 1 shape: torch.Size([32, 6, 2, 150])
[2025-10-29 16:43:36,336][src.models.modules.semantic_id.tiger_generation_model][WARNING] - [rank: 0]   Hierarchy 2 shape: torch.Size([32, 6, 150])
[2025-10-29 16:43:36,336][src.models.modules.semantic_id.tiger_generation_model][WARNING] - [rank: 0]   Hierarchy 3 shape: torch.Size([32, 6, 150])
[2025-10-29 16:43:36,611][src.models.modules.semantic_id.tiger_generation_model][INFO] - [rank: 0] Saved decoder self-attention to ./attention_weights/decoder_self_attention_batch_227.pt
[2025-10-29 16:43:36,611][src.models.modules.semantic_id.tiger_generation_model][INFO] - [rank: 0] Saved encoder attention to ./attention_weights/encoder_attention_batch_227.pt
[2025-10-29 16:43:36,611][src.models.modules.semantic_id.tiger_generation_model][INFO] - [rank: 0] Saved cross attention to ./attention_weights/cross_attention_batch_227.pt
[2025-10-29 16:43:37,675][src.models.modules.semantic_id.tiger_generation_model][WARNING] - [rank: 0] Failed to stack cross attentions: stack expects each tensor to be equal size, but got [32, 6, 150] at entry 0 and [32, 6, 2, 150] at entry 1
[2025-10-29 16:43:37,676][src.models.modules.semantic_id.tiger_generation_model][WARNING] - [rank: 0]   Hierarchy 0 shape: torch.Size([32, 6, 150])
[2025-10-29 16:43:37,676][src.models.modules.semantic_id.tiger_generation_model][WARNING] - [rank: 0]   Hierarchy 1 shape: torch.Size([32, 6, 2, 150])
[2025-10-29 16:43:37,677][src.models.modules.semantic_id.tiger_generation_model][WARNING] - [rank: 0]   Hierarchy 2 shape: torch.Size([32, 6, 150])
[2025-10-29 16:43:37,677][src.models.modules.semantic_id.tiger_generation_model][WARNING] - [rank: 0]   Hierarchy 3 shape: torch.Size([32, 6, 150])
[2025-10-29 16:43:37,997][src.models.modules.semantic_id.tiger_generation_model][INFO] - [rank: 0] Saved decoder self-attention to ./attention_weights/decoder_self_attention_batch_228.pt
[2025-10-29 16:43:37,997][src.models.modules.semantic_id.tiger_generation_model][INFO] - [rank: 0] Saved encoder attention to ./attention_weights/encoder_attention_batch_228.pt
[2025-10-29 16:43:37,997][src.models.modules.semantic_id.tiger_generation_model][INFO] - [rank: 0] Saved cross attention to ./attention_weights/cross_attention_batch_228.pt
[2025-10-29 16:43:38,888][src.models.modules.semantic_id.tiger_generation_model][WARNING] - [rank: 0] Failed to stack cross attentions: stack expects each tensor to be equal size, but got [32, 6, 150] at entry 0 and [32, 6, 2, 150] at entry 1
[2025-10-29 16:43:38,889][src.models.modules.semantic_id.tiger_generation_model][WARNING] - [rank: 0]   Hierarchy 0 shape: torch.Size([32, 6, 150])
[2025-10-29 16:43:38,889][src.models.modules.semantic_id.tiger_generation_model][WARNING] - [rank: 0]   Hierarchy 1 shape: torch.Size([32, 6, 2, 150])
[2025-10-29 16:43:38,889][src.models.modules.semantic_id.tiger_generation_model][WARNING] - [rank: 0]   Hierarchy 2 shape: torch.Size([32, 6, 150])
[2025-10-29 16:43:38,889][src.models.modules.semantic_id.tiger_generation_model][WARNING] - [rank: 0]   Hierarchy 3 shape: torch.Size([32, 6, 150])
[2025-10-29 16:43:39,156][src.models.modules.semantic_id.tiger_generation_model][INFO] - [rank: 0] Saved decoder self-attention to ./attention_weights/decoder_self_attention_batch_229.pt
[2025-10-29 16:43:39,157][src.models.modules.semantic_id.tiger_generation_model][INFO] - [rank: 0] Saved encoder attention to ./attention_weights/encoder_attention_batch_229.pt
[2025-10-29 16:43:39,157][src.models.modules.semantic_id.tiger_generation_model][INFO] - [rank: 0] Saved cross attention to ./attention_weights/cross_attention_batch_229.pt
[2025-10-29 16:43:39,924][src.models.modules.semantic_id.tiger_generation_model][WARNING] - [rank: 0] Failed to stack cross attentions: stack expects each tensor to be equal size, but got [32, 6, 150] at entry 0 and [32, 6, 2, 150] at entry 1
[2025-10-29 16:43:39,925][src.models.modules.semantic_id.tiger_generation_model][WARNING] - [rank: 0]   Hierarchy 0 shape: torch.Size([32, 6, 150])
[2025-10-29 16:43:39,925][src.models.modules.semantic_id.tiger_generation_model][WARNING] - [rank: 0]   Hierarchy 1 shape: torch.Size([32, 6, 2, 150])
[2025-10-29 16:43:39,925][src.models.modules.semantic_id.tiger_generation_model][WARNING] - [rank: 0]   Hierarchy 2 shape: torch.Size([32, 6, 150])
[2025-10-29 16:43:39,925][src.models.modules.semantic_id.tiger_generation_model][WARNING] - [rank: 0]   Hierarchy 3 shape: torch.Size([32, 6, 150])
[2025-10-29 16:43:40,226][src.models.modules.semantic_id.tiger_generation_model][INFO] - [rank: 0] Saved decoder self-attention to ./attention_weights/decoder_self_attention_batch_230.pt
[2025-10-29 16:43:40,227][src.models.modules.semantic_id.tiger_generation_model][INFO] - [rank: 0] Saved encoder attention to ./attention_weights/encoder_attention_batch_230.pt
[2025-10-29 16:43:40,227][src.models.modules.semantic_id.tiger_generation_model][INFO] - [rank: 0] Saved cross attention to ./attention_weights/cross_attention_batch_230.pt
[2025-10-29 16:43:41,119][src.models.modules.semantic_id.tiger_generation_model][WARNING] - [rank: 0] Failed to stack cross attentions: stack expects each tensor to be equal size, but got [32, 6, 150] at entry 0 and [32, 6, 2, 150] at entry 1
[2025-10-29 16:43:41,120][src.models.modules.semantic_id.tiger_generation_model][WARNING] - [rank: 0]   Hierarchy 0 shape: torch.Size([32, 6, 150])
[2025-10-29 16:43:41,120][src.models.modules.semantic_id.tiger_generation_model][WARNING] - [rank: 0]   Hierarchy 1 shape: torch.Size([32, 6, 2, 150])
[2025-10-29 16:43:41,120][src.models.modules.semantic_id.tiger_generation_model][WARNING] - [rank: 0]   Hierarchy 2 shape: torch.Size([32, 6, 150])
[2025-10-29 16:43:41,120][src.models.modules.semantic_id.tiger_generation_model][WARNING] - [rank: 0]   Hierarchy 3 shape: torch.Size([32, 6, 150])
[2025-10-29 16:43:41,447][src.models.modules.semantic_id.tiger_generation_model][INFO] - [rank: 0] Saved decoder self-attention to ./attention_weights/decoder_self_attention_batch_231.pt
[2025-10-29 16:43:41,448][src.models.modules.semantic_id.tiger_generation_model][INFO] - [rank: 0] Saved encoder attention to ./attention_weights/encoder_attention_batch_231.pt
[2025-10-29 16:43:41,449][src.models.modules.semantic_id.tiger_generation_model][INFO] - [rank: 0] Saved cross attention to ./attention_weights/cross_attention_batch_231.pt
[2025-10-29 16:43:42,779][src.models.modules.semantic_id.tiger_generation_model][WARNING] - [rank: 0] Failed to stack cross attentions: stack expects each tensor to be equal size, but got [32, 6, 150] at entry 0 and [32, 6, 2, 150] at entry 1
[2025-10-29 16:43:42,780][src.models.modules.semantic_id.tiger_generation_model][WARNING] - [rank: 0]   Hierarchy 0 shape: torch.Size([32, 6, 150])
[2025-10-29 16:43:42,780][src.models.modules.semantic_id.tiger_generation_model][WARNING] - [rank: 0]   Hierarchy 1 shape: torch.Size([32, 6, 2, 150])
[2025-10-29 16:43:42,780][src.models.modules.semantic_id.tiger_generation_model][WARNING] - [rank: 0]   Hierarchy 2 shape: torch.Size([32, 6, 150])
[2025-10-29 16:43:42,781][src.models.modules.semantic_id.tiger_generation_model][WARNING] - [rank: 0]   Hierarchy 3 shape: torch.Size([32, 6, 150])
[2025-10-29 16:43:43,048][src.models.modules.semantic_id.tiger_generation_model][INFO] - [rank: 0] Saved decoder self-attention to ./attention_weights/decoder_self_attention_batch_232.pt
[2025-10-29 16:43:43,049][src.models.modules.semantic_id.tiger_generation_model][INFO] - [rank: 0] Saved encoder attention to ./attention_weights/encoder_attention_batch_232.pt
[2025-10-29 16:43:43,049][src.models.modules.semantic_id.tiger_generation_model][INFO] - [rank: 0] Saved cross attention to ./attention_weights/cross_attention_batch_232.pt
[2025-10-29 16:43:43,930][src.models.modules.semantic_id.tiger_generation_model][WARNING] - [rank: 0] Failed to stack cross attentions: stack expects each tensor to be equal size, but got [32, 6, 150] at entry 0 and [32, 6, 2, 150] at entry 1
[2025-10-29 16:43:43,930][src.models.modules.semantic_id.tiger_generation_model][WARNING] - [rank: 0]   Hierarchy 0 shape: torch.Size([32, 6, 150])
[2025-10-29 16:43:43,930][src.models.modules.semantic_id.tiger_generation_model][WARNING] - [rank: 0]   Hierarchy 1 shape: torch.Size([32, 6, 2, 150])
[2025-10-29 16:43:43,931][src.models.modules.semantic_id.tiger_generation_model][WARNING] - [rank: 0]   Hierarchy 2 shape: torch.Size([32, 6, 150])
[2025-10-29 16:43:43,931][src.models.modules.semantic_id.tiger_generation_model][WARNING] - [rank: 0]   Hierarchy 3 shape: torch.Size([32, 6, 150])
[2025-10-29 16:43:44,155][src.models.modules.semantic_id.tiger_generation_model][INFO] - [rank: 0] Saved decoder self-attention to ./attention_weights/decoder_self_attention_batch_233.pt
[2025-10-29 16:43:44,156][src.models.modules.semantic_id.tiger_generation_model][INFO] - [rank: 0] Saved encoder attention to ./attention_weights/encoder_attention_batch_233.pt
[2025-10-29 16:43:44,156][src.models.modules.semantic_id.tiger_generation_model][INFO] - [rank: 0] Saved cross attention to ./attention_weights/cross_attention_batch_233.pt
[2025-10-29 16:43:45,079][src.models.modules.semantic_id.tiger_generation_model][WARNING] - [rank: 0] Failed to stack cross attentions: stack expects each tensor to be equal size, but got [32, 6, 150] at entry 0 and [32, 6, 2, 150] at entry 1
[2025-10-29 16:43:45,080][src.models.modules.semantic_id.tiger_generation_model][WARNING] - [rank: 0]   Hierarchy 0 shape: torch.Size([32, 6, 150])
[2025-10-29 16:43:45,080][src.models.modules.semantic_id.tiger_generation_model][WARNING] - [rank: 0]   Hierarchy 1 shape: torch.Size([32, 6, 2, 150])
[2025-10-29 16:43:45,081][src.models.modules.semantic_id.tiger_generation_model][WARNING] - [rank: 0]   Hierarchy 2 shape: torch.Size([32, 6, 150])
[2025-10-29 16:43:45,081][src.models.modules.semantic_id.tiger_generation_model][WARNING] - [rank: 0]   Hierarchy 3 shape: torch.Size([32, 6, 150])
[2025-10-29 16:43:45,445][src.models.modules.semantic_id.tiger_generation_model][INFO] - [rank: 0] Saved decoder self-attention to ./attention_weights/decoder_self_attention_batch_234.pt
[2025-10-29 16:43:45,446][src.models.modules.semantic_id.tiger_generation_model][INFO] - [rank: 0] Saved encoder attention to ./attention_weights/encoder_attention_batch_234.pt
[2025-10-29 16:43:45,446][src.models.modules.semantic_id.tiger_generation_model][INFO] - [rank: 0] Saved cross attention to ./attention_weights/cross_attention_batch_234.pt
[2025-10-29 16:43:46,594][src.models.modules.semantic_id.tiger_generation_model][WARNING] - [rank: 0] Failed to stack cross attentions: stack expects each tensor to be equal size, but got [32, 6, 150] at entry 0 and [32, 6, 2, 150] at entry 1
[2025-10-29 16:43:46,595][src.models.modules.semantic_id.tiger_generation_model][WARNING] - [rank: 0]   Hierarchy 0 shape: torch.Size([32, 6, 150])
[2025-10-29 16:43:46,595][src.models.modules.semantic_id.tiger_generation_model][WARNING] - [rank: 0]   Hierarchy 1 shape: torch.Size([32, 6, 2, 150])
[2025-10-29 16:43:46,595][src.models.modules.semantic_id.tiger_generation_model][WARNING] - [rank: 0]   Hierarchy 2 shape: torch.Size([32, 6, 150])
[2025-10-29 16:43:46,596][src.models.modules.semantic_id.tiger_generation_model][WARNING] - [rank: 0]   Hierarchy 3 shape: torch.Size([32, 6, 150])
[2025-10-29 16:43:46,938][src.models.modules.semantic_id.tiger_generation_model][INFO] - [rank: 0] Saved decoder self-attention to ./attention_weights/decoder_self_attention_batch_235.pt
[2025-10-29 16:43:46,938][src.models.modules.semantic_id.tiger_generation_model][INFO] - [rank: 0] Saved encoder attention to ./attention_weights/encoder_attention_batch_235.pt
[2025-10-29 16:43:46,938][src.models.modules.semantic_id.tiger_generation_model][INFO] - [rank: 0] Saved cross attention to ./attention_weights/cross_attention_batch_235.pt
[2025-10-29 16:43:47,873][src.models.modules.semantic_id.tiger_generation_model][WARNING] - [rank: 0] Failed to stack cross attentions: stack expects each tensor to be equal size, but got [32, 6, 150] at entry 0 and [32, 6, 2, 150] at entry 1
[2025-10-29 16:43:47,874][src.models.modules.semantic_id.tiger_generation_model][WARNING] - [rank: 0]   Hierarchy 0 shape: torch.Size([32, 6, 150])
[2025-10-29 16:43:47,874][src.models.modules.semantic_id.tiger_generation_model][WARNING] - [rank: 0]   Hierarchy 1 shape: torch.Size([32, 6, 2, 150])
[2025-10-29 16:43:47,875][src.models.modules.semantic_id.tiger_generation_model][WARNING] - [rank: 0]   Hierarchy 2 shape: torch.Size([32, 6, 150])
[2025-10-29 16:43:47,875][src.models.modules.semantic_id.tiger_generation_model][WARNING] - [rank: 0]   Hierarchy 3 shape: torch.Size([32, 6, 150])
[2025-10-29 16:43:48,159][src.models.modules.semantic_id.tiger_generation_model][INFO] - [rank: 0] Saved decoder self-attention to ./attention_weights/decoder_self_attention_batch_236.pt
[2025-10-29 16:43:48,160][src.models.modules.semantic_id.tiger_generation_model][INFO] - [rank: 0] Saved encoder attention to ./attention_weights/encoder_attention_batch_236.pt
[2025-10-29 16:43:48,160][src.models.modules.semantic_id.tiger_generation_model][INFO] - [rank: 0] Saved cross attention to ./attention_weights/cross_attention_batch_236.pt
[2025-10-29 16:43:48,844][src.models.modules.semantic_id.tiger_generation_model][WARNING] - [rank: 0] Failed to stack cross attentions: stack expects each tensor to be equal size, but got [32, 6, 150] at entry 0 and [32, 6, 2, 150] at entry 1
[2025-10-29 16:43:48,845][src.models.modules.semantic_id.tiger_generation_model][WARNING] - [rank: 0]   Hierarchy 0 shape: torch.Size([32, 6, 150])
[2025-10-29 16:43:48,845][src.models.modules.semantic_id.tiger_generation_model][WARNING] - [rank: 0]   Hierarchy 1 shape: torch.Size([32, 6, 2, 150])
[2025-10-29 16:43:48,845][src.models.modules.semantic_id.tiger_generation_model][WARNING] - [rank: 0]   Hierarchy 2 shape: torch.Size([32, 6, 150])
[2025-10-29 16:43:48,846][src.models.modules.semantic_id.tiger_generation_model][WARNING] - [rank: 0]   Hierarchy 3 shape: torch.Size([32, 6, 150])
[2025-10-29 16:43:49,147][src.models.modules.semantic_id.tiger_generation_model][INFO] - [rank: 0] Saved decoder self-attention to ./attention_weights/decoder_self_attention_batch_237.pt
[2025-10-29 16:43:49,147][src.models.modules.semantic_id.tiger_generation_model][INFO] - [rank: 0] Saved encoder attention to ./attention_weights/encoder_attention_batch_237.pt
[2025-10-29 16:43:49,148][src.models.modules.semantic_id.tiger_generation_model][INFO] - [rank: 0] Saved cross attention to ./attention_weights/cross_attention_batch_237.pt
[2025-10-29 16:43:49,735][src.models.modules.semantic_id.tiger_generation_model][WARNING] - [rank: 0] Failed to stack cross attentions: stack expects each tensor to be equal size, but got [32, 6, 150] at entry 0 and [32, 6, 2, 150] at entry 1
[2025-10-29 16:43:49,736][src.models.modules.semantic_id.tiger_generation_model][WARNING] - [rank: 0]   Hierarchy 0 shape: torch.Size([32, 6, 150])
[2025-10-29 16:43:49,736][src.models.modules.semantic_id.tiger_generation_model][WARNING] - [rank: 0]   Hierarchy 1 shape: torch.Size([32, 6, 2, 150])
[2025-10-29 16:43:49,737][src.models.modules.semantic_id.tiger_generation_model][WARNING] - [rank: 0]   Hierarchy 2 shape: torch.Size([32, 6, 150])
[2025-10-29 16:43:49,737][src.models.modules.semantic_id.tiger_generation_model][WARNING] - [rank: 0]   Hierarchy 3 shape: torch.Size([32, 6, 150])
[2025-10-29 16:43:49,844][src.models.modules.semantic_id.tiger_generation_model][INFO] - [rank: 0] Saved decoder self-attention to ./attention_weights/decoder_self_attention_batch_238.pt
[2025-10-29 16:43:49,845][src.models.modules.semantic_id.tiger_generation_model][INFO] - [rank: 0] Saved encoder attention to ./attention_weights/encoder_attention_batch_238.pt
[2025-10-29 16:43:49,845][src.models.modules.semantic_id.tiger_generation_model][INFO] - [rank: 0] Saved cross attention to ./attention_weights/cross_attention_batch_238.pt
[2025-10-29 16:43:50,397][src.models.modules.semantic_id.tiger_generation_model][WARNING] - [rank: 0] Failed to stack cross attentions: stack expects each tensor to be equal size, but got [32, 6, 150] at entry 0 and [32, 6, 2, 150] at entry 1
[2025-10-29 16:43:50,398][src.models.modules.semantic_id.tiger_generation_model][WARNING] - [rank: 0]   Hierarchy 0 shape: torch.Size([32, 6, 150])
[2025-10-29 16:43:50,398][src.models.modules.semantic_id.tiger_generation_model][WARNING] - [rank: 0]   Hierarchy 1 shape: torch.Size([32, 6, 2, 150])
[2025-10-29 16:43:50,398][src.models.modules.semantic_id.tiger_generation_model][WARNING] - [rank: 0]   Hierarchy 2 shape: torch.Size([32, 6, 150])
[2025-10-29 16:43:50,399][src.models.modules.semantic_id.tiger_generation_model][WARNING] - [rank: 0]   Hierarchy 3 shape: torch.Size([32, 6, 150])
[2025-10-29 16:43:50,522][src.models.modules.semantic_id.tiger_generation_model][INFO] - [rank: 0] Saved decoder self-attention to ./attention_weights/decoder_self_attention_batch_239.pt
[2025-10-29 16:43:50,523][src.models.modules.semantic_id.tiger_generation_model][INFO] - [rank: 0] Saved encoder attention to ./attention_weights/encoder_attention_batch_239.pt
[2025-10-29 16:43:50,523][src.models.modules.semantic_id.tiger_generation_model][INFO] - [rank: 0] Saved cross attention to ./attention_weights/cross_attention_batch_239.pt
[2025-10-29 16:43:51,085][src.models.modules.semantic_id.tiger_generation_model][WARNING] - [rank: 0] Failed to stack cross attentions: stack expects each tensor to be equal size, but got [32, 6, 150] at entry 0 and [32, 6, 2, 150] at entry 1
[2025-10-29 16:43:51,086][src.models.modules.semantic_id.tiger_generation_model][WARNING] - [rank: 0]   Hierarchy 0 shape: torch.Size([32, 6, 150])
[2025-10-29 16:43:51,086][src.models.modules.semantic_id.tiger_generation_model][WARNING] - [rank: 0]   Hierarchy 1 shape: torch.Size([32, 6, 2, 150])
[2025-10-29 16:43:51,087][src.models.modules.semantic_id.tiger_generation_model][WARNING] - [rank: 0]   Hierarchy 2 shape: torch.Size([32, 6, 150])
[2025-10-29 16:43:51,087][src.models.modules.semantic_id.tiger_generation_model][WARNING] - [rank: 0]   Hierarchy 3 shape: torch.Size([32, 6, 150])
[2025-10-29 16:43:51,204][src.models.modules.semantic_id.tiger_generation_model][INFO] - [rank: 0] Saved decoder self-attention to ./attention_weights/decoder_self_attention_batch_240.pt
[2025-10-29 16:43:51,204][src.models.modules.semantic_id.tiger_generation_model][INFO] - [rank: 0] Saved encoder attention to ./attention_weights/encoder_attention_batch_240.pt
[2025-10-29 16:43:51,204][src.models.modules.semantic_id.tiger_generation_model][INFO] - [rank: 0] Saved cross attention to ./attention_weights/cross_attention_batch_240.pt
[2025-10-29 16:43:51,797][src.models.modules.semantic_id.tiger_generation_model][WARNING] - [rank: 0] Failed to stack cross attentions: stack expects each tensor to be equal size, but got [32, 6, 150] at entry 0 and [32, 6, 2, 150] at entry 1
[2025-10-29 16:43:51,797][src.models.modules.semantic_id.tiger_generation_model][WARNING] - [rank: 0]   Hierarchy 0 shape: torch.Size([32, 6, 150])
[2025-10-29 16:43:51,798][src.models.modules.semantic_id.tiger_generation_model][WARNING] - [rank: 0]   Hierarchy 1 shape: torch.Size([32, 6, 2, 150])
[2025-10-29 16:43:51,798][src.models.modules.semantic_id.tiger_generation_model][WARNING] - [rank: 0]   Hierarchy 2 shape: torch.Size([32, 6, 150])
[2025-10-29 16:43:51,798][src.models.modules.semantic_id.tiger_generation_model][WARNING] - [rank: 0]   Hierarchy 3 shape: torch.Size([32, 6, 150])
[2025-10-29 16:43:51,909][src.models.modules.semantic_id.tiger_generation_model][INFO] - [rank: 0] Saved decoder self-attention to ./attention_weights/decoder_self_attention_batch_241.pt
[2025-10-29 16:43:51,909][src.models.modules.semantic_id.tiger_generation_model][INFO] - [rank: 0] Saved encoder attention to ./attention_weights/encoder_attention_batch_241.pt
[2025-10-29 16:43:51,909][src.models.modules.semantic_id.tiger_generation_model][INFO] - [rank: 0] Saved cross attention to ./attention_weights/cross_attention_batch_241.pt
[2025-10-29 16:43:52,517][src.models.modules.semantic_id.tiger_generation_model][WARNING] - [rank: 0] Failed to stack cross attentions: stack expects each tensor to be equal size, but got [32, 6, 150] at entry 0 and [32, 6, 2, 150] at entry 1
[2025-10-29 16:43:52,519][src.models.modules.semantic_id.tiger_generation_model][WARNING] - [rank: 0]   Hierarchy 0 shape: torch.Size([32, 6, 150])
[2025-10-29 16:43:52,519][src.models.modules.semantic_id.tiger_generation_model][WARNING] - [rank: 0]   Hierarchy 1 shape: torch.Size([32, 6, 2, 150])
[2025-10-29 16:43:52,519][src.models.modules.semantic_id.tiger_generation_model][WARNING] - [rank: 0]   Hierarchy 2 shape: torch.Size([32, 6, 150])
[2025-10-29 16:43:52,519][src.models.modules.semantic_id.tiger_generation_model][WARNING] - [rank: 0]   Hierarchy 3 shape: torch.Size([32, 6, 150])
[2025-10-29 16:43:52,650][src.models.modules.semantic_id.tiger_generation_model][INFO] - [rank: 0] Saved decoder self-attention to ./attention_weights/decoder_self_attention_batch_242.pt
[2025-10-29 16:43:52,650][src.models.modules.semantic_id.tiger_generation_model][INFO] - [rank: 0] Saved encoder attention to ./attention_weights/encoder_attention_batch_242.pt
[2025-10-29 16:43:52,651][src.models.modules.semantic_id.tiger_generation_model][INFO] - [rank: 0] Saved cross attention to ./attention_weights/cross_attention_batch_242.pt
[2025-10-29 16:43:53,145][src.models.modules.semantic_id.tiger_generation_model][WARNING] - [rank: 0] Failed to stack cross attentions: stack expects each tensor to be equal size, but got [32, 6, 150] at entry 0 and [32, 6, 2, 150] at entry 1
[2025-10-29 16:43:53,146][src.models.modules.semantic_id.tiger_generation_model][WARNING] - [rank: 0]   Hierarchy 0 shape: torch.Size([32, 6, 150])
[2025-10-29 16:43:53,147][src.models.modules.semantic_id.tiger_generation_model][WARNING] - [rank: 0]   Hierarchy 1 shape: torch.Size([32, 6, 2, 150])
[2025-10-29 16:43:53,147][src.models.modules.semantic_id.tiger_generation_model][WARNING] - [rank: 0]   Hierarchy 2 shape: torch.Size([32, 6, 150])
[2025-10-29 16:43:53,148][src.models.modules.semantic_id.tiger_generation_model][WARNING] - [rank: 0]   Hierarchy 3 shape: torch.Size([32, 6, 150])
[2025-10-29 16:43:53,258][src.models.modules.semantic_id.tiger_generation_model][INFO] - [rank: 0] Saved decoder self-attention to ./attention_weights/decoder_self_attention_batch_243.pt
[2025-10-29 16:43:53,258][src.models.modules.semantic_id.tiger_generation_model][INFO] - [rank: 0] Saved encoder attention to ./attention_weights/encoder_attention_batch_243.pt
[2025-10-29 16:43:53,259][src.models.modules.semantic_id.tiger_generation_model][INFO] - [rank: 0] Saved cross attention to ./attention_weights/cross_attention_batch_243.pt
[2025-10-29 16:43:53,696][src.models.modules.semantic_id.tiger_generation_model][WARNING] - [rank: 0] Failed to stack cross attentions: stack expects each tensor to be equal size, but got [32, 6, 150] at entry 0 and [32, 6, 2, 150] at entry 1
[2025-10-29 16:43:53,696][src.models.modules.semantic_id.tiger_generation_model][WARNING] - [rank: 0]   Hierarchy 0 shape: torch.Size([32, 6, 150])
[2025-10-29 16:43:53,697][src.models.modules.semantic_id.tiger_generation_model][WARNING] - [rank: 0]   Hierarchy 1 shape: torch.Size([32, 6, 2, 150])
[2025-10-29 16:43:53,697][src.models.modules.semantic_id.tiger_generation_model][WARNING] - [rank: 0]   Hierarchy 2 shape: torch.Size([32, 6, 150])
[2025-10-29 16:43:53,697][src.models.modules.semantic_id.tiger_generation_model][WARNING] - [rank: 0]   Hierarchy 3 shape: torch.Size([32, 6, 150])
[2025-10-29 16:43:53,795][src.models.modules.semantic_id.tiger_generation_model][INFO] - [rank: 0] Saved decoder self-attention to ./attention_weights/decoder_self_attention_batch_244.pt
[2025-10-29 16:43:53,795][src.models.modules.semantic_id.tiger_generation_model][INFO] - [rank: 0] Saved encoder attention to ./attention_weights/encoder_attention_batch_244.pt
[2025-10-29 16:43:53,795][src.models.modules.semantic_id.tiger_generation_model][INFO] - [rank: 0] Saved cross attention to ./attention_weights/cross_attention_batch_244.pt
[2025-10-29 16:43:54,274][src.models.modules.semantic_id.tiger_generation_model][WARNING] - [rank: 0] Failed to stack cross attentions: stack expects each tensor to be equal size, but got [32, 6, 150] at entry 0 and [32, 6, 2, 150] at entry 1
[2025-10-29 16:43:54,274][src.models.modules.semantic_id.tiger_generation_model][WARNING] - [rank: 0]   Hierarchy 0 shape: torch.Size([32, 6, 150])
[2025-10-29 16:43:54,275][src.models.modules.semantic_id.tiger_generation_model][WARNING] - [rank: 0]   Hierarchy 1 shape: torch.Size([32, 6, 2, 150])
[2025-10-29 16:43:54,275][src.models.modules.semantic_id.tiger_generation_model][WARNING] - [rank: 0]   Hierarchy 2 shape: torch.Size([32, 6, 150])
[2025-10-29 16:43:54,275][src.models.modules.semantic_id.tiger_generation_model][WARNING] - [rank: 0]   Hierarchy 3 shape: torch.Size([32, 6, 150])
[2025-10-29 16:43:54,423][src.models.modules.semantic_id.tiger_generation_model][INFO] - [rank: 0] Saved decoder self-attention to ./attention_weights/decoder_self_attention_batch_245.pt
[2025-10-29 16:43:54,424][src.models.modules.semantic_id.tiger_generation_model][INFO] - [rank: 0] Saved encoder attention to ./attention_weights/encoder_attention_batch_245.pt
[2025-10-29 16:43:54,424][src.models.modules.semantic_id.tiger_generation_model][INFO] - [rank: 0] Saved cross attention to ./attention_weights/cross_attention_batch_245.pt
[2025-10-29 16:43:54,970][src.models.modules.semantic_id.tiger_generation_model][WARNING] - [rank: 0] Failed to stack cross attentions: stack expects each tensor to be equal size, but got [32, 6, 150] at entry 0 and [32, 6, 2, 150] at entry 1
[2025-10-29 16:43:54,970][src.models.modules.semantic_id.tiger_generation_model][WARNING] - [rank: 0]   Hierarchy 0 shape: torch.Size([32, 6, 150])
[2025-10-29 16:43:54,971][src.models.modules.semantic_id.tiger_generation_model][WARNING] - [rank: 0]   Hierarchy 1 shape: torch.Size([32, 6, 2, 150])
[2025-10-29 16:43:54,971][src.models.modules.semantic_id.tiger_generation_model][WARNING] - [rank: 0]   Hierarchy 2 shape: torch.Size([32, 6, 150])
[2025-10-29 16:43:54,971][src.models.modules.semantic_id.tiger_generation_model][WARNING] - [rank: 0]   Hierarchy 3 shape: torch.Size([32, 6, 150])
[2025-10-29 16:43:55,086][src.models.modules.semantic_id.tiger_generation_model][INFO] - [rank: 0] Saved decoder self-attention to ./attention_weights/decoder_self_attention_batch_246.pt
[2025-10-29 16:43:55,087][src.models.modules.semantic_id.tiger_generation_model][INFO] - [rank: 0] Saved encoder attention to ./attention_weights/encoder_attention_batch_246.pt
[2025-10-29 16:43:55,087][src.models.modules.semantic_id.tiger_generation_model][INFO] - [rank: 0] Saved cross attention to ./attention_weights/cross_attention_batch_246.pt
[2025-10-29 16:43:55,617][src.models.modules.semantic_id.tiger_generation_model][WARNING] - [rank: 0] Failed to stack cross attentions: stack expects each tensor to be equal size, but got [32, 6, 150] at entry 0 and [32, 6, 2, 150] at entry 1
[2025-10-29 16:43:55,617][src.models.modules.semantic_id.tiger_generation_model][WARNING] - [rank: 0]   Hierarchy 0 shape: torch.Size([32, 6, 150])
[2025-10-29 16:43:55,618][src.models.modules.semantic_id.tiger_generation_model][WARNING] - [rank: 0]   Hierarchy 1 shape: torch.Size([32, 6, 2, 150])
[2025-10-29 16:43:55,618][src.models.modules.semantic_id.tiger_generation_model][WARNING] - [rank: 0]   Hierarchy 2 shape: torch.Size([32, 6, 150])
[2025-10-29 16:43:55,618][src.models.modules.semantic_id.tiger_generation_model][WARNING] - [rank: 0]   Hierarchy 3 shape: torch.Size([32, 6, 150])
[2025-10-29 16:43:55,755][src.models.modules.semantic_id.tiger_generation_model][INFO] - [rank: 0] Saved decoder self-attention to ./attention_weights/decoder_self_attention_batch_247.pt
[2025-10-29 16:43:55,755][src.models.modules.semantic_id.tiger_generation_model][INFO] - [rank: 0] Saved encoder attention to ./attention_weights/encoder_attention_batch_247.pt
[2025-10-29 16:43:55,756][src.models.modules.semantic_id.tiger_generation_model][INFO] - [rank: 0] Saved cross attention to ./attention_weights/cross_attention_batch_247.pt
[2025-10-29 16:43:56,318][src.models.modules.semantic_id.tiger_generation_model][WARNING] - [rank: 0] Failed to stack cross attentions: stack expects each tensor to be equal size, but got [32, 6, 150] at entry 0 and [32, 6, 2, 150] at entry 1
[2025-10-29 16:43:56,319][src.models.modules.semantic_id.tiger_generation_model][WARNING] - [rank: 0]   Hierarchy 0 shape: torch.Size([32, 6, 150])
[2025-10-29 16:43:56,320][src.models.modules.semantic_id.tiger_generation_model][WARNING] - [rank: 0]   Hierarchy 1 shape: torch.Size([32, 6, 2, 150])
[2025-10-29 16:43:56,320][src.models.modules.semantic_id.tiger_generation_model][WARNING] - [rank: 0]   Hierarchy 2 shape: torch.Size([32, 6, 150])
[2025-10-29 16:43:56,320][src.models.modules.semantic_id.tiger_generation_model][WARNING] - [rank: 0]   Hierarchy 3 shape: torch.Size([32, 6, 150])
[2025-10-29 16:43:56,430][src.models.modules.semantic_id.tiger_generation_model][INFO] - [rank: 0] Saved decoder self-attention to ./attention_weights/decoder_self_attention_batch_248.pt
[2025-10-29 16:43:56,430][src.models.modules.semantic_id.tiger_generation_model][INFO] - [rank: 0] Saved encoder attention to ./attention_weights/encoder_attention_batch_248.pt
[2025-10-29 16:43:56,431][src.models.modules.semantic_id.tiger_generation_model][INFO] - [rank: 0] Saved cross attention to ./attention_weights/cross_attention_batch_248.pt
[2025-10-29 16:43:56,954][src.models.modules.semantic_id.tiger_generation_model][WARNING] - [rank: 0] Failed to stack cross attentions: stack expects each tensor to be equal size, but got [32, 6, 150] at entry 0 and [32, 6, 2, 150] at entry 1
[2025-10-29 16:43:56,955][src.models.modules.semantic_id.tiger_generation_model][WARNING] - [rank: 0]   Hierarchy 0 shape: torch.Size([32, 6, 150])
[2025-10-29 16:43:56,955][src.models.modules.semantic_id.tiger_generation_model][WARNING] - [rank: 0]   Hierarchy 1 shape: torch.Size([32, 6, 2, 150])
[2025-10-29 16:43:56,955][src.models.modules.semantic_id.tiger_generation_model][WARNING] - [rank: 0]   Hierarchy 2 shape: torch.Size([32, 6, 150])
[2025-10-29 16:43:56,956][src.models.modules.semantic_id.tiger_generation_model][WARNING] - [rank: 0]   Hierarchy 3 shape: torch.Size([32, 6, 150])
[2025-10-29 16:43:57,092][src.models.modules.semantic_id.tiger_generation_model][INFO] - [rank: 0] Saved decoder self-attention to ./attention_weights/decoder_self_attention_batch_249.pt
[2025-10-29 16:43:57,092][src.models.modules.semantic_id.tiger_generation_model][INFO] - [rank: 0] Saved encoder attention to ./attention_weights/encoder_attention_batch_249.pt
[2025-10-29 16:43:57,093][src.models.modules.semantic_id.tiger_generation_model][INFO] - [rank: 0] Saved cross attention to ./attention_weights/cross_attention_batch_249.pt
[2025-10-29 16:43:57,610][src.models.modules.semantic_id.tiger_generation_model][WARNING] - [rank: 0] Failed to stack cross attentions: stack expects each tensor to be equal size, but got [32, 6, 150] at entry 0 and [32, 6, 2, 150] at entry 1
[2025-10-29 16:43:57,611][src.models.modules.semantic_id.tiger_generation_model][WARNING] - [rank: 0]   Hierarchy 0 shape: torch.Size([32, 6, 150])
[2025-10-29 16:43:57,612][src.models.modules.semantic_id.tiger_generation_model][WARNING] - [rank: 0]   Hierarchy 1 shape: torch.Size([32, 6, 2, 150])
[2025-10-29 16:43:57,612][src.models.modules.semantic_id.tiger_generation_model][WARNING] - [rank: 0]   Hierarchy 2 shape: torch.Size([32, 6, 150])
[2025-10-29 16:43:57,612][src.models.modules.semantic_id.tiger_generation_model][WARNING] - [rank: 0]   Hierarchy 3 shape: torch.Size([32, 6, 150])
[2025-10-29 16:43:57,742][src.models.modules.semantic_id.tiger_generation_model][INFO] - [rank: 0] Saved decoder self-attention to ./attention_weights/decoder_self_attention_batch_250.pt
[2025-10-29 16:43:57,743][src.models.modules.semantic_id.tiger_generation_model][INFO] - [rank: 0] Saved encoder attention to ./attention_weights/encoder_attention_batch_250.pt
[2025-10-29 16:43:57,743][src.models.modules.semantic_id.tiger_generation_model][INFO] - [rank: 0] Saved cross attention to ./attention_weights/cross_attention_batch_250.pt
[2025-10-29 16:43:58,282][src.models.modules.semantic_id.tiger_generation_model][WARNING] - [rank: 0] Failed to stack cross attentions: stack expects each tensor to be equal size, but got [32, 6, 150] at entry 0 and [32, 6, 2, 150] at entry 1
[2025-10-29 16:43:58,282][src.models.modules.semantic_id.tiger_generation_model][WARNING] - [rank: 0]   Hierarchy 0 shape: torch.Size([32, 6, 150])
[2025-10-29 16:43:58,283][src.models.modules.semantic_id.tiger_generation_model][WARNING] - [rank: 0]   Hierarchy 1 shape: torch.Size([32, 6, 2, 150])
[2025-10-29 16:43:58,283][src.models.modules.semantic_id.tiger_generation_model][WARNING] - [rank: 0]   Hierarchy 2 shape: torch.Size([32, 6, 150])
[2025-10-29 16:43:58,284][src.models.modules.semantic_id.tiger_generation_model][WARNING] - [rank: 0]   Hierarchy 3 shape: torch.Size([32, 6, 150])
[2025-10-29 16:43:58,399][src.models.modules.semantic_id.tiger_generation_model][INFO] - [rank: 0] Saved decoder self-attention to ./attention_weights/decoder_self_attention_batch_251.pt
[2025-10-29 16:43:58,400][src.models.modules.semantic_id.tiger_generation_model][INFO] - [rank: 0] Saved encoder attention to ./attention_weights/encoder_attention_batch_251.pt
[2025-10-29 16:43:58,400][src.models.modules.semantic_id.tiger_generation_model][INFO] - [rank: 0] Saved cross attention to ./attention_weights/cross_attention_batch_251.pt
[2025-10-29 16:43:58,888][src.models.modules.semantic_id.tiger_generation_model][WARNING] - [rank: 0] Failed to stack cross attentions: stack expects each tensor to be equal size, but got [32, 6, 150] at entry 0 and [32, 6, 2, 150] at entry 1
[2025-10-29 16:43:58,890][src.models.modules.semantic_id.tiger_generation_model][WARNING] - [rank: 0]   Hierarchy 0 shape: torch.Size([32, 6, 150])
[2025-10-29 16:43:58,890][src.models.modules.semantic_id.tiger_generation_model][WARNING] - [rank: 0]   Hierarchy 1 shape: torch.Size([32, 6, 2, 150])
[2025-10-29 16:43:58,890][src.models.modules.semantic_id.tiger_generation_model][WARNING] - [rank: 0]   Hierarchy 2 shape: torch.Size([32, 6, 150])
[2025-10-29 16:43:58,891][src.models.modules.semantic_id.tiger_generation_model][WARNING] - [rank: 0]   Hierarchy 3 shape: torch.Size([32, 6, 150])
[2025-10-29 16:43:59,022][src.models.modules.semantic_id.tiger_generation_model][INFO] - [rank: 0] Saved decoder self-attention to ./attention_weights/decoder_self_attention_batch_252.pt
[2025-10-29 16:43:59,023][src.models.modules.semantic_id.tiger_generation_model][INFO] - [rank: 0] Saved encoder attention to ./attention_weights/encoder_attention_batch_252.pt
[2025-10-29 16:43:59,023][src.models.modules.semantic_id.tiger_generation_model][INFO] - [rank: 0] Saved cross attention to ./attention_weights/cross_attention_batch_252.pt
[2025-10-29 16:43:59,521][src.models.modules.semantic_id.tiger_generation_model][WARNING] - [rank: 0] Failed to stack cross attentions: stack expects each tensor to be equal size, but got [32, 6, 150] at entry 0 and [32, 6, 2, 150] at entry 1
[2025-10-29 16:43:59,522][src.models.modules.semantic_id.tiger_generation_model][WARNING] - [rank: 0]   Hierarchy 0 shape: torch.Size([32, 6, 150])
[2025-10-29 16:43:59,522][src.models.modules.semantic_id.tiger_generation_model][WARNING] - [rank: 0]   Hierarchy 1 shape: torch.Size([32, 6, 2, 150])
[2025-10-29 16:43:59,522][src.models.modules.semantic_id.tiger_generation_model][WARNING] - [rank: 0]   Hierarchy 2 shape: torch.Size([32, 6, 150])
[2025-10-29 16:43:59,523][src.models.modules.semantic_id.tiger_generation_model][WARNING] - [rank: 0]   Hierarchy 3 shape: torch.Size([32, 6, 150])
[2025-10-29 16:43:59,631][src.models.modules.semantic_id.tiger_generation_model][INFO] - [rank: 0] Saved decoder self-attention to ./attention_weights/decoder_self_attention_batch_253.pt
[2025-10-29 16:43:59,631][src.models.modules.semantic_id.tiger_generation_model][INFO] - [rank: 0] Saved encoder attention to ./attention_weights/encoder_attention_batch_253.pt
[2025-10-29 16:43:59,631][src.models.modules.semantic_id.tiger_generation_model][INFO] - [rank: 0] Saved cross attention to ./attention_weights/cross_attention_batch_253.pt
[2025-10-29 16:44:00,256][src.models.modules.semantic_id.tiger_generation_model][WARNING] - [rank: 0] Failed to stack cross attentions: stack expects each tensor to be equal size, but got [32, 6, 150] at entry 0 and [32, 6, 2, 150] at entry 1
[2025-10-29 16:44:00,257][src.models.modules.semantic_id.tiger_generation_model][WARNING] - [rank: 0]   Hierarchy 0 shape: torch.Size([32, 6, 150])
[2025-10-29 16:44:00,258][src.models.modules.semantic_id.tiger_generation_model][WARNING] - [rank: 0]   Hierarchy 1 shape: torch.Size([32, 6, 2, 150])
[2025-10-29 16:44:00,258][src.models.modules.semantic_id.tiger_generation_model][WARNING] - [rank: 0]   Hierarchy 2 shape: torch.Size([32, 6, 150])
[2025-10-29 16:44:00,258][src.models.modules.semantic_id.tiger_generation_model][WARNING] - [rank: 0]   Hierarchy 3 shape: torch.Size([32, 6, 150])
[2025-10-29 16:44:00,397][src.models.modules.semantic_id.tiger_generation_model][INFO] - [rank: 0] Saved decoder self-attention to ./attention_weights/decoder_self_attention_batch_254.pt
[2025-10-29 16:44:00,398][src.models.modules.semantic_id.tiger_generation_model][INFO] - [rank: 0] Saved encoder attention to ./attention_weights/encoder_attention_batch_254.pt
[2025-10-29 16:44:00,398][src.models.modules.semantic_id.tiger_generation_model][INFO] - [rank: 0] Saved cross attention to ./attention_weights/cross_attention_batch_254.pt
[2025-10-29 16:44:00,911][src.models.modules.semantic_id.tiger_generation_model][WARNING] - [rank: 0] Failed to stack cross attentions: stack expects each tensor to be equal size, but got [32, 6, 150] at entry 0 and [32, 6, 2, 150] at entry 1
[2025-10-29 16:44:00,912][src.models.modules.semantic_id.tiger_generation_model][WARNING] - [rank: 0]   Hierarchy 0 shape: torch.Size([32, 6, 150])
[2025-10-29 16:44:00,912][src.models.modules.semantic_id.tiger_generation_model][WARNING] - [rank: 0]   Hierarchy 1 shape: torch.Size([32, 6, 2, 150])
[2025-10-29 16:44:00,913][src.models.modules.semantic_id.tiger_generation_model][WARNING] - [rank: 0]   Hierarchy 2 shape: torch.Size([32, 6, 150])
[2025-10-29 16:44:00,913][src.models.modules.semantic_id.tiger_generation_model][WARNING] - [rank: 0]   Hierarchy 3 shape: torch.Size([32, 6, 150])
[2025-10-29 16:44:01,020][src.models.modules.semantic_id.tiger_generation_model][INFO] - [rank: 0] Saved decoder self-attention to ./attention_weights/decoder_self_attention_batch_255.pt
[2025-10-29 16:44:01,021][src.models.modules.semantic_id.tiger_generation_model][INFO] - [rank: 0] Saved encoder attention to ./attention_weights/encoder_attention_batch_255.pt
[2025-10-29 16:44:01,021][src.models.modules.semantic_id.tiger_generation_model][INFO] - [rank: 0] Saved cross attention to ./attention_weights/cross_attention_batch_255.pt
[2025-10-29 16:44:01,322][src.models.modules.semantic_id.tiger_generation_model][WARNING] - [rank: 0] Failed to stack cross attentions: stack expects each tensor to be equal size, but got [32, 6, 150] at entry 0 and [32, 6, 2, 150] at entry 1
[2025-10-29 16:44:01,323][src.models.modules.semantic_id.tiger_generation_model][WARNING] - [rank: 0]   Hierarchy 0 shape: torch.Size([32, 6, 150])
[2025-10-29 16:44:01,323][src.models.modules.semantic_id.tiger_generation_model][WARNING] - [rank: 0]   Hierarchy 1 shape: torch.Size([32, 6, 2, 150])
[2025-10-29 16:44:01,323][src.models.modules.semantic_id.tiger_generation_model][WARNING] - [rank: 0]   Hierarchy 2 shape: torch.Size([32, 6, 150])
[2025-10-29 16:44:01,323][src.models.modules.semantic_id.tiger_generation_model][WARNING] - [rank: 0]   Hierarchy 3 shape: torch.Size([32, 6, 150])
[2025-10-29 16:44:01,424][src.models.modules.semantic_id.tiger_generation_model][INFO] - [rank: 0] Saved decoder self-attention to ./attention_weights/decoder_self_attention_batch_256.pt
[2025-10-29 16:44:01,425][src.models.modules.semantic_id.tiger_generation_model][INFO] - [rank: 0] Saved encoder attention to ./attention_weights/encoder_attention_batch_256.pt
[2025-10-29 16:44:01,425][src.models.modules.semantic_id.tiger_generation_model][INFO] - [rank: 0] Saved cross attention to ./attention_weights/cross_attention_batch_256.pt
[2025-10-29 16:44:01,928][src.models.modules.semantic_id.tiger_generation_model][WARNING] - [rank: 0] Failed to stack cross attentions: stack expects each tensor to be equal size, but got [32, 6, 150] at entry 0 and [32, 6, 2, 150] at entry 1
[2025-10-29 16:44:01,929][src.models.modules.semantic_id.tiger_generation_model][WARNING] - [rank: 0]   Hierarchy 0 shape: torch.Size([32, 6, 150])
[2025-10-29 16:44:01,930][src.models.modules.semantic_id.tiger_generation_model][WARNING] - [rank: 0]   Hierarchy 1 shape: torch.Size([32, 6, 2, 150])
[2025-10-29 16:44:01,930][src.models.modules.semantic_id.tiger_generation_model][WARNING] - [rank: 0]   Hierarchy 2 shape: torch.Size([32, 6, 150])
[2025-10-29 16:44:01,930][src.models.modules.semantic_id.tiger_generation_model][WARNING] - [rank: 0]   Hierarchy 3 shape: torch.Size([32, 6, 150])
[2025-10-29 16:44:02,038][src.models.modules.semantic_id.tiger_generation_model][INFO] - [rank: 0] Saved decoder self-attention to ./attention_weights/decoder_self_attention_batch_257.pt
[2025-10-29 16:44:02,039][src.models.modules.semantic_id.tiger_generation_model][INFO] - [rank: 0] Saved encoder attention to ./attention_weights/encoder_attention_batch_257.pt
[2025-10-29 16:44:02,039][src.models.modules.semantic_id.tiger_generation_model][INFO] - [rank: 0] Saved cross attention to ./attention_weights/cross_attention_batch_257.pt
[2025-10-29 16:44:02,686][src.models.modules.semantic_id.tiger_generation_model][WARNING] - [rank: 0] Failed to stack cross attentions: stack expects each tensor to be equal size, but got [32, 6, 150] at entry 0 and [32, 6, 2, 150] at entry 1
[2025-10-29 16:44:02,687][src.models.modules.semantic_id.tiger_generation_model][WARNING] - [rank: 0]   Hierarchy 0 shape: torch.Size([32, 6, 150])
[2025-10-29 16:44:02,688][src.models.modules.semantic_id.tiger_generation_model][WARNING] - [rank: 0]   Hierarchy 1 shape: torch.Size([32, 6, 2, 150])
[2025-10-29 16:44:02,688][src.models.modules.semantic_id.tiger_generation_model][WARNING] - [rank: 0]   Hierarchy 2 shape: torch.Size([32, 6, 150])
[2025-10-29 16:44:02,688][src.models.modules.semantic_id.tiger_generation_model][WARNING] - [rank: 0]   Hierarchy 3 shape: torch.Size([32, 6, 150])
[2025-10-29 16:44:02,820][src.models.modules.semantic_id.tiger_generation_model][INFO] - [rank: 0] Saved decoder self-attention to ./attention_weights/decoder_self_attention_batch_258.pt
[2025-10-29 16:44:02,820][src.models.modules.semantic_id.tiger_generation_model][INFO] - [rank: 0] Saved encoder attention to ./attention_weights/encoder_attention_batch_258.pt
[2025-10-29 16:44:02,821][src.models.modules.semantic_id.tiger_generation_model][INFO] - [rank: 0] Saved cross attention to ./attention_weights/cross_attention_batch_258.pt
[2025-10-29 16:44:03,287][src.models.modules.semantic_id.tiger_generation_model][WARNING] - [rank: 0] Failed to stack cross attentions: stack expects each tensor to be equal size, but got [32, 6, 150] at entry 0 and [32, 6, 2, 150] at entry 1
[2025-10-29 16:44:03,288][src.models.modules.semantic_id.tiger_generation_model][WARNING] - [rank: 0]   Hierarchy 0 shape: torch.Size([32, 6, 150])
[2025-10-29 16:44:03,288][src.models.modules.semantic_id.tiger_generation_model][WARNING] - [rank: 0]   Hierarchy 1 shape: torch.Size([32, 6, 2, 150])
[2025-10-29 16:44:03,288][src.models.modules.semantic_id.tiger_generation_model][WARNING] - [rank: 0]   Hierarchy 2 shape: torch.Size([32, 6, 150])
[2025-10-29 16:44:03,288][src.models.modules.semantic_id.tiger_generation_model][WARNING] - [rank: 0]   Hierarchy 3 shape: torch.Size([32, 6, 150])
[2025-10-29 16:44:03,397][src.models.modules.semantic_id.tiger_generation_model][INFO] - [rank: 0] Saved decoder self-attention to ./attention_weights/decoder_self_attention_batch_259.pt
[2025-10-29 16:44:03,398][src.models.modules.semantic_id.tiger_generation_model][INFO] - [rank: 0] Saved encoder attention to ./attention_weights/encoder_attention_batch_259.pt
[2025-10-29 16:44:03,398][src.models.modules.semantic_id.tiger_generation_model][INFO] - [rank: 0] Saved cross attention to ./attention_weights/cross_attention_batch_259.pt
[2025-10-29 16:44:03,969][src.models.modules.semantic_id.tiger_generation_model][WARNING] - [rank: 0] Failed to stack cross attentions: stack expects each tensor to be equal size, but got [32, 6, 150] at entry 0 and [32, 6, 2, 150] at entry 1
[2025-10-29 16:44:03,971][src.models.modules.semantic_id.tiger_generation_model][WARNING] - [rank: 0]   Hierarchy 0 shape: torch.Size([32, 6, 150])
[2025-10-29 16:44:03,972][src.models.modules.semantic_id.tiger_generation_model][WARNING] - [rank: 0]   Hierarchy 1 shape: torch.Size([32, 6, 2, 150])
[2025-10-29 16:44:03,972][src.models.modules.semantic_id.tiger_generation_model][WARNING] - [rank: 0]   Hierarchy 2 shape: torch.Size([32, 6, 150])
[2025-10-29 16:44:03,973][src.models.modules.semantic_id.tiger_generation_model][WARNING] - [rank: 0]   Hierarchy 3 shape: torch.Size([32, 6, 150])
[2025-10-29 16:44:04,102][src.models.modules.semantic_id.tiger_generation_model][INFO] - [rank: 0] Saved decoder self-attention to ./attention_weights/decoder_self_attention_batch_260.pt
[2025-10-29 16:44:04,103][src.models.modules.semantic_id.tiger_generation_model][INFO] - [rank: 0] Saved encoder attention to ./attention_weights/encoder_attention_batch_260.pt
[2025-10-29 16:44:04,103][src.models.modules.semantic_id.tiger_generation_model][INFO] - [rank: 0] Saved cross attention to ./attention_weights/cross_attention_batch_260.pt
[2025-10-29 16:44:04,629][src.models.modules.semantic_id.tiger_generation_model][WARNING] - [rank: 0] Failed to stack cross attentions: stack expects each tensor to be equal size, but got [32, 6, 150] at entry 0 and [32, 6, 2, 150] at entry 1
[2025-10-29 16:44:04,629][src.models.modules.semantic_id.tiger_generation_model][WARNING] - [rank: 0]   Hierarchy 0 shape: torch.Size([32, 6, 150])
[2025-10-29 16:44:04,630][src.models.modules.semantic_id.tiger_generation_model][WARNING] - [rank: 0]   Hierarchy 1 shape: torch.Size([32, 6, 2, 150])
[2025-10-29 16:44:04,630][src.models.modules.semantic_id.tiger_generation_model][WARNING] - [rank: 0]   Hierarchy 2 shape: torch.Size([32, 6, 150])
[2025-10-29 16:44:04,630][src.models.modules.semantic_id.tiger_generation_model][WARNING] - [rank: 0]   Hierarchy 3 shape: torch.Size([32, 6, 150])
[2025-10-29 16:44:04,734][src.models.modules.semantic_id.tiger_generation_model][INFO] - [rank: 0] Saved decoder self-attention to ./attention_weights/decoder_self_attention_batch_261.pt
[2025-10-29 16:44:04,734][src.models.modules.semantic_id.tiger_generation_model][INFO] - [rank: 0] Saved encoder attention to ./attention_weights/encoder_attention_batch_261.pt
[2025-10-29 16:44:04,734][src.models.modules.semantic_id.tiger_generation_model][INFO] - [rank: 0] Saved cross attention to ./attention_weights/cross_attention_batch_261.pt
[2025-10-29 16:44:05,250][src.models.modules.semantic_id.tiger_generation_model][WARNING] - [rank: 0] Failed to stack cross attentions: stack expects each tensor to be equal size, but got [32, 6, 150] at entry 0 and [32, 6, 2, 150] at entry 1
[2025-10-29 16:44:05,251][src.models.modules.semantic_id.tiger_generation_model][WARNING] - [rank: 0]   Hierarchy 0 shape: torch.Size([32, 6, 150])
[2025-10-29 16:44:05,251][src.models.modules.semantic_id.tiger_generation_model][WARNING] - [rank: 0]   Hierarchy 1 shape: torch.Size([32, 6, 2, 150])
[2025-10-29 16:44:05,251][src.models.modules.semantic_id.tiger_generation_model][WARNING] - [rank: 0]   Hierarchy 2 shape: torch.Size([32, 6, 150])
[2025-10-29 16:44:05,251][src.models.modules.semantic_id.tiger_generation_model][WARNING] - [rank: 0]   Hierarchy 3 shape: torch.Size([32, 6, 150])
[2025-10-29 16:44:05,389][src.models.modules.semantic_id.tiger_generation_model][INFO] - [rank: 0] Saved decoder self-attention to ./attention_weights/decoder_self_attention_batch_262.pt
[2025-10-29 16:44:05,389][src.models.modules.semantic_id.tiger_generation_model][INFO] - [rank: 0] Saved encoder attention to ./attention_weights/encoder_attention_batch_262.pt
[2025-10-29 16:44:05,389][src.models.modules.semantic_id.tiger_generation_model][INFO] - [rank: 0] Saved cross attention to ./attention_weights/cross_attention_batch_262.pt
[2025-10-29 16:44:05,986][src.models.modules.semantic_id.tiger_generation_model][WARNING] - [rank: 0] Failed to stack cross attentions: stack expects each tensor to be equal size, but got [32, 6, 150] at entry 0 and [32, 6, 2, 150] at entry 1
[2025-10-29 16:44:05,986][src.models.modules.semantic_id.tiger_generation_model][WARNING] - [rank: 0]   Hierarchy 0 shape: torch.Size([32, 6, 150])
[2025-10-29 16:44:05,987][src.models.modules.semantic_id.tiger_generation_model][WARNING] - [rank: 0]   Hierarchy 1 shape: torch.Size([32, 6, 2, 150])
[2025-10-29 16:44:05,987][src.models.modules.semantic_id.tiger_generation_model][WARNING] - [rank: 0]   Hierarchy 2 shape: torch.Size([32, 6, 150])
[2025-10-29 16:44:05,987][src.models.modules.semantic_id.tiger_generation_model][WARNING] - [rank: 0]   Hierarchy 3 shape: torch.Size([32, 6, 150])
[2025-10-29 16:44:06,110][src.models.modules.semantic_id.tiger_generation_model][INFO] - [rank: 0] Saved decoder self-attention to ./attention_weights/decoder_self_attention_batch_263.pt
[2025-10-29 16:44:06,111][src.models.modules.semantic_id.tiger_generation_model][INFO] - [rank: 0] Saved encoder attention to ./attention_weights/encoder_attention_batch_263.pt
[2025-10-29 16:44:06,111][src.models.modules.semantic_id.tiger_generation_model][INFO] - [rank: 0] Saved cross attention to ./attention_weights/cross_attention_batch_263.pt
[2025-10-29 16:44:06,724][src.models.modules.semantic_id.tiger_generation_model][WARNING] - [rank: 0] Failed to stack cross attentions: stack expects each tensor to be equal size, but got [32, 6, 150] at entry 0 and [32, 6, 2, 150] at entry 1
[2025-10-29 16:44:06,725][src.models.modules.semantic_id.tiger_generation_model][WARNING] - [rank: 0]   Hierarchy 0 shape: torch.Size([32, 6, 150])
[2025-10-29 16:44:06,726][src.models.modules.semantic_id.tiger_generation_model][WARNING] - [rank: 0]   Hierarchy 1 shape: torch.Size([32, 6, 2, 150])
[2025-10-29 16:44:06,726][src.models.modules.semantic_id.tiger_generation_model][WARNING] - [rank: 0]   Hierarchy 2 shape: torch.Size([32, 6, 150])
[2025-10-29 16:44:06,726][src.models.modules.semantic_id.tiger_generation_model][WARNING] - [rank: 0]   Hierarchy 3 shape: torch.Size([32, 6, 150])
[2025-10-29 16:44:06,848][src.models.modules.semantic_id.tiger_generation_model][INFO] - [rank: 0] Saved decoder self-attention to ./attention_weights/decoder_self_attention_batch_264.pt
[2025-10-29 16:44:06,848][src.models.modules.semantic_id.tiger_generation_model][INFO] - [rank: 0] Saved encoder attention to ./attention_weights/encoder_attention_batch_264.pt
[2025-10-29 16:44:06,848][src.models.modules.semantic_id.tiger_generation_model][INFO] - [rank: 0] Saved cross attention to ./attention_weights/cross_attention_batch_264.pt
[2025-10-29 16:44:07,289][src.models.modules.semantic_id.tiger_generation_model][WARNING] - [rank: 0] Failed to stack cross attentions: stack expects each tensor to be equal size, but got [32, 6, 150] at entry 0 and [32, 6, 2, 150] at entry 1
[2025-10-29 16:44:07,290][src.models.modules.semantic_id.tiger_generation_model][WARNING] - [rank: 0]   Hierarchy 0 shape: torch.Size([32, 6, 150])
[2025-10-29 16:44:07,290][src.models.modules.semantic_id.tiger_generation_model][WARNING] - [rank: 0]   Hierarchy 1 shape: torch.Size([32, 6, 2, 150])
[2025-10-29 16:44:07,290][src.models.modules.semantic_id.tiger_generation_model][WARNING] - [rank: 0]   Hierarchy 2 shape: torch.Size([32, 6, 150])
[2025-10-29 16:44:07,291][src.models.modules.semantic_id.tiger_generation_model][WARNING] - [rank: 0]   Hierarchy 3 shape: torch.Size([32, 6, 150])
