[2025-10-29 17:12:38,876][src.utils.utils][INFO] - [rank: 0] Enforcing tags! <cfg.extras.enforce_tags=True>
[2025-10-29 17:12:38,880][src.utils.utils][WARNING] - [rank: 0] Config loss was not found in the config tree. Make sure this is expected.
[2025-10-29 17:12:38,880][src.utils.utils][WARNING] - [rank: 0] Config optim was not found in the config tree. Make sure this is expected.
[2025-10-29 17:12:38,881][src.utils.utils][WARNING] - [rank: 0] Config eval was not found in the config tree. Make sure this is expected.
[2025-10-29 17:12:41,881][src.utils.utils][INFO] - [rank: 0] Printing config tree with Rich! <cfg.extras.print_config=True>
[2025-10-29 17:12:41,888][src.utils.launcher_utils][INFO] - [rank: 0] Instantiating datamodule <src.data.loading.datamodules.sequence_datamodule.SequenceDataModule>
[2025-10-29 17:12:41,920][src.utils.launcher_utils][INFO] - [rank: 0] Instantiating model <src.models.modules.semantic_id.tiger_generation_model.SemanticIDEncoderDecoder>
[2025-10-29 17:12:42,084][src.models.modules.semantic_id.tiger_generation_model][INFO] - [rank: 0] i am here
[2025-10-29 17:12:42,277][src.utils.launcher_utils][INFO] - [rank: 0] Instantiating callbacks...
[2025-10-29 17:12:42,278][src.utils.instantiators][INFO] - [rank: 0] Instantiating callback <src.utils.inference_utils.LocalPickleWriter>
[2025-10-29 17:12:42,418][src.utils.launcher_utils][INFO] - [rank: 0] Instantiating loggers...
[2025-10-29 17:12:42,418][src.utils.instantiators][INFO] - [rank: 0] Instantiating logger <lightning.pytorch.loggers.csv_logs.CSVLogger>
[2025-10-29 17:12:42,420][src.utils.launcher_utils][INFO] - [rank: 0] Instantiating trainer <lightning.pytorch.trainer.Trainer>
[2025-10-29 17:12:42,534][src.utils.launcher_utils][INFO] - [rank: 0] Logging hyperparameters!
[2025-10-29 17:12:42,667][__main__][INFO] - [rank: 0] Starting inference!
[2025-10-29 17:12:56,903][src.utils.inference_utils][INFO] - Rank 1 initialized for inference.
[2025-10-29 17:12:56,904][src.utils.inference_utils][INFO] - Rank 0 initialized for inference.
[2025-10-29 17:13:00,557][src.models.modules.semantic_id.tiger_generation_model][WARNING] - [rank: 0] Failed to stack cross attentions: stack expects each tensor to be equal size, but got [32, 6, 150] at entry 0 and [32, 6, 2, 150] at entry 1
[2025-10-29 17:13:00,558][src.models.modules.semantic_id.tiger_generation_model][WARNING] - [rank: 0]   Hierarchy 0 shape: torch.Size([32, 6, 150])
[2025-10-29 17:13:00,559][src.models.modules.semantic_id.tiger_generation_model][WARNING] - [rank: 0]   Hierarchy 1 shape: torch.Size([32, 6, 2, 150])
[2025-10-29 17:13:00,559][src.models.modules.semantic_id.tiger_generation_model][WARNING] - [rank: 0]   Hierarchy 2 shape: torch.Size([32, 6, 150])
[2025-10-29 17:13:00,559][src.models.modules.semantic_id.tiger_generation_model][WARNING] - [rank: 0]   Hierarchy 3 shape: torch.Size([32, 6, 150])
[2025-10-29 17:13:00,717][src.models.modules.semantic_id.tiger_generation_model][INFO] - [rank: 0] Saved decoder self-attention to ./attention_weights/decoder_self_attention_batch_0.pt
[2025-10-29 17:13:00,718][src.models.modules.semantic_id.tiger_generation_model][INFO] - [rank: 0] Saved encoder attention to ./attention_weights/encoder_attention_batch_0.pt
[2025-10-29 17:13:00,718][src.models.modules.semantic_id.tiger_generation_model][INFO] - [rank: 0] Saved cross attention to ./attention_weights/cross_attention_batch_0.pt
[2025-10-29 17:13:01,062][src.models.modules.semantic_id.tiger_generation_model][WARNING] - [rank: 0] Failed to stack cross attentions: stack expects each tensor to be equal size, but got [32, 6, 150] at entry 0 and [32, 6, 2, 150] at entry 1
[2025-10-29 17:13:01,062][src.models.modules.semantic_id.tiger_generation_model][WARNING] - [rank: 0]   Hierarchy 0 shape: torch.Size([32, 6, 150])
[2025-10-29 17:13:01,062][src.models.modules.semantic_id.tiger_generation_model][WARNING] - [rank: 0]   Hierarchy 1 shape: torch.Size([32, 6, 2, 150])
[2025-10-29 17:13:01,063][src.models.modules.semantic_id.tiger_generation_model][WARNING] - [rank: 0]   Hierarchy 2 shape: torch.Size([32, 6, 150])
[2025-10-29 17:13:01,063][src.models.modules.semantic_id.tiger_generation_model][WARNING] - [rank: 0]   Hierarchy 3 shape: torch.Size([32, 6, 150])
[2025-10-29 17:13:01,123][src.models.modules.semantic_id.tiger_generation_model][INFO] - [rank: 0] Saved decoder self-attention to ./attention_weights/decoder_self_attention_batch_1.pt
[2025-10-29 17:13:01,124][src.models.modules.semantic_id.tiger_generation_model][INFO] - [rank: 0] Saved encoder attention to ./attention_weights/encoder_attention_batch_1.pt
[2025-10-29 17:13:01,124][src.models.modules.semantic_id.tiger_generation_model][INFO] - [rank: 0] Saved cross attention to ./attention_weights/cross_attention_batch_1.pt
[2025-10-29 17:13:01,443][src.models.modules.semantic_id.tiger_generation_model][WARNING] - [rank: 0] Failed to stack cross attentions: stack expects each tensor to be equal size, but got [32, 6, 150] at entry 0 and [32, 6, 2, 150] at entry 1
[2025-10-29 17:13:01,443][src.models.modules.semantic_id.tiger_generation_model][WARNING] - [rank: 0]   Hierarchy 0 shape: torch.Size([32, 6, 150])
[2025-10-29 17:13:01,443][src.models.modules.semantic_id.tiger_generation_model][WARNING] - [rank: 0]   Hierarchy 1 shape: torch.Size([32, 6, 2, 150])
[2025-10-29 17:13:01,443][src.models.modules.semantic_id.tiger_generation_model][WARNING] - [rank: 0]   Hierarchy 2 shape: torch.Size([32, 6, 150])
[2025-10-29 17:13:01,444][src.models.modules.semantic_id.tiger_generation_model][WARNING] - [rank: 0]   Hierarchy 3 shape: torch.Size([32, 6, 150])
[2025-10-29 17:13:01,500][src.models.modules.semantic_id.tiger_generation_model][INFO] - [rank: 0] Saved decoder self-attention to ./attention_weights/decoder_self_attention_batch_2.pt
[2025-10-29 17:13:01,500][src.models.modules.semantic_id.tiger_generation_model][INFO] - [rank: 0] Saved encoder attention to ./attention_weights/encoder_attention_batch_2.pt
[2025-10-29 17:13:01,501][src.models.modules.semantic_id.tiger_generation_model][INFO] - [rank: 0] Saved cross attention to ./attention_weights/cross_attention_batch_2.pt
[2025-10-29 17:13:01,742][src.models.modules.semantic_id.tiger_generation_model][WARNING] - [rank: 0] Failed to stack cross attentions: stack expects each tensor to be equal size, but got [32, 6, 150] at entry 0 and [32, 6, 2, 150] at entry 1
[2025-10-29 17:13:01,742][src.models.modules.semantic_id.tiger_generation_model][WARNING] - [rank: 0]   Hierarchy 0 shape: torch.Size([32, 6, 150])
[2025-10-29 17:13:01,743][src.models.modules.semantic_id.tiger_generation_model][WARNING] - [rank: 0]   Hierarchy 1 shape: torch.Size([32, 6, 2, 150])
[2025-10-29 17:13:01,743][src.models.modules.semantic_id.tiger_generation_model][WARNING] - [rank: 0]   Hierarchy 2 shape: torch.Size([32, 6, 150])
[2025-10-29 17:13:01,743][src.models.modules.semantic_id.tiger_generation_model][WARNING] - [rank: 0]   Hierarchy 3 shape: torch.Size([32, 6, 150])
[2025-10-29 17:13:01,800][src.models.modules.semantic_id.tiger_generation_model][INFO] - [rank: 0] Saved decoder self-attention to ./attention_weights/decoder_self_attention_batch_3.pt
[2025-10-29 17:13:01,800][src.models.modules.semantic_id.tiger_generation_model][INFO] - [rank: 0] Saved encoder attention to ./attention_weights/encoder_attention_batch_3.pt
[2025-10-29 17:13:01,801][src.models.modules.semantic_id.tiger_generation_model][INFO] - [rank: 0] Saved cross attention to ./attention_weights/cross_attention_batch_3.pt
[2025-10-29 17:13:02,128][src.models.modules.semantic_id.tiger_generation_model][WARNING] - [rank: 0] Failed to stack cross attentions: stack expects each tensor to be equal size, but got [32, 6, 150] at entry 0 and [32, 6, 2, 150] at entry 1
[2025-10-29 17:13:02,128][src.models.modules.semantic_id.tiger_generation_model][WARNING] - [rank: 0]   Hierarchy 0 shape: torch.Size([32, 6, 150])
[2025-10-29 17:13:02,128][src.models.modules.semantic_id.tiger_generation_model][WARNING] - [rank: 0]   Hierarchy 1 shape: torch.Size([32, 6, 2, 150])
[2025-10-29 17:13:02,128][src.models.modules.semantic_id.tiger_generation_model][WARNING] - [rank: 0]   Hierarchy 2 shape: torch.Size([32, 6, 150])
[2025-10-29 17:13:02,128][src.models.modules.semantic_id.tiger_generation_model][WARNING] - [rank: 0]   Hierarchy 3 shape: torch.Size([32, 6, 150])
[2025-10-29 17:13:02,235][src.models.modules.semantic_id.tiger_generation_model][INFO] - [rank: 0] Saved decoder self-attention to ./attention_weights/decoder_self_attention_batch_4.pt
[2025-10-29 17:13:02,235][src.models.modules.semantic_id.tiger_generation_model][INFO] - [rank: 0] Saved encoder attention to ./attention_weights/encoder_attention_batch_4.pt
[2025-10-29 17:13:02,236][src.models.modules.semantic_id.tiger_generation_model][INFO] - [rank: 0] Saved cross attention to ./attention_weights/cross_attention_batch_4.pt
[2025-10-29 17:13:02,698][src.models.modules.semantic_id.tiger_generation_model][WARNING] - [rank: 0] Failed to stack cross attentions: stack expects each tensor to be equal size, but got [32, 6, 150] at entry 0 and [32, 6, 2, 150] at entry 1
[2025-10-29 17:13:02,699][src.models.modules.semantic_id.tiger_generation_model][WARNING] - [rank: 0]   Hierarchy 0 shape: torch.Size([32, 6, 150])
[2025-10-29 17:13:02,699][src.models.modules.semantic_id.tiger_generation_model][WARNING] - [rank: 0]   Hierarchy 1 shape: torch.Size([32, 6, 2, 150])
[2025-10-29 17:13:02,699][src.models.modules.semantic_id.tiger_generation_model][WARNING] - [rank: 0]   Hierarchy 2 shape: torch.Size([32, 6, 150])
[2025-10-29 17:13:02,699][src.models.modules.semantic_id.tiger_generation_model][WARNING] - [rank: 0]   Hierarchy 3 shape: torch.Size([32, 6, 150])
[2025-10-29 17:13:02,801][src.models.modules.semantic_id.tiger_generation_model][INFO] - [rank: 0] Saved decoder self-attention to ./attention_weights/decoder_self_attention_batch_5.pt
[2025-10-29 17:13:02,802][src.models.modules.semantic_id.tiger_generation_model][INFO] - [rank: 0] Saved encoder attention to ./attention_weights/encoder_attention_batch_5.pt
[2025-10-29 17:13:02,802][src.models.modules.semantic_id.tiger_generation_model][INFO] - [rank: 0] Saved cross attention to ./attention_weights/cross_attention_batch_5.pt
[2025-10-29 17:13:03,113][src.models.modules.semantic_id.tiger_generation_model][WARNING] - [rank: 0] Failed to stack cross attentions: stack expects each tensor to be equal size, but got [32, 6, 150] at entry 0 and [32, 6, 2, 150] at entry 1
[2025-10-29 17:13:03,114][src.models.modules.semantic_id.tiger_generation_model][WARNING] - [rank: 0]   Hierarchy 0 shape: torch.Size([32, 6, 150])
[2025-10-29 17:13:03,114][src.models.modules.semantic_id.tiger_generation_model][WARNING] - [rank: 0]   Hierarchy 1 shape: torch.Size([32, 6, 2, 150])
[2025-10-29 17:13:03,114][src.models.modules.semantic_id.tiger_generation_model][WARNING] - [rank: 0]   Hierarchy 2 shape: torch.Size([32, 6, 150])
[2025-10-29 17:13:03,114][src.models.modules.semantic_id.tiger_generation_model][WARNING] - [rank: 0]   Hierarchy 3 shape: torch.Size([32, 6, 150])
[2025-10-29 17:13:03,170][src.models.modules.semantic_id.tiger_generation_model][INFO] - [rank: 0] Saved decoder self-attention to ./attention_weights/decoder_self_attention_batch_6.pt
[2025-10-29 17:13:03,171][src.models.modules.semantic_id.tiger_generation_model][INFO] - [rank: 0] Saved encoder attention to ./attention_weights/encoder_attention_batch_6.pt
[2025-10-29 17:13:03,171][src.models.modules.semantic_id.tiger_generation_model][INFO] - [rank: 0] Saved cross attention to ./attention_weights/cross_attention_batch_6.pt
[2025-10-29 17:13:03,442][src.models.modules.semantic_id.tiger_generation_model][WARNING] - [rank: 0] Failed to stack cross attentions: stack expects each tensor to be equal size, but got [32, 6, 150] at entry 0 and [32, 6, 2, 150] at entry 1
[2025-10-29 17:13:03,443][src.models.modules.semantic_id.tiger_generation_model][WARNING] - [rank: 0]   Hierarchy 0 shape: torch.Size([32, 6, 150])
[2025-10-29 17:13:03,443][src.models.modules.semantic_id.tiger_generation_model][WARNING] - [rank: 0]   Hierarchy 1 shape: torch.Size([32, 6, 2, 150])
[2025-10-29 17:13:03,443][src.models.modules.semantic_id.tiger_generation_model][WARNING] - [rank: 0]   Hierarchy 2 shape: torch.Size([32, 6, 150])
[2025-10-29 17:13:03,443][src.models.modules.semantic_id.tiger_generation_model][WARNING] - [rank: 0]   Hierarchy 3 shape: torch.Size([32, 6, 150])
[2025-10-29 17:13:03,496][src.models.modules.semantic_id.tiger_generation_model][INFO] - [rank: 0] Saved decoder self-attention to ./attention_weights/decoder_self_attention_batch_7.pt
[2025-10-29 17:13:03,497][src.models.modules.semantic_id.tiger_generation_model][INFO] - [rank: 0] Saved encoder attention to ./attention_weights/encoder_attention_batch_7.pt
[2025-10-29 17:13:03,497][src.models.modules.semantic_id.tiger_generation_model][INFO] - [rank: 0] Saved cross attention to ./attention_weights/cross_attention_batch_7.pt
[2025-10-29 17:13:03,745][src.models.modules.semantic_id.tiger_generation_model][WARNING] - [rank: 0] Failed to stack cross attentions: stack expects each tensor to be equal size, but got [32, 6, 150] at entry 0 and [32, 6, 2, 150] at entry 1
[2025-10-29 17:13:03,746][src.models.modules.semantic_id.tiger_generation_model][WARNING] - [rank: 0]   Hierarchy 0 shape: torch.Size([32, 6, 150])
[2025-10-29 17:13:03,746][src.models.modules.semantic_id.tiger_generation_model][WARNING] - [rank: 0]   Hierarchy 1 shape: torch.Size([32, 6, 2, 150])
[2025-10-29 17:13:03,746][src.models.modules.semantic_id.tiger_generation_model][WARNING] - [rank: 0]   Hierarchy 2 shape: torch.Size([32, 6, 150])
[2025-10-29 17:13:03,746][src.models.modules.semantic_id.tiger_generation_model][WARNING] - [rank: 0]   Hierarchy 3 shape: torch.Size([32, 6, 150])
[2025-10-29 17:13:03,802][src.models.modules.semantic_id.tiger_generation_model][INFO] - [rank: 0] Saved decoder self-attention to ./attention_weights/decoder_self_attention_batch_8.pt
[2025-10-29 17:13:03,803][src.models.modules.semantic_id.tiger_generation_model][INFO] - [rank: 0] Saved encoder attention to ./attention_weights/encoder_attention_batch_8.pt
[2025-10-29 17:13:03,803][src.models.modules.semantic_id.tiger_generation_model][INFO] - [rank: 0] Saved cross attention to ./attention_weights/cross_attention_batch_8.pt
[2025-10-29 17:13:04,115][src.models.modules.semantic_id.tiger_generation_model][WARNING] - [rank: 0] Failed to stack cross attentions: stack expects each tensor to be equal size, but got [32, 6, 150] at entry 0 and [32, 6, 2, 150] at entry 1
[2025-10-29 17:13:04,115][src.models.modules.semantic_id.tiger_generation_model][WARNING] - [rank: 0]   Hierarchy 0 shape: torch.Size([32, 6, 150])
[2025-10-29 17:13:04,116][src.models.modules.semantic_id.tiger_generation_model][WARNING] - [rank: 0]   Hierarchy 1 shape: torch.Size([32, 6, 2, 150])
[2025-10-29 17:13:04,117][src.models.modules.semantic_id.tiger_generation_model][WARNING] - [rank: 0]   Hierarchy 2 shape: torch.Size([32, 6, 150])
[2025-10-29 17:13:04,117][src.models.modules.semantic_id.tiger_generation_model][WARNING] - [rank: 0]   Hierarchy 3 shape: torch.Size([32, 6, 150])
[2025-10-29 17:13:04,190][src.models.modules.semantic_id.tiger_generation_model][INFO] - [rank: 0] Saved decoder self-attention to ./attention_weights/decoder_self_attention_batch_9.pt
[2025-10-29 17:13:04,190][src.models.modules.semantic_id.tiger_generation_model][INFO] - [rank: 0] Saved encoder attention to ./attention_weights/encoder_attention_batch_9.pt
[2025-10-29 17:13:04,190][src.models.modules.semantic_id.tiger_generation_model][INFO] - [rank: 0] Saved cross attention to ./attention_weights/cross_attention_batch_9.pt
[2025-10-29 17:13:04,502][src.models.modules.semantic_id.tiger_generation_model][WARNING] - [rank: 0] Failed to stack cross attentions: stack expects each tensor to be equal size, but got [32, 6, 150] at entry 0 and [32, 6, 2, 150] at entry 1
[2025-10-29 17:13:04,502][src.models.modules.semantic_id.tiger_generation_model][WARNING] - [rank: 0]   Hierarchy 0 shape: torch.Size([32, 6, 150])
[2025-10-29 17:13:04,502][src.models.modules.semantic_id.tiger_generation_model][WARNING] - [rank: 0]   Hierarchy 1 shape: torch.Size([32, 6, 2, 150])
[2025-10-29 17:13:04,503][src.models.modules.semantic_id.tiger_generation_model][WARNING] - [rank: 0]   Hierarchy 2 shape: torch.Size([32, 6, 150])
[2025-10-29 17:13:04,503][src.models.modules.semantic_id.tiger_generation_model][WARNING] - [rank: 0]   Hierarchy 3 shape: torch.Size([32, 6, 150])
[2025-10-29 17:13:04,555][src.models.modules.semantic_id.tiger_generation_model][INFO] - [rank: 0] Saved decoder self-attention to ./attention_weights/decoder_self_attention_batch_10.pt
[2025-10-29 17:13:04,555][src.models.modules.semantic_id.tiger_generation_model][INFO] - [rank: 0] Saved encoder attention to ./attention_weights/encoder_attention_batch_10.pt
[2025-10-29 17:13:04,555][src.models.modules.semantic_id.tiger_generation_model][INFO] - [rank: 0] Saved cross attention to ./attention_weights/cross_attention_batch_10.pt
[2025-10-29 17:13:04,789][src.models.modules.semantic_id.tiger_generation_model][WARNING] - [rank: 0] Failed to stack cross attentions: stack expects each tensor to be equal size, but got [32, 6, 150] at entry 0 and [32, 6, 2, 150] at entry 1
[2025-10-29 17:13:04,789][src.models.modules.semantic_id.tiger_generation_model][WARNING] - [rank: 0]   Hierarchy 0 shape: torch.Size([32, 6, 150])
[2025-10-29 17:13:04,789][src.models.modules.semantic_id.tiger_generation_model][WARNING] - [rank: 0]   Hierarchy 1 shape: torch.Size([32, 6, 2, 150])
[2025-10-29 17:13:04,789][src.models.modules.semantic_id.tiger_generation_model][WARNING] - [rank: 0]   Hierarchy 2 shape: torch.Size([32, 6, 150])
[2025-10-29 17:13:04,789][src.models.modules.semantic_id.tiger_generation_model][WARNING] - [rank: 0]   Hierarchy 3 shape: torch.Size([32, 6, 150])
[2025-10-29 17:13:04,851][src.models.modules.semantic_id.tiger_generation_model][INFO] - [rank: 0] Saved decoder self-attention to ./attention_weights/decoder_self_attention_batch_11.pt
[2025-10-29 17:13:04,851][src.models.modules.semantic_id.tiger_generation_model][INFO] - [rank: 0] Saved encoder attention to ./attention_weights/encoder_attention_batch_11.pt
[2025-10-29 17:13:04,851][src.models.modules.semantic_id.tiger_generation_model][INFO] - [rank: 0] Saved cross attention to ./attention_weights/cross_attention_batch_11.pt
[2025-10-29 17:13:05,135][src.models.modules.semantic_id.tiger_generation_model][WARNING] - [rank: 0] Failed to stack cross attentions: stack expects each tensor to be equal size, but got [32, 6, 150] at entry 0 and [32, 6, 2, 150] at entry 1
[2025-10-29 17:13:05,136][src.models.modules.semantic_id.tiger_generation_model][WARNING] - [rank: 0]   Hierarchy 0 shape: torch.Size([32, 6, 150])
[2025-10-29 17:13:05,136][src.models.modules.semantic_id.tiger_generation_model][WARNING] - [rank: 0]   Hierarchy 1 shape: torch.Size([32, 6, 2, 150])
[2025-10-29 17:13:05,136][src.models.modules.semantic_id.tiger_generation_model][WARNING] - [rank: 0]   Hierarchy 2 shape: torch.Size([32, 6, 150])
[2025-10-29 17:13:05,136][src.models.modules.semantic_id.tiger_generation_model][WARNING] - [rank: 0]   Hierarchy 3 shape: torch.Size([32, 6, 150])
[2025-10-29 17:13:05,193][src.models.modules.semantic_id.tiger_generation_model][INFO] - [rank: 0] Saved decoder self-attention to ./attention_weights/decoder_self_attention_batch_12.pt
[2025-10-29 17:13:05,193][src.models.modules.semantic_id.tiger_generation_model][INFO] - [rank: 0] Saved encoder attention to ./attention_weights/encoder_attention_batch_12.pt
[2025-10-29 17:13:05,194][src.models.modules.semantic_id.tiger_generation_model][INFO] - [rank: 0] Saved cross attention to ./attention_weights/cross_attention_batch_12.pt
[2025-10-29 17:13:05,437][src.models.modules.semantic_id.tiger_generation_model][WARNING] - [rank: 0] Failed to stack cross attentions: stack expects each tensor to be equal size, but got [32, 6, 150] at entry 0 and [32, 6, 2, 150] at entry 1
[2025-10-29 17:13:05,437][src.models.modules.semantic_id.tiger_generation_model][WARNING] - [rank: 0]   Hierarchy 0 shape: torch.Size([32, 6, 150])
[2025-10-29 17:13:05,437][src.models.modules.semantic_id.tiger_generation_model][WARNING] - [rank: 0]   Hierarchy 1 shape: torch.Size([32, 6, 2, 150])
[2025-10-29 17:13:05,437][src.models.modules.semantic_id.tiger_generation_model][WARNING] - [rank: 0]   Hierarchy 2 shape: torch.Size([32, 6, 150])
[2025-10-29 17:13:05,438][src.models.modules.semantic_id.tiger_generation_model][WARNING] - [rank: 0]   Hierarchy 3 shape: torch.Size([32, 6, 150])
[2025-10-29 17:13:05,491][src.models.modules.semantic_id.tiger_generation_model][INFO] - [rank: 0] Saved decoder self-attention to ./attention_weights/decoder_self_attention_batch_13.pt
[2025-10-29 17:13:05,491][src.models.modules.semantic_id.tiger_generation_model][INFO] - [rank: 0] Saved encoder attention to ./attention_weights/encoder_attention_batch_13.pt
[2025-10-29 17:13:05,491][src.models.modules.semantic_id.tiger_generation_model][INFO] - [rank: 0] Saved cross attention to ./attention_weights/cross_attention_batch_13.pt
[2025-10-29 17:13:05,754][src.models.modules.semantic_id.tiger_generation_model][WARNING] - [rank: 0] Failed to stack cross attentions: stack expects each tensor to be equal size, but got [32, 6, 150] at entry 0 and [32, 6, 2, 150] at entry 1
[2025-10-29 17:13:05,754][src.models.modules.semantic_id.tiger_generation_model][WARNING] - [rank: 0]   Hierarchy 0 shape: torch.Size([32, 6, 150])
[2025-10-29 17:13:05,754][src.models.modules.semantic_id.tiger_generation_model][WARNING] - [rank: 0]   Hierarchy 1 shape: torch.Size([32, 6, 2, 150])
[2025-10-29 17:13:05,755][src.models.modules.semantic_id.tiger_generation_model][WARNING] - [rank: 0]   Hierarchy 2 shape: torch.Size([32, 6, 150])
[2025-10-29 17:13:05,755][src.models.modules.semantic_id.tiger_generation_model][WARNING] - [rank: 0]   Hierarchy 3 shape: torch.Size([32, 6, 150])
[2025-10-29 17:13:05,816][src.models.modules.semantic_id.tiger_generation_model][INFO] - [rank: 0] Saved decoder self-attention to ./attention_weights/decoder_self_attention_batch_14.pt
[2025-10-29 17:13:05,816][src.models.modules.semantic_id.tiger_generation_model][INFO] - [rank: 0] Saved encoder attention to ./attention_weights/encoder_attention_batch_14.pt
[2025-10-29 17:13:05,816][src.models.modules.semantic_id.tiger_generation_model][INFO] - [rank: 0] Saved cross attention to ./attention_weights/cross_attention_batch_14.pt
[2025-10-29 17:13:06,046][src.models.modules.semantic_id.tiger_generation_model][WARNING] - [rank: 0] Failed to stack cross attentions: stack expects each tensor to be equal size, but got [32, 6, 150] at entry 0 and [32, 6, 2, 150] at entry 1
[2025-10-29 17:13:06,046][src.models.modules.semantic_id.tiger_generation_model][WARNING] - [rank: 0]   Hierarchy 0 shape: torch.Size([32, 6, 150])
[2025-10-29 17:13:06,046][src.models.modules.semantic_id.tiger_generation_model][WARNING] - [rank: 0]   Hierarchy 1 shape: torch.Size([32, 6, 2, 150])
[2025-10-29 17:13:06,046][src.models.modules.semantic_id.tiger_generation_model][WARNING] - [rank: 0]   Hierarchy 2 shape: torch.Size([32, 6, 150])
[2025-10-29 17:13:06,046][src.models.modules.semantic_id.tiger_generation_model][WARNING] - [rank: 0]   Hierarchy 3 shape: torch.Size([32, 6, 150])
[2025-10-29 17:13:06,099][src.models.modules.semantic_id.tiger_generation_model][INFO] - [rank: 0] Saved decoder self-attention to ./attention_weights/decoder_self_attention_batch_15.pt
[2025-10-29 17:13:06,100][src.models.modules.semantic_id.tiger_generation_model][INFO] - [rank: 0] Saved encoder attention to ./attention_weights/encoder_attention_batch_15.pt
[2025-10-29 17:13:06,100][src.models.modules.semantic_id.tiger_generation_model][INFO] - [rank: 0] Saved cross attention to ./attention_weights/cross_attention_batch_15.pt
[2025-10-29 17:13:06,344][src.models.modules.semantic_id.tiger_generation_model][WARNING] - [rank: 0] Failed to stack cross attentions: stack expects each tensor to be equal size, but got [32, 6, 150] at entry 0 and [32, 6, 2, 150] at entry 1
[2025-10-29 17:13:06,344][src.models.modules.semantic_id.tiger_generation_model][WARNING] - [rank: 0]   Hierarchy 0 shape: torch.Size([32, 6, 150])
[2025-10-29 17:13:06,344][src.models.modules.semantic_id.tiger_generation_model][WARNING] - [rank: 0]   Hierarchy 1 shape: torch.Size([32, 6, 2, 150])
[2025-10-29 17:13:06,344][src.models.modules.semantic_id.tiger_generation_model][WARNING] - [rank: 0]   Hierarchy 2 shape: torch.Size([32, 6, 150])
[2025-10-29 17:13:06,345][src.models.modules.semantic_id.tiger_generation_model][WARNING] - [rank: 0]   Hierarchy 3 shape: torch.Size([32, 6, 150])
[2025-10-29 17:13:06,398][src.models.modules.semantic_id.tiger_generation_model][INFO] - [rank: 0] Saved decoder self-attention to ./attention_weights/decoder_self_attention_batch_16.pt
[2025-10-29 17:13:06,399][src.models.modules.semantic_id.tiger_generation_model][INFO] - [rank: 0] Saved encoder attention to ./attention_weights/encoder_attention_batch_16.pt
[2025-10-29 17:13:06,399][src.models.modules.semantic_id.tiger_generation_model][INFO] - [rank: 0] Saved cross attention to ./attention_weights/cross_attention_batch_16.pt
[2025-10-29 17:13:06,653][src.models.modules.semantic_id.tiger_generation_model][WARNING] - [rank: 0] Failed to stack cross attentions: stack expects each tensor to be equal size, but got [32, 6, 150] at entry 0 and [32, 6, 2, 150] at entry 1
[2025-10-29 17:13:06,653][src.models.modules.semantic_id.tiger_generation_model][WARNING] - [rank: 0]   Hierarchy 0 shape: torch.Size([32, 6, 150])
[2025-10-29 17:13:06,653][src.models.modules.semantic_id.tiger_generation_model][WARNING] - [rank: 0]   Hierarchy 1 shape: torch.Size([32, 6, 2, 150])
[2025-10-29 17:13:06,653][src.models.modules.semantic_id.tiger_generation_model][WARNING] - [rank: 0]   Hierarchy 2 shape: torch.Size([32, 6, 150])
[2025-10-29 17:13:06,654][src.models.modules.semantic_id.tiger_generation_model][WARNING] - [rank: 0]   Hierarchy 3 shape: torch.Size([32, 6, 150])
[2025-10-29 17:13:06,707][src.models.modules.semantic_id.tiger_generation_model][INFO] - [rank: 0] Saved decoder self-attention to ./attention_weights/decoder_self_attention_batch_17.pt
[2025-10-29 17:13:06,707][src.models.modules.semantic_id.tiger_generation_model][INFO] - [rank: 0] Saved encoder attention to ./attention_weights/encoder_attention_batch_17.pt
[2025-10-29 17:13:06,707][src.models.modules.semantic_id.tiger_generation_model][INFO] - [rank: 0] Saved cross attention to ./attention_weights/cross_attention_batch_17.pt
[2025-10-29 17:13:06,958][src.models.modules.semantic_id.tiger_generation_model][WARNING] - [rank: 0] Failed to stack cross attentions: stack expects each tensor to be equal size, but got [32, 6, 150] at entry 0 and [32, 6, 2, 150] at entry 1
[2025-10-29 17:13:06,958][src.models.modules.semantic_id.tiger_generation_model][WARNING] - [rank: 0]   Hierarchy 0 shape: torch.Size([32, 6, 150])
[2025-10-29 17:13:06,958][src.models.modules.semantic_id.tiger_generation_model][WARNING] - [rank: 0]   Hierarchy 1 shape: torch.Size([32, 6, 2, 150])
[2025-10-29 17:13:06,958][src.models.modules.semantic_id.tiger_generation_model][WARNING] - [rank: 0]   Hierarchy 2 shape: torch.Size([32, 6, 150])
[2025-10-29 17:13:06,959][src.models.modules.semantic_id.tiger_generation_model][WARNING] - [rank: 0]   Hierarchy 3 shape: torch.Size([32, 6, 150])
[2025-10-29 17:13:07,014][src.models.modules.semantic_id.tiger_generation_model][INFO] - [rank: 0] Saved decoder self-attention to ./attention_weights/decoder_self_attention_batch_18.pt
[2025-10-29 17:13:07,014][src.models.modules.semantic_id.tiger_generation_model][INFO] - [rank: 0] Saved encoder attention to ./attention_weights/encoder_attention_batch_18.pt
[2025-10-29 17:13:07,015][src.models.modules.semantic_id.tiger_generation_model][INFO] - [rank: 0] Saved cross attention to ./attention_weights/cross_attention_batch_18.pt
[2025-10-29 17:13:07,300][src.models.modules.semantic_id.tiger_generation_model][WARNING] - [rank: 0] Failed to stack cross attentions: stack expects each tensor to be equal size, but got [32, 6, 150] at entry 0 and [32, 6, 2, 150] at entry 1
[2025-10-29 17:13:07,300][src.models.modules.semantic_id.tiger_generation_model][WARNING] - [rank: 0]   Hierarchy 0 shape: torch.Size([32, 6, 150])
[2025-10-29 17:13:07,300][src.models.modules.semantic_id.tiger_generation_model][WARNING] - [rank: 0]   Hierarchy 1 shape: torch.Size([32, 6, 2, 150])
[2025-10-29 17:13:07,300][src.models.modules.semantic_id.tiger_generation_model][WARNING] - [rank: 0]   Hierarchy 2 shape: torch.Size([32, 6, 150])
[2025-10-29 17:13:07,300][src.models.modules.semantic_id.tiger_generation_model][WARNING] - [rank: 0]   Hierarchy 3 shape: torch.Size([32, 6, 150])
[2025-10-29 17:13:07,356][src.models.modules.semantic_id.tiger_generation_model][INFO] - [rank: 0] Saved decoder self-attention to ./attention_weights/decoder_self_attention_batch_19.pt
[2025-10-29 17:13:07,356][src.models.modules.semantic_id.tiger_generation_model][INFO] - [rank: 0] Saved encoder attention to ./attention_weights/encoder_attention_batch_19.pt
[2025-10-29 17:13:07,356][src.models.modules.semantic_id.tiger_generation_model][INFO] - [rank: 0] Saved cross attention to ./attention_weights/cross_attention_batch_19.pt
[2025-10-29 17:13:07,606][src.models.modules.semantic_id.tiger_generation_model][WARNING] - [rank: 0] Failed to stack cross attentions: stack expects each tensor to be equal size, but got [32, 6, 150] at entry 0 and [32, 6, 2, 150] at entry 1
[2025-10-29 17:13:07,606][src.models.modules.semantic_id.tiger_generation_model][WARNING] - [rank: 0]   Hierarchy 0 shape: torch.Size([32, 6, 150])
[2025-10-29 17:13:07,606][src.models.modules.semantic_id.tiger_generation_model][WARNING] - [rank: 0]   Hierarchy 1 shape: torch.Size([32, 6, 2, 150])
[2025-10-29 17:13:07,606][src.models.modules.semantic_id.tiger_generation_model][WARNING] - [rank: 0]   Hierarchy 2 shape: torch.Size([32, 6, 150])
[2025-10-29 17:13:07,606][src.models.modules.semantic_id.tiger_generation_model][WARNING] - [rank: 0]   Hierarchy 3 shape: torch.Size([32, 6, 150])
[2025-10-29 17:13:07,660][src.models.modules.semantic_id.tiger_generation_model][INFO] - [rank: 0] Saved decoder self-attention to ./attention_weights/decoder_self_attention_batch_20.pt
[2025-10-29 17:13:07,661][src.models.modules.semantic_id.tiger_generation_model][INFO] - [rank: 0] Saved encoder attention to ./attention_weights/encoder_attention_batch_20.pt
[2025-10-29 17:13:07,661][src.models.modules.semantic_id.tiger_generation_model][INFO] - [rank: 0] Saved cross attention to ./attention_weights/cross_attention_batch_20.pt
[2025-10-29 17:13:07,981][src.models.modules.semantic_id.tiger_generation_model][WARNING] - [rank: 0] Failed to stack cross attentions: stack expects each tensor to be equal size, but got [32, 6, 150] at entry 0 and [32, 6, 2, 150] at entry 1
[2025-10-29 17:13:07,982][src.models.modules.semantic_id.tiger_generation_model][WARNING] - [rank: 0]   Hierarchy 0 shape: torch.Size([32, 6, 150])
[2025-10-29 17:13:07,982][src.models.modules.semantic_id.tiger_generation_model][WARNING] - [rank: 0]   Hierarchy 1 shape: torch.Size([32, 6, 2, 150])
[2025-10-29 17:13:07,982][src.models.modules.semantic_id.tiger_generation_model][WARNING] - [rank: 0]   Hierarchy 2 shape: torch.Size([32, 6, 150])
[2025-10-29 17:13:07,982][src.models.modules.semantic_id.tiger_generation_model][WARNING] - [rank: 0]   Hierarchy 3 shape: torch.Size([32, 6, 150])
[2025-10-29 17:13:08,047][src.models.modules.semantic_id.tiger_generation_model][INFO] - [rank: 0] Saved decoder self-attention to ./attention_weights/decoder_self_attention_batch_21.pt
[2025-10-29 17:13:08,048][src.models.modules.semantic_id.tiger_generation_model][INFO] - [rank: 0] Saved encoder attention to ./attention_weights/encoder_attention_batch_21.pt
[2025-10-29 17:13:08,048][src.models.modules.semantic_id.tiger_generation_model][INFO] - [rank: 0] Saved cross attention to ./attention_weights/cross_attention_batch_21.pt
[2025-10-29 17:13:08,387][src.models.modules.semantic_id.tiger_generation_model][WARNING] - [rank: 0] Failed to stack cross attentions: stack expects each tensor to be equal size, but got [32, 6, 150] at entry 0 and [32, 6, 2, 150] at entry 1
[2025-10-29 17:13:08,387][src.models.modules.semantic_id.tiger_generation_model][WARNING] - [rank: 0]   Hierarchy 0 shape: torch.Size([32, 6, 150])
[2025-10-29 17:13:08,387][src.models.modules.semantic_id.tiger_generation_model][WARNING] - [rank: 0]   Hierarchy 1 shape: torch.Size([32, 6, 2, 150])
[2025-10-29 17:13:08,387][src.models.modules.semantic_id.tiger_generation_model][WARNING] - [rank: 0]   Hierarchy 2 shape: torch.Size([32, 6, 150])
[2025-10-29 17:13:08,388][src.models.modules.semantic_id.tiger_generation_model][WARNING] - [rank: 0]   Hierarchy 3 shape: torch.Size([32, 6, 150])
[2025-10-29 17:13:08,443][src.models.modules.semantic_id.tiger_generation_model][INFO] - [rank: 0] Saved decoder self-attention to ./attention_weights/decoder_self_attention_batch_22.pt
[2025-10-29 17:13:08,444][src.models.modules.semantic_id.tiger_generation_model][INFO] - [rank: 0] Saved encoder attention to ./attention_weights/encoder_attention_batch_22.pt
[2025-10-29 17:13:08,444][src.models.modules.semantic_id.tiger_generation_model][INFO] - [rank: 0] Saved cross attention to ./attention_weights/cross_attention_batch_22.pt
[2025-10-29 17:13:08,718][src.models.modules.semantic_id.tiger_generation_model][WARNING] - [rank: 0] Failed to stack cross attentions: stack expects each tensor to be equal size, but got [32, 6, 150] at entry 0 and [32, 6, 2, 150] at entry 1
[2025-10-29 17:13:08,718][src.models.modules.semantic_id.tiger_generation_model][WARNING] - [rank: 0]   Hierarchy 0 shape: torch.Size([32, 6, 150])
[2025-10-29 17:13:08,719][src.models.modules.semantic_id.tiger_generation_model][WARNING] - [rank: 0]   Hierarchy 1 shape: torch.Size([32, 6, 2, 150])
[2025-10-29 17:13:08,719][src.models.modules.semantic_id.tiger_generation_model][WARNING] - [rank: 0]   Hierarchy 2 shape: torch.Size([32, 6, 150])
[2025-10-29 17:13:08,719][src.models.modules.semantic_id.tiger_generation_model][WARNING] - [rank: 0]   Hierarchy 3 shape: torch.Size([32, 6, 150])
[2025-10-29 17:13:08,782][src.models.modules.semantic_id.tiger_generation_model][INFO] - [rank: 0] Saved decoder self-attention to ./attention_weights/decoder_self_attention_batch_23.pt
[2025-10-29 17:13:08,783][src.models.modules.semantic_id.tiger_generation_model][INFO] - [rank: 0] Saved encoder attention to ./attention_weights/encoder_attention_batch_23.pt
[2025-10-29 17:13:08,783][src.models.modules.semantic_id.tiger_generation_model][INFO] - [rank: 0] Saved cross attention to ./attention_weights/cross_attention_batch_23.pt
[2025-10-29 17:13:09,057][src.models.modules.semantic_id.tiger_generation_model][WARNING] - [rank: 0] Failed to stack cross attentions: stack expects each tensor to be equal size, but got [32, 6, 150] at entry 0 and [32, 6, 2, 150] at entry 1
[2025-10-29 17:13:09,057][src.models.modules.semantic_id.tiger_generation_model][WARNING] - [rank: 0]   Hierarchy 0 shape: torch.Size([32, 6, 150])
[2025-10-29 17:13:09,057][src.models.modules.semantic_id.tiger_generation_model][WARNING] - [rank: 0]   Hierarchy 1 shape: torch.Size([32, 6, 2, 150])
[2025-10-29 17:13:09,057][src.models.modules.semantic_id.tiger_generation_model][WARNING] - [rank: 0]   Hierarchy 2 shape: torch.Size([32, 6, 150])
[2025-10-29 17:13:09,057][src.models.modules.semantic_id.tiger_generation_model][WARNING] - [rank: 0]   Hierarchy 3 shape: torch.Size([32, 6, 150])
[2025-10-29 17:13:09,112][src.models.modules.semantic_id.tiger_generation_model][INFO] - [rank: 0] Saved decoder self-attention to ./attention_weights/decoder_self_attention_batch_24.pt
[2025-10-29 17:13:09,112][src.models.modules.semantic_id.tiger_generation_model][INFO] - [rank: 0] Saved encoder attention to ./attention_weights/encoder_attention_batch_24.pt
[2025-10-29 17:13:09,112][src.models.modules.semantic_id.tiger_generation_model][INFO] - [rank: 0] Saved cross attention to ./attention_weights/cross_attention_batch_24.pt
[2025-10-29 17:13:09,397][src.models.modules.semantic_id.tiger_generation_model][WARNING] - [rank: 0] Failed to stack cross attentions: stack expects each tensor to be equal size, but got [32, 6, 150] at entry 0 and [32, 6, 2, 150] at entry 1
[2025-10-29 17:13:09,398][src.models.modules.semantic_id.tiger_generation_model][WARNING] - [rank: 0]   Hierarchy 0 shape: torch.Size([32, 6, 150])
[2025-10-29 17:13:09,398][src.models.modules.semantic_id.tiger_generation_model][WARNING] - [rank: 0]   Hierarchy 1 shape: torch.Size([32, 6, 2, 150])
[2025-10-29 17:13:09,398][src.models.modules.semantic_id.tiger_generation_model][WARNING] - [rank: 0]   Hierarchy 2 shape: torch.Size([32, 6, 150])
[2025-10-29 17:13:09,398][src.models.modules.semantic_id.tiger_generation_model][WARNING] - [rank: 0]   Hierarchy 3 shape: torch.Size([32, 6, 150])
[2025-10-29 17:13:09,452][src.models.modules.semantic_id.tiger_generation_model][INFO] - [rank: 0] Saved decoder self-attention to ./attention_weights/decoder_self_attention_batch_25.pt
[2025-10-29 17:13:09,453][src.models.modules.semantic_id.tiger_generation_model][INFO] - [rank: 0] Saved encoder attention to ./attention_weights/encoder_attention_batch_25.pt
[2025-10-29 17:13:09,453][src.models.modules.semantic_id.tiger_generation_model][INFO] - [rank: 0] Saved cross attention to ./attention_weights/cross_attention_batch_25.pt
[2025-10-29 17:13:09,774][src.models.modules.semantic_id.tiger_generation_model][WARNING] - [rank: 0] Failed to stack cross attentions: stack expects each tensor to be equal size, but got [32, 6, 150] at entry 0 and [32, 6, 2, 150] at entry 1
[2025-10-29 17:13:09,775][src.models.modules.semantic_id.tiger_generation_model][WARNING] - [rank: 0]   Hierarchy 0 shape: torch.Size([32, 6, 150])
[2025-10-29 17:13:09,775][src.models.modules.semantic_id.tiger_generation_model][WARNING] - [rank: 0]   Hierarchy 1 shape: torch.Size([32, 6, 2, 150])
[2025-10-29 17:13:09,775][src.models.modules.semantic_id.tiger_generation_model][WARNING] - [rank: 0]   Hierarchy 2 shape: torch.Size([32, 6, 150])
[2025-10-29 17:13:09,775][src.models.modules.semantic_id.tiger_generation_model][WARNING] - [rank: 0]   Hierarchy 3 shape: torch.Size([32, 6, 150])
[2025-10-29 17:13:09,830][src.models.modules.semantic_id.tiger_generation_model][INFO] - [rank: 0] Saved decoder self-attention to ./attention_weights/decoder_self_attention_batch_26.pt
[2025-10-29 17:13:09,830][src.models.modules.semantic_id.tiger_generation_model][INFO] - [rank: 0] Saved encoder attention to ./attention_weights/encoder_attention_batch_26.pt
[2025-10-29 17:13:09,830][src.models.modules.semantic_id.tiger_generation_model][INFO] - [rank: 0] Saved cross attention to ./attention_weights/cross_attention_batch_26.pt
[2025-10-29 17:13:10,123][src.models.modules.semantic_id.tiger_generation_model][WARNING] - [rank: 0] Failed to stack cross attentions: stack expects each tensor to be equal size, but got [32, 6, 150] at entry 0 and [32, 6, 2, 150] at entry 1
[2025-10-29 17:13:10,124][src.models.modules.semantic_id.tiger_generation_model][WARNING] - [rank: 0]   Hierarchy 0 shape: torch.Size([32, 6, 150])
[2025-10-29 17:13:10,124][src.models.modules.semantic_id.tiger_generation_model][WARNING] - [rank: 0]   Hierarchy 1 shape: torch.Size([32, 6, 2, 150])
[2025-10-29 17:13:10,124][src.models.modules.semantic_id.tiger_generation_model][WARNING] - [rank: 0]   Hierarchy 2 shape: torch.Size([32, 6, 150])
[2025-10-29 17:13:10,124][src.models.modules.semantic_id.tiger_generation_model][WARNING] - [rank: 0]   Hierarchy 3 shape: torch.Size([32, 6, 150])
[2025-10-29 17:13:10,182][src.models.modules.semantic_id.tiger_generation_model][INFO] - [rank: 0] Saved decoder self-attention to ./attention_weights/decoder_self_attention_batch_27.pt
[2025-10-29 17:13:10,183][src.models.modules.semantic_id.tiger_generation_model][INFO] - [rank: 0] Saved encoder attention to ./attention_weights/encoder_attention_batch_27.pt
[2025-10-29 17:13:10,183][src.models.modules.semantic_id.tiger_generation_model][INFO] - [rank: 0] Saved cross attention to ./attention_weights/cross_attention_batch_27.pt
[2025-10-29 17:13:10,449][src.models.modules.semantic_id.tiger_generation_model][WARNING] - [rank: 0] Failed to stack cross attentions: stack expects each tensor to be equal size, but got [32, 6, 150] at entry 0 and [32, 6, 2, 150] at entry 1
[2025-10-29 17:13:10,449][src.models.modules.semantic_id.tiger_generation_model][WARNING] - [rank: 0]   Hierarchy 0 shape: torch.Size([32, 6, 150])
[2025-10-29 17:13:10,449][src.models.modules.semantic_id.tiger_generation_model][WARNING] - [rank: 0]   Hierarchy 1 shape: torch.Size([32, 6, 2, 150])
[2025-10-29 17:13:10,450][src.models.modules.semantic_id.tiger_generation_model][WARNING] - [rank: 0]   Hierarchy 2 shape: torch.Size([32, 6, 150])
[2025-10-29 17:13:10,450][src.models.modules.semantic_id.tiger_generation_model][WARNING] - [rank: 0]   Hierarchy 3 shape: torch.Size([32, 6, 150])
[2025-10-29 17:13:10,524][src.models.modules.semantic_id.tiger_generation_model][INFO] - [rank: 0] Saved decoder self-attention to ./attention_weights/decoder_self_attention_batch_28.pt
[2025-10-29 17:13:10,524][src.models.modules.semantic_id.tiger_generation_model][INFO] - [rank: 0] Saved encoder attention to ./attention_weights/encoder_attention_batch_28.pt
[2025-10-29 17:13:10,524][src.models.modules.semantic_id.tiger_generation_model][INFO] - [rank: 0] Saved cross attention to ./attention_weights/cross_attention_batch_28.pt
[2025-10-29 17:13:10,855][src.models.modules.semantic_id.tiger_generation_model][WARNING] - [rank: 0] Failed to stack cross attentions: stack expects each tensor to be equal size, but got [32, 6, 150] at entry 0 and [32, 6, 2, 150] at entry 1
[2025-10-29 17:13:10,856][src.models.modules.semantic_id.tiger_generation_model][WARNING] - [rank: 0]   Hierarchy 0 shape: torch.Size([32, 6, 150])
[2025-10-29 17:13:10,856][src.models.modules.semantic_id.tiger_generation_model][WARNING] - [rank: 0]   Hierarchy 1 shape: torch.Size([32, 6, 2, 150])
[2025-10-29 17:13:10,856][src.models.modules.semantic_id.tiger_generation_model][WARNING] - [rank: 0]   Hierarchy 2 shape: torch.Size([32, 6, 150])
[2025-10-29 17:13:10,856][src.models.modules.semantic_id.tiger_generation_model][WARNING] - [rank: 0]   Hierarchy 3 shape: torch.Size([32, 6, 150])
[2025-10-29 17:13:10,910][src.models.modules.semantic_id.tiger_generation_model][INFO] - [rank: 0] Saved decoder self-attention to ./attention_weights/decoder_self_attention_batch_29.pt
[2025-10-29 17:13:10,910][src.models.modules.semantic_id.tiger_generation_model][INFO] - [rank: 0] Saved encoder attention to ./attention_weights/encoder_attention_batch_29.pt
[2025-10-29 17:13:10,911][src.models.modules.semantic_id.tiger_generation_model][INFO] - [rank: 0] Saved cross attention to ./attention_weights/cross_attention_batch_29.pt
[2025-10-29 17:13:11,170][src.models.modules.semantic_id.tiger_generation_model][WARNING] - [rank: 0] Failed to stack cross attentions: stack expects each tensor to be equal size, but got [32, 6, 150] at entry 0 and [32, 6, 2, 150] at entry 1
[2025-10-29 17:13:11,171][src.models.modules.semantic_id.tiger_generation_model][WARNING] - [rank: 0]   Hierarchy 0 shape: torch.Size([32, 6, 150])
[2025-10-29 17:13:11,171][src.models.modules.semantic_id.tiger_generation_model][WARNING] - [rank: 0]   Hierarchy 1 shape: torch.Size([32, 6, 2, 150])
[2025-10-29 17:13:11,171][src.models.modules.semantic_id.tiger_generation_model][WARNING] - [rank: 0]   Hierarchy 2 shape: torch.Size([32, 6, 150])
[2025-10-29 17:13:11,171][src.models.modules.semantic_id.tiger_generation_model][WARNING] - [rank: 0]   Hierarchy 3 shape: torch.Size([32, 6, 150])
[2025-10-29 17:13:11,225][src.models.modules.semantic_id.tiger_generation_model][INFO] - [rank: 0] Saved decoder self-attention to ./attention_weights/decoder_self_attention_batch_30.pt
[2025-10-29 17:13:11,225][src.models.modules.semantic_id.tiger_generation_model][INFO] - [rank: 0] Saved encoder attention to ./attention_weights/encoder_attention_batch_30.pt
[2025-10-29 17:13:11,225][src.models.modules.semantic_id.tiger_generation_model][INFO] - [rank: 0] Saved cross attention to ./attention_weights/cross_attention_batch_30.pt
[2025-10-29 17:13:11,484][src.models.modules.semantic_id.tiger_generation_model][WARNING] - [rank: 0] Failed to stack cross attentions: stack expects each tensor to be equal size, but got [32, 6, 150] at entry 0 and [32, 6, 2, 150] at entry 1
[2025-10-29 17:13:11,485][src.models.modules.semantic_id.tiger_generation_model][WARNING] - [rank: 0]   Hierarchy 0 shape: torch.Size([32, 6, 150])
[2025-10-29 17:13:11,485][src.models.modules.semantic_id.tiger_generation_model][WARNING] - [rank: 0]   Hierarchy 1 shape: torch.Size([32, 6, 2, 150])
[2025-10-29 17:13:11,485][src.models.modules.semantic_id.tiger_generation_model][WARNING] - [rank: 0]   Hierarchy 2 shape: torch.Size([32, 6, 150])
[2025-10-29 17:13:11,485][src.models.modules.semantic_id.tiger_generation_model][WARNING] - [rank: 0]   Hierarchy 3 shape: torch.Size([32, 6, 150])
[2025-10-29 17:13:11,539][src.models.modules.semantic_id.tiger_generation_model][INFO] - [rank: 0] Saved decoder self-attention to ./attention_weights/decoder_self_attention_batch_31.pt
[2025-10-29 17:13:11,539][src.models.modules.semantic_id.tiger_generation_model][INFO] - [rank: 0] Saved encoder attention to ./attention_weights/encoder_attention_batch_31.pt
[2025-10-29 17:13:11,539][src.models.modules.semantic_id.tiger_generation_model][INFO] - [rank: 0] Saved cross attention to ./attention_weights/cross_attention_batch_31.pt
[2025-10-29 17:13:11,797][src.models.modules.semantic_id.tiger_generation_model][WARNING] - [rank: 0] Failed to stack cross attentions: stack expects each tensor to be equal size, but got [32, 6, 150] at entry 0 and [32, 6, 2, 150] at entry 1
[2025-10-29 17:13:11,798][src.models.modules.semantic_id.tiger_generation_model][WARNING] - [rank: 0]   Hierarchy 0 shape: torch.Size([32, 6, 150])
[2025-10-29 17:13:11,798][src.models.modules.semantic_id.tiger_generation_model][WARNING] - [rank: 0]   Hierarchy 1 shape: torch.Size([32, 6, 2, 150])
[2025-10-29 17:13:11,798][src.models.modules.semantic_id.tiger_generation_model][WARNING] - [rank: 0]   Hierarchy 2 shape: torch.Size([32, 6, 150])
[2025-10-29 17:13:11,798][src.models.modules.semantic_id.tiger_generation_model][WARNING] - [rank: 0]   Hierarchy 3 shape: torch.Size([32, 6, 150])
[2025-10-29 17:13:11,851][src.models.modules.semantic_id.tiger_generation_model][INFO] - [rank: 0] Saved decoder self-attention to ./attention_weights/decoder_self_attention_batch_32.pt
[2025-10-29 17:13:11,852][src.models.modules.semantic_id.tiger_generation_model][INFO] - [rank: 0] Saved encoder attention to ./attention_weights/encoder_attention_batch_32.pt
[2025-10-29 17:13:11,852][src.models.modules.semantic_id.tiger_generation_model][INFO] - [rank: 0] Saved cross attention to ./attention_weights/cross_attention_batch_32.pt
[2025-10-29 17:13:12,106][src.models.modules.semantic_id.tiger_generation_model][WARNING] - [rank: 0] Failed to stack cross attentions: stack expects each tensor to be equal size, but got [32, 6, 150] at entry 0 and [32, 6, 2, 150] at entry 1
[2025-10-29 17:13:12,106][src.models.modules.semantic_id.tiger_generation_model][WARNING] - [rank: 0]   Hierarchy 0 shape: torch.Size([32, 6, 150])
[2025-10-29 17:13:12,106][src.models.modules.semantic_id.tiger_generation_model][WARNING] - [rank: 0]   Hierarchy 1 shape: torch.Size([32, 6, 2, 150])
[2025-10-29 17:13:12,106][src.models.modules.semantic_id.tiger_generation_model][WARNING] - [rank: 0]   Hierarchy 2 shape: torch.Size([32, 6, 150])
[2025-10-29 17:13:12,106][src.models.modules.semantic_id.tiger_generation_model][WARNING] - [rank: 0]   Hierarchy 3 shape: torch.Size([32, 6, 150])
[2025-10-29 17:13:12,162][src.models.modules.semantic_id.tiger_generation_model][INFO] - [rank: 0] Saved decoder self-attention to ./attention_weights/decoder_self_attention_batch_33.pt
[2025-10-29 17:13:12,163][src.models.modules.semantic_id.tiger_generation_model][INFO] - [rank: 0] Saved encoder attention to ./attention_weights/encoder_attention_batch_33.pt
[2025-10-29 17:13:12,163][src.models.modules.semantic_id.tiger_generation_model][INFO] - [rank: 0] Saved cross attention to ./attention_weights/cross_attention_batch_33.pt
[2025-10-29 17:13:12,411][src.models.modules.semantic_id.tiger_generation_model][WARNING] - [rank: 0] Failed to stack cross attentions: stack expects each tensor to be equal size, but got [32, 6, 150] at entry 0 and [32, 6, 2, 150] at entry 1
[2025-10-29 17:13:12,412][src.models.modules.semantic_id.tiger_generation_model][WARNING] - [rank: 0]   Hierarchy 0 shape: torch.Size([32, 6, 150])
[2025-10-29 17:13:12,412][src.models.modules.semantic_id.tiger_generation_model][WARNING] - [rank: 0]   Hierarchy 1 shape: torch.Size([32, 6, 2, 150])
[2025-10-29 17:13:12,412][src.models.modules.semantic_id.tiger_generation_model][WARNING] - [rank: 0]   Hierarchy 2 shape: torch.Size([32, 6, 150])
[2025-10-29 17:13:12,412][src.models.modules.semantic_id.tiger_generation_model][WARNING] - [rank: 0]   Hierarchy 3 shape: torch.Size([32, 6, 150])
[2025-10-29 17:13:12,468][src.models.modules.semantic_id.tiger_generation_model][INFO] - [rank: 0] Saved decoder self-attention to ./attention_weights/decoder_self_attention_batch_34.pt
[2025-10-29 17:13:12,468][src.models.modules.semantic_id.tiger_generation_model][INFO] - [rank: 0] Saved encoder attention to ./attention_weights/encoder_attention_batch_34.pt
[2025-10-29 17:13:12,468][src.models.modules.semantic_id.tiger_generation_model][INFO] - [rank: 0] Saved cross attention to ./attention_weights/cross_attention_batch_34.pt
[2025-10-29 17:13:12,740][src.models.modules.semantic_id.tiger_generation_model][WARNING] - [rank: 0] Failed to stack cross attentions: stack expects each tensor to be equal size, but got [32, 6, 150] at entry 0 and [32, 6, 2, 150] at entry 1
[2025-10-29 17:13:12,740][src.models.modules.semantic_id.tiger_generation_model][WARNING] - [rank: 0]   Hierarchy 0 shape: torch.Size([32, 6, 150])
[2025-10-29 17:13:12,740][src.models.modules.semantic_id.tiger_generation_model][WARNING] - [rank: 0]   Hierarchy 1 shape: torch.Size([32, 6, 2, 150])
[2025-10-29 17:13:12,740][src.models.modules.semantic_id.tiger_generation_model][WARNING] - [rank: 0]   Hierarchy 2 shape: torch.Size([32, 6, 150])
[2025-10-29 17:13:12,740][src.models.modules.semantic_id.tiger_generation_model][WARNING] - [rank: 0]   Hierarchy 3 shape: torch.Size([32, 6, 150])
[2025-10-29 17:13:12,795][src.models.modules.semantic_id.tiger_generation_model][INFO] - [rank: 0] Saved decoder self-attention to ./attention_weights/decoder_self_attention_batch_35.pt
[2025-10-29 17:13:12,795][src.models.modules.semantic_id.tiger_generation_model][INFO] - [rank: 0] Saved encoder attention to ./attention_weights/encoder_attention_batch_35.pt
[2025-10-29 17:13:12,795][src.models.modules.semantic_id.tiger_generation_model][INFO] - [rank: 0] Saved cross attention to ./attention_weights/cross_attention_batch_35.pt
[2025-10-29 17:13:13,084][src.models.modules.semantic_id.tiger_generation_model][WARNING] - [rank: 0] Failed to stack cross attentions: stack expects each tensor to be equal size, but got [32, 6, 150] at entry 0 and [32, 6, 2, 150] at entry 1
[2025-10-29 17:13:13,085][src.models.modules.semantic_id.tiger_generation_model][WARNING] - [rank: 0]   Hierarchy 0 shape: torch.Size([32, 6, 150])
[2025-10-29 17:13:13,085][src.models.modules.semantic_id.tiger_generation_model][WARNING] - [rank: 0]   Hierarchy 1 shape: torch.Size([32, 6, 2, 150])
[2025-10-29 17:13:13,085][src.models.modules.semantic_id.tiger_generation_model][WARNING] - [rank: 0]   Hierarchy 2 shape: torch.Size([32, 6, 150])
[2025-10-29 17:13:13,085][src.models.modules.semantic_id.tiger_generation_model][WARNING] - [rank: 0]   Hierarchy 3 shape: torch.Size([32, 6, 150])
[2025-10-29 17:13:13,139][src.models.modules.semantic_id.tiger_generation_model][INFO] - [rank: 0] Saved decoder self-attention to ./attention_weights/decoder_self_attention_batch_36.pt
[2025-10-29 17:13:13,139][src.models.modules.semantic_id.tiger_generation_model][INFO] - [rank: 0] Saved encoder attention to ./attention_weights/encoder_attention_batch_36.pt
[2025-10-29 17:13:13,139][src.models.modules.semantic_id.tiger_generation_model][INFO] - [rank: 0] Saved cross attention to ./attention_weights/cross_attention_batch_36.pt
[2025-10-29 17:13:13,410][src.models.modules.semantic_id.tiger_generation_model][WARNING] - [rank: 0] Failed to stack cross attentions: stack expects each tensor to be equal size, but got [32, 6, 150] at entry 0 and [32, 6, 2, 150] at entry 1
[2025-10-29 17:13:13,410][src.models.modules.semantic_id.tiger_generation_model][WARNING] - [rank: 0]   Hierarchy 0 shape: torch.Size([32, 6, 150])
[2025-10-29 17:13:13,410][src.models.modules.semantic_id.tiger_generation_model][WARNING] - [rank: 0]   Hierarchy 1 shape: torch.Size([32, 6, 2, 150])
[2025-10-29 17:13:13,410][src.models.modules.semantic_id.tiger_generation_model][WARNING] - [rank: 0]   Hierarchy 2 shape: torch.Size([32, 6, 150])
[2025-10-29 17:13:13,410][src.models.modules.semantic_id.tiger_generation_model][WARNING] - [rank: 0]   Hierarchy 3 shape: torch.Size([32, 6, 150])
[2025-10-29 17:13:13,468][src.models.modules.semantic_id.tiger_generation_model][INFO] - [rank: 0] Saved decoder self-attention to ./attention_weights/decoder_self_attention_batch_37.pt
[2025-10-29 17:13:13,468][src.models.modules.semantic_id.tiger_generation_model][INFO] - [rank: 0] Saved encoder attention to ./attention_weights/encoder_attention_batch_37.pt
[2025-10-29 17:13:13,468][src.models.modules.semantic_id.tiger_generation_model][INFO] - [rank: 0] Saved cross attention to ./attention_weights/cross_attention_batch_37.pt
[2025-10-29 17:13:13,750][src.models.modules.semantic_id.tiger_generation_model][WARNING] - [rank: 0] Failed to stack cross attentions: stack expects each tensor to be equal size, but got [32, 6, 150] at entry 0 and [32, 6, 2, 150] at entry 1
[2025-10-29 17:13:13,750][src.models.modules.semantic_id.tiger_generation_model][WARNING] - [rank: 0]   Hierarchy 0 shape: torch.Size([32, 6, 150])
[2025-10-29 17:13:13,750][src.models.modules.semantic_id.tiger_generation_model][WARNING] - [rank: 0]   Hierarchy 1 shape: torch.Size([32, 6, 2, 150])
[2025-10-29 17:13:13,750][src.models.modules.semantic_id.tiger_generation_model][WARNING] - [rank: 0]   Hierarchy 2 shape: torch.Size([32, 6, 150])
[2025-10-29 17:13:13,750][src.models.modules.semantic_id.tiger_generation_model][WARNING] - [rank: 0]   Hierarchy 3 shape: torch.Size([32, 6, 150])
[2025-10-29 17:13:13,809][src.models.modules.semantic_id.tiger_generation_model][INFO] - [rank: 0] Saved decoder self-attention to ./attention_weights/decoder_self_attention_batch_38.pt
[2025-10-29 17:13:13,809][src.models.modules.semantic_id.tiger_generation_model][INFO] - [rank: 0] Saved encoder attention to ./attention_weights/encoder_attention_batch_38.pt
[2025-10-29 17:13:13,809][src.models.modules.semantic_id.tiger_generation_model][INFO] - [rank: 0] Saved cross attention to ./attention_weights/cross_attention_batch_38.pt
[2025-10-29 17:13:14,065][src.models.modules.semantic_id.tiger_generation_model][WARNING] - [rank: 0] Failed to stack cross attentions: stack expects each tensor to be equal size, but got [32, 6, 150] at entry 0 and [32, 6, 2, 150] at entry 1
[2025-10-29 17:13:14,066][src.models.modules.semantic_id.tiger_generation_model][WARNING] - [rank: 0]   Hierarchy 0 shape: torch.Size([32, 6, 150])
[2025-10-29 17:13:14,066][src.models.modules.semantic_id.tiger_generation_model][WARNING] - [rank: 0]   Hierarchy 1 shape: torch.Size([32, 6, 2, 150])
[2025-10-29 17:13:14,066][src.models.modules.semantic_id.tiger_generation_model][WARNING] - [rank: 0]   Hierarchy 2 shape: torch.Size([32, 6, 150])
[2025-10-29 17:13:14,066][src.models.modules.semantic_id.tiger_generation_model][WARNING] - [rank: 0]   Hierarchy 3 shape: torch.Size([32, 6, 150])
[2025-10-29 17:13:14,121][src.models.modules.semantic_id.tiger_generation_model][INFO] - [rank: 0] Saved decoder self-attention to ./attention_weights/decoder_self_attention_batch_39.pt
[2025-10-29 17:13:14,121][src.models.modules.semantic_id.tiger_generation_model][INFO] - [rank: 0] Saved encoder attention to ./attention_weights/encoder_attention_batch_39.pt
[2025-10-29 17:13:14,121][src.models.modules.semantic_id.tiger_generation_model][INFO] - [rank: 0] Saved cross attention to ./attention_weights/cross_attention_batch_39.pt
[2025-10-29 17:13:14,386][src.models.modules.semantic_id.tiger_generation_model][WARNING] - [rank: 0] Failed to stack cross attentions: stack expects each tensor to be equal size, but got [32, 6, 150] at entry 0 and [32, 6, 2, 150] at entry 1
[2025-10-29 17:13:14,387][src.models.modules.semantic_id.tiger_generation_model][WARNING] - [rank: 0]   Hierarchy 0 shape: torch.Size([32, 6, 150])
[2025-10-29 17:13:14,387][src.models.modules.semantic_id.tiger_generation_model][WARNING] - [rank: 0]   Hierarchy 1 shape: torch.Size([32, 6, 2, 150])
[2025-10-29 17:13:14,387][src.models.modules.semantic_id.tiger_generation_model][WARNING] - [rank: 0]   Hierarchy 2 shape: torch.Size([32, 6, 150])
[2025-10-29 17:13:14,388][src.models.modules.semantic_id.tiger_generation_model][WARNING] - [rank: 0]   Hierarchy 3 shape: torch.Size([32, 6, 150])
[2025-10-29 17:13:14,447][src.models.modules.semantic_id.tiger_generation_model][INFO] - [rank: 0] Saved decoder self-attention to ./attention_weights/decoder_self_attention_batch_40.pt
[2025-10-29 17:13:14,447][src.models.modules.semantic_id.tiger_generation_model][INFO] - [rank: 0] Saved encoder attention to ./attention_weights/encoder_attention_batch_40.pt
[2025-10-29 17:13:14,447][src.models.modules.semantic_id.tiger_generation_model][INFO] - [rank: 0] Saved cross attention to ./attention_weights/cross_attention_batch_40.pt
[2025-10-29 17:13:14,705][src.models.modules.semantic_id.tiger_generation_model][WARNING] - [rank: 0] Failed to stack cross attentions: stack expects each tensor to be equal size, but got [32, 6, 150] at entry 0 and [32, 6, 2, 150] at entry 1
[2025-10-29 17:13:14,706][src.models.modules.semantic_id.tiger_generation_model][WARNING] - [rank: 0]   Hierarchy 0 shape: torch.Size([32, 6, 150])
[2025-10-29 17:13:14,706][src.models.modules.semantic_id.tiger_generation_model][WARNING] - [rank: 0]   Hierarchy 1 shape: torch.Size([32, 6, 2, 150])
[2025-10-29 17:13:14,706][src.models.modules.semantic_id.tiger_generation_model][WARNING] - [rank: 0]   Hierarchy 2 shape: torch.Size([32, 6, 150])
[2025-10-29 17:13:14,706][src.models.modules.semantic_id.tiger_generation_model][WARNING] - [rank: 0]   Hierarchy 3 shape: torch.Size([32, 6, 150])
[2025-10-29 17:13:14,764][src.models.modules.semantic_id.tiger_generation_model][INFO] - [rank: 0] Saved decoder self-attention to ./attention_weights/decoder_self_attention_batch_41.pt
[2025-10-29 17:13:14,764][src.models.modules.semantic_id.tiger_generation_model][INFO] - [rank: 0] Saved encoder attention to ./attention_weights/encoder_attention_batch_41.pt
[2025-10-29 17:13:14,764][src.models.modules.semantic_id.tiger_generation_model][INFO] - [rank: 0] Saved cross attention to ./attention_weights/cross_attention_batch_41.pt
[2025-10-29 17:13:15,055][src.models.modules.semantic_id.tiger_generation_model][WARNING] - [rank: 0] Failed to stack cross attentions: stack expects each tensor to be equal size, but got [32, 6, 150] at entry 0 and [32, 6, 2, 150] at entry 1
[2025-10-29 17:13:15,056][src.models.modules.semantic_id.tiger_generation_model][WARNING] - [rank: 0]   Hierarchy 0 shape: torch.Size([32, 6, 150])
[2025-10-29 17:13:15,056][src.models.modules.semantic_id.tiger_generation_model][WARNING] - [rank: 0]   Hierarchy 1 shape: torch.Size([32, 6, 2, 150])
[2025-10-29 17:13:15,056][src.models.modules.semantic_id.tiger_generation_model][WARNING] - [rank: 0]   Hierarchy 2 shape: torch.Size([32, 6, 150])
[2025-10-29 17:13:15,056][src.models.modules.semantic_id.tiger_generation_model][WARNING] - [rank: 0]   Hierarchy 3 shape: torch.Size([32, 6, 150])
[2025-10-29 17:13:15,114][src.models.modules.semantic_id.tiger_generation_model][INFO] - [rank: 0] Saved decoder self-attention to ./attention_weights/decoder_self_attention_batch_42.pt
[2025-10-29 17:13:15,115][src.models.modules.semantic_id.tiger_generation_model][INFO] - [rank: 0] Saved encoder attention to ./attention_weights/encoder_attention_batch_42.pt
[2025-10-29 17:13:15,115][src.models.modules.semantic_id.tiger_generation_model][INFO] - [rank: 0] Saved cross attention to ./attention_weights/cross_attention_batch_42.pt
[2025-10-29 17:13:15,433][src.models.modules.semantic_id.tiger_generation_model][WARNING] - [rank: 0] Failed to stack cross attentions: stack expects each tensor to be equal size, but got [32, 6, 150] at entry 0 and [32, 6, 2, 150] at entry 1
[2025-10-29 17:13:15,433][src.models.modules.semantic_id.tiger_generation_model][WARNING] - [rank: 0]   Hierarchy 0 shape: torch.Size([32, 6, 150])
[2025-10-29 17:13:15,433][src.models.modules.semantic_id.tiger_generation_model][WARNING] - [rank: 0]   Hierarchy 1 shape: torch.Size([32, 6, 2, 150])
[2025-10-29 17:13:15,433][src.models.modules.semantic_id.tiger_generation_model][WARNING] - [rank: 0]   Hierarchy 2 shape: torch.Size([32, 6, 150])
[2025-10-29 17:13:15,434][src.models.modules.semantic_id.tiger_generation_model][WARNING] - [rank: 0]   Hierarchy 3 shape: torch.Size([32, 6, 150])
[2025-10-29 17:13:15,489][src.models.modules.semantic_id.tiger_generation_model][INFO] - [rank: 0] Saved decoder self-attention to ./attention_weights/decoder_self_attention_batch_43.pt
[2025-10-29 17:13:15,489][src.models.modules.semantic_id.tiger_generation_model][INFO] - [rank: 0] Saved encoder attention to ./attention_weights/encoder_attention_batch_43.pt
[2025-10-29 17:13:15,489][src.models.modules.semantic_id.tiger_generation_model][INFO] - [rank: 0] Saved cross attention to ./attention_weights/cross_attention_batch_43.pt
[2025-10-29 17:13:15,820][src.models.modules.semantic_id.tiger_generation_model][WARNING] - [rank: 0] Failed to stack cross attentions: stack expects each tensor to be equal size, but got [32, 6, 150] at entry 0 and [32, 6, 2, 150] at entry 1
[2025-10-29 17:13:15,820][src.models.modules.semantic_id.tiger_generation_model][WARNING] - [rank: 0]   Hierarchy 0 shape: torch.Size([32, 6, 150])
[2025-10-29 17:13:15,820][src.models.modules.semantic_id.tiger_generation_model][WARNING] - [rank: 0]   Hierarchy 1 shape: torch.Size([32, 6, 2, 150])
[2025-10-29 17:13:15,821][src.models.modules.semantic_id.tiger_generation_model][WARNING] - [rank: 0]   Hierarchy 2 shape: torch.Size([32, 6, 150])
[2025-10-29 17:13:15,821][src.models.modules.semantic_id.tiger_generation_model][WARNING] - [rank: 0]   Hierarchy 3 shape: torch.Size([32, 6, 150])
[2025-10-29 17:13:15,875][src.models.modules.semantic_id.tiger_generation_model][INFO] - [rank: 0] Saved decoder self-attention to ./attention_weights/decoder_self_attention_batch_44.pt
[2025-10-29 17:13:15,875][src.models.modules.semantic_id.tiger_generation_model][INFO] - [rank: 0] Saved encoder attention to ./attention_weights/encoder_attention_batch_44.pt
[2025-10-29 17:13:15,876][src.models.modules.semantic_id.tiger_generation_model][INFO] - [rank: 0] Saved cross attention to ./attention_weights/cross_attention_batch_44.pt
[2025-10-29 17:13:16,216][src.models.modules.semantic_id.tiger_generation_model][WARNING] - [rank: 0] Failed to stack cross attentions: stack expects each tensor to be equal size, but got [32, 6, 150] at entry 0 and [32, 6, 2, 150] at entry 1
[2025-10-29 17:13:16,216][src.models.modules.semantic_id.tiger_generation_model][WARNING] - [rank: 0]   Hierarchy 0 shape: torch.Size([32, 6, 150])
[2025-10-29 17:13:16,216][src.models.modules.semantic_id.tiger_generation_model][WARNING] - [rank: 0]   Hierarchy 1 shape: torch.Size([32, 6, 2, 150])
[2025-10-29 17:13:16,216][src.models.modules.semantic_id.tiger_generation_model][WARNING] - [rank: 0]   Hierarchy 2 shape: torch.Size([32, 6, 150])
[2025-10-29 17:13:16,216][src.models.modules.semantic_id.tiger_generation_model][WARNING] - [rank: 0]   Hierarchy 3 shape: torch.Size([32, 6, 150])
[2025-10-29 17:13:16,283][src.models.modules.semantic_id.tiger_generation_model][INFO] - [rank: 0] Saved decoder self-attention to ./attention_weights/decoder_self_attention_batch_45.pt
[2025-10-29 17:13:16,283][src.models.modules.semantic_id.tiger_generation_model][INFO] - [rank: 0] Saved encoder attention to ./attention_weights/encoder_attention_batch_45.pt
[2025-10-29 17:13:16,283][src.models.modules.semantic_id.tiger_generation_model][INFO] - [rank: 0] Saved cross attention to ./attention_weights/cross_attention_batch_45.pt
[2025-10-29 17:13:16,553][src.models.modules.semantic_id.tiger_generation_model][WARNING] - [rank: 0] Failed to stack cross attentions: stack expects each tensor to be equal size, but got [32, 6, 150] at entry 0 and [32, 6, 2, 150] at entry 1
[2025-10-29 17:13:16,554][src.models.modules.semantic_id.tiger_generation_model][WARNING] - [rank: 0]   Hierarchy 0 shape: torch.Size([32, 6, 150])
[2025-10-29 17:13:16,554][src.models.modules.semantic_id.tiger_generation_model][WARNING] - [rank: 0]   Hierarchy 1 shape: torch.Size([32, 6, 2, 150])
[2025-10-29 17:13:16,554][src.models.modules.semantic_id.tiger_generation_model][WARNING] - [rank: 0]   Hierarchy 2 shape: torch.Size([32, 6, 150])
[2025-10-29 17:13:16,554][src.models.modules.semantic_id.tiger_generation_model][WARNING] - [rank: 0]   Hierarchy 3 shape: torch.Size([32, 6, 150])
[2025-10-29 17:13:16,611][src.models.modules.semantic_id.tiger_generation_model][INFO] - [rank: 0] Saved decoder self-attention to ./attention_weights/decoder_self_attention_batch_46.pt
[2025-10-29 17:13:16,611][src.models.modules.semantic_id.tiger_generation_model][INFO] - [rank: 0] Saved encoder attention to ./attention_weights/encoder_attention_batch_46.pt
[2025-10-29 17:13:16,611][src.models.modules.semantic_id.tiger_generation_model][INFO] - [rank: 0] Saved cross attention to ./attention_weights/cross_attention_batch_46.pt
[2025-10-29 17:13:16,896][src.models.modules.semantic_id.tiger_generation_model][WARNING] - [rank: 0] Failed to stack cross attentions: stack expects each tensor to be equal size, but got [32, 6, 150] at entry 0 and [32, 6, 2, 150] at entry 1
[2025-10-29 17:13:16,897][src.models.modules.semantic_id.tiger_generation_model][WARNING] - [rank: 0]   Hierarchy 0 shape: torch.Size([32, 6, 150])
[2025-10-29 17:13:16,897][src.models.modules.semantic_id.tiger_generation_model][WARNING] - [rank: 0]   Hierarchy 1 shape: torch.Size([32, 6, 2, 150])
[2025-10-29 17:13:16,897][src.models.modules.semantic_id.tiger_generation_model][WARNING] - [rank: 0]   Hierarchy 2 shape: torch.Size([32, 6, 150])
[2025-10-29 17:13:16,897][src.models.modules.semantic_id.tiger_generation_model][WARNING] - [rank: 0]   Hierarchy 3 shape: torch.Size([32, 6, 150])
[2025-10-29 17:13:16,972][src.models.modules.semantic_id.tiger_generation_model][INFO] - [rank: 0] Saved decoder self-attention to ./attention_weights/decoder_self_attention_batch_47.pt
[2025-10-29 17:13:16,972][src.models.modules.semantic_id.tiger_generation_model][INFO] - [rank: 0] Saved encoder attention to ./attention_weights/encoder_attention_batch_47.pt
[2025-10-29 17:13:16,972][src.models.modules.semantic_id.tiger_generation_model][INFO] - [rank: 0] Saved cross attention to ./attention_weights/cross_attention_batch_47.pt
[2025-10-29 17:13:17,256][src.models.modules.semantic_id.tiger_generation_model][WARNING] - [rank: 0] Failed to stack cross attentions: stack expects each tensor to be equal size, but got [32, 6, 150] at entry 0 and [32, 6, 2, 150] at entry 1
[2025-10-29 17:13:17,256][src.models.modules.semantic_id.tiger_generation_model][WARNING] - [rank: 0]   Hierarchy 0 shape: torch.Size([32, 6, 150])
[2025-10-29 17:13:17,256][src.models.modules.semantic_id.tiger_generation_model][WARNING] - [rank: 0]   Hierarchy 1 shape: torch.Size([32, 6, 2, 150])
[2025-10-29 17:13:17,256][src.models.modules.semantic_id.tiger_generation_model][WARNING] - [rank: 0]   Hierarchy 2 shape: torch.Size([32, 6, 150])
[2025-10-29 17:13:17,257][src.models.modules.semantic_id.tiger_generation_model][WARNING] - [rank: 0]   Hierarchy 3 shape: torch.Size([32, 6, 150])
[2025-10-29 17:13:17,316][src.models.modules.semantic_id.tiger_generation_model][INFO] - [rank: 0] Saved decoder self-attention to ./attention_weights/decoder_self_attention_batch_48.pt
[2025-10-29 17:13:17,316][src.models.modules.semantic_id.tiger_generation_model][INFO] - [rank: 0] Saved encoder attention to ./attention_weights/encoder_attention_batch_48.pt
[2025-10-29 17:13:17,316][src.models.modules.semantic_id.tiger_generation_model][INFO] - [rank: 0] Saved cross attention to ./attention_weights/cross_attention_batch_48.pt
[2025-10-29 17:13:17,590][src.models.modules.semantic_id.tiger_generation_model][WARNING] - [rank: 0] Failed to stack cross attentions: stack expects each tensor to be equal size, but got [32, 6, 150] at entry 0 and [32, 6, 2, 150] at entry 1
[2025-10-29 17:13:17,590][src.models.modules.semantic_id.tiger_generation_model][WARNING] - [rank: 0]   Hierarchy 0 shape: torch.Size([32, 6, 150])
[2025-10-29 17:13:17,590][src.models.modules.semantic_id.tiger_generation_model][WARNING] - [rank: 0]   Hierarchy 1 shape: torch.Size([32, 6, 2, 150])
[2025-10-29 17:13:17,590][src.models.modules.semantic_id.tiger_generation_model][WARNING] - [rank: 0]   Hierarchy 2 shape: torch.Size([32, 6, 150])
[2025-10-29 17:13:17,590][src.models.modules.semantic_id.tiger_generation_model][WARNING] - [rank: 0]   Hierarchy 3 shape: torch.Size([32, 6, 150])
[2025-10-29 17:13:17,645][src.models.modules.semantic_id.tiger_generation_model][INFO] - [rank: 0] Saved decoder self-attention to ./attention_weights/decoder_self_attention_batch_49.pt
[2025-10-29 17:13:17,645][src.models.modules.semantic_id.tiger_generation_model][INFO] - [rank: 0] Saved encoder attention to ./attention_weights/encoder_attention_batch_49.pt
[2025-10-29 17:13:17,645][src.models.modules.semantic_id.tiger_generation_model][INFO] - [rank: 0] Saved cross attention to ./attention_weights/cross_attention_batch_49.pt
[2025-10-29 17:13:18,627][src.models.modules.semantic_id.tiger_generation_model][WARNING] - [rank: 0] Failed to stack cross attentions: stack expects each tensor to be equal size, but got [32, 6, 150] at entry 0 and [32, 6, 2, 150] at entry 1
[2025-10-29 17:13:18,627][src.models.modules.semantic_id.tiger_generation_model][WARNING] - [rank: 0]   Hierarchy 0 shape: torch.Size([32, 6, 150])
[2025-10-29 17:13:18,627][src.models.modules.semantic_id.tiger_generation_model][WARNING] - [rank: 0]   Hierarchy 1 shape: torch.Size([32, 6, 2, 150])
[2025-10-29 17:13:18,628][src.models.modules.semantic_id.tiger_generation_model][WARNING] - [rank: 0]   Hierarchy 2 shape: torch.Size([32, 6, 150])
[2025-10-29 17:13:18,628][src.models.modules.semantic_id.tiger_generation_model][WARNING] - [rank: 0]   Hierarchy 3 shape: torch.Size([32, 6, 150])
[2025-10-29 17:13:18,681][src.models.modules.semantic_id.tiger_generation_model][INFO] - [rank: 0] Saved decoder self-attention to ./attention_weights/decoder_self_attention_batch_50.pt
[2025-10-29 17:13:18,681][src.models.modules.semantic_id.tiger_generation_model][INFO] - [rank: 0] Saved encoder attention to ./attention_weights/encoder_attention_batch_50.pt
[2025-10-29 17:13:18,681][src.models.modules.semantic_id.tiger_generation_model][INFO] - [rank: 0] Saved cross attention to ./attention_weights/cross_attention_batch_50.pt
[2025-10-29 17:13:18,978][src.models.modules.semantic_id.tiger_generation_model][WARNING] - [rank: 0] Failed to stack cross attentions: stack expects each tensor to be equal size, but got [32, 6, 150] at entry 0 and [32, 6, 2, 150] at entry 1
[2025-10-29 17:13:18,978][src.models.modules.semantic_id.tiger_generation_model][WARNING] - [rank: 0]   Hierarchy 0 shape: torch.Size([32, 6, 150])
[2025-10-29 17:13:18,978][src.models.modules.semantic_id.tiger_generation_model][WARNING] - [rank: 0]   Hierarchy 1 shape: torch.Size([32, 6, 2, 150])
[2025-10-29 17:13:18,978][src.models.modules.semantic_id.tiger_generation_model][WARNING] - [rank: 0]   Hierarchy 2 shape: torch.Size([32, 6, 150])
[2025-10-29 17:13:18,978][src.models.modules.semantic_id.tiger_generation_model][WARNING] - [rank: 0]   Hierarchy 3 shape: torch.Size([32, 6, 150])
[2025-10-29 17:13:19,034][src.models.modules.semantic_id.tiger_generation_model][INFO] - [rank: 0] Saved decoder self-attention to ./attention_weights/decoder_self_attention_batch_51.pt
[2025-10-29 17:13:19,035][src.models.modules.semantic_id.tiger_generation_model][INFO] - [rank: 0] Saved encoder attention to ./attention_weights/encoder_attention_batch_51.pt
[2025-10-29 17:13:19,035][src.models.modules.semantic_id.tiger_generation_model][INFO] - [rank: 0] Saved cross attention to ./attention_weights/cross_attention_batch_51.pt
[2025-10-29 17:13:19,288][src.models.modules.semantic_id.tiger_generation_model][WARNING] - [rank: 0] Failed to stack cross attentions: stack expects each tensor to be equal size, but got [32, 6, 150] at entry 0 and [32, 6, 2, 150] at entry 1
[2025-10-29 17:13:19,288][src.models.modules.semantic_id.tiger_generation_model][WARNING] - [rank: 0]   Hierarchy 0 shape: torch.Size([32, 6, 150])
[2025-10-29 17:13:19,288][src.models.modules.semantic_id.tiger_generation_model][WARNING] - [rank: 0]   Hierarchy 1 shape: torch.Size([32, 6, 2, 150])
[2025-10-29 17:13:19,289][src.models.modules.semantic_id.tiger_generation_model][WARNING] - [rank: 0]   Hierarchy 2 shape: torch.Size([32, 6, 150])
[2025-10-29 17:13:19,289][src.models.modules.semantic_id.tiger_generation_model][WARNING] - [rank: 0]   Hierarchy 3 shape: torch.Size([32, 6, 150])
[2025-10-29 17:13:19,348][src.models.modules.semantic_id.tiger_generation_model][INFO] - [rank: 0] Saved decoder self-attention to ./attention_weights/decoder_self_attention_batch_52.pt
[2025-10-29 17:13:19,348][src.models.modules.semantic_id.tiger_generation_model][INFO] - [rank: 0] Saved encoder attention to ./attention_weights/encoder_attention_batch_52.pt
[2025-10-29 17:13:19,349][src.models.modules.semantic_id.tiger_generation_model][INFO] - [rank: 0] Saved cross attention to ./attention_weights/cross_attention_batch_52.pt
[2025-10-29 17:13:19,698][src.models.modules.semantic_id.tiger_generation_model][WARNING] - [rank: 0] Failed to stack cross attentions: stack expects each tensor to be equal size, but got [32, 6, 150] at entry 0 and [32, 6, 2, 150] at entry 1
[2025-10-29 17:13:19,698][src.models.modules.semantic_id.tiger_generation_model][WARNING] - [rank: 0]   Hierarchy 0 shape: torch.Size([32, 6, 150])
[2025-10-29 17:13:19,698][src.models.modules.semantic_id.tiger_generation_model][WARNING] - [rank: 0]   Hierarchy 1 shape: torch.Size([32, 6, 2, 150])
[2025-10-29 17:13:19,699][src.models.modules.semantic_id.tiger_generation_model][WARNING] - [rank: 0]   Hierarchy 2 shape: torch.Size([32, 6, 150])
[2025-10-29 17:13:19,699][src.models.modules.semantic_id.tiger_generation_model][WARNING] - [rank: 0]   Hierarchy 3 shape: torch.Size([32, 6, 150])
[2025-10-29 17:13:19,751][src.models.modules.semantic_id.tiger_generation_model][INFO] - [rank: 0] Saved decoder self-attention to ./attention_weights/decoder_self_attention_batch_53.pt
[2025-10-29 17:13:19,752][src.models.modules.semantic_id.tiger_generation_model][INFO] - [rank: 0] Saved encoder attention to ./attention_weights/encoder_attention_batch_53.pt
[2025-10-29 17:13:19,752][src.models.modules.semantic_id.tiger_generation_model][INFO] - [rank: 0] Saved cross attention to ./attention_weights/cross_attention_batch_53.pt
[2025-10-29 17:13:20,018][src.models.modules.semantic_id.tiger_generation_model][WARNING] - [rank: 0] Failed to stack cross attentions: stack expects each tensor to be equal size, but got [32, 6, 150] at entry 0 and [32, 6, 2, 150] at entry 1
[2025-10-29 17:13:20,018][src.models.modules.semantic_id.tiger_generation_model][WARNING] - [rank: 0]   Hierarchy 0 shape: torch.Size([32, 6, 150])
[2025-10-29 17:13:20,019][src.models.modules.semantic_id.tiger_generation_model][WARNING] - [rank: 0]   Hierarchy 1 shape: torch.Size([32, 6, 2, 150])
[2025-10-29 17:13:20,019][src.models.modules.semantic_id.tiger_generation_model][WARNING] - [rank: 0]   Hierarchy 2 shape: torch.Size([32, 6, 150])
[2025-10-29 17:13:20,019][src.models.modules.semantic_id.tiger_generation_model][WARNING] - [rank: 0]   Hierarchy 3 shape: torch.Size([32, 6, 150])
[2025-10-29 17:13:20,086][src.models.modules.semantic_id.tiger_generation_model][INFO] - [rank: 0] Saved decoder self-attention to ./attention_weights/decoder_self_attention_batch_54.pt
[2025-10-29 17:13:20,086][src.models.modules.semantic_id.tiger_generation_model][INFO] - [rank: 0] Saved encoder attention to ./attention_weights/encoder_attention_batch_54.pt
[2025-10-29 17:13:20,086][src.models.modules.semantic_id.tiger_generation_model][INFO] - [rank: 0] Saved cross attention to ./attention_weights/cross_attention_batch_54.pt
[2025-10-29 17:13:20,333][src.models.modules.semantic_id.tiger_generation_model][WARNING] - [rank: 0] Failed to stack cross attentions: stack expects each tensor to be equal size, but got [32, 6, 150] at entry 0 and [32, 6, 2, 150] at entry 1
[2025-10-29 17:13:20,333][src.models.modules.semantic_id.tiger_generation_model][WARNING] - [rank: 0]   Hierarchy 0 shape: torch.Size([32, 6, 150])
[2025-10-29 17:13:20,333][src.models.modules.semantic_id.tiger_generation_model][WARNING] - [rank: 0]   Hierarchy 1 shape: torch.Size([32, 6, 2, 150])
[2025-10-29 17:13:20,333][src.models.modules.semantic_id.tiger_generation_model][WARNING] - [rank: 0]   Hierarchy 2 shape: torch.Size([32, 6, 150])
[2025-10-29 17:13:20,333][src.models.modules.semantic_id.tiger_generation_model][WARNING] - [rank: 0]   Hierarchy 3 shape: torch.Size([32, 6, 150])
[2025-10-29 17:13:20,386][src.models.modules.semantic_id.tiger_generation_model][INFO] - [rank: 0] Saved decoder self-attention to ./attention_weights/decoder_self_attention_batch_55.pt
[2025-10-29 17:13:20,386][src.models.modules.semantic_id.tiger_generation_model][INFO] - [rank: 0] Saved encoder attention to ./attention_weights/encoder_attention_batch_55.pt
[2025-10-29 17:13:20,386][src.models.modules.semantic_id.tiger_generation_model][INFO] - [rank: 0] Saved cross attention to ./attention_weights/cross_attention_batch_55.pt
[2025-10-29 17:13:20,626][src.models.modules.semantic_id.tiger_generation_model][WARNING] - [rank: 0] Failed to stack cross attentions: stack expects each tensor to be equal size, but got [32, 6, 150] at entry 0 and [32, 6, 2, 150] at entry 1
[2025-10-29 17:13:20,626][src.models.modules.semantic_id.tiger_generation_model][WARNING] - [rank: 0]   Hierarchy 0 shape: torch.Size([32, 6, 150])
[2025-10-29 17:13:20,626][src.models.modules.semantic_id.tiger_generation_model][WARNING] - [rank: 0]   Hierarchy 1 shape: torch.Size([32, 6, 2, 150])
[2025-10-29 17:13:20,626][src.models.modules.semantic_id.tiger_generation_model][WARNING] - [rank: 0]   Hierarchy 2 shape: torch.Size([32, 6, 150])
[2025-10-29 17:13:20,626][src.models.modules.semantic_id.tiger_generation_model][WARNING] - [rank: 0]   Hierarchy 3 shape: torch.Size([32, 6, 150])
[2025-10-29 17:13:20,680][src.models.modules.semantic_id.tiger_generation_model][INFO] - [rank: 0] Saved decoder self-attention to ./attention_weights/decoder_self_attention_batch_56.pt
[2025-10-29 17:13:20,681][src.models.modules.semantic_id.tiger_generation_model][INFO] - [rank: 0] Saved encoder attention to ./attention_weights/encoder_attention_batch_56.pt
[2025-10-29 17:13:20,681][src.models.modules.semantic_id.tiger_generation_model][INFO] - [rank: 0] Saved cross attention to ./attention_weights/cross_attention_batch_56.pt
[2025-10-29 17:13:20,926][src.models.modules.semantic_id.tiger_generation_model][WARNING] - [rank: 0] Failed to stack cross attentions: stack expects each tensor to be equal size, but got [32, 6, 150] at entry 0 and [32, 6, 2, 150] at entry 1
[2025-10-29 17:13:20,927][src.models.modules.semantic_id.tiger_generation_model][WARNING] - [rank: 0]   Hierarchy 0 shape: torch.Size([32, 6, 150])
[2025-10-29 17:13:20,927][src.models.modules.semantic_id.tiger_generation_model][WARNING] - [rank: 0]   Hierarchy 1 shape: torch.Size([32, 6, 2, 150])
[2025-10-29 17:13:20,927][src.models.modules.semantic_id.tiger_generation_model][WARNING] - [rank: 0]   Hierarchy 2 shape: torch.Size([32, 6, 150])
[2025-10-29 17:13:20,927][src.models.modules.semantic_id.tiger_generation_model][WARNING] - [rank: 0]   Hierarchy 3 shape: torch.Size([32, 6, 150])
[2025-10-29 17:13:20,980][src.models.modules.semantic_id.tiger_generation_model][INFO] - [rank: 0] Saved decoder self-attention to ./attention_weights/decoder_self_attention_batch_57.pt
[2025-10-29 17:13:20,980][src.models.modules.semantic_id.tiger_generation_model][INFO] - [rank: 0] Saved encoder attention to ./attention_weights/encoder_attention_batch_57.pt
[2025-10-29 17:13:20,980][src.models.modules.semantic_id.tiger_generation_model][INFO] - [rank: 0] Saved cross attention to ./attention_weights/cross_attention_batch_57.pt
[2025-10-29 17:13:21,220][src.models.modules.semantic_id.tiger_generation_model][WARNING] - [rank: 0] Failed to stack cross attentions: stack expects each tensor to be equal size, but got [32, 6, 150] at entry 0 and [32, 6, 2, 150] at entry 1
[2025-10-29 17:13:21,221][src.models.modules.semantic_id.tiger_generation_model][WARNING] - [rank: 0]   Hierarchy 0 shape: torch.Size([32, 6, 150])
[2025-10-29 17:13:21,221][src.models.modules.semantic_id.tiger_generation_model][WARNING] - [rank: 0]   Hierarchy 1 shape: torch.Size([32, 6, 2, 150])
[2025-10-29 17:13:21,221][src.models.modules.semantic_id.tiger_generation_model][WARNING] - [rank: 0]   Hierarchy 2 shape: torch.Size([32, 6, 150])
[2025-10-29 17:13:21,221][src.models.modules.semantic_id.tiger_generation_model][WARNING] - [rank: 0]   Hierarchy 3 shape: torch.Size([32, 6, 150])
[2025-10-29 17:13:21,272][src.models.modules.semantic_id.tiger_generation_model][INFO] - [rank: 0] Saved decoder self-attention to ./attention_weights/decoder_self_attention_batch_58.pt
[2025-10-29 17:13:21,273][src.models.modules.semantic_id.tiger_generation_model][INFO] - [rank: 0] Saved encoder attention to ./attention_weights/encoder_attention_batch_58.pt
[2025-10-29 17:13:21,273][src.models.modules.semantic_id.tiger_generation_model][INFO] - [rank: 0] Saved cross attention to ./attention_weights/cross_attention_batch_58.pt
[2025-10-29 17:13:21,538][src.models.modules.semantic_id.tiger_generation_model][WARNING] - [rank: 0] Failed to stack cross attentions: stack expects each tensor to be equal size, but got [32, 6, 150] at entry 0 and [32, 6, 2, 150] at entry 1
[2025-10-29 17:13:21,538][src.models.modules.semantic_id.tiger_generation_model][WARNING] - [rank: 0]   Hierarchy 0 shape: torch.Size([32, 6, 150])
[2025-10-29 17:13:21,539][src.models.modules.semantic_id.tiger_generation_model][WARNING] - [rank: 0]   Hierarchy 1 shape: torch.Size([32, 6, 2, 150])
[2025-10-29 17:13:21,539][src.models.modules.semantic_id.tiger_generation_model][WARNING] - [rank: 0]   Hierarchy 2 shape: torch.Size([32, 6, 150])
[2025-10-29 17:13:21,539][src.models.modules.semantic_id.tiger_generation_model][WARNING] - [rank: 0]   Hierarchy 3 shape: torch.Size([32, 6, 150])
[2025-10-29 17:13:21,591][src.models.modules.semantic_id.tiger_generation_model][INFO] - [rank: 0] Saved decoder self-attention to ./attention_weights/decoder_self_attention_batch_59.pt
[2025-10-29 17:13:21,591][src.models.modules.semantic_id.tiger_generation_model][INFO] - [rank: 0] Saved encoder attention to ./attention_weights/encoder_attention_batch_59.pt
[2025-10-29 17:13:21,591][src.models.modules.semantic_id.tiger_generation_model][INFO] - [rank: 0] Saved cross attention to ./attention_weights/cross_attention_batch_59.pt
[2025-10-29 17:13:21,878][src.models.modules.semantic_id.tiger_generation_model][WARNING] - [rank: 0] Failed to stack cross attentions: stack expects each tensor to be equal size, but got [32, 6, 150] at entry 0 and [32, 6, 2, 150] at entry 1
[2025-10-29 17:13:21,878][src.models.modules.semantic_id.tiger_generation_model][WARNING] - [rank: 0]   Hierarchy 0 shape: torch.Size([32, 6, 150])
[2025-10-29 17:13:21,878][src.models.modules.semantic_id.tiger_generation_model][WARNING] - [rank: 0]   Hierarchy 1 shape: torch.Size([32, 6, 2, 150])
[2025-10-29 17:13:21,879][src.models.modules.semantic_id.tiger_generation_model][WARNING] - [rank: 0]   Hierarchy 2 shape: torch.Size([32, 6, 150])
[2025-10-29 17:13:21,879][src.models.modules.semantic_id.tiger_generation_model][WARNING] - [rank: 0]   Hierarchy 3 shape: torch.Size([32, 6, 150])
[2025-10-29 17:13:21,984][src.models.modules.semantic_id.tiger_generation_model][INFO] - [rank: 0] Saved decoder self-attention to ./attention_weights/decoder_self_attention_batch_60.pt
[2025-10-29 17:13:21,984][src.models.modules.semantic_id.tiger_generation_model][INFO] - [rank: 0] Saved encoder attention to ./attention_weights/encoder_attention_batch_60.pt
[2025-10-29 17:13:21,985][src.models.modules.semantic_id.tiger_generation_model][INFO] - [rank: 0] Saved cross attention to ./attention_weights/cross_attention_batch_60.pt
[2025-10-29 17:13:22,262][src.models.modules.semantic_id.tiger_generation_model][WARNING] - [rank: 0] Failed to stack cross attentions: stack expects each tensor to be equal size, but got [32, 6, 150] at entry 0 and [32, 6, 2, 150] at entry 1
[2025-10-29 17:13:22,262][src.models.modules.semantic_id.tiger_generation_model][WARNING] - [rank: 0]   Hierarchy 0 shape: torch.Size([32, 6, 150])
[2025-10-29 17:13:22,262][src.models.modules.semantic_id.tiger_generation_model][WARNING] - [rank: 0]   Hierarchy 1 shape: torch.Size([32, 6, 2, 150])
[2025-10-29 17:13:22,263][src.models.modules.semantic_id.tiger_generation_model][WARNING] - [rank: 0]   Hierarchy 2 shape: torch.Size([32, 6, 150])
[2025-10-29 17:13:22,263][src.models.modules.semantic_id.tiger_generation_model][WARNING] - [rank: 0]   Hierarchy 3 shape: torch.Size([32, 6, 150])
[2025-10-29 17:13:22,315][src.models.modules.semantic_id.tiger_generation_model][INFO] - [rank: 0] Saved decoder self-attention to ./attention_weights/decoder_self_attention_batch_61.pt
[2025-10-29 17:13:22,315][src.models.modules.semantic_id.tiger_generation_model][INFO] - [rank: 0] Saved encoder attention to ./attention_weights/encoder_attention_batch_61.pt
[2025-10-29 17:13:22,315][src.models.modules.semantic_id.tiger_generation_model][INFO] - [rank: 0] Saved cross attention to ./attention_weights/cross_attention_batch_61.pt
[2025-10-29 17:13:22,568][src.models.modules.semantic_id.tiger_generation_model][WARNING] - [rank: 0] Failed to stack cross attentions: stack expects each tensor to be equal size, but got [32, 6, 150] at entry 0 and [32, 6, 2, 150] at entry 1
[2025-10-29 17:13:22,568][src.models.modules.semantic_id.tiger_generation_model][WARNING] - [rank: 0]   Hierarchy 0 shape: torch.Size([32, 6, 150])
[2025-10-29 17:13:22,568][src.models.modules.semantic_id.tiger_generation_model][WARNING] - [rank: 0]   Hierarchy 1 shape: torch.Size([32, 6, 2, 150])
[2025-10-29 17:13:22,568][src.models.modules.semantic_id.tiger_generation_model][WARNING] - [rank: 0]   Hierarchy 2 shape: torch.Size([32, 6, 150])
[2025-10-29 17:13:22,568][src.models.modules.semantic_id.tiger_generation_model][WARNING] - [rank: 0]   Hierarchy 3 shape: torch.Size([32, 6, 150])
[2025-10-29 17:13:22,621][src.models.modules.semantic_id.tiger_generation_model][INFO] - [rank: 0] Saved decoder self-attention to ./attention_weights/decoder_self_attention_batch_62.pt
[2025-10-29 17:13:22,622][src.models.modules.semantic_id.tiger_generation_model][INFO] - [rank: 0] Saved encoder attention to ./attention_weights/encoder_attention_batch_62.pt
[2025-10-29 17:13:22,622][src.models.modules.semantic_id.tiger_generation_model][INFO] - [rank: 0] Saved cross attention to ./attention_weights/cross_attention_batch_62.pt
[2025-10-29 17:13:22,878][src.models.modules.semantic_id.tiger_generation_model][WARNING] - [rank: 0] Failed to stack cross attentions: stack expects each tensor to be equal size, but got [32, 6, 150] at entry 0 and [32, 6, 2, 150] at entry 1
[2025-10-29 17:13:22,879][src.models.modules.semantic_id.tiger_generation_model][WARNING] - [rank: 0]   Hierarchy 0 shape: torch.Size([32, 6, 150])
[2025-10-29 17:13:22,879][src.models.modules.semantic_id.tiger_generation_model][WARNING] - [rank: 0]   Hierarchy 1 shape: torch.Size([32, 6, 2, 150])
[2025-10-29 17:13:22,879][src.models.modules.semantic_id.tiger_generation_model][WARNING] - [rank: 0]   Hierarchy 2 shape: torch.Size([32, 6, 150])
[2025-10-29 17:13:22,879][src.models.modules.semantic_id.tiger_generation_model][WARNING] - [rank: 0]   Hierarchy 3 shape: torch.Size([32, 6, 150])
[2025-10-29 17:13:22,933][src.models.modules.semantic_id.tiger_generation_model][INFO] - [rank: 0] Saved decoder self-attention to ./attention_weights/decoder_self_attention_batch_63.pt
[2025-10-29 17:13:22,933][src.models.modules.semantic_id.tiger_generation_model][INFO] - [rank: 0] Saved encoder attention to ./attention_weights/encoder_attention_batch_63.pt
[2025-10-29 17:13:22,933][src.models.modules.semantic_id.tiger_generation_model][INFO] - [rank: 0] Saved cross attention to ./attention_weights/cross_attention_batch_63.pt
[2025-10-29 17:13:23,190][src.models.modules.semantic_id.tiger_generation_model][WARNING] - [rank: 0] Failed to stack cross attentions: stack expects each tensor to be equal size, but got [32, 6, 150] at entry 0 and [32, 6, 2, 150] at entry 1
[2025-10-29 17:13:23,191][src.models.modules.semantic_id.tiger_generation_model][WARNING] - [rank: 0]   Hierarchy 0 shape: torch.Size([32, 6, 150])
[2025-10-29 17:13:23,191][src.models.modules.semantic_id.tiger_generation_model][WARNING] - [rank: 0]   Hierarchy 1 shape: torch.Size([32, 6, 2, 150])
[2025-10-29 17:13:23,191][src.models.modules.semantic_id.tiger_generation_model][WARNING] - [rank: 0]   Hierarchy 2 shape: torch.Size([32, 6, 150])
[2025-10-29 17:13:23,191][src.models.modules.semantic_id.tiger_generation_model][WARNING] - [rank: 0]   Hierarchy 3 shape: torch.Size([32, 6, 150])
[2025-10-29 17:13:23,245][src.models.modules.semantic_id.tiger_generation_model][INFO] - [rank: 0] Saved decoder self-attention to ./attention_weights/decoder_self_attention_batch_64.pt
[2025-10-29 17:13:23,245][src.models.modules.semantic_id.tiger_generation_model][INFO] - [rank: 0] Saved encoder attention to ./attention_weights/encoder_attention_batch_64.pt
[2025-10-29 17:13:23,245][src.models.modules.semantic_id.tiger_generation_model][INFO] - [rank: 0] Saved cross attention to ./attention_weights/cross_attention_batch_64.pt
[2025-10-29 17:13:23,502][src.models.modules.semantic_id.tiger_generation_model][WARNING] - [rank: 0] Failed to stack cross attentions: stack expects each tensor to be equal size, but got [32, 6, 150] at entry 0 and [32, 6, 2, 150] at entry 1
[2025-10-29 17:13:23,502][src.models.modules.semantic_id.tiger_generation_model][WARNING] - [rank: 0]   Hierarchy 0 shape: torch.Size([32, 6, 150])
[2025-10-29 17:13:23,502][src.models.modules.semantic_id.tiger_generation_model][WARNING] - [rank: 0]   Hierarchy 1 shape: torch.Size([32, 6, 2, 150])
[2025-10-29 17:13:23,503][src.models.modules.semantic_id.tiger_generation_model][WARNING] - [rank: 0]   Hierarchy 2 shape: torch.Size([32, 6, 150])
[2025-10-29 17:13:23,503][src.models.modules.semantic_id.tiger_generation_model][WARNING] - [rank: 0]   Hierarchy 3 shape: torch.Size([32, 6, 150])
[2025-10-29 17:13:23,556][src.models.modules.semantic_id.tiger_generation_model][INFO] - [rank: 0] Saved decoder self-attention to ./attention_weights/decoder_self_attention_batch_65.pt
[2025-10-29 17:13:23,557][src.models.modules.semantic_id.tiger_generation_model][INFO] - [rank: 0] Saved encoder attention to ./attention_weights/encoder_attention_batch_65.pt
[2025-10-29 17:13:23,557][src.models.modules.semantic_id.tiger_generation_model][INFO] - [rank: 0] Saved cross attention to ./attention_weights/cross_attention_batch_65.pt
[2025-10-29 17:13:23,816][src.models.modules.semantic_id.tiger_generation_model][WARNING] - [rank: 0] Failed to stack cross attentions: stack expects each tensor to be equal size, but got [32, 6, 150] at entry 0 and [32, 6, 2, 150] at entry 1
[2025-10-29 17:13:23,816][src.models.modules.semantic_id.tiger_generation_model][WARNING] - [rank: 0]   Hierarchy 0 shape: torch.Size([32, 6, 150])
[2025-10-29 17:13:23,816][src.models.modules.semantic_id.tiger_generation_model][WARNING] - [rank: 0]   Hierarchy 1 shape: torch.Size([32, 6, 2, 150])
[2025-10-29 17:13:23,816][src.models.modules.semantic_id.tiger_generation_model][WARNING] - [rank: 0]   Hierarchy 2 shape: torch.Size([32, 6, 150])
[2025-10-29 17:13:23,816][src.models.modules.semantic_id.tiger_generation_model][WARNING] - [rank: 0]   Hierarchy 3 shape: torch.Size([32, 6, 150])
[2025-10-29 17:13:23,870][src.models.modules.semantic_id.tiger_generation_model][INFO] - [rank: 0] Saved decoder self-attention to ./attention_weights/decoder_self_attention_batch_66.pt
[2025-10-29 17:13:23,870][src.models.modules.semantic_id.tiger_generation_model][INFO] - [rank: 0] Saved encoder attention to ./attention_weights/encoder_attention_batch_66.pt
[2025-10-29 17:13:23,870][src.models.modules.semantic_id.tiger_generation_model][INFO] - [rank: 0] Saved cross attention to ./attention_weights/cross_attention_batch_66.pt
[2025-10-29 17:13:24,147][src.models.modules.semantic_id.tiger_generation_model][WARNING] - [rank: 0] Failed to stack cross attentions: stack expects each tensor to be equal size, but got [32, 6, 150] at entry 0 and [32, 6, 2, 150] at entry 1
[2025-10-29 17:13:24,148][src.models.modules.semantic_id.tiger_generation_model][WARNING] - [rank: 0]   Hierarchy 0 shape: torch.Size([32, 6, 150])
[2025-10-29 17:13:24,148][src.models.modules.semantic_id.tiger_generation_model][WARNING] - [rank: 0]   Hierarchy 1 shape: torch.Size([32, 6, 2, 150])
[2025-10-29 17:13:24,148][src.models.modules.semantic_id.tiger_generation_model][WARNING] - [rank: 0]   Hierarchy 2 shape: torch.Size([32, 6, 150])
[2025-10-29 17:13:24,148][src.models.modules.semantic_id.tiger_generation_model][WARNING] - [rank: 0]   Hierarchy 3 shape: torch.Size([32, 6, 150])
[2025-10-29 17:13:24,201][src.models.modules.semantic_id.tiger_generation_model][INFO] - [rank: 0] Saved decoder self-attention to ./attention_weights/decoder_self_attention_batch_67.pt
[2025-10-29 17:13:24,201][src.models.modules.semantic_id.tiger_generation_model][INFO] - [rank: 0] Saved encoder attention to ./attention_weights/encoder_attention_batch_67.pt
[2025-10-29 17:13:24,201][src.models.modules.semantic_id.tiger_generation_model][INFO] - [rank: 0] Saved cross attention to ./attention_weights/cross_attention_batch_67.pt
[2025-10-29 17:13:24,489][src.models.modules.semantic_id.tiger_generation_model][WARNING] - [rank: 0] Failed to stack cross attentions: stack expects each tensor to be equal size, but got [32, 6, 150] at entry 0 and [32, 6, 2, 150] at entry 1
[2025-10-29 17:13:24,490][src.models.modules.semantic_id.tiger_generation_model][WARNING] - [rank: 0]   Hierarchy 0 shape: torch.Size([32, 6, 150])
[2025-10-29 17:13:24,490][src.models.modules.semantic_id.tiger_generation_model][WARNING] - [rank: 0]   Hierarchy 1 shape: torch.Size([32, 6, 2, 150])
[2025-10-29 17:13:24,490][src.models.modules.semantic_id.tiger_generation_model][WARNING] - [rank: 0]   Hierarchy 2 shape: torch.Size([32, 6, 150])
[2025-10-29 17:13:24,490][src.models.modules.semantic_id.tiger_generation_model][WARNING] - [rank: 0]   Hierarchy 3 shape: torch.Size([32, 6, 150])
[2025-10-29 17:13:24,542][src.models.modules.semantic_id.tiger_generation_model][INFO] - [rank: 0] Saved decoder self-attention to ./attention_weights/decoder_self_attention_batch_68.pt
[2025-10-29 17:13:24,542][src.models.modules.semantic_id.tiger_generation_model][INFO] - [rank: 0] Saved encoder attention to ./attention_weights/encoder_attention_batch_68.pt
[2025-10-29 17:13:24,542][src.models.modules.semantic_id.tiger_generation_model][INFO] - [rank: 0] Saved cross attention to ./attention_weights/cross_attention_batch_68.pt
[2025-10-29 17:13:24,835][src.models.modules.semantic_id.tiger_generation_model][WARNING] - [rank: 0] Failed to stack cross attentions: stack expects each tensor to be equal size, but got [32, 6, 150] at entry 0 and [32, 6, 2, 150] at entry 1
[2025-10-29 17:13:24,835][src.models.modules.semantic_id.tiger_generation_model][WARNING] - [rank: 0]   Hierarchy 0 shape: torch.Size([32, 6, 150])
[2025-10-29 17:13:24,835][src.models.modules.semantic_id.tiger_generation_model][WARNING] - [rank: 0]   Hierarchy 1 shape: torch.Size([32, 6, 2, 150])
[2025-10-29 17:13:24,835][src.models.modules.semantic_id.tiger_generation_model][WARNING] - [rank: 0]   Hierarchy 2 shape: torch.Size([32, 6, 150])
[2025-10-29 17:13:24,836][src.models.modules.semantic_id.tiger_generation_model][WARNING] - [rank: 0]   Hierarchy 3 shape: torch.Size([32, 6, 150])
[2025-10-29 17:13:24,887][src.models.modules.semantic_id.tiger_generation_model][INFO] - [rank: 0] Saved decoder self-attention to ./attention_weights/decoder_self_attention_batch_69.pt
[2025-10-29 17:13:24,887][src.models.modules.semantic_id.tiger_generation_model][INFO] - [rank: 0] Saved encoder attention to ./attention_weights/encoder_attention_batch_69.pt
[2025-10-29 17:13:24,887][src.models.modules.semantic_id.tiger_generation_model][INFO] - [rank: 0] Saved cross attention to ./attention_weights/cross_attention_batch_69.pt
[2025-10-29 17:13:25,159][src.models.modules.semantic_id.tiger_generation_model][WARNING] - [rank: 0] Failed to stack cross attentions: stack expects each tensor to be equal size, but got [32, 6, 150] at entry 0 and [32, 6, 2, 150] at entry 1
[2025-10-29 17:13:25,159][src.models.modules.semantic_id.tiger_generation_model][WARNING] - [rank: 0]   Hierarchy 0 shape: torch.Size([32, 6, 150])
[2025-10-29 17:13:25,159][src.models.modules.semantic_id.tiger_generation_model][WARNING] - [rank: 0]   Hierarchy 1 shape: torch.Size([32, 6, 2, 150])
[2025-10-29 17:13:25,160][src.models.modules.semantic_id.tiger_generation_model][WARNING] - [rank: 0]   Hierarchy 2 shape: torch.Size([32, 6, 150])
[2025-10-29 17:13:25,160][src.models.modules.semantic_id.tiger_generation_model][WARNING] - [rank: 0]   Hierarchy 3 shape: torch.Size([32, 6, 150])
[2025-10-29 17:13:25,211][src.models.modules.semantic_id.tiger_generation_model][INFO] - [rank: 0] Saved decoder self-attention to ./attention_weights/decoder_self_attention_batch_70.pt
[2025-10-29 17:13:25,211][src.models.modules.semantic_id.tiger_generation_model][INFO] - [rank: 0] Saved encoder attention to ./attention_weights/encoder_attention_batch_70.pt
[2025-10-29 17:13:25,211][src.models.modules.semantic_id.tiger_generation_model][INFO] - [rank: 0] Saved cross attention to ./attention_weights/cross_attention_batch_70.pt
[2025-10-29 17:13:25,470][src.models.modules.semantic_id.tiger_generation_model][WARNING] - [rank: 0] Failed to stack cross attentions: stack expects each tensor to be equal size, but got [32, 6, 150] at entry 0 and [32, 6, 2, 150] at entry 1
[2025-10-29 17:13:25,470][src.models.modules.semantic_id.tiger_generation_model][WARNING] - [rank: 0]   Hierarchy 0 shape: torch.Size([32, 6, 150])
[2025-10-29 17:13:25,471][src.models.modules.semantic_id.tiger_generation_model][WARNING] - [rank: 0]   Hierarchy 1 shape: torch.Size([32, 6, 2, 150])
[2025-10-29 17:13:25,471][src.models.modules.semantic_id.tiger_generation_model][WARNING] - [rank: 0]   Hierarchy 2 shape: torch.Size([32, 6, 150])
[2025-10-29 17:13:25,471][src.models.modules.semantic_id.tiger_generation_model][WARNING] - [rank: 0]   Hierarchy 3 shape: torch.Size([32, 6, 150])
[2025-10-29 17:13:25,526][src.models.modules.semantic_id.tiger_generation_model][INFO] - [rank: 0] Saved decoder self-attention to ./attention_weights/decoder_self_attention_batch_71.pt
[2025-10-29 17:13:25,527][src.models.modules.semantic_id.tiger_generation_model][INFO] - [rank: 0] Saved encoder attention to ./attention_weights/encoder_attention_batch_71.pt
[2025-10-29 17:13:25,527][src.models.modules.semantic_id.tiger_generation_model][INFO] - [rank: 0] Saved cross attention to ./attention_weights/cross_attention_batch_71.pt
[2025-10-29 17:13:25,786][src.models.modules.semantic_id.tiger_generation_model][WARNING] - [rank: 0] Failed to stack cross attentions: stack expects each tensor to be equal size, but got [32, 6, 150] at entry 0 and [32, 6, 2, 150] at entry 1
[2025-10-29 17:13:25,787][src.models.modules.semantic_id.tiger_generation_model][WARNING] - [rank: 0]   Hierarchy 0 shape: torch.Size([32, 6, 150])
[2025-10-29 17:13:25,787][src.models.modules.semantic_id.tiger_generation_model][WARNING] - [rank: 0]   Hierarchy 1 shape: torch.Size([32, 6, 2, 150])
[2025-10-29 17:13:25,787][src.models.modules.semantic_id.tiger_generation_model][WARNING] - [rank: 0]   Hierarchy 2 shape: torch.Size([32, 6, 150])
[2025-10-29 17:13:25,787][src.models.modules.semantic_id.tiger_generation_model][WARNING] - [rank: 0]   Hierarchy 3 shape: torch.Size([32, 6, 150])
[2025-10-29 17:13:25,840][src.models.modules.semantic_id.tiger_generation_model][INFO] - [rank: 0] Saved decoder self-attention to ./attention_weights/decoder_self_attention_batch_72.pt
[2025-10-29 17:13:25,840][src.models.modules.semantic_id.tiger_generation_model][INFO] - [rank: 0] Saved encoder attention to ./attention_weights/encoder_attention_batch_72.pt
[2025-10-29 17:13:25,840][src.models.modules.semantic_id.tiger_generation_model][INFO] - [rank: 0] Saved cross attention to ./attention_weights/cross_attention_batch_72.pt
[2025-10-29 17:13:26,092][src.models.modules.semantic_id.tiger_generation_model][WARNING] - [rank: 0] Failed to stack cross attentions: stack expects each tensor to be equal size, but got [32, 6, 150] at entry 0 and [32, 6, 2, 150] at entry 1
[2025-10-29 17:13:26,092][src.models.modules.semantic_id.tiger_generation_model][WARNING] - [rank: 0]   Hierarchy 0 shape: torch.Size([32, 6, 150])
[2025-10-29 17:13:26,092][src.models.modules.semantic_id.tiger_generation_model][WARNING] - [rank: 0]   Hierarchy 1 shape: torch.Size([32, 6, 2, 150])
[2025-10-29 17:13:26,092][src.models.modules.semantic_id.tiger_generation_model][WARNING] - [rank: 0]   Hierarchy 2 shape: torch.Size([32, 6, 150])
[2025-10-29 17:13:26,092][src.models.modules.semantic_id.tiger_generation_model][WARNING] - [rank: 0]   Hierarchy 3 shape: torch.Size([32, 6, 150])
[2025-10-29 17:13:26,145][src.models.modules.semantic_id.tiger_generation_model][INFO] - [rank: 0] Saved decoder self-attention to ./attention_weights/decoder_self_attention_batch_73.pt
[2025-10-29 17:13:26,145][src.models.modules.semantic_id.tiger_generation_model][INFO] - [rank: 0] Saved encoder attention to ./attention_weights/encoder_attention_batch_73.pt
[2025-10-29 17:13:26,145][src.models.modules.semantic_id.tiger_generation_model][INFO] - [rank: 0] Saved cross attention to ./attention_weights/cross_attention_batch_73.pt
[2025-10-29 17:13:26,395][src.models.modules.semantic_id.tiger_generation_model][WARNING] - [rank: 0] Failed to stack cross attentions: stack expects each tensor to be equal size, but got [32, 6, 150] at entry 0 and [32, 6, 2, 150] at entry 1
[2025-10-29 17:13:26,395][src.models.modules.semantic_id.tiger_generation_model][WARNING] - [rank: 0]   Hierarchy 0 shape: torch.Size([32, 6, 150])
[2025-10-29 17:13:26,395][src.models.modules.semantic_id.tiger_generation_model][WARNING] - [rank: 0]   Hierarchy 1 shape: torch.Size([32, 6, 2, 150])
[2025-10-29 17:13:26,396][src.models.modules.semantic_id.tiger_generation_model][WARNING] - [rank: 0]   Hierarchy 2 shape: torch.Size([32, 6, 150])
[2025-10-29 17:13:26,396][src.models.modules.semantic_id.tiger_generation_model][WARNING] - [rank: 0]   Hierarchy 3 shape: torch.Size([32, 6, 150])
[2025-10-29 17:13:26,448][src.models.modules.semantic_id.tiger_generation_model][INFO] - [rank: 0] Saved decoder self-attention to ./attention_weights/decoder_self_attention_batch_74.pt
[2025-10-29 17:13:26,449][src.models.modules.semantic_id.tiger_generation_model][INFO] - [rank: 0] Saved encoder attention to ./attention_weights/encoder_attention_batch_74.pt
[2025-10-29 17:13:26,449][src.models.modules.semantic_id.tiger_generation_model][INFO] - [rank: 0] Saved cross attention to ./attention_weights/cross_attention_batch_74.pt
[2025-10-29 17:13:26,727][src.models.modules.semantic_id.tiger_generation_model][WARNING] - [rank: 0] Failed to stack cross attentions: stack expects each tensor to be equal size, but got [32, 6, 150] at entry 0 and [32, 6, 2, 150] at entry 1
[2025-10-29 17:13:26,727][src.models.modules.semantic_id.tiger_generation_model][WARNING] - [rank: 0]   Hierarchy 0 shape: torch.Size([32, 6, 150])
[2025-10-29 17:13:26,727][src.models.modules.semantic_id.tiger_generation_model][WARNING] - [rank: 0]   Hierarchy 1 shape: torch.Size([32, 6, 2, 150])
[2025-10-29 17:13:26,728][src.models.modules.semantic_id.tiger_generation_model][WARNING] - [rank: 0]   Hierarchy 2 shape: torch.Size([32, 6, 150])
[2025-10-29 17:13:26,728][src.models.modules.semantic_id.tiger_generation_model][WARNING] - [rank: 0]   Hierarchy 3 shape: torch.Size([32, 6, 150])
[2025-10-29 17:13:26,780][src.models.modules.semantic_id.tiger_generation_model][INFO] - [rank: 0] Saved decoder self-attention to ./attention_weights/decoder_self_attention_batch_75.pt
[2025-10-29 17:13:26,780][src.models.modules.semantic_id.tiger_generation_model][INFO] - [rank: 0] Saved encoder attention to ./attention_weights/encoder_attention_batch_75.pt
[2025-10-29 17:13:26,780][src.models.modules.semantic_id.tiger_generation_model][INFO] - [rank: 0] Saved cross attention to ./attention_weights/cross_attention_batch_75.pt
[2025-10-29 17:13:27,024][src.models.modules.semantic_id.tiger_generation_model][WARNING] - [rank: 0] Failed to stack cross attentions: stack expects each tensor to be equal size, but got [32, 6, 150] at entry 0 and [32, 6, 2, 150] at entry 1
[2025-10-29 17:13:27,025][src.models.modules.semantic_id.tiger_generation_model][WARNING] - [rank: 0]   Hierarchy 0 shape: torch.Size([32, 6, 150])
[2025-10-29 17:13:27,025][src.models.modules.semantic_id.tiger_generation_model][WARNING] - [rank: 0]   Hierarchy 1 shape: torch.Size([32, 6, 2, 150])
[2025-10-29 17:13:27,025][src.models.modules.semantic_id.tiger_generation_model][WARNING] - [rank: 0]   Hierarchy 2 shape: torch.Size([32, 6, 150])
[2025-10-29 17:13:27,025][src.models.modules.semantic_id.tiger_generation_model][WARNING] - [rank: 0]   Hierarchy 3 shape: torch.Size([32, 6, 150])
[2025-10-29 17:13:27,077][src.models.modules.semantic_id.tiger_generation_model][INFO] - [rank: 0] Saved decoder self-attention to ./attention_weights/decoder_self_attention_batch_76.pt
[2025-10-29 17:13:27,077][src.models.modules.semantic_id.tiger_generation_model][INFO] - [rank: 0] Saved encoder attention to ./attention_weights/encoder_attention_batch_76.pt
[2025-10-29 17:13:27,077][src.models.modules.semantic_id.tiger_generation_model][INFO] - [rank: 0] Saved cross attention to ./attention_weights/cross_attention_batch_76.pt
[2025-10-29 17:13:27,371][src.models.modules.semantic_id.tiger_generation_model][WARNING] - [rank: 0] Failed to stack cross attentions: stack expects each tensor to be equal size, but got [32, 6, 150] at entry 0 and [32, 6, 2, 150] at entry 1
[2025-10-29 17:13:27,371][src.models.modules.semantic_id.tiger_generation_model][WARNING] - [rank: 0]   Hierarchy 0 shape: torch.Size([32, 6, 150])
[2025-10-29 17:13:27,371][src.models.modules.semantic_id.tiger_generation_model][WARNING] - [rank: 0]   Hierarchy 1 shape: torch.Size([32, 6, 2, 150])
[2025-10-29 17:13:27,371][src.models.modules.semantic_id.tiger_generation_model][WARNING] - [rank: 0]   Hierarchy 2 shape: torch.Size([32, 6, 150])
[2025-10-29 17:13:27,371][src.models.modules.semantic_id.tiger_generation_model][WARNING] - [rank: 0]   Hierarchy 3 shape: torch.Size([32, 6, 150])
[2025-10-29 17:13:27,424][src.models.modules.semantic_id.tiger_generation_model][INFO] - [rank: 0] Saved decoder self-attention to ./attention_weights/decoder_self_attention_batch_77.pt
[2025-10-29 17:13:27,424][src.models.modules.semantic_id.tiger_generation_model][INFO] - [rank: 0] Saved encoder attention to ./attention_weights/encoder_attention_batch_77.pt
[2025-10-29 17:13:27,425][src.models.modules.semantic_id.tiger_generation_model][INFO] - [rank: 0] Saved cross attention to ./attention_weights/cross_attention_batch_77.pt
[2025-10-29 17:13:27,704][src.models.modules.semantic_id.tiger_generation_model][WARNING] - [rank: 0] Failed to stack cross attentions: stack expects each tensor to be equal size, but got [32, 6, 150] at entry 0 and [32, 6, 2, 150] at entry 1
[2025-10-29 17:13:27,704][src.models.modules.semantic_id.tiger_generation_model][WARNING] - [rank: 0]   Hierarchy 0 shape: torch.Size([32, 6, 150])
[2025-10-29 17:13:27,704][src.models.modules.semantic_id.tiger_generation_model][WARNING] - [rank: 0]   Hierarchy 1 shape: torch.Size([32, 6, 2, 150])
[2025-10-29 17:13:27,704][src.models.modules.semantic_id.tiger_generation_model][WARNING] - [rank: 0]   Hierarchy 2 shape: torch.Size([32, 6, 150])
[2025-10-29 17:13:27,704][src.models.modules.semantic_id.tiger_generation_model][WARNING] - [rank: 0]   Hierarchy 3 shape: torch.Size([32, 6, 150])
[2025-10-29 17:13:27,759][src.models.modules.semantic_id.tiger_generation_model][INFO] - [rank: 0] Saved decoder self-attention to ./attention_weights/decoder_self_attention_batch_78.pt
[2025-10-29 17:13:27,759][src.models.modules.semantic_id.tiger_generation_model][INFO] - [rank: 0] Saved encoder attention to ./attention_weights/encoder_attention_batch_78.pt
[2025-10-29 17:13:27,759][src.models.modules.semantic_id.tiger_generation_model][INFO] - [rank: 0] Saved cross attention to ./attention_weights/cross_attention_batch_78.pt
[2025-10-29 17:13:27,995][src.models.modules.semantic_id.tiger_generation_model][WARNING] - [rank: 0] Failed to stack cross attentions: stack expects each tensor to be equal size, but got [32, 6, 150] at entry 0 and [32, 6, 2, 150] at entry 1
[2025-10-29 17:13:27,996][src.models.modules.semantic_id.tiger_generation_model][WARNING] - [rank: 0]   Hierarchy 0 shape: torch.Size([32, 6, 150])
[2025-10-29 17:13:27,996][src.models.modules.semantic_id.tiger_generation_model][WARNING] - [rank: 0]   Hierarchy 1 shape: torch.Size([32, 6, 2, 150])
[2025-10-29 17:13:27,996][src.models.modules.semantic_id.tiger_generation_model][WARNING] - [rank: 0]   Hierarchy 2 shape: torch.Size([32, 6, 150])
[2025-10-29 17:13:27,996][src.models.modules.semantic_id.tiger_generation_model][WARNING] - [rank: 0]   Hierarchy 3 shape: torch.Size([32, 6, 150])
[2025-10-29 17:13:28,054][src.models.modules.semantic_id.tiger_generation_model][INFO] - [rank: 0] Saved decoder self-attention to ./attention_weights/decoder_self_attention_batch_79.pt
[2025-10-29 17:13:28,055][src.models.modules.semantic_id.tiger_generation_model][INFO] - [rank: 0] Saved encoder attention to ./attention_weights/encoder_attention_batch_79.pt
[2025-10-29 17:13:28,055][src.models.modules.semantic_id.tiger_generation_model][INFO] - [rank: 0] Saved cross attention to ./attention_weights/cross_attention_batch_79.pt
[2025-10-29 17:13:28,323][src.models.modules.semantic_id.tiger_generation_model][WARNING] - [rank: 0] Failed to stack cross attentions: stack expects each tensor to be equal size, but got [32, 6, 150] at entry 0 and [32, 6, 2, 150] at entry 1
[2025-10-29 17:13:28,323][src.models.modules.semantic_id.tiger_generation_model][WARNING] - [rank: 0]   Hierarchy 0 shape: torch.Size([32, 6, 150])
[2025-10-29 17:13:28,323][src.models.modules.semantic_id.tiger_generation_model][WARNING] - [rank: 0]   Hierarchy 1 shape: torch.Size([32, 6, 2, 150])
[2025-10-29 17:13:28,323][src.models.modules.semantic_id.tiger_generation_model][WARNING] - [rank: 0]   Hierarchy 2 shape: torch.Size([32, 6, 150])
[2025-10-29 17:13:28,324][src.models.modules.semantic_id.tiger_generation_model][WARNING] - [rank: 0]   Hierarchy 3 shape: torch.Size([32, 6, 150])
[2025-10-29 17:13:28,378][src.models.modules.semantic_id.tiger_generation_model][INFO] - [rank: 0] Saved decoder self-attention to ./attention_weights/decoder_self_attention_batch_80.pt
[2025-10-29 17:13:28,378][src.models.modules.semantic_id.tiger_generation_model][INFO] - [rank: 0] Saved encoder attention to ./attention_weights/encoder_attention_batch_80.pt
[2025-10-29 17:13:28,379][src.models.modules.semantic_id.tiger_generation_model][INFO] - [rank: 0] Saved cross attention to ./attention_weights/cross_attention_batch_80.pt
[2025-10-29 17:13:28,650][src.models.modules.semantic_id.tiger_generation_model][WARNING] - [rank: 0] Failed to stack cross attentions: stack expects each tensor to be equal size, but got [32, 6, 150] at entry 0 and [32, 6, 2, 150] at entry 1
[2025-10-29 17:13:28,651][src.models.modules.semantic_id.tiger_generation_model][WARNING] - [rank: 0]   Hierarchy 0 shape: torch.Size([32, 6, 150])
[2025-10-29 17:13:28,651][src.models.modules.semantic_id.tiger_generation_model][WARNING] - [rank: 0]   Hierarchy 1 shape: torch.Size([32, 6, 2, 150])
[2025-10-29 17:13:28,651][src.models.modules.semantic_id.tiger_generation_model][WARNING] - [rank: 0]   Hierarchy 2 shape: torch.Size([32, 6, 150])
[2025-10-29 17:13:28,651][src.models.modules.semantic_id.tiger_generation_model][WARNING] - [rank: 0]   Hierarchy 3 shape: torch.Size([32, 6, 150])
[2025-10-29 17:13:28,703][src.models.modules.semantic_id.tiger_generation_model][INFO] - [rank: 0] Saved decoder self-attention to ./attention_weights/decoder_self_attention_batch_81.pt
[2025-10-29 17:13:28,703][src.models.modules.semantic_id.tiger_generation_model][INFO] - [rank: 0] Saved encoder attention to ./attention_weights/encoder_attention_batch_81.pt
[2025-10-29 17:13:28,703][src.models.modules.semantic_id.tiger_generation_model][INFO] - [rank: 0] Saved cross attention to ./attention_weights/cross_attention_batch_81.pt
[2025-10-29 17:13:28,989][src.models.modules.semantic_id.tiger_generation_model][WARNING] - [rank: 0] Failed to stack cross attentions: stack expects each tensor to be equal size, but got [32, 6, 150] at entry 0 and [32, 6, 2, 150] at entry 1
[2025-10-29 17:13:28,989][src.models.modules.semantic_id.tiger_generation_model][WARNING] - [rank: 0]   Hierarchy 0 shape: torch.Size([32, 6, 150])
[2025-10-29 17:13:28,990][src.models.modules.semantic_id.tiger_generation_model][WARNING] - [rank: 0]   Hierarchy 1 shape: torch.Size([32, 6, 2, 150])
[2025-10-29 17:13:28,990][src.models.modules.semantic_id.tiger_generation_model][WARNING] - [rank: 0]   Hierarchy 2 shape: torch.Size([32, 6, 150])
[2025-10-29 17:13:28,990][src.models.modules.semantic_id.tiger_generation_model][WARNING] - [rank: 0]   Hierarchy 3 shape: torch.Size([32, 6, 150])
[2025-10-29 17:13:29,051][src.models.modules.semantic_id.tiger_generation_model][INFO] - [rank: 0] Saved decoder self-attention to ./attention_weights/decoder_self_attention_batch_82.pt
[2025-10-29 17:13:29,051][src.models.modules.semantic_id.tiger_generation_model][INFO] - [rank: 0] Saved encoder attention to ./attention_weights/encoder_attention_batch_82.pt
[2025-10-29 17:13:29,051][src.models.modules.semantic_id.tiger_generation_model][INFO] - [rank: 0] Saved cross attention to ./attention_weights/cross_attention_batch_82.pt
[2025-10-29 17:13:29,351][src.models.modules.semantic_id.tiger_generation_model][WARNING] - [rank: 0] Failed to stack cross attentions: stack expects each tensor to be equal size, but got [32, 6, 150] at entry 0 and [32, 6, 2, 150] at entry 1
[2025-10-29 17:13:29,351][src.models.modules.semantic_id.tiger_generation_model][WARNING] - [rank: 0]   Hierarchy 0 shape: torch.Size([32, 6, 150])
[2025-10-29 17:13:29,351][src.models.modules.semantic_id.tiger_generation_model][WARNING] - [rank: 0]   Hierarchy 1 shape: torch.Size([32, 6, 2, 150])
[2025-10-29 17:13:29,351][src.models.modules.semantic_id.tiger_generation_model][WARNING] - [rank: 0]   Hierarchy 2 shape: torch.Size([32, 6, 150])
[2025-10-29 17:13:29,351][src.models.modules.semantic_id.tiger_generation_model][WARNING] - [rank: 0]   Hierarchy 3 shape: torch.Size([32, 6, 150])
[2025-10-29 17:13:29,403][src.models.modules.semantic_id.tiger_generation_model][INFO] - [rank: 0] Saved decoder self-attention to ./attention_weights/decoder_self_attention_batch_83.pt
[2025-10-29 17:13:29,403][src.models.modules.semantic_id.tiger_generation_model][INFO] - [rank: 0] Saved encoder attention to ./attention_weights/encoder_attention_batch_83.pt
[2025-10-29 17:13:29,403][src.models.modules.semantic_id.tiger_generation_model][INFO] - [rank: 0] Saved cross attention to ./attention_weights/cross_attention_batch_83.pt
[2025-10-29 17:13:29,681][src.models.modules.semantic_id.tiger_generation_model][WARNING] - [rank: 0] Failed to stack cross attentions: stack expects each tensor to be equal size, but got [32, 6, 150] at entry 0 and [32, 6, 2, 150] at entry 1
[2025-10-29 17:13:29,682][src.models.modules.semantic_id.tiger_generation_model][WARNING] - [rank: 0]   Hierarchy 0 shape: torch.Size([32, 6, 150])
[2025-10-29 17:13:29,682][src.models.modules.semantic_id.tiger_generation_model][WARNING] - [rank: 0]   Hierarchy 1 shape: torch.Size([32, 6, 2, 150])
[2025-10-29 17:13:29,682][src.models.modules.semantic_id.tiger_generation_model][WARNING] - [rank: 0]   Hierarchy 2 shape: torch.Size([32, 6, 150])
[2025-10-29 17:13:29,682][src.models.modules.semantic_id.tiger_generation_model][WARNING] - [rank: 0]   Hierarchy 3 shape: torch.Size([32, 6, 150])
[2025-10-29 17:13:29,733][src.models.modules.semantic_id.tiger_generation_model][INFO] - [rank: 0] Saved decoder self-attention to ./attention_weights/decoder_self_attention_batch_84.pt
[2025-10-29 17:13:29,733][src.models.modules.semantic_id.tiger_generation_model][INFO] - [rank: 0] Saved encoder attention to ./attention_weights/encoder_attention_batch_84.pt
[2025-10-29 17:13:29,734][src.models.modules.semantic_id.tiger_generation_model][INFO] - [rank: 0] Saved cross attention to ./attention_weights/cross_attention_batch_84.pt
[2025-10-29 17:13:30,040][src.models.modules.semantic_id.tiger_generation_model][WARNING] - [rank: 0] Failed to stack cross attentions: stack expects each tensor to be equal size, but got [32, 6, 150] at entry 0 and [32, 6, 2, 150] at entry 1
[2025-10-29 17:13:30,040][src.models.modules.semantic_id.tiger_generation_model][WARNING] - [rank: 0]   Hierarchy 0 shape: torch.Size([32, 6, 150])
[2025-10-29 17:13:30,040][src.models.modules.semantic_id.tiger_generation_model][WARNING] - [rank: 0]   Hierarchy 1 shape: torch.Size([32, 6, 2, 150])
[2025-10-29 17:13:30,040][src.models.modules.semantic_id.tiger_generation_model][WARNING] - [rank: 0]   Hierarchy 2 shape: torch.Size([32, 6, 150])
[2025-10-29 17:13:30,040][src.models.modules.semantic_id.tiger_generation_model][WARNING] - [rank: 0]   Hierarchy 3 shape: torch.Size([32, 6, 150])
[2025-10-29 17:13:30,092][src.models.modules.semantic_id.tiger_generation_model][INFO] - [rank: 0] Saved decoder self-attention to ./attention_weights/decoder_self_attention_batch_85.pt
[2025-10-29 17:13:30,093][src.models.modules.semantic_id.tiger_generation_model][INFO] - [rank: 0] Saved encoder attention to ./attention_weights/encoder_attention_batch_85.pt
[2025-10-29 17:13:30,093][src.models.modules.semantic_id.tiger_generation_model][INFO] - [rank: 0] Saved cross attention to ./attention_weights/cross_attention_batch_85.pt
[2025-10-29 17:13:30,371][src.models.modules.semantic_id.tiger_generation_model][WARNING] - [rank: 0] Failed to stack cross attentions: stack expects each tensor to be equal size, but got [32, 6, 150] at entry 0 and [32, 6, 2, 150] at entry 1
[2025-10-29 17:13:30,371][src.models.modules.semantic_id.tiger_generation_model][WARNING] - [rank: 0]   Hierarchy 0 shape: torch.Size([32, 6, 150])
[2025-10-29 17:13:30,371][src.models.modules.semantic_id.tiger_generation_model][WARNING] - [rank: 0]   Hierarchy 1 shape: torch.Size([32, 6, 2, 150])
[2025-10-29 17:13:30,372][src.models.modules.semantic_id.tiger_generation_model][WARNING] - [rank: 0]   Hierarchy 2 shape: torch.Size([32, 6, 150])
[2025-10-29 17:13:30,372][src.models.modules.semantic_id.tiger_generation_model][WARNING] - [rank: 0]   Hierarchy 3 shape: torch.Size([32, 6, 150])
[2025-10-29 17:13:30,423][src.models.modules.semantic_id.tiger_generation_model][INFO] - [rank: 0] Saved decoder self-attention to ./attention_weights/decoder_self_attention_batch_86.pt
[2025-10-29 17:13:30,423][src.models.modules.semantic_id.tiger_generation_model][INFO] - [rank: 0] Saved encoder attention to ./attention_weights/encoder_attention_batch_86.pt
[2025-10-29 17:13:30,423][src.models.modules.semantic_id.tiger_generation_model][INFO] - [rank: 0] Saved cross attention to ./attention_weights/cross_attention_batch_86.pt
[2025-10-29 17:13:30,662][src.models.modules.semantic_id.tiger_generation_model][WARNING] - [rank: 0] Failed to stack cross attentions: stack expects each tensor to be equal size, but got [32, 6, 150] at entry 0 and [32, 6, 2, 150] at entry 1
[2025-10-29 17:13:30,662][src.models.modules.semantic_id.tiger_generation_model][WARNING] - [rank: 0]   Hierarchy 0 shape: torch.Size([32, 6, 150])
[2025-10-29 17:13:30,662][src.models.modules.semantic_id.tiger_generation_model][WARNING] - [rank: 0]   Hierarchy 1 shape: torch.Size([32, 6, 2, 150])
[2025-10-29 17:13:30,662][src.models.modules.semantic_id.tiger_generation_model][WARNING] - [rank: 0]   Hierarchy 2 shape: torch.Size([32, 6, 150])
[2025-10-29 17:13:30,662][src.models.modules.semantic_id.tiger_generation_model][WARNING] - [rank: 0]   Hierarchy 3 shape: torch.Size([32, 6, 150])
[2025-10-29 17:13:30,714][src.models.modules.semantic_id.tiger_generation_model][INFO] - [rank: 0] Saved decoder self-attention to ./attention_weights/decoder_self_attention_batch_87.pt
[2025-10-29 17:13:30,715][src.models.modules.semantic_id.tiger_generation_model][INFO] - [rank: 0] Saved encoder attention to ./attention_weights/encoder_attention_batch_87.pt
[2025-10-29 17:13:30,715][src.models.modules.semantic_id.tiger_generation_model][INFO] - [rank: 0] Saved cross attention to ./attention_weights/cross_attention_batch_87.pt
[2025-10-29 17:13:30,957][src.models.modules.semantic_id.tiger_generation_model][WARNING] - [rank: 0] Failed to stack cross attentions: stack expects each tensor to be equal size, but got [32, 6, 150] at entry 0 and [32, 6, 2, 150] at entry 1
[2025-10-29 17:13:30,957][src.models.modules.semantic_id.tiger_generation_model][WARNING] - [rank: 0]   Hierarchy 0 shape: torch.Size([32, 6, 150])
[2025-10-29 17:13:30,957][src.models.modules.semantic_id.tiger_generation_model][WARNING] - [rank: 0]   Hierarchy 1 shape: torch.Size([32, 6, 2, 150])
[2025-10-29 17:13:30,957][src.models.modules.semantic_id.tiger_generation_model][WARNING] - [rank: 0]   Hierarchy 2 shape: torch.Size([32, 6, 150])
[2025-10-29 17:13:30,958][src.models.modules.semantic_id.tiger_generation_model][WARNING] - [rank: 0]   Hierarchy 3 shape: torch.Size([32, 6, 150])
[2025-10-29 17:13:31,009][src.models.modules.semantic_id.tiger_generation_model][INFO] - [rank: 0] Saved decoder self-attention to ./attention_weights/decoder_self_attention_batch_88.pt
[2025-10-29 17:13:31,009][src.models.modules.semantic_id.tiger_generation_model][INFO] - [rank: 0] Saved encoder attention to ./attention_weights/encoder_attention_batch_88.pt
[2025-10-29 17:13:31,009][src.models.modules.semantic_id.tiger_generation_model][INFO] - [rank: 0] Saved cross attention to ./attention_weights/cross_attention_batch_88.pt
[2025-10-29 17:13:31,254][src.models.modules.semantic_id.tiger_generation_model][WARNING] - [rank: 0] Failed to stack cross attentions: stack expects each tensor to be equal size, but got [32, 6, 150] at entry 0 and [32, 6, 2, 150] at entry 1
[2025-10-29 17:13:31,255][src.models.modules.semantic_id.tiger_generation_model][WARNING] - [rank: 0]   Hierarchy 0 shape: torch.Size([32, 6, 150])
[2025-10-29 17:13:31,255][src.models.modules.semantic_id.tiger_generation_model][WARNING] - [rank: 0]   Hierarchy 1 shape: torch.Size([32, 6, 2, 150])
[2025-10-29 17:13:31,255][src.models.modules.semantic_id.tiger_generation_model][WARNING] - [rank: 0]   Hierarchy 2 shape: torch.Size([32, 6, 150])
[2025-10-29 17:13:31,255][src.models.modules.semantic_id.tiger_generation_model][WARNING] - [rank: 0]   Hierarchy 3 shape: torch.Size([32, 6, 150])
[2025-10-29 17:13:31,307][src.models.modules.semantic_id.tiger_generation_model][INFO] - [rank: 0] Saved decoder self-attention to ./attention_weights/decoder_self_attention_batch_89.pt
[2025-10-29 17:13:31,308][src.models.modules.semantic_id.tiger_generation_model][INFO] - [rank: 0] Saved encoder attention to ./attention_weights/encoder_attention_batch_89.pt
[2025-10-29 17:13:31,308][src.models.modules.semantic_id.tiger_generation_model][INFO] - [rank: 0] Saved cross attention to ./attention_weights/cross_attention_batch_89.pt
[2025-10-29 17:13:31,574][src.models.modules.semantic_id.tiger_generation_model][WARNING] - [rank: 0] Failed to stack cross attentions: stack expects each tensor to be equal size, but got [32, 6, 150] at entry 0 and [32, 6, 2, 150] at entry 1
[2025-10-29 17:13:31,574][src.models.modules.semantic_id.tiger_generation_model][WARNING] - [rank: 0]   Hierarchy 0 shape: torch.Size([32, 6, 150])
[2025-10-29 17:13:31,574][src.models.modules.semantic_id.tiger_generation_model][WARNING] - [rank: 0]   Hierarchy 1 shape: torch.Size([32, 6, 2, 150])
[2025-10-29 17:13:31,574][src.models.modules.semantic_id.tiger_generation_model][WARNING] - [rank: 0]   Hierarchy 2 shape: torch.Size([32, 6, 150])
[2025-10-29 17:13:31,575][src.models.modules.semantic_id.tiger_generation_model][WARNING] - [rank: 0]   Hierarchy 3 shape: torch.Size([32, 6, 150])
[2025-10-29 17:13:31,626][src.models.modules.semantic_id.tiger_generation_model][INFO] - [rank: 0] Saved decoder self-attention to ./attention_weights/decoder_self_attention_batch_90.pt
[2025-10-29 17:13:31,627][src.models.modules.semantic_id.tiger_generation_model][INFO] - [rank: 0] Saved encoder attention to ./attention_weights/encoder_attention_batch_90.pt
[2025-10-29 17:13:31,627][src.models.modules.semantic_id.tiger_generation_model][INFO] - [rank: 0] Saved cross attention to ./attention_weights/cross_attention_batch_90.pt
[2025-10-29 17:13:31,910][src.models.modules.semantic_id.tiger_generation_model][WARNING] - [rank: 0] Failed to stack cross attentions: stack expects each tensor to be equal size, but got [32, 6, 150] at entry 0 and [32, 6, 2, 150] at entry 1
[2025-10-29 17:13:31,910][src.models.modules.semantic_id.tiger_generation_model][WARNING] - [rank: 0]   Hierarchy 0 shape: torch.Size([32, 6, 150])
[2025-10-29 17:13:31,910][src.models.modules.semantic_id.tiger_generation_model][WARNING] - [rank: 0]   Hierarchy 1 shape: torch.Size([32, 6, 2, 150])
[2025-10-29 17:13:31,911][src.models.modules.semantic_id.tiger_generation_model][WARNING] - [rank: 0]   Hierarchy 2 shape: torch.Size([32, 6, 150])
[2025-10-29 17:13:31,911][src.models.modules.semantic_id.tiger_generation_model][WARNING] - [rank: 0]   Hierarchy 3 shape: torch.Size([32, 6, 150])
[2025-10-29 17:13:32,002][src.models.modules.semantic_id.tiger_generation_model][INFO] - [rank: 0] Saved decoder self-attention to ./attention_weights/decoder_self_attention_batch_91.pt
[2025-10-29 17:13:32,002][src.models.modules.semantic_id.tiger_generation_model][INFO] - [rank: 0] Saved encoder attention to ./attention_weights/encoder_attention_batch_91.pt
[2025-10-29 17:13:32,003][src.models.modules.semantic_id.tiger_generation_model][INFO] - [rank: 0] Saved cross attention to ./attention_weights/cross_attention_batch_91.pt
[2025-10-29 17:13:32,294][src.models.modules.semantic_id.tiger_generation_model][WARNING] - [rank: 0] Failed to stack cross attentions: stack expects each tensor to be equal size, but got [32, 6, 150] at entry 0 and [32, 6, 2, 150] at entry 1
[2025-10-29 17:13:32,294][src.models.modules.semantic_id.tiger_generation_model][WARNING] - [rank: 0]   Hierarchy 0 shape: torch.Size([32, 6, 150])
[2025-10-29 17:13:32,294][src.models.modules.semantic_id.tiger_generation_model][WARNING] - [rank: 0]   Hierarchy 1 shape: torch.Size([32, 6, 2, 150])
[2025-10-29 17:13:32,294][src.models.modules.semantic_id.tiger_generation_model][WARNING] - [rank: 0]   Hierarchy 2 shape: torch.Size([32, 6, 150])
[2025-10-29 17:13:32,295][src.models.modules.semantic_id.tiger_generation_model][WARNING] - [rank: 0]   Hierarchy 3 shape: torch.Size([32, 6, 150])
[2025-10-29 17:13:32,347][src.models.modules.semantic_id.tiger_generation_model][INFO] - [rank: 0] Saved decoder self-attention to ./attention_weights/decoder_self_attention_batch_92.pt
[2025-10-29 17:13:32,347][src.models.modules.semantic_id.tiger_generation_model][INFO] - [rank: 0] Saved encoder attention to ./attention_weights/encoder_attention_batch_92.pt
[2025-10-29 17:13:32,347][src.models.modules.semantic_id.tiger_generation_model][INFO] - [rank: 0] Saved cross attention to ./attention_weights/cross_attention_batch_92.pt
[2025-10-29 17:13:32,588][src.models.modules.semantic_id.tiger_generation_model][WARNING] - [rank: 0] Failed to stack cross attentions: stack expects each tensor to be equal size, but got [32, 6, 150] at entry 0 and [32, 6, 2, 150] at entry 1
[2025-10-29 17:13:32,588][src.models.modules.semantic_id.tiger_generation_model][WARNING] - [rank: 0]   Hierarchy 0 shape: torch.Size([32, 6, 150])
[2025-10-29 17:13:32,589][src.models.modules.semantic_id.tiger_generation_model][WARNING] - [rank: 0]   Hierarchy 1 shape: torch.Size([32, 6, 2, 150])
[2025-10-29 17:13:32,589][src.models.modules.semantic_id.tiger_generation_model][WARNING] - [rank: 0]   Hierarchy 2 shape: torch.Size([32, 6, 150])
[2025-10-29 17:13:32,589][src.models.modules.semantic_id.tiger_generation_model][WARNING] - [rank: 0]   Hierarchy 3 shape: torch.Size([32, 6, 150])
[2025-10-29 17:13:32,640][src.models.modules.semantic_id.tiger_generation_model][INFO] - [rank: 0] Saved decoder self-attention to ./attention_weights/decoder_self_attention_batch_93.pt
[2025-10-29 17:13:32,640][src.models.modules.semantic_id.tiger_generation_model][INFO] - [rank: 0] Saved encoder attention to ./attention_weights/encoder_attention_batch_93.pt
[2025-10-29 17:13:32,640][src.models.modules.semantic_id.tiger_generation_model][INFO] - [rank: 0] Saved cross attention to ./attention_weights/cross_attention_batch_93.pt
[2025-10-29 17:13:32,917][src.models.modules.semantic_id.tiger_generation_model][WARNING] - [rank: 0] Failed to stack cross attentions: stack expects each tensor to be equal size, but got [32, 6, 150] at entry 0 and [32, 6, 2, 150] at entry 1
[2025-10-29 17:13:32,918][src.models.modules.semantic_id.tiger_generation_model][WARNING] - [rank: 0]   Hierarchy 0 shape: torch.Size([32, 6, 150])
[2025-10-29 17:13:32,918][src.models.modules.semantic_id.tiger_generation_model][WARNING] - [rank: 0]   Hierarchy 1 shape: torch.Size([32, 6, 2, 150])
[2025-10-29 17:13:32,918][src.models.modules.semantic_id.tiger_generation_model][WARNING] - [rank: 0]   Hierarchy 2 shape: torch.Size([32, 6, 150])
[2025-10-29 17:13:32,918][src.models.modules.semantic_id.tiger_generation_model][WARNING] - [rank: 0]   Hierarchy 3 shape: torch.Size([32, 6, 150])
[2025-10-29 17:13:32,971][src.models.modules.semantic_id.tiger_generation_model][INFO] - [rank: 0] Saved decoder self-attention to ./attention_weights/decoder_self_attention_batch_94.pt
[2025-10-29 17:13:32,971][src.models.modules.semantic_id.tiger_generation_model][INFO] - [rank: 0] Saved encoder attention to ./attention_weights/encoder_attention_batch_94.pt
[2025-10-29 17:13:32,971][src.models.modules.semantic_id.tiger_generation_model][INFO] - [rank: 0] Saved cross attention to ./attention_weights/cross_attention_batch_94.pt
[2025-10-29 17:13:33,211][src.models.modules.semantic_id.tiger_generation_model][WARNING] - [rank: 0] Failed to stack cross attentions: stack expects each tensor to be equal size, but got [32, 6, 150] at entry 0 and [32, 6, 2, 150] at entry 1
[2025-10-29 17:13:33,211][src.models.modules.semantic_id.tiger_generation_model][WARNING] - [rank: 0]   Hierarchy 0 shape: torch.Size([32, 6, 150])
[2025-10-29 17:13:33,211][src.models.modules.semantic_id.tiger_generation_model][WARNING] - [rank: 0]   Hierarchy 1 shape: torch.Size([32, 6, 2, 150])
[2025-10-29 17:13:33,211][src.models.modules.semantic_id.tiger_generation_model][WARNING] - [rank: 0]   Hierarchy 2 shape: torch.Size([32, 6, 150])
[2025-10-29 17:13:33,211][src.models.modules.semantic_id.tiger_generation_model][WARNING] - [rank: 0]   Hierarchy 3 shape: torch.Size([32, 6, 150])
[2025-10-29 17:13:33,264][src.models.modules.semantic_id.tiger_generation_model][INFO] - [rank: 0] Saved decoder self-attention to ./attention_weights/decoder_self_attention_batch_95.pt
[2025-10-29 17:13:33,265][src.models.modules.semantic_id.tiger_generation_model][INFO] - [rank: 0] Saved encoder attention to ./attention_weights/encoder_attention_batch_95.pt
[2025-10-29 17:13:33,265][src.models.modules.semantic_id.tiger_generation_model][INFO] - [rank: 0] Saved cross attention to ./attention_weights/cross_attention_batch_95.pt
[2025-10-29 17:13:33,505][src.models.modules.semantic_id.tiger_generation_model][WARNING] - [rank: 0] Failed to stack cross attentions: stack expects each tensor to be equal size, but got [32, 6, 150] at entry 0 and [32, 6, 2, 150] at entry 1
[2025-10-29 17:13:33,506][src.models.modules.semantic_id.tiger_generation_model][WARNING] - [rank: 0]   Hierarchy 0 shape: torch.Size([32, 6, 150])
[2025-10-29 17:13:33,506][src.models.modules.semantic_id.tiger_generation_model][WARNING] - [rank: 0]   Hierarchy 1 shape: torch.Size([32, 6, 2, 150])
[2025-10-29 17:13:33,506][src.models.modules.semantic_id.tiger_generation_model][WARNING] - [rank: 0]   Hierarchy 2 shape: torch.Size([32, 6, 150])
[2025-10-29 17:13:33,506][src.models.modules.semantic_id.tiger_generation_model][WARNING] - [rank: 0]   Hierarchy 3 shape: torch.Size([32, 6, 150])
[2025-10-29 17:13:33,558][src.models.modules.semantic_id.tiger_generation_model][INFO] - [rank: 0] Saved decoder self-attention to ./attention_weights/decoder_self_attention_batch_96.pt
[2025-10-29 17:13:33,558][src.models.modules.semantic_id.tiger_generation_model][INFO] - [rank: 0] Saved encoder attention to ./attention_weights/encoder_attention_batch_96.pt
[2025-10-29 17:13:33,558][src.models.modules.semantic_id.tiger_generation_model][INFO] - [rank: 0] Saved cross attention to ./attention_weights/cross_attention_batch_96.pt
[2025-10-29 17:13:33,797][src.models.modules.semantic_id.tiger_generation_model][WARNING] - [rank: 0] Failed to stack cross attentions: stack expects each tensor to be equal size, but got [32, 6, 150] at entry 0 and [32, 6, 2, 150] at entry 1
[2025-10-29 17:13:33,798][src.models.modules.semantic_id.tiger_generation_model][WARNING] - [rank: 0]   Hierarchy 0 shape: torch.Size([32, 6, 150])
[2025-10-29 17:13:33,798][src.models.modules.semantic_id.tiger_generation_model][WARNING] - [rank: 0]   Hierarchy 1 shape: torch.Size([32, 6, 2, 150])
[2025-10-29 17:13:33,798][src.models.modules.semantic_id.tiger_generation_model][WARNING] - [rank: 0]   Hierarchy 2 shape: torch.Size([32, 6, 150])
[2025-10-29 17:13:33,798][src.models.modules.semantic_id.tiger_generation_model][WARNING] - [rank: 0]   Hierarchy 3 shape: torch.Size([32, 6, 150])
[2025-10-29 17:13:33,850][src.models.modules.semantic_id.tiger_generation_model][INFO] - [rank: 0] Saved decoder self-attention to ./attention_weights/decoder_self_attention_batch_97.pt
[2025-10-29 17:13:33,850][src.models.modules.semantic_id.tiger_generation_model][INFO] - [rank: 0] Saved encoder attention to ./attention_weights/encoder_attention_batch_97.pt
[2025-10-29 17:13:33,850][src.models.modules.semantic_id.tiger_generation_model][INFO] - [rank: 0] Saved cross attention to ./attention_weights/cross_attention_batch_97.pt
[2025-10-29 17:13:34,100][src.models.modules.semantic_id.tiger_generation_model][WARNING] - [rank: 0] Failed to stack cross attentions: stack expects each tensor to be equal size, but got [32, 6, 150] at entry 0 and [32, 6, 2, 150] at entry 1
[2025-10-29 17:13:34,101][src.models.modules.semantic_id.tiger_generation_model][WARNING] - [rank: 0]   Hierarchy 0 shape: torch.Size([32, 6, 150])
[2025-10-29 17:13:34,101][src.models.modules.semantic_id.tiger_generation_model][WARNING] - [rank: 0]   Hierarchy 1 shape: torch.Size([32, 6, 2, 150])
[2025-10-29 17:13:34,101][src.models.modules.semantic_id.tiger_generation_model][WARNING] - [rank: 0]   Hierarchy 2 shape: torch.Size([32, 6, 150])
[2025-10-29 17:13:34,101][src.models.modules.semantic_id.tiger_generation_model][WARNING] - [rank: 0]   Hierarchy 3 shape: torch.Size([32, 6, 150])
[2025-10-29 17:13:34,153][src.models.modules.semantic_id.tiger_generation_model][INFO] - [rank: 0] Saved decoder self-attention to ./attention_weights/decoder_self_attention_batch_98.pt
[2025-10-29 17:13:34,153][src.models.modules.semantic_id.tiger_generation_model][INFO] - [rank: 0] Saved encoder attention to ./attention_weights/encoder_attention_batch_98.pt
[2025-10-29 17:13:34,153][src.models.modules.semantic_id.tiger_generation_model][INFO] - [rank: 0] Saved cross attention to ./attention_weights/cross_attention_batch_98.pt
[2025-10-29 17:13:34,422][src.models.modules.semantic_id.tiger_generation_model][WARNING] - [rank: 0] Failed to stack cross attentions: stack expects each tensor to be equal size, but got [32, 6, 150] at entry 0 and [32, 6, 2, 150] at entry 1
[2025-10-29 17:13:34,422][src.models.modules.semantic_id.tiger_generation_model][WARNING] - [rank: 0]   Hierarchy 0 shape: torch.Size([32, 6, 150])
[2025-10-29 17:13:34,423][src.models.modules.semantic_id.tiger_generation_model][WARNING] - [rank: 0]   Hierarchy 1 shape: torch.Size([32, 6, 2, 150])
[2025-10-29 17:13:34,423][src.models.modules.semantic_id.tiger_generation_model][WARNING] - [rank: 0]   Hierarchy 2 shape: torch.Size([32, 6, 150])
[2025-10-29 17:13:34,423][src.models.modules.semantic_id.tiger_generation_model][WARNING] - [rank: 0]   Hierarchy 3 shape: torch.Size([32, 6, 150])
[2025-10-29 17:13:34,475][src.models.modules.semantic_id.tiger_generation_model][INFO] - [rank: 0] Saved decoder self-attention to ./attention_weights/decoder_self_attention_batch_99.pt
[2025-10-29 17:13:34,475][src.models.modules.semantic_id.tiger_generation_model][INFO] - [rank: 0] Saved encoder attention to ./attention_weights/encoder_attention_batch_99.pt
[2025-10-29 17:13:34,475][src.models.modules.semantic_id.tiger_generation_model][INFO] - [rank: 0] Saved cross attention to ./attention_weights/cross_attention_batch_99.pt
[2025-10-29 17:13:34,768][src.models.modules.semantic_id.tiger_generation_model][WARNING] - [rank: 0] Failed to stack cross attentions: stack expects each tensor to be equal size, but got [32, 6, 150] at entry 0 and [32, 6, 2, 150] at entry 1
[2025-10-29 17:13:34,768][src.models.modules.semantic_id.tiger_generation_model][WARNING] - [rank: 0]   Hierarchy 0 shape: torch.Size([32, 6, 150])
[2025-10-29 17:13:34,768][src.models.modules.semantic_id.tiger_generation_model][WARNING] - [rank: 0]   Hierarchy 1 shape: torch.Size([32, 6, 2, 150])
[2025-10-29 17:13:34,768][src.models.modules.semantic_id.tiger_generation_model][WARNING] - [rank: 0]   Hierarchy 2 shape: torch.Size([32, 6, 150])
[2025-10-29 17:13:34,768][src.models.modules.semantic_id.tiger_generation_model][WARNING] - [rank: 0]   Hierarchy 3 shape: torch.Size([32, 6, 150])
[2025-10-29 17:13:34,825][src.models.modules.semantic_id.tiger_generation_model][INFO] - [rank: 0] Saved decoder self-attention to ./attention_weights/decoder_self_attention_batch_100.pt
[2025-10-29 17:13:34,825][src.models.modules.semantic_id.tiger_generation_model][INFO] - [rank: 0] Saved encoder attention to ./attention_weights/encoder_attention_batch_100.pt
[2025-10-29 17:13:34,825][src.models.modules.semantic_id.tiger_generation_model][INFO] - [rank: 0] Saved cross attention to ./attention_weights/cross_attention_batch_100.pt
[2025-10-29 17:13:35,136][src.models.modules.semantic_id.tiger_generation_model][WARNING] - [rank: 0] Failed to stack cross attentions: stack expects each tensor to be equal size, but got [32, 6, 150] at entry 0 and [32, 6, 2, 150] at entry 1
[2025-10-29 17:13:35,137][src.models.modules.semantic_id.tiger_generation_model][WARNING] - [rank: 0]   Hierarchy 0 shape: torch.Size([32, 6, 150])
[2025-10-29 17:13:35,137][src.models.modules.semantic_id.tiger_generation_model][WARNING] - [rank: 0]   Hierarchy 1 shape: torch.Size([32, 6, 2, 150])
[2025-10-29 17:13:35,137][src.models.modules.semantic_id.tiger_generation_model][WARNING] - [rank: 0]   Hierarchy 2 shape: torch.Size([32, 6, 150])
[2025-10-29 17:13:35,137][src.models.modules.semantic_id.tiger_generation_model][WARNING] - [rank: 0]   Hierarchy 3 shape: torch.Size([32, 6, 150])
[2025-10-29 17:13:35,192][src.models.modules.semantic_id.tiger_generation_model][INFO] - [rank: 0] Saved decoder self-attention to ./attention_weights/decoder_self_attention_batch_101.pt
[2025-10-29 17:13:35,192][src.models.modules.semantic_id.tiger_generation_model][INFO] - [rank: 0] Saved encoder attention to ./attention_weights/encoder_attention_batch_101.pt
[2025-10-29 17:13:35,192][src.models.modules.semantic_id.tiger_generation_model][INFO] - [rank: 0] Saved cross attention to ./attention_weights/cross_attention_batch_101.pt
[2025-10-29 17:13:35,450][src.models.modules.semantic_id.tiger_generation_model][WARNING] - [rank: 0] Failed to stack cross attentions: stack expects each tensor to be equal size, but got [32, 6, 150] at entry 0 and [32, 6, 2, 150] at entry 1
[2025-10-29 17:13:35,450][src.models.modules.semantic_id.tiger_generation_model][WARNING] - [rank: 0]   Hierarchy 0 shape: torch.Size([32, 6, 150])
[2025-10-29 17:13:35,450][src.models.modules.semantic_id.tiger_generation_model][WARNING] - [rank: 0]   Hierarchy 1 shape: torch.Size([32, 6, 2, 150])
[2025-10-29 17:13:35,450][src.models.modules.semantic_id.tiger_generation_model][WARNING] - [rank: 0]   Hierarchy 2 shape: torch.Size([32, 6, 150])
[2025-10-29 17:13:35,450][src.models.modules.semantic_id.tiger_generation_model][WARNING] - [rank: 0]   Hierarchy 3 shape: torch.Size([32, 6, 150])
[2025-10-29 17:13:35,503][src.models.modules.semantic_id.tiger_generation_model][INFO] - [rank: 0] Saved decoder self-attention to ./attention_weights/decoder_self_attention_batch_102.pt
[2025-10-29 17:13:35,503][src.models.modules.semantic_id.tiger_generation_model][INFO] - [rank: 0] Saved encoder attention to ./attention_weights/encoder_attention_batch_102.pt
[2025-10-29 17:13:35,504][src.models.modules.semantic_id.tiger_generation_model][INFO] - [rank: 0] Saved cross attention to ./attention_weights/cross_attention_batch_102.pt
[2025-10-29 17:13:35,785][src.models.modules.semantic_id.tiger_generation_model][WARNING] - [rank: 0] Failed to stack cross attentions: stack expects each tensor to be equal size, but got [32, 6, 150] at entry 0 and [32, 6, 2, 150] at entry 1
[2025-10-29 17:13:35,786][src.models.modules.semantic_id.tiger_generation_model][WARNING] - [rank: 0]   Hierarchy 0 shape: torch.Size([32, 6, 150])
[2025-10-29 17:13:35,786][src.models.modules.semantic_id.tiger_generation_model][WARNING] - [rank: 0]   Hierarchy 1 shape: torch.Size([32, 6, 2, 150])
[2025-10-29 17:13:35,786][src.models.modules.semantic_id.tiger_generation_model][WARNING] - [rank: 0]   Hierarchy 2 shape: torch.Size([32, 6, 150])
[2025-10-29 17:13:35,786][src.models.modules.semantic_id.tiger_generation_model][WARNING] - [rank: 0]   Hierarchy 3 shape: torch.Size([32, 6, 150])
[2025-10-29 17:13:35,840][src.models.modules.semantic_id.tiger_generation_model][INFO] - [rank: 0] Saved decoder self-attention to ./attention_weights/decoder_self_attention_batch_103.pt
[2025-10-29 17:13:35,840][src.models.modules.semantic_id.tiger_generation_model][INFO] - [rank: 0] Saved encoder attention to ./attention_weights/encoder_attention_batch_103.pt
[2025-10-29 17:13:35,840][src.models.modules.semantic_id.tiger_generation_model][INFO] - [rank: 0] Saved cross attention to ./attention_weights/cross_attention_batch_103.pt
[2025-10-29 17:13:36,141][src.models.modules.semantic_id.tiger_generation_model][WARNING] - [rank: 0] Failed to stack cross attentions: stack expects each tensor to be equal size, but got [32, 6, 150] at entry 0 and [32, 6, 2, 150] at entry 1
[2025-10-29 17:13:36,141][src.models.modules.semantic_id.tiger_generation_model][WARNING] - [rank: 0]   Hierarchy 0 shape: torch.Size([32, 6, 150])
[2025-10-29 17:13:36,141][src.models.modules.semantic_id.tiger_generation_model][WARNING] - [rank: 0]   Hierarchy 1 shape: torch.Size([32, 6, 2, 150])
[2025-10-29 17:13:36,141][src.models.modules.semantic_id.tiger_generation_model][WARNING] - [rank: 0]   Hierarchy 2 shape: torch.Size([32, 6, 150])
[2025-10-29 17:13:36,142][src.models.modules.semantic_id.tiger_generation_model][WARNING] - [rank: 0]   Hierarchy 3 shape: torch.Size([32, 6, 150])
[2025-10-29 17:13:36,196][src.models.modules.semantic_id.tiger_generation_model][INFO] - [rank: 0] Saved decoder self-attention to ./attention_weights/decoder_self_attention_batch_104.pt
[2025-10-29 17:13:36,196][src.models.modules.semantic_id.tiger_generation_model][INFO] - [rank: 0] Saved encoder attention to ./attention_weights/encoder_attention_batch_104.pt
[2025-10-29 17:13:36,196][src.models.modules.semantic_id.tiger_generation_model][INFO] - [rank: 0] Saved cross attention to ./attention_weights/cross_attention_batch_104.pt
[2025-10-29 17:13:36,470][src.models.modules.semantic_id.tiger_generation_model][WARNING] - [rank: 0] Failed to stack cross attentions: stack expects each tensor to be equal size, but got [32, 6, 150] at entry 0 and [32, 6, 2, 150] at entry 1
[2025-10-29 17:13:36,471][src.models.modules.semantic_id.tiger_generation_model][WARNING] - [rank: 0]   Hierarchy 0 shape: torch.Size([32, 6, 150])
[2025-10-29 17:13:36,471][src.models.modules.semantic_id.tiger_generation_model][WARNING] - [rank: 0]   Hierarchy 1 shape: torch.Size([32, 6, 2, 150])
[2025-10-29 17:13:36,471][src.models.modules.semantic_id.tiger_generation_model][WARNING] - [rank: 0]   Hierarchy 2 shape: torch.Size([32, 6, 150])
[2025-10-29 17:13:36,471][src.models.modules.semantic_id.tiger_generation_model][WARNING] - [rank: 0]   Hierarchy 3 shape: torch.Size([32, 6, 150])
[2025-10-29 17:13:36,524][src.models.modules.semantic_id.tiger_generation_model][INFO] - [rank: 0] Saved decoder self-attention to ./attention_weights/decoder_self_attention_batch_105.pt
[2025-10-29 17:13:36,525][src.models.modules.semantic_id.tiger_generation_model][INFO] - [rank: 0] Saved encoder attention to ./attention_weights/encoder_attention_batch_105.pt
[2025-10-29 17:13:36,525][src.models.modules.semantic_id.tiger_generation_model][INFO] - [rank: 0] Saved cross attention to ./attention_weights/cross_attention_batch_105.pt
[2025-10-29 17:13:36,846][src.models.modules.semantic_id.tiger_generation_model][WARNING] - [rank: 0] Failed to stack cross attentions: stack expects each tensor to be equal size, but got [32, 6, 150] at entry 0 and [32, 6, 2, 150] at entry 1
[2025-10-29 17:13:36,847][src.models.modules.semantic_id.tiger_generation_model][WARNING] - [rank: 0]   Hierarchy 0 shape: torch.Size([32, 6, 150])
[2025-10-29 17:13:36,847][src.models.modules.semantic_id.tiger_generation_model][WARNING] - [rank: 0]   Hierarchy 1 shape: torch.Size([32, 6, 2, 150])
[2025-10-29 17:13:36,847][src.models.modules.semantic_id.tiger_generation_model][WARNING] - [rank: 0]   Hierarchy 2 shape: torch.Size([32, 6, 150])
[2025-10-29 17:13:36,847][src.models.modules.semantic_id.tiger_generation_model][WARNING] - [rank: 0]   Hierarchy 3 shape: torch.Size([32, 6, 150])
[2025-10-29 17:13:36,901][src.models.modules.semantic_id.tiger_generation_model][INFO] - [rank: 0] Saved decoder self-attention to ./attention_weights/decoder_self_attention_batch_106.pt
[2025-10-29 17:13:36,902][src.models.modules.semantic_id.tiger_generation_model][INFO] - [rank: 0] Saved encoder attention to ./attention_weights/encoder_attention_batch_106.pt
[2025-10-29 17:13:36,902][src.models.modules.semantic_id.tiger_generation_model][INFO] - [rank: 0] Saved cross attention to ./attention_weights/cross_attention_batch_106.pt
[2025-10-29 17:13:37,143][src.models.modules.semantic_id.tiger_generation_model][WARNING] - [rank: 0] Failed to stack cross attentions: stack expects each tensor to be equal size, but got [32, 6, 150] at entry 0 and [32, 6, 2, 150] at entry 1
[2025-10-29 17:13:37,144][src.models.modules.semantic_id.tiger_generation_model][WARNING] - [rank: 0]   Hierarchy 0 shape: torch.Size([32, 6, 150])
[2025-10-29 17:13:37,144][src.models.modules.semantic_id.tiger_generation_model][WARNING] - [rank: 0]   Hierarchy 1 shape: torch.Size([32, 6, 2, 150])
[2025-10-29 17:13:37,144][src.models.modules.semantic_id.tiger_generation_model][WARNING] - [rank: 0]   Hierarchy 2 shape: torch.Size([32, 6, 150])
[2025-10-29 17:13:37,144][src.models.modules.semantic_id.tiger_generation_model][WARNING] - [rank: 0]   Hierarchy 3 shape: torch.Size([32, 6, 150])
[2025-10-29 17:13:37,198][src.models.modules.semantic_id.tiger_generation_model][INFO] - [rank: 0] Saved decoder self-attention to ./attention_weights/decoder_self_attention_batch_107.pt
[2025-10-29 17:13:37,198][src.models.modules.semantic_id.tiger_generation_model][INFO] - [rank: 0] Saved encoder attention to ./attention_weights/encoder_attention_batch_107.pt
[2025-10-29 17:13:37,199][src.models.modules.semantic_id.tiger_generation_model][INFO] - [rank: 0] Saved cross attention to ./attention_weights/cross_attention_batch_107.pt
[2025-10-29 17:13:37,440][src.models.modules.semantic_id.tiger_generation_model][WARNING] - [rank: 0] Failed to stack cross attentions: stack expects each tensor to be equal size, but got [32, 6, 150] at entry 0 and [32, 6, 2, 150] at entry 1
[2025-10-29 17:13:37,440][src.models.modules.semantic_id.tiger_generation_model][WARNING] - [rank: 0]   Hierarchy 0 shape: torch.Size([32, 6, 150])
[2025-10-29 17:13:37,440][src.models.modules.semantic_id.tiger_generation_model][WARNING] - [rank: 0]   Hierarchy 1 shape: torch.Size([32, 6, 2, 150])
[2025-10-29 17:13:37,440][src.models.modules.semantic_id.tiger_generation_model][WARNING] - [rank: 0]   Hierarchy 2 shape: torch.Size([32, 6, 150])
[2025-10-29 17:13:37,441][src.models.modules.semantic_id.tiger_generation_model][WARNING] - [rank: 0]   Hierarchy 3 shape: torch.Size([32, 6, 150])
[2025-10-29 17:13:37,495][src.models.modules.semantic_id.tiger_generation_model][INFO] - [rank: 0] Saved decoder self-attention to ./attention_weights/decoder_self_attention_batch_108.pt
[2025-10-29 17:13:37,495][src.models.modules.semantic_id.tiger_generation_model][INFO] - [rank: 0] Saved encoder attention to ./attention_weights/encoder_attention_batch_108.pt
[2025-10-29 17:13:37,495][src.models.modules.semantic_id.tiger_generation_model][INFO] - [rank: 0] Saved cross attention to ./attention_weights/cross_attention_batch_108.pt
[2025-10-29 17:13:37,750][src.models.modules.semantic_id.tiger_generation_model][WARNING] - [rank: 0] Failed to stack cross attentions: stack expects each tensor to be equal size, but got [32, 6, 150] at entry 0 and [32, 6, 2, 150] at entry 1
[2025-10-29 17:13:37,750][src.models.modules.semantic_id.tiger_generation_model][WARNING] - [rank: 0]   Hierarchy 0 shape: torch.Size([32, 6, 150])
[2025-10-29 17:13:37,750][src.models.modules.semantic_id.tiger_generation_model][WARNING] - [rank: 0]   Hierarchy 1 shape: torch.Size([32, 6, 2, 150])
[2025-10-29 17:13:37,751][src.models.modules.semantic_id.tiger_generation_model][WARNING] - [rank: 0]   Hierarchy 2 shape: torch.Size([32, 6, 150])
[2025-10-29 17:13:37,751][src.models.modules.semantic_id.tiger_generation_model][WARNING] - [rank: 0]   Hierarchy 3 shape: torch.Size([32, 6, 150])
[2025-10-29 17:13:37,804][src.models.modules.semantic_id.tiger_generation_model][INFO] - [rank: 0] Saved decoder self-attention to ./attention_weights/decoder_self_attention_batch_109.pt
[2025-10-29 17:13:37,804][src.models.modules.semantic_id.tiger_generation_model][INFO] - [rank: 0] Saved encoder attention to ./attention_weights/encoder_attention_batch_109.pt
[2025-10-29 17:13:37,804][src.models.modules.semantic_id.tiger_generation_model][INFO] - [rank: 0] Saved cross attention to ./attention_weights/cross_attention_batch_109.pt
[2025-10-29 17:13:38,062][src.models.modules.semantic_id.tiger_generation_model][WARNING] - [rank: 0] Failed to stack cross attentions: stack expects each tensor to be equal size, but got [32, 6, 150] at entry 0 and [32, 6, 2, 150] at entry 1
[2025-10-29 17:13:38,062][src.models.modules.semantic_id.tiger_generation_model][WARNING] - [rank: 0]   Hierarchy 0 shape: torch.Size([32, 6, 150])
[2025-10-29 17:13:38,062][src.models.modules.semantic_id.tiger_generation_model][WARNING] - [rank: 0]   Hierarchy 1 shape: torch.Size([32, 6, 2, 150])
[2025-10-29 17:13:38,062][src.models.modules.semantic_id.tiger_generation_model][WARNING] - [rank: 0]   Hierarchy 2 shape: torch.Size([32, 6, 150])
[2025-10-29 17:13:38,063][src.models.modules.semantic_id.tiger_generation_model][WARNING] - [rank: 0]   Hierarchy 3 shape: torch.Size([32, 6, 150])
[2025-10-29 17:13:38,118][src.models.modules.semantic_id.tiger_generation_model][INFO] - [rank: 0] Saved decoder self-attention to ./attention_weights/decoder_self_attention_batch_110.pt
[2025-10-29 17:13:38,118][src.models.modules.semantic_id.tiger_generation_model][INFO] - [rank: 0] Saved encoder attention to ./attention_weights/encoder_attention_batch_110.pt
[2025-10-29 17:13:38,118][src.models.modules.semantic_id.tiger_generation_model][INFO] - [rank: 0] Saved cross attention to ./attention_weights/cross_attention_batch_110.pt
[2025-10-29 17:13:38,361][src.models.modules.semantic_id.tiger_generation_model][WARNING] - [rank: 0] Failed to stack cross attentions: stack expects each tensor to be equal size, but got [32, 6, 150] at entry 0 and [32, 6, 2, 150] at entry 1
[2025-10-29 17:13:38,362][src.models.modules.semantic_id.tiger_generation_model][WARNING] - [rank: 0]   Hierarchy 0 shape: torch.Size([32, 6, 150])
[2025-10-29 17:13:38,362][src.models.modules.semantic_id.tiger_generation_model][WARNING] - [rank: 0]   Hierarchy 1 shape: torch.Size([32, 6, 2, 150])
[2025-10-29 17:13:38,362][src.models.modules.semantic_id.tiger_generation_model][WARNING] - [rank: 0]   Hierarchy 2 shape: torch.Size([32, 6, 150])
[2025-10-29 17:13:38,362][src.models.modules.semantic_id.tiger_generation_model][WARNING] - [rank: 0]   Hierarchy 3 shape: torch.Size([32, 6, 150])
[2025-10-29 17:13:38,418][src.models.modules.semantic_id.tiger_generation_model][INFO] - [rank: 0] Saved decoder self-attention to ./attention_weights/decoder_self_attention_batch_111.pt
[2025-10-29 17:13:38,418][src.models.modules.semantic_id.tiger_generation_model][INFO] - [rank: 0] Saved encoder attention to ./attention_weights/encoder_attention_batch_111.pt
[2025-10-29 17:13:38,418][src.models.modules.semantic_id.tiger_generation_model][INFO] - [rank: 0] Saved cross attention to ./attention_weights/cross_attention_batch_111.pt
[2025-10-29 17:13:38,682][src.models.modules.semantic_id.tiger_generation_model][WARNING] - [rank: 0] Failed to stack cross attentions: stack expects each tensor to be equal size, but got [32, 6, 150] at entry 0 and [32, 6, 2, 150] at entry 1
[2025-10-29 17:13:38,682][src.models.modules.semantic_id.tiger_generation_model][WARNING] - [rank: 0]   Hierarchy 0 shape: torch.Size([32, 6, 150])
[2025-10-29 17:13:38,683][src.models.modules.semantic_id.tiger_generation_model][WARNING] - [rank: 0]   Hierarchy 1 shape: torch.Size([32, 6, 2, 150])
[2025-10-29 17:13:38,683][src.models.modules.semantic_id.tiger_generation_model][WARNING] - [rank: 0]   Hierarchy 2 shape: torch.Size([32, 6, 150])
[2025-10-29 17:13:38,683][src.models.modules.semantic_id.tiger_generation_model][WARNING] - [rank: 0]   Hierarchy 3 shape: torch.Size([32, 6, 150])
[2025-10-29 17:13:38,737][src.models.modules.semantic_id.tiger_generation_model][INFO] - [rank: 0] Saved decoder self-attention to ./attention_weights/decoder_self_attention_batch_112.pt
[2025-10-29 17:13:38,738][src.models.modules.semantic_id.tiger_generation_model][INFO] - [rank: 0] Saved encoder attention to ./attention_weights/encoder_attention_batch_112.pt
[2025-10-29 17:13:38,738][src.models.modules.semantic_id.tiger_generation_model][INFO] - [rank: 0] Saved cross attention to ./attention_weights/cross_attention_batch_112.pt
[2025-10-29 17:13:38,999][src.models.modules.semantic_id.tiger_generation_model][WARNING] - [rank: 0] Failed to stack cross attentions: stack expects each tensor to be equal size, but got [32, 6, 150] at entry 0 and [32, 6, 2, 150] at entry 1
[2025-10-29 17:13:39,000][src.models.modules.semantic_id.tiger_generation_model][WARNING] - [rank: 0]   Hierarchy 0 shape: torch.Size([32, 6, 150])
[2025-10-29 17:13:39,000][src.models.modules.semantic_id.tiger_generation_model][WARNING] - [rank: 0]   Hierarchy 1 shape: torch.Size([32, 6, 2, 150])
[2025-10-29 17:13:39,000][src.models.modules.semantic_id.tiger_generation_model][WARNING] - [rank: 0]   Hierarchy 2 shape: torch.Size([32, 6, 150])
[2025-10-29 17:13:39,000][src.models.modules.semantic_id.tiger_generation_model][WARNING] - [rank: 0]   Hierarchy 3 shape: torch.Size([32, 6, 150])
[2025-10-29 17:13:39,053][src.models.modules.semantic_id.tiger_generation_model][INFO] - [rank: 0] Saved decoder self-attention to ./attention_weights/decoder_self_attention_batch_113.pt
[2025-10-29 17:13:39,053][src.models.modules.semantic_id.tiger_generation_model][INFO] - [rank: 0] Saved encoder attention to ./attention_weights/encoder_attention_batch_113.pt
[2025-10-29 17:13:39,053][src.models.modules.semantic_id.tiger_generation_model][INFO] - [rank: 0] Saved cross attention to ./attention_weights/cross_attention_batch_113.pt
[2025-10-29 17:13:39,309][src.models.modules.semantic_id.tiger_generation_model][WARNING] - [rank: 0] Failed to stack cross attentions: stack expects each tensor to be equal size, but got [32, 6, 150] at entry 0 and [32, 6, 2, 150] at entry 1
[2025-10-29 17:13:39,310][src.models.modules.semantic_id.tiger_generation_model][WARNING] - [rank: 0]   Hierarchy 0 shape: torch.Size([32, 6, 150])
[2025-10-29 17:13:39,310][src.models.modules.semantic_id.tiger_generation_model][WARNING] - [rank: 0]   Hierarchy 1 shape: torch.Size([32, 6, 2, 150])
[2025-10-29 17:13:39,310][src.models.modules.semantic_id.tiger_generation_model][WARNING] - [rank: 0]   Hierarchy 2 shape: torch.Size([32, 6, 150])
[2025-10-29 17:13:39,310][src.models.modules.semantic_id.tiger_generation_model][WARNING] - [rank: 0]   Hierarchy 3 shape: torch.Size([32, 6, 150])
[2025-10-29 17:13:39,371][src.models.modules.semantic_id.tiger_generation_model][INFO] - [rank: 0] Saved decoder self-attention to ./attention_weights/decoder_self_attention_batch_114.pt
[2025-10-29 17:13:39,371][src.models.modules.semantic_id.tiger_generation_model][INFO] - [rank: 0] Saved encoder attention to ./attention_weights/encoder_attention_batch_114.pt
[2025-10-29 17:13:39,371][src.models.modules.semantic_id.tiger_generation_model][INFO] - [rank: 0] Saved cross attention to ./attention_weights/cross_attention_batch_114.pt
[2025-10-29 17:13:39,630][src.models.modules.semantic_id.tiger_generation_model][WARNING] - [rank: 0] Failed to stack cross attentions: stack expects each tensor to be equal size, but got [32, 6, 150] at entry 0 and [32, 6, 2, 150] at entry 1
[2025-10-29 17:13:39,631][src.models.modules.semantic_id.tiger_generation_model][WARNING] - [rank: 0]   Hierarchy 0 shape: torch.Size([32, 6, 150])
[2025-10-29 17:13:39,631][src.models.modules.semantic_id.tiger_generation_model][WARNING] - [rank: 0]   Hierarchy 1 shape: torch.Size([32, 6, 2, 150])
[2025-10-29 17:13:39,631][src.models.modules.semantic_id.tiger_generation_model][WARNING] - [rank: 0]   Hierarchy 2 shape: torch.Size([32, 6, 150])
[2025-10-29 17:13:39,631][src.models.modules.semantic_id.tiger_generation_model][WARNING] - [rank: 0]   Hierarchy 3 shape: torch.Size([32, 6, 150])
[2025-10-29 17:13:39,684][src.models.modules.semantic_id.tiger_generation_model][INFO] - [rank: 0] Saved decoder self-attention to ./attention_weights/decoder_self_attention_batch_115.pt
[2025-10-29 17:13:39,684][src.models.modules.semantic_id.tiger_generation_model][INFO] - [rank: 0] Saved encoder attention to ./attention_weights/encoder_attention_batch_115.pt
[2025-10-29 17:13:39,684][src.models.modules.semantic_id.tiger_generation_model][INFO] - [rank: 0] Saved cross attention to ./attention_weights/cross_attention_batch_115.pt
[2025-10-29 17:13:39,936][src.models.modules.semantic_id.tiger_generation_model][WARNING] - [rank: 0] Failed to stack cross attentions: stack expects each tensor to be equal size, but got [32, 6, 150] at entry 0 and [32, 6, 2, 150] at entry 1
[2025-10-29 17:13:39,936][src.models.modules.semantic_id.tiger_generation_model][WARNING] - [rank: 0]   Hierarchy 0 shape: torch.Size([32, 6, 150])
[2025-10-29 17:13:39,937][src.models.modules.semantic_id.tiger_generation_model][WARNING] - [rank: 0]   Hierarchy 1 shape: torch.Size([32, 6, 2, 150])
[2025-10-29 17:13:39,937][src.models.modules.semantic_id.tiger_generation_model][WARNING] - [rank: 0]   Hierarchy 2 shape: torch.Size([32, 6, 150])
[2025-10-29 17:13:39,937][src.models.modules.semantic_id.tiger_generation_model][WARNING] - [rank: 0]   Hierarchy 3 shape: torch.Size([32, 6, 150])
[2025-10-29 17:13:39,993][src.models.modules.semantic_id.tiger_generation_model][INFO] - [rank: 0] Saved decoder self-attention to ./attention_weights/decoder_self_attention_batch_116.pt
[2025-10-29 17:13:39,993][src.models.modules.semantic_id.tiger_generation_model][INFO] - [rank: 0] Saved encoder attention to ./attention_weights/encoder_attention_batch_116.pt
[2025-10-29 17:13:39,993][src.models.modules.semantic_id.tiger_generation_model][INFO] - [rank: 0] Saved cross attention to ./attention_weights/cross_attention_batch_116.pt
[2025-10-29 17:13:40,267][src.models.modules.semantic_id.tiger_generation_model][WARNING] - [rank: 0] Failed to stack cross attentions: stack expects each tensor to be equal size, but got [32, 6, 150] at entry 0 and [32, 6, 2, 150] at entry 1
[2025-10-29 17:13:40,268][src.models.modules.semantic_id.tiger_generation_model][WARNING] - [rank: 0]   Hierarchy 0 shape: torch.Size([32, 6, 150])
[2025-10-29 17:13:40,268][src.models.modules.semantic_id.tiger_generation_model][WARNING] - [rank: 0]   Hierarchy 1 shape: torch.Size([32, 6, 2, 150])
[2025-10-29 17:13:40,268][src.models.modules.semantic_id.tiger_generation_model][WARNING] - [rank: 0]   Hierarchy 2 shape: torch.Size([32, 6, 150])
[2025-10-29 17:13:40,269][src.models.modules.semantic_id.tiger_generation_model][WARNING] - [rank: 0]   Hierarchy 3 shape: torch.Size([32, 6, 150])
[2025-10-29 17:13:40,327][src.models.modules.semantic_id.tiger_generation_model][INFO] - [rank: 0] Saved decoder self-attention to ./attention_weights/decoder_self_attention_batch_117.pt
[2025-10-29 17:13:40,327][src.models.modules.semantic_id.tiger_generation_model][INFO] - [rank: 0] Saved encoder attention to ./attention_weights/encoder_attention_batch_117.pt
[2025-10-29 17:13:40,327][src.models.modules.semantic_id.tiger_generation_model][INFO] - [rank: 0] Saved cross attention to ./attention_weights/cross_attention_batch_117.pt
[2025-10-29 17:13:40,672][src.models.modules.semantic_id.tiger_generation_model][WARNING] - [rank: 0] Failed to stack cross attentions: stack expects each tensor to be equal size, but got [32, 6, 150] at entry 0 and [32, 6, 2, 150] at entry 1
[2025-10-29 17:13:40,672][src.models.modules.semantic_id.tiger_generation_model][WARNING] - [rank: 0]   Hierarchy 0 shape: torch.Size([32, 6, 150])
[2025-10-29 17:13:40,673][src.models.modules.semantic_id.tiger_generation_model][WARNING] - [rank: 0]   Hierarchy 1 shape: torch.Size([32, 6, 2, 150])
[2025-10-29 17:13:40,673][src.models.modules.semantic_id.tiger_generation_model][WARNING] - [rank: 0]   Hierarchy 2 shape: torch.Size([32, 6, 150])
[2025-10-29 17:13:40,673][src.models.modules.semantic_id.tiger_generation_model][WARNING] - [rank: 0]   Hierarchy 3 shape: torch.Size([32, 6, 150])
[2025-10-29 17:13:40,733][src.models.modules.semantic_id.tiger_generation_model][INFO] - [rank: 0] Saved decoder self-attention to ./attention_weights/decoder_self_attention_batch_118.pt
[2025-10-29 17:13:40,734][src.models.modules.semantic_id.tiger_generation_model][INFO] - [rank: 0] Saved encoder attention to ./attention_weights/encoder_attention_batch_118.pt
[2025-10-29 17:13:40,734][src.models.modules.semantic_id.tiger_generation_model][INFO] - [rank: 0] Saved cross attention to ./attention_weights/cross_attention_batch_118.pt
[2025-10-29 17:13:41,089][src.models.modules.semantic_id.tiger_generation_model][WARNING] - [rank: 0] Failed to stack cross attentions: stack expects each tensor to be equal size, but got [32, 6, 150] at entry 0 and [32, 6, 2, 150] at entry 1
[2025-10-29 17:13:41,090][src.models.modules.semantic_id.tiger_generation_model][WARNING] - [rank: 0]   Hierarchy 0 shape: torch.Size([32, 6, 150])
[2025-10-29 17:13:41,090][src.models.modules.semantic_id.tiger_generation_model][WARNING] - [rank: 0]   Hierarchy 1 shape: torch.Size([32, 6, 2, 150])
[2025-10-29 17:13:41,090][src.models.modules.semantic_id.tiger_generation_model][WARNING] - [rank: 0]   Hierarchy 2 shape: torch.Size([32, 6, 150])
[2025-10-29 17:13:41,090][src.models.modules.semantic_id.tiger_generation_model][WARNING] - [rank: 0]   Hierarchy 3 shape: torch.Size([32, 6, 150])
[2025-10-29 17:13:41,165][src.models.modules.semantic_id.tiger_generation_model][INFO] - [rank: 0] Saved decoder self-attention to ./attention_weights/decoder_self_attention_batch_119.pt
[2025-10-29 17:13:41,165][src.models.modules.semantic_id.tiger_generation_model][INFO] - [rank: 0] Saved encoder attention to ./attention_weights/encoder_attention_batch_119.pt
[2025-10-29 17:13:41,166][src.models.modules.semantic_id.tiger_generation_model][INFO] - [rank: 0] Saved cross attention to ./attention_weights/cross_attention_batch_119.pt
[2025-10-29 17:13:41,521][src.models.modules.semantic_id.tiger_generation_model][WARNING] - [rank: 0] Failed to stack cross attentions: stack expects each tensor to be equal size, but got [32, 6, 150] at entry 0 and [32, 6, 2, 150] at entry 1
[2025-10-29 17:13:41,522][src.models.modules.semantic_id.tiger_generation_model][WARNING] - [rank: 0]   Hierarchy 0 shape: torch.Size([32, 6, 150])
[2025-10-29 17:13:41,522][src.models.modules.semantic_id.tiger_generation_model][WARNING] - [rank: 0]   Hierarchy 1 shape: torch.Size([32, 6, 2, 150])
[2025-10-29 17:13:41,523][src.models.modules.semantic_id.tiger_generation_model][WARNING] - [rank: 0]   Hierarchy 2 shape: torch.Size([32, 6, 150])
[2025-10-29 17:13:41,523][src.models.modules.semantic_id.tiger_generation_model][WARNING] - [rank: 0]   Hierarchy 3 shape: torch.Size([32, 6, 150])
[2025-10-29 17:13:41,598][src.models.modules.semantic_id.tiger_generation_model][INFO] - [rank: 0] Saved decoder self-attention to ./attention_weights/decoder_self_attention_batch_120.pt
[2025-10-29 17:13:41,598][src.models.modules.semantic_id.tiger_generation_model][INFO] - [rank: 0] Saved encoder attention to ./attention_weights/encoder_attention_batch_120.pt
[2025-10-29 17:13:41,599][src.models.modules.semantic_id.tiger_generation_model][INFO] - [rank: 0] Saved cross attention to ./attention_weights/cross_attention_batch_120.pt
[2025-10-29 17:13:42,009][src.models.modules.semantic_id.tiger_generation_model][WARNING] - [rank: 0] Failed to stack cross attentions: stack expects each tensor to be equal size, but got [32, 6, 150] at entry 0 and [32, 6, 2, 150] at entry 1
[2025-10-29 17:13:42,010][src.models.modules.semantic_id.tiger_generation_model][WARNING] - [rank: 0]   Hierarchy 0 shape: torch.Size([32, 6, 150])
[2025-10-29 17:13:42,011][src.models.modules.semantic_id.tiger_generation_model][WARNING] - [rank: 0]   Hierarchy 1 shape: torch.Size([32, 6, 2, 150])
[2025-10-29 17:13:42,011][src.models.modules.semantic_id.tiger_generation_model][WARNING] - [rank: 0]   Hierarchy 2 shape: torch.Size([32, 6, 150])
[2025-10-29 17:13:42,012][src.models.modules.semantic_id.tiger_generation_model][WARNING] - [rank: 0]   Hierarchy 3 shape: torch.Size([32, 6, 150])
[2025-10-29 17:13:42,083][src.models.modules.semantic_id.tiger_generation_model][INFO] - [rank: 0] Saved decoder self-attention to ./attention_weights/decoder_self_attention_batch_121.pt
[2025-10-29 17:13:42,083][src.models.modules.semantic_id.tiger_generation_model][INFO] - [rank: 0] Saved encoder attention to ./attention_weights/encoder_attention_batch_121.pt
[2025-10-29 17:13:42,083][src.models.modules.semantic_id.tiger_generation_model][INFO] - [rank: 0] Saved cross attention to ./attention_weights/cross_attention_batch_121.pt
[2025-10-29 17:13:42,460][src.models.modules.semantic_id.tiger_generation_model][WARNING] - [rank: 0] Failed to stack cross attentions: stack expects each tensor to be equal size, but got [32, 6, 150] at entry 0 and [32, 6, 2, 150] at entry 1
[2025-10-29 17:13:42,460][src.models.modules.semantic_id.tiger_generation_model][WARNING] - [rank: 0]   Hierarchy 0 shape: torch.Size([32, 6, 150])
[2025-10-29 17:13:42,460][src.models.modules.semantic_id.tiger_generation_model][WARNING] - [rank: 0]   Hierarchy 1 shape: torch.Size([32, 6, 2, 150])
[2025-10-29 17:13:42,460][src.models.modules.semantic_id.tiger_generation_model][WARNING] - [rank: 0]   Hierarchy 2 shape: torch.Size([32, 6, 150])
[2025-10-29 17:13:42,460][src.models.modules.semantic_id.tiger_generation_model][WARNING] - [rank: 0]   Hierarchy 3 shape: torch.Size([32, 6, 150])
[2025-10-29 17:13:42,521][src.models.modules.semantic_id.tiger_generation_model][INFO] - [rank: 0] Saved decoder self-attention to ./attention_weights/decoder_self_attention_batch_122.pt
[2025-10-29 17:13:42,522][src.models.modules.semantic_id.tiger_generation_model][INFO] - [rank: 0] Saved encoder attention to ./attention_weights/encoder_attention_batch_122.pt
[2025-10-29 17:13:42,522][src.models.modules.semantic_id.tiger_generation_model][INFO] - [rank: 0] Saved cross attention to ./attention_weights/cross_attention_batch_122.pt
[2025-10-29 17:13:42,791][src.models.modules.semantic_id.tiger_generation_model][WARNING] - [rank: 0] Failed to stack cross attentions: stack expects each tensor to be equal size, but got [32, 6, 150] at entry 0 and [32, 6, 2, 150] at entry 1
[2025-10-29 17:13:42,792][src.models.modules.semantic_id.tiger_generation_model][WARNING] - [rank: 0]   Hierarchy 0 shape: torch.Size([32, 6, 150])
[2025-10-29 17:13:42,792][src.models.modules.semantic_id.tiger_generation_model][WARNING] - [rank: 0]   Hierarchy 1 shape: torch.Size([32, 6, 2, 150])
[2025-10-29 17:13:42,792][src.models.modules.semantic_id.tiger_generation_model][WARNING] - [rank: 0]   Hierarchy 2 shape: torch.Size([32, 6, 150])
[2025-10-29 17:13:42,792][src.models.modules.semantic_id.tiger_generation_model][WARNING] - [rank: 0]   Hierarchy 3 shape: torch.Size([32, 6, 150])
[2025-10-29 17:13:42,848][src.models.modules.semantic_id.tiger_generation_model][INFO] - [rank: 0] Saved decoder self-attention to ./attention_weights/decoder_self_attention_batch_123.pt
[2025-10-29 17:13:42,848][src.models.modules.semantic_id.tiger_generation_model][INFO] - [rank: 0] Saved encoder attention to ./attention_weights/encoder_attention_batch_123.pt
[2025-10-29 17:13:42,848][src.models.modules.semantic_id.tiger_generation_model][INFO] - [rank: 0] Saved cross attention to ./attention_weights/cross_attention_batch_123.pt
[2025-10-29 17:13:43,108][src.models.modules.semantic_id.tiger_generation_model][WARNING] - [rank: 0] Failed to stack cross attentions: stack expects each tensor to be equal size, but got [32, 6, 150] at entry 0 and [32, 6, 2, 150] at entry 1
[2025-10-29 17:13:43,108][src.models.modules.semantic_id.tiger_generation_model][WARNING] - [rank: 0]   Hierarchy 0 shape: torch.Size([32, 6, 150])
[2025-10-29 17:13:43,108][src.models.modules.semantic_id.tiger_generation_model][WARNING] - [rank: 0]   Hierarchy 1 shape: torch.Size([32, 6, 2, 150])
[2025-10-29 17:13:43,108][src.models.modules.semantic_id.tiger_generation_model][WARNING] - [rank: 0]   Hierarchy 2 shape: torch.Size([32, 6, 150])
[2025-10-29 17:13:43,109][src.models.modules.semantic_id.tiger_generation_model][WARNING] - [rank: 0]   Hierarchy 3 shape: torch.Size([32, 6, 150])
[2025-10-29 17:13:43,162][src.models.modules.semantic_id.tiger_generation_model][INFO] - [rank: 0] Saved decoder self-attention to ./attention_weights/decoder_self_attention_batch_124.pt
[2025-10-29 17:13:43,163][src.models.modules.semantic_id.tiger_generation_model][INFO] - [rank: 0] Saved encoder attention to ./attention_weights/encoder_attention_batch_124.pt
[2025-10-29 17:13:43,163][src.models.modules.semantic_id.tiger_generation_model][INFO] - [rank: 0] Saved cross attention to ./attention_weights/cross_attention_batch_124.pt
[2025-10-29 17:13:43,482][src.models.modules.semantic_id.tiger_generation_model][WARNING] - [rank: 0] Failed to stack cross attentions: stack expects each tensor to be equal size, but got [32, 6, 150] at entry 0 and [32, 6, 2, 150] at entry 1
[2025-10-29 17:13:43,482][src.models.modules.semantic_id.tiger_generation_model][WARNING] - [rank: 0]   Hierarchy 0 shape: torch.Size([32, 6, 150])
[2025-10-29 17:13:43,483][src.models.modules.semantic_id.tiger_generation_model][WARNING] - [rank: 0]   Hierarchy 1 shape: torch.Size([32, 6, 2, 150])
[2025-10-29 17:13:43,483][src.models.modules.semantic_id.tiger_generation_model][WARNING] - [rank: 0]   Hierarchy 2 shape: torch.Size([32, 6, 150])
[2025-10-29 17:13:43,483][src.models.modules.semantic_id.tiger_generation_model][WARNING] - [rank: 0]   Hierarchy 3 shape: torch.Size([32, 6, 150])
[2025-10-29 17:13:43,536][src.models.modules.semantic_id.tiger_generation_model][INFO] - [rank: 0] Saved decoder self-attention to ./attention_weights/decoder_self_attention_batch_125.pt
[2025-10-29 17:13:43,537][src.models.modules.semantic_id.tiger_generation_model][INFO] - [rank: 0] Saved encoder attention to ./attention_weights/encoder_attention_batch_125.pt
[2025-10-29 17:13:43,537][src.models.modules.semantic_id.tiger_generation_model][INFO] - [rank: 0] Saved cross attention to ./attention_weights/cross_attention_batch_125.pt
[2025-10-29 17:13:43,802][src.models.modules.semantic_id.tiger_generation_model][WARNING] - [rank: 0] Failed to stack cross attentions: stack expects each tensor to be equal size, but got [32, 6, 150] at entry 0 and [32, 6, 2, 150] at entry 1
[2025-10-29 17:13:43,802][src.models.modules.semantic_id.tiger_generation_model][WARNING] - [rank: 0]   Hierarchy 0 shape: torch.Size([32, 6, 150])
[2025-10-29 17:13:43,802][src.models.modules.semantic_id.tiger_generation_model][WARNING] - [rank: 0]   Hierarchy 1 shape: torch.Size([32, 6, 2, 150])
[2025-10-29 17:13:43,803][src.models.modules.semantic_id.tiger_generation_model][WARNING] - [rank: 0]   Hierarchy 2 shape: torch.Size([32, 6, 150])
[2025-10-29 17:13:43,803][src.models.modules.semantic_id.tiger_generation_model][WARNING] - [rank: 0]   Hierarchy 3 shape: torch.Size([32, 6, 150])
[2025-10-29 17:13:43,859][src.models.modules.semantic_id.tiger_generation_model][INFO] - [rank: 0] Saved decoder self-attention to ./attention_weights/decoder_self_attention_batch_126.pt
[2025-10-29 17:13:43,859][src.models.modules.semantic_id.tiger_generation_model][INFO] - [rank: 0] Saved encoder attention to ./attention_weights/encoder_attention_batch_126.pt
[2025-10-29 17:13:43,859][src.models.modules.semantic_id.tiger_generation_model][INFO] - [rank: 0] Saved cross attention to ./attention_weights/cross_attention_batch_126.pt
[2025-10-29 17:13:44,134][src.models.modules.semantic_id.tiger_generation_model][WARNING] - [rank: 0] Failed to stack cross attentions: stack expects each tensor to be equal size, but got [32, 6, 150] at entry 0 and [32, 6, 2, 150] at entry 1
[2025-10-29 17:13:44,135][src.models.modules.semantic_id.tiger_generation_model][WARNING] - [rank: 0]   Hierarchy 0 shape: torch.Size([32, 6, 150])
[2025-10-29 17:13:44,135][src.models.modules.semantic_id.tiger_generation_model][WARNING] - [rank: 0]   Hierarchy 1 shape: torch.Size([32, 6, 2, 150])
[2025-10-29 17:13:44,135][src.models.modules.semantic_id.tiger_generation_model][WARNING] - [rank: 0]   Hierarchy 2 shape: torch.Size([32, 6, 150])
[2025-10-29 17:13:44,135][src.models.modules.semantic_id.tiger_generation_model][WARNING] - [rank: 0]   Hierarchy 3 shape: torch.Size([32, 6, 150])
[2025-10-29 17:13:44,192][src.models.modules.semantic_id.tiger_generation_model][INFO] - [rank: 0] Saved decoder self-attention to ./attention_weights/decoder_self_attention_batch_127.pt
[2025-10-29 17:13:44,193][src.models.modules.semantic_id.tiger_generation_model][INFO] - [rank: 0] Saved encoder attention to ./attention_weights/encoder_attention_batch_127.pt
[2025-10-29 17:13:44,193][src.models.modules.semantic_id.tiger_generation_model][INFO] - [rank: 0] Saved cross attention to ./attention_weights/cross_attention_batch_127.pt
[2025-10-29 17:13:44,468][src.models.modules.semantic_id.tiger_generation_model][WARNING] - [rank: 0] Failed to stack cross attentions: stack expects each tensor to be equal size, but got [32, 6, 150] at entry 0 and [32, 6, 2, 150] at entry 1
[2025-10-29 17:13:44,468][src.models.modules.semantic_id.tiger_generation_model][WARNING] - [rank: 0]   Hierarchy 0 shape: torch.Size([32, 6, 150])
[2025-10-29 17:13:44,468][src.models.modules.semantic_id.tiger_generation_model][WARNING] - [rank: 0]   Hierarchy 1 shape: torch.Size([32, 6, 2, 150])
[2025-10-29 17:13:44,469][src.models.modules.semantic_id.tiger_generation_model][WARNING] - [rank: 0]   Hierarchy 2 shape: torch.Size([32, 6, 150])
[2025-10-29 17:13:44,469][src.models.modules.semantic_id.tiger_generation_model][WARNING] - [rank: 0]   Hierarchy 3 shape: torch.Size([32, 6, 150])
[2025-10-29 17:13:44,522][src.models.modules.semantic_id.tiger_generation_model][INFO] - [rank: 0] Saved decoder self-attention to ./attention_weights/decoder_self_attention_batch_128.pt
[2025-10-29 17:13:44,522][src.models.modules.semantic_id.tiger_generation_model][INFO] - [rank: 0] Saved encoder attention to ./attention_weights/encoder_attention_batch_128.pt
[2025-10-29 17:13:44,522][src.models.modules.semantic_id.tiger_generation_model][INFO] - [rank: 0] Saved cross attention to ./attention_weights/cross_attention_batch_128.pt
[2025-10-29 17:13:44,809][src.models.modules.semantic_id.tiger_generation_model][WARNING] - [rank: 0] Failed to stack cross attentions: stack expects each tensor to be equal size, but got [32, 6, 150] at entry 0 and [32, 6, 2, 150] at entry 1
[2025-10-29 17:13:44,809][src.models.modules.semantic_id.tiger_generation_model][WARNING] - [rank: 0]   Hierarchy 0 shape: torch.Size([32, 6, 150])
[2025-10-29 17:13:44,809][src.models.modules.semantic_id.tiger_generation_model][WARNING] - [rank: 0]   Hierarchy 1 shape: torch.Size([32, 6, 2, 150])
[2025-10-29 17:13:44,809][src.models.modules.semantic_id.tiger_generation_model][WARNING] - [rank: 0]   Hierarchy 2 shape: torch.Size([32, 6, 150])
[2025-10-29 17:13:44,810][src.models.modules.semantic_id.tiger_generation_model][WARNING] - [rank: 0]   Hierarchy 3 shape: torch.Size([32, 6, 150])
[2025-10-29 17:13:44,864][src.models.modules.semantic_id.tiger_generation_model][INFO] - [rank: 0] Saved decoder self-attention to ./attention_weights/decoder_self_attention_batch_129.pt
[2025-10-29 17:13:44,864][src.models.modules.semantic_id.tiger_generation_model][INFO] - [rank: 0] Saved encoder attention to ./attention_weights/encoder_attention_batch_129.pt
[2025-10-29 17:13:44,864][src.models.modules.semantic_id.tiger_generation_model][INFO] - [rank: 0] Saved cross attention to ./attention_weights/cross_attention_batch_129.pt
[2025-10-29 17:13:45,122][src.models.modules.semantic_id.tiger_generation_model][WARNING] - [rank: 0] Failed to stack cross attentions: stack expects each tensor to be equal size, but got [32, 6, 150] at entry 0 and [32, 6, 2, 150] at entry 1
[2025-10-29 17:13:45,122][src.models.modules.semantic_id.tiger_generation_model][WARNING] - [rank: 0]   Hierarchy 0 shape: torch.Size([32, 6, 150])
[2025-10-29 17:13:45,123][src.models.modules.semantic_id.tiger_generation_model][WARNING] - [rank: 0]   Hierarchy 1 shape: torch.Size([32, 6, 2, 150])
[2025-10-29 17:13:45,123][src.models.modules.semantic_id.tiger_generation_model][WARNING] - [rank: 0]   Hierarchy 2 shape: torch.Size([32, 6, 150])
[2025-10-29 17:13:45,123][src.models.modules.semantic_id.tiger_generation_model][WARNING] - [rank: 0]   Hierarchy 3 shape: torch.Size([32, 6, 150])
[2025-10-29 17:13:45,185][src.models.modules.semantic_id.tiger_generation_model][INFO] - [rank: 0] Saved decoder self-attention to ./attention_weights/decoder_self_attention_batch_130.pt
[2025-10-29 17:13:45,185][src.models.modules.semantic_id.tiger_generation_model][INFO] - [rank: 0] Saved encoder attention to ./attention_weights/encoder_attention_batch_130.pt
[2025-10-29 17:13:45,185][src.models.modules.semantic_id.tiger_generation_model][INFO] - [rank: 0] Saved cross attention to ./attention_weights/cross_attention_batch_130.pt
[2025-10-29 17:13:45,475][src.models.modules.semantic_id.tiger_generation_model][WARNING] - [rank: 0] Failed to stack cross attentions: stack expects each tensor to be equal size, but got [32, 6, 150] at entry 0 and [32, 6, 2, 150] at entry 1
[2025-10-29 17:13:45,475][src.models.modules.semantic_id.tiger_generation_model][WARNING] - [rank: 0]   Hierarchy 0 shape: torch.Size([32, 6, 150])
[2025-10-29 17:13:45,475][src.models.modules.semantic_id.tiger_generation_model][WARNING] - [rank: 0]   Hierarchy 1 shape: torch.Size([32, 6, 2, 150])
[2025-10-29 17:13:45,475][src.models.modules.semantic_id.tiger_generation_model][WARNING] - [rank: 0]   Hierarchy 2 shape: torch.Size([32, 6, 150])
[2025-10-29 17:13:45,475][src.models.modules.semantic_id.tiger_generation_model][WARNING] - [rank: 0]   Hierarchy 3 shape: torch.Size([32, 6, 150])
[2025-10-29 17:13:45,549][src.models.modules.semantic_id.tiger_generation_model][INFO] - [rank: 0] Saved decoder self-attention to ./attention_weights/decoder_self_attention_batch_131.pt
[2025-10-29 17:13:45,549][src.models.modules.semantic_id.tiger_generation_model][INFO] - [rank: 0] Saved encoder attention to ./attention_weights/encoder_attention_batch_131.pt
[2025-10-29 17:13:45,550][src.models.modules.semantic_id.tiger_generation_model][INFO] - [rank: 0] Saved cross attention to ./attention_weights/cross_attention_batch_131.pt
[2025-10-29 17:13:45,812][src.models.modules.semantic_id.tiger_generation_model][WARNING] - [rank: 0] Failed to stack cross attentions: stack expects each tensor to be equal size, but got [32, 6, 150] at entry 0 and [32, 6, 2, 150] at entry 1
[2025-10-29 17:13:45,812][src.models.modules.semantic_id.tiger_generation_model][WARNING] - [rank: 0]   Hierarchy 0 shape: torch.Size([32, 6, 150])
[2025-10-29 17:13:45,812][src.models.modules.semantic_id.tiger_generation_model][WARNING] - [rank: 0]   Hierarchy 1 shape: torch.Size([32, 6, 2, 150])
[2025-10-29 17:13:45,812][src.models.modules.semantic_id.tiger_generation_model][WARNING] - [rank: 0]   Hierarchy 2 shape: torch.Size([32, 6, 150])
[2025-10-29 17:13:45,812][src.models.modules.semantic_id.tiger_generation_model][WARNING] - [rank: 0]   Hierarchy 3 shape: torch.Size([32, 6, 150])
[2025-10-29 17:13:45,865][src.models.modules.semantic_id.tiger_generation_model][INFO] - [rank: 0] Saved decoder self-attention to ./attention_weights/decoder_self_attention_batch_132.pt
[2025-10-29 17:13:45,865][src.models.modules.semantic_id.tiger_generation_model][INFO] - [rank: 0] Saved encoder attention to ./attention_weights/encoder_attention_batch_132.pt
[2025-10-29 17:13:45,865][src.models.modules.semantic_id.tiger_generation_model][INFO] - [rank: 0] Saved cross attention to ./attention_weights/cross_attention_batch_132.pt
[2025-10-29 17:13:46,137][src.models.modules.semantic_id.tiger_generation_model][WARNING] - [rank: 0] Failed to stack cross attentions: stack expects each tensor to be equal size, but got [32, 6, 150] at entry 0 and [32, 6, 2, 150] at entry 1
[2025-10-29 17:13:46,137][src.models.modules.semantic_id.tiger_generation_model][WARNING] - [rank: 0]   Hierarchy 0 shape: torch.Size([32, 6, 150])
[2025-10-29 17:13:46,137][src.models.modules.semantic_id.tiger_generation_model][WARNING] - [rank: 0]   Hierarchy 1 shape: torch.Size([32, 6, 2, 150])
[2025-10-29 17:13:46,137][src.models.modules.semantic_id.tiger_generation_model][WARNING] - [rank: 0]   Hierarchy 2 shape: torch.Size([32, 6, 150])
[2025-10-29 17:13:46,137][src.models.modules.semantic_id.tiger_generation_model][WARNING] - [rank: 0]   Hierarchy 3 shape: torch.Size([32, 6, 150])
[2025-10-29 17:13:46,193][src.models.modules.semantic_id.tiger_generation_model][INFO] - [rank: 0] Saved decoder self-attention to ./attention_weights/decoder_self_attention_batch_133.pt
[2025-10-29 17:13:46,193][src.models.modules.semantic_id.tiger_generation_model][INFO] - [rank: 0] Saved encoder attention to ./attention_weights/encoder_attention_batch_133.pt
[2025-10-29 17:13:46,194][src.models.modules.semantic_id.tiger_generation_model][INFO] - [rank: 0] Saved cross attention to ./attention_weights/cross_attention_batch_133.pt
[2025-10-29 17:13:46,455][src.models.modules.semantic_id.tiger_generation_model][WARNING] - [rank: 0] Failed to stack cross attentions: stack expects each tensor to be equal size, but got [32, 6, 150] at entry 0 and [32, 6, 2, 150] at entry 1
[2025-10-29 17:13:46,456][src.models.modules.semantic_id.tiger_generation_model][WARNING] - [rank: 0]   Hierarchy 0 shape: torch.Size([32, 6, 150])
[2025-10-29 17:13:46,456][src.models.modules.semantic_id.tiger_generation_model][WARNING] - [rank: 0]   Hierarchy 1 shape: torch.Size([32, 6, 2, 150])
[2025-10-29 17:13:46,456][src.models.modules.semantic_id.tiger_generation_model][WARNING] - [rank: 0]   Hierarchy 2 shape: torch.Size([32, 6, 150])
[2025-10-29 17:13:46,456][src.models.modules.semantic_id.tiger_generation_model][WARNING] - [rank: 0]   Hierarchy 3 shape: torch.Size([32, 6, 150])
[2025-10-29 17:13:46,509][src.models.modules.semantic_id.tiger_generation_model][INFO] - [rank: 0] Saved decoder self-attention to ./attention_weights/decoder_self_attention_batch_134.pt
[2025-10-29 17:13:46,509][src.models.modules.semantic_id.tiger_generation_model][INFO] - [rank: 0] Saved encoder attention to ./attention_weights/encoder_attention_batch_134.pt
[2025-10-29 17:13:46,509][src.models.modules.semantic_id.tiger_generation_model][INFO] - [rank: 0] Saved cross attention to ./attention_weights/cross_attention_batch_134.pt
[2025-10-29 17:13:46,753][src.models.modules.semantic_id.tiger_generation_model][WARNING] - [rank: 0] Failed to stack cross attentions: stack expects each tensor to be equal size, but got [32, 6, 150] at entry 0 and [32, 6, 2, 150] at entry 1
[2025-10-29 17:13:46,753][src.models.modules.semantic_id.tiger_generation_model][WARNING] - [rank: 0]   Hierarchy 0 shape: torch.Size([32, 6, 150])
[2025-10-29 17:13:46,753][src.models.modules.semantic_id.tiger_generation_model][WARNING] - [rank: 0]   Hierarchy 1 shape: torch.Size([32, 6, 2, 150])
[2025-10-29 17:13:46,753][src.models.modules.semantic_id.tiger_generation_model][WARNING] - [rank: 0]   Hierarchy 2 shape: torch.Size([32, 6, 150])
[2025-10-29 17:13:46,753][src.models.modules.semantic_id.tiger_generation_model][WARNING] - [rank: 0]   Hierarchy 3 shape: torch.Size([32, 6, 150])
[2025-10-29 17:13:46,807][src.models.modules.semantic_id.tiger_generation_model][INFO] - [rank: 0] Saved decoder self-attention to ./attention_weights/decoder_self_attention_batch_135.pt
[2025-10-29 17:13:46,808][src.models.modules.semantic_id.tiger_generation_model][INFO] - [rank: 0] Saved encoder attention to ./attention_weights/encoder_attention_batch_135.pt
[2025-10-29 17:13:46,808][src.models.modules.semantic_id.tiger_generation_model][INFO] - [rank: 0] Saved cross attention to ./attention_weights/cross_attention_batch_135.pt
[2025-10-29 17:13:47,083][src.models.modules.semantic_id.tiger_generation_model][WARNING] - [rank: 0] Failed to stack cross attentions: stack expects each tensor to be equal size, but got [32, 6, 150] at entry 0 and [32, 6, 2, 150] at entry 1
[2025-10-29 17:13:47,083][src.models.modules.semantic_id.tiger_generation_model][WARNING] - [rank: 0]   Hierarchy 0 shape: torch.Size([32, 6, 150])
[2025-10-29 17:13:47,083][src.models.modules.semantic_id.tiger_generation_model][WARNING] - [rank: 0]   Hierarchy 1 shape: torch.Size([32, 6, 2, 150])
[2025-10-29 17:13:47,083][src.models.modules.semantic_id.tiger_generation_model][WARNING] - [rank: 0]   Hierarchy 2 shape: torch.Size([32, 6, 150])
[2025-10-29 17:13:47,083][src.models.modules.semantic_id.tiger_generation_model][WARNING] - [rank: 0]   Hierarchy 3 shape: torch.Size([32, 6, 150])
[2025-10-29 17:13:47,137][src.models.modules.semantic_id.tiger_generation_model][INFO] - [rank: 0] Saved decoder self-attention to ./attention_weights/decoder_self_attention_batch_136.pt
[2025-10-29 17:13:47,137][src.models.modules.semantic_id.tiger_generation_model][INFO] - [rank: 0] Saved encoder attention to ./attention_weights/encoder_attention_batch_136.pt
[2025-10-29 17:13:47,137][src.models.modules.semantic_id.tiger_generation_model][INFO] - [rank: 0] Saved cross attention to ./attention_weights/cross_attention_batch_136.pt
[2025-10-29 17:13:47,390][src.models.modules.semantic_id.tiger_generation_model][WARNING] - [rank: 0] Failed to stack cross attentions: stack expects each tensor to be equal size, but got [32, 6, 150] at entry 0 and [32, 6, 2, 150] at entry 1
[2025-10-29 17:13:47,390][src.models.modules.semantic_id.tiger_generation_model][WARNING] - [rank: 0]   Hierarchy 0 shape: torch.Size([32, 6, 150])
[2025-10-29 17:13:47,390][src.models.modules.semantic_id.tiger_generation_model][WARNING] - [rank: 0]   Hierarchy 1 shape: torch.Size([32, 6, 2, 150])
[2025-10-29 17:13:47,391][src.models.modules.semantic_id.tiger_generation_model][WARNING] - [rank: 0]   Hierarchy 2 shape: torch.Size([32, 6, 150])
[2025-10-29 17:13:47,391][src.models.modules.semantic_id.tiger_generation_model][WARNING] - [rank: 0]   Hierarchy 3 shape: torch.Size([32, 6, 150])
[2025-10-29 17:13:47,445][src.models.modules.semantic_id.tiger_generation_model][INFO] - [rank: 0] Saved decoder self-attention to ./attention_weights/decoder_self_attention_batch_137.pt
[2025-10-29 17:13:47,445][src.models.modules.semantic_id.tiger_generation_model][INFO] - [rank: 0] Saved encoder attention to ./attention_weights/encoder_attention_batch_137.pt
[2025-10-29 17:13:47,445][src.models.modules.semantic_id.tiger_generation_model][INFO] - [rank: 0] Saved cross attention to ./attention_weights/cross_attention_batch_137.pt
[2025-10-29 17:13:47,719][src.models.modules.semantic_id.tiger_generation_model][WARNING] - [rank: 0] Failed to stack cross attentions: stack expects each tensor to be equal size, but got [32, 6, 150] at entry 0 and [32, 6, 2, 150] at entry 1
[2025-10-29 17:13:47,719][src.models.modules.semantic_id.tiger_generation_model][WARNING] - [rank: 0]   Hierarchy 0 shape: torch.Size([32, 6, 150])
[2025-10-29 17:13:47,719][src.models.modules.semantic_id.tiger_generation_model][WARNING] - [rank: 0]   Hierarchy 1 shape: torch.Size([32, 6, 2, 150])
[2025-10-29 17:13:47,719][src.models.modules.semantic_id.tiger_generation_model][WARNING] - [rank: 0]   Hierarchy 2 shape: torch.Size([32, 6, 150])
[2025-10-29 17:13:47,719][src.models.modules.semantic_id.tiger_generation_model][WARNING] - [rank: 0]   Hierarchy 3 shape: torch.Size([32, 6, 150])
[2025-10-29 17:13:47,773][src.models.modules.semantic_id.tiger_generation_model][INFO] - [rank: 0] Saved decoder self-attention to ./attention_weights/decoder_self_attention_batch_138.pt
[2025-10-29 17:13:47,773][src.models.modules.semantic_id.tiger_generation_model][INFO] - [rank: 0] Saved encoder attention to ./attention_weights/encoder_attention_batch_138.pt
[2025-10-29 17:13:47,773][src.models.modules.semantic_id.tiger_generation_model][INFO] - [rank: 0] Saved cross attention to ./attention_weights/cross_attention_batch_138.pt
[2025-10-29 17:13:48,022][src.models.modules.semantic_id.tiger_generation_model][WARNING] - [rank: 0] Failed to stack cross attentions: stack expects each tensor to be equal size, but got [32, 6, 150] at entry 0 and [32, 6, 2, 150] at entry 1
[2025-10-29 17:13:48,022][src.models.modules.semantic_id.tiger_generation_model][WARNING] - [rank: 0]   Hierarchy 0 shape: torch.Size([32, 6, 150])
[2025-10-29 17:13:48,022][src.models.modules.semantic_id.tiger_generation_model][WARNING] - [rank: 0]   Hierarchy 1 shape: torch.Size([32, 6, 2, 150])
[2025-10-29 17:13:48,022][src.models.modules.semantic_id.tiger_generation_model][WARNING] - [rank: 0]   Hierarchy 2 shape: torch.Size([32, 6, 150])
[2025-10-29 17:13:48,023][src.models.modules.semantic_id.tiger_generation_model][WARNING] - [rank: 0]   Hierarchy 3 shape: torch.Size([32, 6, 150])
[2025-10-29 17:13:48,076][src.models.modules.semantic_id.tiger_generation_model][INFO] - [rank: 0] Saved decoder self-attention to ./attention_weights/decoder_self_attention_batch_139.pt
[2025-10-29 17:13:48,076][src.models.modules.semantic_id.tiger_generation_model][INFO] - [rank: 0] Saved encoder attention to ./attention_weights/encoder_attention_batch_139.pt
[2025-10-29 17:13:48,076][src.models.modules.semantic_id.tiger_generation_model][INFO] - [rank: 0] Saved cross attention to ./attention_weights/cross_attention_batch_139.pt
[2025-10-29 17:13:48,328][src.models.modules.semantic_id.tiger_generation_model][WARNING] - [rank: 0] Failed to stack cross attentions: stack expects each tensor to be equal size, but got [32, 6, 150] at entry 0 and [32, 6, 2, 150] at entry 1
[2025-10-29 17:13:48,328][src.models.modules.semantic_id.tiger_generation_model][WARNING] - [rank: 0]   Hierarchy 0 shape: torch.Size([32, 6, 150])
[2025-10-29 17:13:48,328][src.models.modules.semantic_id.tiger_generation_model][WARNING] - [rank: 0]   Hierarchy 1 shape: torch.Size([32, 6, 2, 150])
[2025-10-29 17:13:48,328][src.models.modules.semantic_id.tiger_generation_model][WARNING] - [rank: 0]   Hierarchy 2 shape: torch.Size([32, 6, 150])
[2025-10-29 17:13:48,329][src.models.modules.semantic_id.tiger_generation_model][WARNING] - [rank: 0]   Hierarchy 3 shape: torch.Size([32, 6, 150])
[2025-10-29 17:13:48,388][src.models.modules.semantic_id.tiger_generation_model][INFO] - [rank: 0] Saved decoder self-attention to ./attention_weights/decoder_self_attention_batch_140.pt
[2025-10-29 17:13:48,388][src.models.modules.semantic_id.tiger_generation_model][INFO] - [rank: 0] Saved encoder attention to ./attention_weights/encoder_attention_batch_140.pt
[2025-10-29 17:13:48,388][src.models.modules.semantic_id.tiger_generation_model][INFO] - [rank: 0] Saved cross attention to ./attention_weights/cross_attention_batch_140.pt
[2025-10-29 17:13:48,662][src.models.modules.semantic_id.tiger_generation_model][WARNING] - [rank: 0] Failed to stack cross attentions: stack expects each tensor to be equal size, but got [32, 6, 150] at entry 0 and [32, 6, 2, 150] at entry 1
[2025-10-29 17:13:48,663][src.models.modules.semantic_id.tiger_generation_model][WARNING] - [rank: 0]   Hierarchy 0 shape: torch.Size([32, 6, 150])
[2025-10-29 17:13:48,663][src.models.modules.semantic_id.tiger_generation_model][WARNING] - [rank: 0]   Hierarchy 1 shape: torch.Size([32, 6, 2, 150])
[2025-10-29 17:13:48,663][src.models.modules.semantic_id.tiger_generation_model][WARNING] - [rank: 0]   Hierarchy 2 shape: torch.Size([32, 6, 150])
[2025-10-29 17:13:48,663][src.models.modules.semantic_id.tiger_generation_model][WARNING] - [rank: 0]   Hierarchy 3 shape: torch.Size([32, 6, 150])
[2025-10-29 17:13:48,717][src.models.modules.semantic_id.tiger_generation_model][INFO] - [rank: 0] Saved decoder self-attention to ./attention_weights/decoder_self_attention_batch_141.pt
[2025-10-29 17:13:48,718][src.models.modules.semantic_id.tiger_generation_model][INFO] - [rank: 0] Saved encoder attention to ./attention_weights/encoder_attention_batch_141.pt
[2025-10-29 17:13:48,718][src.models.modules.semantic_id.tiger_generation_model][INFO] - [rank: 0] Saved cross attention to ./attention_weights/cross_attention_batch_141.pt
[2025-10-29 17:13:49,000][src.models.modules.semantic_id.tiger_generation_model][WARNING] - [rank: 0] Failed to stack cross attentions: stack expects each tensor to be equal size, but got [32, 6, 150] at entry 0 and [32, 6, 2, 150] at entry 1
[2025-10-29 17:13:49,001][src.models.modules.semantic_id.tiger_generation_model][WARNING] - [rank: 0]   Hierarchy 0 shape: torch.Size([32, 6, 150])
[2025-10-29 17:13:49,001][src.models.modules.semantic_id.tiger_generation_model][WARNING] - [rank: 0]   Hierarchy 1 shape: torch.Size([32, 6, 2, 150])
[2025-10-29 17:13:49,001][src.models.modules.semantic_id.tiger_generation_model][WARNING] - [rank: 0]   Hierarchy 2 shape: torch.Size([32, 6, 150])
[2025-10-29 17:13:49,001][src.models.modules.semantic_id.tiger_generation_model][WARNING] - [rank: 0]   Hierarchy 3 shape: torch.Size([32, 6, 150])
[2025-10-29 17:13:49,057][src.models.modules.semantic_id.tiger_generation_model][INFO] - [rank: 0] Saved decoder self-attention to ./attention_weights/decoder_self_attention_batch_142.pt
[2025-10-29 17:13:49,057][src.models.modules.semantic_id.tiger_generation_model][INFO] - [rank: 0] Saved encoder attention to ./attention_weights/encoder_attention_batch_142.pt
[2025-10-29 17:13:49,057][src.models.modules.semantic_id.tiger_generation_model][INFO] - [rank: 0] Saved cross attention to ./attention_weights/cross_attention_batch_142.pt
[2025-10-29 17:13:49,309][src.models.modules.semantic_id.tiger_generation_model][WARNING] - [rank: 0] Failed to stack cross attentions: stack expects each tensor to be equal size, but got [32, 6, 150] at entry 0 and [32, 6, 2, 150] at entry 1
[2025-10-29 17:13:49,309][src.models.modules.semantic_id.tiger_generation_model][WARNING] - [rank: 0]   Hierarchy 0 shape: torch.Size([32, 6, 150])
[2025-10-29 17:13:49,310][src.models.modules.semantic_id.tiger_generation_model][WARNING] - [rank: 0]   Hierarchy 1 shape: torch.Size([32, 6, 2, 150])
[2025-10-29 17:13:49,310][src.models.modules.semantic_id.tiger_generation_model][WARNING] - [rank: 0]   Hierarchy 2 shape: torch.Size([32, 6, 150])
[2025-10-29 17:13:49,310][src.models.modules.semantic_id.tiger_generation_model][WARNING] - [rank: 0]   Hierarchy 3 shape: torch.Size([32, 6, 150])
[2025-10-29 17:13:49,366][src.models.modules.semantic_id.tiger_generation_model][INFO] - [rank: 0] Saved decoder self-attention to ./attention_weights/decoder_self_attention_batch_143.pt
[2025-10-29 17:13:49,366][src.models.modules.semantic_id.tiger_generation_model][INFO] - [rank: 0] Saved encoder attention to ./attention_weights/encoder_attention_batch_143.pt
[2025-10-29 17:13:49,366][src.models.modules.semantic_id.tiger_generation_model][INFO] - [rank: 0] Saved cross attention to ./attention_weights/cross_attention_batch_143.pt
[2025-10-29 17:13:49,635][src.models.modules.semantic_id.tiger_generation_model][WARNING] - [rank: 0] Failed to stack cross attentions: stack expects each tensor to be equal size, but got [32, 6, 150] at entry 0 and [32, 6, 2, 150] at entry 1
[2025-10-29 17:13:49,635][src.models.modules.semantic_id.tiger_generation_model][WARNING] - [rank: 0]   Hierarchy 0 shape: torch.Size([32, 6, 150])
[2025-10-29 17:13:49,636][src.models.modules.semantic_id.tiger_generation_model][WARNING] - [rank: 0]   Hierarchy 1 shape: torch.Size([32, 6, 2, 150])
[2025-10-29 17:13:49,636][src.models.modules.semantic_id.tiger_generation_model][WARNING] - [rank: 0]   Hierarchy 2 shape: torch.Size([32, 6, 150])
[2025-10-29 17:13:49,636][src.models.modules.semantic_id.tiger_generation_model][WARNING] - [rank: 0]   Hierarchy 3 shape: torch.Size([32, 6, 150])
[2025-10-29 17:13:49,695][src.models.modules.semantic_id.tiger_generation_model][INFO] - [rank: 0] Saved decoder self-attention to ./attention_weights/decoder_self_attention_batch_144.pt
[2025-10-29 17:13:49,695][src.models.modules.semantic_id.tiger_generation_model][INFO] - [rank: 0] Saved encoder attention to ./attention_weights/encoder_attention_batch_144.pt
[2025-10-29 17:13:49,696][src.models.modules.semantic_id.tiger_generation_model][INFO] - [rank: 0] Saved cross attention to ./attention_weights/cross_attention_batch_144.pt
[2025-10-29 17:13:49,962][src.models.modules.semantic_id.tiger_generation_model][WARNING] - [rank: 0] Failed to stack cross attentions: stack expects each tensor to be equal size, but got [32, 6, 150] at entry 0 and [32, 6, 2, 150] at entry 1
[2025-10-29 17:13:49,963][src.models.modules.semantic_id.tiger_generation_model][WARNING] - [rank: 0]   Hierarchy 0 shape: torch.Size([32, 6, 150])
[2025-10-29 17:13:49,963][src.models.modules.semantic_id.tiger_generation_model][WARNING] - [rank: 0]   Hierarchy 1 shape: torch.Size([32, 6, 2, 150])
[2025-10-29 17:13:49,963][src.models.modules.semantic_id.tiger_generation_model][WARNING] - [rank: 0]   Hierarchy 2 shape: torch.Size([32, 6, 150])
[2025-10-29 17:13:49,963][src.models.modules.semantic_id.tiger_generation_model][WARNING] - [rank: 0]   Hierarchy 3 shape: torch.Size([32, 6, 150])
[2025-10-29 17:13:50,017][src.models.modules.semantic_id.tiger_generation_model][INFO] - [rank: 0] Saved decoder self-attention to ./attention_weights/decoder_self_attention_batch_145.pt
[2025-10-29 17:13:50,017][src.models.modules.semantic_id.tiger_generation_model][INFO] - [rank: 0] Saved encoder attention to ./attention_weights/encoder_attention_batch_145.pt
[2025-10-29 17:13:50,017][src.models.modules.semantic_id.tiger_generation_model][INFO] - [rank: 0] Saved cross attention to ./attention_weights/cross_attention_batch_145.pt
[2025-10-29 17:13:50,277][src.models.modules.semantic_id.tiger_generation_model][WARNING] - [rank: 0] Failed to stack cross attentions: stack expects each tensor to be equal size, but got [32, 6, 150] at entry 0 and [32, 6, 2, 150] at entry 1
[2025-10-29 17:13:50,278][src.models.modules.semantic_id.tiger_generation_model][WARNING] - [rank: 0]   Hierarchy 0 shape: torch.Size([32, 6, 150])
[2025-10-29 17:13:50,278][src.models.modules.semantic_id.tiger_generation_model][WARNING] - [rank: 0]   Hierarchy 1 shape: torch.Size([32, 6, 2, 150])
[2025-10-29 17:13:50,278][src.models.modules.semantic_id.tiger_generation_model][WARNING] - [rank: 0]   Hierarchy 2 shape: torch.Size([32, 6, 150])
[2025-10-29 17:13:50,278][src.models.modules.semantic_id.tiger_generation_model][WARNING] - [rank: 0]   Hierarchy 3 shape: torch.Size([32, 6, 150])
[2025-10-29 17:13:50,337][src.models.modules.semantic_id.tiger_generation_model][INFO] - [rank: 0] Saved decoder self-attention to ./attention_weights/decoder_self_attention_batch_146.pt
[2025-10-29 17:13:50,337][src.models.modules.semantic_id.tiger_generation_model][INFO] - [rank: 0] Saved encoder attention to ./attention_weights/encoder_attention_batch_146.pt
[2025-10-29 17:13:50,337][src.models.modules.semantic_id.tiger_generation_model][INFO] - [rank: 0] Saved cross attention to ./attention_weights/cross_attention_batch_146.pt
[2025-10-29 17:13:50,623][src.models.modules.semantic_id.tiger_generation_model][WARNING] - [rank: 0] Failed to stack cross attentions: stack expects each tensor to be equal size, but got [32, 6, 150] at entry 0 and [32, 6, 2, 150] at entry 1
[2025-10-29 17:13:50,623][src.models.modules.semantic_id.tiger_generation_model][WARNING] - [rank: 0]   Hierarchy 0 shape: torch.Size([32, 6, 150])
[2025-10-29 17:13:50,623][src.models.modules.semantic_id.tiger_generation_model][WARNING] - [rank: 0]   Hierarchy 1 shape: torch.Size([32, 6, 2, 150])
[2025-10-29 17:13:50,623][src.models.modules.semantic_id.tiger_generation_model][WARNING] - [rank: 0]   Hierarchy 2 shape: torch.Size([32, 6, 150])
[2025-10-29 17:13:50,624][src.models.modules.semantic_id.tiger_generation_model][WARNING] - [rank: 0]   Hierarchy 3 shape: torch.Size([32, 6, 150])
[2025-10-29 17:13:50,678][src.models.modules.semantic_id.tiger_generation_model][INFO] - [rank: 0] Saved decoder self-attention to ./attention_weights/decoder_self_attention_batch_147.pt
[2025-10-29 17:13:50,679][src.models.modules.semantic_id.tiger_generation_model][INFO] - [rank: 0] Saved encoder attention to ./attention_weights/encoder_attention_batch_147.pt
[2025-10-29 17:13:50,679][src.models.modules.semantic_id.tiger_generation_model][INFO] - [rank: 0] Saved cross attention to ./attention_weights/cross_attention_batch_147.pt
[2025-10-29 17:13:50,943][src.models.modules.semantic_id.tiger_generation_model][WARNING] - [rank: 0] Failed to stack cross attentions: stack expects each tensor to be equal size, but got [32, 6, 150] at entry 0 and [32, 6, 2, 150] at entry 1
[2025-10-29 17:13:50,943][src.models.modules.semantic_id.tiger_generation_model][WARNING] - [rank: 0]   Hierarchy 0 shape: torch.Size([32, 6, 150])
[2025-10-29 17:13:50,943][src.models.modules.semantic_id.tiger_generation_model][WARNING] - [rank: 0]   Hierarchy 1 shape: torch.Size([32, 6, 2, 150])
[2025-10-29 17:13:50,943][src.models.modules.semantic_id.tiger_generation_model][WARNING] - [rank: 0]   Hierarchy 2 shape: torch.Size([32, 6, 150])
[2025-10-29 17:13:50,943][src.models.modules.semantic_id.tiger_generation_model][WARNING] - [rank: 0]   Hierarchy 3 shape: torch.Size([32, 6, 150])
[2025-10-29 17:13:50,998][src.models.modules.semantic_id.tiger_generation_model][INFO] - [rank: 0] Saved decoder self-attention to ./attention_weights/decoder_self_attention_batch_148.pt
[2025-10-29 17:13:50,998][src.models.modules.semantic_id.tiger_generation_model][INFO] - [rank: 0] Saved encoder attention to ./attention_weights/encoder_attention_batch_148.pt
[2025-10-29 17:13:50,998][src.models.modules.semantic_id.tiger_generation_model][INFO] - [rank: 0] Saved cross attention to ./attention_weights/cross_attention_batch_148.pt
[2025-10-29 17:13:51,244][src.models.modules.semantic_id.tiger_generation_model][WARNING] - [rank: 0] Failed to stack cross attentions: stack expects each tensor to be equal size, but got [32, 6, 150] at entry 0 and [32, 6, 2, 150] at entry 1
[2025-10-29 17:13:51,244][src.models.modules.semantic_id.tiger_generation_model][WARNING] - [rank: 0]   Hierarchy 0 shape: torch.Size([32, 6, 150])
[2025-10-29 17:13:51,244][src.models.modules.semantic_id.tiger_generation_model][WARNING] - [rank: 0]   Hierarchy 1 shape: torch.Size([32, 6, 2, 150])
[2025-10-29 17:13:51,245][src.models.modules.semantic_id.tiger_generation_model][WARNING] - [rank: 0]   Hierarchy 2 shape: torch.Size([32, 6, 150])
[2025-10-29 17:13:51,245][src.models.modules.semantic_id.tiger_generation_model][WARNING] - [rank: 0]   Hierarchy 3 shape: torch.Size([32, 6, 150])
[2025-10-29 17:13:51,297][src.models.modules.semantic_id.tiger_generation_model][INFO] - [rank: 0] Saved decoder self-attention to ./attention_weights/decoder_self_attention_batch_149.pt
[2025-10-29 17:13:51,297][src.models.modules.semantic_id.tiger_generation_model][INFO] - [rank: 0] Saved encoder attention to ./attention_weights/encoder_attention_batch_149.pt
[2025-10-29 17:13:51,298][src.models.modules.semantic_id.tiger_generation_model][INFO] - [rank: 0] Saved cross attention to ./attention_weights/cross_attention_batch_149.pt
[2025-10-29 17:13:51,542][src.models.modules.semantic_id.tiger_generation_model][WARNING] - [rank: 0] Failed to stack cross attentions: stack expects each tensor to be equal size, but got [32, 6, 150] at entry 0 and [32, 6, 2, 150] at entry 1
[2025-10-29 17:13:51,542][src.models.modules.semantic_id.tiger_generation_model][WARNING] - [rank: 0]   Hierarchy 0 shape: torch.Size([32, 6, 150])
[2025-10-29 17:13:51,542][src.models.modules.semantic_id.tiger_generation_model][WARNING] - [rank: 0]   Hierarchy 1 shape: torch.Size([32, 6, 2, 150])
[2025-10-29 17:13:51,543][src.models.modules.semantic_id.tiger_generation_model][WARNING] - [rank: 0]   Hierarchy 2 shape: torch.Size([32, 6, 150])
[2025-10-29 17:13:51,543][src.models.modules.semantic_id.tiger_generation_model][WARNING] - [rank: 0]   Hierarchy 3 shape: torch.Size([32, 6, 150])
[2025-10-29 17:13:51,597][src.models.modules.semantic_id.tiger_generation_model][INFO] - [rank: 0] Saved decoder self-attention to ./attention_weights/decoder_self_attention_batch_150.pt
[2025-10-29 17:13:51,597][src.models.modules.semantic_id.tiger_generation_model][INFO] - [rank: 0] Saved encoder attention to ./attention_weights/encoder_attention_batch_150.pt
[2025-10-29 17:13:51,597][src.models.modules.semantic_id.tiger_generation_model][INFO] - [rank: 0] Saved cross attention to ./attention_weights/cross_attention_batch_150.pt
[2025-10-29 17:13:51,840][src.models.modules.semantic_id.tiger_generation_model][WARNING] - [rank: 0] Failed to stack cross attentions: stack expects each tensor to be equal size, but got [32, 6, 150] at entry 0 and [32, 6, 2, 150] at entry 1
[2025-10-29 17:13:51,840][src.models.modules.semantic_id.tiger_generation_model][WARNING] - [rank: 0]   Hierarchy 0 shape: torch.Size([32, 6, 150])
[2025-10-29 17:13:51,840][src.models.modules.semantic_id.tiger_generation_model][WARNING] - [rank: 0]   Hierarchy 1 shape: torch.Size([32, 6, 2, 150])
[2025-10-29 17:13:51,840][src.models.modules.semantic_id.tiger_generation_model][WARNING] - [rank: 0]   Hierarchy 2 shape: torch.Size([32, 6, 150])
[2025-10-29 17:13:51,841][src.models.modules.semantic_id.tiger_generation_model][WARNING] - [rank: 0]   Hierarchy 3 shape: torch.Size([32, 6, 150])
[2025-10-29 17:13:51,895][src.models.modules.semantic_id.tiger_generation_model][INFO] - [rank: 0] Saved decoder self-attention to ./attention_weights/decoder_self_attention_batch_151.pt
[2025-10-29 17:13:51,895][src.models.modules.semantic_id.tiger_generation_model][INFO] - [rank: 0] Saved encoder attention to ./attention_weights/encoder_attention_batch_151.pt
[2025-10-29 17:13:51,896][src.models.modules.semantic_id.tiger_generation_model][INFO] - [rank: 0] Saved cross attention to ./attention_weights/cross_attention_batch_151.pt
[2025-10-29 17:13:52,158][src.models.modules.semantic_id.tiger_generation_model][WARNING] - [rank: 0] Failed to stack cross attentions: stack expects each tensor to be equal size, but got [32, 6, 150] at entry 0 and [32, 6, 2, 150] at entry 1
[2025-10-29 17:13:52,159][src.models.modules.semantic_id.tiger_generation_model][WARNING] - [rank: 0]   Hierarchy 0 shape: torch.Size([32, 6, 150])
[2025-10-29 17:13:52,159][src.models.modules.semantic_id.tiger_generation_model][WARNING] - [rank: 0]   Hierarchy 1 shape: torch.Size([32, 6, 2, 150])
[2025-10-29 17:13:52,159][src.models.modules.semantic_id.tiger_generation_model][WARNING] - [rank: 0]   Hierarchy 2 shape: torch.Size([32, 6, 150])
[2025-10-29 17:13:52,159][src.models.modules.semantic_id.tiger_generation_model][WARNING] - [rank: 0]   Hierarchy 3 shape: torch.Size([32, 6, 150])
[2025-10-29 17:13:52,212][src.models.modules.semantic_id.tiger_generation_model][INFO] - [rank: 0] Saved decoder self-attention to ./attention_weights/decoder_self_attention_batch_152.pt
[2025-10-29 17:13:52,212][src.models.modules.semantic_id.tiger_generation_model][INFO] - [rank: 0] Saved encoder attention to ./attention_weights/encoder_attention_batch_152.pt
[2025-10-29 17:13:52,213][src.models.modules.semantic_id.tiger_generation_model][INFO] - [rank: 0] Saved cross attention to ./attention_weights/cross_attention_batch_152.pt
[2025-10-29 17:13:52,456][src.models.modules.semantic_id.tiger_generation_model][WARNING] - [rank: 0] Failed to stack cross attentions: stack expects each tensor to be equal size, but got [32, 6, 150] at entry 0 and [32, 6, 2, 150] at entry 1
[2025-10-29 17:13:52,456][src.models.modules.semantic_id.tiger_generation_model][WARNING] - [rank: 0]   Hierarchy 0 shape: torch.Size([32, 6, 150])
[2025-10-29 17:13:52,456][src.models.modules.semantic_id.tiger_generation_model][WARNING] - [rank: 0]   Hierarchy 1 shape: torch.Size([32, 6, 2, 150])
[2025-10-29 17:13:52,456][src.models.modules.semantic_id.tiger_generation_model][WARNING] - [rank: 0]   Hierarchy 2 shape: torch.Size([32, 6, 150])
[2025-10-29 17:13:52,456][src.models.modules.semantic_id.tiger_generation_model][WARNING] - [rank: 0]   Hierarchy 3 shape: torch.Size([32, 6, 150])
[2025-10-29 17:13:52,509][src.models.modules.semantic_id.tiger_generation_model][INFO] - [rank: 0] Saved decoder self-attention to ./attention_weights/decoder_self_attention_batch_153.pt
[2025-10-29 17:13:52,509][src.models.modules.semantic_id.tiger_generation_model][INFO] - [rank: 0] Saved encoder attention to ./attention_weights/encoder_attention_batch_153.pt
[2025-10-29 17:13:52,509][src.models.modules.semantic_id.tiger_generation_model][INFO] - [rank: 0] Saved cross attention to ./attention_weights/cross_attention_batch_153.pt
[2025-10-29 17:13:52,776][src.models.modules.semantic_id.tiger_generation_model][WARNING] - [rank: 0] Failed to stack cross attentions: stack expects each tensor to be equal size, but got [32, 6, 150] at entry 0 and [32, 6, 2, 150] at entry 1
[2025-10-29 17:13:52,776][src.models.modules.semantic_id.tiger_generation_model][WARNING] - [rank: 0]   Hierarchy 0 shape: torch.Size([32, 6, 150])
[2025-10-29 17:13:52,776][src.models.modules.semantic_id.tiger_generation_model][WARNING] - [rank: 0]   Hierarchy 1 shape: torch.Size([32, 6, 2, 150])
[2025-10-29 17:13:52,776][src.models.modules.semantic_id.tiger_generation_model][WARNING] - [rank: 0]   Hierarchy 2 shape: torch.Size([32, 6, 150])
[2025-10-29 17:13:52,776][src.models.modules.semantic_id.tiger_generation_model][WARNING] - [rank: 0]   Hierarchy 3 shape: torch.Size([32, 6, 150])
[2025-10-29 17:13:52,830][src.models.modules.semantic_id.tiger_generation_model][INFO] - [rank: 0] Saved decoder self-attention to ./attention_weights/decoder_self_attention_batch_154.pt
[2025-10-29 17:13:52,830][src.models.modules.semantic_id.tiger_generation_model][INFO] - [rank: 0] Saved encoder attention to ./attention_weights/encoder_attention_batch_154.pt
[2025-10-29 17:13:52,830][src.models.modules.semantic_id.tiger_generation_model][INFO] - [rank: 0] Saved cross attention to ./attention_weights/cross_attention_batch_154.pt
[2025-10-29 17:13:53,077][src.models.modules.semantic_id.tiger_generation_model][WARNING] - [rank: 0] Failed to stack cross attentions: stack expects each tensor to be equal size, but got [32, 6, 150] at entry 0 and [32, 6, 2, 150] at entry 1
[2025-10-29 17:13:53,077][src.models.modules.semantic_id.tiger_generation_model][WARNING] - [rank: 0]   Hierarchy 0 shape: torch.Size([32, 6, 150])
[2025-10-29 17:13:53,077][src.models.modules.semantic_id.tiger_generation_model][WARNING] - [rank: 0]   Hierarchy 1 shape: torch.Size([32, 6, 2, 150])
[2025-10-29 17:13:53,077][src.models.modules.semantic_id.tiger_generation_model][WARNING] - [rank: 0]   Hierarchy 2 shape: torch.Size([32, 6, 150])
[2025-10-29 17:13:53,078][src.models.modules.semantic_id.tiger_generation_model][WARNING] - [rank: 0]   Hierarchy 3 shape: torch.Size([32, 6, 150])
[2025-10-29 17:13:53,131][src.models.modules.semantic_id.tiger_generation_model][INFO] - [rank: 0] Saved decoder self-attention to ./attention_weights/decoder_self_attention_batch_155.pt
[2025-10-29 17:13:53,131][src.models.modules.semantic_id.tiger_generation_model][INFO] - [rank: 0] Saved encoder attention to ./attention_weights/encoder_attention_batch_155.pt
[2025-10-29 17:13:53,131][src.models.modules.semantic_id.tiger_generation_model][INFO] - [rank: 0] Saved cross attention to ./attention_weights/cross_attention_batch_155.pt
[2025-10-29 17:13:53,371][src.models.modules.semantic_id.tiger_generation_model][WARNING] - [rank: 0] Failed to stack cross attentions: stack expects each tensor to be equal size, but got [32, 6, 150] at entry 0 and [32, 6, 2, 150] at entry 1
[2025-10-29 17:13:53,372][src.models.modules.semantic_id.tiger_generation_model][WARNING] - [rank: 0]   Hierarchy 0 shape: torch.Size([32, 6, 150])
[2025-10-29 17:13:53,372][src.models.modules.semantic_id.tiger_generation_model][WARNING] - [rank: 0]   Hierarchy 1 shape: torch.Size([32, 6, 2, 150])
[2025-10-29 17:13:53,372][src.models.modules.semantic_id.tiger_generation_model][WARNING] - [rank: 0]   Hierarchy 2 shape: torch.Size([32, 6, 150])
[2025-10-29 17:13:53,372][src.models.modules.semantic_id.tiger_generation_model][WARNING] - [rank: 0]   Hierarchy 3 shape: torch.Size([32, 6, 150])
[2025-10-29 17:13:53,426][src.models.modules.semantic_id.tiger_generation_model][INFO] - [rank: 0] Saved decoder self-attention to ./attention_weights/decoder_self_attention_batch_156.pt
[2025-10-29 17:13:53,426][src.models.modules.semantic_id.tiger_generation_model][INFO] - [rank: 0] Saved encoder attention to ./attention_weights/encoder_attention_batch_156.pt
[2025-10-29 17:13:53,426][src.models.modules.semantic_id.tiger_generation_model][INFO] - [rank: 0] Saved cross attention to ./attention_weights/cross_attention_batch_156.pt
[2025-10-29 17:13:53,671][src.models.modules.semantic_id.tiger_generation_model][WARNING] - [rank: 0] Failed to stack cross attentions: stack expects each tensor to be equal size, but got [32, 6, 150] at entry 0 and [32, 6, 2, 150] at entry 1
[2025-10-29 17:13:53,672][src.models.modules.semantic_id.tiger_generation_model][WARNING] - [rank: 0]   Hierarchy 0 shape: torch.Size([32, 6, 150])
[2025-10-29 17:13:53,672][src.models.modules.semantic_id.tiger_generation_model][WARNING] - [rank: 0]   Hierarchy 1 shape: torch.Size([32, 6, 2, 150])
[2025-10-29 17:13:53,672][src.models.modules.semantic_id.tiger_generation_model][WARNING] - [rank: 0]   Hierarchy 2 shape: torch.Size([32, 6, 150])
[2025-10-29 17:13:53,672][src.models.modules.semantic_id.tiger_generation_model][WARNING] - [rank: 0]   Hierarchy 3 shape: torch.Size([32, 6, 150])
[2025-10-29 17:13:53,726][src.models.modules.semantic_id.tiger_generation_model][INFO] - [rank: 0] Saved decoder self-attention to ./attention_weights/decoder_self_attention_batch_157.pt
[2025-10-29 17:13:53,726][src.models.modules.semantic_id.tiger_generation_model][INFO] - [rank: 0] Saved encoder attention to ./attention_weights/encoder_attention_batch_157.pt
[2025-10-29 17:13:53,726][src.models.modules.semantic_id.tiger_generation_model][INFO] - [rank: 0] Saved cross attention to ./attention_weights/cross_attention_batch_157.pt
[2025-10-29 17:13:54,005][src.models.modules.semantic_id.tiger_generation_model][WARNING] - [rank: 0] Failed to stack cross attentions: stack expects each tensor to be equal size, but got [32, 6, 150] at entry 0 and [32, 6, 2, 150] at entry 1
[2025-10-29 17:13:54,005][src.models.modules.semantic_id.tiger_generation_model][WARNING] - [rank: 0]   Hierarchy 0 shape: torch.Size([32, 6, 150])
[2025-10-29 17:13:54,006][src.models.modules.semantic_id.tiger_generation_model][WARNING] - [rank: 0]   Hierarchy 1 shape: torch.Size([32, 6, 2, 150])
[2025-10-29 17:13:54,006][src.models.modules.semantic_id.tiger_generation_model][WARNING] - [rank: 0]   Hierarchy 2 shape: torch.Size([32, 6, 150])
[2025-10-29 17:13:54,006][src.models.modules.semantic_id.tiger_generation_model][WARNING] - [rank: 0]   Hierarchy 3 shape: torch.Size([32, 6, 150])
[2025-10-29 17:13:54,057][src.models.modules.semantic_id.tiger_generation_model][INFO] - [rank: 0] Saved decoder self-attention to ./attention_weights/decoder_self_attention_batch_158.pt
[2025-10-29 17:13:54,058][src.models.modules.semantic_id.tiger_generation_model][INFO] - [rank: 0] Saved encoder attention to ./attention_weights/encoder_attention_batch_158.pt
[2025-10-29 17:13:54,058][src.models.modules.semantic_id.tiger_generation_model][INFO] - [rank: 0] Saved cross attention to ./attention_weights/cross_attention_batch_158.pt
[2025-10-29 17:13:54,357][src.models.modules.semantic_id.tiger_generation_model][WARNING] - [rank: 0] Failed to stack cross attentions: stack expects each tensor to be equal size, but got [32, 6, 150] at entry 0 and [32, 6, 2, 150] at entry 1
[2025-10-29 17:13:54,357][src.models.modules.semantic_id.tiger_generation_model][WARNING] - [rank: 0]   Hierarchy 0 shape: torch.Size([32, 6, 150])
[2025-10-29 17:13:54,357][src.models.modules.semantic_id.tiger_generation_model][WARNING] - [rank: 0]   Hierarchy 1 shape: torch.Size([32, 6, 2, 150])
[2025-10-29 17:13:54,357][src.models.modules.semantic_id.tiger_generation_model][WARNING] - [rank: 0]   Hierarchy 2 shape: torch.Size([32, 6, 150])
[2025-10-29 17:13:54,357][src.models.modules.semantic_id.tiger_generation_model][WARNING] - [rank: 0]   Hierarchy 3 shape: torch.Size([32, 6, 150])
[2025-10-29 17:13:54,412][src.models.modules.semantic_id.tiger_generation_model][INFO] - [rank: 0] Saved decoder self-attention to ./attention_weights/decoder_self_attention_batch_159.pt
[2025-10-29 17:13:54,412][src.models.modules.semantic_id.tiger_generation_model][INFO] - [rank: 0] Saved encoder attention to ./attention_weights/encoder_attention_batch_159.pt
[2025-10-29 17:13:54,412][src.models.modules.semantic_id.tiger_generation_model][INFO] - [rank: 0] Saved cross attention to ./attention_weights/cross_attention_batch_159.pt
[2025-10-29 17:13:54,672][src.models.modules.semantic_id.tiger_generation_model][WARNING] - [rank: 0] Failed to stack cross attentions: stack expects each tensor to be equal size, but got [32, 6, 150] at entry 0 and [32, 6, 2, 150] at entry 1
[2025-10-29 17:13:54,673][src.models.modules.semantic_id.tiger_generation_model][WARNING] - [rank: 0]   Hierarchy 0 shape: torch.Size([32, 6, 150])
[2025-10-29 17:13:54,673][src.models.modules.semantic_id.tiger_generation_model][WARNING] - [rank: 0]   Hierarchy 1 shape: torch.Size([32, 6, 2, 150])
[2025-10-29 17:13:54,673][src.models.modules.semantic_id.tiger_generation_model][WARNING] - [rank: 0]   Hierarchy 2 shape: torch.Size([32, 6, 150])
[2025-10-29 17:13:54,673][src.models.modules.semantic_id.tiger_generation_model][WARNING] - [rank: 0]   Hierarchy 3 shape: torch.Size([32, 6, 150])
[2025-10-29 17:13:54,725][src.models.modules.semantic_id.tiger_generation_model][INFO] - [rank: 0] Saved decoder self-attention to ./attention_weights/decoder_self_attention_batch_160.pt
[2025-10-29 17:13:54,725][src.models.modules.semantic_id.tiger_generation_model][INFO] - [rank: 0] Saved encoder attention to ./attention_weights/encoder_attention_batch_160.pt
[2025-10-29 17:13:54,726][src.models.modules.semantic_id.tiger_generation_model][INFO] - [rank: 0] Saved cross attention to ./attention_weights/cross_attention_batch_160.pt
[2025-10-29 17:13:54,994][src.models.modules.semantic_id.tiger_generation_model][WARNING] - [rank: 0] Failed to stack cross attentions: stack expects each tensor to be equal size, but got [32, 6, 150] at entry 0 and [32, 6, 2, 150] at entry 1
[2025-10-29 17:13:54,994][src.models.modules.semantic_id.tiger_generation_model][WARNING] - [rank: 0]   Hierarchy 0 shape: torch.Size([32, 6, 150])
[2025-10-29 17:13:54,994][src.models.modules.semantic_id.tiger_generation_model][WARNING] - [rank: 0]   Hierarchy 1 shape: torch.Size([32, 6, 2, 150])
[2025-10-29 17:13:54,994][src.models.modules.semantic_id.tiger_generation_model][WARNING] - [rank: 0]   Hierarchy 2 shape: torch.Size([32, 6, 150])
[2025-10-29 17:13:54,995][src.models.modules.semantic_id.tiger_generation_model][WARNING] - [rank: 0]   Hierarchy 3 shape: torch.Size([32, 6, 150])
[2025-10-29 17:13:55,060][src.models.modules.semantic_id.tiger_generation_model][INFO] - [rank: 0] Saved decoder self-attention to ./attention_weights/decoder_self_attention_batch_161.pt
[2025-10-29 17:13:55,060][src.models.modules.semantic_id.tiger_generation_model][INFO] - [rank: 0] Saved encoder attention to ./attention_weights/encoder_attention_batch_161.pt
[2025-10-29 17:13:55,060][src.models.modules.semantic_id.tiger_generation_model][INFO] - [rank: 0] Saved cross attention to ./attention_weights/cross_attention_batch_161.pt
[2025-10-29 17:13:55,331][src.models.modules.semantic_id.tiger_generation_model][WARNING] - [rank: 0] Failed to stack cross attentions: stack expects each tensor to be equal size, but got [32, 6, 150] at entry 0 and [32, 6, 2, 150] at entry 1
[2025-10-29 17:13:55,331][src.models.modules.semantic_id.tiger_generation_model][WARNING] - [rank: 0]   Hierarchy 0 shape: torch.Size([32, 6, 150])
[2025-10-29 17:13:55,332][src.models.modules.semantic_id.tiger_generation_model][WARNING] - [rank: 0]   Hierarchy 1 shape: torch.Size([32, 6, 2, 150])
[2025-10-29 17:13:55,332][src.models.modules.semantic_id.tiger_generation_model][WARNING] - [rank: 0]   Hierarchy 2 shape: torch.Size([32, 6, 150])
[2025-10-29 17:13:55,332][src.models.modules.semantic_id.tiger_generation_model][WARNING] - [rank: 0]   Hierarchy 3 shape: torch.Size([32, 6, 150])
[2025-10-29 17:13:55,393][src.models.modules.semantic_id.tiger_generation_model][INFO] - [rank: 0] Saved decoder self-attention to ./attention_weights/decoder_self_attention_batch_162.pt
[2025-10-29 17:13:55,393][src.models.modules.semantic_id.tiger_generation_model][INFO] - [rank: 0] Saved encoder attention to ./attention_weights/encoder_attention_batch_162.pt
[2025-10-29 17:13:55,394][src.models.modules.semantic_id.tiger_generation_model][INFO] - [rank: 0] Saved cross attention to ./attention_weights/cross_attention_batch_162.pt
[2025-10-29 17:13:55,655][src.models.modules.semantic_id.tiger_generation_model][WARNING] - [rank: 0] Failed to stack cross attentions: stack expects each tensor to be equal size, but got [32, 6, 150] at entry 0 and [32, 6, 2, 150] at entry 1
[2025-10-29 17:13:55,655][src.models.modules.semantic_id.tiger_generation_model][WARNING] - [rank: 0]   Hierarchy 0 shape: torch.Size([32, 6, 150])
[2025-10-29 17:13:55,655][src.models.modules.semantic_id.tiger_generation_model][WARNING] - [rank: 0]   Hierarchy 1 shape: torch.Size([32, 6, 2, 150])
[2025-10-29 17:13:55,655][src.models.modules.semantic_id.tiger_generation_model][WARNING] - [rank: 0]   Hierarchy 2 shape: torch.Size([32, 6, 150])
[2025-10-29 17:13:55,656][src.models.modules.semantic_id.tiger_generation_model][WARNING] - [rank: 0]   Hierarchy 3 shape: torch.Size([32, 6, 150])
[2025-10-29 17:13:55,711][src.models.modules.semantic_id.tiger_generation_model][INFO] - [rank: 0] Saved decoder self-attention to ./attention_weights/decoder_self_attention_batch_163.pt
[2025-10-29 17:13:55,712][src.models.modules.semantic_id.tiger_generation_model][INFO] - [rank: 0] Saved encoder attention to ./attention_weights/encoder_attention_batch_163.pt
[2025-10-29 17:13:55,712][src.models.modules.semantic_id.tiger_generation_model][INFO] - [rank: 0] Saved cross attention to ./attention_weights/cross_attention_batch_163.pt
[2025-10-29 17:13:55,975][src.models.modules.semantic_id.tiger_generation_model][WARNING] - [rank: 0] Failed to stack cross attentions: stack expects each tensor to be equal size, but got [32, 6, 150] at entry 0 and [32, 6, 2, 150] at entry 1
[2025-10-29 17:13:55,976][src.models.modules.semantic_id.tiger_generation_model][WARNING] - [rank: 0]   Hierarchy 0 shape: torch.Size([32, 6, 150])
[2025-10-29 17:13:55,976][src.models.modules.semantic_id.tiger_generation_model][WARNING] - [rank: 0]   Hierarchy 1 shape: torch.Size([32, 6, 2, 150])
[2025-10-29 17:13:55,976][src.models.modules.semantic_id.tiger_generation_model][WARNING] - [rank: 0]   Hierarchy 2 shape: torch.Size([32, 6, 150])
[2025-10-29 17:13:55,976][src.models.modules.semantic_id.tiger_generation_model][WARNING] - [rank: 0]   Hierarchy 3 shape: torch.Size([32, 6, 150])
[2025-10-29 17:13:56,029][src.models.modules.semantic_id.tiger_generation_model][INFO] - [rank: 0] Saved decoder self-attention to ./attention_weights/decoder_self_attention_batch_164.pt
[2025-10-29 17:13:56,029][src.models.modules.semantic_id.tiger_generation_model][INFO] - [rank: 0] Saved encoder attention to ./attention_weights/encoder_attention_batch_164.pt
[2025-10-29 17:13:56,030][src.models.modules.semantic_id.tiger_generation_model][INFO] - [rank: 0] Saved cross attention to ./attention_weights/cross_attention_batch_164.pt
[2025-10-29 17:13:56,318][src.models.modules.semantic_id.tiger_generation_model][WARNING] - [rank: 0] Failed to stack cross attentions: stack expects each tensor to be equal size, but got [32, 6, 150] at entry 0 and [32, 6, 2, 150] at entry 1
[2025-10-29 17:13:56,318][src.models.modules.semantic_id.tiger_generation_model][WARNING] - [rank: 0]   Hierarchy 0 shape: torch.Size([32, 6, 150])
[2025-10-29 17:13:56,318][src.models.modules.semantic_id.tiger_generation_model][WARNING] - [rank: 0]   Hierarchy 1 shape: torch.Size([32, 6, 2, 150])
[2025-10-29 17:13:56,318][src.models.modules.semantic_id.tiger_generation_model][WARNING] - [rank: 0]   Hierarchy 2 shape: torch.Size([32, 6, 150])
[2025-10-29 17:13:56,318][src.models.modules.semantic_id.tiger_generation_model][WARNING] - [rank: 0]   Hierarchy 3 shape: torch.Size([32, 6, 150])
[2025-10-29 17:13:56,386][src.models.modules.semantic_id.tiger_generation_model][INFO] - [rank: 0] Saved decoder self-attention to ./attention_weights/decoder_self_attention_batch_165.pt
[2025-10-29 17:13:56,386][src.models.modules.semantic_id.tiger_generation_model][INFO] - [rank: 0] Saved encoder attention to ./attention_weights/encoder_attention_batch_165.pt
[2025-10-29 17:13:56,386][src.models.modules.semantic_id.tiger_generation_model][INFO] - [rank: 0] Saved cross attention to ./attention_weights/cross_attention_batch_165.pt
[2025-10-29 17:13:56,635][src.models.modules.semantic_id.tiger_generation_model][WARNING] - [rank: 0] Failed to stack cross attentions: stack expects each tensor to be equal size, but got [32, 6, 150] at entry 0 and [32, 6, 2, 150] at entry 1
[2025-10-29 17:13:56,635][src.models.modules.semantic_id.tiger_generation_model][WARNING] - [rank: 0]   Hierarchy 0 shape: torch.Size([32, 6, 150])
[2025-10-29 17:13:56,635][src.models.modules.semantic_id.tiger_generation_model][WARNING] - [rank: 0]   Hierarchy 1 shape: torch.Size([32, 6, 2, 150])
[2025-10-29 17:13:56,635][src.models.modules.semantic_id.tiger_generation_model][WARNING] - [rank: 0]   Hierarchy 2 shape: torch.Size([32, 6, 150])
[2025-10-29 17:13:56,635][src.models.modules.semantic_id.tiger_generation_model][WARNING] - [rank: 0]   Hierarchy 3 shape: torch.Size([32, 6, 150])
[2025-10-29 17:13:56,690][src.models.modules.semantic_id.tiger_generation_model][INFO] - [rank: 0] Saved decoder self-attention to ./attention_weights/decoder_self_attention_batch_166.pt
[2025-10-29 17:13:56,690][src.models.modules.semantic_id.tiger_generation_model][INFO] - [rank: 0] Saved encoder attention to ./attention_weights/encoder_attention_batch_166.pt
[2025-10-29 17:13:56,690][src.models.modules.semantic_id.tiger_generation_model][INFO] - [rank: 0] Saved cross attention to ./attention_weights/cross_attention_batch_166.pt
[2025-10-29 17:13:57,007][src.models.modules.semantic_id.tiger_generation_model][WARNING] - [rank: 0] Failed to stack cross attentions: stack expects each tensor to be equal size, but got [32, 6, 150] at entry 0 and [32, 6, 2, 150] at entry 1
[2025-10-29 17:13:57,007][src.models.modules.semantic_id.tiger_generation_model][WARNING] - [rank: 0]   Hierarchy 0 shape: torch.Size([32, 6, 150])
[2025-10-29 17:13:57,008][src.models.modules.semantic_id.tiger_generation_model][WARNING] - [rank: 0]   Hierarchy 1 shape: torch.Size([32, 6, 2, 150])
[2025-10-29 17:13:57,008][src.models.modules.semantic_id.tiger_generation_model][WARNING] - [rank: 0]   Hierarchy 2 shape: torch.Size([32, 6, 150])
[2025-10-29 17:13:57,008][src.models.modules.semantic_id.tiger_generation_model][WARNING] - [rank: 0]   Hierarchy 3 shape: torch.Size([32, 6, 150])
[2025-10-29 17:13:57,068][src.models.modules.semantic_id.tiger_generation_model][INFO] - [rank: 0] Saved decoder self-attention to ./attention_weights/decoder_self_attention_batch_167.pt
[2025-10-29 17:13:57,068][src.models.modules.semantic_id.tiger_generation_model][INFO] - [rank: 0] Saved encoder attention to ./attention_weights/encoder_attention_batch_167.pt
[2025-10-29 17:13:57,068][src.models.modules.semantic_id.tiger_generation_model][INFO] - [rank: 0] Saved cross attention to ./attention_weights/cross_attention_batch_167.pt
[2025-10-29 17:13:57,360][src.models.modules.semantic_id.tiger_generation_model][WARNING] - [rank: 0] Failed to stack cross attentions: stack expects each tensor to be equal size, but got [32, 6, 150] at entry 0 and [32, 6, 2, 150] at entry 1
[2025-10-29 17:13:57,360][src.models.modules.semantic_id.tiger_generation_model][WARNING] - [rank: 0]   Hierarchy 0 shape: torch.Size([32, 6, 150])
[2025-10-29 17:13:57,361][src.models.modules.semantic_id.tiger_generation_model][WARNING] - [rank: 0]   Hierarchy 1 shape: torch.Size([32, 6, 2, 150])
[2025-10-29 17:13:57,361][src.models.modules.semantic_id.tiger_generation_model][WARNING] - [rank: 0]   Hierarchy 2 shape: torch.Size([32, 6, 150])
[2025-10-29 17:13:57,361][src.models.modules.semantic_id.tiger_generation_model][WARNING] - [rank: 0]   Hierarchy 3 shape: torch.Size([32, 6, 150])
[2025-10-29 17:13:57,422][src.models.modules.semantic_id.tiger_generation_model][INFO] - [rank: 0] Saved decoder self-attention to ./attention_weights/decoder_self_attention_batch_168.pt
[2025-10-29 17:13:57,422][src.models.modules.semantic_id.tiger_generation_model][INFO] - [rank: 0] Saved encoder attention to ./attention_weights/encoder_attention_batch_168.pt
[2025-10-29 17:13:57,422][src.models.modules.semantic_id.tiger_generation_model][INFO] - [rank: 0] Saved cross attention to ./attention_weights/cross_attention_batch_168.pt
[2025-10-29 17:13:57,707][src.models.modules.semantic_id.tiger_generation_model][WARNING] - [rank: 0] Failed to stack cross attentions: stack expects each tensor to be equal size, but got [32, 6, 150] at entry 0 and [32, 6, 2, 150] at entry 1
[2025-10-29 17:13:57,707][src.models.modules.semantic_id.tiger_generation_model][WARNING] - [rank: 0]   Hierarchy 0 shape: torch.Size([32, 6, 150])
[2025-10-29 17:13:57,707][src.models.modules.semantic_id.tiger_generation_model][WARNING] - [rank: 0]   Hierarchy 1 shape: torch.Size([32, 6, 2, 150])
[2025-10-29 17:13:57,707][src.models.modules.semantic_id.tiger_generation_model][WARNING] - [rank: 0]   Hierarchy 2 shape: torch.Size([32, 6, 150])
[2025-10-29 17:13:57,707][src.models.modules.semantic_id.tiger_generation_model][WARNING] - [rank: 0]   Hierarchy 3 shape: torch.Size([32, 6, 150])
[2025-10-29 17:13:57,765][src.models.modules.semantic_id.tiger_generation_model][INFO] - [rank: 0] Saved decoder self-attention to ./attention_weights/decoder_self_attention_batch_169.pt
[2025-10-29 17:13:57,766][src.models.modules.semantic_id.tiger_generation_model][INFO] - [rank: 0] Saved encoder attention to ./attention_weights/encoder_attention_batch_169.pt
[2025-10-29 17:13:57,766][src.models.modules.semantic_id.tiger_generation_model][INFO] - [rank: 0] Saved cross attention to ./attention_weights/cross_attention_batch_169.pt
[2025-10-29 17:13:58,042][src.models.modules.semantic_id.tiger_generation_model][WARNING] - [rank: 0] Failed to stack cross attentions: stack expects each tensor to be equal size, but got [32, 6, 150] at entry 0 and [32, 6, 2, 150] at entry 1
[2025-10-29 17:13:58,043][src.models.modules.semantic_id.tiger_generation_model][WARNING] - [rank: 0]   Hierarchy 0 shape: torch.Size([32, 6, 150])
[2025-10-29 17:13:58,043][src.models.modules.semantic_id.tiger_generation_model][WARNING] - [rank: 0]   Hierarchy 1 shape: torch.Size([32, 6, 2, 150])
[2025-10-29 17:13:58,043][src.models.modules.semantic_id.tiger_generation_model][WARNING] - [rank: 0]   Hierarchy 2 shape: torch.Size([32, 6, 150])
[2025-10-29 17:13:58,043][src.models.modules.semantic_id.tiger_generation_model][WARNING] - [rank: 0]   Hierarchy 3 shape: torch.Size([32, 6, 150])
[2025-10-29 17:13:58,097][src.models.modules.semantic_id.tiger_generation_model][INFO] - [rank: 0] Saved decoder self-attention to ./attention_weights/decoder_self_attention_batch_170.pt
[2025-10-29 17:13:58,098][src.models.modules.semantic_id.tiger_generation_model][INFO] - [rank: 0] Saved encoder attention to ./attention_weights/encoder_attention_batch_170.pt
[2025-10-29 17:13:58,098][src.models.modules.semantic_id.tiger_generation_model][INFO] - [rank: 0] Saved cross attention to ./attention_weights/cross_attention_batch_170.pt
[2025-10-29 17:13:58,348][src.models.modules.semantic_id.tiger_generation_model][WARNING] - [rank: 0] Failed to stack cross attentions: stack expects each tensor to be equal size, but got [32, 6, 150] at entry 0 and [32, 6, 2, 150] at entry 1
[2025-10-29 17:13:58,348][src.models.modules.semantic_id.tiger_generation_model][WARNING] - [rank: 0]   Hierarchy 0 shape: torch.Size([32, 6, 150])
[2025-10-29 17:13:58,348][src.models.modules.semantic_id.tiger_generation_model][WARNING] - [rank: 0]   Hierarchy 1 shape: torch.Size([32, 6, 2, 150])
[2025-10-29 17:13:58,349][src.models.modules.semantic_id.tiger_generation_model][WARNING] - [rank: 0]   Hierarchy 2 shape: torch.Size([32, 6, 150])
[2025-10-29 17:13:58,349][src.models.modules.semantic_id.tiger_generation_model][WARNING] - [rank: 0]   Hierarchy 3 shape: torch.Size([32, 6, 150])
[2025-10-29 17:13:58,403][src.models.modules.semantic_id.tiger_generation_model][INFO] - [rank: 0] Saved decoder self-attention to ./attention_weights/decoder_self_attention_batch_171.pt
[2025-10-29 17:13:58,403][src.models.modules.semantic_id.tiger_generation_model][INFO] - [rank: 0] Saved encoder attention to ./attention_weights/encoder_attention_batch_171.pt
[2025-10-29 17:13:58,403][src.models.modules.semantic_id.tiger_generation_model][INFO] - [rank: 0] Saved cross attention to ./attention_weights/cross_attention_batch_171.pt
[2025-10-29 17:13:58,670][src.models.modules.semantic_id.tiger_generation_model][WARNING] - [rank: 0] Failed to stack cross attentions: stack expects each tensor to be equal size, but got [32, 6, 150] at entry 0 and [32, 6, 2, 150] at entry 1
[2025-10-29 17:13:58,670][src.models.modules.semantic_id.tiger_generation_model][WARNING] - [rank: 0]   Hierarchy 0 shape: torch.Size([32, 6, 150])
[2025-10-29 17:13:58,670][src.models.modules.semantic_id.tiger_generation_model][WARNING] - [rank: 0]   Hierarchy 1 shape: torch.Size([32, 6, 2, 150])
[2025-10-29 17:13:58,670][src.models.modules.semantic_id.tiger_generation_model][WARNING] - [rank: 0]   Hierarchy 2 shape: torch.Size([32, 6, 150])
[2025-10-29 17:13:58,670][src.models.modules.semantic_id.tiger_generation_model][WARNING] - [rank: 0]   Hierarchy 3 shape: torch.Size([32, 6, 150])
[2025-10-29 17:13:58,724][src.models.modules.semantic_id.tiger_generation_model][INFO] - [rank: 0] Saved decoder self-attention to ./attention_weights/decoder_self_attention_batch_172.pt
[2025-10-29 17:13:58,724][src.models.modules.semantic_id.tiger_generation_model][INFO] - [rank: 0] Saved encoder attention to ./attention_weights/encoder_attention_batch_172.pt
[2025-10-29 17:13:58,724][src.models.modules.semantic_id.tiger_generation_model][INFO] - [rank: 0] Saved cross attention to ./attention_weights/cross_attention_batch_172.pt
[2025-10-29 17:13:58,996][src.models.modules.semantic_id.tiger_generation_model][WARNING] - [rank: 0] Failed to stack cross attentions: stack expects each tensor to be equal size, but got [32, 6, 150] at entry 0 and [32, 6, 2, 150] at entry 1
[2025-10-29 17:13:58,997][src.models.modules.semantic_id.tiger_generation_model][WARNING] - [rank: 0]   Hierarchy 0 shape: torch.Size([32, 6, 150])
[2025-10-29 17:13:58,997][src.models.modules.semantic_id.tiger_generation_model][WARNING] - [rank: 0]   Hierarchy 1 shape: torch.Size([32, 6, 2, 150])
[2025-10-29 17:13:58,997][src.models.modules.semantic_id.tiger_generation_model][WARNING] - [rank: 0]   Hierarchy 2 shape: torch.Size([32, 6, 150])
[2025-10-29 17:13:58,997][src.models.modules.semantic_id.tiger_generation_model][WARNING] - [rank: 0]   Hierarchy 3 shape: torch.Size([32, 6, 150])
[2025-10-29 17:13:59,052][src.models.modules.semantic_id.tiger_generation_model][INFO] - [rank: 0] Saved decoder self-attention to ./attention_weights/decoder_self_attention_batch_173.pt
[2025-10-29 17:13:59,052][src.models.modules.semantic_id.tiger_generation_model][INFO] - [rank: 0] Saved encoder attention to ./attention_weights/encoder_attention_batch_173.pt
[2025-10-29 17:13:59,052][src.models.modules.semantic_id.tiger_generation_model][INFO] - [rank: 0] Saved cross attention to ./attention_weights/cross_attention_batch_173.pt
[2025-10-29 17:13:59,349][src.models.modules.semantic_id.tiger_generation_model][WARNING] - [rank: 0] Failed to stack cross attentions: stack expects each tensor to be equal size, but got [32, 6, 150] at entry 0 and [32, 6, 2, 150] at entry 1
[2025-10-29 17:13:59,350][src.models.modules.semantic_id.tiger_generation_model][WARNING] - [rank: 0]   Hierarchy 0 shape: torch.Size([32, 6, 150])
[2025-10-29 17:13:59,350][src.models.modules.semantic_id.tiger_generation_model][WARNING] - [rank: 0]   Hierarchy 1 shape: torch.Size([32, 6, 2, 150])
[2025-10-29 17:13:59,350][src.models.modules.semantic_id.tiger_generation_model][WARNING] - [rank: 0]   Hierarchy 2 shape: torch.Size([32, 6, 150])
[2025-10-29 17:13:59,350][src.models.modules.semantic_id.tiger_generation_model][WARNING] - [rank: 0]   Hierarchy 3 shape: torch.Size([32, 6, 150])
[2025-10-29 17:13:59,403][src.models.modules.semantic_id.tiger_generation_model][INFO] - [rank: 0] Saved decoder self-attention to ./attention_weights/decoder_self_attention_batch_174.pt
[2025-10-29 17:13:59,403][src.models.modules.semantic_id.tiger_generation_model][INFO] - [rank: 0] Saved encoder attention to ./attention_weights/encoder_attention_batch_174.pt
[2025-10-29 17:13:59,403][src.models.modules.semantic_id.tiger_generation_model][INFO] - [rank: 0] Saved cross attention to ./attention_weights/cross_attention_batch_174.pt
[2025-10-29 17:13:59,677][src.models.modules.semantic_id.tiger_generation_model][WARNING] - [rank: 0] Failed to stack cross attentions: stack expects each tensor to be equal size, but got [32, 6, 150] at entry 0 and [32, 6, 2, 150] at entry 1
[2025-10-29 17:13:59,677][src.models.modules.semantic_id.tiger_generation_model][WARNING] - [rank: 0]   Hierarchy 0 shape: torch.Size([32, 6, 150])
[2025-10-29 17:13:59,677][src.models.modules.semantic_id.tiger_generation_model][WARNING] - [rank: 0]   Hierarchy 1 shape: torch.Size([32, 6, 2, 150])
[2025-10-29 17:13:59,677][src.models.modules.semantic_id.tiger_generation_model][WARNING] - [rank: 0]   Hierarchy 2 shape: torch.Size([32, 6, 150])
[2025-10-29 17:13:59,677][src.models.modules.semantic_id.tiger_generation_model][WARNING] - [rank: 0]   Hierarchy 3 shape: torch.Size([32, 6, 150])
[2025-10-29 17:13:59,732][src.models.modules.semantic_id.tiger_generation_model][INFO] - [rank: 0] Saved decoder self-attention to ./attention_weights/decoder_self_attention_batch_175.pt
[2025-10-29 17:13:59,732][src.models.modules.semantic_id.tiger_generation_model][INFO] - [rank: 0] Saved encoder attention to ./attention_weights/encoder_attention_batch_175.pt
[2025-10-29 17:13:59,732][src.models.modules.semantic_id.tiger_generation_model][INFO] - [rank: 0] Saved cross attention to ./attention_weights/cross_attention_batch_175.pt
[2025-10-29 17:14:00,004][src.models.modules.semantic_id.tiger_generation_model][WARNING] - [rank: 0] Failed to stack cross attentions: stack expects each tensor to be equal size, but got [32, 6, 150] at entry 0 and [32, 6, 2, 150] at entry 1
[2025-10-29 17:14:00,004][src.models.modules.semantic_id.tiger_generation_model][WARNING] - [rank: 0]   Hierarchy 0 shape: torch.Size([32, 6, 150])
[2025-10-29 17:14:00,004][src.models.modules.semantic_id.tiger_generation_model][WARNING] - [rank: 0]   Hierarchy 1 shape: torch.Size([32, 6, 2, 150])
[2025-10-29 17:14:00,004][src.models.modules.semantic_id.tiger_generation_model][WARNING] - [rank: 0]   Hierarchy 2 shape: torch.Size([32, 6, 150])
[2025-10-29 17:14:00,005][src.models.modules.semantic_id.tiger_generation_model][WARNING] - [rank: 0]   Hierarchy 3 shape: torch.Size([32, 6, 150])
[2025-10-29 17:14:00,059][src.models.modules.semantic_id.tiger_generation_model][INFO] - [rank: 0] Saved decoder self-attention to ./attention_weights/decoder_self_attention_batch_176.pt
[2025-10-29 17:14:00,060][src.models.modules.semantic_id.tiger_generation_model][INFO] - [rank: 0] Saved encoder attention to ./attention_weights/encoder_attention_batch_176.pt
[2025-10-29 17:14:00,060][src.models.modules.semantic_id.tiger_generation_model][INFO] - [rank: 0] Saved cross attention to ./attention_weights/cross_attention_batch_176.pt
[2025-10-29 17:14:00,325][src.models.modules.semantic_id.tiger_generation_model][WARNING] - [rank: 0] Failed to stack cross attentions: stack expects each tensor to be equal size, but got [32, 6, 150] at entry 0 and [32, 6, 2, 150] at entry 1
[2025-10-29 17:14:00,325][src.models.modules.semantic_id.tiger_generation_model][WARNING] - [rank: 0]   Hierarchy 0 shape: torch.Size([32, 6, 150])
[2025-10-29 17:14:00,325][src.models.modules.semantic_id.tiger_generation_model][WARNING] - [rank: 0]   Hierarchy 1 shape: torch.Size([32, 6, 2, 150])
[2025-10-29 17:14:00,325][src.models.modules.semantic_id.tiger_generation_model][WARNING] - [rank: 0]   Hierarchy 2 shape: torch.Size([32, 6, 150])
[2025-10-29 17:14:00,325][src.models.modules.semantic_id.tiger_generation_model][WARNING] - [rank: 0]   Hierarchy 3 shape: torch.Size([32, 6, 150])
[2025-10-29 17:14:00,378][src.models.modules.semantic_id.tiger_generation_model][INFO] - [rank: 0] Saved decoder self-attention to ./attention_weights/decoder_self_attention_batch_177.pt
[2025-10-29 17:14:00,379][src.models.modules.semantic_id.tiger_generation_model][INFO] - [rank: 0] Saved encoder attention to ./attention_weights/encoder_attention_batch_177.pt
[2025-10-29 17:14:00,379][src.models.modules.semantic_id.tiger_generation_model][INFO] - [rank: 0] Saved cross attention to ./attention_weights/cross_attention_batch_177.pt
[2025-10-29 17:14:00,643][src.models.modules.semantic_id.tiger_generation_model][WARNING] - [rank: 0] Failed to stack cross attentions: stack expects each tensor to be equal size, but got [32, 6, 150] at entry 0 and [32, 6, 2, 150] at entry 1
[2025-10-29 17:14:00,644][src.models.modules.semantic_id.tiger_generation_model][WARNING] - [rank: 0]   Hierarchy 0 shape: torch.Size([32, 6, 150])
[2025-10-29 17:14:00,644][src.models.modules.semantic_id.tiger_generation_model][WARNING] - [rank: 0]   Hierarchy 1 shape: torch.Size([32, 6, 2, 150])
[2025-10-29 17:14:00,644][src.models.modules.semantic_id.tiger_generation_model][WARNING] - [rank: 0]   Hierarchy 2 shape: torch.Size([32, 6, 150])
[2025-10-29 17:14:00,644][src.models.modules.semantic_id.tiger_generation_model][WARNING] - [rank: 0]   Hierarchy 3 shape: torch.Size([32, 6, 150])
[2025-10-29 17:14:00,698][src.models.modules.semantic_id.tiger_generation_model][INFO] - [rank: 0] Saved decoder self-attention to ./attention_weights/decoder_self_attention_batch_178.pt
[2025-10-29 17:14:00,699][src.models.modules.semantic_id.tiger_generation_model][INFO] - [rank: 0] Saved encoder attention to ./attention_weights/encoder_attention_batch_178.pt
[2025-10-29 17:14:00,699][src.models.modules.semantic_id.tiger_generation_model][INFO] - [rank: 0] Saved cross attention to ./attention_weights/cross_attention_batch_178.pt
[2025-10-29 17:14:00,971][src.models.modules.semantic_id.tiger_generation_model][WARNING] - [rank: 0] Failed to stack cross attentions: stack expects each tensor to be equal size, but got [32, 6, 150] at entry 0 and [32, 6, 2, 150] at entry 1
[2025-10-29 17:14:00,971][src.models.modules.semantic_id.tiger_generation_model][WARNING] - [rank: 0]   Hierarchy 0 shape: torch.Size([32, 6, 150])
[2025-10-29 17:14:00,971][src.models.modules.semantic_id.tiger_generation_model][WARNING] - [rank: 0]   Hierarchy 1 shape: torch.Size([32, 6, 2, 150])
[2025-10-29 17:14:00,971][src.models.modules.semantic_id.tiger_generation_model][WARNING] - [rank: 0]   Hierarchy 2 shape: torch.Size([32, 6, 150])
[2025-10-29 17:14:00,972][src.models.modules.semantic_id.tiger_generation_model][WARNING] - [rank: 0]   Hierarchy 3 shape: torch.Size([32, 6, 150])
[2025-10-29 17:14:01,031][src.models.modules.semantic_id.tiger_generation_model][INFO] - [rank: 0] Saved decoder self-attention to ./attention_weights/decoder_self_attention_batch_179.pt
[2025-10-29 17:14:01,031][src.models.modules.semantic_id.tiger_generation_model][INFO] - [rank: 0] Saved encoder attention to ./attention_weights/encoder_attention_batch_179.pt
[2025-10-29 17:14:01,031][src.models.modules.semantic_id.tiger_generation_model][INFO] - [rank: 0] Saved cross attention to ./attention_weights/cross_attention_batch_179.pt
[2025-10-29 17:14:01,292][src.models.modules.semantic_id.tiger_generation_model][WARNING] - [rank: 0] Failed to stack cross attentions: stack expects each tensor to be equal size, but got [32, 6, 150] at entry 0 and [32, 6, 2, 150] at entry 1
[2025-10-29 17:14:01,292][src.models.modules.semantic_id.tiger_generation_model][WARNING] - [rank: 0]   Hierarchy 0 shape: torch.Size([32, 6, 150])
[2025-10-29 17:14:01,292][src.models.modules.semantic_id.tiger_generation_model][WARNING] - [rank: 0]   Hierarchy 1 shape: torch.Size([32, 6, 2, 150])
[2025-10-29 17:14:01,292][src.models.modules.semantic_id.tiger_generation_model][WARNING] - [rank: 0]   Hierarchy 2 shape: torch.Size([32, 6, 150])
[2025-10-29 17:14:01,292][src.models.modules.semantic_id.tiger_generation_model][WARNING] - [rank: 0]   Hierarchy 3 shape: torch.Size([32, 6, 150])
[2025-10-29 17:14:01,345][src.models.modules.semantic_id.tiger_generation_model][INFO] - [rank: 0] Saved decoder self-attention to ./attention_weights/decoder_self_attention_batch_180.pt
[2025-10-29 17:14:01,345][src.models.modules.semantic_id.tiger_generation_model][INFO] - [rank: 0] Saved encoder attention to ./attention_weights/encoder_attention_batch_180.pt
[2025-10-29 17:14:01,346][src.models.modules.semantic_id.tiger_generation_model][INFO] - [rank: 0] Saved cross attention to ./attention_weights/cross_attention_batch_180.pt
[2025-10-29 17:14:01,604][src.models.modules.semantic_id.tiger_generation_model][WARNING] - [rank: 0] Failed to stack cross attentions: stack expects each tensor to be equal size, but got [32, 6, 150] at entry 0 and [32, 6, 2, 150] at entry 1
[2025-10-29 17:14:01,604][src.models.modules.semantic_id.tiger_generation_model][WARNING] - [rank: 0]   Hierarchy 0 shape: torch.Size([32, 6, 150])
[2025-10-29 17:14:01,605][src.models.modules.semantic_id.tiger_generation_model][WARNING] - [rank: 0]   Hierarchy 1 shape: torch.Size([32, 6, 2, 150])
[2025-10-29 17:14:01,605][src.models.modules.semantic_id.tiger_generation_model][WARNING] - [rank: 0]   Hierarchy 2 shape: torch.Size([32, 6, 150])
[2025-10-29 17:14:01,605][src.models.modules.semantic_id.tiger_generation_model][WARNING] - [rank: 0]   Hierarchy 3 shape: torch.Size([32, 6, 150])
[2025-10-29 17:14:01,658][src.models.modules.semantic_id.tiger_generation_model][INFO] - [rank: 0] Saved decoder self-attention to ./attention_weights/decoder_self_attention_batch_181.pt
[2025-10-29 17:14:01,659][src.models.modules.semantic_id.tiger_generation_model][INFO] - [rank: 0] Saved encoder attention to ./attention_weights/encoder_attention_batch_181.pt
[2025-10-29 17:14:01,659][src.models.modules.semantic_id.tiger_generation_model][INFO] - [rank: 0] Saved cross attention to ./attention_weights/cross_attention_batch_181.pt
[2025-10-29 17:14:01,918][src.models.modules.semantic_id.tiger_generation_model][WARNING] - [rank: 0] Failed to stack cross attentions: stack expects each tensor to be equal size, but got [32, 6, 150] at entry 0 and [32, 6, 2, 150] at entry 1
[2025-10-29 17:14:01,918][src.models.modules.semantic_id.tiger_generation_model][WARNING] - [rank: 0]   Hierarchy 0 shape: torch.Size([32, 6, 150])
[2025-10-29 17:14:01,918][src.models.modules.semantic_id.tiger_generation_model][WARNING] - [rank: 0]   Hierarchy 1 shape: torch.Size([32, 6, 2, 150])
[2025-10-29 17:14:01,919][src.models.modules.semantic_id.tiger_generation_model][WARNING] - [rank: 0]   Hierarchy 2 shape: torch.Size([32, 6, 150])
[2025-10-29 17:14:01,919][src.models.modules.semantic_id.tiger_generation_model][WARNING] - [rank: 0]   Hierarchy 3 shape: torch.Size([32, 6, 150])
[2025-10-29 17:14:02,032][src.models.modules.semantic_id.tiger_generation_model][INFO] - [rank: 0] Saved decoder self-attention to ./attention_weights/decoder_self_attention_batch_182.pt
[2025-10-29 17:14:02,032][src.models.modules.semantic_id.tiger_generation_model][INFO] - [rank: 0] Saved encoder attention to ./attention_weights/encoder_attention_batch_182.pt
[2025-10-29 17:14:02,032][src.models.modules.semantic_id.tiger_generation_model][INFO] - [rank: 0] Saved cross attention to ./attention_weights/cross_attention_batch_182.pt
[2025-10-29 17:14:02,297][src.models.modules.semantic_id.tiger_generation_model][WARNING] - [rank: 0] Failed to stack cross attentions: stack expects each tensor to be equal size, but got [32, 6, 150] at entry 0 and [32, 6, 2, 150] at entry 1
[2025-10-29 17:14:02,298][src.models.modules.semantic_id.tiger_generation_model][WARNING] - [rank: 0]   Hierarchy 0 shape: torch.Size([32, 6, 150])
[2025-10-29 17:14:02,298][src.models.modules.semantic_id.tiger_generation_model][WARNING] - [rank: 0]   Hierarchy 1 shape: torch.Size([32, 6, 2, 150])
[2025-10-29 17:14:02,298][src.models.modules.semantic_id.tiger_generation_model][WARNING] - [rank: 0]   Hierarchy 2 shape: torch.Size([32, 6, 150])
[2025-10-29 17:14:02,298][src.models.modules.semantic_id.tiger_generation_model][WARNING] - [rank: 0]   Hierarchy 3 shape: torch.Size([32, 6, 150])
[2025-10-29 17:14:02,351][src.models.modules.semantic_id.tiger_generation_model][INFO] - [rank: 0] Saved decoder self-attention to ./attention_weights/decoder_self_attention_batch_183.pt
[2025-10-29 17:14:02,351][src.models.modules.semantic_id.tiger_generation_model][INFO] - [rank: 0] Saved encoder attention to ./attention_weights/encoder_attention_batch_183.pt
[2025-10-29 17:14:02,351][src.models.modules.semantic_id.tiger_generation_model][INFO] - [rank: 0] Saved cross attention to ./attention_weights/cross_attention_batch_183.pt
[2025-10-29 17:14:02,605][src.models.modules.semantic_id.tiger_generation_model][WARNING] - [rank: 0] Failed to stack cross attentions: stack expects each tensor to be equal size, but got [32, 6, 150] at entry 0 and [32, 6, 2, 150] at entry 1
[2025-10-29 17:14:02,606][src.models.modules.semantic_id.tiger_generation_model][WARNING] - [rank: 0]   Hierarchy 0 shape: torch.Size([32, 6, 150])
[2025-10-29 17:14:02,606][src.models.modules.semantic_id.tiger_generation_model][WARNING] - [rank: 0]   Hierarchy 1 shape: torch.Size([32, 6, 2, 150])
[2025-10-29 17:14:02,606][src.models.modules.semantic_id.tiger_generation_model][WARNING] - [rank: 0]   Hierarchy 2 shape: torch.Size([32, 6, 150])
[2025-10-29 17:14:02,606][src.models.modules.semantic_id.tiger_generation_model][WARNING] - [rank: 0]   Hierarchy 3 shape: torch.Size([32, 6, 150])
[2025-10-29 17:14:02,664][src.models.modules.semantic_id.tiger_generation_model][INFO] - [rank: 0] Saved decoder self-attention to ./attention_weights/decoder_self_attention_batch_184.pt
[2025-10-29 17:14:02,664][src.models.modules.semantic_id.tiger_generation_model][INFO] - [rank: 0] Saved encoder attention to ./attention_weights/encoder_attention_batch_184.pt
[2025-10-29 17:14:02,664][src.models.modules.semantic_id.tiger_generation_model][INFO] - [rank: 0] Saved cross attention to ./attention_weights/cross_attention_batch_184.pt
[2025-10-29 17:14:02,930][src.models.modules.semantic_id.tiger_generation_model][WARNING] - [rank: 0] Failed to stack cross attentions: stack expects each tensor to be equal size, but got [32, 6, 150] at entry 0 and [32, 6, 2, 150] at entry 1
[2025-10-29 17:14:02,931][src.models.modules.semantic_id.tiger_generation_model][WARNING] - [rank: 0]   Hierarchy 0 shape: torch.Size([32, 6, 150])
[2025-10-29 17:14:02,931][src.models.modules.semantic_id.tiger_generation_model][WARNING] - [rank: 0]   Hierarchy 1 shape: torch.Size([32, 6, 2, 150])
[2025-10-29 17:14:02,931][src.models.modules.semantic_id.tiger_generation_model][WARNING] - [rank: 0]   Hierarchy 2 shape: torch.Size([32, 6, 150])
[2025-10-29 17:14:02,931][src.models.modules.semantic_id.tiger_generation_model][WARNING] - [rank: 0]   Hierarchy 3 shape: torch.Size([32, 6, 150])
[2025-10-29 17:14:02,989][src.models.modules.semantic_id.tiger_generation_model][INFO] - [rank: 0] Saved decoder self-attention to ./attention_weights/decoder_self_attention_batch_185.pt
[2025-10-29 17:14:02,990][src.models.modules.semantic_id.tiger_generation_model][INFO] - [rank: 0] Saved encoder attention to ./attention_weights/encoder_attention_batch_185.pt
[2025-10-29 17:14:02,990][src.models.modules.semantic_id.tiger_generation_model][INFO] - [rank: 0] Saved cross attention to ./attention_weights/cross_attention_batch_185.pt
[2025-10-29 17:14:03,248][src.models.modules.semantic_id.tiger_generation_model][WARNING] - [rank: 0] Failed to stack cross attentions: stack expects each tensor to be equal size, but got [32, 6, 150] at entry 0 and [32, 6, 2, 150] at entry 1
[2025-10-29 17:14:03,248][src.models.modules.semantic_id.tiger_generation_model][WARNING] - [rank: 0]   Hierarchy 0 shape: torch.Size([32, 6, 150])
[2025-10-29 17:14:03,248][src.models.modules.semantic_id.tiger_generation_model][WARNING] - [rank: 0]   Hierarchy 1 shape: torch.Size([32, 6, 2, 150])
[2025-10-29 17:14:03,248][src.models.modules.semantic_id.tiger_generation_model][WARNING] - [rank: 0]   Hierarchy 2 shape: torch.Size([32, 6, 150])
[2025-10-29 17:14:03,249][src.models.modules.semantic_id.tiger_generation_model][WARNING] - [rank: 0]   Hierarchy 3 shape: torch.Size([32, 6, 150])
[2025-10-29 17:14:03,302][src.models.modules.semantic_id.tiger_generation_model][INFO] - [rank: 0] Saved decoder self-attention to ./attention_weights/decoder_self_attention_batch_186.pt
[2025-10-29 17:14:03,303][src.models.modules.semantic_id.tiger_generation_model][INFO] - [rank: 0] Saved encoder attention to ./attention_weights/encoder_attention_batch_186.pt
[2025-10-29 17:14:03,303][src.models.modules.semantic_id.tiger_generation_model][INFO] - [rank: 0] Saved cross attention to ./attention_weights/cross_attention_batch_186.pt
[2025-10-29 17:14:03,560][src.models.modules.semantic_id.tiger_generation_model][WARNING] - [rank: 0] Failed to stack cross attentions: stack expects each tensor to be equal size, but got [32, 6, 150] at entry 0 and [32, 6, 2, 150] at entry 1
[2025-10-29 17:14:03,560][src.models.modules.semantic_id.tiger_generation_model][WARNING] - [rank: 0]   Hierarchy 0 shape: torch.Size([32, 6, 150])
[2025-10-29 17:14:03,560][src.models.modules.semantic_id.tiger_generation_model][WARNING] - [rank: 0]   Hierarchy 1 shape: torch.Size([32, 6, 2, 150])
[2025-10-29 17:14:03,560][src.models.modules.semantic_id.tiger_generation_model][WARNING] - [rank: 0]   Hierarchy 2 shape: torch.Size([32, 6, 150])
[2025-10-29 17:14:03,560][src.models.modules.semantic_id.tiger_generation_model][WARNING] - [rank: 0]   Hierarchy 3 shape: torch.Size([32, 6, 150])
[2025-10-29 17:14:03,613][src.models.modules.semantic_id.tiger_generation_model][INFO] - [rank: 0] Saved decoder self-attention to ./attention_weights/decoder_self_attention_batch_187.pt
[2025-10-29 17:14:03,613][src.models.modules.semantic_id.tiger_generation_model][INFO] - [rank: 0] Saved encoder attention to ./attention_weights/encoder_attention_batch_187.pt
[2025-10-29 17:14:03,613][src.models.modules.semantic_id.tiger_generation_model][INFO] - [rank: 0] Saved cross attention to ./attention_weights/cross_attention_batch_187.pt
[2025-10-29 17:14:03,871][src.models.modules.semantic_id.tiger_generation_model][WARNING] - [rank: 0] Failed to stack cross attentions: stack expects each tensor to be equal size, but got [32, 6, 150] at entry 0 and [32, 6, 2, 150] at entry 1
[2025-10-29 17:14:03,871][src.models.modules.semantic_id.tiger_generation_model][WARNING] - [rank: 0]   Hierarchy 0 shape: torch.Size([32, 6, 150])
[2025-10-29 17:14:03,872][src.models.modules.semantic_id.tiger_generation_model][WARNING] - [rank: 0]   Hierarchy 1 shape: torch.Size([32, 6, 2, 150])
[2025-10-29 17:14:03,872][src.models.modules.semantic_id.tiger_generation_model][WARNING] - [rank: 0]   Hierarchy 2 shape: torch.Size([32, 6, 150])
[2025-10-29 17:14:03,872][src.models.modules.semantic_id.tiger_generation_model][WARNING] - [rank: 0]   Hierarchy 3 shape: torch.Size([32, 6, 150])
[2025-10-29 17:14:03,924][src.models.modules.semantic_id.tiger_generation_model][INFO] - [rank: 0] Saved decoder self-attention to ./attention_weights/decoder_self_attention_batch_188.pt
[2025-10-29 17:14:03,924][src.models.modules.semantic_id.tiger_generation_model][INFO] - [rank: 0] Saved encoder attention to ./attention_weights/encoder_attention_batch_188.pt
[2025-10-29 17:14:03,924][src.models.modules.semantic_id.tiger_generation_model][INFO] - [rank: 0] Saved cross attention to ./attention_weights/cross_attention_batch_188.pt
[2025-10-29 17:14:04,176][src.models.modules.semantic_id.tiger_generation_model][WARNING] - [rank: 0] Failed to stack cross attentions: stack expects each tensor to be equal size, but got [32, 6, 150] at entry 0 and [32, 6, 2, 150] at entry 1
[2025-10-29 17:14:04,176][src.models.modules.semantic_id.tiger_generation_model][WARNING] - [rank: 0]   Hierarchy 0 shape: torch.Size([32, 6, 150])
[2025-10-29 17:14:04,176][src.models.modules.semantic_id.tiger_generation_model][WARNING] - [rank: 0]   Hierarchy 1 shape: torch.Size([32, 6, 2, 150])
[2025-10-29 17:14:04,176][src.models.modules.semantic_id.tiger_generation_model][WARNING] - [rank: 0]   Hierarchy 2 shape: torch.Size([32, 6, 150])
[2025-10-29 17:14:04,176][src.models.modules.semantic_id.tiger_generation_model][WARNING] - [rank: 0]   Hierarchy 3 shape: torch.Size([32, 6, 150])
[2025-10-29 17:14:04,229][src.models.modules.semantic_id.tiger_generation_model][INFO] - [rank: 0] Saved decoder self-attention to ./attention_weights/decoder_self_attention_batch_189.pt
[2025-10-29 17:14:04,229][src.models.modules.semantic_id.tiger_generation_model][INFO] - [rank: 0] Saved encoder attention to ./attention_weights/encoder_attention_batch_189.pt
[2025-10-29 17:14:04,229][src.models.modules.semantic_id.tiger_generation_model][INFO] - [rank: 0] Saved cross attention to ./attention_weights/cross_attention_batch_189.pt
[2025-10-29 17:14:04,493][src.models.modules.semantic_id.tiger_generation_model][WARNING] - [rank: 0] Failed to stack cross attentions: stack expects each tensor to be equal size, but got [32, 6, 150] at entry 0 and [32, 6, 2, 150] at entry 1
[2025-10-29 17:14:04,494][src.models.modules.semantic_id.tiger_generation_model][WARNING] - [rank: 0]   Hierarchy 0 shape: torch.Size([32, 6, 150])
[2025-10-29 17:14:04,494][src.models.modules.semantic_id.tiger_generation_model][WARNING] - [rank: 0]   Hierarchy 1 shape: torch.Size([32, 6, 2, 150])
[2025-10-29 17:14:04,494][src.models.modules.semantic_id.tiger_generation_model][WARNING] - [rank: 0]   Hierarchy 2 shape: torch.Size([32, 6, 150])
[2025-10-29 17:14:04,494][src.models.modules.semantic_id.tiger_generation_model][WARNING] - [rank: 0]   Hierarchy 3 shape: torch.Size([32, 6, 150])
[2025-10-29 17:14:04,546][src.models.modules.semantic_id.tiger_generation_model][INFO] - [rank: 0] Saved decoder self-attention to ./attention_weights/decoder_self_attention_batch_190.pt
[2025-10-29 17:14:04,547][src.models.modules.semantic_id.tiger_generation_model][INFO] - [rank: 0] Saved encoder attention to ./attention_weights/encoder_attention_batch_190.pt
[2025-10-29 17:14:04,547][src.models.modules.semantic_id.tiger_generation_model][INFO] - [rank: 0] Saved cross attention to ./attention_weights/cross_attention_batch_190.pt
[2025-10-29 17:14:04,805][src.models.modules.semantic_id.tiger_generation_model][WARNING] - [rank: 0] Failed to stack cross attentions: stack expects each tensor to be equal size, but got [32, 6, 150] at entry 0 and [32, 6, 2, 150] at entry 1
[2025-10-29 17:14:04,805][src.models.modules.semantic_id.tiger_generation_model][WARNING] - [rank: 0]   Hierarchy 0 shape: torch.Size([32, 6, 150])
[2025-10-29 17:14:04,806][src.models.modules.semantic_id.tiger_generation_model][WARNING] - [rank: 0]   Hierarchy 1 shape: torch.Size([32, 6, 2, 150])
[2025-10-29 17:14:04,806][src.models.modules.semantic_id.tiger_generation_model][WARNING] - [rank: 0]   Hierarchy 2 shape: torch.Size([32, 6, 150])
[2025-10-29 17:14:04,806][src.models.modules.semantic_id.tiger_generation_model][WARNING] - [rank: 0]   Hierarchy 3 shape: torch.Size([32, 6, 150])
[2025-10-29 17:14:04,858][src.models.modules.semantic_id.tiger_generation_model][INFO] - [rank: 0] Saved decoder self-attention to ./attention_weights/decoder_self_attention_batch_191.pt
[2025-10-29 17:14:04,858][src.models.modules.semantic_id.tiger_generation_model][INFO] - [rank: 0] Saved encoder attention to ./attention_weights/encoder_attention_batch_191.pt
[2025-10-29 17:14:04,858][src.models.modules.semantic_id.tiger_generation_model][INFO] - [rank: 0] Saved cross attention to ./attention_weights/cross_attention_batch_191.pt
[2025-10-29 17:14:05,116][src.models.modules.semantic_id.tiger_generation_model][WARNING] - [rank: 0] Failed to stack cross attentions: stack expects each tensor to be equal size, but got [32, 6, 150] at entry 0 and [32, 6, 2, 150] at entry 1
[2025-10-29 17:14:05,116][src.models.modules.semantic_id.tiger_generation_model][WARNING] - [rank: 0]   Hierarchy 0 shape: torch.Size([32, 6, 150])
[2025-10-29 17:14:05,116][src.models.modules.semantic_id.tiger_generation_model][WARNING] - [rank: 0]   Hierarchy 1 shape: torch.Size([32, 6, 2, 150])
[2025-10-29 17:14:05,116][src.models.modules.semantic_id.tiger_generation_model][WARNING] - [rank: 0]   Hierarchy 2 shape: torch.Size([32, 6, 150])
[2025-10-29 17:14:05,116][src.models.modules.semantic_id.tiger_generation_model][WARNING] - [rank: 0]   Hierarchy 3 shape: torch.Size([32, 6, 150])
[2025-10-29 17:14:05,172][src.models.modules.semantic_id.tiger_generation_model][INFO] - [rank: 0] Saved decoder self-attention to ./attention_weights/decoder_self_attention_batch_192.pt
[2025-10-29 17:14:05,172][src.models.modules.semantic_id.tiger_generation_model][INFO] - [rank: 0] Saved encoder attention to ./attention_weights/encoder_attention_batch_192.pt
[2025-10-29 17:14:05,172][src.models.modules.semantic_id.tiger_generation_model][INFO] - [rank: 0] Saved cross attention to ./attention_weights/cross_attention_batch_192.pt
[2025-10-29 17:14:05,428][src.models.modules.semantic_id.tiger_generation_model][WARNING] - [rank: 0] Failed to stack cross attentions: stack expects each tensor to be equal size, but got [32, 6, 150] at entry 0 and [32, 6, 2, 150] at entry 1
[2025-10-29 17:14:05,428][src.models.modules.semantic_id.tiger_generation_model][WARNING] - [rank: 0]   Hierarchy 0 shape: torch.Size([32, 6, 150])
[2025-10-29 17:14:05,428][src.models.modules.semantic_id.tiger_generation_model][WARNING] - [rank: 0]   Hierarchy 1 shape: torch.Size([32, 6, 2, 150])
[2025-10-29 17:14:05,428][src.models.modules.semantic_id.tiger_generation_model][WARNING] - [rank: 0]   Hierarchy 2 shape: torch.Size([32, 6, 150])
[2025-10-29 17:14:05,428][src.models.modules.semantic_id.tiger_generation_model][WARNING] - [rank: 0]   Hierarchy 3 shape: torch.Size([32, 6, 150])
[2025-10-29 17:14:05,481][src.models.modules.semantic_id.tiger_generation_model][INFO] - [rank: 0] Saved decoder self-attention to ./attention_weights/decoder_self_attention_batch_193.pt
[2025-10-29 17:14:05,481][src.models.modules.semantic_id.tiger_generation_model][INFO] - [rank: 0] Saved encoder attention to ./attention_weights/encoder_attention_batch_193.pt
[2025-10-29 17:14:05,481][src.models.modules.semantic_id.tiger_generation_model][INFO] - [rank: 0] Saved cross attention to ./attention_weights/cross_attention_batch_193.pt
[2025-10-29 17:14:05,738][src.models.modules.semantic_id.tiger_generation_model][WARNING] - [rank: 0] Failed to stack cross attentions: stack expects each tensor to be equal size, but got [32, 6, 150] at entry 0 and [32, 6, 2, 150] at entry 1
[2025-10-29 17:14:05,738][src.models.modules.semantic_id.tiger_generation_model][WARNING] - [rank: 0]   Hierarchy 0 shape: torch.Size([32, 6, 150])
[2025-10-29 17:14:05,738][src.models.modules.semantic_id.tiger_generation_model][WARNING] - [rank: 0]   Hierarchy 1 shape: torch.Size([32, 6, 2, 150])
[2025-10-29 17:14:05,738][src.models.modules.semantic_id.tiger_generation_model][WARNING] - [rank: 0]   Hierarchy 2 shape: torch.Size([32, 6, 150])
[2025-10-29 17:14:05,739][src.models.modules.semantic_id.tiger_generation_model][WARNING] - [rank: 0]   Hierarchy 3 shape: torch.Size([32, 6, 150])
[2025-10-29 17:14:05,791][src.models.modules.semantic_id.tiger_generation_model][INFO] - [rank: 0] Saved decoder self-attention to ./attention_weights/decoder_self_attention_batch_194.pt
[2025-10-29 17:14:05,791][src.models.modules.semantic_id.tiger_generation_model][INFO] - [rank: 0] Saved encoder attention to ./attention_weights/encoder_attention_batch_194.pt
[2025-10-29 17:14:05,792][src.models.modules.semantic_id.tiger_generation_model][INFO] - [rank: 0] Saved cross attention to ./attention_weights/cross_attention_batch_194.pt
[2025-10-29 17:14:06,049][src.models.modules.semantic_id.tiger_generation_model][WARNING] - [rank: 0] Failed to stack cross attentions: stack expects each tensor to be equal size, but got [32, 6, 150] at entry 0 and [32, 6, 2, 150] at entry 1
[2025-10-29 17:14:06,049][src.models.modules.semantic_id.tiger_generation_model][WARNING] - [rank: 0]   Hierarchy 0 shape: torch.Size([32, 6, 150])
[2025-10-29 17:14:06,049][src.models.modules.semantic_id.tiger_generation_model][WARNING] - [rank: 0]   Hierarchy 1 shape: torch.Size([32, 6, 2, 150])
[2025-10-29 17:14:06,050][src.models.modules.semantic_id.tiger_generation_model][WARNING] - [rank: 0]   Hierarchy 2 shape: torch.Size([32, 6, 150])
[2025-10-29 17:14:06,050][src.models.modules.semantic_id.tiger_generation_model][WARNING] - [rank: 0]   Hierarchy 3 shape: torch.Size([32, 6, 150])
[2025-10-29 17:14:06,103][src.models.modules.semantic_id.tiger_generation_model][INFO] - [rank: 0] Saved decoder self-attention to ./attention_weights/decoder_self_attention_batch_195.pt
[2025-10-29 17:14:06,103][src.models.modules.semantic_id.tiger_generation_model][INFO] - [rank: 0] Saved encoder attention to ./attention_weights/encoder_attention_batch_195.pt
[2025-10-29 17:14:06,103][src.models.modules.semantic_id.tiger_generation_model][INFO] - [rank: 0] Saved cross attention to ./attention_weights/cross_attention_batch_195.pt
[2025-10-29 17:14:06,359][src.models.modules.semantic_id.tiger_generation_model][WARNING] - [rank: 0] Failed to stack cross attentions: stack expects each tensor to be equal size, but got [32, 6, 150] at entry 0 and [32, 6, 2, 150] at entry 1
[2025-10-29 17:14:06,359][src.models.modules.semantic_id.tiger_generation_model][WARNING] - [rank: 0]   Hierarchy 0 shape: torch.Size([32, 6, 150])
[2025-10-29 17:14:06,359][src.models.modules.semantic_id.tiger_generation_model][WARNING] - [rank: 0]   Hierarchy 1 shape: torch.Size([32, 6, 2, 150])
[2025-10-29 17:14:06,359][src.models.modules.semantic_id.tiger_generation_model][WARNING] - [rank: 0]   Hierarchy 2 shape: torch.Size([32, 6, 150])
[2025-10-29 17:14:06,359][src.models.modules.semantic_id.tiger_generation_model][WARNING] - [rank: 0]   Hierarchy 3 shape: torch.Size([32, 6, 150])
[2025-10-29 17:14:06,411][src.models.modules.semantic_id.tiger_generation_model][INFO] - [rank: 0] Saved decoder self-attention to ./attention_weights/decoder_self_attention_batch_196.pt
[2025-10-29 17:14:06,411][src.models.modules.semantic_id.tiger_generation_model][INFO] - [rank: 0] Saved encoder attention to ./attention_weights/encoder_attention_batch_196.pt
[2025-10-29 17:14:06,411][src.models.modules.semantic_id.tiger_generation_model][INFO] - [rank: 0] Saved cross attention to ./attention_weights/cross_attention_batch_196.pt
[2025-10-29 17:14:06,663][src.models.modules.semantic_id.tiger_generation_model][WARNING] - [rank: 0] Failed to stack cross attentions: stack expects each tensor to be equal size, but got [32, 6, 150] at entry 0 and [32, 6, 2, 150] at entry 1
[2025-10-29 17:14:06,664][src.models.modules.semantic_id.tiger_generation_model][WARNING] - [rank: 0]   Hierarchy 0 shape: torch.Size([32, 6, 150])
[2025-10-29 17:14:06,664][src.models.modules.semantic_id.tiger_generation_model][WARNING] - [rank: 0]   Hierarchy 1 shape: torch.Size([32, 6, 2, 150])
[2025-10-29 17:14:06,665][src.models.modules.semantic_id.tiger_generation_model][WARNING] - [rank: 0]   Hierarchy 2 shape: torch.Size([32, 6, 150])
[2025-10-29 17:14:06,665][src.models.modules.semantic_id.tiger_generation_model][WARNING] - [rank: 0]   Hierarchy 3 shape: torch.Size([32, 6, 150])
[2025-10-29 17:14:06,719][src.models.modules.semantic_id.tiger_generation_model][INFO] - [rank: 0] Saved decoder self-attention to ./attention_weights/decoder_self_attention_batch_197.pt
[2025-10-29 17:14:06,719][src.models.modules.semantic_id.tiger_generation_model][INFO] - [rank: 0] Saved encoder attention to ./attention_weights/encoder_attention_batch_197.pt
[2025-10-29 17:14:06,719][src.models.modules.semantic_id.tiger_generation_model][INFO] - [rank: 0] Saved cross attention to ./attention_weights/cross_attention_batch_197.pt
[2025-10-29 17:14:06,976][src.models.modules.semantic_id.tiger_generation_model][WARNING] - [rank: 0] Failed to stack cross attentions: stack expects each tensor to be equal size, but got [32, 6, 150] at entry 0 and [32, 6, 2, 150] at entry 1
[2025-10-29 17:14:06,977][src.models.modules.semantic_id.tiger_generation_model][WARNING] - [rank: 0]   Hierarchy 0 shape: torch.Size([32, 6, 150])
[2025-10-29 17:14:06,977][src.models.modules.semantic_id.tiger_generation_model][WARNING] - [rank: 0]   Hierarchy 1 shape: torch.Size([32, 6, 2, 150])
[2025-10-29 17:14:06,977][src.models.modules.semantic_id.tiger_generation_model][WARNING] - [rank: 0]   Hierarchy 2 shape: torch.Size([32, 6, 150])
[2025-10-29 17:14:06,977][src.models.modules.semantic_id.tiger_generation_model][WARNING] - [rank: 0]   Hierarchy 3 shape: torch.Size([32, 6, 150])
[2025-10-29 17:14:07,059][src.models.modules.semantic_id.tiger_generation_model][INFO] - [rank: 0] Saved decoder self-attention to ./attention_weights/decoder_self_attention_batch_198.pt
[2025-10-29 17:14:07,059][src.models.modules.semantic_id.tiger_generation_model][INFO] - [rank: 0] Saved encoder attention to ./attention_weights/encoder_attention_batch_198.pt
[2025-10-29 17:14:07,059][src.models.modules.semantic_id.tiger_generation_model][INFO] - [rank: 0] Saved cross attention to ./attention_weights/cross_attention_batch_198.pt
[2025-10-29 17:14:07,307][src.models.modules.semantic_id.tiger_generation_model][WARNING] - [rank: 0] Failed to stack cross attentions: stack expects each tensor to be equal size, but got [32, 6, 150] at entry 0 and [32, 6, 2, 150] at entry 1
[2025-10-29 17:14:07,307][src.models.modules.semantic_id.tiger_generation_model][WARNING] - [rank: 0]   Hierarchy 0 shape: torch.Size([32, 6, 150])
[2025-10-29 17:14:07,307][src.models.modules.semantic_id.tiger_generation_model][WARNING] - [rank: 0]   Hierarchy 1 shape: torch.Size([32, 6, 2, 150])
[2025-10-29 17:14:07,307][src.models.modules.semantic_id.tiger_generation_model][WARNING] - [rank: 0]   Hierarchy 2 shape: torch.Size([32, 6, 150])
[2025-10-29 17:14:07,307][src.models.modules.semantic_id.tiger_generation_model][WARNING] - [rank: 0]   Hierarchy 3 shape: torch.Size([32, 6, 150])
[2025-10-29 17:14:07,359][src.models.modules.semantic_id.tiger_generation_model][INFO] - [rank: 0] Saved decoder self-attention to ./attention_weights/decoder_self_attention_batch_199.pt
[2025-10-29 17:14:07,359][src.models.modules.semantic_id.tiger_generation_model][INFO] - [rank: 0] Saved encoder attention to ./attention_weights/encoder_attention_batch_199.pt
[2025-10-29 17:14:07,359][src.models.modules.semantic_id.tiger_generation_model][INFO] - [rank: 0] Saved cross attention to ./attention_weights/cross_attention_batch_199.pt
[2025-10-29 17:14:07,601][src.models.modules.semantic_id.tiger_generation_model][WARNING] - [rank: 0] Failed to stack cross attentions: stack expects each tensor to be equal size, but got [32, 6, 150] at entry 0 and [32, 6, 2, 150] at entry 1
[2025-10-29 17:14:07,601][src.models.modules.semantic_id.tiger_generation_model][WARNING] - [rank: 0]   Hierarchy 0 shape: torch.Size([32, 6, 150])
[2025-10-29 17:14:07,601][src.models.modules.semantic_id.tiger_generation_model][WARNING] - [rank: 0]   Hierarchy 1 shape: torch.Size([32, 6, 2, 150])
[2025-10-29 17:14:07,601][src.models.modules.semantic_id.tiger_generation_model][WARNING] - [rank: 0]   Hierarchy 2 shape: torch.Size([32, 6, 150])
[2025-10-29 17:14:07,601][src.models.modules.semantic_id.tiger_generation_model][WARNING] - [rank: 0]   Hierarchy 3 shape: torch.Size([32, 6, 150])
[2025-10-29 17:14:07,654][src.models.modules.semantic_id.tiger_generation_model][INFO] - [rank: 0] Saved decoder self-attention to ./attention_weights/decoder_self_attention_batch_200.pt
[2025-10-29 17:14:07,654][src.models.modules.semantic_id.tiger_generation_model][INFO] - [rank: 0] Saved encoder attention to ./attention_weights/encoder_attention_batch_200.pt
[2025-10-29 17:14:07,654][src.models.modules.semantic_id.tiger_generation_model][INFO] - [rank: 0] Saved cross attention to ./attention_weights/cross_attention_batch_200.pt
[2025-10-29 17:14:07,894][src.models.modules.semantic_id.tiger_generation_model][WARNING] - [rank: 0] Failed to stack cross attentions: stack expects each tensor to be equal size, but got [32, 6, 150] at entry 0 and [32, 6, 2, 150] at entry 1
[2025-10-29 17:14:07,894][src.models.modules.semantic_id.tiger_generation_model][WARNING] - [rank: 0]   Hierarchy 0 shape: torch.Size([32, 6, 150])
[2025-10-29 17:14:07,894][src.models.modules.semantic_id.tiger_generation_model][WARNING] - [rank: 0]   Hierarchy 1 shape: torch.Size([32, 6, 2, 150])
[2025-10-29 17:14:07,894][src.models.modules.semantic_id.tiger_generation_model][WARNING] - [rank: 0]   Hierarchy 2 shape: torch.Size([32, 6, 150])
[2025-10-29 17:14:07,894][src.models.modules.semantic_id.tiger_generation_model][WARNING] - [rank: 0]   Hierarchy 3 shape: torch.Size([32, 6, 150])
[2025-10-29 17:14:07,947][src.models.modules.semantic_id.tiger_generation_model][INFO] - [rank: 0] Saved decoder self-attention to ./attention_weights/decoder_self_attention_batch_201.pt
[2025-10-29 17:14:07,947][src.models.modules.semantic_id.tiger_generation_model][INFO] - [rank: 0] Saved encoder attention to ./attention_weights/encoder_attention_batch_201.pt
[2025-10-29 17:14:07,948][src.models.modules.semantic_id.tiger_generation_model][INFO] - [rank: 0] Saved cross attention to ./attention_weights/cross_attention_batch_201.pt
[2025-10-29 17:14:08,204][src.models.modules.semantic_id.tiger_generation_model][WARNING] - [rank: 0] Failed to stack cross attentions: stack expects each tensor to be equal size, but got [32, 6, 150] at entry 0 and [32, 6, 2, 150] at entry 1
[2025-10-29 17:14:08,204][src.models.modules.semantic_id.tiger_generation_model][WARNING] - [rank: 0]   Hierarchy 0 shape: torch.Size([32, 6, 150])
[2025-10-29 17:14:08,205][src.models.modules.semantic_id.tiger_generation_model][WARNING] - [rank: 0]   Hierarchy 1 shape: torch.Size([32, 6, 2, 150])
[2025-10-29 17:14:08,205][src.models.modules.semantic_id.tiger_generation_model][WARNING] - [rank: 0]   Hierarchy 2 shape: torch.Size([32, 6, 150])
[2025-10-29 17:14:08,205][src.models.modules.semantic_id.tiger_generation_model][WARNING] - [rank: 0]   Hierarchy 3 shape: torch.Size([32, 6, 150])
[2025-10-29 17:14:08,263][src.models.modules.semantic_id.tiger_generation_model][INFO] - [rank: 0] Saved decoder self-attention to ./attention_weights/decoder_self_attention_batch_202.pt
[2025-10-29 17:14:08,264][src.models.modules.semantic_id.tiger_generation_model][INFO] - [rank: 0] Saved encoder attention to ./attention_weights/encoder_attention_batch_202.pt
[2025-10-29 17:14:08,264][src.models.modules.semantic_id.tiger_generation_model][INFO] - [rank: 0] Saved cross attention to ./attention_weights/cross_attention_batch_202.pt
[2025-10-29 17:14:08,529][src.models.modules.semantic_id.tiger_generation_model][WARNING] - [rank: 0] Failed to stack cross attentions: stack expects each tensor to be equal size, but got [32, 6, 150] at entry 0 and [32, 6, 2, 150] at entry 1
[2025-10-29 17:14:08,530][src.models.modules.semantic_id.tiger_generation_model][WARNING] - [rank: 0]   Hierarchy 0 shape: torch.Size([32, 6, 150])
[2025-10-29 17:14:08,530][src.models.modules.semantic_id.tiger_generation_model][WARNING] - [rank: 0]   Hierarchy 1 shape: torch.Size([32, 6, 2, 150])
[2025-10-29 17:14:08,530][src.models.modules.semantic_id.tiger_generation_model][WARNING] - [rank: 0]   Hierarchy 2 shape: torch.Size([32, 6, 150])
[2025-10-29 17:14:08,530][src.models.modules.semantic_id.tiger_generation_model][WARNING] - [rank: 0]   Hierarchy 3 shape: torch.Size([32, 6, 150])
[2025-10-29 17:14:08,588][src.models.modules.semantic_id.tiger_generation_model][INFO] - [rank: 0] Saved decoder self-attention to ./attention_weights/decoder_self_attention_batch_203.pt
[2025-10-29 17:14:08,588][src.models.modules.semantic_id.tiger_generation_model][INFO] - [rank: 0] Saved encoder attention to ./attention_weights/encoder_attention_batch_203.pt
[2025-10-29 17:14:08,588][src.models.modules.semantic_id.tiger_generation_model][INFO] - [rank: 0] Saved cross attention to ./attention_weights/cross_attention_batch_203.pt
[2025-10-29 17:14:08,868][src.models.modules.semantic_id.tiger_generation_model][WARNING] - [rank: 0] Failed to stack cross attentions: stack expects each tensor to be equal size, but got [32, 6, 150] at entry 0 and [32, 6, 2, 150] at entry 1
[2025-10-29 17:14:08,868][src.models.modules.semantic_id.tiger_generation_model][WARNING] - [rank: 0]   Hierarchy 0 shape: torch.Size([32, 6, 150])
[2025-10-29 17:14:08,868][src.models.modules.semantic_id.tiger_generation_model][WARNING] - [rank: 0]   Hierarchy 1 shape: torch.Size([32, 6, 2, 150])
[2025-10-29 17:14:08,868][src.models.modules.semantic_id.tiger_generation_model][WARNING] - [rank: 0]   Hierarchy 2 shape: torch.Size([32, 6, 150])
[2025-10-29 17:14:08,868][src.models.modules.semantic_id.tiger_generation_model][WARNING] - [rank: 0]   Hierarchy 3 shape: torch.Size([32, 6, 150])
[2025-10-29 17:14:08,927][src.models.modules.semantic_id.tiger_generation_model][INFO] - [rank: 0] Saved decoder self-attention to ./attention_weights/decoder_self_attention_batch_204.pt
[2025-10-29 17:14:08,927][src.models.modules.semantic_id.tiger_generation_model][INFO] - [rank: 0] Saved encoder attention to ./attention_weights/encoder_attention_batch_204.pt
[2025-10-29 17:14:08,927][src.models.modules.semantic_id.tiger_generation_model][INFO] - [rank: 0] Saved cross attention to ./attention_weights/cross_attention_batch_204.pt
[2025-10-29 17:14:09,190][src.models.modules.semantic_id.tiger_generation_model][WARNING] - [rank: 0] Failed to stack cross attentions: stack expects each tensor to be equal size, but got [32, 6, 150] at entry 0 and [32, 6, 2, 150] at entry 1
[2025-10-29 17:14:09,190][src.models.modules.semantic_id.tiger_generation_model][WARNING] - [rank: 0]   Hierarchy 0 shape: torch.Size([32, 6, 150])
[2025-10-29 17:14:09,190][src.models.modules.semantic_id.tiger_generation_model][WARNING] - [rank: 0]   Hierarchy 1 shape: torch.Size([32, 6, 2, 150])
[2025-10-29 17:14:09,190][src.models.modules.semantic_id.tiger_generation_model][WARNING] - [rank: 0]   Hierarchy 2 shape: torch.Size([32, 6, 150])
[2025-10-29 17:14:09,191][src.models.modules.semantic_id.tiger_generation_model][WARNING] - [rank: 0]   Hierarchy 3 shape: torch.Size([32, 6, 150])
[2025-10-29 17:14:09,244][src.models.modules.semantic_id.tiger_generation_model][INFO] - [rank: 0] Saved decoder self-attention to ./attention_weights/decoder_self_attention_batch_205.pt
[2025-10-29 17:14:09,244][src.models.modules.semantic_id.tiger_generation_model][INFO] - [rank: 0] Saved encoder attention to ./attention_weights/encoder_attention_batch_205.pt
[2025-10-29 17:14:09,245][src.models.modules.semantic_id.tiger_generation_model][INFO] - [rank: 0] Saved cross attention to ./attention_weights/cross_attention_batch_205.pt
[2025-10-29 17:14:09,491][src.models.modules.semantic_id.tiger_generation_model][WARNING] - [rank: 0] Failed to stack cross attentions: stack expects each tensor to be equal size, but got [32, 6, 150] at entry 0 and [32, 6, 2, 150] at entry 1
[2025-10-29 17:14:09,492][src.models.modules.semantic_id.tiger_generation_model][WARNING] - [rank: 0]   Hierarchy 0 shape: torch.Size([32, 6, 150])
[2025-10-29 17:14:09,492][src.models.modules.semantic_id.tiger_generation_model][WARNING] - [rank: 0]   Hierarchy 1 shape: torch.Size([32, 6, 2, 150])
[2025-10-29 17:14:09,492][src.models.modules.semantic_id.tiger_generation_model][WARNING] - [rank: 0]   Hierarchy 2 shape: torch.Size([32, 6, 150])
[2025-10-29 17:14:09,492][src.models.modules.semantic_id.tiger_generation_model][WARNING] - [rank: 0]   Hierarchy 3 shape: torch.Size([32, 6, 150])
[2025-10-29 17:14:09,547][src.models.modules.semantic_id.tiger_generation_model][INFO] - [rank: 0] Saved decoder self-attention to ./attention_weights/decoder_self_attention_batch_206.pt
[2025-10-29 17:14:09,548][src.models.modules.semantic_id.tiger_generation_model][INFO] - [rank: 0] Saved encoder attention to ./attention_weights/encoder_attention_batch_206.pt
[2025-10-29 17:14:09,548][src.models.modules.semantic_id.tiger_generation_model][INFO] - [rank: 0] Saved cross attention to ./attention_weights/cross_attention_batch_206.pt
[2025-10-29 17:14:09,824][src.models.modules.semantic_id.tiger_generation_model][WARNING] - [rank: 0] Failed to stack cross attentions: stack expects each tensor to be equal size, but got [32, 6, 150] at entry 0 and [32, 6, 2, 150] at entry 1
[2025-10-29 17:14:09,825][src.models.modules.semantic_id.tiger_generation_model][WARNING] - [rank: 0]   Hierarchy 0 shape: torch.Size([32, 6, 150])
[2025-10-29 17:14:09,825][src.models.modules.semantic_id.tiger_generation_model][WARNING] - [rank: 0]   Hierarchy 1 shape: torch.Size([32, 6, 2, 150])
[2025-10-29 17:14:09,825][src.models.modules.semantic_id.tiger_generation_model][WARNING] - [rank: 0]   Hierarchy 2 shape: torch.Size([32, 6, 150])
[2025-10-29 17:14:09,825][src.models.modules.semantic_id.tiger_generation_model][WARNING] - [rank: 0]   Hierarchy 3 shape: torch.Size([32, 6, 150])
[2025-10-29 17:14:09,881][src.models.modules.semantic_id.tiger_generation_model][INFO] - [rank: 0] Saved decoder self-attention to ./attention_weights/decoder_self_attention_batch_207.pt
[2025-10-29 17:14:09,882][src.models.modules.semantic_id.tiger_generation_model][INFO] - [rank: 0] Saved encoder attention to ./attention_weights/encoder_attention_batch_207.pt
[2025-10-29 17:14:09,882][src.models.modules.semantic_id.tiger_generation_model][INFO] - [rank: 0] Saved cross attention to ./attention_weights/cross_attention_batch_207.pt
[2025-10-29 17:14:10,127][src.models.modules.semantic_id.tiger_generation_model][WARNING] - [rank: 0] Failed to stack cross attentions: stack expects each tensor to be equal size, but got [32, 6, 150] at entry 0 and [32, 6, 2, 150] at entry 1
[2025-10-29 17:14:10,128][src.models.modules.semantic_id.tiger_generation_model][WARNING] - [rank: 0]   Hierarchy 0 shape: torch.Size([32, 6, 150])
[2025-10-29 17:14:10,128][src.models.modules.semantic_id.tiger_generation_model][WARNING] - [rank: 0]   Hierarchy 1 shape: torch.Size([32, 6, 2, 150])
[2025-10-29 17:14:10,128][src.models.modules.semantic_id.tiger_generation_model][WARNING] - [rank: 0]   Hierarchy 2 shape: torch.Size([32, 6, 150])
[2025-10-29 17:14:10,128][src.models.modules.semantic_id.tiger_generation_model][WARNING] - [rank: 0]   Hierarchy 3 shape: torch.Size([32, 6, 150])
[2025-10-29 17:14:10,183][src.models.modules.semantic_id.tiger_generation_model][INFO] - [rank: 0] Saved decoder self-attention to ./attention_weights/decoder_self_attention_batch_208.pt
[2025-10-29 17:14:10,183][src.models.modules.semantic_id.tiger_generation_model][INFO] - [rank: 0] Saved encoder attention to ./attention_weights/encoder_attention_batch_208.pt
[2025-10-29 17:14:10,183][src.models.modules.semantic_id.tiger_generation_model][INFO] - [rank: 0] Saved cross attention to ./attention_weights/cross_attention_batch_208.pt
[2025-10-29 17:14:10,437][src.models.modules.semantic_id.tiger_generation_model][WARNING] - [rank: 0] Failed to stack cross attentions: stack expects each tensor to be equal size, but got [32, 6, 150] at entry 0 and [32, 6, 2, 150] at entry 1
[2025-10-29 17:14:10,438][src.models.modules.semantic_id.tiger_generation_model][WARNING] - [rank: 0]   Hierarchy 0 shape: torch.Size([32, 6, 150])
[2025-10-29 17:14:10,438][src.models.modules.semantic_id.tiger_generation_model][WARNING] - [rank: 0]   Hierarchy 1 shape: torch.Size([32, 6, 2, 150])
[2025-10-29 17:14:10,438][src.models.modules.semantic_id.tiger_generation_model][WARNING] - [rank: 0]   Hierarchy 2 shape: torch.Size([32, 6, 150])
[2025-10-29 17:14:10,438][src.models.modules.semantic_id.tiger_generation_model][WARNING] - [rank: 0]   Hierarchy 3 shape: torch.Size([32, 6, 150])
[2025-10-29 17:14:10,493][src.models.modules.semantic_id.tiger_generation_model][INFO] - [rank: 0] Saved decoder self-attention to ./attention_weights/decoder_self_attention_batch_209.pt
[2025-10-29 17:14:10,493][src.models.modules.semantic_id.tiger_generation_model][INFO] - [rank: 0] Saved encoder attention to ./attention_weights/encoder_attention_batch_209.pt
[2025-10-29 17:14:10,493][src.models.modules.semantic_id.tiger_generation_model][INFO] - [rank: 0] Saved cross attention to ./attention_weights/cross_attention_batch_209.pt
[2025-10-29 17:14:10,752][src.models.modules.semantic_id.tiger_generation_model][WARNING] - [rank: 0] Failed to stack cross attentions: stack expects each tensor to be equal size, but got [32, 6, 150] at entry 0 and [32, 6, 2, 150] at entry 1
[2025-10-29 17:14:10,753][src.models.modules.semantic_id.tiger_generation_model][WARNING] - [rank: 0]   Hierarchy 0 shape: torch.Size([32, 6, 150])
[2025-10-29 17:14:10,753][src.models.modules.semantic_id.tiger_generation_model][WARNING] - [rank: 0]   Hierarchy 1 shape: torch.Size([32, 6, 2, 150])
[2025-10-29 17:14:10,753][src.models.modules.semantic_id.tiger_generation_model][WARNING] - [rank: 0]   Hierarchy 2 shape: torch.Size([32, 6, 150])
[2025-10-29 17:14:10,753][src.models.modules.semantic_id.tiger_generation_model][WARNING] - [rank: 0]   Hierarchy 3 shape: torch.Size([32, 6, 150])
[2025-10-29 17:14:10,807][src.models.modules.semantic_id.tiger_generation_model][INFO] - [rank: 0] Saved decoder self-attention to ./attention_weights/decoder_self_attention_batch_210.pt
[2025-10-29 17:14:10,808][src.models.modules.semantic_id.tiger_generation_model][INFO] - [rank: 0] Saved encoder attention to ./attention_weights/encoder_attention_batch_210.pt
[2025-10-29 17:14:10,808][src.models.modules.semantic_id.tiger_generation_model][INFO] - [rank: 0] Saved cross attention to ./attention_weights/cross_attention_batch_210.pt
[2025-10-29 17:14:11,058][src.models.modules.semantic_id.tiger_generation_model][WARNING] - [rank: 0] Failed to stack cross attentions: stack expects each tensor to be equal size, but got [32, 6, 150] at entry 0 and [32, 6, 2, 150] at entry 1
[2025-10-29 17:14:11,058][src.models.modules.semantic_id.tiger_generation_model][WARNING] - [rank: 0]   Hierarchy 0 shape: torch.Size([32, 6, 150])
[2025-10-29 17:14:11,058][src.models.modules.semantic_id.tiger_generation_model][WARNING] - [rank: 0]   Hierarchy 1 shape: torch.Size([32, 6, 2, 150])
[2025-10-29 17:14:11,058][src.models.modules.semantic_id.tiger_generation_model][WARNING] - [rank: 0]   Hierarchy 2 shape: torch.Size([32, 6, 150])
[2025-10-29 17:14:11,058][src.models.modules.semantic_id.tiger_generation_model][WARNING] - [rank: 0]   Hierarchy 3 shape: torch.Size([32, 6, 150])
[2025-10-29 17:14:11,114][src.models.modules.semantic_id.tiger_generation_model][INFO] - [rank: 0] Saved decoder self-attention to ./attention_weights/decoder_self_attention_batch_211.pt
[2025-10-29 17:14:11,114][src.models.modules.semantic_id.tiger_generation_model][INFO] - [rank: 0] Saved encoder attention to ./attention_weights/encoder_attention_batch_211.pt
[2025-10-29 17:14:11,115][src.models.modules.semantic_id.tiger_generation_model][INFO] - [rank: 0] Saved cross attention to ./attention_weights/cross_attention_batch_211.pt
[2025-10-29 17:14:11,360][src.models.modules.semantic_id.tiger_generation_model][WARNING] - [rank: 0] Failed to stack cross attentions: stack expects each tensor to be equal size, but got [32, 6, 150] at entry 0 and [32, 6, 2, 150] at entry 1
[2025-10-29 17:14:11,360][src.models.modules.semantic_id.tiger_generation_model][WARNING] - [rank: 0]   Hierarchy 0 shape: torch.Size([32, 6, 150])
[2025-10-29 17:14:11,360][src.models.modules.semantic_id.tiger_generation_model][WARNING] - [rank: 0]   Hierarchy 1 shape: torch.Size([32, 6, 2, 150])
[2025-10-29 17:14:11,360][src.models.modules.semantic_id.tiger_generation_model][WARNING] - [rank: 0]   Hierarchy 2 shape: torch.Size([32, 6, 150])
[2025-10-29 17:14:11,360][src.models.modules.semantic_id.tiger_generation_model][WARNING] - [rank: 0]   Hierarchy 3 shape: torch.Size([32, 6, 150])
[2025-10-29 17:14:11,414][src.models.modules.semantic_id.tiger_generation_model][INFO] - [rank: 0] Saved decoder self-attention to ./attention_weights/decoder_self_attention_batch_212.pt
[2025-10-29 17:14:11,415][src.models.modules.semantic_id.tiger_generation_model][INFO] - [rank: 0] Saved encoder attention to ./attention_weights/encoder_attention_batch_212.pt
[2025-10-29 17:14:11,415][src.models.modules.semantic_id.tiger_generation_model][INFO] - [rank: 0] Saved cross attention to ./attention_weights/cross_attention_batch_212.pt
[2025-10-29 17:14:11,675][src.models.modules.semantic_id.tiger_generation_model][WARNING] - [rank: 0] Failed to stack cross attentions: stack expects each tensor to be equal size, but got [32, 6, 150] at entry 0 and [32, 6, 2, 150] at entry 1
[2025-10-29 17:14:11,675][src.models.modules.semantic_id.tiger_generation_model][WARNING] - [rank: 0]   Hierarchy 0 shape: torch.Size([32, 6, 150])
[2025-10-29 17:14:11,676][src.models.modules.semantic_id.tiger_generation_model][WARNING] - [rank: 0]   Hierarchy 1 shape: torch.Size([32, 6, 2, 150])
[2025-10-29 17:14:11,676][src.models.modules.semantic_id.tiger_generation_model][WARNING] - [rank: 0]   Hierarchy 2 shape: torch.Size([32, 6, 150])
[2025-10-29 17:14:11,676][src.models.modules.semantic_id.tiger_generation_model][WARNING] - [rank: 0]   Hierarchy 3 shape: torch.Size([32, 6, 150])
[2025-10-29 17:14:11,729][src.models.modules.semantic_id.tiger_generation_model][INFO] - [rank: 0] Saved decoder self-attention to ./attention_weights/decoder_self_attention_batch_213.pt
[2025-10-29 17:14:11,730][src.models.modules.semantic_id.tiger_generation_model][INFO] - [rank: 0] Saved encoder attention to ./attention_weights/encoder_attention_batch_213.pt
[2025-10-29 17:14:11,730][src.models.modules.semantic_id.tiger_generation_model][INFO] - [rank: 0] Saved cross attention to ./attention_weights/cross_attention_batch_213.pt
[2025-10-29 17:14:11,974][src.models.modules.semantic_id.tiger_generation_model][WARNING] - [rank: 0] Failed to stack cross attentions: stack expects each tensor to be equal size, but got [32, 6, 150] at entry 0 and [32, 6, 2, 150] at entry 1
[2025-10-29 17:14:11,974][src.models.modules.semantic_id.tiger_generation_model][WARNING] - [rank: 0]   Hierarchy 0 shape: torch.Size([32, 6, 150])
[2025-10-29 17:14:11,974][src.models.modules.semantic_id.tiger_generation_model][WARNING] - [rank: 0]   Hierarchy 1 shape: torch.Size([32, 6, 2, 150])
[2025-10-29 17:14:11,975][src.models.modules.semantic_id.tiger_generation_model][WARNING] - [rank: 0]   Hierarchy 2 shape: torch.Size([32, 6, 150])
[2025-10-29 17:14:11,975][src.models.modules.semantic_id.tiger_generation_model][WARNING] - [rank: 0]   Hierarchy 3 shape: torch.Size([32, 6, 150])
[2025-10-29 17:14:12,095][src.models.modules.semantic_id.tiger_generation_model][INFO] - [rank: 0] Saved decoder self-attention to ./attention_weights/decoder_self_attention_batch_214.pt
[2025-10-29 17:14:12,095][src.models.modules.semantic_id.tiger_generation_model][INFO] - [rank: 0] Saved encoder attention to ./attention_weights/encoder_attention_batch_214.pt
[2025-10-29 17:14:12,095][src.models.modules.semantic_id.tiger_generation_model][INFO] - [rank: 0] Saved cross attention to ./attention_weights/cross_attention_batch_214.pt
[2025-10-29 17:14:12,350][src.models.modules.semantic_id.tiger_generation_model][WARNING] - [rank: 0] Failed to stack cross attentions: stack expects each tensor to be equal size, but got [32, 6, 150] at entry 0 and [32, 6, 2, 150] at entry 1
[2025-10-29 17:14:12,351][src.models.modules.semantic_id.tiger_generation_model][WARNING] - [rank: 0]   Hierarchy 0 shape: torch.Size([32, 6, 150])
[2025-10-29 17:14:12,351][src.models.modules.semantic_id.tiger_generation_model][WARNING] - [rank: 0]   Hierarchy 1 shape: torch.Size([32, 6, 2, 150])
[2025-10-29 17:14:12,351][src.models.modules.semantic_id.tiger_generation_model][WARNING] - [rank: 0]   Hierarchy 2 shape: torch.Size([32, 6, 150])
[2025-10-29 17:14:12,351][src.models.modules.semantic_id.tiger_generation_model][WARNING] - [rank: 0]   Hierarchy 3 shape: torch.Size([32, 6, 150])
[2025-10-29 17:14:12,404][src.models.modules.semantic_id.tiger_generation_model][INFO] - [rank: 0] Saved decoder self-attention to ./attention_weights/decoder_self_attention_batch_215.pt
[2025-10-29 17:14:12,404][src.models.modules.semantic_id.tiger_generation_model][INFO] - [rank: 0] Saved encoder attention to ./attention_weights/encoder_attention_batch_215.pt
[2025-10-29 17:14:12,405][src.models.modules.semantic_id.tiger_generation_model][INFO] - [rank: 0] Saved cross attention to ./attention_weights/cross_attention_batch_215.pt
[2025-10-29 17:14:12,653][src.models.modules.semantic_id.tiger_generation_model][WARNING] - [rank: 0] Failed to stack cross attentions: stack expects each tensor to be equal size, but got [32, 6, 150] at entry 0 and [32, 6, 2, 150] at entry 1
[2025-10-29 17:14:12,654][src.models.modules.semantic_id.tiger_generation_model][WARNING] - [rank: 0]   Hierarchy 0 shape: torch.Size([32, 6, 150])
[2025-10-29 17:14:12,654][src.models.modules.semantic_id.tiger_generation_model][WARNING] - [rank: 0]   Hierarchy 1 shape: torch.Size([32, 6, 2, 150])
[2025-10-29 17:14:12,654][src.models.modules.semantic_id.tiger_generation_model][WARNING] - [rank: 0]   Hierarchy 2 shape: torch.Size([32, 6, 150])
[2025-10-29 17:14:12,654][src.models.modules.semantic_id.tiger_generation_model][WARNING] - [rank: 0]   Hierarchy 3 shape: torch.Size([32, 6, 150])
[2025-10-29 17:14:12,707][src.models.modules.semantic_id.tiger_generation_model][INFO] - [rank: 0] Saved decoder self-attention to ./attention_weights/decoder_self_attention_batch_216.pt
[2025-10-29 17:14:12,707][src.models.modules.semantic_id.tiger_generation_model][INFO] - [rank: 0] Saved encoder attention to ./attention_weights/encoder_attention_batch_216.pt
[2025-10-29 17:14:12,707][src.models.modules.semantic_id.tiger_generation_model][INFO] - [rank: 0] Saved cross attention to ./attention_weights/cross_attention_batch_216.pt
[2025-10-29 17:14:12,957][src.models.modules.semantic_id.tiger_generation_model][WARNING] - [rank: 0] Failed to stack cross attentions: stack expects each tensor to be equal size, but got [32, 6, 150] at entry 0 and [32, 6, 2, 150] at entry 1
[2025-10-29 17:14:12,957][src.models.modules.semantic_id.tiger_generation_model][WARNING] - [rank: 0]   Hierarchy 0 shape: torch.Size([32, 6, 150])
[2025-10-29 17:14:12,958][src.models.modules.semantic_id.tiger_generation_model][WARNING] - [rank: 0]   Hierarchy 1 shape: torch.Size([32, 6, 2, 150])
[2025-10-29 17:14:12,958][src.models.modules.semantic_id.tiger_generation_model][WARNING] - [rank: 0]   Hierarchy 2 shape: torch.Size([32, 6, 150])
[2025-10-29 17:14:12,958][src.models.modules.semantic_id.tiger_generation_model][WARNING] - [rank: 0]   Hierarchy 3 shape: torch.Size([32, 6, 150])
[2025-10-29 17:14:13,015][src.models.modules.semantic_id.tiger_generation_model][INFO] - [rank: 0] Saved decoder self-attention to ./attention_weights/decoder_self_attention_batch_217.pt
[2025-10-29 17:14:13,015][src.models.modules.semantic_id.tiger_generation_model][INFO] - [rank: 0] Saved encoder attention to ./attention_weights/encoder_attention_batch_217.pt
[2025-10-29 17:14:13,015][src.models.modules.semantic_id.tiger_generation_model][INFO] - [rank: 0] Saved cross attention to ./attention_weights/cross_attention_batch_217.pt
[2025-10-29 17:14:13,265][src.models.modules.semantic_id.tiger_generation_model][WARNING] - [rank: 0] Failed to stack cross attentions: stack expects each tensor to be equal size, but got [32, 6, 150] at entry 0 and [32, 6, 2, 150] at entry 1
[2025-10-29 17:14:13,265][src.models.modules.semantic_id.tiger_generation_model][WARNING] - [rank: 0]   Hierarchy 0 shape: torch.Size([32, 6, 150])
[2025-10-29 17:14:13,266][src.models.modules.semantic_id.tiger_generation_model][WARNING] - [rank: 0]   Hierarchy 1 shape: torch.Size([32, 6, 2, 150])
[2025-10-29 17:14:13,266][src.models.modules.semantic_id.tiger_generation_model][WARNING] - [rank: 0]   Hierarchy 2 shape: torch.Size([32, 6, 150])
[2025-10-29 17:14:13,266][src.models.modules.semantic_id.tiger_generation_model][WARNING] - [rank: 0]   Hierarchy 3 shape: torch.Size([32, 6, 150])
[2025-10-29 17:14:13,319][src.models.modules.semantic_id.tiger_generation_model][INFO] - [rank: 0] Saved decoder self-attention to ./attention_weights/decoder_self_attention_batch_218.pt
[2025-10-29 17:14:13,319][src.models.modules.semantic_id.tiger_generation_model][INFO] - [rank: 0] Saved encoder attention to ./attention_weights/encoder_attention_batch_218.pt
[2025-10-29 17:14:13,319][src.models.modules.semantic_id.tiger_generation_model][INFO] - [rank: 0] Saved cross attention to ./attention_weights/cross_attention_batch_218.pt
[2025-10-29 17:14:13,567][src.models.modules.semantic_id.tiger_generation_model][WARNING] - [rank: 0] Failed to stack cross attentions: stack expects each tensor to be equal size, but got [32, 6, 150] at entry 0 and [32, 6, 2, 150] at entry 1
[2025-10-29 17:14:13,567][src.models.modules.semantic_id.tiger_generation_model][WARNING] - [rank: 0]   Hierarchy 0 shape: torch.Size([32, 6, 150])
[2025-10-29 17:14:13,567][src.models.modules.semantic_id.tiger_generation_model][WARNING] - [rank: 0]   Hierarchy 1 shape: torch.Size([32, 6, 2, 150])
[2025-10-29 17:14:13,567][src.models.modules.semantic_id.tiger_generation_model][WARNING] - [rank: 0]   Hierarchy 2 shape: torch.Size([32, 6, 150])
[2025-10-29 17:14:13,568][src.models.modules.semantic_id.tiger_generation_model][WARNING] - [rank: 0]   Hierarchy 3 shape: torch.Size([32, 6, 150])
[2025-10-29 17:14:13,622][src.models.modules.semantic_id.tiger_generation_model][INFO] - [rank: 0] Saved decoder self-attention to ./attention_weights/decoder_self_attention_batch_219.pt
[2025-10-29 17:14:13,622][src.models.modules.semantic_id.tiger_generation_model][INFO] - [rank: 0] Saved encoder attention to ./attention_weights/encoder_attention_batch_219.pt
[2025-10-29 17:14:13,622][src.models.modules.semantic_id.tiger_generation_model][INFO] - [rank: 0] Saved cross attention to ./attention_weights/cross_attention_batch_219.pt
[2025-10-29 17:14:13,873][src.models.modules.semantic_id.tiger_generation_model][WARNING] - [rank: 0] Failed to stack cross attentions: stack expects each tensor to be equal size, but got [32, 6, 150] at entry 0 and [32, 6, 2, 150] at entry 1
[2025-10-29 17:14:13,873][src.models.modules.semantic_id.tiger_generation_model][WARNING] - [rank: 0]   Hierarchy 0 shape: torch.Size([32, 6, 150])
[2025-10-29 17:14:13,874][src.models.modules.semantic_id.tiger_generation_model][WARNING] - [rank: 0]   Hierarchy 1 shape: torch.Size([32, 6, 2, 150])
[2025-10-29 17:14:13,874][src.models.modules.semantic_id.tiger_generation_model][WARNING] - [rank: 0]   Hierarchy 2 shape: torch.Size([32, 6, 150])
[2025-10-29 17:14:13,874][src.models.modules.semantic_id.tiger_generation_model][WARNING] - [rank: 0]   Hierarchy 3 shape: torch.Size([32, 6, 150])
[2025-10-29 17:14:13,931][src.models.modules.semantic_id.tiger_generation_model][INFO] - [rank: 0] Saved decoder self-attention to ./attention_weights/decoder_self_attention_batch_220.pt
[2025-10-29 17:14:13,931][src.models.modules.semantic_id.tiger_generation_model][INFO] - [rank: 0] Saved encoder attention to ./attention_weights/encoder_attention_batch_220.pt
[2025-10-29 17:14:13,931][src.models.modules.semantic_id.tiger_generation_model][INFO] - [rank: 0] Saved cross attention to ./attention_weights/cross_attention_batch_220.pt
[2025-10-29 17:14:14,203][src.models.modules.semantic_id.tiger_generation_model][WARNING] - [rank: 0] Failed to stack cross attentions: stack expects each tensor to be equal size, but got [32, 6, 150] at entry 0 and [32, 6, 2, 150] at entry 1
[2025-10-29 17:14:14,203][src.models.modules.semantic_id.tiger_generation_model][WARNING] - [rank: 0]   Hierarchy 0 shape: torch.Size([32, 6, 150])
[2025-10-29 17:14:14,203][src.models.modules.semantic_id.tiger_generation_model][WARNING] - [rank: 0]   Hierarchy 1 shape: torch.Size([32, 6, 2, 150])
[2025-10-29 17:14:14,203][src.models.modules.semantic_id.tiger_generation_model][WARNING] - [rank: 0]   Hierarchy 2 shape: torch.Size([32, 6, 150])
[2025-10-29 17:14:14,203][src.models.modules.semantic_id.tiger_generation_model][WARNING] - [rank: 0]   Hierarchy 3 shape: torch.Size([32, 6, 150])
[2025-10-29 17:14:14,258][src.models.modules.semantic_id.tiger_generation_model][INFO] - [rank: 0] Saved decoder self-attention to ./attention_weights/decoder_self_attention_batch_221.pt
[2025-10-29 17:14:14,258][src.models.modules.semantic_id.tiger_generation_model][INFO] - [rank: 0] Saved encoder attention to ./attention_weights/encoder_attention_batch_221.pt
[2025-10-29 17:14:14,258][src.models.modules.semantic_id.tiger_generation_model][INFO] - [rank: 0] Saved cross attention to ./attention_weights/cross_attention_batch_221.pt
[2025-10-29 17:14:14,508][src.models.modules.semantic_id.tiger_generation_model][WARNING] - [rank: 0] Failed to stack cross attentions: stack expects each tensor to be equal size, but got [32, 6, 150] at entry 0 and [32, 6, 2, 150] at entry 1
[2025-10-29 17:14:14,509][src.models.modules.semantic_id.tiger_generation_model][WARNING] - [rank: 0]   Hierarchy 0 shape: torch.Size([32, 6, 150])
[2025-10-29 17:14:14,509][src.models.modules.semantic_id.tiger_generation_model][WARNING] - [rank: 0]   Hierarchy 1 shape: torch.Size([32, 6, 2, 150])
[2025-10-29 17:14:14,509][src.models.modules.semantic_id.tiger_generation_model][WARNING] - [rank: 0]   Hierarchy 2 shape: torch.Size([32, 6, 150])
[2025-10-29 17:14:14,509][src.models.modules.semantic_id.tiger_generation_model][WARNING] - [rank: 0]   Hierarchy 3 shape: torch.Size([32, 6, 150])
[2025-10-29 17:14:14,568][src.models.modules.semantic_id.tiger_generation_model][INFO] - [rank: 0] Saved decoder self-attention to ./attention_weights/decoder_self_attention_batch_222.pt
[2025-10-29 17:14:14,568][src.models.modules.semantic_id.tiger_generation_model][INFO] - [rank: 0] Saved encoder attention to ./attention_weights/encoder_attention_batch_222.pt
[2025-10-29 17:14:14,569][src.models.modules.semantic_id.tiger_generation_model][INFO] - [rank: 0] Saved cross attention to ./attention_weights/cross_attention_batch_222.pt
[2025-10-29 17:14:14,836][src.models.modules.semantic_id.tiger_generation_model][WARNING] - [rank: 0] Failed to stack cross attentions: stack expects each tensor to be equal size, but got [32, 6, 150] at entry 0 and [32, 6, 2, 150] at entry 1
[2025-10-29 17:14:14,837][src.models.modules.semantic_id.tiger_generation_model][WARNING] - [rank: 0]   Hierarchy 0 shape: torch.Size([32, 6, 150])
[2025-10-29 17:14:14,837][src.models.modules.semantic_id.tiger_generation_model][WARNING] - [rank: 0]   Hierarchy 1 shape: torch.Size([32, 6, 2, 150])
[2025-10-29 17:14:14,837][src.models.modules.semantic_id.tiger_generation_model][WARNING] - [rank: 0]   Hierarchy 2 shape: torch.Size([32, 6, 150])
[2025-10-29 17:14:14,837][src.models.modules.semantic_id.tiger_generation_model][WARNING] - [rank: 0]   Hierarchy 3 shape: torch.Size([32, 6, 150])
[2025-10-29 17:14:14,893][src.models.modules.semantic_id.tiger_generation_model][INFO] - [rank: 0] Saved decoder self-attention to ./attention_weights/decoder_self_attention_batch_223.pt
[2025-10-29 17:14:14,894][src.models.modules.semantic_id.tiger_generation_model][INFO] - [rank: 0] Saved encoder attention to ./attention_weights/encoder_attention_batch_223.pt
[2025-10-29 17:14:14,894][src.models.modules.semantic_id.tiger_generation_model][INFO] - [rank: 0] Saved cross attention to ./attention_weights/cross_attention_batch_223.pt
[2025-10-29 17:14:15,159][src.models.modules.semantic_id.tiger_generation_model][WARNING] - [rank: 0] Failed to stack cross attentions: stack expects each tensor to be equal size, but got [32, 6, 150] at entry 0 and [32, 6, 2, 150] at entry 1
[2025-10-29 17:14:15,159][src.models.modules.semantic_id.tiger_generation_model][WARNING] - [rank: 0]   Hierarchy 0 shape: torch.Size([32, 6, 150])
[2025-10-29 17:14:15,159][src.models.modules.semantic_id.tiger_generation_model][WARNING] - [rank: 0]   Hierarchy 1 shape: torch.Size([32, 6, 2, 150])
[2025-10-29 17:14:15,160][src.models.modules.semantic_id.tiger_generation_model][WARNING] - [rank: 0]   Hierarchy 2 shape: torch.Size([32, 6, 150])
[2025-10-29 17:14:15,160][src.models.modules.semantic_id.tiger_generation_model][WARNING] - [rank: 0]   Hierarchy 3 shape: torch.Size([32, 6, 150])
[2025-10-29 17:14:15,215][src.models.modules.semantic_id.tiger_generation_model][INFO] - [rank: 0] Saved decoder self-attention to ./attention_weights/decoder_self_attention_batch_224.pt
[2025-10-29 17:14:15,216][src.models.modules.semantic_id.tiger_generation_model][INFO] - [rank: 0] Saved encoder attention to ./attention_weights/encoder_attention_batch_224.pt
[2025-10-29 17:14:15,216][src.models.modules.semantic_id.tiger_generation_model][INFO] - [rank: 0] Saved cross attention to ./attention_weights/cross_attention_batch_224.pt
[2025-10-29 17:14:15,460][src.models.modules.semantic_id.tiger_generation_model][WARNING] - [rank: 0] Failed to stack cross attentions: stack expects each tensor to be equal size, but got [32, 6, 150] at entry 0 and [32, 6, 2, 150] at entry 1
[2025-10-29 17:14:15,460][src.models.modules.semantic_id.tiger_generation_model][WARNING] - [rank: 0]   Hierarchy 0 shape: torch.Size([32, 6, 150])
[2025-10-29 17:14:15,460][src.models.modules.semantic_id.tiger_generation_model][WARNING] - [rank: 0]   Hierarchy 1 shape: torch.Size([32, 6, 2, 150])
[2025-10-29 17:14:15,460][src.models.modules.semantic_id.tiger_generation_model][WARNING] - [rank: 0]   Hierarchy 2 shape: torch.Size([32, 6, 150])
[2025-10-29 17:14:15,460][src.models.modules.semantic_id.tiger_generation_model][WARNING] - [rank: 0]   Hierarchy 3 shape: torch.Size([32, 6, 150])
[2025-10-29 17:14:15,514][src.models.modules.semantic_id.tiger_generation_model][INFO] - [rank: 0] Saved decoder self-attention to ./attention_weights/decoder_self_attention_batch_225.pt
[2025-10-29 17:14:15,514][src.models.modules.semantic_id.tiger_generation_model][INFO] - [rank: 0] Saved encoder attention to ./attention_weights/encoder_attention_batch_225.pt
[2025-10-29 17:14:15,514][src.models.modules.semantic_id.tiger_generation_model][INFO] - [rank: 0] Saved cross attention to ./attention_weights/cross_attention_batch_225.pt
[2025-10-29 17:14:15,791][src.models.modules.semantic_id.tiger_generation_model][WARNING] - [rank: 0] Failed to stack cross attentions: stack expects each tensor to be equal size, but got [32, 6, 150] at entry 0 and [32, 6, 2, 150] at entry 1
[2025-10-29 17:14:15,792][src.models.modules.semantic_id.tiger_generation_model][WARNING] - [rank: 0]   Hierarchy 0 shape: torch.Size([32, 6, 150])
[2025-10-29 17:14:15,792][src.models.modules.semantic_id.tiger_generation_model][WARNING] - [rank: 0]   Hierarchy 1 shape: torch.Size([32, 6, 2, 150])
[2025-10-29 17:14:15,792][src.models.modules.semantic_id.tiger_generation_model][WARNING] - [rank: 0]   Hierarchy 2 shape: torch.Size([32, 6, 150])
[2025-10-29 17:14:15,792][src.models.modules.semantic_id.tiger_generation_model][WARNING] - [rank: 0]   Hierarchy 3 shape: torch.Size([32, 6, 150])
[2025-10-29 17:14:15,848][src.models.modules.semantic_id.tiger_generation_model][INFO] - [rank: 0] Saved decoder self-attention to ./attention_weights/decoder_self_attention_batch_226.pt
[2025-10-29 17:14:15,848][src.models.modules.semantic_id.tiger_generation_model][INFO] - [rank: 0] Saved encoder attention to ./attention_weights/encoder_attention_batch_226.pt
[2025-10-29 17:14:15,848][src.models.modules.semantic_id.tiger_generation_model][INFO] - [rank: 0] Saved cross attention to ./attention_weights/cross_attention_batch_226.pt
[2025-10-29 17:14:16,095][src.models.modules.semantic_id.tiger_generation_model][WARNING] - [rank: 0] Failed to stack cross attentions: stack expects each tensor to be equal size, but got [32, 6, 150] at entry 0 and [32, 6, 2, 150] at entry 1
[2025-10-29 17:14:16,096][src.models.modules.semantic_id.tiger_generation_model][WARNING] - [rank: 0]   Hierarchy 0 shape: torch.Size([32, 6, 150])
[2025-10-29 17:14:16,096][src.models.modules.semantic_id.tiger_generation_model][WARNING] - [rank: 0]   Hierarchy 1 shape: torch.Size([32, 6, 2, 150])
[2025-10-29 17:14:16,096][src.models.modules.semantic_id.tiger_generation_model][WARNING] - [rank: 0]   Hierarchy 2 shape: torch.Size([32, 6, 150])
[2025-10-29 17:14:16,096][src.models.modules.semantic_id.tiger_generation_model][WARNING] - [rank: 0]   Hierarchy 3 shape: torch.Size([32, 6, 150])
[2025-10-29 17:14:16,152][src.models.modules.semantic_id.tiger_generation_model][INFO] - [rank: 0] Saved decoder self-attention to ./attention_weights/decoder_self_attention_batch_227.pt
[2025-10-29 17:14:16,152][src.models.modules.semantic_id.tiger_generation_model][INFO] - [rank: 0] Saved encoder attention to ./attention_weights/encoder_attention_batch_227.pt
[2025-10-29 17:14:16,152][src.models.modules.semantic_id.tiger_generation_model][INFO] - [rank: 0] Saved cross attention to ./attention_weights/cross_attention_batch_227.pt
[2025-10-29 17:14:16,409][src.models.modules.semantic_id.tiger_generation_model][WARNING] - [rank: 0] Failed to stack cross attentions: stack expects each tensor to be equal size, but got [32, 6, 150] at entry 0 and [32, 6, 2, 150] at entry 1
[2025-10-29 17:14:16,409][src.models.modules.semantic_id.tiger_generation_model][WARNING] - [rank: 0]   Hierarchy 0 shape: torch.Size([32, 6, 150])
[2025-10-29 17:14:16,410][src.models.modules.semantic_id.tiger_generation_model][WARNING] - [rank: 0]   Hierarchy 1 shape: torch.Size([32, 6, 2, 150])
[2025-10-29 17:14:16,410][src.models.modules.semantic_id.tiger_generation_model][WARNING] - [rank: 0]   Hierarchy 2 shape: torch.Size([32, 6, 150])
[2025-10-29 17:14:16,410][src.models.modules.semantic_id.tiger_generation_model][WARNING] - [rank: 0]   Hierarchy 3 shape: torch.Size([32, 6, 150])
[2025-10-29 17:14:16,465][src.models.modules.semantic_id.tiger_generation_model][INFO] - [rank: 0] Saved decoder self-attention to ./attention_weights/decoder_self_attention_batch_228.pt
[2025-10-29 17:14:16,465][src.models.modules.semantic_id.tiger_generation_model][INFO] - [rank: 0] Saved encoder attention to ./attention_weights/encoder_attention_batch_228.pt
[2025-10-29 17:14:16,465][src.models.modules.semantic_id.tiger_generation_model][INFO] - [rank: 0] Saved cross attention to ./attention_weights/cross_attention_batch_228.pt
[2025-10-29 17:14:16,752][src.models.modules.semantic_id.tiger_generation_model][WARNING] - [rank: 0] Failed to stack cross attentions: stack expects each tensor to be equal size, but got [32, 6, 150] at entry 0 and [32, 6, 2, 150] at entry 1
[2025-10-29 17:14:16,752][src.models.modules.semantic_id.tiger_generation_model][WARNING] - [rank: 0]   Hierarchy 0 shape: torch.Size([32, 6, 150])
[2025-10-29 17:14:16,753][src.models.modules.semantic_id.tiger_generation_model][WARNING] - [rank: 0]   Hierarchy 1 shape: torch.Size([32, 6, 2, 150])
[2025-10-29 17:14:16,753][src.models.modules.semantic_id.tiger_generation_model][WARNING] - [rank: 0]   Hierarchy 2 shape: torch.Size([32, 6, 150])
[2025-10-29 17:14:16,753][src.models.modules.semantic_id.tiger_generation_model][WARNING] - [rank: 0]   Hierarchy 3 shape: torch.Size([32, 6, 150])
[2025-10-29 17:14:16,806][src.models.modules.semantic_id.tiger_generation_model][INFO] - [rank: 0] Saved decoder self-attention to ./attention_weights/decoder_self_attention_batch_229.pt
[2025-10-29 17:14:16,807][src.models.modules.semantic_id.tiger_generation_model][INFO] - [rank: 0] Saved encoder attention to ./attention_weights/encoder_attention_batch_229.pt
[2025-10-29 17:14:16,807][src.models.modules.semantic_id.tiger_generation_model][INFO] - [rank: 0] Saved cross attention to ./attention_weights/cross_attention_batch_229.pt
[2025-10-29 17:14:17,144][src.models.modules.semantic_id.tiger_generation_model][WARNING] - [rank: 0] Failed to stack cross attentions: stack expects each tensor to be equal size, but got [32, 6, 150] at entry 0 and [32, 6, 2, 150] at entry 1
[2025-10-29 17:14:17,144][src.models.modules.semantic_id.tiger_generation_model][WARNING] - [rank: 0]   Hierarchy 0 shape: torch.Size([32, 6, 150])
[2025-10-29 17:14:17,144][src.models.modules.semantic_id.tiger_generation_model][WARNING] - [rank: 0]   Hierarchy 1 shape: torch.Size([32, 6, 2, 150])
[2025-10-29 17:14:17,144][src.models.modules.semantic_id.tiger_generation_model][WARNING] - [rank: 0]   Hierarchy 2 shape: torch.Size([32, 6, 150])
[2025-10-29 17:14:17,144][src.models.modules.semantic_id.tiger_generation_model][WARNING] - [rank: 0]   Hierarchy 3 shape: torch.Size([32, 6, 150])
[2025-10-29 17:14:17,199][src.models.modules.semantic_id.tiger_generation_model][INFO] - [rank: 0] Saved decoder self-attention to ./attention_weights/decoder_self_attention_batch_230.pt
[2025-10-29 17:14:17,199][src.models.modules.semantic_id.tiger_generation_model][INFO] - [rank: 0] Saved encoder attention to ./attention_weights/encoder_attention_batch_230.pt
[2025-10-29 17:14:17,199][src.models.modules.semantic_id.tiger_generation_model][INFO] - [rank: 0] Saved cross attention to ./attention_weights/cross_attention_batch_230.pt
[2025-10-29 17:14:17,456][src.models.modules.semantic_id.tiger_generation_model][WARNING] - [rank: 0] Failed to stack cross attentions: stack expects each tensor to be equal size, but got [32, 6, 150] at entry 0 and [32, 6, 2, 150] at entry 1
[2025-10-29 17:14:17,457][src.models.modules.semantic_id.tiger_generation_model][WARNING] - [rank: 0]   Hierarchy 0 shape: torch.Size([32, 6, 150])
[2025-10-29 17:14:17,457][src.models.modules.semantic_id.tiger_generation_model][WARNING] - [rank: 0]   Hierarchy 1 shape: torch.Size([32, 6, 2, 150])
[2025-10-29 17:14:17,457][src.models.modules.semantic_id.tiger_generation_model][WARNING] - [rank: 0]   Hierarchy 2 shape: torch.Size([32, 6, 150])
[2025-10-29 17:14:17,457][src.models.modules.semantic_id.tiger_generation_model][WARNING] - [rank: 0]   Hierarchy 3 shape: torch.Size([32, 6, 150])
[2025-10-29 17:14:17,509][src.models.modules.semantic_id.tiger_generation_model][INFO] - [rank: 0] Saved decoder self-attention to ./attention_weights/decoder_self_attention_batch_231.pt
[2025-10-29 17:14:17,509][src.models.modules.semantic_id.tiger_generation_model][INFO] - [rank: 0] Saved encoder attention to ./attention_weights/encoder_attention_batch_231.pt
[2025-10-29 17:14:17,509][src.models.modules.semantic_id.tiger_generation_model][INFO] - [rank: 0] Saved cross attention to ./attention_weights/cross_attention_batch_231.pt
[2025-10-29 17:14:17,769][src.models.modules.semantic_id.tiger_generation_model][WARNING] - [rank: 0] Failed to stack cross attentions: stack expects each tensor to be equal size, but got [32, 6, 150] at entry 0 and [32, 6, 2, 150] at entry 1
[2025-10-29 17:14:17,770][src.models.modules.semantic_id.tiger_generation_model][WARNING] - [rank: 0]   Hierarchy 0 shape: torch.Size([32, 6, 150])
[2025-10-29 17:14:17,770][src.models.modules.semantic_id.tiger_generation_model][WARNING] - [rank: 0]   Hierarchy 1 shape: torch.Size([32, 6, 2, 150])
[2025-10-29 17:14:17,770][src.models.modules.semantic_id.tiger_generation_model][WARNING] - [rank: 0]   Hierarchy 2 shape: torch.Size([32, 6, 150])
[2025-10-29 17:14:17,770][src.models.modules.semantic_id.tiger_generation_model][WARNING] - [rank: 0]   Hierarchy 3 shape: torch.Size([32, 6, 150])
[2025-10-29 17:14:17,823][src.models.modules.semantic_id.tiger_generation_model][INFO] - [rank: 0] Saved decoder self-attention to ./attention_weights/decoder_self_attention_batch_232.pt
[2025-10-29 17:14:17,823][src.models.modules.semantic_id.tiger_generation_model][INFO] - [rank: 0] Saved encoder attention to ./attention_weights/encoder_attention_batch_232.pt
[2025-10-29 17:14:17,823][src.models.modules.semantic_id.tiger_generation_model][INFO] - [rank: 0] Saved cross attention to ./attention_weights/cross_attention_batch_232.pt
[2025-10-29 17:14:18,097][src.models.modules.semantic_id.tiger_generation_model][WARNING] - [rank: 0] Failed to stack cross attentions: stack expects each tensor to be equal size, but got [32, 6, 150] at entry 0 and [32, 6, 2, 150] at entry 1
[2025-10-29 17:14:18,097][src.models.modules.semantic_id.tiger_generation_model][WARNING] - [rank: 0]   Hierarchy 0 shape: torch.Size([32, 6, 150])
[2025-10-29 17:14:18,098][src.models.modules.semantic_id.tiger_generation_model][WARNING] - [rank: 0]   Hierarchy 1 shape: torch.Size([32, 6, 2, 150])
[2025-10-29 17:14:18,098][src.models.modules.semantic_id.tiger_generation_model][WARNING] - [rank: 0]   Hierarchy 2 shape: torch.Size([32, 6, 150])
[2025-10-29 17:14:18,098][src.models.modules.semantic_id.tiger_generation_model][WARNING] - [rank: 0]   Hierarchy 3 shape: torch.Size([32, 6, 150])
[2025-10-29 17:14:18,153][src.models.modules.semantic_id.tiger_generation_model][INFO] - [rank: 0] Saved decoder self-attention to ./attention_weights/decoder_self_attention_batch_233.pt
[2025-10-29 17:14:18,153][src.models.modules.semantic_id.tiger_generation_model][INFO] - [rank: 0] Saved encoder attention to ./attention_weights/encoder_attention_batch_233.pt
[2025-10-29 17:14:18,153][src.models.modules.semantic_id.tiger_generation_model][INFO] - [rank: 0] Saved cross attention to ./attention_weights/cross_attention_batch_233.pt
[2025-10-29 17:14:18,396][src.models.modules.semantic_id.tiger_generation_model][WARNING] - [rank: 0] Failed to stack cross attentions: stack expects each tensor to be equal size, but got [32, 6, 150] at entry 0 and [32, 6, 2, 150] at entry 1
[2025-10-29 17:14:18,396][src.models.modules.semantic_id.tiger_generation_model][WARNING] - [rank: 0]   Hierarchy 0 shape: torch.Size([32, 6, 150])
[2025-10-29 17:14:18,396][src.models.modules.semantic_id.tiger_generation_model][WARNING] - [rank: 0]   Hierarchy 1 shape: torch.Size([32, 6, 2, 150])
[2025-10-29 17:14:18,397][src.models.modules.semantic_id.tiger_generation_model][WARNING] - [rank: 0]   Hierarchy 2 shape: torch.Size([32, 6, 150])
[2025-10-29 17:14:18,397][src.models.modules.semantic_id.tiger_generation_model][WARNING] - [rank: 0]   Hierarchy 3 shape: torch.Size([32, 6, 150])
[2025-10-29 17:14:18,452][src.models.modules.semantic_id.tiger_generation_model][INFO] - [rank: 0] Saved decoder self-attention to ./attention_weights/decoder_self_attention_batch_234.pt
[2025-10-29 17:14:18,452][src.models.modules.semantic_id.tiger_generation_model][INFO] - [rank: 0] Saved encoder attention to ./attention_weights/encoder_attention_batch_234.pt
[2025-10-29 17:14:18,452][src.models.modules.semantic_id.tiger_generation_model][INFO] - [rank: 0] Saved cross attention to ./attention_weights/cross_attention_batch_234.pt
[2025-10-29 17:14:18,705][src.models.modules.semantic_id.tiger_generation_model][WARNING] - [rank: 0] Failed to stack cross attentions: stack expects each tensor to be equal size, but got [32, 6, 150] at entry 0 and [32, 6, 2, 150] at entry 1
[2025-10-29 17:14:18,706][src.models.modules.semantic_id.tiger_generation_model][WARNING] - [rank: 0]   Hierarchy 0 shape: torch.Size([32, 6, 150])
[2025-10-29 17:14:18,706][src.models.modules.semantic_id.tiger_generation_model][WARNING] - [rank: 0]   Hierarchy 1 shape: torch.Size([32, 6, 2, 150])
[2025-10-29 17:14:18,706][src.models.modules.semantic_id.tiger_generation_model][WARNING] - [rank: 0]   Hierarchy 2 shape: torch.Size([32, 6, 150])
[2025-10-29 17:14:18,706][src.models.modules.semantic_id.tiger_generation_model][WARNING] - [rank: 0]   Hierarchy 3 shape: torch.Size([32, 6, 150])
[2025-10-29 17:14:18,759][src.models.modules.semantic_id.tiger_generation_model][INFO] - [rank: 0] Saved decoder self-attention to ./attention_weights/decoder_self_attention_batch_235.pt
[2025-10-29 17:14:18,759][src.models.modules.semantic_id.tiger_generation_model][INFO] - [rank: 0] Saved encoder attention to ./attention_weights/encoder_attention_batch_235.pt
[2025-10-29 17:14:18,759][src.models.modules.semantic_id.tiger_generation_model][INFO] - [rank: 0] Saved cross attention to ./attention_weights/cross_attention_batch_235.pt
[2025-10-29 17:14:19,055][src.models.modules.semantic_id.tiger_generation_model][WARNING] - [rank: 0] Failed to stack cross attentions: stack expects each tensor to be equal size, but got [32, 6, 150] at entry 0 and [32, 6, 2, 150] at entry 1
[2025-10-29 17:14:19,056][src.models.modules.semantic_id.tiger_generation_model][WARNING] - [rank: 0]   Hierarchy 0 shape: torch.Size([32, 6, 150])
[2025-10-29 17:14:19,056][src.models.modules.semantic_id.tiger_generation_model][WARNING] - [rank: 0]   Hierarchy 1 shape: torch.Size([32, 6, 2, 150])
[2025-10-29 17:14:19,056][src.models.modules.semantic_id.tiger_generation_model][WARNING] - [rank: 0]   Hierarchy 2 shape: torch.Size([32, 6, 150])
[2025-10-29 17:14:19,056][src.models.modules.semantic_id.tiger_generation_model][WARNING] - [rank: 0]   Hierarchy 3 shape: torch.Size([32, 6, 150])
[2025-10-29 17:14:19,112][src.models.modules.semantic_id.tiger_generation_model][INFO] - [rank: 0] Saved decoder self-attention to ./attention_weights/decoder_self_attention_batch_236.pt
[2025-10-29 17:14:19,112][src.models.modules.semantic_id.tiger_generation_model][INFO] - [rank: 0] Saved encoder attention to ./attention_weights/encoder_attention_batch_236.pt
[2025-10-29 17:14:19,113][src.models.modules.semantic_id.tiger_generation_model][INFO] - [rank: 0] Saved cross attention to ./attention_weights/cross_attention_batch_236.pt
[2025-10-29 17:14:19,404][src.models.modules.semantic_id.tiger_generation_model][WARNING] - [rank: 0] Failed to stack cross attentions: stack expects each tensor to be equal size, but got [32, 6, 150] at entry 0 and [32, 6, 2, 150] at entry 1
[2025-10-29 17:14:19,404][src.models.modules.semantic_id.tiger_generation_model][WARNING] - [rank: 0]   Hierarchy 0 shape: torch.Size([32, 6, 150])
[2025-10-29 17:14:19,404][src.models.modules.semantic_id.tiger_generation_model][WARNING] - [rank: 0]   Hierarchy 1 shape: torch.Size([32, 6, 2, 150])
[2025-10-29 17:14:19,404][src.models.modules.semantic_id.tiger_generation_model][WARNING] - [rank: 0]   Hierarchy 2 shape: torch.Size([32, 6, 150])
[2025-10-29 17:14:19,404][src.models.modules.semantic_id.tiger_generation_model][WARNING] - [rank: 0]   Hierarchy 3 shape: torch.Size([32, 6, 150])
[2025-10-29 17:14:19,462][src.models.modules.semantic_id.tiger_generation_model][INFO] - [rank: 0] Saved decoder self-attention to ./attention_weights/decoder_self_attention_batch_237.pt
[2025-10-29 17:14:19,463][src.models.modules.semantic_id.tiger_generation_model][INFO] - [rank: 0] Saved encoder attention to ./attention_weights/encoder_attention_batch_237.pt
[2025-10-29 17:14:19,463][src.models.modules.semantic_id.tiger_generation_model][INFO] - [rank: 0] Saved cross attention to ./attention_weights/cross_attention_batch_237.pt
[2025-10-29 17:14:19,738][src.models.modules.semantic_id.tiger_generation_model][WARNING] - [rank: 0] Failed to stack cross attentions: stack expects each tensor to be equal size, but got [32, 6, 150] at entry 0 and [32, 6, 2, 150] at entry 1
[2025-10-29 17:14:19,738][src.models.modules.semantic_id.tiger_generation_model][WARNING] - [rank: 0]   Hierarchy 0 shape: torch.Size([32, 6, 150])
[2025-10-29 17:14:19,738][src.models.modules.semantic_id.tiger_generation_model][WARNING] - [rank: 0]   Hierarchy 1 shape: torch.Size([32, 6, 2, 150])
[2025-10-29 17:14:19,738][src.models.modules.semantic_id.tiger_generation_model][WARNING] - [rank: 0]   Hierarchy 2 shape: torch.Size([32, 6, 150])
[2025-10-29 17:14:19,738][src.models.modules.semantic_id.tiger_generation_model][WARNING] - [rank: 0]   Hierarchy 3 shape: torch.Size([32, 6, 150])
[2025-10-29 17:14:19,795][src.models.modules.semantic_id.tiger_generation_model][INFO] - [rank: 0] Saved decoder self-attention to ./attention_weights/decoder_self_attention_batch_238.pt
[2025-10-29 17:14:19,795][src.models.modules.semantic_id.tiger_generation_model][INFO] - [rank: 0] Saved encoder attention to ./attention_weights/encoder_attention_batch_238.pt
[2025-10-29 17:14:19,795][src.models.modules.semantic_id.tiger_generation_model][INFO] - [rank: 0] Saved cross attention to ./attention_weights/cross_attention_batch_238.pt
[2025-10-29 17:14:20,066][src.models.modules.semantic_id.tiger_generation_model][WARNING] - [rank: 0] Failed to stack cross attentions: stack expects each tensor to be equal size, but got [32, 6, 150] at entry 0 and [32, 6, 2, 150] at entry 1
[2025-10-29 17:14:20,067][src.models.modules.semantic_id.tiger_generation_model][WARNING] - [rank: 0]   Hierarchy 0 shape: torch.Size([32, 6, 150])
[2025-10-29 17:14:20,067][src.models.modules.semantic_id.tiger_generation_model][WARNING] - [rank: 0]   Hierarchy 1 shape: torch.Size([32, 6, 2, 150])
[2025-10-29 17:14:20,067][src.models.modules.semantic_id.tiger_generation_model][WARNING] - [rank: 0]   Hierarchy 2 shape: torch.Size([32, 6, 150])
[2025-10-29 17:14:20,067][src.models.modules.semantic_id.tiger_generation_model][WARNING] - [rank: 0]   Hierarchy 3 shape: torch.Size([32, 6, 150])
[2025-10-29 17:14:20,121][src.models.modules.semantic_id.tiger_generation_model][INFO] - [rank: 0] Saved decoder self-attention to ./attention_weights/decoder_self_attention_batch_239.pt
[2025-10-29 17:14:20,121][src.models.modules.semantic_id.tiger_generation_model][INFO] - [rank: 0] Saved encoder attention to ./attention_weights/encoder_attention_batch_239.pt
[2025-10-29 17:14:20,121][src.models.modules.semantic_id.tiger_generation_model][INFO] - [rank: 0] Saved cross attention to ./attention_weights/cross_attention_batch_239.pt
[2025-10-29 17:14:20,386][src.models.modules.semantic_id.tiger_generation_model][WARNING] - [rank: 0] Failed to stack cross attentions: stack expects each tensor to be equal size, but got [32, 6, 150] at entry 0 and [32, 6, 2, 150] at entry 1
[2025-10-29 17:14:20,386][src.models.modules.semantic_id.tiger_generation_model][WARNING] - [rank: 0]   Hierarchy 0 shape: torch.Size([32, 6, 150])
[2025-10-29 17:14:20,386][src.models.modules.semantic_id.tiger_generation_model][WARNING] - [rank: 0]   Hierarchy 1 shape: torch.Size([32, 6, 2, 150])
[2025-10-29 17:14:20,386][src.models.modules.semantic_id.tiger_generation_model][WARNING] - [rank: 0]   Hierarchy 2 shape: torch.Size([32, 6, 150])
[2025-10-29 17:14:20,386][src.models.modules.semantic_id.tiger_generation_model][WARNING] - [rank: 0]   Hierarchy 3 shape: torch.Size([32, 6, 150])
[2025-10-29 17:14:20,441][src.models.modules.semantic_id.tiger_generation_model][INFO] - [rank: 0] Saved decoder self-attention to ./attention_weights/decoder_self_attention_batch_240.pt
[2025-10-29 17:14:20,441][src.models.modules.semantic_id.tiger_generation_model][INFO] - [rank: 0] Saved encoder attention to ./attention_weights/encoder_attention_batch_240.pt
[2025-10-29 17:14:20,442][src.models.modules.semantic_id.tiger_generation_model][INFO] - [rank: 0] Saved cross attention to ./attention_weights/cross_attention_batch_240.pt
[2025-10-29 17:14:20,704][src.models.modules.semantic_id.tiger_generation_model][WARNING] - [rank: 0] Failed to stack cross attentions: stack expects each tensor to be equal size, but got [32, 6, 150] at entry 0 and [32, 6, 2, 150] at entry 1
[2025-10-29 17:14:20,704][src.models.modules.semantic_id.tiger_generation_model][WARNING] - [rank: 0]   Hierarchy 0 shape: torch.Size([32, 6, 150])
[2025-10-29 17:14:20,704][src.models.modules.semantic_id.tiger_generation_model][WARNING] - [rank: 0]   Hierarchy 1 shape: torch.Size([32, 6, 2, 150])
[2025-10-29 17:14:20,704][src.models.modules.semantic_id.tiger_generation_model][WARNING] - [rank: 0]   Hierarchy 2 shape: torch.Size([32, 6, 150])
[2025-10-29 17:14:20,704][src.models.modules.semantic_id.tiger_generation_model][WARNING] - [rank: 0]   Hierarchy 3 shape: torch.Size([32, 6, 150])
[2025-10-29 17:14:20,758][src.models.modules.semantic_id.tiger_generation_model][INFO] - [rank: 0] Saved decoder self-attention to ./attention_weights/decoder_self_attention_batch_241.pt
[2025-10-29 17:14:20,759][src.models.modules.semantic_id.tiger_generation_model][INFO] - [rank: 0] Saved encoder attention to ./attention_weights/encoder_attention_batch_241.pt
[2025-10-29 17:14:20,759][src.models.modules.semantic_id.tiger_generation_model][INFO] - [rank: 0] Saved cross attention to ./attention_weights/cross_attention_batch_241.pt
[2025-10-29 17:14:21,020][src.models.modules.semantic_id.tiger_generation_model][WARNING] - [rank: 0] Failed to stack cross attentions: stack expects each tensor to be equal size, but got [32, 6, 150] at entry 0 and [32, 6, 2, 150] at entry 1
[2025-10-29 17:14:21,020][src.models.modules.semantic_id.tiger_generation_model][WARNING] - [rank: 0]   Hierarchy 0 shape: torch.Size([32, 6, 150])
[2025-10-29 17:14:21,020][src.models.modules.semantic_id.tiger_generation_model][WARNING] - [rank: 0]   Hierarchy 1 shape: torch.Size([32, 6, 2, 150])
[2025-10-29 17:14:21,020][src.models.modules.semantic_id.tiger_generation_model][WARNING] - [rank: 0]   Hierarchy 2 shape: torch.Size([32, 6, 150])
[2025-10-29 17:14:21,020][src.models.modules.semantic_id.tiger_generation_model][WARNING] - [rank: 0]   Hierarchy 3 shape: torch.Size([32, 6, 150])
[2025-10-29 17:14:21,076][src.models.modules.semantic_id.tiger_generation_model][INFO] - [rank: 0] Saved decoder self-attention to ./attention_weights/decoder_self_attention_batch_242.pt
[2025-10-29 17:14:21,077][src.models.modules.semantic_id.tiger_generation_model][INFO] - [rank: 0] Saved encoder attention to ./attention_weights/encoder_attention_batch_242.pt
[2025-10-29 17:14:21,077][src.models.modules.semantic_id.tiger_generation_model][INFO] - [rank: 0] Saved cross attention to ./attention_weights/cross_attention_batch_242.pt
[2025-10-29 17:14:21,351][src.models.modules.semantic_id.tiger_generation_model][WARNING] - [rank: 0] Failed to stack cross attentions: stack expects each tensor to be equal size, but got [32, 6, 150] at entry 0 and [32, 6, 2, 150] at entry 1
[2025-10-29 17:14:21,352][src.models.modules.semantic_id.tiger_generation_model][WARNING] - [rank: 0]   Hierarchy 0 shape: torch.Size([32, 6, 150])
[2025-10-29 17:14:21,352][src.models.modules.semantic_id.tiger_generation_model][WARNING] - [rank: 0]   Hierarchy 1 shape: torch.Size([32, 6, 2, 150])
[2025-10-29 17:14:21,352][src.models.modules.semantic_id.tiger_generation_model][WARNING] - [rank: 0]   Hierarchy 2 shape: torch.Size([32, 6, 150])
[2025-10-29 17:14:21,352][src.models.modules.semantic_id.tiger_generation_model][WARNING] - [rank: 0]   Hierarchy 3 shape: torch.Size([32, 6, 150])
[2025-10-29 17:14:21,416][src.models.modules.semantic_id.tiger_generation_model][INFO] - [rank: 0] Saved decoder self-attention to ./attention_weights/decoder_self_attention_batch_243.pt
[2025-10-29 17:14:21,416][src.models.modules.semantic_id.tiger_generation_model][INFO] - [rank: 0] Saved encoder attention to ./attention_weights/encoder_attention_batch_243.pt
[2025-10-29 17:14:21,416][src.models.modules.semantic_id.tiger_generation_model][INFO] - [rank: 0] Saved cross attention to ./attention_weights/cross_attention_batch_243.pt
[2025-10-29 17:14:21,720][src.models.modules.semantic_id.tiger_generation_model][WARNING] - [rank: 0] Failed to stack cross attentions: stack expects each tensor to be equal size, but got [32, 6, 150] at entry 0 and [32, 6, 2, 150] at entry 1
[2025-10-29 17:14:21,720][src.models.modules.semantic_id.tiger_generation_model][WARNING] - [rank: 0]   Hierarchy 0 shape: torch.Size([32, 6, 150])
[2025-10-29 17:14:21,720][src.models.modules.semantic_id.tiger_generation_model][WARNING] - [rank: 0]   Hierarchy 1 shape: torch.Size([32, 6, 2, 150])
[2025-10-29 17:14:21,720][src.models.modules.semantic_id.tiger_generation_model][WARNING] - [rank: 0]   Hierarchy 2 shape: torch.Size([32, 6, 150])
[2025-10-29 17:14:21,720][src.models.modules.semantic_id.tiger_generation_model][WARNING] - [rank: 0]   Hierarchy 3 shape: torch.Size([32, 6, 150])
[2025-10-29 17:14:21,780][src.models.modules.semantic_id.tiger_generation_model][INFO] - [rank: 0] Saved decoder self-attention to ./attention_weights/decoder_self_attention_batch_244.pt
[2025-10-29 17:14:21,780][src.models.modules.semantic_id.tiger_generation_model][INFO] - [rank: 0] Saved encoder attention to ./attention_weights/encoder_attention_batch_244.pt
[2025-10-29 17:14:21,780][src.models.modules.semantic_id.tiger_generation_model][INFO] - [rank: 0] Saved cross attention to ./attention_weights/cross_attention_batch_244.pt
[2025-10-29 17:14:22,059][src.models.modules.semantic_id.tiger_generation_model][WARNING] - [rank: 0] Failed to stack cross attentions: stack expects each tensor to be equal size, but got [32, 6, 150] at entry 0 and [32, 6, 2, 150] at entry 1
[2025-10-29 17:14:22,060][src.models.modules.semantic_id.tiger_generation_model][WARNING] - [rank: 0]   Hierarchy 0 shape: torch.Size([32, 6, 150])
[2025-10-29 17:14:22,060][src.models.modules.semantic_id.tiger_generation_model][WARNING] - [rank: 0]   Hierarchy 1 shape: torch.Size([32, 6, 2, 150])
[2025-10-29 17:14:22,060][src.models.modules.semantic_id.tiger_generation_model][WARNING] - [rank: 0]   Hierarchy 2 shape: torch.Size([32, 6, 150])
[2025-10-29 17:14:22,060][src.models.modules.semantic_id.tiger_generation_model][WARNING] - [rank: 0]   Hierarchy 3 shape: torch.Size([32, 6, 150])
[2025-10-29 17:14:22,120][src.models.modules.semantic_id.tiger_generation_model][INFO] - [rank: 0] Saved decoder self-attention to ./attention_weights/decoder_self_attention_batch_245.pt
[2025-10-29 17:14:22,120][src.models.modules.semantic_id.tiger_generation_model][INFO] - [rank: 0] Saved encoder attention to ./attention_weights/encoder_attention_batch_245.pt
[2025-10-29 17:14:22,120][src.models.modules.semantic_id.tiger_generation_model][INFO] - [rank: 0] Saved cross attention to ./attention_weights/cross_attention_batch_245.pt
[2025-10-29 17:14:22,391][src.models.modules.semantic_id.tiger_generation_model][WARNING] - [rank: 0] Failed to stack cross attentions: stack expects each tensor to be equal size, but got [32, 6, 150] at entry 0 and [32, 6, 2, 150] at entry 1
[2025-10-29 17:14:22,391][src.models.modules.semantic_id.tiger_generation_model][WARNING] - [rank: 0]   Hierarchy 0 shape: torch.Size([32, 6, 150])
[2025-10-29 17:14:22,391][src.models.modules.semantic_id.tiger_generation_model][WARNING] - [rank: 0]   Hierarchy 1 shape: torch.Size([32, 6, 2, 150])
[2025-10-29 17:14:22,391][src.models.modules.semantic_id.tiger_generation_model][WARNING] - [rank: 0]   Hierarchy 2 shape: torch.Size([32, 6, 150])
[2025-10-29 17:14:22,391][src.models.modules.semantic_id.tiger_generation_model][WARNING] - [rank: 0]   Hierarchy 3 shape: torch.Size([32, 6, 150])
[2025-10-29 17:14:22,444][src.models.modules.semantic_id.tiger_generation_model][INFO] - [rank: 0] Saved decoder self-attention to ./attention_weights/decoder_self_attention_batch_246.pt
[2025-10-29 17:14:22,445][src.models.modules.semantic_id.tiger_generation_model][INFO] - [rank: 0] Saved encoder attention to ./attention_weights/encoder_attention_batch_246.pt
[2025-10-29 17:14:22,445][src.models.modules.semantic_id.tiger_generation_model][INFO] - [rank: 0] Saved cross attention to ./attention_weights/cross_attention_batch_246.pt
[2025-10-29 17:14:22,708][src.models.modules.semantic_id.tiger_generation_model][WARNING] - [rank: 0] Failed to stack cross attentions: stack expects each tensor to be equal size, but got [32, 6, 150] at entry 0 and [32, 6, 2, 150] at entry 1
[2025-10-29 17:14:22,708][src.models.modules.semantic_id.tiger_generation_model][WARNING] - [rank: 0]   Hierarchy 0 shape: torch.Size([32, 6, 150])
[2025-10-29 17:14:22,709][src.models.modules.semantic_id.tiger_generation_model][WARNING] - [rank: 0]   Hierarchy 1 shape: torch.Size([32, 6, 2, 150])
[2025-10-29 17:14:22,709][src.models.modules.semantic_id.tiger_generation_model][WARNING] - [rank: 0]   Hierarchy 2 shape: torch.Size([32, 6, 150])
[2025-10-29 17:14:22,709][src.models.modules.semantic_id.tiger_generation_model][WARNING] - [rank: 0]   Hierarchy 3 shape: torch.Size([32, 6, 150])
[2025-10-29 17:14:22,764][src.models.modules.semantic_id.tiger_generation_model][INFO] - [rank: 0] Saved decoder self-attention to ./attention_weights/decoder_self_attention_batch_247.pt
[2025-10-29 17:14:22,764][src.models.modules.semantic_id.tiger_generation_model][INFO] - [rank: 0] Saved encoder attention to ./attention_weights/encoder_attention_batch_247.pt
[2025-10-29 17:14:22,764][src.models.modules.semantic_id.tiger_generation_model][INFO] - [rank: 0] Saved cross attention to ./attention_weights/cross_attention_batch_247.pt
[2025-10-29 17:14:23,033][src.models.modules.semantic_id.tiger_generation_model][WARNING] - [rank: 0] Failed to stack cross attentions: stack expects each tensor to be equal size, but got [32, 6, 150] at entry 0 and [32, 6, 2, 150] at entry 1
[2025-10-29 17:14:23,033][src.models.modules.semantic_id.tiger_generation_model][WARNING] - [rank: 0]   Hierarchy 0 shape: torch.Size([32, 6, 150])
[2025-10-29 17:14:23,033][src.models.modules.semantic_id.tiger_generation_model][WARNING] - [rank: 0]   Hierarchy 1 shape: torch.Size([32, 6, 2, 150])
[2025-10-29 17:14:23,033][src.models.modules.semantic_id.tiger_generation_model][WARNING] - [rank: 0]   Hierarchy 2 shape: torch.Size([32, 6, 150])
[2025-10-29 17:14:23,033][src.models.modules.semantic_id.tiger_generation_model][WARNING] - [rank: 0]   Hierarchy 3 shape: torch.Size([32, 6, 150])
[2025-10-29 17:14:23,089][src.models.modules.semantic_id.tiger_generation_model][INFO] - [rank: 0] Saved decoder self-attention to ./attention_weights/decoder_self_attention_batch_248.pt
[2025-10-29 17:14:23,092][src.models.modules.semantic_id.tiger_generation_model][INFO] - [rank: 0] Saved encoder attention to ./attention_weights/encoder_attention_batch_248.pt
[2025-10-29 17:14:23,092][src.models.modules.semantic_id.tiger_generation_model][INFO] - [rank: 0] Saved cross attention to ./attention_weights/cross_attention_batch_248.pt
[2025-10-29 17:14:23,368][src.models.modules.semantic_id.tiger_generation_model][WARNING] - [rank: 0] Failed to stack cross attentions: stack expects each tensor to be equal size, but got [32, 6, 150] at entry 0 and [32, 6, 2, 150] at entry 1
[2025-10-29 17:14:23,368][src.models.modules.semantic_id.tiger_generation_model][WARNING] - [rank: 0]   Hierarchy 0 shape: torch.Size([32, 6, 150])
[2025-10-29 17:14:23,369][src.models.modules.semantic_id.tiger_generation_model][WARNING] - [rank: 0]   Hierarchy 1 shape: torch.Size([32, 6, 2, 150])
[2025-10-29 17:14:23,369][src.models.modules.semantic_id.tiger_generation_model][WARNING] - [rank: 0]   Hierarchy 2 shape: torch.Size([32, 6, 150])
[2025-10-29 17:14:23,369][src.models.modules.semantic_id.tiger_generation_model][WARNING] - [rank: 0]   Hierarchy 3 shape: torch.Size([32, 6, 150])
[2025-10-29 17:14:23,424][src.models.modules.semantic_id.tiger_generation_model][INFO] - [rank: 0] Saved decoder self-attention to ./attention_weights/decoder_self_attention_batch_249.pt
[2025-10-29 17:14:23,424][src.models.modules.semantic_id.tiger_generation_model][INFO] - [rank: 0] Saved encoder attention to ./attention_weights/encoder_attention_batch_249.pt
[2025-10-29 17:14:23,424][src.models.modules.semantic_id.tiger_generation_model][INFO] - [rank: 0] Saved cross attention to ./attention_weights/cross_attention_batch_249.pt
[2025-10-29 17:14:23,680][src.models.modules.semantic_id.tiger_generation_model][WARNING] - [rank: 0] Failed to stack cross attentions: stack expects each tensor to be equal size, but got [32, 6, 150] at entry 0 and [32, 6, 2, 150] at entry 1
[2025-10-29 17:14:23,681][src.models.modules.semantic_id.tiger_generation_model][WARNING] - [rank: 0]   Hierarchy 0 shape: torch.Size([32, 6, 150])
[2025-10-29 17:14:23,681][src.models.modules.semantic_id.tiger_generation_model][WARNING] - [rank: 0]   Hierarchy 1 shape: torch.Size([32, 6, 2, 150])
[2025-10-29 17:14:23,681][src.models.modules.semantic_id.tiger_generation_model][WARNING] - [rank: 0]   Hierarchy 2 shape: torch.Size([32, 6, 150])
[2025-10-29 17:14:23,681][src.models.modules.semantic_id.tiger_generation_model][WARNING] - [rank: 0]   Hierarchy 3 shape: torch.Size([32, 6, 150])
[2025-10-29 17:14:23,735][src.models.modules.semantic_id.tiger_generation_model][INFO] - [rank: 0] Saved decoder self-attention to ./attention_weights/decoder_self_attention_batch_250.pt
[2025-10-29 17:14:23,735][src.models.modules.semantic_id.tiger_generation_model][INFO] - [rank: 0] Saved encoder attention to ./attention_weights/encoder_attention_batch_250.pt
[2025-10-29 17:14:23,735][src.models.modules.semantic_id.tiger_generation_model][INFO] - [rank: 0] Saved cross attention to ./attention_weights/cross_attention_batch_250.pt
[2025-10-29 17:14:24,011][src.models.modules.semantic_id.tiger_generation_model][WARNING] - [rank: 0] Failed to stack cross attentions: stack expects each tensor to be equal size, but got [32, 6, 150] at entry 0 and [32, 6, 2, 150] at entry 1
[2025-10-29 17:14:24,011][src.models.modules.semantic_id.tiger_generation_model][WARNING] - [rank: 0]   Hierarchy 0 shape: torch.Size([32, 6, 150])
[2025-10-29 17:14:24,011][src.models.modules.semantic_id.tiger_generation_model][WARNING] - [rank: 0]   Hierarchy 1 shape: torch.Size([32, 6, 2, 150])
[2025-10-29 17:14:24,012][src.models.modules.semantic_id.tiger_generation_model][WARNING] - [rank: 0]   Hierarchy 2 shape: torch.Size([32, 6, 150])
[2025-10-29 17:14:24,012][src.models.modules.semantic_id.tiger_generation_model][WARNING] - [rank: 0]   Hierarchy 3 shape: torch.Size([32, 6, 150])
[2025-10-29 17:14:24,079][src.models.modules.semantic_id.tiger_generation_model][INFO] - [rank: 0] Saved decoder self-attention to ./attention_weights/decoder_self_attention_batch_251.pt
[2025-10-29 17:14:24,079][src.models.modules.semantic_id.tiger_generation_model][INFO] - [rank: 0] Saved encoder attention to ./attention_weights/encoder_attention_batch_251.pt
[2025-10-29 17:14:24,079][src.models.modules.semantic_id.tiger_generation_model][INFO] - [rank: 0] Saved cross attention to ./attention_weights/cross_attention_batch_251.pt
[2025-10-29 17:14:24,325][src.models.modules.semantic_id.tiger_generation_model][WARNING] - [rank: 0] Failed to stack cross attentions: stack expects each tensor to be equal size, but got [32, 6, 150] at entry 0 and [32, 6, 2, 150] at entry 1
[2025-10-29 17:14:24,326][src.models.modules.semantic_id.tiger_generation_model][WARNING] - [rank: 0]   Hierarchy 0 shape: torch.Size([32, 6, 150])
[2025-10-29 17:14:24,326][src.models.modules.semantic_id.tiger_generation_model][WARNING] - [rank: 0]   Hierarchy 1 shape: torch.Size([32, 6, 2, 150])
[2025-10-29 17:14:24,326][src.models.modules.semantic_id.tiger_generation_model][WARNING] - [rank: 0]   Hierarchy 2 shape: torch.Size([32, 6, 150])
[2025-10-29 17:14:24,326][src.models.modules.semantic_id.tiger_generation_model][WARNING] - [rank: 0]   Hierarchy 3 shape: torch.Size([32, 6, 150])
[2025-10-29 17:14:24,388][src.models.modules.semantic_id.tiger_generation_model][INFO] - [rank: 0] Saved decoder self-attention to ./attention_weights/decoder_self_attention_batch_252.pt
[2025-10-29 17:14:24,388][src.models.modules.semantic_id.tiger_generation_model][INFO] - [rank: 0] Saved encoder attention to ./attention_weights/encoder_attention_batch_252.pt
[2025-10-29 17:14:24,389][src.models.modules.semantic_id.tiger_generation_model][INFO] - [rank: 0] Saved cross attention to ./attention_weights/cross_attention_batch_252.pt
[2025-10-29 17:14:24,682][src.models.modules.semantic_id.tiger_generation_model][WARNING] - [rank: 0] Failed to stack cross attentions: stack expects each tensor to be equal size, but got [32, 6, 150] at entry 0 and [32, 6, 2, 150] at entry 1
[2025-10-29 17:14:24,682][src.models.modules.semantic_id.tiger_generation_model][WARNING] - [rank: 0]   Hierarchy 0 shape: torch.Size([32, 6, 150])
[2025-10-29 17:14:24,682][src.models.modules.semantic_id.tiger_generation_model][WARNING] - [rank: 0]   Hierarchy 1 shape: torch.Size([32, 6, 2, 150])
[2025-10-29 17:14:24,682][src.models.modules.semantic_id.tiger_generation_model][WARNING] - [rank: 0]   Hierarchy 2 shape: torch.Size([32, 6, 150])
[2025-10-29 17:14:24,682][src.models.modules.semantic_id.tiger_generation_model][WARNING] - [rank: 0]   Hierarchy 3 shape: torch.Size([32, 6, 150])
[2025-10-29 17:14:24,735][src.models.modules.semantic_id.tiger_generation_model][INFO] - [rank: 0] Saved decoder self-attention to ./attention_weights/decoder_self_attention_batch_253.pt
[2025-10-29 17:14:24,735][src.models.modules.semantic_id.tiger_generation_model][INFO] - [rank: 0] Saved encoder attention to ./attention_weights/encoder_attention_batch_253.pt
[2025-10-29 17:14:24,735][src.models.modules.semantic_id.tiger_generation_model][INFO] - [rank: 0] Saved cross attention to ./attention_weights/cross_attention_batch_253.pt
[2025-10-29 17:14:24,990][src.models.modules.semantic_id.tiger_generation_model][WARNING] - [rank: 0] Failed to stack cross attentions: stack expects each tensor to be equal size, but got [32, 6, 150] at entry 0 and [32, 6, 2, 150] at entry 1
[2025-10-29 17:14:24,990][src.models.modules.semantic_id.tiger_generation_model][WARNING] - [rank: 0]   Hierarchy 0 shape: torch.Size([32, 6, 150])
[2025-10-29 17:14:24,990][src.models.modules.semantic_id.tiger_generation_model][WARNING] - [rank: 0]   Hierarchy 1 shape: torch.Size([32, 6, 2, 150])
[2025-10-29 17:14:24,990][src.models.modules.semantic_id.tiger_generation_model][WARNING] - [rank: 0]   Hierarchy 2 shape: torch.Size([32, 6, 150])
[2025-10-29 17:14:24,990][src.models.modules.semantic_id.tiger_generation_model][WARNING] - [rank: 0]   Hierarchy 3 shape: torch.Size([32, 6, 150])
[2025-10-29 17:14:25,046][src.models.modules.semantic_id.tiger_generation_model][INFO] - [rank: 0] Saved decoder self-attention to ./attention_weights/decoder_self_attention_batch_254.pt
[2025-10-29 17:14:25,047][src.models.modules.semantic_id.tiger_generation_model][INFO] - [rank: 0] Saved encoder attention to ./attention_weights/encoder_attention_batch_254.pt
[2025-10-29 17:14:25,047][src.models.modules.semantic_id.tiger_generation_model][INFO] - [rank: 0] Saved cross attention to ./attention_weights/cross_attention_batch_254.pt
[2025-10-29 17:14:25,287][src.models.modules.semantic_id.tiger_generation_model][WARNING] - [rank: 0] Failed to stack cross attentions: stack expects each tensor to be equal size, but got [32, 6, 150] at entry 0 and [32, 6, 2, 150] at entry 1
[2025-10-29 17:14:25,288][src.models.modules.semantic_id.tiger_generation_model][WARNING] - [rank: 0]   Hierarchy 0 shape: torch.Size([32, 6, 150])
[2025-10-29 17:14:25,288][src.models.modules.semantic_id.tiger_generation_model][WARNING] - [rank: 0]   Hierarchy 1 shape: torch.Size([32, 6, 2, 150])
[2025-10-29 17:14:25,288][src.models.modules.semantic_id.tiger_generation_model][WARNING] - [rank: 0]   Hierarchy 2 shape: torch.Size([32, 6, 150])
[2025-10-29 17:14:25,288][src.models.modules.semantic_id.tiger_generation_model][WARNING] - [rank: 0]   Hierarchy 3 shape: torch.Size([32, 6, 150])
[2025-10-29 17:14:25,339][src.models.modules.semantic_id.tiger_generation_model][INFO] - [rank: 0] Saved decoder self-attention to ./attention_weights/decoder_self_attention_batch_255.pt
[2025-10-29 17:14:25,340][src.models.modules.semantic_id.tiger_generation_model][INFO] - [rank: 0] Saved encoder attention to ./attention_weights/encoder_attention_batch_255.pt
[2025-10-29 17:14:25,340][src.models.modules.semantic_id.tiger_generation_model][INFO] - [rank: 0] Saved cross attention to ./attention_weights/cross_attention_batch_255.pt
[2025-10-29 17:14:25,584][src.models.modules.semantic_id.tiger_generation_model][WARNING] - [rank: 0] Failed to stack cross attentions: stack expects each tensor to be equal size, but got [32, 6, 150] at entry 0 and [32, 6, 2, 150] at entry 1
[2025-10-29 17:14:25,585][src.models.modules.semantic_id.tiger_generation_model][WARNING] - [rank: 0]   Hierarchy 0 shape: torch.Size([32, 6, 150])
[2025-10-29 17:14:25,585][src.models.modules.semantic_id.tiger_generation_model][WARNING] - [rank: 0]   Hierarchy 1 shape: torch.Size([32, 6, 2, 150])
[2025-10-29 17:14:25,585][src.models.modules.semantic_id.tiger_generation_model][WARNING] - [rank: 0]   Hierarchy 2 shape: torch.Size([32, 6, 150])
[2025-10-29 17:14:25,585][src.models.modules.semantic_id.tiger_generation_model][WARNING] - [rank: 0]   Hierarchy 3 shape: torch.Size([32, 6, 150])
[2025-10-29 17:14:25,644][src.models.modules.semantic_id.tiger_generation_model][INFO] - [rank: 0] Saved decoder self-attention to ./attention_weights/decoder_self_attention_batch_256.pt
[2025-10-29 17:14:25,644][src.models.modules.semantic_id.tiger_generation_model][INFO] - [rank: 0] Saved encoder attention to ./attention_weights/encoder_attention_batch_256.pt
[2025-10-29 17:14:25,645][src.models.modules.semantic_id.tiger_generation_model][INFO] - [rank: 0] Saved cross attention to ./attention_weights/cross_attention_batch_256.pt
[2025-10-29 17:14:25,907][src.models.modules.semantic_id.tiger_generation_model][WARNING] - [rank: 0] Failed to stack cross attentions: stack expects each tensor to be equal size, but got [32, 6, 150] at entry 0 and [32, 6, 2, 150] at entry 1
[2025-10-29 17:14:25,908][src.models.modules.semantic_id.tiger_generation_model][WARNING] - [rank: 0]   Hierarchy 0 shape: torch.Size([32, 6, 150])
[2025-10-29 17:14:25,908][src.models.modules.semantic_id.tiger_generation_model][WARNING] - [rank: 0]   Hierarchy 1 shape: torch.Size([32, 6, 2, 150])
[2025-10-29 17:14:25,908][src.models.modules.semantic_id.tiger_generation_model][WARNING] - [rank: 0]   Hierarchy 2 shape: torch.Size([32, 6, 150])
[2025-10-29 17:14:25,908][src.models.modules.semantic_id.tiger_generation_model][WARNING] - [rank: 0]   Hierarchy 3 shape: torch.Size([32, 6, 150])
[2025-10-29 17:14:25,968][src.models.modules.semantic_id.tiger_generation_model][INFO] - [rank: 0] Saved decoder self-attention to ./attention_weights/decoder_self_attention_batch_257.pt
[2025-10-29 17:14:25,968][src.models.modules.semantic_id.tiger_generation_model][INFO] - [rank: 0] Saved encoder attention to ./attention_weights/encoder_attention_batch_257.pt
[2025-10-29 17:14:25,968][src.models.modules.semantic_id.tiger_generation_model][INFO] - [rank: 0] Saved cross attention to ./attention_weights/cross_attention_batch_257.pt
[2025-10-29 17:14:26,244][src.models.modules.semantic_id.tiger_generation_model][WARNING] - [rank: 0] Failed to stack cross attentions: stack expects each tensor to be equal size, but got [32, 6, 150] at entry 0 and [32, 6, 2, 150] at entry 1
[2025-10-29 17:14:26,244][src.models.modules.semantic_id.tiger_generation_model][WARNING] - [rank: 0]   Hierarchy 0 shape: torch.Size([32, 6, 150])
[2025-10-29 17:14:26,244][src.models.modules.semantic_id.tiger_generation_model][WARNING] - [rank: 0]   Hierarchy 1 shape: torch.Size([32, 6, 2, 150])
[2025-10-29 17:14:26,244][src.models.modules.semantic_id.tiger_generation_model][WARNING] - [rank: 0]   Hierarchy 2 shape: torch.Size([32, 6, 150])
[2025-10-29 17:14:26,244][src.models.modules.semantic_id.tiger_generation_model][WARNING] - [rank: 0]   Hierarchy 3 shape: torch.Size([32, 6, 150])
[2025-10-29 17:14:26,303][src.models.modules.semantic_id.tiger_generation_model][INFO] - [rank: 0] Saved decoder self-attention to ./attention_weights/decoder_self_attention_batch_258.pt
[2025-10-29 17:14:26,303][src.models.modules.semantic_id.tiger_generation_model][INFO] - [rank: 0] Saved encoder attention to ./attention_weights/encoder_attention_batch_258.pt
[2025-10-29 17:14:26,303][src.models.modules.semantic_id.tiger_generation_model][INFO] - [rank: 0] Saved cross attention to ./attention_weights/cross_attention_batch_258.pt
[2025-10-29 17:14:26,547][src.models.modules.semantic_id.tiger_generation_model][WARNING] - [rank: 0] Failed to stack cross attentions: stack expects each tensor to be equal size, but got [32, 6, 150] at entry 0 and [32, 6, 2, 150] at entry 1
[2025-10-29 17:14:26,548][src.models.modules.semantic_id.tiger_generation_model][WARNING] - [rank: 0]   Hierarchy 0 shape: torch.Size([32, 6, 150])
[2025-10-29 17:14:26,548][src.models.modules.semantic_id.tiger_generation_model][WARNING] - [rank: 0]   Hierarchy 1 shape: torch.Size([32, 6, 2, 150])
[2025-10-29 17:14:26,548][src.models.modules.semantic_id.tiger_generation_model][WARNING] - [rank: 0]   Hierarchy 2 shape: torch.Size([32, 6, 150])
[2025-10-29 17:14:26,548][src.models.modules.semantic_id.tiger_generation_model][WARNING] - [rank: 0]   Hierarchy 3 shape: torch.Size([32, 6, 150])
[2025-10-29 17:14:26,603][src.models.modules.semantic_id.tiger_generation_model][INFO] - [rank: 0] Saved decoder self-attention to ./attention_weights/decoder_self_attention_batch_259.pt
[2025-10-29 17:14:26,603][src.models.modules.semantic_id.tiger_generation_model][INFO] - [rank: 0] Saved encoder attention to ./attention_weights/encoder_attention_batch_259.pt
[2025-10-29 17:14:26,603][src.models.modules.semantic_id.tiger_generation_model][INFO] - [rank: 0] Saved cross attention to ./attention_weights/cross_attention_batch_259.pt
[2025-10-29 17:14:26,876][src.models.modules.semantic_id.tiger_generation_model][WARNING] - [rank: 0] Failed to stack cross attentions: stack expects each tensor to be equal size, but got [32, 6, 150] at entry 0 and [32, 6, 2, 150] at entry 1
[2025-10-29 17:14:26,876][src.models.modules.semantic_id.tiger_generation_model][WARNING] - [rank: 0]   Hierarchy 0 shape: torch.Size([32, 6, 150])
[2025-10-29 17:14:26,876][src.models.modules.semantic_id.tiger_generation_model][WARNING] - [rank: 0]   Hierarchy 1 shape: torch.Size([32, 6, 2, 150])
[2025-10-29 17:14:26,876][src.models.modules.semantic_id.tiger_generation_model][WARNING] - [rank: 0]   Hierarchy 2 shape: torch.Size([32, 6, 150])
[2025-10-29 17:14:26,877][src.models.modules.semantic_id.tiger_generation_model][WARNING] - [rank: 0]   Hierarchy 3 shape: torch.Size([32, 6, 150])
[2025-10-29 17:14:26,935][src.models.modules.semantic_id.tiger_generation_model][INFO] - [rank: 0] Saved decoder self-attention to ./attention_weights/decoder_self_attention_batch_260.pt
[2025-10-29 17:14:26,935][src.models.modules.semantic_id.tiger_generation_model][INFO] - [rank: 0] Saved encoder attention to ./attention_weights/encoder_attention_batch_260.pt
[2025-10-29 17:14:26,935][src.models.modules.semantic_id.tiger_generation_model][INFO] - [rank: 0] Saved cross attention to ./attention_weights/cross_attention_batch_260.pt
[2025-10-29 17:14:27,217][src.models.modules.semantic_id.tiger_generation_model][WARNING] - [rank: 0] Failed to stack cross attentions: stack expects each tensor to be equal size, but got [32, 6, 150] at entry 0 and [32, 6, 2, 150] at entry 1
[2025-10-29 17:14:27,217][src.models.modules.semantic_id.tiger_generation_model][WARNING] - [rank: 0]   Hierarchy 0 shape: torch.Size([32, 6, 150])
[2025-10-29 17:14:27,217][src.models.modules.semantic_id.tiger_generation_model][WARNING] - [rank: 0]   Hierarchy 1 shape: torch.Size([32, 6, 2, 150])
[2025-10-29 17:14:27,218][src.models.modules.semantic_id.tiger_generation_model][WARNING] - [rank: 0]   Hierarchy 2 shape: torch.Size([32, 6, 150])
[2025-10-29 17:14:27,218][src.models.modules.semantic_id.tiger_generation_model][WARNING] - [rank: 0]   Hierarchy 3 shape: torch.Size([32, 6, 150])
[2025-10-29 17:14:27,277][src.models.modules.semantic_id.tiger_generation_model][INFO] - [rank: 0] Saved decoder self-attention to ./attention_weights/decoder_self_attention_batch_261.pt
[2025-10-29 17:14:27,278][src.models.modules.semantic_id.tiger_generation_model][INFO] - [rank: 0] Saved encoder attention to ./attention_weights/encoder_attention_batch_261.pt
[2025-10-29 17:14:27,278][src.models.modules.semantic_id.tiger_generation_model][INFO] - [rank: 0] Saved cross attention to ./attention_weights/cross_attention_batch_261.pt
[2025-10-29 17:14:27,537][src.models.modules.semantic_id.tiger_generation_model][WARNING] - [rank: 0] Failed to stack cross attentions: stack expects each tensor to be equal size, but got [32, 6, 150] at entry 0 and [32, 6, 2, 150] at entry 1
[2025-10-29 17:14:27,537][src.models.modules.semantic_id.tiger_generation_model][WARNING] - [rank: 0]   Hierarchy 0 shape: torch.Size([32, 6, 150])
[2025-10-29 17:14:27,538][src.models.modules.semantic_id.tiger_generation_model][WARNING] - [rank: 0]   Hierarchy 1 shape: torch.Size([32, 6, 2, 150])
[2025-10-29 17:14:27,538][src.models.modules.semantic_id.tiger_generation_model][WARNING] - [rank: 0]   Hierarchy 2 shape: torch.Size([32, 6, 150])
[2025-10-29 17:14:27,538][src.models.modules.semantic_id.tiger_generation_model][WARNING] - [rank: 0]   Hierarchy 3 shape: torch.Size([32, 6, 150])
[2025-10-29 17:14:27,589][src.models.modules.semantic_id.tiger_generation_model][INFO] - [rank: 0] Saved decoder self-attention to ./attention_weights/decoder_self_attention_batch_262.pt
[2025-10-29 17:14:27,590][src.models.modules.semantic_id.tiger_generation_model][INFO] - [rank: 0] Saved encoder attention to ./attention_weights/encoder_attention_batch_262.pt
[2025-10-29 17:14:27,590][src.models.modules.semantic_id.tiger_generation_model][INFO] - [rank: 0] Saved cross attention to ./attention_weights/cross_attention_batch_262.pt
[2025-10-29 17:14:27,850][src.models.modules.semantic_id.tiger_generation_model][WARNING] - [rank: 0] Failed to stack cross attentions: stack expects each tensor to be equal size, but got [32, 6, 150] at entry 0 and [32, 6, 2, 150] at entry 1
[2025-10-29 17:14:27,850][src.models.modules.semantic_id.tiger_generation_model][WARNING] - [rank: 0]   Hierarchy 0 shape: torch.Size([32, 6, 150])
[2025-10-29 17:14:27,850][src.models.modules.semantic_id.tiger_generation_model][WARNING] - [rank: 0]   Hierarchy 1 shape: torch.Size([32, 6, 2, 150])
[2025-10-29 17:14:27,850][src.models.modules.semantic_id.tiger_generation_model][WARNING] - [rank: 0]   Hierarchy 2 shape: torch.Size([32, 6, 150])
[2025-10-29 17:14:27,850][src.models.modules.semantic_id.tiger_generation_model][WARNING] - [rank: 0]   Hierarchy 3 shape: torch.Size([32, 6, 150])
[2025-10-29 17:14:27,903][src.models.modules.semantic_id.tiger_generation_model][INFO] - [rank: 0] Saved decoder self-attention to ./attention_weights/decoder_self_attention_batch_263.pt
[2025-10-29 17:14:27,903][src.models.modules.semantic_id.tiger_generation_model][INFO] - [rank: 0] Saved encoder attention to ./attention_weights/encoder_attention_batch_263.pt
[2025-10-29 17:14:27,903][src.models.modules.semantic_id.tiger_generation_model][INFO] - [rank: 0] Saved cross attention to ./attention_weights/cross_attention_batch_263.pt
[2025-10-29 17:14:28,167][src.models.modules.semantic_id.tiger_generation_model][WARNING] - [rank: 0] Failed to stack cross attentions: stack expects each tensor to be equal size, but got [32, 6, 150] at entry 0 and [32, 6, 2, 150] at entry 1
[2025-10-29 17:14:28,167][src.models.modules.semantic_id.tiger_generation_model][WARNING] - [rank: 0]   Hierarchy 0 shape: torch.Size([32, 6, 150])
[2025-10-29 17:14:28,167][src.models.modules.semantic_id.tiger_generation_model][WARNING] - [rank: 0]   Hierarchy 1 shape: torch.Size([32, 6, 2, 150])
[2025-10-29 17:14:28,167][src.models.modules.semantic_id.tiger_generation_model][WARNING] - [rank: 0]   Hierarchy 2 shape: torch.Size([32, 6, 150])
[2025-10-29 17:14:28,167][src.models.modules.semantic_id.tiger_generation_model][WARNING] - [rank: 0]   Hierarchy 3 shape: torch.Size([32, 6, 150])
[2025-10-29 17:14:28,221][src.models.modules.semantic_id.tiger_generation_model][INFO] - [rank: 0] Saved decoder self-attention to ./attention_weights/decoder_self_attention_batch_264.pt
[2025-10-29 17:14:28,221][src.models.modules.semantic_id.tiger_generation_model][INFO] - [rank: 0] Saved encoder attention to ./attention_weights/encoder_attention_batch_264.pt
[2025-10-29 17:14:28,221][src.models.modules.semantic_id.tiger_generation_model][INFO] - [rank: 0] Saved cross attention to ./attention_weights/cross_attention_batch_264.pt
[2025-10-29 17:14:28,464][src.models.modules.semantic_id.tiger_generation_model][WARNING] - [rank: 0] Failed to stack cross attentions: stack expects each tensor to be equal size, but got [32, 6, 150] at entry 0 and [32, 6, 2, 150] at entry 1
[2025-10-29 17:14:28,464][src.models.modules.semantic_id.tiger_generation_model][WARNING] - [rank: 0]   Hierarchy 0 shape: torch.Size([32, 6, 150])
[2025-10-29 17:14:28,464][src.models.modules.semantic_id.tiger_generation_model][WARNING] - [rank: 0]   Hierarchy 1 shape: torch.Size([32, 6, 2, 150])
[2025-10-29 17:14:28,464][src.models.modules.semantic_id.tiger_generation_model][WARNING] - [rank: 0]   Hierarchy 2 shape: torch.Size([32, 6, 150])
[2025-10-29 17:14:28,464][src.models.modules.semantic_id.tiger_generation_model][WARNING] - [rank: 0]   Hierarchy 3 shape: torch.Size([32, 6, 150])
[2025-10-29 17:14:28,520][src.models.modules.semantic_id.tiger_generation_model][INFO] - [rank: 0] Saved decoder self-attention to ./attention_weights/decoder_self_attention_batch_265.pt
[2025-10-29 17:14:28,520][src.models.modules.semantic_id.tiger_generation_model][INFO] - [rank: 0] Saved encoder attention to ./attention_weights/encoder_attention_batch_265.pt
[2025-10-29 17:14:28,521][src.models.modules.semantic_id.tiger_generation_model][INFO] - [rank: 0] Saved cross attention to ./attention_weights/cross_attention_batch_265.pt
[2025-10-29 17:14:28,759][src.models.modules.semantic_id.tiger_generation_model][WARNING] - [rank: 0] Failed to stack cross attentions: stack expects each tensor to be equal size, but got [32, 6, 150] at entry 0 and [32, 6, 2, 150] at entry 1
[2025-10-29 17:14:28,760][src.models.modules.semantic_id.tiger_generation_model][WARNING] - [rank: 0]   Hierarchy 0 shape: torch.Size([32, 6, 150])
[2025-10-29 17:14:28,760][src.models.modules.semantic_id.tiger_generation_model][WARNING] - [rank: 0]   Hierarchy 1 shape: torch.Size([32, 6, 2, 150])
[2025-10-29 17:14:28,760][src.models.modules.semantic_id.tiger_generation_model][WARNING] - [rank: 0]   Hierarchy 2 shape: torch.Size([32, 6, 150])
[2025-10-29 17:14:28,760][src.models.modules.semantic_id.tiger_generation_model][WARNING] - [rank: 0]   Hierarchy 3 shape: torch.Size([32, 6, 150])
[2025-10-29 17:14:28,816][src.models.modules.semantic_id.tiger_generation_model][INFO] - [rank: 0] Saved decoder self-attention to ./attention_weights/decoder_self_attention_batch_266.pt
[2025-10-29 17:14:28,816][src.models.modules.semantic_id.tiger_generation_model][INFO] - [rank: 0] Saved encoder attention to ./attention_weights/encoder_attention_batch_266.pt
[2025-10-29 17:14:28,816][src.models.modules.semantic_id.tiger_generation_model][INFO] - [rank: 0] Saved cross attention to ./attention_weights/cross_attention_batch_266.pt
[2025-10-29 17:14:29,060][src.models.modules.semantic_id.tiger_generation_model][WARNING] - [rank: 0] Failed to stack cross attentions: stack expects each tensor to be equal size, but got [32, 6, 150] at entry 0 and [32, 6, 2, 150] at entry 1
[2025-10-29 17:14:29,060][src.models.modules.semantic_id.tiger_generation_model][WARNING] - [rank: 0]   Hierarchy 0 shape: torch.Size([32, 6, 150])
[2025-10-29 17:14:29,060][src.models.modules.semantic_id.tiger_generation_model][WARNING] - [rank: 0]   Hierarchy 1 shape: torch.Size([32, 6, 2, 150])
[2025-10-29 17:14:29,060][src.models.modules.semantic_id.tiger_generation_model][WARNING] - [rank: 0]   Hierarchy 2 shape: torch.Size([32, 6, 150])
[2025-10-29 17:14:29,060][src.models.modules.semantic_id.tiger_generation_model][WARNING] - [rank: 0]   Hierarchy 3 shape: torch.Size([32, 6, 150])
[2025-10-29 17:14:29,114][src.models.modules.semantic_id.tiger_generation_model][INFO] - [rank: 0] Saved decoder self-attention to ./attention_weights/decoder_self_attention_batch_267.pt
[2025-10-29 17:14:29,114][src.models.modules.semantic_id.tiger_generation_model][INFO] - [rank: 0] Saved encoder attention to ./attention_weights/encoder_attention_batch_267.pt
[2025-10-29 17:14:29,114][src.models.modules.semantic_id.tiger_generation_model][INFO] - [rank: 0] Saved cross attention to ./attention_weights/cross_attention_batch_267.pt
[2025-10-29 17:14:29,393][src.models.modules.semantic_id.tiger_generation_model][WARNING] - [rank: 0] Failed to stack cross attentions: stack expects each tensor to be equal size, but got [32, 6, 150] at entry 0 and [32, 6, 2, 150] at entry 1
[2025-10-29 17:14:29,393][src.models.modules.semantic_id.tiger_generation_model][WARNING] - [rank: 0]   Hierarchy 0 shape: torch.Size([32, 6, 150])
[2025-10-29 17:14:29,393][src.models.modules.semantic_id.tiger_generation_model][WARNING] - [rank: 0]   Hierarchy 1 shape: torch.Size([32, 6, 2, 150])
[2025-10-29 17:14:29,393][src.models.modules.semantic_id.tiger_generation_model][WARNING] - [rank: 0]   Hierarchy 2 shape: torch.Size([32, 6, 150])
[2025-10-29 17:14:29,393][src.models.modules.semantic_id.tiger_generation_model][WARNING] - [rank: 0]   Hierarchy 3 shape: torch.Size([32, 6, 150])
[2025-10-29 17:14:29,447][src.models.modules.semantic_id.tiger_generation_model][INFO] - [rank: 0] Saved decoder self-attention to ./attention_weights/decoder_self_attention_batch_268.pt
[2025-10-29 17:14:29,447][src.models.modules.semantic_id.tiger_generation_model][INFO] - [rank: 0] Saved encoder attention to ./attention_weights/encoder_attention_batch_268.pt
[2025-10-29 17:14:29,447][src.models.modules.semantic_id.tiger_generation_model][INFO] - [rank: 0] Saved cross attention to ./attention_weights/cross_attention_batch_268.pt
[2025-10-29 17:14:29,693][src.models.modules.semantic_id.tiger_generation_model][WARNING] - [rank: 0] Failed to stack cross attentions: stack expects each tensor to be equal size, but got [32, 6, 150] at entry 0 and [32, 6, 2, 150] at entry 1
[2025-10-29 17:14:29,693][src.models.modules.semantic_id.tiger_generation_model][WARNING] - [rank: 0]   Hierarchy 0 shape: torch.Size([32, 6, 150])
[2025-10-29 17:14:29,693][src.models.modules.semantic_id.tiger_generation_model][WARNING] - [rank: 0]   Hierarchy 1 shape: torch.Size([32, 6, 2, 150])
[2025-10-29 17:14:29,693][src.models.modules.semantic_id.tiger_generation_model][WARNING] - [rank: 0]   Hierarchy 2 shape: torch.Size([32, 6, 150])
[2025-10-29 17:14:29,693][src.models.modules.semantic_id.tiger_generation_model][WARNING] - [rank: 0]   Hierarchy 3 shape: torch.Size([32, 6, 150])
[2025-10-29 17:14:29,752][src.models.modules.semantic_id.tiger_generation_model][INFO] - [rank: 0] Saved decoder self-attention to ./attention_weights/decoder_self_attention_batch_269.pt
[2025-10-29 17:14:29,752][src.models.modules.semantic_id.tiger_generation_model][INFO] - [rank: 0] Saved encoder attention to ./attention_weights/encoder_attention_batch_269.pt
[2025-10-29 17:14:29,752][src.models.modules.semantic_id.tiger_generation_model][INFO] - [rank: 0] Saved cross attention to ./attention_weights/cross_attention_batch_269.pt
[2025-10-29 17:14:30,053][src.models.modules.semantic_id.tiger_generation_model][WARNING] - [rank: 0] Failed to stack cross attentions: stack expects each tensor to be equal size, but got [32, 6, 150] at entry 0 and [32, 6, 2, 150] at entry 1
[2025-10-29 17:14:30,053][src.models.modules.semantic_id.tiger_generation_model][WARNING] - [rank: 0]   Hierarchy 0 shape: torch.Size([32, 6, 150])
[2025-10-29 17:14:30,053][src.models.modules.semantic_id.tiger_generation_model][WARNING] - [rank: 0]   Hierarchy 1 shape: torch.Size([32, 6, 2, 150])
[2025-10-29 17:14:30,053][src.models.modules.semantic_id.tiger_generation_model][WARNING] - [rank: 0]   Hierarchy 2 shape: torch.Size([32, 6, 150])
[2025-10-29 17:14:30,053][src.models.modules.semantic_id.tiger_generation_model][WARNING] - [rank: 0]   Hierarchy 3 shape: torch.Size([32, 6, 150])
[2025-10-29 17:14:30,109][src.models.modules.semantic_id.tiger_generation_model][INFO] - [rank: 0] Saved decoder self-attention to ./attention_weights/decoder_self_attention_batch_270.pt
[2025-10-29 17:14:30,109][src.models.modules.semantic_id.tiger_generation_model][INFO] - [rank: 0] Saved encoder attention to ./attention_weights/encoder_attention_batch_270.pt
[2025-10-29 17:14:30,109][src.models.modules.semantic_id.tiger_generation_model][INFO] - [rank: 0] Saved cross attention to ./attention_weights/cross_attention_batch_270.pt
[2025-10-29 17:14:30,424][src.models.modules.semantic_id.tiger_generation_model][WARNING] - [rank: 0] Failed to stack cross attentions: stack expects each tensor to be equal size, but got [32, 6, 150] at entry 0 and [32, 6, 2, 150] at entry 1
[2025-10-29 17:14:30,424][src.models.modules.semantic_id.tiger_generation_model][WARNING] - [rank: 0]   Hierarchy 0 shape: torch.Size([32, 6, 150])
[2025-10-29 17:14:30,424][src.models.modules.semantic_id.tiger_generation_model][WARNING] - [rank: 0]   Hierarchy 1 shape: torch.Size([32, 6, 2, 150])
[2025-10-29 17:14:30,425][src.models.modules.semantic_id.tiger_generation_model][WARNING] - [rank: 0]   Hierarchy 2 shape: torch.Size([32, 6, 150])
[2025-10-29 17:14:30,425][src.models.modules.semantic_id.tiger_generation_model][WARNING] - [rank: 0]   Hierarchy 3 shape: torch.Size([32, 6, 150])
[2025-10-29 17:14:30,479][src.models.modules.semantic_id.tiger_generation_model][INFO] - [rank: 0] Saved decoder self-attention to ./attention_weights/decoder_self_attention_batch_271.pt
[2025-10-29 17:14:30,479][src.models.modules.semantic_id.tiger_generation_model][INFO] - [rank: 0] Saved encoder attention to ./attention_weights/encoder_attention_batch_271.pt
[2025-10-29 17:14:30,479][src.models.modules.semantic_id.tiger_generation_model][INFO] - [rank: 0] Saved cross attention to ./attention_weights/cross_attention_batch_271.pt
[2025-10-29 17:14:30,729][src.models.modules.semantic_id.tiger_generation_model][WARNING] - [rank: 0] Failed to stack cross attentions: stack expects each tensor to be equal size, but got [32, 6, 150] at entry 0 and [32, 6, 2, 150] at entry 1
[2025-10-29 17:14:30,729][src.models.modules.semantic_id.tiger_generation_model][WARNING] - [rank: 0]   Hierarchy 0 shape: torch.Size([32, 6, 150])
[2025-10-29 17:14:30,729][src.models.modules.semantic_id.tiger_generation_model][WARNING] - [rank: 0]   Hierarchy 1 shape: torch.Size([32, 6, 2, 150])
[2025-10-29 17:14:30,729][src.models.modules.semantic_id.tiger_generation_model][WARNING] - [rank: 0]   Hierarchy 2 shape: torch.Size([32, 6, 150])
[2025-10-29 17:14:30,729][src.models.modules.semantic_id.tiger_generation_model][WARNING] - [rank: 0]   Hierarchy 3 shape: torch.Size([32, 6, 150])
[2025-10-29 17:14:30,783][src.models.modules.semantic_id.tiger_generation_model][INFO] - [rank: 0] Saved decoder self-attention to ./attention_weights/decoder_self_attention_batch_272.pt
[2025-10-29 17:14:30,784][src.models.modules.semantic_id.tiger_generation_model][INFO] - [rank: 0] Saved encoder attention to ./attention_weights/encoder_attention_batch_272.pt
[2025-10-29 17:14:30,784][src.models.modules.semantic_id.tiger_generation_model][INFO] - [rank: 0] Saved cross attention to ./attention_weights/cross_attention_batch_272.pt
[2025-10-29 17:14:31,045][src.models.modules.semantic_id.tiger_generation_model][WARNING] - [rank: 0] Failed to stack cross attentions: stack expects each tensor to be equal size, but got [32, 6, 150] at entry 0 and [32, 6, 2, 150] at entry 1
[2025-10-29 17:14:31,045][src.models.modules.semantic_id.tiger_generation_model][WARNING] - [rank: 0]   Hierarchy 0 shape: torch.Size([32, 6, 150])
[2025-10-29 17:14:31,045][src.models.modules.semantic_id.tiger_generation_model][WARNING] - [rank: 0]   Hierarchy 1 shape: torch.Size([32, 6, 2, 150])
[2025-10-29 17:14:31,045][src.models.modules.semantic_id.tiger_generation_model][WARNING] - [rank: 0]   Hierarchy 2 shape: torch.Size([32, 6, 150])
[2025-10-29 17:14:31,045][src.models.modules.semantic_id.tiger_generation_model][WARNING] - [rank: 0]   Hierarchy 3 shape: torch.Size([32, 6, 150])
[2025-10-29 17:14:31,098][src.models.modules.semantic_id.tiger_generation_model][INFO] - [rank: 0] Saved decoder self-attention to ./attention_weights/decoder_self_attention_batch_273.pt
[2025-10-29 17:14:31,099][src.models.modules.semantic_id.tiger_generation_model][INFO] - [rank: 0] Saved encoder attention to ./attention_weights/encoder_attention_batch_273.pt
[2025-10-29 17:14:31,099][src.models.modules.semantic_id.tiger_generation_model][INFO] - [rank: 0] Saved cross attention to ./attention_weights/cross_attention_batch_273.pt
[2025-10-29 17:14:31,374][src.models.modules.semantic_id.tiger_generation_model][WARNING] - [rank: 0] Failed to stack cross attentions: stack expects each tensor to be equal size, but got [32, 6, 150] at entry 0 and [32, 6, 2, 150] at entry 1
[2025-10-29 17:14:31,375][src.models.modules.semantic_id.tiger_generation_model][WARNING] - [rank: 0]   Hierarchy 0 shape: torch.Size([32, 6, 150])
[2025-10-29 17:14:31,375][src.models.modules.semantic_id.tiger_generation_model][WARNING] - [rank: 0]   Hierarchy 1 shape: torch.Size([32, 6, 2, 150])
[2025-10-29 17:14:31,375][src.models.modules.semantic_id.tiger_generation_model][WARNING] - [rank: 0]   Hierarchy 2 shape: torch.Size([32, 6, 150])
[2025-10-29 17:14:31,375][src.models.modules.semantic_id.tiger_generation_model][WARNING] - [rank: 0]   Hierarchy 3 shape: torch.Size([32, 6, 150])
[2025-10-29 17:14:31,427][src.models.modules.semantic_id.tiger_generation_model][INFO] - [rank: 0] Saved decoder self-attention to ./attention_weights/decoder_self_attention_batch_274.pt
[2025-10-29 17:14:31,427][src.models.modules.semantic_id.tiger_generation_model][INFO] - [rank: 0] Saved encoder attention to ./attention_weights/encoder_attention_batch_274.pt
[2025-10-29 17:14:31,427][src.models.modules.semantic_id.tiger_generation_model][INFO] - [rank: 0] Saved cross attention to ./attention_weights/cross_attention_batch_274.pt
[2025-10-29 17:14:31,685][src.models.modules.semantic_id.tiger_generation_model][WARNING] - [rank: 0] Failed to stack cross attentions: stack expects each tensor to be equal size, but got [32, 6, 150] at entry 0 and [32, 6, 2, 150] at entry 1
[2025-10-29 17:14:31,685][src.models.modules.semantic_id.tiger_generation_model][WARNING] - [rank: 0]   Hierarchy 0 shape: torch.Size([32, 6, 150])
[2025-10-29 17:14:31,685][src.models.modules.semantic_id.tiger_generation_model][WARNING] - [rank: 0]   Hierarchy 1 shape: torch.Size([32, 6, 2, 150])
[2025-10-29 17:14:31,686][src.models.modules.semantic_id.tiger_generation_model][WARNING] - [rank: 0]   Hierarchy 2 shape: torch.Size([32, 6, 150])
[2025-10-29 17:14:31,686][src.models.modules.semantic_id.tiger_generation_model][WARNING] - [rank: 0]   Hierarchy 3 shape: torch.Size([32, 6, 150])
[2025-10-29 17:14:31,739][src.models.modules.semantic_id.tiger_generation_model][INFO] - [rank: 0] Saved decoder self-attention to ./attention_weights/decoder_self_attention_batch_275.pt
[2025-10-29 17:14:31,739][src.models.modules.semantic_id.tiger_generation_model][INFO] - [rank: 0] Saved encoder attention to ./attention_weights/encoder_attention_batch_275.pt
[2025-10-29 17:14:31,739][src.models.modules.semantic_id.tiger_generation_model][INFO] - [rank: 0] Saved cross attention to ./attention_weights/cross_attention_batch_275.pt
[2025-10-29 17:14:31,984][src.models.modules.semantic_id.tiger_generation_model][WARNING] - [rank: 0] Failed to stack cross attentions: stack expects each tensor to be equal size, but got [32, 6, 150] at entry 0 and [32, 6, 2, 150] at entry 1
[2025-10-29 17:14:31,984][src.models.modules.semantic_id.tiger_generation_model][WARNING] - [rank: 0]   Hierarchy 0 shape: torch.Size([32, 6, 150])
[2025-10-29 17:14:31,985][src.models.modules.semantic_id.tiger_generation_model][WARNING] - [rank: 0]   Hierarchy 1 shape: torch.Size([32, 6, 2, 150])
[2025-10-29 17:14:31,985][src.models.modules.semantic_id.tiger_generation_model][WARNING] - [rank: 0]   Hierarchy 2 shape: torch.Size([32, 6, 150])
[2025-10-29 17:14:31,985][src.models.modules.semantic_id.tiger_generation_model][WARNING] - [rank: 0]   Hierarchy 3 shape: torch.Size([32, 6, 150])
[2025-10-29 17:14:32,040][src.models.modules.semantic_id.tiger_generation_model][INFO] - [rank: 0] Saved decoder self-attention to ./attention_weights/decoder_self_attention_batch_276.pt
[2025-10-29 17:14:32,040][src.models.modules.semantic_id.tiger_generation_model][INFO] - [rank: 0] Saved encoder attention to ./attention_weights/encoder_attention_batch_276.pt
[2025-10-29 17:14:32,040][src.models.modules.semantic_id.tiger_generation_model][INFO] - [rank: 0] Saved cross attention to ./attention_weights/cross_attention_batch_276.pt
[2025-10-29 17:14:32,330][src.models.modules.semantic_id.tiger_generation_model][WARNING] - [rank: 0] Failed to stack cross attentions: stack expects each tensor to be equal size, but got [32, 6, 150] at entry 0 and [32, 6, 2, 150] at entry 1
[2025-10-29 17:14:32,330][src.models.modules.semantic_id.tiger_generation_model][WARNING] - [rank: 0]   Hierarchy 0 shape: torch.Size([32, 6, 150])
[2025-10-29 17:14:32,331][src.models.modules.semantic_id.tiger_generation_model][WARNING] - [rank: 0]   Hierarchy 1 shape: torch.Size([32, 6, 2, 150])
[2025-10-29 17:14:32,331][src.models.modules.semantic_id.tiger_generation_model][WARNING] - [rank: 0]   Hierarchy 2 shape: torch.Size([32, 6, 150])
[2025-10-29 17:14:32,331][src.models.modules.semantic_id.tiger_generation_model][WARNING] - [rank: 0]   Hierarchy 3 shape: torch.Size([32, 6, 150])
[2025-10-29 17:14:32,384][src.models.modules.semantic_id.tiger_generation_model][INFO] - [rank: 0] Saved decoder self-attention to ./attention_weights/decoder_self_attention_batch_277.pt
[2025-10-29 17:14:32,384][src.models.modules.semantic_id.tiger_generation_model][INFO] - [rank: 0] Saved encoder attention to ./attention_weights/encoder_attention_batch_277.pt
[2025-10-29 17:14:32,385][src.models.modules.semantic_id.tiger_generation_model][INFO] - [rank: 0] Saved cross attention to ./attention_weights/cross_attention_batch_277.pt
[2025-10-29 17:14:32,656][src.models.modules.semantic_id.tiger_generation_model][WARNING] - [rank: 0] Failed to stack cross attentions: stack expects each tensor to be equal size, but got [32, 6, 150] at entry 0 and [32, 6, 2, 150] at entry 1
[2025-10-29 17:14:32,657][src.models.modules.semantic_id.tiger_generation_model][WARNING] - [rank: 0]   Hierarchy 0 shape: torch.Size([32, 6, 150])
[2025-10-29 17:14:32,657][src.models.modules.semantic_id.tiger_generation_model][WARNING] - [rank: 0]   Hierarchy 1 shape: torch.Size([32, 6, 2, 150])
[2025-10-29 17:14:32,657][src.models.modules.semantic_id.tiger_generation_model][WARNING] - [rank: 0]   Hierarchy 2 shape: torch.Size([32, 6, 150])
[2025-10-29 17:14:32,657][src.models.modules.semantic_id.tiger_generation_model][WARNING] - [rank: 0]   Hierarchy 3 shape: torch.Size([32, 6, 150])
[2025-10-29 17:14:32,710][src.models.modules.semantic_id.tiger_generation_model][INFO] - [rank: 0] Saved decoder self-attention to ./attention_weights/decoder_self_attention_batch_278.pt
[2025-10-29 17:14:32,710][src.models.modules.semantic_id.tiger_generation_model][INFO] - [rank: 0] Saved encoder attention to ./attention_weights/encoder_attention_batch_278.pt
[2025-10-29 17:14:32,710][src.models.modules.semantic_id.tiger_generation_model][INFO] - [rank: 0] Saved cross attention to ./attention_weights/cross_attention_batch_278.pt
[2025-10-29 17:14:32,954][src.models.modules.semantic_id.tiger_generation_model][WARNING] - [rank: 0] Failed to stack cross attentions: stack expects each tensor to be equal size, but got [32, 6, 150] at entry 0 and [32, 6, 2, 150] at entry 1
[2025-10-29 17:14:32,955][src.models.modules.semantic_id.tiger_generation_model][WARNING] - [rank: 0]   Hierarchy 0 shape: torch.Size([32, 6, 150])
[2025-10-29 17:14:32,955][src.models.modules.semantic_id.tiger_generation_model][WARNING] - [rank: 0]   Hierarchy 1 shape: torch.Size([32, 6, 2, 150])
[2025-10-29 17:14:32,955][src.models.modules.semantic_id.tiger_generation_model][WARNING] - [rank: 0]   Hierarchy 2 shape: torch.Size([32, 6, 150])
[2025-10-29 17:14:32,955][src.models.modules.semantic_id.tiger_generation_model][WARNING] - [rank: 0]   Hierarchy 3 shape: torch.Size([32, 6, 150])
[2025-10-29 17:14:33,008][src.models.modules.semantic_id.tiger_generation_model][INFO] - [rank: 0] Saved decoder self-attention to ./attention_weights/decoder_self_attention_batch_279.pt
[2025-10-29 17:14:33,008][src.models.modules.semantic_id.tiger_generation_model][INFO] - [rank: 0] Saved encoder attention to ./attention_weights/encoder_attention_batch_279.pt
[2025-10-29 17:14:33,009][src.models.modules.semantic_id.tiger_generation_model][INFO] - [rank: 0] Saved cross attention to ./attention_weights/cross_attention_batch_279.pt
[2025-10-29 17:14:33,256][src.models.modules.semantic_id.tiger_generation_model][WARNING] - [rank: 0] Failed to stack cross attentions: stack expects each tensor to be equal size, but got [32, 6, 150] at entry 0 and [32, 6, 2, 150] at entry 1
[2025-10-29 17:14:33,256][src.models.modules.semantic_id.tiger_generation_model][WARNING] - [rank: 0]   Hierarchy 0 shape: torch.Size([32, 6, 150])
[2025-10-29 17:14:33,256][src.models.modules.semantic_id.tiger_generation_model][WARNING] - [rank: 0]   Hierarchy 1 shape: torch.Size([32, 6, 2, 150])
[2025-10-29 17:14:33,256][src.models.modules.semantic_id.tiger_generation_model][WARNING] - [rank: 0]   Hierarchy 2 shape: torch.Size([32, 6, 150])
[2025-10-29 17:14:33,256][src.models.modules.semantic_id.tiger_generation_model][WARNING] - [rank: 0]   Hierarchy 3 shape: torch.Size([32, 6, 150])
[2025-10-29 17:14:33,311][src.models.modules.semantic_id.tiger_generation_model][INFO] - [rank: 0] Saved decoder self-attention to ./attention_weights/decoder_self_attention_batch_280.pt
[2025-10-29 17:14:33,311][src.models.modules.semantic_id.tiger_generation_model][INFO] - [rank: 0] Saved encoder attention to ./attention_weights/encoder_attention_batch_280.pt
[2025-10-29 17:14:33,311][src.models.modules.semantic_id.tiger_generation_model][INFO] - [rank: 0] Saved cross attention to ./attention_weights/cross_attention_batch_280.pt
[2025-10-29 17:14:33,561][src.models.modules.semantic_id.tiger_generation_model][WARNING] - [rank: 0] Failed to stack cross attentions: stack expects each tensor to be equal size, but got [32, 6, 150] at entry 0 and [32, 6, 2, 150] at entry 1
[2025-10-29 17:14:33,561][src.models.modules.semantic_id.tiger_generation_model][WARNING] - [rank: 0]   Hierarchy 0 shape: torch.Size([32, 6, 150])
[2025-10-29 17:14:33,561][src.models.modules.semantic_id.tiger_generation_model][WARNING] - [rank: 0]   Hierarchy 1 shape: torch.Size([32, 6, 2, 150])
[2025-10-29 17:14:33,561][src.models.modules.semantic_id.tiger_generation_model][WARNING] - [rank: 0]   Hierarchy 2 shape: torch.Size([32, 6, 150])
[2025-10-29 17:14:33,561][src.models.modules.semantic_id.tiger_generation_model][WARNING] - [rank: 0]   Hierarchy 3 shape: torch.Size([32, 6, 150])
[2025-10-29 17:14:33,614][src.models.modules.semantic_id.tiger_generation_model][INFO] - [rank: 0] Saved decoder self-attention to ./attention_weights/decoder_self_attention_batch_281.pt
[2025-10-29 17:14:33,614][src.models.modules.semantic_id.tiger_generation_model][INFO] - [rank: 0] Saved encoder attention to ./attention_weights/encoder_attention_batch_281.pt
[2025-10-29 17:14:33,614][src.models.modules.semantic_id.tiger_generation_model][INFO] - [rank: 0] Saved cross attention to ./attention_weights/cross_attention_batch_281.pt
[2025-10-29 17:14:33,858][src.models.modules.semantic_id.tiger_generation_model][WARNING] - [rank: 0] Failed to stack cross attentions: stack expects each tensor to be equal size, but got [32, 6, 150] at entry 0 and [32, 6, 2, 150] at entry 1
[2025-10-29 17:14:33,859][src.models.modules.semantic_id.tiger_generation_model][WARNING] - [rank: 0]   Hierarchy 0 shape: torch.Size([32, 6, 150])
[2025-10-29 17:14:33,859][src.models.modules.semantic_id.tiger_generation_model][WARNING] - [rank: 0]   Hierarchy 1 shape: torch.Size([32, 6, 2, 150])
[2025-10-29 17:14:33,859][src.models.modules.semantic_id.tiger_generation_model][WARNING] - [rank: 0]   Hierarchy 2 shape: torch.Size([32, 6, 150])
[2025-10-29 17:14:33,859][src.models.modules.semantic_id.tiger_generation_model][WARNING] - [rank: 0]   Hierarchy 3 shape: torch.Size([32, 6, 150])
[2025-10-29 17:14:33,916][src.models.modules.semantic_id.tiger_generation_model][INFO] - [rank: 0] Saved decoder self-attention to ./attention_weights/decoder_self_attention_batch_282.pt
[2025-10-29 17:14:33,916][src.models.modules.semantic_id.tiger_generation_model][INFO] - [rank: 0] Saved encoder attention to ./attention_weights/encoder_attention_batch_282.pt
[2025-10-29 17:14:33,916][src.models.modules.semantic_id.tiger_generation_model][INFO] - [rank: 0] Saved cross attention to ./attention_weights/cross_attention_batch_282.pt
[2025-10-29 17:14:34,157][src.models.modules.semantic_id.tiger_generation_model][WARNING] - [rank: 0] Failed to stack cross attentions: stack expects each tensor to be equal size, but got [32, 6, 150] at entry 0 and [32, 6, 2, 150] at entry 1
[2025-10-29 17:14:34,157][src.models.modules.semantic_id.tiger_generation_model][WARNING] - [rank: 0]   Hierarchy 0 shape: torch.Size([32, 6, 150])
[2025-10-29 17:14:34,157][src.models.modules.semantic_id.tiger_generation_model][WARNING] - [rank: 0]   Hierarchy 1 shape: torch.Size([32, 6, 2, 150])
[2025-10-29 17:14:34,157][src.models.modules.semantic_id.tiger_generation_model][WARNING] - [rank: 0]   Hierarchy 2 shape: torch.Size([32, 6, 150])
[2025-10-29 17:14:34,158][src.models.modules.semantic_id.tiger_generation_model][WARNING] - [rank: 0]   Hierarchy 3 shape: torch.Size([32, 6, 150])
[2025-10-29 17:14:34,210][src.models.modules.semantic_id.tiger_generation_model][INFO] - [rank: 0] Saved decoder self-attention to ./attention_weights/decoder_self_attention_batch_283.pt
[2025-10-29 17:14:34,211][src.models.modules.semantic_id.tiger_generation_model][INFO] - [rank: 0] Saved encoder attention to ./attention_weights/encoder_attention_batch_283.pt
[2025-10-29 17:14:34,211][src.models.modules.semantic_id.tiger_generation_model][INFO] - [rank: 0] Saved cross attention to ./attention_weights/cross_attention_batch_283.pt
[2025-10-29 17:14:34,456][src.models.modules.semantic_id.tiger_generation_model][WARNING] - [rank: 0] Failed to stack cross attentions: stack expects each tensor to be equal size, but got [32, 6, 150] at entry 0 and [32, 6, 2, 150] at entry 1
[2025-10-29 17:14:34,457][src.models.modules.semantic_id.tiger_generation_model][WARNING] - [rank: 0]   Hierarchy 0 shape: torch.Size([32, 6, 150])
[2025-10-29 17:14:34,457][src.models.modules.semantic_id.tiger_generation_model][WARNING] - [rank: 0]   Hierarchy 1 shape: torch.Size([32, 6, 2, 150])
[2025-10-29 17:14:34,457][src.models.modules.semantic_id.tiger_generation_model][WARNING] - [rank: 0]   Hierarchy 2 shape: torch.Size([32, 6, 150])
[2025-10-29 17:14:34,457][src.models.modules.semantic_id.tiger_generation_model][WARNING] - [rank: 0]   Hierarchy 3 shape: torch.Size([32, 6, 150])
[2025-10-29 17:14:34,511][src.models.modules.semantic_id.tiger_generation_model][INFO] - [rank: 0] Saved decoder self-attention to ./attention_weights/decoder_self_attention_batch_284.pt
[2025-10-29 17:14:34,511][src.models.modules.semantic_id.tiger_generation_model][INFO] - [rank: 0] Saved encoder attention to ./attention_weights/encoder_attention_batch_284.pt
[2025-10-29 17:14:34,511][src.models.modules.semantic_id.tiger_generation_model][INFO] - [rank: 0] Saved cross attention to ./attention_weights/cross_attention_batch_284.pt
[2025-10-29 17:14:34,766][src.models.modules.semantic_id.tiger_generation_model][WARNING] - [rank: 0] Failed to stack cross attentions: stack expects each tensor to be equal size, but got [32, 6, 150] at entry 0 and [32, 6, 2, 150] at entry 1
[2025-10-29 17:14:34,767][src.models.modules.semantic_id.tiger_generation_model][WARNING] - [rank: 0]   Hierarchy 0 shape: torch.Size([32, 6, 150])
[2025-10-29 17:14:34,767][src.models.modules.semantic_id.tiger_generation_model][WARNING] - [rank: 0]   Hierarchy 1 shape: torch.Size([32, 6, 2, 150])
[2025-10-29 17:14:34,767][src.models.modules.semantic_id.tiger_generation_model][WARNING] - [rank: 0]   Hierarchy 2 shape: torch.Size([32, 6, 150])
[2025-10-29 17:14:34,767][src.models.modules.semantic_id.tiger_generation_model][WARNING] - [rank: 0]   Hierarchy 3 shape: torch.Size([32, 6, 150])
[2025-10-29 17:14:34,819][src.models.modules.semantic_id.tiger_generation_model][INFO] - [rank: 0] Saved decoder self-attention to ./attention_weights/decoder_self_attention_batch_285.pt
[2025-10-29 17:14:34,819][src.models.modules.semantic_id.tiger_generation_model][INFO] - [rank: 0] Saved encoder attention to ./attention_weights/encoder_attention_batch_285.pt
[2025-10-29 17:14:34,819][src.models.modules.semantic_id.tiger_generation_model][INFO] - [rank: 0] Saved cross attention to ./attention_weights/cross_attention_batch_285.pt
[2025-10-29 17:14:35,061][src.models.modules.semantic_id.tiger_generation_model][WARNING] - [rank: 0] Failed to stack cross attentions: stack expects each tensor to be equal size, but got [32, 6, 150] at entry 0 and [32, 6, 2, 150] at entry 1
[2025-10-29 17:14:35,061][src.models.modules.semantic_id.tiger_generation_model][WARNING] - [rank: 0]   Hierarchy 0 shape: torch.Size([32, 6, 150])
[2025-10-29 17:14:35,062][src.models.modules.semantic_id.tiger_generation_model][WARNING] - [rank: 0]   Hierarchy 1 shape: torch.Size([32, 6, 2, 150])
[2025-10-29 17:14:35,062][src.models.modules.semantic_id.tiger_generation_model][WARNING] - [rank: 0]   Hierarchy 2 shape: torch.Size([32, 6, 150])
[2025-10-29 17:14:35,063][src.models.modules.semantic_id.tiger_generation_model][WARNING] - [rank: 0]   Hierarchy 3 shape: torch.Size([32, 6, 150])
[2025-10-29 17:14:35,119][src.models.modules.semantic_id.tiger_generation_model][INFO] - [rank: 0] Saved decoder self-attention to ./attention_weights/decoder_self_attention_batch_286.pt
[2025-10-29 17:14:35,119][src.models.modules.semantic_id.tiger_generation_model][INFO] - [rank: 0] Saved encoder attention to ./attention_weights/encoder_attention_batch_286.pt
[2025-10-29 17:14:35,119][src.models.modules.semantic_id.tiger_generation_model][INFO] - [rank: 0] Saved cross attention to ./attention_weights/cross_attention_batch_286.pt
[2025-10-29 17:14:35,382][src.models.modules.semantic_id.tiger_generation_model][WARNING] - [rank: 0] Failed to stack cross attentions: stack expects each tensor to be equal size, but got [32, 6, 150] at entry 0 and [32, 6, 2, 150] at entry 1
[2025-10-29 17:14:35,382][src.models.modules.semantic_id.tiger_generation_model][WARNING] - [rank: 0]   Hierarchy 0 shape: torch.Size([32, 6, 150])
[2025-10-29 17:14:35,382][src.models.modules.semantic_id.tiger_generation_model][WARNING] - [rank: 0]   Hierarchy 1 shape: torch.Size([32, 6, 2, 150])
[2025-10-29 17:14:35,382][src.models.modules.semantic_id.tiger_generation_model][WARNING] - [rank: 0]   Hierarchy 2 shape: torch.Size([32, 6, 150])
[2025-10-29 17:14:35,382][src.models.modules.semantic_id.tiger_generation_model][WARNING] - [rank: 0]   Hierarchy 3 shape: torch.Size([32, 6, 150])
[2025-10-29 17:14:35,434][src.models.modules.semantic_id.tiger_generation_model][INFO] - [rank: 0] Saved decoder self-attention to ./attention_weights/decoder_self_attention_batch_287.pt
[2025-10-29 17:14:35,435][src.models.modules.semantic_id.tiger_generation_model][INFO] - [rank: 0] Saved encoder attention to ./attention_weights/encoder_attention_batch_287.pt
[2025-10-29 17:14:35,435][src.models.modules.semantic_id.tiger_generation_model][INFO] - [rank: 0] Saved cross attention to ./attention_weights/cross_attention_batch_287.pt
[2025-10-29 17:14:35,686][src.models.modules.semantic_id.tiger_generation_model][WARNING] - [rank: 0] Failed to stack cross attentions: stack expects each tensor to be equal size, but got [32, 6, 150] at entry 0 and [32, 6, 2, 150] at entry 1
[2025-10-29 17:14:35,687][src.models.modules.semantic_id.tiger_generation_model][WARNING] - [rank: 0]   Hierarchy 0 shape: torch.Size([32, 6, 150])
[2025-10-29 17:14:35,687][src.models.modules.semantic_id.tiger_generation_model][WARNING] - [rank: 0]   Hierarchy 1 shape: torch.Size([32, 6, 2, 150])
[2025-10-29 17:14:35,687][src.models.modules.semantic_id.tiger_generation_model][WARNING] - [rank: 0]   Hierarchy 2 shape: torch.Size([32, 6, 150])
[2025-10-29 17:14:35,687][src.models.modules.semantic_id.tiger_generation_model][WARNING] - [rank: 0]   Hierarchy 3 shape: torch.Size([32, 6, 150])
[2025-10-29 17:14:35,743][src.models.modules.semantic_id.tiger_generation_model][INFO] - [rank: 0] Saved decoder self-attention to ./attention_weights/decoder_self_attention_batch_288.pt
[2025-10-29 17:14:35,744][src.models.modules.semantic_id.tiger_generation_model][INFO] - [rank: 0] Saved encoder attention to ./attention_weights/encoder_attention_batch_288.pt
[2025-10-29 17:14:35,744][src.models.modules.semantic_id.tiger_generation_model][INFO] - [rank: 0] Saved cross attention to ./attention_weights/cross_attention_batch_288.pt
[2025-10-29 17:14:35,999][src.models.modules.semantic_id.tiger_generation_model][WARNING] - [rank: 0] Failed to stack cross attentions: stack expects each tensor to be equal size, but got [32, 6, 150] at entry 0 and [32, 6, 2, 150] at entry 1
[2025-10-29 17:14:35,999][src.models.modules.semantic_id.tiger_generation_model][WARNING] - [rank: 0]   Hierarchy 0 shape: torch.Size([32, 6, 150])
[2025-10-29 17:14:36,000][src.models.modules.semantic_id.tiger_generation_model][WARNING] - [rank: 0]   Hierarchy 1 shape: torch.Size([32, 6, 2, 150])
[2025-10-29 17:14:36,000][src.models.modules.semantic_id.tiger_generation_model][WARNING] - [rank: 0]   Hierarchy 2 shape: torch.Size([32, 6, 150])
[2025-10-29 17:14:36,000][src.models.modules.semantic_id.tiger_generation_model][WARNING] - [rank: 0]   Hierarchy 3 shape: torch.Size([32, 6, 150])
[2025-10-29 17:14:36,054][src.models.modules.semantic_id.tiger_generation_model][INFO] - [rank: 0] Saved decoder self-attention to ./attention_weights/decoder_self_attention_batch_289.pt
[2025-10-29 17:14:36,054][src.models.modules.semantic_id.tiger_generation_model][INFO] - [rank: 0] Saved encoder attention to ./attention_weights/encoder_attention_batch_289.pt
[2025-10-29 17:14:36,054][src.models.modules.semantic_id.tiger_generation_model][INFO] - [rank: 0] Saved cross attention to ./attention_weights/cross_attention_batch_289.pt
[2025-10-29 17:14:36,296][src.models.modules.semantic_id.tiger_generation_model][WARNING] - [rank: 0] Failed to stack cross attentions: stack expects each tensor to be equal size, but got [32, 6, 150] at entry 0 and [32, 6, 2, 150] at entry 1
[2025-10-29 17:14:36,296][src.models.modules.semantic_id.tiger_generation_model][WARNING] - [rank: 0]   Hierarchy 0 shape: torch.Size([32, 6, 150])
[2025-10-29 17:14:36,296][src.models.modules.semantic_id.tiger_generation_model][WARNING] - [rank: 0]   Hierarchy 1 shape: torch.Size([32, 6, 2, 150])
[2025-10-29 17:14:36,296][src.models.modules.semantic_id.tiger_generation_model][WARNING] - [rank: 0]   Hierarchy 2 shape: torch.Size([32, 6, 150])
[2025-10-29 17:14:36,296][src.models.modules.semantic_id.tiger_generation_model][WARNING] - [rank: 0]   Hierarchy 3 shape: torch.Size([32, 6, 150])
[2025-10-29 17:14:36,349][src.models.modules.semantic_id.tiger_generation_model][INFO] - [rank: 0] Saved decoder self-attention to ./attention_weights/decoder_self_attention_batch_290.pt
[2025-10-29 17:14:36,349][src.models.modules.semantic_id.tiger_generation_model][INFO] - [rank: 0] Saved encoder attention to ./attention_weights/encoder_attention_batch_290.pt
[2025-10-29 17:14:36,349][src.models.modules.semantic_id.tiger_generation_model][INFO] - [rank: 0] Saved cross attention to ./attention_weights/cross_attention_batch_290.pt
[2025-10-29 17:14:36,718][src.models.modules.semantic_id.tiger_generation_model][WARNING] - [rank: 0] Failed to stack cross attentions: stack expects each tensor to be equal size, but got [32, 6, 150] at entry 0 and [32, 6, 2, 150] at entry 1
[2025-10-29 17:14:36,718][src.models.modules.semantic_id.tiger_generation_model][WARNING] - [rank: 0]   Hierarchy 0 shape: torch.Size([32, 6, 150])
[2025-10-29 17:14:36,718][src.models.modules.semantic_id.tiger_generation_model][WARNING] - [rank: 0]   Hierarchy 1 shape: torch.Size([32, 6, 2, 150])
[2025-10-29 17:14:36,718][src.models.modules.semantic_id.tiger_generation_model][WARNING] - [rank: 0]   Hierarchy 2 shape: torch.Size([32, 6, 150])
[2025-10-29 17:14:36,718][src.models.modules.semantic_id.tiger_generation_model][WARNING] - [rank: 0]   Hierarchy 3 shape: torch.Size([32, 6, 150])
[2025-10-29 17:14:36,773][src.models.modules.semantic_id.tiger_generation_model][INFO] - [rank: 0] Saved decoder self-attention to ./attention_weights/decoder_self_attention_batch_291.pt
[2025-10-29 17:14:36,773][src.models.modules.semantic_id.tiger_generation_model][INFO] - [rank: 0] Saved encoder attention to ./attention_weights/encoder_attention_batch_291.pt
[2025-10-29 17:14:36,773][src.models.modules.semantic_id.tiger_generation_model][INFO] - [rank: 0] Saved cross attention to ./attention_weights/cross_attention_batch_291.pt
[2025-10-29 17:14:37,097][src.models.modules.semantic_id.tiger_generation_model][WARNING] - [rank: 0] Failed to stack cross attentions: stack expects each tensor to be equal size, but got [32, 6, 150] at entry 0 and [32, 6, 2, 150] at entry 1
[2025-10-29 17:14:37,098][src.models.modules.semantic_id.tiger_generation_model][WARNING] - [rank: 0]   Hierarchy 0 shape: torch.Size([32, 6, 150])
[2025-10-29 17:14:37,098][src.models.modules.semantic_id.tiger_generation_model][WARNING] - [rank: 0]   Hierarchy 1 shape: torch.Size([32, 6, 2, 150])
[2025-10-29 17:14:37,098][src.models.modules.semantic_id.tiger_generation_model][WARNING] - [rank: 0]   Hierarchy 2 shape: torch.Size([32, 6, 150])
[2025-10-29 17:14:37,098][src.models.modules.semantic_id.tiger_generation_model][WARNING] - [rank: 0]   Hierarchy 3 shape: torch.Size([32, 6, 150])
[2025-10-29 17:14:37,201][src.models.modules.semantic_id.tiger_generation_model][INFO] - [rank: 0] Saved decoder self-attention to ./attention_weights/decoder_self_attention_batch_292.pt
[2025-10-29 17:14:37,201][src.models.modules.semantic_id.tiger_generation_model][INFO] - [rank: 0] Saved encoder attention to ./attention_weights/encoder_attention_batch_292.pt
[2025-10-29 17:14:37,202][src.models.modules.semantic_id.tiger_generation_model][INFO] - [rank: 0] Saved cross attention to ./attention_weights/cross_attention_batch_292.pt
[2025-10-29 17:14:37,483][src.models.modules.semantic_id.tiger_generation_model][WARNING] - [rank: 0] Failed to stack cross attentions: stack expects each tensor to be equal size, but got [32, 6, 150] at entry 0 and [32, 6, 2, 150] at entry 1
[2025-10-29 17:14:37,483][src.models.modules.semantic_id.tiger_generation_model][WARNING] - [rank: 0]   Hierarchy 0 shape: torch.Size([32, 6, 150])
[2025-10-29 17:14:37,483][src.models.modules.semantic_id.tiger_generation_model][WARNING] - [rank: 0]   Hierarchy 1 shape: torch.Size([32, 6, 2, 150])
[2025-10-29 17:14:37,484][src.models.modules.semantic_id.tiger_generation_model][WARNING] - [rank: 0]   Hierarchy 2 shape: torch.Size([32, 6, 150])
[2025-10-29 17:14:37,484][src.models.modules.semantic_id.tiger_generation_model][WARNING] - [rank: 0]   Hierarchy 3 shape: torch.Size([32, 6, 150])
[2025-10-29 17:14:37,539][src.models.modules.semantic_id.tiger_generation_model][INFO] - [rank: 0] Saved decoder self-attention to ./attention_weights/decoder_self_attention_batch_293.pt
[2025-10-29 17:14:37,539][src.models.modules.semantic_id.tiger_generation_model][INFO] - [rank: 0] Saved encoder attention to ./attention_weights/encoder_attention_batch_293.pt
[2025-10-29 17:14:37,540][src.models.modules.semantic_id.tiger_generation_model][INFO] - [rank: 0] Saved cross attention to ./attention_weights/cross_attention_batch_293.pt
[2025-10-29 17:14:37,807][src.models.modules.semantic_id.tiger_generation_model][WARNING] - [rank: 0] Failed to stack cross attentions: stack expects each tensor to be equal size, but got [32, 6, 150] at entry 0 and [32, 6, 2, 150] at entry 1
[2025-10-29 17:14:37,807][src.models.modules.semantic_id.tiger_generation_model][WARNING] - [rank: 0]   Hierarchy 0 shape: torch.Size([32, 6, 150])
[2025-10-29 17:14:37,807][src.models.modules.semantic_id.tiger_generation_model][WARNING] - [rank: 0]   Hierarchy 1 shape: torch.Size([32, 6, 2, 150])
[2025-10-29 17:14:37,807][src.models.modules.semantic_id.tiger_generation_model][WARNING] - [rank: 0]   Hierarchy 2 shape: torch.Size([32, 6, 150])
[2025-10-29 17:14:37,807][src.models.modules.semantic_id.tiger_generation_model][WARNING] - [rank: 0]   Hierarchy 3 shape: torch.Size([32, 6, 150])
[2025-10-29 17:14:37,861][src.models.modules.semantic_id.tiger_generation_model][INFO] - [rank: 0] Saved decoder self-attention to ./attention_weights/decoder_self_attention_batch_294.pt
[2025-10-29 17:14:37,861][src.models.modules.semantic_id.tiger_generation_model][INFO] - [rank: 0] Saved encoder attention to ./attention_weights/encoder_attention_batch_294.pt
[2025-10-29 17:14:37,861][src.models.modules.semantic_id.tiger_generation_model][INFO] - [rank: 0] Saved cross attention to ./attention_weights/cross_attention_batch_294.pt
[2025-10-29 17:14:38,133][src.models.modules.semantic_id.tiger_generation_model][WARNING] - [rank: 0] Failed to stack cross attentions: stack expects each tensor to be equal size, but got [32, 6, 150] at entry 0 and [32, 6, 2, 150] at entry 1
[2025-10-29 17:14:38,133][src.models.modules.semantic_id.tiger_generation_model][WARNING] - [rank: 0]   Hierarchy 0 shape: torch.Size([32, 6, 150])
[2025-10-29 17:14:38,133][src.models.modules.semantic_id.tiger_generation_model][WARNING] - [rank: 0]   Hierarchy 1 shape: torch.Size([32, 6, 2, 150])
[2025-10-29 17:14:38,134][src.models.modules.semantic_id.tiger_generation_model][WARNING] - [rank: 0]   Hierarchy 2 shape: torch.Size([32, 6, 150])
[2025-10-29 17:14:38,134][src.models.modules.semantic_id.tiger_generation_model][WARNING] - [rank: 0]   Hierarchy 3 shape: torch.Size([32, 6, 150])
[2025-10-29 17:14:38,187][src.models.modules.semantic_id.tiger_generation_model][INFO] - [rank: 0] Saved decoder self-attention to ./attention_weights/decoder_self_attention_batch_295.pt
[2025-10-29 17:14:38,187][src.models.modules.semantic_id.tiger_generation_model][INFO] - [rank: 0] Saved encoder attention to ./attention_weights/encoder_attention_batch_295.pt
[2025-10-29 17:14:38,187][src.models.modules.semantic_id.tiger_generation_model][INFO] - [rank: 0] Saved cross attention to ./attention_weights/cross_attention_batch_295.pt
[2025-10-29 17:14:38,437][src.models.modules.semantic_id.tiger_generation_model][WARNING] - [rank: 0] Failed to stack cross attentions: stack expects each tensor to be equal size, but got [32, 6, 150] at entry 0 and [32, 6, 2, 150] at entry 1
[2025-10-29 17:14:38,438][src.models.modules.semantic_id.tiger_generation_model][WARNING] - [rank: 0]   Hierarchy 0 shape: torch.Size([32, 6, 150])
[2025-10-29 17:14:38,438][src.models.modules.semantic_id.tiger_generation_model][WARNING] - [rank: 0]   Hierarchy 1 shape: torch.Size([32, 6, 2, 150])
[2025-10-29 17:14:38,438][src.models.modules.semantic_id.tiger_generation_model][WARNING] - [rank: 0]   Hierarchy 2 shape: torch.Size([32, 6, 150])
[2025-10-29 17:14:38,438][src.models.modules.semantic_id.tiger_generation_model][WARNING] - [rank: 0]   Hierarchy 3 shape: torch.Size([32, 6, 150])
[2025-10-29 17:14:38,491][src.models.modules.semantic_id.tiger_generation_model][INFO] - [rank: 0] Saved decoder self-attention to ./attention_weights/decoder_self_attention_batch_296.pt
[2025-10-29 17:14:38,492][src.models.modules.semantic_id.tiger_generation_model][INFO] - [rank: 0] Saved encoder attention to ./attention_weights/encoder_attention_batch_296.pt
[2025-10-29 17:14:38,492][src.models.modules.semantic_id.tiger_generation_model][INFO] - [rank: 0] Saved cross attention to ./attention_weights/cross_attention_batch_296.pt
[2025-10-29 17:14:38,738][src.models.modules.semantic_id.tiger_generation_model][WARNING] - [rank: 0] Failed to stack cross attentions: stack expects each tensor to be equal size, but got [32, 6, 150] at entry 0 and [32, 6, 2, 150] at entry 1
[2025-10-29 17:14:38,739][src.models.modules.semantic_id.tiger_generation_model][WARNING] - [rank: 0]   Hierarchy 0 shape: torch.Size([32, 6, 150])
[2025-10-29 17:14:38,739][src.models.modules.semantic_id.tiger_generation_model][WARNING] - [rank: 0]   Hierarchy 1 shape: torch.Size([32, 6, 2, 150])
[2025-10-29 17:14:38,739][src.models.modules.semantic_id.tiger_generation_model][WARNING] - [rank: 0]   Hierarchy 2 shape: torch.Size([32, 6, 150])
[2025-10-29 17:14:38,739][src.models.modules.semantic_id.tiger_generation_model][WARNING] - [rank: 0]   Hierarchy 3 shape: torch.Size([32, 6, 150])
[2025-10-29 17:14:38,793][src.models.modules.semantic_id.tiger_generation_model][INFO] - [rank: 0] Saved decoder self-attention to ./attention_weights/decoder_self_attention_batch_297.pt
[2025-10-29 17:14:38,793][src.models.modules.semantic_id.tiger_generation_model][INFO] - [rank: 0] Saved encoder attention to ./attention_weights/encoder_attention_batch_297.pt
[2025-10-29 17:14:38,793][src.models.modules.semantic_id.tiger_generation_model][INFO] - [rank: 0] Saved cross attention to ./attention_weights/cross_attention_batch_297.pt
[2025-10-29 17:14:39,034][src.models.modules.semantic_id.tiger_generation_model][WARNING] - [rank: 0] Failed to stack cross attentions: stack expects each tensor to be equal size, but got [32, 6, 150] at entry 0 and [32, 6, 2, 150] at entry 1
[2025-10-29 17:14:39,034][src.models.modules.semantic_id.tiger_generation_model][WARNING] - [rank: 0]   Hierarchy 0 shape: torch.Size([32, 6, 150])
[2025-10-29 17:14:39,034][src.models.modules.semantic_id.tiger_generation_model][WARNING] - [rank: 0]   Hierarchy 1 shape: torch.Size([32, 6, 2, 150])
[2025-10-29 17:14:39,034][src.models.modules.semantic_id.tiger_generation_model][WARNING] - [rank: 0]   Hierarchy 2 shape: torch.Size([32, 6, 150])
[2025-10-29 17:14:39,034][src.models.modules.semantic_id.tiger_generation_model][WARNING] - [rank: 0]   Hierarchy 3 shape: torch.Size([32, 6, 150])
[2025-10-29 17:14:39,095][src.models.modules.semantic_id.tiger_generation_model][INFO] - [rank: 0] Saved decoder self-attention to ./attention_weights/decoder_self_attention_batch_298.pt
[2025-10-29 17:14:39,095][src.models.modules.semantic_id.tiger_generation_model][INFO] - [rank: 0] Saved encoder attention to ./attention_weights/encoder_attention_batch_298.pt
[2025-10-29 17:14:39,096][src.models.modules.semantic_id.tiger_generation_model][INFO] - [rank: 0] Saved cross attention to ./attention_weights/cross_attention_batch_298.pt
[2025-10-29 17:14:39,289][src.models.modules.semantic_id.tiger_generation_model][WARNING] - [rank: 0] Failed to stack cross attentions: stack expects each tensor to be equal size, but got [20, 6, 150] at entry 0 and [20, 6, 2, 150] at entry 1
[2025-10-29 17:14:39,289][src.models.modules.semantic_id.tiger_generation_model][WARNING] - [rank: 0]   Hierarchy 0 shape: torch.Size([20, 6, 150])
[2025-10-29 17:14:39,290][src.models.modules.semantic_id.tiger_generation_model][WARNING] - [rank: 0]   Hierarchy 1 shape: torch.Size([20, 6, 2, 150])
[2025-10-29 17:14:39,290][src.models.modules.semantic_id.tiger_generation_model][WARNING] - [rank: 0]   Hierarchy 2 shape: torch.Size([20, 6, 150])
[2025-10-29 17:14:39,290][src.models.modules.semantic_id.tiger_generation_model][WARNING] - [rank: 0]   Hierarchy 3 shape: torch.Size([20, 6, 150])
[2025-10-29 17:14:39,325][src.models.modules.semantic_id.tiger_generation_model][INFO] - [rank: 0] Saved decoder self-attention to ./attention_weights/decoder_self_attention_batch_299.pt
[2025-10-29 17:14:39,325][src.models.modules.semantic_id.tiger_generation_model][INFO] - [rank: 0] Saved encoder attention to ./attention_weights/encoder_attention_batch_299.pt
[2025-10-29 17:14:39,325][src.models.modules.semantic_id.tiger_generation_model][INFO] - [rank: 0] Saved cross attention to ./attention_weights/cross_attention_batch_299.pt
[2025-10-29 17:14:39,586][src.models.modules.semantic_id.tiger_generation_model][WARNING] - [rank: 0] Failed to stack cross attentions: stack expects each tensor to be equal size, but got [32, 6, 150] at entry 0 and [32, 6, 2, 150] at entry 1
[2025-10-29 17:14:39,586][src.models.modules.semantic_id.tiger_generation_model][WARNING] - [rank: 0]   Hierarchy 0 shape: torch.Size([32, 6, 150])
[2025-10-29 17:14:39,586][src.models.modules.semantic_id.tiger_generation_model][WARNING] - [rank: 0]   Hierarchy 1 shape: torch.Size([32, 6, 2, 150])
[2025-10-29 17:14:39,587][src.models.modules.semantic_id.tiger_generation_model][WARNING] - [rank: 0]   Hierarchy 2 shape: torch.Size([32, 6, 150])
[2025-10-29 17:14:39,587][src.models.modules.semantic_id.tiger_generation_model][WARNING] - [rank: 0]   Hierarchy 3 shape: torch.Size([32, 6, 150])
[2025-10-29 17:14:39,639][src.models.modules.semantic_id.tiger_generation_model][INFO] - [rank: 0] Saved decoder self-attention to ./attention_weights/decoder_self_attention_batch_300.pt
[2025-10-29 17:14:39,640][src.models.modules.semantic_id.tiger_generation_model][INFO] - [rank: 0] Saved encoder attention to ./attention_weights/encoder_attention_batch_300.pt
[2025-10-29 17:14:39,640][src.models.modules.semantic_id.tiger_generation_model][INFO] - [rank: 0] Saved cross attention to ./attention_weights/cross_attention_batch_300.pt
[2025-10-29 17:14:39,889][src.models.modules.semantic_id.tiger_generation_model][WARNING] - [rank: 0] Failed to stack cross attentions: stack expects each tensor to be equal size, but got [32, 6, 150] at entry 0 and [32, 6, 2, 150] at entry 1
[2025-10-29 17:14:39,890][src.models.modules.semantic_id.tiger_generation_model][WARNING] - [rank: 0]   Hierarchy 0 shape: torch.Size([32, 6, 150])
[2025-10-29 17:14:39,890][src.models.modules.semantic_id.tiger_generation_model][WARNING] - [rank: 0]   Hierarchy 1 shape: torch.Size([32, 6, 2, 150])
[2025-10-29 17:14:39,890][src.models.modules.semantic_id.tiger_generation_model][WARNING] - [rank: 0]   Hierarchy 2 shape: torch.Size([32, 6, 150])
[2025-10-29 17:14:39,890][src.models.modules.semantic_id.tiger_generation_model][WARNING] - [rank: 0]   Hierarchy 3 shape: torch.Size([32, 6, 150])
[2025-10-29 17:14:39,943][src.models.modules.semantic_id.tiger_generation_model][INFO] - [rank: 0] Saved decoder self-attention to ./attention_weights/decoder_self_attention_batch_301.pt
[2025-10-29 17:14:39,944][src.models.modules.semantic_id.tiger_generation_model][INFO] - [rank: 0] Saved encoder attention to ./attention_weights/encoder_attention_batch_301.pt
[2025-10-29 17:14:39,944][src.models.modules.semantic_id.tiger_generation_model][INFO] - [rank: 0] Saved cross attention to ./attention_weights/cross_attention_batch_301.pt
[2025-10-29 17:14:40,327][src.models.modules.semantic_id.tiger_generation_model][WARNING] - [rank: 0] Failed to stack cross attentions: stack expects each tensor to be equal size, but got [32, 6, 150] at entry 0 and [32, 6, 2, 150] at entry 1
[2025-10-29 17:14:40,327][src.models.modules.semantic_id.tiger_generation_model][WARNING] - [rank: 0]   Hierarchy 0 shape: torch.Size([32, 6, 150])
[2025-10-29 17:14:40,327][src.models.modules.semantic_id.tiger_generation_model][WARNING] - [rank: 0]   Hierarchy 1 shape: torch.Size([32, 6, 2, 150])
[2025-10-29 17:14:40,327][src.models.modules.semantic_id.tiger_generation_model][WARNING] - [rank: 0]   Hierarchy 2 shape: torch.Size([32, 6, 150])
[2025-10-29 17:14:40,327][src.models.modules.semantic_id.tiger_generation_model][WARNING] - [rank: 0]   Hierarchy 3 shape: torch.Size([32, 6, 150])
[2025-10-29 17:14:40,380][src.models.modules.semantic_id.tiger_generation_model][INFO] - [rank: 0] Saved decoder self-attention to ./attention_weights/decoder_self_attention_batch_302.pt
[2025-10-29 17:14:40,381][src.models.modules.semantic_id.tiger_generation_model][INFO] - [rank: 0] Saved encoder attention to ./attention_weights/encoder_attention_batch_302.pt
[2025-10-29 17:14:40,381][src.models.modules.semantic_id.tiger_generation_model][INFO] - [rank: 0] Saved cross attention to ./attention_weights/cross_attention_batch_302.pt
[2025-10-29 17:14:40,431][src.utils.inference_utils][INFO] - Global Rank: 0 wrote 9684 rows to /data/mhwang/Rec/GRID/logs/inference/runs/2025-10-29/17-12-38/pickle/predictions_0_20251029T091440382.pkl.
[2025-10-29 17:14:40,441][src.utils.inference_utils][INFO] - Rank 0 finished writing predictions.
[2025-10-29 17:17:54,309][src.utils.inference_utils][INFO] - Global Rank: 1 wrote 9728 rows to /data/mhwang/Rec/GRID/logs/inference/runs/2025-10-29/17-12-38/pickle/predictions_1_20251029T091754267.pkl.
[2025-10-29 17:17:54,320][src.utils.inference_utils][INFO] - Rank 1 finished writing predictions.
[2025-10-29 17:17:54,322][src.utils.inference_utils][INFO] - Merging pickle files on main process.
[2025-10-29 17:17:54,550][src.utils.inference_utils][INFO] - Merged 19412 rows into merged_predictions.pkl.
[2025-10-29 17:17:54,939][src.utils.inference_utils][INFO] - Merged 19412 rows into merged_predictions_tensor.pt. as pytorch tensor
