[2025-11-14 18:26:28,530][src.utils.utils][INFO] - [rank: 0] Enforcing tags! <cfg.extras.enforce_tags=True>
[2025-11-14 18:26:28,541][src.utils.utils][WARNING] - [rank: 0] Config loss was not found in the config tree. Make sure this is expected.
[2025-11-14 18:26:28,542][src.utils.utils][WARNING] - [rank: 0] Config optim was not found in the config tree. Make sure this is expected.
[2025-11-14 18:26:28,543][src.utils.utils][WARNING] - [rank: 0] Config eval was not found in the config tree. Make sure this is expected.
[2025-11-14 18:26:31,543][src.utils.utils][INFO] - [rank: 0] Printing config tree with Rich! <cfg.extras.print_config=True>
[2025-11-14 18:26:31,548][src.utils.launcher_utils][INFO] - [rank: 0] Instantiating datamodule <src.data.loading.datamodules.sequence_datamodule.SequenceDataModule>
[2025-11-14 18:26:31,642][src.utils.launcher_utils][INFO] - [rank: 0] Instantiating model <src.models.modules.semantic_id.tiger_generation_model.SemanticIDEncoderDecoder>
[2025-11-14 18:26:31,893][src.models.modules.semantic_id.tiger_generation_model][INFO] - [rank: 0] i am here
[2025-11-14 18:26:32,387][src.utils.launcher_utils][INFO] - [rank: 0] Instantiating callbacks...
[2025-11-14 18:26:32,388][src.utils.instantiators][INFO] - [rank: 0] Instantiating callback <src.utils.inference_utils.LocalPickleWriter>
[2025-11-14 18:26:32,614][src.utils.launcher_utils][INFO] - [rank: 0] Instantiating loggers...
[2025-11-14 18:26:32,615][src.utils.instantiators][INFO] - [rank: 0] Instantiating logger <lightning.pytorch.loggers.csv_logs.CSVLogger>
[2025-11-14 18:26:32,619][src.utils.launcher_utils][INFO] - [rank: 0] Instantiating trainer <lightning.pytorch.trainer.Trainer>
[2025-11-14 18:26:32,743][src.utils.launcher_utils][INFO] - [rank: 0] Logging hyperparameters!
[2025-11-14 18:26:32,979][__main__][INFO] - [rank: 0] Starting inference!
[2025-11-14 18:27:04,006][src.utils.inference_utils][INFO] - Rank 1 initialized for inference.
[2025-11-14 18:27:04,033][src.utils.inference_utils][INFO] - Rank 0 initialized for inference.
[2025-11-14 18:27:04,050][src.utils.inference_utils][INFO] - Rank 2 initialized for inference.
[2025-11-14 18:27:04,052][src.utils.inference_utils][INFO] - Rank 3 initialized for inference.
[2025-11-14 18:27:15,163][src.models.modules.semantic_id.tiger_generation_model][WARNING] - [rank: 0] Failed to stack cross attentions: stack expects each tensor to be equal size, but got [32, 6, 135] at entry 0 and [32, 6, 2, 135] at entry 1
[2025-11-14 18:27:15,187][src.models.modules.semantic_id.tiger_generation_model][WARNING] - [rank: 0]   Hierarchy 0 shape: torch.Size([32, 6, 135])
[2025-11-14 18:27:15,187][src.models.modules.semantic_id.tiger_generation_model][WARNING] - [rank: 0]   Hierarchy 1 shape: torch.Size([32, 6, 2, 135])
[2025-11-14 18:27:15,187][src.models.modules.semantic_id.tiger_generation_model][WARNING] - [rank: 0]   Hierarchy 2 shape: torch.Size([32, 6, 135])
[2025-11-14 18:27:15,187][src.models.modules.semantic_id.tiger_generation_model][WARNING] - [rank: 0]   Hierarchy 3 shape: torch.Size([32, 6, 135])
[2025-11-14 18:27:15,187][src.models.modules.semantic_id.tiger_generation_model][WARNING] - [rank: 0]   Hierarchy 4 shape: torch.Size([32, 6, 135])
[2025-11-14 18:27:15,188][src.models.modules.semantic_id.tiger_generation_model][WARNING] - [rank: 0]   Hierarchy 5 shape: torch.Size([32, 6, 135])
[2025-11-14 18:27:15,188][src.models.modules.semantic_id.tiger_generation_model][WARNING] - [rank: 0]   Hierarchy 6 shape: torch.Size([32, 6, 135])
[2025-11-14 18:27:15,188][src.models.modules.semantic_id.tiger_generation_model][WARNING] - [rank: 0]   Hierarchy 7 shape: torch.Size([32, 6, 135])
[2025-11-14 18:27:15,590][src.models.modules.semantic_id.tiger_generation_model][INFO] - [rank: 0] Saved decoder self-attention to ./attention_weights/decoder_self_attention_batch_0.pt
[2025-11-14 18:27:15,590][src.models.modules.semantic_id.tiger_generation_model][INFO] - [rank: 0] Saved encoder attention to ./attention_weights/encoder_attention_batch_0.pt
[2025-11-14 18:27:15,591][src.models.modules.semantic_id.tiger_generation_model][INFO] - [rank: 0] Saved cross attention to ./attention_weights/cross_attention_batch_0.pt
[2025-11-14 18:27:15,700][src.models.modules.semantic_id.tiger_generation_model][INFO] - [rank: 0] 当前batch的生成语义ID Embedding相似度矩阵:
[[ 1.0000000e+00  2.9946886e-02 -3.3023420e-03  2.8932543e-02
   4.5230831e-03 -1.2173738e-02 -2.0945421e-03  3.4814738e-03]
 [ 2.9946886e-02  1.0000000e+00  3.1639278e-02 -1.0945274e-02
   1.3243121e-02  4.3486399e-03  1.2244002e-02  1.8488826e-02]
 [-3.3023420e-03  3.1639278e-02  1.0000000e+00  5.7341810e-04
  -9.3272980e-04  8.3844680e-03  1.5353076e-03  1.2843370e-02]
 [ 2.8932543e-02 -1.0945274e-02  5.7341810e-04  1.0000000e+00
  -3.2242075e-02 -7.4972771e-03 -2.9146124e-02  2.4177825e-02]
 [ 4.5230831e-03  1.3243121e-02 -9.3272980e-04 -3.2242075e-02
   1.0000000e+00  2.9413942e-03 -1.2156872e-02  2.8969757e-03]
 [-1.2173738e-02  4.3486399e-03  8.3844680e-03 -7.4972771e-03
   2.9413942e-03  1.0000000e+00 -3.5128146e-02  2.1546502e-02]
 [-2.0945421e-03  1.2244002e-02  1.5353076e-03 -2.9146124e-02
  -1.2156872e-02 -3.5128146e-02  1.0000000e+00 -2.0227913e-02]
 [ 3.4814738e-03  1.8488826e-02  1.2843370e-02  2.4177825e-02
   2.8969757e-03  2.1546502e-02 -2.0227913e-02  1.0000001e+00]]
[2025-11-14 18:27:15,895][src.models.modules.semantic_id.tiger_generation_model][INFO] - [rank: 0] 当前batch的输入Item Hierarchy Embedding相似度矩阵:
[[ 9.99999940e-01 -7.01709324e-03 -4.13607666e-03 -6.79556420e-03
  -4.82823700e-03 -2.43846560e-03  5.30100078e-04  1.55250095e-02]
 [-7.01709324e-03  9.99999940e-01 -7.19011063e-03  9.22372739e-04
   3.02110799e-03  1.21919261e-02 -1.30096236e-02  3.26072238e-03]
 [-4.13607666e-03 -7.19011063e-03  9.99999940e-01 -5.09762950e-03
   1.79306616e-03  1.07218297e-02  3.37438360e-05  3.27249384e-03]
 [-6.79556420e-03  9.22372739e-04 -5.09762950e-03  9.99999940e-01
   3.48355318e-03  1.20485073e-03 -3.07890237e-03 -1.82854151e-03]
 [-4.82823700e-03  3.02110799e-03  1.79306616e-03  3.48355318e-03
   9.99999940e-01 -4.04860778e-03 -6.47349935e-03  5.42235700e-03]
 [-2.43846560e-03  1.21919261e-02  1.07218297e-02  1.20485073e-03
  -4.04860778e-03  9.99999940e-01 -1.58691276e-02  2.70006224e-03]
 [ 5.30100078e-04 -1.30096236e-02  3.37438360e-05 -3.07890237e-03
  -6.47349935e-03 -1.58691276e-02  9.99999940e-01 -4.00941521e-02]
 [ 1.55250095e-02  3.26072238e-03  3.27249384e-03 -1.82854151e-03
   5.42235700e-03  2.70006224e-03 -4.00941521e-02  1.00000012e+00]]
[2025-11-14 18:27:17,129][src.models.modules.semantic_id.tiger_generation_model][WARNING] - [rank: 0] Failed to stack cross attentions: stack expects each tensor to be equal size, but got [32, 6, 135] at entry 0 and [32, 6, 2, 135] at entry 1
[2025-11-14 18:27:17,130][src.models.modules.semantic_id.tiger_generation_model][WARNING] - [rank: 0]   Hierarchy 0 shape: torch.Size([32, 6, 135])
[2025-11-14 18:27:17,130][src.models.modules.semantic_id.tiger_generation_model][WARNING] - [rank: 0]   Hierarchy 1 shape: torch.Size([32, 6, 2, 135])
[2025-11-14 18:27:17,130][src.models.modules.semantic_id.tiger_generation_model][WARNING] - [rank: 0]   Hierarchy 2 shape: torch.Size([32, 6, 135])
[2025-11-14 18:27:17,130][src.models.modules.semantic_id.tiger_generation_model][WARNING] - [rank: 0]   Hierarchy 3 shape: torch.Size([32, 6, 135])
[2025-11-14 18:27:17,130][src.models.modules.semantic_id.tiger_generation_model][WARNING] - [rank: 0]   Hierarchy 4 shape: torch.Size([32, 6, 135])
[2025-11-14 18:27:17,131][src.models.modules.semantic_id.tiger_generation_model][WARNING] - [rank: 0]   Hierarchy 5 shape: torch.Size([32, 6, 135])
[2025-11-14 18:27:17,131][src.models.modules.semantic_id.tiger_generation_model][WARNING] - [rank: 0]   Hierarchy 6 shape: torch.Size([32, 6, 135])
[2025-11-14 18:27:17,131][src.models.modules.semantic_id.tiger_generation_model][WARNING] - [rank: 0]   Hierarchy 7 shape: torch.Size([32, 6, 135])
[2025-11-14 18:27:17,574][src.models.modules.semantic_id.tiger_generation_model][INFO] - [rank: 0] Saved decoder self-attention to ./attention_weights/decoder_self_attention_batch_1.pt
[2025-11-14 18:27:17,575][src.models.modules.semantic_id.tiger_generation_model][INFO] - [rank: 0] Saved encoder attention to ./attention_weights/encoder_attention_batch_1.pt
[2025-11-14 18:27:17,575][src.models.modules.semantic_id.tiger_generation_model][INFO] - [rank: 0] Saved cross attention to ./attention_weights/cross_attention_batch_1.pt
[2025-11-14 18:27:17,584][src.models.modules.semantic_id.tiger_generation_model][INFO] - [rank: 0] 当前batch的生成语义ID Embedding相似度矩阵:
[[ 1.0000001   0.03266393  0.02755815 -0.01232389 -0.02103071 -0.02437295
  -0.02563399 -0.00861894]
 [ 0.03266393  0.9999999   0.03058989 -0.01456337  0.00326185 -0.02139274
   0.01337009 -0.00151188]
 [ 0.02755815  0.03058989  1.         -0.00525391 -0.00948538  0.00885033
  -0.0160156   0.00216924]
 [-0.01232389 -0.01456337 -0.00525391  1.          0.00131938 -0.02052796
  -0.01884312  0.00715841]
 [-0.02103071  0.00326185 -0.00948538  0.00131938  1.         -0.01782171
  -0.02034935  0.05758737]
 [-0.02437295 -0.02139274  0.00885033 -0.02052796 -0.01782171  1.0000001
  -0.00458623  0.00966779]
 [-0.02563399  0.01337009 -0.0160156  -0.01884312 -0.02034935 -0.00458623
   1.         -0.04409051]
 [-0.00861894 -0.00151188  0.00216924  0.00715841  0.05758737  0.00966779
  -0.04409051  1.0000001 ]]
[2025-11-14 18:27:17,928][src.models.modules.semantic_id.tiger_generation_model][INFO] - [rank: 0] 当前batch的输入Item Hierarchy Embedding相似度矩阵:
[[ 1.0000000e+00  1.3665374e-02 -1.1090458e-02 -1.4040480e-02
   1.5119995e-02  8.1318626e-03 -5.2142898e-03 -3.9252464e-02]
 [ 1.3665374e-02  1.0000000e+00 -1.4178180e-04  1.0449481e-02
   5.3745867e-03  2.3907195e-04  1.9333437e-03  1.2039993e-02]
 [-1.1090458e-02 -1.4178180e-04  1.0000000e+00  1.1518203e-02
   1.5194072e-02  1.2249528e-02  6.9353995e-03 -8.1979688e-03]
 [-1.4040480e-02  1.0449481e-02  1.1518203e-02  1.0000000e+00
   2.2730895e-03  2.6083072e-03 -1.2020880e-02  4.9235928e-04]
 [ 1.5119995e-02  5.3745867e-03  1.5194072e-02  2.2730895e-03
   1.0000000e+00 -1.2943747e-03 -1.4250739e-02  1.4956237e-02]
 [ 8.1318626e-03  2.3907195e-04  1.2249528e-02  2.6083072e-03
  -1.2943747e-03  1.0000000e+00 -7.0295068e-03 -4.6593156e-03]
 [-5.2142898e-03  1.9333437e-03  6.9353995e-03 -1.2020880e-02
  -1.4250739e-02 -7.0295068e-03  1.0000000e+00 -4.4839460e-02]
 [-3.9252464e-02  1.2039993e-02 -8.1979688e-03  4.9235928e-04
   1.4956237e-02 -4.6593156e-03 -4.4839460e-02  1.0000001e+00]]
[2025-11-14 18:27:18,635][src.models.modules.semantic_id.tiger_generation_model][WARNING] - [rank: 0] Failed to stack cross attentions: stack expects each tensor to be equal size, but got [32, 6, 135] at entry 0 and [32, 6, 2, 135] at entry 1
[2025-11-14 18:27:18,647][src.models.modules.semantic_id.tiger_generation_model][WARNING] - [rank: 0]   Hierarchy 0 shape: torch.Size([32, 6, 135])
[2025-11-14 18:27:18,648][src.models.modules.semantic_id.tiger_generation_model][WARNING] - [rank: 0]   Hierarchy 1 shape: torch.Size([32, 6, 2, 135])
[2025-11-14 18:27:18,648][src.models.modules.semantic_id.tiger_generation_model][WARNING] - [rank: 0]   Hierarchy 2 shape: torch.Size([32, 6, 135])
[2025-11-14 18:27:18,648][src.models.modules.semantic_id.tiger_generation_model][WARNING] - [rank: 0]   Hierarchy 3 shape: torch.Size([32, 6, 135])
[2025-11-14 18:27:18,648][src.models.modules.semantic_id.tiger_generation_model][WARNING] - [rank: 0]   Hierarchy 4 shape: torch.Size([32, 6, 135])
[2025-11-14 18:27:18,648][src.models.modules.semantic_id.tiger_generation_model][WARNING] - [rank: 0]   Hierarchy 5 shape: torch.Size([32, 6, 135])
[2025-11-14 18:27:18,649][src.models.modules.semantic_id.tiger_generation_model][WARNING] - [rank: 0]   Hierarchy 6 shape: torch.Size([32, 6, 135])
[2025-11-14 18:27:18,649][src.models.modules.semantic_id.tiger_generation_model][WARNING] - [rank: 0]   Hierarchy 7 shape: torch.Size([32, 6, 135])
[2025-11-14 18:27:18,939][src.models.modules.semantic_id.tiger_generation_model][INFO] - [rank: 0] Saved decoder self-attention to ./attention_weights/decoder_self_attention_batch_2.pt
[2025-11-14 18:27:18,940][src.models.modules.semantic_id.tiger_generation_model][INFO] - [rank: 0] Saved encoder attention to ./attention_weights/encoder_attention_batch_2.pt
[2025-11-14 18:27:18,941][src.models.modules.semantic_id.tiger_generation_model][INFO] - [rank: 0] Saved cross attention to ./attention_weights/cross_attention_batch_2.pt
[2025-11-14 18:27:18,964][src.models.modules.semantic_id.tiger_generation_model][INFO] - [rank: 0] 当前batch的生成语义ID Embedding相似度矩阵:
[[ 1.          0.03708053  0.01503748  0.00165887 -0.02928197 -0.01421994
  -0.01261398  0.02117623]
 [ 0.03708053  1.          0.02142545  0.00656821  0.01423074 -0.00376451
  -0.01212722  0.03489563]
 [ 0.01503748  0.02142545  1.          0.03333893 -0.01890509  0.01930647
   0.01853702  0.02208199]
 [ 0.00165887  0.00656821  0.03333893  1.         -0.01814537 -0.02112142
  -0.00566167  0.00794411]
 [-0.02928197  0.01423074 -0.01890509 -0.01814537  1.         -0.00844796
  -0.00991609 -0.01807408]
 [-0.01421994 -0.00376451  0.01930647 -0.02112142 -0.00844796  1.
  -0.05582027  0.01436025]
 [-0.01261398 -0.01212722  0.01853702 -0.00566167 -0.00991609 -0.05582027
   1.         -0.02616334]
 [ 0.02117623  0.03489563  0.02208199  0.00794411 -0.01807408  0.01436025
  -0.02616334  1.0000001 ]]
[2025-11-14 18:27:19,113][src.models.modules.semantic_id.tiger_generation_model][INFO] - [rank: 0] 当前batch的输入Item Hierarchy Embedding相似度矩阵:
[[ 1.         -0.02815371  0.00507218  0.00654262  0.00524214  0.02086052
   0.01753377 -0.01472625]
 [-0.02815371  1.         -0.02296707 -0.00390308  0.0188034  -0.02003932
  -0.00724136  0.02013682]
 [ 0.00507218 -0.02296707  1.         -0.00123666 -0.00988016  0.01422236
  -0.01581078  0.02173476]
 [ 0.00654262 -0.00390308 -0.00123666  1.         -0.01058201 -0.01029336
  -0.01415147  0.01268382]
 [ 0.00524214  0.0188034  -0.00988016 -0.01058201  1.         -0.00905958
   0.01062792  0.02181855]
 [ 0.02086052 -0.02003932  0.01422236 -0.01029336 -0.00905958  1.
   0.00331261 -0.00377717]
 [ 0.01753377 -0.00724136 -0.01581078 -0.01415147  0.01062792  0.00331261
   1.         -0.05353433]
 [-0.01472625  0.02013682  0.02173476  0.01268382  0.02181855 -0.00377717
  -0.05353433  1.0000001 ]]
[2025-11-14 18:27:19,870][src.models.modules.semantic_id.tiger_generation_model][WARNING] - [rank: 0] Failed to stack cross attentions: stack expects each tensor to be equal size, but got [32, 6, 135] at entry 0 and [32, 6, 2, 135] at entry 1
[2025-11-14 18:27:19,872][src.models.modules.semantic_id.tiger_generation_model][WARNING] - [rank: 0]   Hierarchy 0 shape: torch.Size([32, 6, 135])
[2025-11-14 18:27:19,873][src.models.modules.semantic_id.tiger_generation_model][WARNING] - [rank: 0]   Hierarchy 1 shape: torch.Size([32, 6, 2, 135])
[2025-11-14 18:27:19,873][src.models.modules.semantic_id.tiger_generation_model][WARNING] - [rank: 0]   Hierarchy 2 shape: torch.Size([32, 6, 135])
[2025-11-14 18:27:19,874][src.models.modules.semantic_id.tiger_generation_model][WARNING] - [rank: 0]   Hierarchy 3 shape: torch.Size([32, 6, 135])
[2025-11-14 18:27:19,875][src.models.modules.semantic_id.tiger_generation_model][WARNING] - [rank: 0]   Hierarchy 4 shape: torch.Size([32, 6, 135])
[2025-11-14 18:27:19,876][src.models.modules.semantic_id.tiger_generation_model][WARNING] - [rank: 0]   Hierarchy 5 shape: torch.Size([32, 6, 135])
[2025-11-14 18:27:19,876][src.models.modules.semantic_id.tiger_generation_model][WARNING] - [rank: 0]   Hierarchy 6 shape: torch.Size([32, 6, 135])
[2025-11-14 18:27:19,877][src.models.modules.semantic_id.tiger_generation_model][WARNING] - [rank: 0]   Hierarchy 7 shape: torch.Size([32, 6, 135])
[2025-11-14 18:27:20,153][src.models.modules.semantic_id.tiger_generation_model][INFO] - [rank: 0] Saved decoder self-attention to ./attention_weights/decoder_self_attention_batch_3.pt
[2025-11-14 18:27:20,154][src.models.modules.semantic_id.tiger_generation_model][INFO] - [rank: 0] Saved encoder attention to ./attention_weights/encoder_attention_batch_3.pt
[2025-11-14 18:27:20,154][src.models.modules.semantic_id.tiger_generation_model][INFO] - [rank: 0] Saved cross attention to ./attention_weights/cross_attention_batch_3.pt
[2025-11-14 18:27:20,161][src.models.modules.semantic_id.tiger_generation_model][INFO] - [rank: 0] 当前batch的生成语义ID Embedding相似度矩阵:
[[ 1.00000000e+00  4.61832583e-02 -5.51733822e-02 -4.91228737e-02
   1.20988265e-02  1.54485330e-02  1.49065908e-02  2.39403220e-04]
 [ 4.61832583e-02  1.00000000e+00 -9.97097231e-03  6.62329327e-03
  -2.97184531e-02 -6.45385217e-03 -2.72856629e-03 -1.34864524e-02]
 [-5.51733822e-02 -9.97097231e-03  1.00000000e+00  8.15264694e-03
   2.57972796e-02 -5.63952280e-03 -1.08639058e-02  2.96543725e-02]
 [-4.91228737e-02  6.62329327e-03  8.15264694e-03  1.00000000e+00
   2.59115733e-02  1.32256141e-02 -5.05228713e-02  1.00317439e-02]
 [ 1.20988265e-02 -2.97184531e-02  2.57972796e-02  2.59115733e-02
   1.00000000e+00  1.57530047e-02 -2.21076831e-02  1.02561228e-02]
 [ 1.54485330e-02 -6.45385217e-03 -5.63952280e-03  1.32256141e-02
   1.57530047e-02  1.00000000e+00 -5.03248870e-02  1.99280325e-02]
 [ 1.49065908e-02 -2.72856629e-03 -1.08639058e-02 -5.05228713e-02
  -2.21076831e-02 -5.03248870e-02  1.00000000e+00 -1.93357728e-02]
 [ 2.39403220e-04 -1.34864524e-02  2.96543725e-02  1.00317439e-02
   1.02561228e-02  1.99280325e-02 -1.93357728e-02  1.00000012e+00]]
[2025-11-14 18:27:20,301][src.models.modules.semantic_id.tiger_generation_model][INFO] - [rank: 0] 当前batch的输入Item Hierarchy Embedding相似度矩阵:
[[ 1.0000000e+00 -6.3413489e-03 -4.0239072e-03 -1.5669940e-02
  -1.2218442e-03  1.1326426e-03 -1.1123641e-02  1.9927252e-02]
 [-6.3413489e-03  1.0000000e+00 -2.3910297e-02 -7.3248455e-03
   9.0284487e-03  5.7560462e-03  1.7739583e-03  1.5732290e-02]
 [-4.0239072e-03 -2.3910297e-02  1.0000000e+00  2.2438574e-03
  -2.0307759e-04  2.5350710e-03 -1.3824102e-02 -1.1398342e-02]
 [-1.5669940e-02 -7.3248455e-03  2.2438574e-03  1.0000000e+00
   2.0782477e-03 -8.2228631e-03 -2.2717812e-03  4.9306080e-03]
 [-1.2218442e-03  9.0284487e-03 -2.0307759e-04  2.0782477e-03
   1.0000000e+00 -4.1707503e-03  9.8751215e-03  2.4988985e-02]
 [ 1.1326426e-03  5.7560462e-03  2.5350710e-03 -8.2228631e-03
  -4.1707503e-03  1.0000000e+00 -1.0904183e-02 -5.3174547e-03]
 [-1.1123641e-02  1.7739583e-03 -1.3824102e-02 -2.2717812e-03
   9.8751215e-03 -1.0904183e-02  1.0000000e+00 -1.6578119e-02]
 [ 1.9927252e-02  1.5732290e-02 -1.1398342e-02  4.9306080e-03
   2.4988985e-02 -5.3174547e-03 -1.6578119e-02  1.0000001e+00]]
[2025-11-14 18:27:21,339][src.models.modules.semantic_id.tiger_generation_model][WARNING] - [rank: 0] Failed to stack cross attentions: stack expects each tensor to be equal size, but got [32, 6, 135] at entry 0 and [32, 6, 2, 135] at entry 1
[2025-11-14 18:27:21,339][src.models.modules.semantic_id.tiger_generation_model][WARNING] - [rank: 0]   Hierarchy 0 shape: torch.Size([32, 6, 135])
[2025-11-14 18:27:21,339][src.models.modules.semantic_id.tiger_generation_model][WARNING] - [rank: 0]   Hierarchy 1 shape: torch.Size([32, 6, 2, 135])
[2025-11-14 18:27:21,340][src.models.modules.semantic_id.tiger_generation_model][WARNING] - [rank: 0]   Hierarchy 2 shape: torch.Size([32, 6, 135])
[2025-11-14 18:27:21,340][src.models.modules.semantic_id.tiger_generation_model][WARNING] - [rank: 0]   Hierarchy 3 shape: torch.Size([32, 6, 135])
[2025-11-14 18:27:21,340][src.models.modules.semantic_id.tiger_generation_model][WARNING] - [rank: 0]   Hierarchy 4 shape: torch.Size([32, 6, 135])
[2025-11-14 18:27:21,340][src.models.modules.semantic_id.tiger_generation_model][WARNING] - [rank: 0]   Hierarchy 5 shape: torch.Size([32, 6, 135])
[2025-11-14 18:27:21,340][src.models.modules.semantic_id.tiger_generation_model][WARNING] - [rank: 0]   Hierarchy 6 shape: torch.Size([32, 6, 135])
[2025-11-14 18:27:21,340][src.models.modules.semantic_id.tiger_generation_model][WARNING] - [rank: 0]   Hierarchy 7 shape: torch.Size([32, 6, 135])
[2025-11-14 18:27:21,801][src.models.modules.semantic_id.tiger_generation_model][INFO] - [rank: 0] Saved decoder self-attention to ./attention_weights/decoder_self_attention_batch_4.pt
[2025-11-14 18:27:21,801][src.models.modules.semantic_id.tiger_generation_model][INFO] - [rank: 0] Saved encoder attention to ./attention_weights/encoder_attention_batch_4.pt
[2025-11-14 18:27:21,802][src.models.modules.semantic_id.tiger_generation_model][INFO] - [rank: 0] Saved cross attention to ./attention_weights/cross_attention_batch_4.pt
[2025-11-14 18:27:21,816][src.models.modules.semantic_id.tiger_generation_model][INFO] - [rank: 0] 当前batch的生成语义ID Embedding相似度矩阵:
[[ 1.          0.02216161  0.00197057  0.01757951  0.00121409 -0.00580919
  -0.00364165 -0.0169973 ]
 [ 0.02216161  1.         -0.00142687  0.00442578  0.00145882 -0.01608302
   0.00631372 -0.01085426]
 [ 0.00197057 -0.00142687  1.         -0.0021152  -0.00632881  0.01260898
   0.01279917 -0.00413746]
 [ 0.01757951  0.00442578 -0.0021152   1.         -0.00130136  0.00151716
  -0.01904489  0.03410697]
 [ 0.00121409  0.00145882 -0.00632881 -0.00130136  1.         -0.02518222
  -0.02531676 -0.02138168]
 [-0.00580919 -0.01608302  0.01260898  0.00151716 -0.02518222  1.
  -0.0229042   0.01465424]
 [-0.00364165  0.00631372  0.01279917 -0.01904489 -0.02531676 -0.0229042
   1.         -0.015048  ]
 [-0.0169973  -0.01085426 -0.00413746  0.03410697 -0.02138168  0.01465424
  -0.015048    1.0000001 ]]
[2025-11-14 18:27:22,230][src.models.modules.semantic_id.tiger_generation_model][INFO] - [rank: 0] 当前batch的输入Item Hierarchy Embedding相似度矩阵:
[[ 1.0000000e+00  3.8555155e-03 -2.9352978e-03  3.1598120e-03
  -3.7420080e-03 -8.4098335e-04 -6.4546280e-03  7.0462311e-03]
 [ 3.8555155e-03  1.0000000e+00 -3.7301199e-03 -7.9479488e-03
   1.2915257e-02 -9.0804808e-03 -1.8431472e-03 -1.4894163e-03]
 [-2.9352978e-03 -3.7301199e-03  1.0000000e+00  5.2152858e-03
   3.3338321e-04  3.5114039e-03 -1.7260753e-02 -5.7728984e-04]
 [ 3.1598120e-03 -7.9479488e-03  5.2152858e-03  1.0000000e+00
  -1.3711016e-03  3.7072490e-03 -2.2779685e-03  9.4503500e-03]
 [-3.7420080e-03  1.2915257e-02  3.3338321e-04 -1.3711016e-03
   1.0000000e+00  4.8719104e-03 -1.4146726e-02  3.8218566e-03]
 [-8.4098335e-04 -9.0804808e-03  3.5114039e-03  3.7072490e-03
   4.8719104e-03  1.0000000e+00 -7.1946667e-03  1.0417991e-02]
 [-6.4546280e-03 -1.8431472e-03 -1.7260753e-02 -2.2779685e-03
  -1.4146726e-02 -7.1946667e-03  1.0000000e+00 -3.3316437e-02]
 [ 7.0462311e-03 -1.4894163e-03 -5.7728984e-04  9.4503500e-03
   3.8218566e-03  1.0417991e-02 -3.3316437e-02  1.0000001e+00]]
[2025-11-14 18:27:22,928][src.models.modules.semantic_id.tiger_generation_model][WARNING] - [rank: 0] Failed to stack cross attentions: stack expects each tensor to be equal size, but got [32, 6, 135] at entry 0 and [32, 6, 2, 135] at entry 1
[2025-11-14 18:27:22,928][src.models.modules.semantic_id.tiger_generation_model][WARNING] - [rank: 0]   Hierarchy 0 shape: torch.Size([32, 6, 135])
[2025-11-14 18:27:22,928][src.models.modules.semantic_id.tiger_generation_model][WARNING] - [rank: 0]   Hierarchy 1 shape: torch.Size([32, 6, 2, 135])
[2025-11-14 18:27:22,928][src.models.modules.semantic_id.tiger_generation_model][WARNING] - [rank: 0]   Hierarchy 2 shape: torch.Size([32, 6, 135])
[2025-11-14 18:27:22,929][src.models.modules.semantic_id.tiger_generation_model][WARNING] - [rank: 0]   Hierarchy 3 shape: torch.Size([32, 6, 135])
[2025-11-14 18:27:22,929][src.models.modules.semantic_id.tiger_generation_model][WARNING] - [rank: 0]   Hierarchy 4 shape: torch.Size([32, 6, 135])
[2025-11-14 18:27:22,929][src.models.modules.semantic_id.tiger_generation_model][WARNING] - [rank: 0]   Hierarchy 5 shape: torch.Size([32, 6, 135])
[2025-11-14 18:27:22,929][src.models.modules.semantic_id.tiger_generation_model][WARNING] - [rank: 0]   Hierarchy 6 shape: torch.Size([32, 6, 135])
[2025-11-14 18:27:22,929][src.models.modules.semantic_id.tiger_generation_model][WARNING] - [rank: 0]   Hierarchy 7 shape: torch.Size([32, 6, 135])
[2025-11-14 18:27:23,326][src.models.modules.semantic_id.tiger_generation_model][INFO] - [rank: 0] Saved decoder self-attention to ./attention_weights/decoder_self_attention_batch_5.pt
[2025-11-14 18:27:23,326][src.models.modules.semantic_id.tiger_generation_model][INFO] - [rank: 0] Saved encoder attention to ./attention_weights/encoder_attention_batch_5.pt
[2025-11-14 18:27:23,326][src.models.modules.semantic_id.tiger_generation_model][INFO] - [rank: 0] Saved cross attention to ./attention_weights/cross_attention_batch_5.pt
[2025-11-14 18:27:23,353][src.models.modules.semantic_id.tiger_generation_model][INFO] - [rank: 0] 当前batch的生成语义ID Embedding相似度矩阵:
[[ 1.00000000e+00  4.20914888e-02 -1.44907832e-03  1.94526277e-03
  -2.22307071e-02 -4.32574656e-04 -1.34414155e-02  1.17808245e-02]
 [ 4.20914888e-02  1.00000000e+00 -7.55459536e-03  2.40831338e-02
  -4.36404580e-03  2.33751498e-02  1.03823310e-02  1.00403670e-02]
 [-1.44907832e-03 -7.55459536e-03  1.00000000e+00 -1.75886974e-02
   6.54940959e-03  7.77408062e-03 -4.07971907e-03  3.84793654e-02]
 [ 1.94526277e-03  2.40831338e-02 -1.75886974e-02  1.00000000e+00
   9.45958029e-03  9.14859585e-03  6.48059417e-04 -4.45917249e-05]
 [-2.22307071e-02 -4.36404580e-03  6.54940959e-03  9.45958029e-03
   1.00000000e+00 -1.89821646e-02 -2.93403324e-02  1.65799223e-02]
 [-4.32574656e-04  2.33751498e-02  7.77408062e-03  9.14859585e-03
  -1.89821646e-02  1.00000000e+00 -2.14021355e-02 -8.70770402e-03]
 [-1.34414155e-02  1.03823310e-02 -4.07971907e-03  6.48059417e-04
  -2.93403324e-02 -2.14021355e-02  1.00000000e+00 -3.63373980e-02]
 [ 1.17808245e-02  1.00403670e-02  3.84793654e-02 -4.45917249e-05
   1.65799223e-02 -8.70770402e-03 -3.63373980e-02  1.00000012e+00]]
[2025-11-14 18:27:23,583][src.models.modules.semantic_id.tiger_generation_model][INFO] - [rank: 0] 当前batch的输入Item Hierarchy Embedding相似度矩阵:
[[ 1.0000000e+00 -9.0036457e-03  6.1566150e-03  5.1791607e-03
  -8.1755519e-03 -5.4656253e-03  2.6410073e-04  1.0574680e-02]
 [-9.0036457e-03  1.0000000e+00  1.7149389e-03  3.3557867e-03
   7.4114418e-03 -1.4037015e-02  8.1415260e-03 -1.5067033e-04]
 [ 6.1566150e-03  1.7149389e-03  1.0000000e+00  4.4958671e-03
   7.2015333e-04 -5.7556375e-04 -1.8008084e-03  1.3057325e-02]
 [ 5.1791607e-03  3.3557867e-03  4.4958671e-03  1.0000000e+00
  -1.2201947e-02  1.1515883e-02 -1.3735444e-02  2.2649411e-03]
 [-8.1755519e-03  7.4114418e-03  7.2015333e-04 -1.2201947e-02
   1.0000000e+00  8.7160319e-03 -7.4465787e-03  8.2681933e-03]
 [-5.4656253e-03 -1.4037015e-02 -5.7556375e-04  1.1515883e-02
   8.7160319e-03  1.0000000e+00 -8.8890214e-03  8.7013962e-03]
 [ 2.6410073e-04  8.1415260e-03 -1.8008084e-03 -1.3735444e-02
  -7.4465787e-03 -8.8890214e-03  1.0000000e+00 -3.0899992e-02]
 [ 1.0574680e-02 -1.5067033e-04  1.3057325e-02  2.2649411e-03
   8.2681933e-03  8.7013962e-03 -3.0899992e-02  1.0000001e+00]]
[2025-11-14 18:27:24,238][src.models.modules.semantic_id.tiger_generation_model][WARNING] - [rank: 0] Failed to stack cross attentions: stack expects each tensor to be equal size, but got [32, 6, 135] at entry 0 and [32, 6, 2, 135] at entry 1
[2025-11-14 18:27:24,239][src.models.modules.semantic_id.tiger_generation_model][WARNING] - [rank: 0]   Hierarchy 0 shape: torch.Size([32, 6, 135])
[2025-11-14 18:27:24,239][src.models.modules.semantic_id.tiger_generation_model][WARNING] - [rank: 0]   Hierarchy 1 shape: torch.Size([32, 6, 2, 135])
[2025-11-14 18:27:24,239][src.models.modules.semantic_id.tiger_generation_model][WARNING] - [rank: 0]   Hierarchy 2 shape: torch.Size([32, 6, 135])
[2025-11-14 18:27:24,239][src.models.modules.semantic_id.tiger_generation_model][WARNING] - [rank: 0]   Hierarchy 3 shape: torch.Size([32, 6, 135])
[2025-11-14 18:27:24,239][src.models.modules.semantic_id.tiger_generation_model][WARNING] - [rank: 0]   Hierarchy 4 shape: torch.Size([32, 6, 135])
[2025-11-14 18:27:24,240][src.models.modules.semantic_id.tiger_generation_model][WARNING] - [rank: 0]   Hierarchy 5 shape: torch.Size([32, 6, 135])
[2025-11-14 18:27:24,240][src.models.modules.semantic_id.tiger_generation_model][WARNING] - [rank: 0]   Hierarchy 6 shape: torch.Size([32, 6, 135])
[2025-11-14 18:27:24,240][src.models.modules.semantic_id.tiger_generation_model][WARNING] - [rank: 0]   Hierarchy 7 shape: torch.Size([32, 6, 135])
[2025-11-14 18:27:24,645][src.models.modules.semantic_id.tiger_generation_model][INFO] - [rank: 0] Saved decoder self-attention to ./attention_weights/decoder_self_attention_batch_6.pt
[2025-11-14 18:27:24,646][src.models.modules.semantic_id.tiger_generation_model][INFO] - [rank: 0] Saved encoder attention to ./attention_weights/encoder_attention_batch_6.pt
[2025-11-14 18:27:24,646][src.models.modules.semantic_id.tiger_generation_model][INFO] - [rank: 0] Saved cross attention to ./attention_weights/cross_attention_batch_6.pt
[2025-11-14 18:27:24,654][src.models.modules.semantic_id.tiger_generation_model][INFO] - [rank: 0] 当前batch的生成语义ID Embedding相似度矩阵:
[[ 1.          0.05052227  0.05097444  0.0177554  -0.03202197 -0.01344985
  -0.04220774 -0.04086799]
 [ 0.05052227  0.99999976 -0.00522825 -0.0543722  -0.01559466 -0.060317
  -0.089006   -0.01653987]
 [ 0.05097444 -0.00522825  1.          0.05466735 -0.01025567 -0.00440094
  -0.03020859  0.01235572]
 [ 0.0177554  -0.0543722   0.05466735  1.          0.01514341  0.04278531
  -0.00587725  0.03446941]
 [-0.03202197 -0.01559466 -0.01025567  0.01514341  1.          0.06058086
  -0.01614445  0.05889295]
 [-0.01344985 -0.060317   -0.00440094  0.04278531  0.06058086  1.0000001
  -0.01639295  0.0878434 ]
 [-0.04220774 -0.089006   -0.03020859 -0.00587725 -0.01614445 -0.01639295
   1.         -0.07048829]
 [-0.04086799 -0.01653987  0.01235572  0.03446941  0.05889295  0.0878434
  -0.07048829  1.0000001 ]]
[2025-11-14 18:27:24,964][src.models.modules.semantic_id.tiger_generation_model][INFO] - [rank: 0] 当前batch的输入Item Hierarchy Embedding相似度矩阵:
[[ 1.00000000e+00  1.26824155e-03  5.53503633e-03 -1.95372198e-02
  -2.41301544e-02 -2.90719606e-03 -7.31003704e-03 -2.48255525e-02]
 [ 1.26824155e-03  1.00000000e+00  6.67788275e-03  3.71719874e-03
   1.37034245e-02  3.99157725e-04 -8.32714606e-03 -1.78750660e-02]
 [ 5.53503633e-03  6.67788275e-03  1.00000000e+00  1.59519669e-02
   3.69070261e-03  1.14437751e-02 -1.88621283e-02  2.53281929e-03]
 [-1.95372198e-02  3.71719874e-03  1.59519669e-02  1.00000000e+00
  -7.16034835e-03  1.51017476e-02  3.29573639e-04  1.28532825e-02]
 [-2.41301544e-02  1.37034245e-02  3.69070261e-03 -7.16034835e-03
   1.00000000e+00 -1.09209083e-02 -2.61623121e-04  7.87354819e-03]
 [-2.90719606e-03  3.99157725e-04  1.14437751e-02  1.51017476e-02
  -1.09209083e-02  1.00000000e+00  3.46349273e-03  1.19001903e-02]
 [-7.31003704e-03 -8.32714606e-03 -1.88621283e-02  3.29573639e-04
  -2.61623121e-04  3.46349273e-03  1.00000000e+00 -5.47863878e-02]
 [-2.48255525e-02 -1.78750660e-02  2.53281929e-03  1.28532825e-02
   7.87354819e-03  1.19001903e-02 -5.47863878e-02  1.00000012e+00]]
[2025-11-14 18:27:25,486][src.models.modules.semantic_id.tiger_generation_model][WARNING] - [rank: 0] Failed to stack cross attentions: stack expects each tensor to be equal size, but got [32, 6, 135] at entry 0 and [32, 6, 2, 135] at entry 1
[2025-11-14 18:27:25,486][src.models.modules.semantic_id.tiger_generation_model][WARNING] - [rank: 0]   Hierarchy 0 shape: torch.Size([32, 6, 135])
[2025-11-14 18:27:25,486][src.models.modules.semantic_id.tiger_generation_model][WARNING] - [rank: 0]   Hierarchy 1 shape: torch.Size([32, 6, 2, 135])
[2025-11-14 18:27:25,486][src.models.modules.semantic_id.tiger_generation_model][WARNING] - [rank: 0]   Hierarchy 2 shape: torch.Size([32, 6, 135])
[2025-11-14 18:27:25,487][src.models.modules.semantic_id.tiger_generation_model][WARNING] - [rank: 0]   Hierarchy 3 shape: torch.Size([32, 6, 135])
[2025-11-14 18:27:25,487][src.models.modules.semantic_id.tiger_generation_model][WARNING] - [rank: 0]   Hierarchy 4 shape: torch.Size([32, 6, 135])
[2025-11-14 18:27:25,487][src.models.modules.semantic_id.tiger_generation_model][WARNING] - [rank: 0]   Hierarchy 5 shape: torch.Size([32, 6, 135])
[2025-11-14 18:27:25,487][src.models.modules.semantic_id.tiger_generation_model][WARNING] - [rank: 0]   Hierarchy 6 shape: torch.Size([32, 6, 135])
[2025-11-14 18:27:25,487][src.models.modules.semantic_id.tiger_generation_model][WARNING] - [rank: 0]   Hierarchy 7 shape: torch.Size([32, 6, 135])
[2025-11-14 18:27:26,062][src.models.modules.semantic_id.tiger_generation_model][INFO] - [rank: 0] Saved decoder self-attention to ./attention_weights/decoder_self_attention_batch_7.pt
[2025-11-14 18:27:26,062][src.models.modules.semantic_id.tiger_generation_model][INFO] - [rank: 0] Saved encoder attention to ./attention_weights/encoder_attention_batch_7.pt
[2025-11-14 18:27:26,062][src.models.modules.semantic_id.tiger_generation_model][INFO] - [rank: 0] Saved cross attention to ./attention_weights/cross_attention_batch_7.pt
[2025-11-14 18:27:26,069][src.models.modules.semantic_id.tiger_generation_model][INFO] - [rank: 0] 当前batch的生成语义ID Embedding相似度矩阵:
[[ 1.          0.00436447  0.00990295 -0.04383725 -0.04601817 -0.00474891
  -0.03148817 -0.10069202]
 [ 0.00436447  1.         -0.00889856 -0.02316689 -0.03440233 -0.04311108
  -0.03832492 -0.00611051]
 [ 0.00990295 -0.00889856  1.          0.03399297 -0.04319787  0.0156356
   0.01200131 -0.02500284]
 [-0.04383725 -0.02316689  0.03399297  1.          0.01028674  0.04199456
   0.01293425  0.02559778]
 [-0.04601817 -0.03440233 -0.04319787  0.01028674  1.          0.01334584
  -0.02404162  0.03378152]
 [-0.00474891 -0.04311108  0.0156356   0.04199456  0.01334584  1.
   0.0043274   0.031255  ]
 [-0.03148817 -0.03832492  0.01200131  0.01293425 -0.02404162  0.0043274
   1.0000001  -0.01706075]
 [-0.10069202 -0.00611051 -0.02500284  0.02559778  0.03378152  0.031255
  -0.01706075  1.0000001 ]]
[2025-11-14 18:27:26,301][src.models.modules.semantic_id.tiger_generation_model][INFO] - [rank: 0] 当前batch的输入Item Hierarchy Embedding相似度矩阵:
[[ 1.00000000e+00  4.08376753e-03  1.20836571e-02  6.91265846e-03
  -7.36040529e-03  1.32096605e-02 -1.73431262e-02 -7.34732449e-02]
 [ 4.08376753e-03  1.00000000e+00 -5.26212715e-03 -9.01496410e-03
  -2.53315479e-03  4.71030781e-03  4.04790975e-03  1.39813581e-02]
 [ 1.20836571e-02 -5.26212715e-03  1.00000000e+00  1.55453375e-02
  -1.41024841e-02 -8.96000583e-03  1.82290282e-02  1.61725460e-04]
 [ 6.91265846e-03 -9.01496410e-03  1.55453375e-02  1.00000000e+00
  -7.54152145e-03  1.53743550e-02 -3.75040038e-03  8.50012153e-03]
 [-7.36040529e-03 -2.53315479e-03 -1.41024841e-02 -7.54152145e-03
   1.00000000e+00 -5.38740947e-04 -1.00679686e-02  5.14358375e-03]
 [ 1.32096605e-02  4.71030781e-03 -8.96000583e-03  1.53743550e-02
  -5.38740947e-04  1.00000000e+00 -1.21917361e-02  1.22976685e-02]
 [-1.73431262e-02  4.04790975e-03  1.82290282e-02 -3.75040038e-03
  -1.00679686e-02 -1.21917361e-02  1.00000000e+00 -4.40250412e-02]
 [-7.34732449e-02  1.39813581e-02  1.61725460e-04  8.50012153e-03
   5.14358375e-03  1.22976685e-02 -4.40250412e-02  1.00000012e+00]]
[2025-11-14 18:27:27,128][src.models.modules.semantic_id.tiger_generation_model][WARNING] - [rank: 0] Failed to stack cross attentions: stack expects each tensor to be equal size, but got [32, 6, 135] at entry 0 and [32, 6, 2, 135] at entry 1
[2025-11-14 18:27:27,129][src.models.modules.semantic_id.tiger_generation_model][WARNING] - [rank: 0]   Hierarchy 0 shape: torch.Size([32, 6, 135])
[2025-11-14 18:27:27,129][src.models.modules.semantic_id.tiger_generation_model][WARNING] - [rank: 0]   Hierarchy 1 shape: torch.Size([32, 6, 2, 135])
[2025-11-14 18:27:27,129][src.models.modules.semantic_id.tiger_generation_model][WARNING] - [rank: 0]   Hierarchy 2 shape: torch.Size([32, 6, 135])
[2025-11-14 18:27:27,130][src.models.modules.semantic_id.tiger_generation_model][WARNING] - [rank: 0]   Hierarchy 3 shape: torch.Size([32, 6, 135])
[2025-11-14 18:27:27,130][src.models.modules.semantic_id.tiger_generation_model][WARNING] - [rank: 0]   Hierarchy 4 shape: torch.Size([32, 6, 135])
[2025-11-14 18:27:27,130][src.models.modules.semantic_id.tiger_generation_model][WARNING] - [rank: 0]   Hierarchy 5 shape: torch.Size([32, 6, 135])
[2025-11-14 18:27:27,130][src.models.modules.semantic_id.tiger_generation_model][WARNING] - [rank: 0]   Hierarchy 6 shape: torch.Size([32, 6, 135])
[2025-11-14 18:27:27,131][src.models.modules.semantic_id.tiger_generation_model][WARNING] - [rank: 0]   Hierarchy 7 shape: torch.Size([32, 6, 135])
[2025-11-14 18:27:28,007][src.models.modules.semantic_id.tiger_generation_model][INFO] - [rank: 0] Saved decoder self-attention to ./attention_weights/decoder_self_attention_batch_8.pt
[2025-11-14 18:27:28,008][src.models.modules.semantic_id.tiger_generation_model][INFO] - [rank: 0] Saved encoder attention to ./attention_weights/encoder_attention_batch_8.pt
[2025-11-14 18:27:28,008][src.models.modules.semantic_id.tiger_generation_model][INFO] - [rank: 0] Saved cross attention to ./attention_weights/cross_attention_batch_8.pt
[2025-11-14 18:27:28,015][src.models.modules.semantic_id.tiger_generation_model][INFO] - [rank: 0] 当前batch的生成语义ID Embedding相似度矩阵:
[[ 1.0000000e+00  4.3958612e-02 -3.1153409e-02 -3.9892059e-02
  -2.8489430e-02  3.3422054e-03  1.8338561e-02  7.3317508e-03]
 [ 4.3958612e-02  1.0000000e+00 -7.6592034e-03  1.3530605e-02
  -4.6979329e-03 -3.4509641e-03 -1.2258158e-02 -1.9361237e-03]
 [-3.1153409e-02 -7.6592034e-03  1.0000000e+00  1.2998118e-02
   2.6789512e-02 -9.7548030e-04 -8.1088133e-03  4.5307755e-02]
 [-3.9892059e-02  1.3530605e-02  1.2998118e-02  1.0000000e+00
   8.5467454e-03  1.0278780e-02 -3.9421912e-02  5.5256323e-03]
 [-2.8489430e-02 -4.6979329e-03  2.6789512e-02  8.5467454e-03
   1.0000000e+00  8.8945925e-03 -2.4913497e-02 -1.2556024e-02]
 [ 3.3422054e-03 -3.4509641e-03 -9.7548030e-04  1.0278780e-02
   8.8945925e-03  1.0000000e+00 -4.4086311e-02  6.3392185e-03]
 [ 1.8338561e-02 -1.2258158e-02 -8.1088133e-03 -3.9421912e-02
  -2.4913497e-02 -4.4086311e-02  1.0000000e+00 -1.4570573e-02]
 [ 7.3317508e-03 -1.9361237e-03  4.5307755e-02  5.5256323e-03
  -1.2556024e-02  6.3392185e-03 -1.4570573e-02  1.0000001e+00]]
[2025-11-14 18:27:28,272][src.models.modules.semantic_id.tiger_generation_model][INFO] - [rank: 0] 当前batch的输入Item Hierarchy Embedding相似度矩阵:
[[ 1.          0.0013027  -0.00402044 -0.01039819 -0.00253351 -0.00433386
  -0.01778853  0.02335086]
 [ 0.0013027   1.         -0.01081844 -0.00187792  0.00666588  0.01985804
   0.0011784   0.01045072]
 [-0.00402044 -0.01081844  1.         -0.00677424 -0.00325255  0.00410363
  -0.0111027   0.02303553]
 [-0.01039819 -0.00187792 -0.00677424  1.         -0.00980124  0.00790286
  -0.01316386  0.01593896]
 [-0.00253351  0.00666588 -0.00325255 -0.00980124  1.          0.00425047
  -0.00607252  0.02939771]
 [-0.00433386  0.01985804  0.00410363  0.00790286  0.00425047  1.
  -0.0150419   0.01143451]
 [-0.01778853  0.0011784  -0.0111027  -0.01316386 -0.00607252 -0.0150419
   1.         -0.0382029 ]
 [ 0.02335086  0.01045072  0.02303553  0.01593896  0.02939771  0.01143451
  -0.0382029   1.0000001 ]]
[2025-11-14 18:27:29,054][src.models.modules.semantic_id.tiger_generation_model][WARNING] - [rank: 0] Failed to stack cross attentions: stack expects each tensor to be equal size, but got [32, 6, 135] at entry 0 and [32, 6, 2, 135] at entry 1
[2025-11-14 18:27:29,054][src.models.modules.semantic_id.tiger_generation_model][WARNING] - [rank: 0]   Hierarchy 0 shape: torch.Size([32, 6, 135])
[2025-11-14 18:27:29,055][src.models.modules.semantic_id.tiger_generation_model][WARNING] - [rank: 0]   Hierarchy 1 shape: torch.Size([32, 6, 2, 135])
[2025-11-14 18:27:29,055][src.models.modules.semantic_id.tiger_generation_model][WARNING] - [rank: 0]   Hierarchy 2 shape: torch.Size([32, 6, 135])
[2025-11-14 18:27:29,055][src.models.modules.semantic_id.tiger_generation_model][WARNING] - [rank: 0]   Hierarchy 3 shape: torch.Size([32, 6, 135])
[2025-11-14 18:27:29,055][src.models.modules.semantic_id.tiger_generation_model][WARNING] - [rank: 0]   Hierarchy 4 shape: torch.Size([32, 6, 135])
[2025-11-14 18:27:29,055][src.models.modules.semantic_id.tiger_generation_model][WARNING] - [rank: 0]   Hierarchy 5 shape: torch.Size([32, 6, 135])
[2025-11-14 18:27:29,056][src.models.modules.semantic_id.tiger_generation_model][WARNING] - [rank: 0]   Hierarchy 6 shape: torch.Size([32, 6, 135])
[2025-11-14 18:27:29,056][src.models.modules.semantic_id.tiger_generation_model][WARNING] - [rank: 0]   Hierarchy 7 shape: torch.Size([32, 6, 135])
[2025-11-14 18:27:29,473][src.models.modules.semantic_id.tiger_generation_model][INFO] - [rank: 0] Saved decoder self-attention to ./attention_weights/decoder_self_attention_batch_9.pt
[2025-11-14 18:27:29,473][src.models.modules.semantic_id.tiger_generation_model][INFO] - [rank: 0] Saved encoder attention to ./attention_weights/encoder_attention_batch_9.pt
[2025-11-14 18:27:29,474][src.models.modules.semantic_id.tiger_generation_model][INFO] - [rank: 0] Saved cross attention to ./attention_weights/cross_attention_batch_9.pt
[2025-11-14 18:27:29,479][src.models.modules.semantic_id.tiger_generation_model][INFO] - [rank: 0] 当前batch的生成语义ID Embedding相似度矩阵:
[[ 1.0000001   0.02540627 -0.01752837 -0.03472571  0.02879711  0.01030311
  -0.01181868 -0.05726074]
 [ 0.02540627  1.          0.00909561  0.02105372  0.04004028  0.00424395
   0.02812529 -0.02906821]
 [-0.01752837  0.00909561  0.9999999   0.01036378 -0.00166261  0.00772199
  -0.0012475  -0.01362806]
 [-0.03472571  0.02105372  0.01036378  1.         -0.00911043 -0.00855638
  -0.00742488 -0.02167923]
 [ 0.02879711  0.04004028 -0.00166261 -0.00911043  1.         -0.05848362
  -0.01591507  0.026552  ]
 [ 0.01030311  0.00424395  0.00772199 -0.00855638 -0.05848362  1.
  -0.02327397 -0.01399469]
 [-0.01181868  0.02812529 -0.0012475  -0.00742488 -0.01591507 -0.02327397
   1.         -0.02164753]
 [-0.05726074 -0.02906821 -0.01362806 -0.02167923  0.026552   -0.01399469
  -0.02164753  1.0000001 ]]
[2025-11-14 18:27:29,699][src.models.modules.semantic_id.tiger_generation_model][INFO] - [rank: 0] 当前batch的输入Item Hierarchy Embedding相似度矩阵:
[[ 1.00000012e+00  2.48934254e-02 -1.45297858e-03 -8.97592958e-03
   2.32899152e-02  2.14080885e-02 -9.98399500e-03 -6.75762147e-02]
 [ 2.48934254e-02  1.00000000e+00 -5.60161797e-03  2.17044521e-02
   1.52541185e-02 -1.79922171e-02  2.00542109e-03  1.73691530e-02]
 [-1.45297858e-03 -5.60161797e-03  1.00000000e+00  2.60438491e-02
   1.39783742e-03  1.19539313e-02 -5.19124884e-03 -1.89394113e-02]
 [-8.97592958e-03  2.17044521e-02  2.60438491e-02  1.00000000e+00
   4.92691807e-03 -8.56980868e-03  1.09540848e-02 -1.21329846e-04]
 [ 2.32899152e-02  1.52541185e-02  1.39783742e-03  4.92691807e-03
   1.00000000e+00 -4.37142700e-03 -1.83524005e-02  1.38244377e-02]
 [ 2.14080885e-02 -1.79922171e-02  1.19539313e-02 -8.56980868e-03
  -4.37142700e-03  1.00000000e+00 -1.08094886e-02 -1.89880822e-02]
 [-9.98399500e-03  2.00542109e-03 -5.19124884e-03  1.09540848e-02
  -1.83524005e-02 -1.08094886e-02  1.00000000e+00 -6.78487346e-02]
 [-6.75762147e-02  1.73691530e-02 -1.89394113e-02 -1.21329846e-04
   1.38244377e-02 -1.89880822e-02 -6.78487346e-02  1.00000012e+00]]
[2025-11-14 18:27:30,707][src.models.modules.semantic_id.tiger_generation_model][WARNING] - [rank: 0] Failed to stack cross attentions: stack expects each tensor to be equal size, but got [32, 6, 135] at entry 0 and [32, 6, 2, 135] at entry 1
[2025-11-14 18:27:30,707][src.models.modules.semantic_id.tiger_generation_model][WARNING] - [rank: 0]   Hierarchy 0 shape: torch.Size([32, 6, 135])
[2025-11-14 18:27:30,708][src.models.modules.semantic_id.tiger_generation_model][WARNING] - [rank: 0]   Hierarchy 1 shape: torch.Size([32, 6, 2, 135])
[2025-11-14 18:27:30,708][src.models.modules.semantic_id.tiger_generation_model][WARNING] - [rank: 0]   Hierarchy 2 shape: torch.Size([32, 6, 135])
[2025-11-14 18:27:30,708][src.models.modules.semantic_id.tiger_generation_model][WARNING] - [rank: 0]   Hierarchy 3 shape: torch.Size([32, 6, 135])
[2025-11-14 18:27:30,708][src.models.modules.semantic_id.tiger_generation_model][WARNING] - [rank: 0]   Hierarchy 4 shape: torch.Size([32, 6, 135])
[2025-11-14 18:27:30,708][src.models.modules.semantic_id.tiger_generation_model][WARNING] - [rank: 0]   Hierarchy 5 shape: torch.Size([32, 6, 135])
[2025-11-14 18:27:30,708][src.models.modules.semantic_id.tiger_generation_model][WARNING] - [rank: 0]   Hierarchy 6 shape: torch.Size([32, 6, 135])
[2025-11-14 18:27:30,709][src.models.modules.semantic_id.tiger_generation_model][WARNING] - [rank: 0]   Hierarchy 7 shape: torch.Size([32, 6, 135])
[2025-11-14 18:27:31,078][src.models.modules.semantic_id.tiger_generation_model][INFO] - [rank: 0] Saved decoder self-attention to ./attention_weights/decoder_self_attention_batch_10.pt
[2025-11-14 18:27:31,078][src.models.modules.semantic_id.tiger_generation_model][INFO] - [rank: 0] Saved encoder attention to ./attention_weights/encoder_attention_batch_10.pt
[2025-11-14 18:27:31,079][src.models.modules.semantic_id.tiger_generation_model][INFO] - [rank: 0] Saved cross attention to ./attention_weights/cross_attention_batch_10.pt
[2025-11-14 18:27:31,085][src.models.modules.semantic_id.tiger_generation_model][INFO] - [rank: 0] 当前batch的生成语义ID Embedding相似度矩阵:
[[ 1.00000000e+00  1.89781040e-02 -1.29291776e-03  2.94236969e-02
  -2.56103110e-02 -2.66378596e-02  9.21049528e-03  1.41848810e-04]
 [ 1.89781040e-02  9.99999940e-01 -7.07839429e-03  2.69493982e-02
  -2.36028321e-02  1.42967002e-02  1.58637725e-02 -2.84740631e-03]
 [-1.29291776e-03 -7.07839429e-03  1.00000000e+00 -1.04203550e-02
   3.19967279e-04  2.84250220e-03 -7.06692459e-03 -7.34346732e-03]
 [ 2.94236969e-02  2.69493982e-02 -1.04203550e-02  1.00000000e+00
  -1.20082870e-03  1.11300265e-04 -2.75215786e-02  1.59708858e-02]
 [-2.56103110e-02 -2.36028321e-02  3.19967279e-04 -1.20082870e-03
   1.00000000e+00 -2.67713331e-02  1.14254728e-02 -1.04639139e-02]
 [-2.66378596e-02  1.42967002e-02  2.84250220e-03  1.11300265e-04
  -2.67713331e-02  1.00000000e+00 -1.44176008e-02  4.98518115e-04]
 [ 9.21049528e-03  1.58637725e-02 -7.06692459e-03 -2.75215786e-02
   1.14254728e-02 -1.44176008e-02  1.00000000e+00 -3.74217182e-02]
 [ 1.41848810e-04 -2.84740631e-03 -7.34346732e-03  1.59708858e-02
  -1.04639139e-02  4.98518115e-04 -3.74217182e-02  1.00000012e+00]]
[2025-11-14 18:27:31,399][src.models.modules.semantic_id.tiger_generation_model][INFO] - [rank: 0] 当前batch的输入Item Hierarchy Embedding相似度矩阵:
[[ 1.00000000e+00  1.06244832e-02 -1.52840186e-02  1.78058326e-04
   8.07890110e-03  6.00219378e-03  1.87604558e-02  1.56597886e-02]
 [ 1.06244832e-02  1.00000000e+00 -7.61644030e-03 -2.07998999e-03
   8.35971849e-04 -1.09614776e-02  6.33043889e-03  6.60434831e-03]
 [-1.52840186e-02 -7.61644030e-03  1.00000000e+00 -3.27873579e-03
  -1.98896090e-03  1.09199490e-02 -1.71988774e-02 -3.77729675e-03]
 [ 1.78058326e-04 -2.07998999e-03 -3.27873579e-03  1.00000000e+00
  -4.98833461e-03  2.95726191e-02  9.93889384e-03  2.92465393e-03]
 [ 8.07890110e-03  8.35971849e-04 -1.98896090e-03 -4.98833461e-03
   1.00000000e+00  4.68003191e-03  8.08921829e-03  1.05865225e-02]
 [ 6.00219378e-03 -1.09614776e-02  1.09199490e-02  2.95726191e-02
   4.68003191e-03  1.00000000e+00 -1.21181644e-02 -8.51824600e-03]
 [ 1.87604558e-02  6.33043889e-03 -1.71988774e-02  9.93889384e-03
   8.08921829e-03 -1.21181644e-02  1.00000000e+00 -4.65372205e-02]
 [ 1.56597886e-02  6.60434831e-03 -3.77729675e-03  2.92465393e-03
   1.05865225e-02 -8.51824600e-03 -4.65372205e-02  1.00000012e+00]]
[2025-11-14 18:27:32,293][src.models.modules.semantic_id.tiger_generation_model][WARNING] - [rank: 0] Failed to stack cross attentions: stack expects each tensor to be equal size, but got [32, 6, 135] at entry 0 and [32, 6, 2, 135] at entry 1
[2025-11-14 18:27:32,294][src.models.modules.semantic_id.tiger_generation_model][WARNING] - [rank: 0]   Hierarchy 0 shape: torch.Size([32, 6, 135])
[2025-11-14 18:27:32,294][src.models.modules.semantic_id.tiger_generation_model][WARNING] - [rank: 0]   Hierarchy 1 shape: torch.Size([32, 6, 2, 135])
[2025-11-14 18:27:32,295][src.models.modules.semantic_id.tiger_generation_model][WARNING] - [rank: 0]   Hierarchy 2 shape: torch.Size([32, 6, 135])
[2025-11-14 18:27:32,295][src.models.modules.semantic_id.tiger_generation_model][WARNING] - [rank: 0]   Hierarchy 3 shape: torch.Size([32, 6, 135])
[2025-11-14 18:27:32,296][src.models.modules.semantic_id.tiger_generation_model][WARNING] - [rank: 0]   Hierarchy 4 shape: torch.Size([32, 6, 135])
[2025-11-14 18:27:32,296][src.models.modules.semantic_id.tiger_generation_model][WARNING] - [rank: 0]   Hierarchy 5 shape: torch.Size([32, 6, 135])
[2025-11-14 18:27:32,297][src.models.modules.semantic_id.tiger_generation_model][WARNING] - [rank: 0]   Hierarchy 6 shape: torch.Size([32, 6, 135])
[2025-11-14 18:27:32,297][src.models.modules.semantic_id.tiger_generation_model][WARNING] - [rank: 0]   Hierarchy 7 shape: torch.Size([32, 6, 135])
[2025-11-14 18:27:32,555][src.models.modules.semantic_id.tiger_generation_model][INFO] - [rank: 0] Saved decoder self-attention to ./attention_weights/decoder_self_attention_batch_11.pt
[2025-11-14 18:27:32,556][src.models.modules.semantic_id.tiger_generation_model][INFO] - [rank: 0] Saved encoder attention to ./attention_weights/encoder_attention_batch_11.pt
[2025-11-14 18:27:32,557][src.models.modules.semantic_id.tiger_generation_model][INFO] - [rank: 0] Saved cross attention to ./attention_weights/cross_attention_batch_11.pt
[2025-11-14 18:27:32,564][src.models.modules.semantic_id.tiger_generation_model][INFO] - [rank: 0] 当前batch的生成语义ID Embedding相似度矩阵:
[[ 1.0000000e+00  1.2323251e-02 -2.7403710e-03 -2.6014401e-02
  -3.8107149e-02 -2.2827713e-02 -3.6144285e-03  2.4772342e-03]
 [ 1.2323251e-02  9.9999994e-01  2.3515817e-02  9.9627152e-03
  -7.9715932e-03 -2.2789249e-03  2.0548182e-02  1.2159703e-02]
 [-2.7403710e-03  2.3515817e-02  1.0000000e+00  7.7918200e-03
  -5.1624551e-03  2.5119960e-02 -1.7033270e-02  3.8840465e-02]
 [-2.6014401e-02  9.9627152e-03  7.7918200e-03  1.0000000e+00
  -7.8578200e-03  1.0426479e-02 -8.1298854e-03 -1.4466585e-02]
 [-3.8107149e-02 -7.9715932e-03 -5.1624551e-03 -7.8578200e-03
   1.0000000e+00  2.0082500e-02 -1.3310961e-02  1.6941000e-02]
 [-2.2827713e-02 -2.2789249e-03  2.5119960e-02  1.0426479e-02
   2.0082500e-02  1.0000000e+00  1.2000766e-02 -8.4158685e-03]
 [-3.6144285e-03  2.0548182e-02 -1.7033270e-02 -8.1298854e-03
  -1.3310961e-02  1.2000766e-02  1.0000000e+00  8.4816990e-04]
 [ 2.4772342e-03  1.2159703e-02  3.8840465e-02 -1.4466585e-02
   1.6941000e-02 -8.4158685e-03  8.4816990e-04  1.0000001e+00]]
[2025-11-14 18:27:33,206][src.models.modules.semantic_id.tiger_generation_model][INFO] - [rank: 0] 当前batch的输入Item Hierarchy Embedding相似度矩阵:
[[ 1.00000000e+00 -4.76998603e-03  9.80470097e-04 -8.16154759e-03
  -2.99582351e-03 -1.45150954e-02 -9.80392564e-03  2.01307945e-02]
 [-4.76998603e-03  1.00000000e+00 -6.60524191e-03 -6.48296019e-03
  -5.53443562e-03  5.69615373e-03 -6.96619414e-03 -3.05369776e-03]
 [ 9.80470097e-04 -6.60524191e-03  1.00000000e+00  4.90315305e-03
  -3.91826779e-03  3.67195066e-03 -1.55906836e-02  3.79860238e-03]
 [-8.16154759e-03 -6.48296019e-03  4.90315305e-03  1.00000000e+00
   1.49635214e-03 -4.05176030e-03 -9.97500494e-03  1.35512855e-02]
 [-2.99582351e-03 -5.53443562e-03 -3.91826779e-03  1.49635214e-03
   1.00000000e+00  1.41948499e-02  3.72580835e-03  1.22891292e-02]
 [-1.45150954e-02  5.69615373e-03  3.67195066e-03 -4.05176030e-03
   1.41948499e-02  1.00000000e+00 -1.20224049e-02 -3.04854685e-03]
 [-9.80392564e-03 -6.96619414e-03 -1.55906836e-02 -9.97500494e-03
   3.72580835e-03 -1.20224049e-02  1.00000000e+00 -2.47000623e-02]
 [ 2.01307945e-02 -3.05369776e-03  3.79860238e-03  1.35512855e-02
   1.22891292e-02 -3.04854685e-03 -2.47000623e-02  1.00000012e+00]]
[2025-11-14 18:27:34,161][src.models.modules.semantic_id.tiger_generation_model][WARNING] - [rank: 0] Failed to stack cross attentions: stack expects each tensor to be equal size, but got [32, 6, 135] at entry 0 and [32, 6, 2, 135] at entry 1
[2025-11-14 18:27:34,161][src.models.modules.semantic_id.tiger_generation_model][WARNING] - [rank: 0]   Hierarchy 0 shape: torch.Size([32, 6, 135])
[2025-11-14 18:27:34,162][src.models.modules.semantic_id.tiger_generation_model][WARNING] - [rank: 0]   Hierarchy 1 shape: torch.Size([32, 6, 2, 135])
[2025-11-14 18:27:34,162][src.models.modules.semantic_id.tiger_generation_model][WARNING] - [rank: 0]   Hierarchy 2 shape: torch.Size([32, 6, 135])
[2025-11-14 18:27:34,162][src.models.modules.semantic_id.tiger_generation_model][WARNING] - [rank: 0]   Hierarchy 3 shape: torch.Size([32, 6, 135])
[2025-11-14 18:27:34,162][src.models.modules.semantic_id.tiger_generation_model][WARNING] - [rank: 0]   Hierarchy 4 shape: torch.Size([32, 6, 135])
[2025-11-14 18:27:34,162][src.models.modules.semantic_id.tiger_generation_model][WARNING] - [rank: 0]   Hierarchy 5 shape: torch.Size([32, 6, 135])
[2025-11-14 18:27:34,163][src.models.modules.semantic_id.tiger_generation_model][WARNING] - [rank: 0]   Hierarchy 6 shape: torch.Size([32, 6, 135])
[2025-11-14 18:27:34,163][src.models.modules.semantic_id.tiger_generation_model][WARNING] - [rank: 0]   Hierarchy 7 shape: torch.Size([32, 6, 135])
[2025-11-14 18:27:35,057][src.models.modules.semantic_id.tiger_generation_model][INFO] - [rank: 0] Saved decoder self-attention to ./attention_weights/decoder_self_attention_batch_12.pt
[2025-11-14 18:27:35,058][src.models.modules.semantic_id.tiger_generation_model][INFO] - [rank: 0] Saved encoder attention to ./attention_weights/encoder_attention_batch_12.pt
[2025-11-14 18:27:35,058][src.models.modules.semantic_id.tiger_generation_model][INFO] - [rank: 0] Saved cross attention to ./attention_weights/cross_attention_batch_12.pt
[2025-11-14 18:27:35,066][src.models.modules.semantic_id.tiger_generation_model][INFO] - [rank: 0] 当前batch的生成语义ID Embedding相似度矩阵:
[[ 1.          0.00271674  0.00426257 -0.03883827 -0.01059177 -0.01240876
   0.00978053  0.01778958]
 [ 0.00271674  1.          0.013783    0.01296883  0.00497031  0.017827
   0.01004041 -0.03229431]
 [ 0.00426257  0.013783    0.99999994  0.01751515  0.00771923  0.02153007
  -0.00637976 -0.00153448]
 [-0.03883827  0.01296883  0.01751515  1.         -0.04249188  0.02266138
  -0.01867629  0.03222702]
 [-0.01059177  0.00497031  0.00771923 -0.04249188  1.         -0.03101936
  -0.01642945 -0.01038288]
 [-0.01240876  0.017827    0.02153007  0.02266138 -0.03101936  1.
  -0.00855674 -0.00822057]
 [ 0.00978053  0.01004041 -0.00637976 -0.01867629 -0.01642945 -0.00855674
   1.         -0.03559386]
 [ 0.01778958 -0.03229431 -0.00153448  0.03222702 -0.01038288 -0.00822057
  -0.03559386  1.0000001 ]]
[2025-11-14 18:27:35,487][src.models.modules.semantic_id.tiger_generation_model][INFO] - [rank: 0] 当前batch的输入Item Hierarchy Embedding相似度矩阵:
[[ 1.0000000e+00  6.9045974e-03  2.4324998e-03  8.6554021e-05
  -6.9659362e-03  6.5738815e-03 -4.8808018e-03  1.1227450e-02]
 [ 6.9045974e-03  1.0000000e+00 -4.5183334e-03 -3.7685863e-03
   4.0154583e-03  6.0152315e-04  3.8131459e-03  6.4599835e-03]
 [ 2.4324998e-03 -4.5183334e-03  1.0000000e+00  4.4670640e-03
   8.4600905e-03  6.7902240e-03 -7.3071779e-03  1.5110066e-03]
 [ 8.6554021e-05 -3.7685863e-03  4.4670640e-03  1.0000000e+00
  -2.5376599e-04  6.0379598e-03 -7.5765671e-03  1.2812686e-02]
 [-6.9659362e-03  4.0154583e-03  8.4600905e-03 -2.5376599e-04
   1.0000000e+00  3.3196106e-03 -4.4146604e-03  1.4130911e-02]
 [ 6.5738815e-03  6.0152315e-04  6.7902240e-03  6.0379598e-03
   3.3196106e-03  1.0000000e+00 -9.9319760e-03  3.4778118e-03]
 [-4.8808018e-03  3.8131459e-03 -7.3071779e-03 -7.5765671e-03
  -4.4146604e-03 -9.9319760e-03  1.0000000e+00 -3.9769962e-02]
 [ 1.1227450e-02  6.4599835e-03  1.5110066e-03  1.2812686e-02
   1.4130911e-02  3.4778118e-03 -3.9769962e-02  1.0000001e+00]]
[2025-11-14 18:27:36,430][src.models.modules.semantic_id.tiger_generation_model][WARNING] - [rank: 0] Failed to stack cross attentions: stack expects each tensor to be equal size, but got [32, 6, 135] at entry 0 and [32, 6, 2, 135] at entry 1
[2025-11-14 18:27:36,447][src.models.modules.semantic_id.tiger_generation_model][WARNING] - [rank: 0]   Hierarchy 0 shape: torch.Size([32, 6, 135])
[2025-11-14 18:27:36,448][src.models.modules.semantic_id.tiger_generation_model][WARNING] - [rank: 0]   Hierarchy 1 shape: torch.Size([32, 6, 2, 135])
[2025-11-14 18:27:36,448][src.models.modules.semantic_id.tiger_generation_model][WARNING] - [rank: 0]   Hierarchy 2 shape: torch.Size([32, 6, 135])
[2025-11-14 18:27:36,448][src.models.modules.semantic_id.tiger_generation_model][WARNING] - [rank: 0]   Hierarchy 3 shape: torch.Size([32, 6, 135])
[2025-11-14 18:27:36,448][src.models.modules.semantic_id.tiger_generation_model][WARNING] - [rank: 0]   Hierarchy 4 shape: torch.Size([32, 6, 135])
[2025-11-14 18:27:36,448][src.models.modules.semantic_id.tiger_generation_model][WARNING] - [rank: 0]   Hierarchy 5 shape: torch.Size([32, 6, 135])
[2025-11-14 18:27:36,449][src.models.modules.semantic_id.tiger_generation_model][WARNING] - [rank: 0]   Hierarchy 6 shape: torch.Size([32, 6, 135])
[2025-11-14 18:27:36,449][src.models.modules.semantic_id.tiger_generation_model][WARNING] - [rank: 0]   Hierarchy 7 shape: torch.Size([32, 6, 135])
[2025-11-14 18:27:36,876][src.models.modules.semantic_id.tiger_generation_model][INFO] - [rank: 0] Saved decoder self-attention to ./attention_weights/decoder_self_attention_batch_13.pt
[2025-11-14 18:27:36,877][src.models.modules.semantic_id.tiger_generation_model][INFO] - [rank: 0] Saved encoder attention to ./attention_weights/encoder_attention_batch_13.pt
[2025-11-14 18:27:36,878][src.models.modules.semantic_id.tiger_generation_model][INFO] - [rank: 0] Saved cross attention to ./attention_weights/cross_attention_batch_13.pt
[2025-11-14 18:27:36,884][src.models.modules.semantic_id.tiger_generation_model][INFO] - [rank: 0] 当前batch的生成语义ID Embedding相似度矩阵:
[[ 1.0000000e+00  3.2708526e-02  2.3170840e-04  1.9193996e-02
  -4.0316395e-02 -1.0234847e-02 -2.7340064e-02 -3.4618257e-03]
 [ 3.2708526e-02  1.0000000e+00  2.1797506e-02  1.9502498e-02
   9.5984759e-03 -2.3020785e-03  3.1051993e-02 -1.0191198e-03]
 [ 2.3170840e-04  2.1797506e-02  1.0000000e+00 -5.2328045e-03
  -5.9901583e-03  1.8776197e-02  1.7107755e-04 -5.8823884e-03]
 [ 1.9193996e-02  1.9502498e-02 -5.2328045e-03  1.0000000e+00
  -3.0959602e-02 -2.5912590e-02 -3.8075726e-02  2.6329979e-04]
 [-4.0316395e-02  9.5984759e-03 -5.9901583e-03 -3.0959602e-02
   1.0000000e+00 -3.3804577e-02 -1.7743248e-02 -3.1539880e-02]
 [-1.0234847e-02 -2.3020785e-03  1.8776197e-02 -2.5912590e-02
  -3.3804577e-02  1.0000000e+00 -2.2634566e-02  2.4406556e-03]
 [-2.7340064e-02  3.1051993e-02  1.7107755e-04 -3.8075726e-02
  -1.7743248e-02 -2.2634566e-02  1.0000000e+00 -2.4227630e-02]
 [-3.4618257e-03 -1.0191198e-03 -5.8823884e-03  2.6329979e-04
  -3.1539880e-02  2.4406556e-03 -2.4227630e-02  1.0000001e+00]]
[2025-11-14 18:27:37,359][src.models.modules.semantic_id.tiger_generation_model][INFO] - [rank: 0] 当前batch的输入Item Hierarchy Embedding相似度矩阵:
[[ 1.0000000e+00 -1.2369737e-02 -6.8396498e-03  1.2862487e-03
   4.4878167e-03 -5.3543947e-03 -2.0110260e-03  7.9365950e-03]
 [-1.2369737e-02  1.0000000e+00  7.6500955e-03  2.2836566e-02
   3.1625830e-02 -1.0309873e-02 -8.3701694e-03  3.6862481e-03]
 [-6.8396498e-03  7.6500955e-03  1.0000000e+00 -1.1926836e-02
  -7.5447327e-03 -3.0357258e-03  5.1363017e-03  6.8005822e-03]
 [ 1.2862487e-03  2.2836566e-02 -1.1926836e-02  1.0000000e+00
   1.1198592e-02  1.0298513e-02 -4.8288973e-03 -1.2338372e-03]
 [ 4.4878167e-03  3.1625830e-02 -7.5447327e-03  1.1198592e-02
   1.0000000e+00  8.0564678e-05 -1.1062028e-02  7.9559358e-03]
 [-5.3543947e-03 -1.0309873e-02 -3.0357258e-03  1.0298513e-02
   8.0564678e-05  1.0000000e+00 -1.2763097e-03  1.0057648e-02]
 [-2.0110260e-03 -8.3701694e-03  5.1363017e-03 -4.8288973e-03
  -1.1062028e-02 -1.2763097e-03  1.0000000e+00 -2.3181669e-02]
 [ 7.9365950e-03  3.6862481e-03  6.8005822e-03 -1.2338372e-03
   7.9559358e-03  1.0057648e-02 -2.3181669e-02  1.0000001e+00]]
[2025-11-14 18:27:38,269][src.models.modules.semantic_id.tiger_generation_model][WARNING] - [rank: 0] Failed to stack cross attentions: stack expects each tensor to be equal size, but got [32, 6, 135] at entry 0 and [32, 6, 2, 135] at entry 1
[2025-11-14 18:27:38,270][src.models.modules.semantic_id.tiger_generation_model][WARNING] - [rank: 0]   Hierarchy 0 shape: torch.Size([32, 6, 135])
[2025-11-14 18:27:38,271][src.models.modules.semantic_id.tiger_generation_model][WARNING] - [rank: 0]   Hierarchy 1 shape: torch.Size([32, 6, 2, 135])
[2025-11-14 18:27:38,272][src.models.modules.semantic_id.tiger_generation_model][WARNING] - [rank: 0]   Hierarchy 2 shape: torch.Size([32, 6, 135])
[2025-11-14 18:27:38,274][src.models.modules.semantic_id.tiger_generation_model][WARNING] - [rank: 0]   Hierarchy 3 shape: torch.Size([32, 6, 135])
[2025-11-14 18:27:38,275][src.models.modules.semantic_id.tiger_generation_model][WARNING] - [rank: 0]   Hierarchy 4 shape: torch.Size([32, 6, 135])
[2025-11-14 18:27:38,276][src.models.modules.semantic_id.tiger_generation_model][WARNING] - [rank: 0]   Hierarchy 5 shape: torch.Size([32, 6, 135])
[2025-11-14 18:27:38,281][src.models.modules.semantic_id.tiger_generation_model][WARNING] - [rank: 0]   Hierarchy 6 shape: torch.Size([32, 6, 135])
[2025-11-14 18:27:38,282][src.models.modules.semantic_id.tiger_generation_model][WARNING] - [rank: 0]   Hierarchy 7 shape: torch.Size([32, 6, 135])
[2025-11-14 18:27:38,599][src.models.modules.semantic_id.tiger_generation_model][INFO] - [rank: 0] Saved decoder self-attention to ./attention_weights/decoder_self_attention_batch_14.pt
[2025-11-14 18:27:38,599][src.models.modules.semantic_id.tiger_generation_model][INFO] - [rank: 0] Saved encoder attention to ./attention_weights/encoder_attention_batch_14.pt
[2025-11-14 18:27:38,600][src.models.modules.semantic_id.tiger_generation_model][INFO] - [rank: 0] Saved cross attention to ./attention_weights/cross_attention_batch_14.pt
[2025-11-14 18:27:38,605][src.models.modules.semantic_id.tiger_generation_model][INFO] - [rank: 0] 当前batch的生成语义ID Embedding相似度矩阵:
[[ 1.          0.05764563  0.05344575  0.03314672 -0.04542923 -0.0212386
  -0.02352547 -0.02603824]
 [ 0.05764563  0.99999976 -0.03084372 -0.06125773 -0.04942985 -0.06654724
  -0.10263468 -0.01848618]
 [ 0.05344575 -0.03084372  1.          0.06360584 -0.01028119  0.01671789
  -0.03320614  0.02758994]
 [ 0.03314672 -0.06125773  0.06360584  1.          0.03223581  0.0156865
   0.02842521  0.04549925]
 [-0.04542923 -0.04942985 -0.01028119  0.03223581  1.          0.06191447
  -0.02050343  0.03677678]
 [-0.0212386  -0.06654724  0.01671789  0.0156865   0.06191447  1.0000001
  -0.01718644  0.10955693]
 [-0.02352547 -0.10263468 -0.03320614  0.02842521 -0.02050343 -0.01718644
   1.         -0.07550407]
 [-0.02603824 -0.01848618  0.02758994  0.04549925  0.03677678  0.10955693
  -0.07550407  1.0000001 ]]
[2025-11-14 18:27:38,723][src.models.modules.semantic_id.tiger_generation_model][INFO] - [rank: 0] 当前batch的输入Item Hierarchy Embedding相似度矩阵:
[[ 1.00000000e+00  3.35742510e-03  1.16846310e-02 -1.05333049e-02
  -1.21747712e-02 -3.17605957e-03 -1.35004912e-02 -3.16939913e-02]
 [ 3.35742510e-03  1.00000000e+00  1.60562433e-02  1.91222306e-03
   1.03814295e-02  1.29547808e-02 -1.67936031e-02 -4.72514285e-03]
 [ 1.16846310e-02  1.60562433e-02  1.00000000e+00  1.45271616e-02
   2.40640319e-03  7.00613018e-03  9.98566975e-04 -1.62224064e-03]
 [-1.05333049e-02  1.91222306e-03  1.45271616e-02  1.00000000e+00
  -7.33144209e-03  1.31393895e-02  2.71349261e-03 -8.15412262e-04]
 [-1.21747712e-02  1.03814295e-02  2.40640319e-03 -7.33144209e-03
   1.00000000e+00 -1.01410365e-02 -6.90135267e-03  1.37651041e-02]
 [-3.17605957e-03  1.29547808e-02  7.00613018e-03  1.31393895e-02
  -1.01410365e-02  1.00000000e+00  1.55440345e-03  9.06183384e-03]
 [-1.35004912e-02 -1.67936031e-02  9.98566975e-04  2.71349261e-03
  -6.90135267e-03  1.55440345e-03  1.00000000e+00 -5.01575842e-02]
 [-3.16939913e-02 -4.72514285e-03 -1.62224064e-03 -8.15412262e-04
   1.37651041e-02  9.06183384e-03 -5.01575842e-02  1.00000012e+00]]
[2025-11-14 18:27:39,744][src.models.modules.semantic_id.tiger_generation_model][WARNING] - [rank: 0] Failed to stack cross attentions: stack expects each tensor to be equal size, but got [32, 6, 135] at entry 0 and [32, 6, 2, 135] at entry 1
[2025-11-14 18:27:39,744][src.models.modules.semantic_id.tiger_generation_model][WARNING] - [rank: 0]   Hierarchy 0 shape: torch.Size([32, 6, 135])
[2025-11-14 18:27:39,745][src.models.modules.semantic_id.tiger_generation_model][WARNING] - [rank: 0]   Hierarchy 1 shape: torch.Size([32, 6, 2, 135])
[2025-11-14 18:27:39,745][src.models.modules.semantic_id.tiger_generation_model][WARNING] - [rank: 0]   Hierarchy 2 shape: torch.Size([32, 6, 135])
[2025-11-14 18:27:39,745][src.models.modules.semantic_id.tiger_generation_model][WARNING] - [rank: 0]   Hierarchy 3 shape: torch.Size([32, 6, 135])
[2025-11-14 18:27:39,746][src.models.modules.semantic_id.tiger_generation_model][WARNING] - [rank: 0]   Hierarchy 4 shape: torch.Size([32, 6, 135])
[2025-11-14 18:27:39,746][src.models.modules.semantic_id.tiger_generation_model][WARNING] - [rank: 0]   Hierarchy 5 shape: torch.Size([32, 6, 135])
[2025-11-14 18:27:39,746][src.models.modules.semantic_id.tiger_generation_model][WARNING] - [rank: 0]   Hierarchy 6 shape: torch.Size([32, 6, 135])
[2025-11-14 18:27:39,746][src.models.modules.semantic_id.tiger_generation_model][WARNING] - [rank: 0]   Hierarchy 7 shape: torch.Size([32, 6, 135])
[2025-11-14 18:27:40,161][src.models.modules.semantic_id.tiger_generation_model][INFO] - [rank: 0] Saved decoder self-attention to ./attention_weights/decoder_self_attention_batch_15.pt
[2025-11-14 18:27:40,162][src.models.modules.semantic_id.tiger_generation_model][INFO] - [rank: 0] Saved encoder attention to ./attention_weights/encoder_attention_batch_15.pt
[2025-11-14 18:27:40,162][src.models.modules.semantic_id.tiger_generation_model][INFO] - [rank: 0] Saved cross attention to ./attention_weights/cross_attention_batch_15.pt
[2025-11-14 18:27:40,167][src.models.modules.semantic_id.tiger_generation_model][INFO] - [rank: 0] 当前batch的生成语义ID Embedding相似度矩阵:
[[ 1.          0.05107873 -0.05100593 -0.03695069 -0.02423762 -0.01932794
   0.00570712  0.0149566 ]
 [ 0.05107873  1.          0.00671911 -0.01758227 -0.00762744 -0.05194655
   0.00758287 -0.03382639]
 [-0.05100593  0.00671911  1.          0.00905814  0.01411025 -0.0113146
  -0.00795583  0.01721673]
 [-0.03695069 -0.01758227  0.00905814  1.          0.03445301  0.02811174
  -0.03333436 -0.00629799]
 [-0.02423762 -0.00762744  0.01411025  0.03445301  1.          0.00866142
  -0.00491763 -0.01707394]
 [-0.01932794 -0.05194655 -0.0113146   0.02811174  0.00866142  1.
  -0.01956984  0.02644821]
 [ 0.00570712  0.00758287 -0.00795583 -0.03333436 -0.00491763 -0.01956984
   1.         -0.06857409]
 [ 0.0149566  -0.03382639  0.01721673 -0.00629799 -0.01707394  0.02644821
  -0.06857409  1.0000001 ]]
[2025-11-14 18:27:40,763][src.models.modules.semantic_id.tiger_generation_model][INFO] - [rank: 0] 当前batch的输入Item Hierarchy Embedding相似度矩阵:
[[ 9.9999994e-01  9.8350476e-03 -2.3348149e-02 -2.1002550e-02
  -2.0996122e-02 -3.8170095e-03 -1.9344382e-03  1.2935563e-02]
 [ 9.8350476e-03  9.9999994e-01 -2.3597903e-03 -5.6881956e-03
   2.5424084e-03  7.6199061e-04  9.1998596e-03  3.0937412e-05]
 [-2.3348149e-02 -2.3597903e-03  9.9999994e-01  1.9933565e-03
  -1.7508005e-03 -1.6915773e-03 -5.5693003e-04  8.3252648e-03]
 [-2.1002550e-02 -5.6881956e-03  1.9933565e-03  9.9999994e-01
   4.2478365e-04 -1.7420285e-03 -5.9688338e-03  1.9996623e-04]
 [-2.0996122e-02  2.5424084e-03 -1.7508005e-03  4.2478365e-04
   9.9999994e-01 -2.6214524e-04 -3.2031219e-03  2.0681059e-02]
 [-3.8170095e-03  7.6199061e-04 -1.6915773e-03 -1.7420285e-03
  -2.6214524e-04  9.9999994e-01 -1.2896169e-02 -2.7491106e-03]
 [-1.9344382e-03  9.1998596e-03 -5.5693003e-04 -5.9688338e-03
  -3.2031219e-03 -1.2896169e-02  9.9999994e-01 -1.5708910e-02]
 [ 1.2935563e-02  3.0937412e-05  8.3252648e-03  1.9996623e-04
   2.0681059e-02 -2.7491106e-03 -1.5708910e-02  1.0000000e+00]]
[2025-11-14 18:27:41,400][src.models.modules.semantic_id.tiger_generation_model][WARNING] - [rank: 0] Failed to stack cross attentions: stack expects each tensor to be equal size, but got [32, 6, 135] at entry 0 and [32, 6, 2, 135] at entry 1
[2025-11-14 18:27:41,400][src.models.modules.semantic_id.tiger_generation_model][WARNING] - [rank: 0]   Hierarchy 0 shape: torch.Size([32, 6, 135])
[2025-11-14 18:27:41,400][src.models.modules.semantic_id.tiger_generation_model][WARNING] - [rank: 0]   Hierarchy 1 shape: torch.Size([32, 6, 2, 135])
[2025-11-14 18:27:41,401][src.models.modules.semantic_id.tiger_generation_model][WARNING] - [rank: 0]   Hierarchy 2 shape: torch.Size([32, 6, 135])
[2025-11-14 18:27:41,401][src.models.modules.semantic_id.tiger_generation_model][WARNING] - [rank: 0]   Hierarchy 3 shape: torch.Size([32, 6, 135])
[2025-11-14 18:27:41,401][src.models.modules.semantic_id.tiger_generation_model][WARNING] - [rank: 0]   Hierarchy 4 shape: torch.Size([32, 6, 135])
[2025-11-14 18:27:41,401][src.models.modules.semantic_id.tiger_generation_model][WARNING] - [rank: 0]   Hierarchy 5 shape: torch.Size([32, 6, 135])
[2025-11-14 18:27:41,401][src.models.modules.semantic_id.tiger_generation_model][WARNING] - [rank: 0]   Hierarchy 6 shape: torch.Size([32, 6, 135])
[2025-11-14 18:27:41,401][src.models.modules.semantic_id.tiger_generation_model][WARNING] - [rank: 0]   Hierarchy 7 shape: torch.Size([32, 6, 135])
[2025-11-14 18:27:42,020][src.models.modules.semantic_id.tiger_generation_model][INFO] - [rank: 0] Saved decoder self-attention to ./attention_weights/decoder_self_attention_batch_16.pt
[2025-11-14 18:27:42,021][src.models.modules.semantic_id.tiger_generation_model][INFO] - [rank: 0] Saved encoder attention to ./attention_weights/encoder_attention_batch_16.pt
[2025-11-14 18:27:42,021][src.models.modules.semantic_id.tiger_generation_model][INFO] - [rank: 0] Saved cross attention to ./attention_weights/cross_attention_batch_16.pt
[2025-11-14 18:27:42,034][src.models.modules.semantic_id.tiger_generation_model][INFO] - [rank: 0] 当前batch的生成语义ID Embedding相似度矩阵:
[[ 1.0000000e+00  6.7314478e-03 -1.7141104e-02 -8.4030703e-03
  -1.2534790e-02 -2.3543835e-02  2.9378286e-02  3.2658167e-03]
 [ 6.7314478e-03  1.0000000e+00  1.2323807e-02 -2.6689572e-03
  -5.7708602e-03 -6.8005966e-04  6.9283079e-03 -3.0813538e-02]
 [-1.7141104e-02  1.2323807e-02  1.0000000e+00 -6.4171152e-04
   2.5857834e-02  9.0559199e-03 -2.5268057e-02  3.7799776e-02]
 [-8.4030703e-03 -2.6689572e-03 -6.4171152e-04  9.9999994e-01
  -4.6459166e-03  1.5093865e-02 -3.0389864e-02  1.5811928e-02]
 [-1.2534790e-02 -5.7708602e-03  2.5857834e-02 -4.6459166e-03
   1.0000000e+00  1.3753171e-02 -1.8163476e-02 -6.1259829e-03]
 [-2.3543835e-02 -6.8005966e-04  9.0559199e-03  1.5093865e-02
   1.3753171e-02  1.0000000e+00 -2.4863541e-02  6.4678192e-03]
 [ 2.9378286e-02  6.9283079e-03 -2.5268057e-02 -3.0389864e-02
  -1.8163476e-02 -2.4863541e-02  1.0000000e+00 -4.0621482e-02]
 [ 3.2658167e-03 -3.0813538e-02  3.7799776e-02  1.5811928e-02
  -6.1259829e-03  6.4678192e-03 -4.0621482e-02  1.0000001e+00]]
[2025-11-14 18:27:42,264][src.models.modules.semantic_id.tiger_generation_model][INFO] - [rank: 0] 当前batch的输入Item Hierarchy Embedding相似度矩阵:
[[ 1.0000000e+00  1.1933944e-02  2.0021929e-03 -6.3564200e-03
  -2.1999840e-02 -1.1713596e-02 -4.1130749e-03  1.0581707e-02]
 [ 1.1933944e-02  1.0000000e+00  2.3496256e-03 -6.0255751e-03
   1.3484081e-02  3.6249836e-03  1.0505763e-03 -5.8973921e-03]
 [ 2.0021929e-03  2.3496256e-03  1.0000000e+00 -1.0548183e-02
  -1.2121344e-03  5.2731889e-03 -1.8937843e-02  2.2906194e-02]
 [-6.3564200e-03 -6.0255751e-03 -1.0548183e-02  1.0000000e+00
  -3.5969280e-03  6.8381720e-04 -1.0516729e-02  9.2285676e-03]
 [-2.1999840e-02  1.3484081e-02 -1.2121344e-03 -3.5969280e-03
   1.0000000e+00  5.7690236e-04 -1.4729065e-02  1.4803576e-02]
 [-1.1713596e-02  3.6249836e-03  5.2731889e-03  6.8381720e-04
   5.7690236e-04  1.0000000e+00 -1.0808719e-02  1.0514494e-06]
 [-4.1130749e-03  1.0505763e-03 -1.8937843e-02 -1.0516729e-02
  -1.4729065e-02 -1.0808719e-02  1.0000000e+00 -3.7969723e-02]
 [ 1.0581707e-02 -5.8973921e-03  2.2906194e-02  9.2285676e-03
   1.4803576e-02  1.0514494e-06 -3.7969723e-02  1.0000000e+00]]
[2025-11-14 18:27:42,813][src.models.modules.semantic_id.tiger_generation_model][WARNING] - [rank: 0] Failed to stack cross attentions: stack expects each tensor to be equal size, but got [32, 6, 135] at entry 0 and [32, 6, 2, 135] at entry 1
[2025-11-14 18:27:42,814][src.models.modules.semantic_id.tiger_generation_model][WARNING] - [rank: 0]   Hierarchy 0 shape: torch.Size([32, 6, 135])
[2025-11-14 18:27:42,814][src.models.modules.semantic_id.tiger_generation_model][WARNING] - [rank: 0]   Hierarchy 1 shape: torch.Size([32, 6, 2, 135])
[2025-11-14 18:27:42,814][src.models.modules.semantic_id.tiger_generation_model][WARNING] - [rank: 0]   Hierarchy 2 shape: torch.Size([32, 6, 135])
[2025-11-14 18:27:42,815][src.models.modules.semantic_id.tiger_generation_model][WARNING] - [rank: 0]   Hierarchy 3 shape: torch.Size([32, 6, 135])
[2025-11-14 18:27:42,815][src.models.modules.semantic_id.tiger_generation_model][WARNING] - [rank: 0]   Hierarchy 4 shape: torch.Size([32, 6, 135])
[2025-11-14 18:27:42,815][src.models.modules.semantic_id.tiger_generation_model][WARNING] - [rank: 0]   Hierarchy 5 shape: torch.Size([32, 6, 135])
[2025-11-14 18:27:42,815][src.models.modules.semantic_id.tiger_generation_model][WARNING] - [rank: 0]   Hierarchy 6 shape: torch.Size([32, 6, 135])
[2025-11-14 18:27:42,815][src.models.modules.semantic_id.tiger_generation_model][WARNING] - [rank: 0]   Hierarchy 7 shape: torch.Size([32, 6, 135])
[2025-11-14 18:27:43,166][src.models.modules.semantic_id.tiger_generation_model][INFO] - [rank: 0] Saved decoder self-attention to ./attention_weights/decoder_self_attention_batch_17.pt
[2025-11-14 18:27:43,166][src.models.modules.semantic_id.tiger_generation_model][INFO] - [rank: 0] Saved encoder attention to ./attention_weights/encoder_attention_batch_17.pt
[2025-11-14 18:27:43,166][src.models.modules.semantic_id.tiger_generation_model][INFO] - [rank: 0] Saved cross attention to ./attention_weights/cross_attention_batch_17.pt
[2025-11-14 18:27:43,191][src.models.modules.semantic_id.tiger_generation_model][INFO] - [rank: 0] 当前batch的生成语义ID Embedding相似度矩阵:
[[ 1.0000000e+00  8.3230268e-03  4.3607494e-03  2.2880912e-02
   2.9219514e-02  7.4827031e-04  1.4751261e-02 -1.2842375e-02]
 [ 8.3230268e-03  1.0000000e+00 -1.3438273e-02  2.6552640e-02
   2.6716411e-02  7.3878961e-03  1.8329568e-02  7.7722091e-03]
 [ 4.3607494e-03 -1.3438273e-02  1.0000000e+00  2.3655871e-02
  -5.6413184e-03  1.4559075e-02  1.1779428e-02  1.7262075e-02]
 [ 2.2880912e-02  2.6552640e-02  2.3655871e-02  1.0000000e+00
  -1.9751642e-02 -3.0137621e-02  1.7058929e-02  1.3526745e-02]
 [ 2.9219514e-02  2.6716411e-02 -5.6413184e-03 -1.9751642e-02
   1.0000000e+00 -5.8101735e-04 -7.9780165e-03 -1.1167088e-02]
 [ 7.4827031e-04  7.3878961e-03  1.4559075e-02 -3.0137621e-02
  -5.8101735e-04  1.0000000e+00 -3.8351774e-02  2.3948252e-02]
 [ 1.4751261e-02  1.8329568e-02  1.1779428e-02  1.7058929e-02
  -7.9780165e-03 -3.8351774e-02  1.0000000e+00 -3.2745119e-02]
 [-1.2842375e-02  7.7722091e-03  1.7262075e-02  1.3526745e-02
  -1.1167088e-02  2.3948252e-02 -3.2745119e-02  1.0000001e+00]]
[2025-11-14 18:27:43,929][src.models.modules.semantic_id.tiger_generation_model][INFO] - [rank: 0] 当前batch的输入Item Hierarchy Embedding相似度矩阵:
[[ 1.00000012e+00  1.24169532e-02 -9.25821532e-03 -2.02082377e-02
   1.66711770e-02  1.22061037e-02 -1.61956449e-03 -3.20355557e-02]
 [ 1.24169532e-02  1.00000000e+00 -2.97649344e-03  2.16686446e-02
   1.36619126e-02  3.14477296e-03  6.58782106e-03  1.15306629e-02]
 [-9.25821532e-03 -2.97649344e-03  1.00000000e+00  9.35726706e-03
   7.37664243e-03  2.04708725e-02 -2.51532230e-03 -1.52771175e-02]
 [-2.02082377e-02  2.16686446e-02  9.35726706e-03  1.00000000e+00
  -4.06960817e-03 -6.20925659e-03 -7.11933523e-03  1.27896346e-04]
 [ 1.66711770e-02  1.36619126e-02  7.37664243e-03 -4.06960817e-03
   1.00000000e+00 -9.19206906e-03 -6.93509774e-03  1.40082520e-02]
 [ 1.22061037e-02  3.14477296e-03  2.04708725e-02 -6.20925659e-03
  -9.19206906e-03  1.00000000e+00 -1.33355726e-02 -1.11496088e-03]
 [-1.61956449e-03  6.58782106e-03 -2.51532230e-03 -7.11933523e-03
  -6.93509774e-03 -1.33355726e-02  1.00000000e+00 -4.79508117e-02]
 [-3.20355557e-02  1.15306629e-02 -1.52771175e-02  1.27896346e-04
   1.40082520e-02 -1.11496088e-03 -4.79508117e-02  1.00000012e+00]]
[2025-11-14 18:27:44,848][src.models.modules.semantic_id.tiger_generation_model][WARNING] - [rank: 0] Failed to stack cross attentions: stack expects each tensor to be equal size, but got [32, 6, 135] at entry 0 and [32, 6, 2, 135] at entry 1
[2025-11-14 18:27:44,889][src.models.modules.semantic_id.tiger_generation_model][WARNING] - [rank: 0]   Hierarchy 0 shape: torch.Size([32, 6, 135])
[2025-11-14 18:27:44,889][src.models.modules.semantic_id.tiger_generation_model][WARNING] - [rank: 0]   Hierarchy 1 shape: torch.Size([32, 6, 2, 135])
[2025-11-14 18:27:44,889][src.models.modules.semantic_id.tiger_generation_model][WARNING] - [rank: 0]   Hierarchy 2 shape: torch.Size([32, 6, 135])
[2025-11-14 18:27:44,889][src.models.modules.semantic_id.tiger_generation_model][WARNING] - [rank: 0]   Hierarchy 3 shape: torch.Size([32, 6, 135])
[2025-11-14 18:27:44,890][src.models.modules.semantic_id.tiger_generation_model][WARNING] - [rank: 0]   Hierarchy 4 shape: torch.Size([32, 6, 135])
[2025-11-14 18:27:44,891][src.models.modules.semantic_id.tiger_generation_model][WARNING] - [rank: 0]   Hierarchy 5 shape: torch.Size([32, 6, 135])
[2025-11-14 18:27:44,891][src.models.modules.semantic_id.tiger_generation_model][WARNING] - [rank: 0]   Hierarchy 6 shape: torch.Size([32, 6, 135])
[2025-11-14 18:27:44,892][src.models.modules.semantic_id.tiger_generation_model][WARNING] - [rank: 0]   Hierarchy 7 shape: torch.Size([32, 6, 135])
[2025-11-14 18:27:45,395][src.models.modules.semantic_id.tiger_generation_model][INFO] - [rank: 0] Saved decoder self-attention to ./attention_weights/decoder_self_attention_batch_18.pt
[2025-11-14 18:27:45,405][src.models.modules.semantic_id.tiger_generation_model][INFO] - [rank: 0] Saved encoder attention to ./attention_weights/encoder_attention_batch_18.pt
[2025-11-14 18:27:45,405][src.models.modules.semantic_id.tiger_generation_model][INFO] - [rank: 0] Saved cross attention to ./attention_weights/cross_attention_batch_18.pt
[2025-11-14 18:27:45,417][src.models.modules.semantic_id.tiger_generation_model][INFO] - [rank: 0] 当前batch的生成语义ID Embedding相似度矩阵:
[[ 1.0000000e+00  1.7802263e-02 -7.4864738e-03  1.1182910e-02
  -6.1716296e-02  1.9706625e-02  7.8878906e-03 -9.9115102e-03]
 [ 1.7802263e-02  1.0000000e+00  1.9988040e-02  1.5210516e-02
  -3.4040675e-02  1.2369410e-02 -1.0622363e-02  5.5829487e-03]
 [-7.4864738e-03  1.9988040e-02  1.0000000e+00  3.9312290e-03
   5.1628426e-04  1.1375152e-02  3.8836338e-03 -1.7759172e-02]
 [ 1.1182910e-02  1.5210516e-02  3.9312290e-03  1.0000000e+00
  -1.2568536e-03  4.1789571e-03  1.2473038e-03 -8.8109206e-03]
 [-6.1716296e-02 -3.4040675e-02  5.1628426e-04 -1.2568536e-03
   1.0000000e+00 -1.4743438e-02 -9.4713606e-03  1.5964881e-02]
 [ 1.9706625e-02  1.2369410e-02  1.1375152e-02  4.1789571e-03
  -1.4743438e-02  1.0000000e+00 -4.1981868e-02  1.5822392e-02]
 [ 7.8878906e-03 -1.0622363e-02  3.8836338e-03  1.2473038e-03
  -9.4713606e-03 -4.1981868e-02  1.0000000e+00 -1.2149428e-02]
 [-9.9115102e-03  5.5829487e-03 -1.7759172e-02 -8.8109206e-03
   1.5964881e-02  1.5822392e-02 -1.2149428e-02  1.0000001e+00]]
[2025-11-14 18:27:45,704][src.models.modules.semantic_id.tiger_generation_model][INFO] - [rank: 0] 当前batch的输入Item Hierarchy Embedding相似度矩阵:
[[ 1.00000000e+00  5.01134153e-03  5.32026449e-03 -4.73275874e-03
  -7.07849176e-05 -1.47130685e-02 -4.33089212e-03  1.47524837e-03]
 [ 5.01134153e-03  1.00000000e+00  1.82804128e-03  2.39028619e-03
   3.67977074e-04  3.47173860e-04  5.75182261e-03  1.10237412e-02]
 [ 5.32026449e-03  1.82804128e-03  1.00000000e+00  6.36656256e-03
   1.85329560e-02  1.46694267e-02 -6.59610145e-03  4.88550309e-03]
 [-4.73275874e-03  2.39028619e-03  6.36656256e-03  1.00000000e+00
   4.12868056e-03  1.20080225e-02 -8.54754169e-03 -4.87326324e-04]
 [-7.07849176e-05  3.67977074e-04  1.85329560e-02  4.12868056e-03
   1.00000000e+00  4.94013890e-04 -1.31286792e-02  2.91889589e-02]
 [-1.47130685e-02  3.47173860e-04  1.46694267e-02  1.20080225e-02
   4.94013890e-04  1.00000000e+00 -6.77789515e-03 -5.14369970e-03]
 [-4.33089212e-03  5.75182261e-03 -6.59610145e-03 -8.54754169e-03
  -1.31286792e-02 -6.77789515e-03  1.00000000e+00 -3.76108214e-02]
 [ 1.47524837e-03  1.10237412e-02  4.88550309e-03 -4.87326324e-04
   2.91889589e-02 -5.14369970e-03 -3.76108214e-02  1.00000012e+00]]
[2025-11-14 18:27:46,726][src.models.modules.semantic_id.tiger_generation_model][WARNING] - [rank: 0] Failed to stack cross attentions: stack expects each tensor to be equal size, but got [32, 6, 135] at entry 0 and [32, 6, 2, 135] at entry 1
[2025-11-14 18:27:46,726][src.models.modules.semantic_id.tiger_generation_model][WARNING] - [rank: 0]   Hierarchy 0 shape: torch.Size([32, 6, 135])
[2025-11-14 18:27:46,726][src.models.modules.semantic_id.tiger_generation_model][WARNING] - [rank: 0]   Hierarchy 1 shape: torch.Size([32, 6, 2, 135])
[2025-11-14 18:27:46,726][src.models.modules.semantic_id.tiger_generation_model][WARNING] - [rank: 0]   Hierarchy 2 shape: torch.Size([32, 6, 135])
[2025-11-14 18:27:46,727][src.models.modules.semantic_id.tiger_generation_model][WARNING] - [rank: 0]   Hierarchy 3 shape: torch.Size([32, 6, 135])
[2025-11-14 18:27:46,727][src.models.modules.semantic_id.tiger_generation_model][WARNING] - [rank: 0]   Hierarchy 4 shape: torch.Size([32, 6, 135])
[2025-11-14 18:27:46,727][src.models.modules.semantic_id.tiger_generation_model][WARNING] - [rank: 0]   Hierarchy 5 shape: torch.Size([32, 6, 135])
[2025-11-14 18:27:46,727][src.models.modules.semantic_id.tiger_generation_model][WARNING] - [rank: 0]   Hierarchy 6 shape: torch.Size([32, 6, 135])
[2025-11-14 18:27:46,727][src.models.modules.semantic_id.tiger_generation_model][WARNING] - [rank: 0]   Hierarchy 7 shape: torch.Size([32, 6, 135])
[2025-11-14 18:27:47,008][src.models.modules.semantic_id.tiger_generation_model][INFO] - [rank: 0] Saved decoder self-attention to ./attention_weights/decoder_self_attention_batch_19.pt
[2025-11-14 18:27:47,009][src.models.modules.semantic_id.tiger_generation_model][INFO] - [rank: 0] Saved encoder attention to ./attention_weights/encoder_attention_batch_19.pt
[2025-11-14 18:27:47,010][src.models.modules.semantic_id.tiger_generation_model][INFO] - [rank: 0] Saved cross attention to ./attention_weights/cross_attention_batch_19.pt
[2025-11-14 18:27:48,799][src.models.modules.semantic_id.tiger_generation_model][INFO] - [rank: 0] 当前batch的生成语义ID Embedding相似度矩阵:
[[ 1.0000000e+00  3.6317244e-02 -7.6602129e-03 -3.8573276e-02
   1.1517600e-02 -3.3421185e-02  3.2230951e-02 -1.1888069e-02]
 [ 3.6317244e-02  1.0000000e+00  5.5533484e-02  2.2507045e-02
  -2.2419384e-02 -1.9467538e-02  9.8039629e-03 -2.1886779e-02]
 [-7.6602129e-03  5.5533484e-02  1.0000000e+00 -1.3473550e-02
   4.7606722e-02 -1.4960423e-02 -1.0909140e-03  3.2178655e-02]
 [-3.8573276e-02  2.2507045e-02 -1.3473550e-02  1.0000000e+00
   4.3220758e-03  4.1006738e-04 -1.7170660e-02  2.1284766e-02]
 [ 1.1517600e-02 -2.2419384e-02  4.7606722e-02  4.3220758e-03
   1.0000000e+00  2.3238325e-02 -3.5632655e-02  1.5088137e-02]
 [-3.3421185e-02 -1.9467538e-02 -1.4960423e-02  4.1006738e-04
   2.3238325e-02  1.0000000e+00 -6.6443868e-02  1.0962663e-02]
 [ 3.2230951e-02  9.8039629e-03 -1.0909140e-03 -1.7170660e-02
  -3.5632655e-02 -6.6443868e-02  1.0000000e+00 -2.5809214e-02]
 [-1.1888069e-02 -2.1886779e-02  3.2178655e-02  2.1284766e-02
   1.5088137e-02  1.0962663e-02 -2.5809214e-02  1.0000001e+00]]
[2025-11-14 18:27:48,919][src.models.modules.semantic_id.tiger_generation_model][INFO] - [rank: 0] 当前batch的输入Item Hierarchy Embedding相似度矩阵:
[[ 9.99999940e-01 -4.21368430e-04 -1.60001498e-02 -1.28253382e-02
   4.78095049e-03 -6.53543323e-03 -1.14379795e-02  1.11525757e-02]
 [-4.21368430e-04  9.99999940e-01  6.43719031e-05 -5.90179162e-03
   1.45657372e-03  9.13308281e-03 -1.32245421e-02  9.22267511e-03]
 [-1.60001498e-02  6.43719031e-05  9.99999940e-01  4.75495961e-03
  -7.10649928e-03 -5.48539544e-03 -1.06287356e-02 -9.02826505e-05]
 [-1.28253382e-02 -5.90179162e-03  4.75495961e-03  9.99999940e-01
   5.23782894e-03  2.36260868e-03 -7.71049736e-03  1.33059323e-02]
 [ 4.78095049e-03  1.45657372e-03 -7.10649928e-03  5.23782894e-03
   9.99999940e-01  3.37147294e-03 -4.93701873e-03  1.98614523e-02]
 [-6.53543323e-03  9.13308281e-03 -5.48539544e-03  2.36260868e-03
   3.37147294e-03  9.99999940e-01 -1.73711628e-02 -6.24393113e-03]
 [-1.14379795e-02 -1.32245421e-02 -1.06287356e-02 -7.71049736e-03
  -4.93701873e-03 -1.73711628e-02  9.99999940e-01 -3.06219757e-02]
 [ 1.11525757e-02  9.22267511e-03 -9.02826505e-05  1.33059323e-02
   1.98614523e-02 -6.24393113e-03 -3.06219757e-02  1.00000012e+00]]
[2025-11-14 18:27:49,720][src.models.modules.semantic_id.tiger_generation_model][WARNING] - [rank: 0] Failed to stack cross attentions: stack expects each tensor to be equal size, but got [32, 6, 135] at entry 0 and [32, 6, 2, 135] at entry 1
[2025-11-14 18:27:49,720][src.models.modules.semantic_id.tiger_generation_model][WARNING] - [rank: 0]   Hierarchy 0 shape: torch.Size([32, 6, 135])
[2025-11-14 18:27:49,721][src.models.modules.semantic_id.tiger_generation_model][WARNING] - [rank: 0]   Hierarchy 1 shape: torch.Size([32, 6, 2, 135])
[2025-11-14 18:27:49,721][src.models.modules.semantic_id.tiger_generation_model][WARNING] - [rank: 0]   Hierarchy 2 shape: torch.Size([32, 6, 135])
[2025-11-14 18:27:49,721][src.models.modules.semantic_id.tiger_generation_model][WARNING] - [rank: 0]   Hierarchy 3 shape: torch.Size([32, 6, 135])
[2025-11-14 18:27:49,721][src.models.modules.semantic_id.tiger_generation_model][WARNING] - [rank: 0]   Hierarchy 4 shape: torch.Size([32, 6, 135])
[2025-11-14 18:27:49,721][src.models.modules.semantic_id.tiger_generation_model][WARNING] - [rank: 0]   Hierarchy 5 shape: torch.Size([32, 6, 135])
[2025-11-14 18:27:49,721][src.models.modules.semantic_id.tiger_generation_model][WARNING] - [rank: 0]   Hierarchy 6 shape: torch.Size([32, 6, 135])
[2025-11-14 18:27:49,722][src.models.modules.semantic_id.tiger_generation_model][WARNING] - [rank: 0]   Hierarchy 7 shape: torch.Size([32, 6, 135])
[2025-11-14 18:27:50,137][src.models.modules.semantic_id.tiger_generation_model][INFO] - [rank: 0] Saved decoder self-attention to ./attention_weights/decoder_self_attention_batch_20.pt
[2025-11-14 18:27:50,137][src.models.modules.semantic_id.tiger_generation_model][INFO] - [rank: 0] Saved encoder attention to ./attention_weights/encoder_attention_batch_20.pt
[2025-11-14 18:27:50,138][src.models.modules.semantic_id.tiger_generation_model][INFO] - [rank: 0] Saved cross attention to ./attention_weights/cross_attention_batch_20.pt
[2025-11-14 18:27:50,144][src.models.modules.semantic_id.tiger_generation_model][INFO] - [rank: 0] 当前batch的生成语义ID Embedding相似度矩阵:
[[ 1.0000000e+00  2.5820024e-02 -1.8094184e-02  1.3586967e-02
  -4.0179010e-02 -3.1021902e-02 -2.0190835e-02  1.1226097e-02]
 [ 2.5820024e-02  1.0000000e+00  1.2988588e-03  1.4774021e-02
   1.5687022e-02 -2.8212713e-03  3.5473150e-03  1.1938866e-02]
 [-1.8094184e-02  1.2988588e-03  1.0000000e+00 -9.1843847e-03
  -1.5215727e-03  6.5115839e-03 -5.4136370e-03  1.0248749e-03]
 [ 1.3586967e-02  1.4774021e-02 -9.1843847e-03  1.0000000e+00
  -7.1898340e-03  1.9245949e-03  2.2409866e-03 -7.6422840e-04]
 [-4.0179010e-02  1.5687022e-02 -1.5215727e-03 -7.1898340e-03
   1.0000000e+00 -2.8172370e-02  1.3963957e-03  3.8988616e-03]
 [-3.1021902e-02 -2.8212713e-03  6.5115839e-03  1.9245949e-03
  -2.8172370e-02  1.0000000e+00 -2.2417647e-03 -5.7667494e-06]
 [-2.0190835e-02  3.5473150e-03 -5.4136370e-03  2.2409866e-03
   1.3963957e-03 -2.2417647e-03  1.0000000e+00 -4.7285762e-02]
 [ 1.1226097e-02  1.1938866e-02  1.0248749e-03 -7.6422840e-04
   3.8988616e-03 -5.7667494e-06 -4.7285762e-02  1.0000001e+00]]
[2025-11-14 18:27:50,964][src.models.modules.semantic_id.tiger_generation_model][INFO] - [rank: 0] 当前batch的输入Item Hierarchy Embedding相似度矩阵:
[[ 1.00000000e+00  2.04076106e-03 -1.49938846e-02  9.30390600e-03
  -6.04967633e-03 -1.17533992e-03  8.07734951e-03  6.35741604e-03]
 [ 2.04076106e-03  1.00000000e+00 -4.68575628e-03 -8.03761277e-03
   3.77782877e-03 -9.48917493e-03  6.02162490e-03  2.29019020e-03]
 [-1.49938846e-02 -4.68575628e-03  1.00000000e+00 -1.01200882e-02
  -5.58352796e-03  4.54342319e-03 -5.95345953e-03  1.14200758e-02]
 [ 9.30390600e-03 -8.03761277e-03 -1.01200882e-02  1.00000000e+00
   7.22535001e-03  1.40482169e-02 -1.84239559e-02  1.77384005e-03]
 [-6.04967633e-03  3.77782877e-03 -5.58352796e-03  7.22535001e-03
   1.00000000e+00  1.01161655e-02 -2.00858489e-02  9.13392007e-03]
 [-1.17533992e-03 -9.48917493e-03  4.54342319e-03  1.40482169e-02
   1.01161655e-02  1.00000000e+00 -5.02386782e-03  9.46781889e-04]
 [ 8.07734951e-03  6.02162490e-03 -5.95345953e-03 -1.84239559e-02
  -2.00858489e-02 -5.02386782e-03  1.00000000e+00 -4.67250384e-02]
 [ 6.35741604e-03  2.29019020e-03  1.14200758e-02  1.77384005e-03
   9.13392007e-03  9.46781889e-04 -4.67250384e-02  1.00000012e+00]]
[2025-11-14 18:27:52,106][src.models.modules.semantic_id.tiger_generation_model][WARNING] - [rank: 0] Failed to stack cross attentions: stack expects each tensor to be equal size, but got [32, 6, 135] at entry 0 and [32, 6, 2, 135] at entry 1
[2025-11-14 18:27:52,106][src.models.modules.semantic_id.tiger_generation_model][WARNING] - [rank: 0]   Hierarchy 0 shape: torch.Size([32, 6, 135])
[2025-11-14 18:27:52,107][src.models.modules.semantic_id.tiger_generation_model][WARNING] - [rank: 0]   Hierarchy 1 shape: torch.Size([32, 6, 2, 135])
[2025-11-14 18:27:52,107][src.models.modules.semantic_id.tiger_generation_model][WARNING] - [rank: 0]   Hierarchy 2 shape: torch.Size([32, 6, 135])
[2025-11-14 18:27:52,107][src.models.modules.semantic_id.tiger_generation_model][WARNING] - [rank: 0]   Hierarchy 3 shape: torch.Size([32, 6, 135])
[2025-11-14 18:27:52,107][src.models.modules.semantic_id.tiger_generation_model][WARNING] - [rank: 0]   Hierarchy 4 shape: torch.Size([32, 6, 135])
[2025-11-14 18:27:52,107][src.models.modules.semantic_id.tiger_generation_model][WARNING] - [rank: 0]   Hierarchy 5 shape: torch.Size([32, 6, 135])
[2025-11-14 18:27:52,107][src.models.modules.semantic_id.tiger_generation_model][WARNING] - [rank: 0]   Hierarchy 6 shape: torch.Size([32, 6, 135])
[2025-11-14 18:27:52,108][src.models.modules.semantic_id.tiger_generation_model][WARNING] - [rank: 0]   Hierarchy 7 shape: torch.Size([32, 6, 135])
[2025-11-14 18:27:52,579][src.models.modules.semantic_id.tiger_generation_model][INFO] - [rank: 0] Saved decoder self-attention to ./attention_weights/decoder_self_attention_batch_21.pt
[2025-11-14 18:27:52,579][src.models.modules.semantic_id.tiger_generation_model][INFO] - [rank: 0] Saved encoder attention to ./attention_weights/encoder_attention_batch_21.pt
[2025-11-14 18:27:52,580][src.models.modules.semantic_id.tiger_generation_model][INFO] - [rank: 0] Saved cross attention to ./attention_weights/cross_attention_batch_21.pt
[2025-11-14 18:27:52,599][src.models.modules.semantic_id.tiger_generation_model][INFO] - [rank: 0] 当前batch的生成语义ID Embedding相似度矩阵:
[[ 1.          0.04455219  0.00179229  0.00747639 -0.00435485 -0.01277681
  -0.01622797  0.02988111]
 [ 0.04455219  1.          0.01309813  0.02064964  0.02364754  0.04552161
   0.02393142 -0.00538936]
 [ 0.00179229  0.01309813  1.          0.02511071  0.0192839   0.01625829
   0.01938361  0.02622016]
 [ 0.00747639  0.02064964  0.02511071  1.         -0.02067407  0.00634399
  -0.01132297  0.03398762]
 [-0.00435485  0.02364754  0.0192839  -0.02067407  1.         -0.03720322
  -0.02599271 -0.03324405]
 [-0.01277681  0.04552161  0.01625829  0.00634399 -0.03720322  1.
  -0.02786135  0.01013158]
 [-0.01622797  0.02393142  0.01938361 -0.01132297 -0.02599271 -0.02786135
   1.          0.0048327 ]
 [ 0.02988111 -0.00538936  0.02622016  0.03398762 -0.03324405  0.01013158
   0.0048327   1.0000001 ]]
[2025-11-14 18:27:52,775][src.models.modules.semantic_id.tiger_generation_model][INFO] - [rank: 0] 当前batch的输入Item Hierarchy Embedding相似度矩阵:
[[ 1.00000000e+00 -1.56371258e-02  8.33866186e-03  5.84773479e-05
   4.14430676e-03 -4.41671070e-03  7.70340767e-03  1.31199853e-02]
 [-1.56371258e-02  1.00000000e+00 -1.01774372e-02 -6.57567638e-04
   1.55870663e-02  7.79200695e-04 -5.51134022e-03  1.51059097e-02]
 [ 8.33866186e-03 -1.01774372e-02  1.00000000e+00  9.26207844e-03
   1.09065855e-02  1.04603404e-02 -4.91888903e-04 -1.34718616e-03]
 [ 5.84773479e-05 -6.57567638e-04  9.26207844e-03  1.00000000e+00
  -3.49497236e-03  1.26845771e-02 -9.58132837e-03  4.58401814e-03]
 [ 4.14430676e-03  1.55870663e-02  1.09065855e-02 -3.49497236e-03
   1.00000000e+00 -6.44560484e-03 -1.94171909e-02  7.15544168e-03]
 [-4.41671070e-03  7.79200695e-04  1.04603404e-02  1.26845771e-02
  -6.44560484e-03  1.00000000e+00 -1.31918490e-02  8.41661636e-03]
 [ 7.70340767e-03 -5.51134022e-03 -4.91888903e-04 -9.58132837e-03
  -1.94171909e-02 -1.31918490e-02  1.00000000e+00 -3.70128639e-02]
 [ 1.31199853e-02  1.51059097e-02 -1.34718616e-03  4.58401814e-03
   7.15544168e-03  8.41661636e-03 -3.70128639e-02  1.00000012e+00]]
[2025-11-14 18:27:53,668][src.models.modules.semantic_id.tiger_generation_model][WARNING] - [rank: 0] Failed to stack cross attentions: stack expects each tensor to be equal size, but got [32, 6, 135] at entry 0 and [32, 6, 2, 135] at entry 1
[2025-11-14 18:27:53,669][src.models.modules.semantic_id.tiger_generation_model][WARNING] - [rank: 0]   Hierarchy 0 shape: torch.Size([32, 6, 135])
[2025-11-14 18:27:53,669][src.models.modules.semantic_id.tiger_generation_model][WARNING] - [rank: 0]   Hierarchy 1 shape: torch.Size([32, 6, 2, 135])
[2025-11-14 18:27:53,669][src.models.modules.semantic_id.tiger_generation_model][WARNING] - [rank: 0]   Hierarchy 2 shape: torch.Size([32, 6, 135])
[2025-11-14 18:27:53,669][src.models.modules.semantic_id.tiger_generation_model][WARNING] - [rank: 0]   Hierarchy 3 shape: torch.Size([32, 6, 135])
[2025-11-14 18:27:53,669][src.models.modules.semantic_id.tiger_generation_model][WARNING] - [rank: 0]   Hierarchy 4 shape: torch.Size([32, 6, 135])
[2025-11-14 18:27:53,670][src.models.modules.semantic_id.tiger_generation_model][WARNING] - [rank: 0]   Hierarchy 5 shape: torch.Size([32, 6, 135])
[2025-11-14 18:27:53,670][src.models.modules.semantic_id.tiger_generation_model][WARNING] - [rank: 0]   Hierarchy 6 shape: torch.Size([32, 6, 135])
[2025-11-14 18:27:53,670][src.models.modules.semantic_id.tiger_generation_model][WARNING] - [rank: 0]   Hierarchy 7 shape: torch.Size([32, 6, 135])
[2025-11-14 18:27:55,371][src.models.modules.semantic_id.tiger_generation_model][INFO] - [rank: 0] Saved decoder self-attention to ./attention_weights/decoder_self_attention_batch_22.pt
[2025-11-14 18:27:55,371][src.models.modules.semantic_id.tiger_generation_model][INFO] - [rank: 0] Saved encoder attention to ./attention_weights/encoder_attention_batch_22.pt
[2025-11-14 18:27:55,371][src.models.modules.semantic_id.tiger_generation_model][INFO] - [rank: 0] Saved cross attention to ./attention_weights/cross_attention_batch_22.pt
[2025-11-14 18:27:55,377][src.models.modules.semantic_id.tiger_generation_model][INFO] - [rank: 0] 当前batch的生成语义ID Embedding相似度矩阵:
[[ 1.          0.09148053  0.07823327  0.00322249 -0.05833497 -0.03977408
  -0.04339289 -0.00426254]
 [ 0.09148053  0.99999976  0.00687722 -0.02881165 -0.04231296 -0.01035794
  -0.07360104 -0.02053871]
 [ 0.07823327  0.00687722  1.          0.05572751 -0.01904133  0.01000042
  -0.04510151  0.01107095]
 [ 0.00322249 -0.02881165  0.05572751  1.          0.02074742 -0.00946575
   0.01779456  0.01583272]
 [-0.05833497 -0.04231296 -0.01904133  0.02074742  0.99999994  0.02274002
  -0.01560348  0.08789279]
 [-0.03977408 -0.01035794  0.01000042 -0.00946575  0.02274002  1.0000002
   0.01197334  0.06014392]
 [-0.04339289 -0.07360104 -0.04510151  0.01779456 -0.01560348  0.01197334
   1.         -0.0660704 ]
 [-0.00426254 -0.02053871  0.01107095  0.01583272  0.08789279  0.06014392
  -0.0660704   1.0000001 ]]
[2025-11-14 18:27:55,460][src.models.modules.semantic_id.tiger_generation_model][INFO] - [rank: 0] 当前batch的输入Item Hierarchy Embedding相似度矩阵:
[[ 1.0000000e+00  9.7955242e-03  1.3029658e-02 -1.6908789e-02
  -7.9461848e-03 -1.0725014e-02 -2.0302106e-03 -2.1022899e-02]
 [ 9.7955242e-03  1.0000000e+00  1.0067232e-02  5.5303837e-05
   4.2686304e-03  2.4011575e-03 -1.8446965e-02 -1.1399565e-02]
 [ 1.3029658e-02  1.0067232e-02  1.0000000e+00  1.7836479e-02
  -6.1123222e-03  2.0760586e-03 -1.2122862e-02  1.4175111e-02]
 [-1.6908789e-02  5.5303837e-05  1.7836479e-02  1.0000000e+00
   5.0464398e-03  7.5653074e-03 -3.7233750e-03 -7.3496590e-04]
 [-7.9461848e-03  4.2686304e-03 -6.1123222e-03  5.0464398e-03
   1.0000000e+00  9.5308963e-03 -5.2659200e-03  3.8509738e-02]
 [-1.0725014e-02  2.4011575e-03  2.0760586e-03  7.5653074e-03
   9.5308963e-03  1.0000000e+00  5.1480723e-03  2.9300340e-03]
 [-2.0302106e-03 -1.8446965e-02 -1.2122862e-02 -3.7233750e-03
  -5.2659200e-03  5.1480723e-03  1.0000000e+00 -4.6688139e-02]
 [-2.1022899e-02 -1.1399565e-02  1.4175111e-02 -7.3496590e-04
   3.8509738e-02  2.9300340e-03 -4.6688139e-02  1.0000001e+00]]
[2025-11-14 18:27:56,202][src.models.modules.semantic_id.tiger_generation_model][WARNING] - [rank: 0] Failed to stack cross attentions: stack expects each tensor to be equal size, but got [32, 6, 135] at entry 0 and [32, 6, 2, 135] at entry 1
[2025-11-14 18:27:56,203][src.models.modules.semantic_id.tiger_generation_model][WARNING] - [rank: 0]   Hierarchy 0 shape: torch.Size([32, 6, 135])
[2025-11-14 18:27:56,203][src.models.modules.semantic_id.tiger_generation_model][WARNING] - [rank: 0]   Hierarchy 1 shape: torch.Size([32, 6, 2, 135])
[2025-11-14 18:27:56,203][src.models.modules.semantic_id.tiger_generation_model][WARNING] - [rank: 0]   Hierarchy 2 shape: torch.Size([32, 6, 135])
[2025-11-14 18:27:56,203][src.models.modules.semantic_id.tiger_generation_model][WARNING] - [rank: 0]   Hierarchy 3 shape: torch.Size([32, 6, 135])
[2025-11-14 18:27:56,203][src.models.modules.semantic_id.tiger_generation_model][WARNING] - [rank: 0]   Hierarchy 4 shape: torch.Size([32, 6, 135])
[2025-11-14 18:27:56,204][src.models.modules.semantic_id.tiger_generation_model][WARNING] - [rank: 0]   Hierarchy 5 shape: torch.Size([32, 6, 135])
[2025-11-14 18:27:56,204][src.models.modules.semantic_id.tiger_generation_model][WARNING] - [rank: 0]   Hierarchy 6 shape: torch.Size([32, 6, 135])
[2025-11-14 18:27:56,204][src.models.modules.semantic_id.tiger_generation_model][WARNING] - [rank: 0]   Hierarchy 7 shape: torch.Size([32, 6, 135])
[2025-11-14 18:27:56,478][src.models.modules.semantic_id.tiger_generation_model][INFO] - [rank: 0] Saved decoder self-attention to ./attention_weights/decoder_self_attention_batch_23.pt
[2025-11-14 18:27:56,479][src.models.modules.semantic_id.tiger_generation_model][INFO] - [rank: 0] Saved encoder attention to ./attention_weights/encoder_attention_batch_23.pt
[2025-11-14 18:27:56,480][src.models.modules.semantic_id.tiger_generation_model][INFO] - [rank: 0] Saved cross attention to ./attention_weights/cross_attention_batch_23.pt
[2025-11-14 18:27:56,487][src.models.modules.semantic_id.tiger_generation_model][INFO] - [rank: 0] 当前batch的生成语义ID Embedding相似度矩阵:
[[ 1.          0.03336137  0.01362003  0.01941421 -0.04045416 -0.01859462
  -0.00450952 -0.02511502]
 [ 0.03336137  0.99999994  0.02605577 -0.00723464 -0.00498781  0.00474305
  -0.00396485  0.01306113]
 [ 0.01362003  0.02605577  1.          0.00234541 -0.01757189  0.02925101
  -0.02160285  0.04468911]
 [ 0.01941421 -0.00723464  0.00234541  1.          0.00904441 -0.00668537
  -0.02154797  0.00796731]
 [-0.04045416 -0.00498781 -0.01757189  0.00904441  1.          0.00489089
  -0.01385453  0.01113548]
 [-0.01859462  0.00474305  0.02925101 -0.00668537  0.00489089  1.
  -0.02533787  0.03382418]
 [-0.00450952 -0.00396485 -0.02160285 -0.02154797 -0.01385453 -0.02533787
   1.         -0.0348887 ]
 [-0.02511502  0.01306113  0.04468911  0.00796731  0.01113548  0.03382418
  -0.0348887   1.0000001 ]]
[2025-11-14 18:27:56,586][src.models.modules.semantic_id.tiger_generation_model][INFO] - [rank: 0] 当前batch的输入Item Hierarchy Embedding相似度矩阵:
[[ 1.0000000e+00  5.7931948e-03 -2.2253206e-03  4.4773216e-03
   8.8518290e-03  4.4056792e-03 -3.4737470e-05  1.0066461e-03]
 [ 5.7931948e-03  1.0000000e+00  3.7379328e-03  5.2936333e-03
  -2.7284892e-03  9.0901917e-03 -3.4791988e-03  1.1403683e-02]
 [-2.2253206e-03  3.7379328e-03  1.0000000e+00  7.1952175e-03
   4.8594675e-03  1.6718898e-03  8.1556564e-04  9.1030579e-03]
 [ 4.4773216e-03  5.2936333e-03  7.1952175e-03  1.0000000e+00
   1.6014528e-03  3.3114285e-03 -1.0600748e-02  3.3774858e-03]
 [ 8.8518290e-03 -2.7284892e-03  4.8594675e-03  1.6014528e-03
   1.0000000e+00  1.9582737e-02 -1.5956661e-02  1.6326562e-02]
 [ 4.4056792e-03  9.0901917e-03  1.6718898e-03  3.3114285e-03
   1.9582737e-02  1.0000000e+00 -1.1768913e-02  8.4007569e-03]
 [-3.4737470e-05 -3.4791988e-03  8.1556564e-04 -1.0600748e-02
  -1.5956661e-02 -1.1768913e-02  1.0000000e+00 -4.5234002e-02]
 [ 1.0066461e-03  1.1403683e-02  9.1030579e-03  3.3774858e-03
   1.6326562e-02  8.4007569e-03 -4.5234002e-02  1.0000001e+00]]
[2025-11-14 18:27:57,176][src.models.modules.semantic_id.tiger_generation_model][WARNING] - [rank: 0] Failed to stack cross attentions: stack expects each tensor to be equal size, but got [32, 6, 135] at entry 0 and [32, 6, 2, 135] at entry 1
[2025-11-14 18:27:57,176][src.models.modules.semantic_id.tiger_generation_model][WARNING] - [rank: 0]   Hierarchy 0 shape: torch.Size([32, 6, 135])
[2025-11-14 18:27:57,177][src.models.modules.semantic_id.tiger_generation_model][WARNING] - [rank: 0]   Hierarchy 1 shape: torch.Size([32, 6, 2, 135])
[2025-11-14 18:27:57,177][src.models.modules.semantic_id.tiger_generation_model][WARNING] - [rank: 0]   Hierarchy 2 shape: torch.Size([32, 6, 135])
[2025-11-14 18:27:57,177][src.models.modules.semantic_id.tiger_generation_model][WARNING] - [rank: 0]   Hierarchy 3 shape: torch.Size([32, 6, 135])
[2025-11-14 18:27:57,177][src.models.modules.semantic_id.tiger_generation_model][WARNING] - [rank: 0]   Hierarchy 4 shape: torch.Size([32, 6, 135])
[2025-11-14 18:27:57,177][src.models.modules.semantic_id.tiger_generation_model][WARNING] - [rank: 0]   Hierarchy 5 shape: torch.Size([32, 6, 135])
[2025-11-14 18:27:57,177][src.models.modules.semantic_id.tiger_generation_model][WARNING] - [rank: 0]   Hierarchy 6 shape: torch.Size([32, 6, 135])
[2025-11-14 18:27:57,178][src.models.modules.semantic_id.tiger_generation_model][WARNING] - [rank: 0]   Hierarchy 7 shape: torch.Size([32, 6, 135])
[2025-11-14 18:27:57,765][src.models.modules.semantic_id.tiger_generation_model][INFO] - [rank: 0] Saved decoder self-attention to ./attention_weights/decoder_self_attention_batch_24.pt
[2025-11-14 18:27:57,765][src.models.modules.semantic_id.tiger_generation_model][INFO] - [rank: 0] Saved encoder attention to ./attention_weights/encoder_attention_batch_24.pt
[2025-11-14 18:27:57,766][src.models.modules.semantic_id.tiger_generation_model][INFO] - [rank: 0] Saved cross attention to ./attention_weights/cross_attention_batch_24.pt
[2025-11-14 18:27:57,772][src.models.modules.semantic_id.tiger_generation_model][INFO] - [rank: 0] 当前batch的生成语义ID Embedding相似度矩阵:
[[ 1.0000000e+00  4.5703661e-02 -2.9930726e-02 -4.0129405e-02
  -6.9758054e-03  2.9995441e-03  1.6154410e-02 -3.6751535e-03]
 [ 4.5703661e-02  1.0000000e+00 -1.8208995e-02  4.9605817e-03
  -2.2630284e-02 -2.5585230e-02 -1.0940013e-02 -1.3973106e-02]
 [-2.9930726e-02 -1.8208995e-02  1.0000000e+00  1.7767595e-02
   2.4955159e-02  3.1181332e-04 -3.0186094e-02  5.1777855e-02]
 [-4.0129405e-02  4.9605817e-03  1.7767595e-02  1.0000000e+00
   1.2626931e-02  2.2136882e-02 -2.1711500e-02 -5.7959128e-03]
 [-6.9758054e-03 -2.2630284e-02  2.4955159e-02  1.2626931e-02
   1.0000000e+00 -4.2677452e-03 -1.7708972e-02  2.6899397e-03]
 [ 2.9995441e-03 -2.5585230e-02  3.1181332e-04  2.2136882e-02
  -4.2677452e-03  1.0000000e+00 -3.6484059e-02 -3.0409783e-02]
 [ 1.6154410e-02 -1.0940013e-02 -3.0186094e-02 -2.1711500e-02
  -1.7708972e-02 -3.6484059e-02  1.0000000e+00 -2.2993540e-02]
 [-3.6751535e-03 -1.3973106e-02  5.1777855e-02 -5.7959128e-03
   2.6899397e-03 -3.0409783e-02 -2.2993540e-02  1.0000001e+00]]
[2025-11-14 18:27:58,112][src.models.modules.semantic_id.tiger_generation_model][INFO] - [rank: 0] 当前batch的输入Item Hierarchy Embedding相似度矩阵:
[[ 1.0000000e+00  4.5561269e-03 -1.6069002e-02 -1.9186264e-02
  -9.3781268e-03 -8.1284959e-03  3.7561508e-03  1.8278586e-02]
 [ 4.5561269e-03  1.0000000e+00 -1.0071960e-02 -6.1878362e-03
   8.1005320e-03 -5.6820973e-03  1.4604119e-02  5.4715849e-03]
 [-1.6069002e-02 -1.0071960e-02  1.0000000e+00 -1.9038625e-03
  -3.4495452e-03  5.8884220e-04 -1.5856408e-02  1.5861092e-02]
 [-1.9186264e-02 -6.1878362e-03 -1.9038625e-03  1.0000000e+00
   4.3907319e-03  2.3257900e-02 -9.6158525e-03  4.3126424e-03]
 [-9.3781268e-03  8.1005320e-03 -3.4495452e-03  4.3907319e-03
   1.0000000e+00 -1.0963948e-02 -3.6032489e-03  2.5603101e-02]
 [-8.1284959e-03 -5.6820973e-03  5.8884220e-04  2.3257900e-02
  -1.0963948e-02  1.0000000e+00 -1.3670597e-02 -2.9220313e-03]
 [ 3.7561508e-03  1.4604119e-02 -1.5856408e-02 -9.6158525e-03
  -3.6032489e-03 -1.3670597e-02  1.0000000e+00 -4.1066580e-02]
 [ 1.8278586e-02  5.4715849e-03  1.5861092e-02  4.3126424e-03
   2.5603101e-02 -2.9220313e-03 -4.1066580e-02  1.0000000e+00]]
[2025-11-14 18:27:59,111][src.models.modules.semantic_id.tiger_generation_model][WARNING] - [rank: 0] Failed to stack cross attentions: stack expects each tensor to be equal size, but got [32, 6, 135] at entry 0 and [32, 6, 2, 135] at entry 1
[2025-11-14 18:27:59,112][src.models.modules.semantic_id.tiger_generation_model][WARNING] - [rank: 0]   Hierarchy 0 shape: torch.Size([32, 6, 135])
[2025-11-14 18:27:59,112][src.models.modules.semantic_id.tiger_generation_model][WARNING] - [rank: 0]   Hierarchy 1 shape: torch.Size([32, 6, 2, 135])
[2025-11-14 18:27:59,112][src.models.modules.semantic_id.tiger_generation_model][WARNING] - [rank: 0]   Hierarchy 2 shape: torch.Size([32, 6, 135])
[2025-11-14 18:27:59,113][src.models.modules.semantic_id.tiger_generation_model][WARNING] - [rank: 0]   Hierarchy 3 shape: torch.Size([32, 6, 135])
[2025-11-14 18:27:59,113][src.models.modules.semantic_id.tiger_generation_model][WARNING] - [rank: 0]   Hierarchy 4 shape: torch.Size([32, 6, 135])
[2025-11-14 18:27:59,113][src.models.modules.semantic_id.tiger_generation_model][WARNING] - [rank: 0]   Hierarchy 5 shape: torch.Size([32, 6, 135])
[2025-11-14 18:27:59,113][src.models.modules.semantic_id.tiger_generation_model][WARNING] - [rank: 0]   Hierarchy 6 shape: torch.Size([32, 6, 135])
[2025-11-14 18:27:59,113][src.models.modules.semantic_id.tiger_generation_model][WARNING] - [rank: 0]   Hierarchy 7 shape: torch.Size([32, 6, 135])
[2025-11-14 18:27:59,573][src.models.modules.semantic_id.tiger_generation_model][INFO] - [rank: 0] Saved decoder self-attention to ./attention_weights/decoder_self_attention_batch_25.pt
[2025-11-14 18:27:59,574][src.models.modules.semantic_id.tiger_generation_model][INFO] - [rank: 0] Saved encoder attention to ./attention_weights/encoder_attention_batch_25.pt
[2025-11-14 18:27:59,574][src.models.modules.semantic_id.tiger_generation_model][INFO] - [rank: 0] Saved cross attention to ./attention_weights/cross_attention_batch_25.pt
[2025-11-14 18:27:59,600][src.models.modules.semantic_id.tiger_generation_model][INFO] - [rank: 0] 当前batch的生成语义ID Embedding相似度矩阵:
[[ 1.0000000e+00  2.3714274e-03  1.4683903e-02  3.0381968e-02
  -3.1008366e-02 -1.8160686e-02  2.3346428e-02  5.9364433e-04]
 [ 2.3714274e-03  1.0000000e+00 -3.6789076e-03  3.2795032e-03
   1.6822601e-02  1.9321315e-02  3.3386126e-03  1.6348716e-04]
 [ 1.4683903e-02 -3.6789076e-03  1.0000000e+00 -1.3686656e-03
   2.7581770e-04  3.5549484e-02  3.5615087e-02  3.6359597e-02]
 [ 3.0381968e-02  3.2795032e-03 -1.3686656e-03  9.9999994e-01
  -3.1809401e-02 -5.1892150e-02 -1.6390784e-02  1.8929247e-02]
 [-3.1008366e-02  1.6822601e-02  2.7581770e-04 -3.1809401e-02
   1.0000000e+00  1.7033454e-02 -2.1467309e-03 -1.8677441e-03]
 [-1.8160686e-02  1.9321315e-02  3.5549484e-02 -5.1892150e-02
   1.7033454e-02  1.0000000e+00 -4.1714504e-02  9.0455199e-03]
 [ 2.3346428e-02  3.3386126e-03  3.5615087e-02 -1.6390784e-02
  -2.1467309e-03 -4.1714504e-02  1.0000000e+00 -2.7789358e-02]
 [ 5.9364433e-04  1.6348716e-04  3.6359597e-02  1.8929247e-02
  -1.8677441e-03  9.0455199e-03 -2.7789358e-02  1.0000001e+00]]
[2025-11-14 18:28:00,068][src.models.modules.semantic_id.tiger_generation_model][INFO] - [rank: 0] 当前batch的输入Item Hierarchy Embedding相似度矩阵:
[[ 1.0000000e+00 -3.2260891e-03 -1.8929495e-02  1.3997708e-02
   3.0861211e-03  6.4686676e-03  9.3976473e-03  1.1544280e-02]
 [-3.2260891e-03  1.0000000e+00 -4.1640769e-03  1.3925050e-02
   4.3343063e-03  1.2428955e-04 -7.6591410e-03  3.6140801e-03]
 [-1.8929495e-02 -4.1640769e-03  1.0000000e+00  3.2865456e-03
   1.6026173e-04  9.9258730e-03 -6.7851664e-03  5.5286475e-03]
 [ 1.3997708e-02  1.3925050e-02  3.2865456e-03  1.0000000e+00
   4.8415847e-03 -4.7297057e-05 -5.2318340e-03  7.8262659e-03]
 [ 3.0861211e-03  4.3343063e-03  1.6026173e-04  4.8415847e-03
   9.9999994e-01  1.3043711e-02 -9.1102784e-03  1.8439951e-03]
 [ 6.4686676e-03  1.2428955e-04  9.9258730e-03 -4.7297057e-05
   1.3043711e-02  1.0000000e+00 -1.9188186e-02  9.4286306e-03]
 [ 9.3976473e-03 -7.6591410e-03 -6.7851664e-03 -5.2318340e-03
  -9.1102784e-03 -1.9188186e-02  1.0000000e+00 -4.9977615e-02]
 [ 1.1544280e-02  3.6140801e-03  5.5286475e-03  7.8262659e-03
   1.8439951e-03  9.4286306e-03 -4.9977615e-02  1.0000001e+00]]
[2025-11-14 18:28:01,482][src.models.modules.semantic_id.tiger_generation_model][WARNING] - [rank: 0] Failed to stack cross attentions: stack expects each tensor to be equal size, but got [32, 6, 135] at entry 0 and [32, 6, 2, 135] at entry 1
[2025-11-14 18:28:01,482][src.models.modules.semantic_id.tiger_generation_model][WARNING] - [rank: 0]   Hierarchy 0 shape: torch.Size([32, 6, 135])
[2025-11-14 18:28:01,482][src.models.modules.semantic_id.tiger_generation_model][WARNING] - [rank: 0]   Hierarchy 1 shape: torch.Size([32, 6, 2, 135])
[2025-11-14 18:28:01,482][src.models.modules.semantic_id.tiger_generation_model][WARNING] - [rank: 0]   Hierarchy 2 shape: torch.Size([32, 6, 135])
[2025-11-14 18:28:01,483][src.models.modules.semantic_id.tiger_generation_model][WARNING] - [rank: 0]   Hierarchy 3 shape: torch.Size([32, 6, 135])
[2025-11-14 18:28:01,483][src.models.modules.semantic_id.tiger_generation_model][WARNING] - [rank: 0]   Hierarchy 4 shape: torch.Size([32, 6, 135])
[2025-11-14 18:28:01,483][src.models.modules.semantic_id.tiger_generation_model][WARNING] - [rank: 0]   Hierarchy 5 shape: torch.Size([32, 6, 135])
[2025-11-14 18:28:01,483][src.models.modules.semantic_id.tiger_generation_model][WARNING] - [rank: 0]   Hierarchy 6 shape: torch.Size([32, 6, 135])
[2025-11-14 18:28:01,483][src.models.modules.semantic_id.tiger_generation_model][WARNING] - [rank: 0]   Hierarchy 7 shape: torch.Size([32, 6, 135])
[2025-11-14 18:28:01,977][src.models.modules.semantic_id.tiger_generation_model][INFO] - [rank: 0] Saved decoder self-attention to ./attention_weights/decoder_self_attention_batch_26.pt
[2025-11-14 18:28:01,977][src.models.modules.semantic_id.tiger_generation_model][INFO] - [rank: 0] Saved encoder attention to ./attention_weights/encoder_attention_batch_26.pt
[2025-11-14 18:28:01,977][src.models.modules.semantic_id.tiger_generation_model][INFO] - [rank: 0] Saved cross attention to ./attention_weights/cross_attention_batch_26.pt
[2025-11-14 18:28:01,995][src.models.modules.semantic_id.tiger_generation_model][INFO] - [rank: 0] 当前batch的生成语义ID Embedding相似度矩阵:
[[ 1.0000000e+00  2.9645091e-02 -3.5255007e-02  2.9955935e-02
  -5.5233739e-02 -3.4807887e-02 -2.0824175e-02 -8.6657237e-03]
 [ 2.9645091e-02  1.0000000e+00  4.2098716e-02  1.7852116e-02
   2.3721706e-02 -5.8562476e-03 -6.7874514e-03 -4.6821474e-04]
 [-3.5255007e-02  4.2098716e-02  1.0000001e+00  1.3679056e-03
   2.5053449e-02  1.4759251e-02 -1.9758746e-02  4.3188173e-02]
 [ 2.9955935e-02  1.7852116e-02  1.3679056e-03  1.0000000e+00
   2.9864106e-03 -1.7636888e-02 -2.0926068e-02  3.7837766e-02]
 [-5.5233739e-02  2.3721706e-02  2.5053449e-02  2.9864106e-03
   1.0000000e+00 -3.1814754e-02 -3.1320197e-03 -7.1251844e-03]
 [-3.4807887e-02 -5.8562476e-03  1.4759251e-02 -1.7636888e-02
  -3.1814754e-02  1.0000000e+00 -3.8690027e-02  5.1671132e-02]
 [-2.0824175e-02 -6.7874514e-03 -1.9758746e-02 -2.0926068e-02
  -3.1320197e-03 -3.8690027e-02  1.0000000e+00 -3.9287336e-02]
 [-8.6657237e-03 -4.6821474e-04  4.3188173e-02  3.7837766e-02
  -7.1251844e-03  5.1671132e-02 -3.9287336e-02  1.0000001e+00]]
[2025-11-14 18:28:02,395][src.models.modules.semantic_id.tiger_generation_model][INFO] - [rank: 0] 当前batch的输入Item Hierarchy Embedding相似度矩阵:
[[ 1.00000000e+00 -4.17745439e-03 -7.32238358e-03 -1.25908433e-02
   2.79647158e-03 -8.25145748e-03 -4.98244131e-04  1.45205613e-02]
 [-4.17745439e-03  1.00000000e+00  9.19340830e-03  8.41889158e-03
   2.00406052e-02 -6.73002051e-03  5.30877803e-03  9.02942196e-03]
 [-7.32238358e-03  9.19340830e-03  1.00000000e+00  7.61069241e-04
   1.32849086e-02  8.47228058e-03 -1.40940957e-02  1.24522429e-02]
 [-1.25908433e-02  8.41889158e-03  7.61069241e-04  1.00000000e+00
  -2.41582957e-03 -3.58412717e-03 -1.43209975e-02  8.38331506e-03]
 [ 2.79647158e-03  2.00406052e-02  1.32849086e-02 -2.41582957e-03
   1.00000000e+00  9.06351581e-03 -9.62773710e-03  2.85210949e-03]
 [-8.25145748e-03 -6.73002051e-03  8.47228058e-03 -3.58412717e-03
   9.06351581e-03  1.00000000e+00 -2.00446416e-02 -1.00168120e-02]
 [-4.98244131e-04  5.30877803e-03 -1.40940957e-02 -1.43209975e-02
  -9.62773710e-03 -2.00446416e-02  1.00000000e+00 -3.99743915e-02]
 [ 1.45205613e-02  9.02942196e-03  1.24522429e-02  8.38331506e-03
   2.85210949e-03 -1.00168120e-02 -3.99743915e-02  1.00000012e+00]]
[2025-11-14 18:28:03,654][src.models.modules.semantic_id.tiger_generation_model][WARNING] - [rank: 0] Failed to stack cross attentions: stack expects each tensor to be equal size, but got [32, 6, 135] at entry 0 and [32, 6, 2, 135] at entry 1
[2025-11-14 18:28:03,655][src.models.modules.semantic_id.tiger_generation_model][WARNING] - [rank: 0]   Hierarchy 0 shape: torch.Size([32, 6, 135])
[2025-11-14 18:28:03,655][src.models.modules.semantic_id.tiger_generation_model][WARNING] - [rank: 0]   Hierarchy 1 shape: torch.Size([32, 6, 2, 135])
[2025-11-14 18:28:03,655][src.models.modules.semantic_id.tiger_generation_model][WARNING] - [rank: 0]   Hierarchy 2 shape: torch.Size([32, 6, 135])
[2025-11-14 18:28:03,655][src.models.modules.semantic_id.tiger_generation_model][WARNING] - [rank: 0]   Hierarchy 3 shape: torch.Size([32, 6, 135])
[2025-11-14 18:28:03,655][src.models.modules.semantic_id.tiger_generation_model][WARNING] - [rank: 0]   Hierarchy 4 shape: torch.Size([32, 6, 135])
[2025-11-14 18:28:03,655][src.models.modules.semantic_id.tiger_generation_model][WARNING] - [rank: 0]   Hierarchy 5 shape: torch.Size([32, 6, 135])
[2025-11-14 18:28:03,656][src.models.modules.semantic_id.tiger_generation_model][WARNING] - [rank: 0]   Hierarchy 6 shape: torch.Size([32, 6, 135])
[2025-11-14 18:28:03,656][src.models.modules.semantic_id.tiger_generation_model][WARNING] - [rank: 0]   Hierarchy 7 shape: torch.Size([32, 6, 135])
[2025-11-14 18:28:04,120][src.models.modules.semantic_id.tiger_generation_model][INFO] - [rank: 0] Saved decoder self-attention to ./attention_weights/decoder_self_attention_batch_27.pt
[2025-11-14 18:28:04,147][src.models.modules.semantic_id.tiger_generation_model][INFO] - [rank: 0] Saved encoder attention to ./attention_weights/encoder_attention_batch_27.pt
[2025-11-14 18:28:04,148][src.models.modules.semantic_id.tiger_generation_model][INFO] - [rank: 0] Saved cross attention to ./attention_weights/cross_attention_batch_27.pt
[2025-11-14 18:28:04,172][src.models.modules.semantic_id.tiger_generation_model][INFO] - [rank: 0] 当前batch的生成语义ID Embedding相似度矩阵:
[[ 1.          0.02698975  0.01253718 -0.00256856 -0.02097928  0.00921201
  -0.03010813 -0.01120989]
 [ 0.02698975  1.          0.01502502  0.0056341   0.00413403 -0.00671436
   0.02572262 -0.02427066]
 [ 0.01253718  0.01502502  1.          0.01127704  0.02468711 -0.01268609
  -0.00323459 -0.01146451]
 [-0.00256856  0.0056341   0.01127704  1.         -0.01159509 -0.0114358
  -0.03100226  0.00510879]
 [-0.02097928  0.00413403  0.02468711 -0.01159509  1.         -0.02061873
   0.0085622   0.00284026]
 [ 0.00921201 -0.00671436 -0.01268609 -0.0114358  -0.02061873  1.
  -0.04005122  0.01164398]
 [-0.03010813  0.02572262 -0.00323459 -0.03100226  0.0085622  -0.04005122
   1.         -0.01530636]
 [-0.01120989 -0.02427066 -0.01146451  0.00510879  0.00284026  0.01164398
  -0.01530636  1.0000001 ]]
[2025-11-14 18:28:04,440][src.models.modules.semantic_id.tiger_generation_model][INFO] - [rank: 0] 当前batch的输入Item Hierarchy Embedding相似度矩阵:
[[ 1.         -0.00965112  0.00300021 -0.01195478 -0.00180048 -0.00143646
   0.00188848 -0.00704697]
 [-0.00965112  1.          0.00291657  0.0103465   0.00501388  0.00234414
  -0.00828414  0.00381952]
 [ 0.00300021  0.00291657  1.         -0.00683899  0.00928323 -0.00917411
  -0.00832612 -0.01129275]
 [-0.01195478  0.0103465  -0.00683899  1.          0.0101331   0.0028009
  -0.00592011  0.00941876]
 [-0.00180048  0.00501388  0.00928323  0.0101331   1.          0.00397086
   0.00266745  0.00778022]
 [-0.00143646  0.00234414 -0.00917411  0.0028009   0.00397086  1.
  -0.00708159  0.01454662]
 [ 0.00188848 -0.00828414 -0.00832612 -0.00592011  0.00266745 -0.00708159
   1.         -0.03792246]
 [-0.00704697  0.00381952 -0.01129275  0.00941876  0.00778022  0.01454662
  -0.03792246  1.0000002 ]]
[2025-11-14 18:28:05,482][src.models.modules.semantic_id.tiger_generation_model][WARNING] - [rank: 0] Failed to stack cross attentions: stack expects each tensor to be equal size, but got [32, 6, 135] at entry 0 and [32, 6, 2, 135] at entry 1
[2025-11-14 18:28:05,482][src.models.modules.semantic_id.tiger_generation_model][WARNING] - [rank: 0]   Hierarchy 0 shape: torch.Size([32, 6, 135])
[2025-11-14 18:28:05,483][src.models.modules.semantic_id.tiger_generation_model][WARNING] - [rank: 0]   Hierarchy 1 shape: torch.Size([32, 6, 2, 135])
[2025-11-14 18:28:05,483][src.models.modules.semantic_id.tiger_generation_model][WARNING] - [rank: 0]   Hierarchy 2 shape: torch.Size([32, 6, 135])
[2025-11-14 18:28:05,483][src.models.modules.semantic_id.tiger_generation_model][WARNING] - [rank: 0]   Hierarchy 3 shape: torch.Size([32, 6, 135])
[2025-11-14 18:28:05,483][src.models.modules.semantic_id.tiger_generation_model][WARNING] - [rank: 0]   Hierarchy 4 shape: torch.Size([32, 6, 135])
[2025-11-14 18:28:05,483][src.models.modules.semantic_id.tiger_generation_model][WARNING] - [rank: 0]   Hierarchy 5 shape: torch.Size([32, 6, 135])
[2025-11-14 18:28:05,484][src.models.modules.semantic_id.tiger_generation_model][WARNING] - [rank: 0]   Hierarchy 6 shape: torch.Size([32, 6, 135])
[2025-11-14 18:28:05,484][src.models.modules.semantic_id.tiger_generation_model][WARNING] - [rank: 0]   Hierarchy 7 shape: torch.Size([32, 6, 135])
[2025-11-14 18:28:06,027][src.models.modules.semantic_id.tiger_generation_model][INFO] - [rank: 0] Saved decoder self-attention to ./attention_weights/decoder_self_attention_batch_28.pt
[2025-11-14 18:28:06,028][src.models.modules.semantic_id.tiger_generation_model][INFO] - [rank: 0] Saved encoder attention to ./attention_weights/encoder_attention_batch_28.pt
[2025-11-14 18:28:06,028][src.models.modules.semantic_id.tiger_generation_model][INFO] - [rank: 0] Saved cross attention to ./attention_weights/cross_attention_batch_28.pt
[2025-11-14 18:28:06,061][src.models.modules.semantic_id.tiger_generation_model][INFO] - [rank: 0] 当前batch的生成语义ID Embedding相似度矩阵:
[[ 1.          0.011903   -0.02226242  0.00862943 -0.02810873 -0.02278835
  -0.00388194  0.00221366]
 [ 0.011903    1.          0.02357232  0.00956815  0.01900968 -0.00161709
   0.01016165 -0.01078985]
 [-0.02226242  0.02357232  1.          0.00414583 -0.02093292  0.02653956
   0.04184669  0.01910677]
 [ 0.00862943  0.00956815  0.00414583  1.         -0.0166824  -0.02812223
  -0.02731834  0.03243126]
 [-0.02810873  0.01900968 -0.02093292 -0.0166824   1.          0.00851471
  -0.02283663 -0.01442784]
 [-0.02278835 -0.00161709  0.02653956 -0.02812223  0.00851471  1.
  -0.0285737   0.01875793]
 [-0.00388194  0.01016165  0.04184669 -0.02731834 -0.02283663 -0.0285737
   1.         -0.01523873]
 [ 0.00221366 -0.01078985  0.01910677  0.03243126 -0.01442784  0.01875793
  -0.01523873  1.0000001 ]]
[2025-11-14 18:28:06,414][src.models.modules.semantic_id.tiger_generation_model][INFO] - [rank: 0] 当前batch的输入Item Hierarchy Embedding相似度矩阵:
[[ 1.00000000e+00  6.28463272e-03 -5.23387641e-03  1.86787697e-03
   1.25715975e-02  9.46759526e-03 -8.86012707e-03  6.00281917e-03]
 [ 6.28463272e-03  1.00000000e+00  2.18797661e-03  7.64504028e-03
  -1.07081318e-02  6.99185440e-03  5.06875385e-03  1.44856842e-03]
 [-5.23387641e-03  2.18797661e-03  1.00000000e+00  1.89222244e-03
   5.21531142e-03  1.70564335e-02 -1.09289028e-02  8.75879359e-03]
 [ 1.86787697e-03  7.64504028e-03  1.89222244e-03  1.00000000e+00
  -1.71403890e-03 -1.23962238e-02 -1.95434056e-02  9.97690368e-04]
 [ 1.25715975e-02 -1.07081318e-02  5.21531142e-03 -1.71403890e-03
   1.00000000e+00  6.02130825e-03 -7.09399395e-03  2.05495283e-02]
 [ 9.46759526e-03  6.99185440e-03  1.70564335e-02 -1.23962238e-02
   6.02130825e-03  1.00000000e+00 -2.76079774e-03  5.93073154e-03]
 [-8.86012707e-03  5.06875385e-03 -1.09289028e-02 -1.95434056e-02
  -7.09399395e-03 -2.76079774e-03  1.00000000e+00 -3.79307121e-02]
 [ 6.00281917e-03  1.44856842e-03  8.75879359e-03  9.97690368e-04
   2.05495283e-02  5.93073154e-03 -3.79307121e-02  1.00000012e+00]]
[2025-11-14 18:28:07,088][src.models.modules.semantic_id.tiger_generation_model][WARNING] - [rank: 0] Failed to stack cross attentions: stack expects each tensor to be equal size, but got [32, 6, 135] at entry 0 and [32, 6, 2, 135] at entry 1
[2025-11-14 18:28:07,088][src.models.modules.semantic_id.tiger_generation_model][WARNING] - [rank: 0]   Hierarchy 0 shape: torch.Size([32, 6, 135])
[2025-11-14 18:28:07,089][src.models.modules.semantic_id.tiger_generation_model][WARNING] - [rank: 0]   Hierarchy 1 shape: torch.Size([32, 6, 2, 135])
[2025-11-14 18:28:07,089][src.models.modules.semantic_id.tiger_generation_model][WARNING] - [rank: 0]   Hierarchy 2 shape: torch.Size([32, 6, 135])
[2025-11-14 18:28:07,089][src.models.modules.semantic_id.tiger_generation_model][WARNING] - [rank: 0]   Hierarchy 3 shape: torch.Size([32, 6, 135])
[2025-11-14 18:28:07,089][src.models.modules.semantic_id.tiger_generation_model][WARNING] - [rank: 0]   Hierarchy 4 shape: torch.Size([32, 6, 135])
[2025-11-14 18:28:07,089][src.models.modules.semantic_id.tiger_generation_model][WARNING] - [rank: 0]   Hierarchy 5 shape: torch.Size([32, 6, 135])
[2025-11-14 18:28:07,089][src.models.modules.semantic_id.tiger_generation_model][WARNING] - [rank: 0]   Hierarchy 6 shape: torch.Size([32, 6, 135])
[2025-11-14 18:28:07,090][src.models.modules.semantic_id.tiger_generation_model][WARNING] - [rank: 0]   Hierarchy 7 shape: torch.Size([32, 6, 135])
[2025-11-14 18:28:07,564][src.models.modules.semantic_id.tiger_generation_model][INFO] - [rank: 0] Saved decoder self-attention to ./attention_weights/decoder_self_attention_batch_29.pt
[2025-11-14 18:28:07,564][src.models.modules.semantic_id.tiger_generation_model][INFO] - [rank: 0] Saved encoder attention to ./attention_weights/encoder_attention_batch_29.pt
[2025-11-14 18:28:07,564][src.models.modules.semantic_id.tiger_generation_model][INFO] - [rank: 0] Saved cross attention to ./attention_weights/cross_attention_batch_29.pt
[2025-11-14 18:28:07,587][src.models.modules.semantic_id.tiger_generation_model][INFO] - [rank: 0] 当前batch的生成语义ID Embedding相似度矩阵:
[[ 1.00000000e+00  3.53144575e-03 -2.58957800e-02  3.97064686e-02
  -2.05003601e-02 -1.68600678e-02 -6.35710452e-03  2.27818638e-02]
 [ 3.53144575e-03  1.00000000e+00  4.07748520e-02  2.87678689e-02
   1.88424792e-02  5.67188300e-03 -1.33940019e-04  2.35544555e-02]
 [-2.58957800e-02  4.07748520e-02  1.00000000e+00  1.13648735e-02
   1.51790623e-02  2.15995386e-02 -4.30982374e-03  3.54968309e-02]
 [ 3.97064686e-02  2.87678689e-02  1.13648735e-02  1.00000000e+00
  -5.97106200e-03 -5.23760216e-03 -1.39888804e-02  1.17225200e-03]
 [-2.05003601e-02  1.88424792e-02  1.51790623e-02 -5.97106200e-03
   1.00000000e+00 -1.04337623e-02  1.89593714e-03 -1.39617808e-02]
 [-1.68600678e-02  5.67188300e-03  2.15995386e-02 -5.23760216e-03
  -1.04337623e-02  1.00000000e+00 -4.55740057e-02 -4.80414368e-03]
 [-6.35710452e-03 -1.33940019e-04 -4.30982374e-03 -1.39888804e-02
   1.89593714e-03 -4.55740057e-02  1.00000000e+00 -8.83011520e-03]
 [ 2.27818638e-02  2.35544555e-02  3.54968309e-02  1.17225200e-03
  -1.39617808e-02 -4.80414368e-03 -8.83011520e-03  1.00000012e+00]]
[2025-11-14 18:28:08,070][src.models.modules.semantic_id.tiger_generation_model][INFO] - [rank: 0] 当前batch的输入Item Hierarchy Embedding相似度矩阵:
[[ 1.0000000e+00  5.0234939e-03 -7.7138474e-04 -3.5979103e-03
  -9.4735911e-03  3.2756958e-04  1.2909918e-02  1.7980799e-02]
 [ 5.0234939e-03  1.0000000e+00  1.8636584e-03  1.0121021e-02
   1.3397702e-02 -2.1609827e-03 -7.9607498e-03  1.0992120e-02]
 [-7.7138474e-04  1.8636584e-03  1.0000000e+00 -1.1458883e-02
  -1.3251638e-03  1.2020183e-02 -1.7955663e-02 -1.6606296e-03]
 [-3.5979103e-03  1.0121021e-02 -1.1458883e-02  1.0000000e+00
   1.6530126e-03  6.1429683e-03 -1.1264481e-02  1.1723502e-02]
 [-9.4735911e-03  1.3397702e-02 -1.3251638e-03  1.6530126e-03
   1.0000000e+00 -9.4943140e-03 -8.5675344e-03  1.8138921e-02]
 [ 3.2756958e-04 -2.1609827e-03  1.2020183e-02  6.1429683e-03
  -9.4943140e-03  1.0000000e+00  8.9063989e-03 -5.4678181e-03]
 [ 1.2909918e-02 -7.9607498e-03 -1.7955663e-02 -1.1264481e-02
  -8.5675344e-03  8.9063989e-03  1.0000000e+00 -3.2871183e-02]
 [ 1.7980799e-02  1.0992120e-02 -1.6606296e-03  1.1723502e-02
   1.8138921e-02 -5.4678181e-03 -3.2871183e-02  1.0000001e+00]]
[2025-11-14 18:28:08,629][src.models.modules.semantic_id.tiger_generation_model][WARNING] - [rank: 0] Failed to stack cross attentions: stack expects each tensor to be equal size, but got [32, 6, 135] at entry 0 and [32, 6, 2, 135] at entry 1
[2025-11-14 18:28:08,630][src.models.modules.semantic_id.tiger_generation_model][WARNING] - [rank: 0]   Hierarchy 0 shape: torch.Size([32, 6, 135])
[2025-11-14 18:28:08,630][src.models.modules.semantic_id.tiger_generation_model][WARNING] - [rank: 0]   Hierarchy 1 shape: torch.Size([32, 6, 2, 135])
[2025-11-14 18:28:08,630][src.models.modules.semantic_id.tiger_generation_model][WARNING] - [rank: 0]   Hierarchy 2 shape: torch.Size([32, 6, 135])
[2025-11-14 18:28:08,630][src.models.modules.semantic_id.tiger_generation_model][WARNING] - [rank: 0]   Hierarchy 3 shape: torch.Size([32, 6, 135])
[2025-11-14 18:28:08,630][src.models.modules.semantic_id.tiger_generation_model][WARNING] - [rank: 0]   Hierarchy 4 shape: torch.Size([32, 6, 135])
[2025-11-14 18:28:08,631][src.models.modules.semantic_id.tiger_generation_model][WARNING] - [rank: 0]   Hierarchy 5 shape: torch.Size([32, 6, 135])
[2025-11-14 18:28:08,631][src.models.modules.semantic_id.tiger_generation_model][WARNING] - [rank: 0]   Hierarchy 6 shape: torch.Size([32, 6, 135])
[2025-11-14 18:28:08,631][src.models.modules.semantic_id.tiger_generation_model][WARNING] - [rank: 0]   Hierarchy 7 shape: torch.Size([32, 6, 135])
[2025-11-14 18:28:09,003][src.models.modules.semantic_id.tiger_generation_model][INFO] - [rank: 0] Saved decoder self-attention to ./attention_weights/decoder_self_attention_batch_30.pt
[2025-11-14 18:28:09,004][src.models.modules.semantic_id.tiger_generation_model][INFO] - [rank: 0] Saved encoder attention to ./attention_weights/encoder_attention_batch_30.pt
[2025-11-14 18:28:09,004][src.models.modules.semantic_id.tiger_generation_model][INFO] - [rank: 0] Saved cross attention to ./attention_weights/cross_attention_batch_30.pt
[2025-11-14 18:28:09,032][src.models.modules.semantic_id.tiger_generation_model][INFO] - [rank: 0] 当前batch的生成语义ID Embedding相似度矩阵:
[[ 1.          0.07992072  0.06475604  0.01188498 -0.05784947 -0.04326376
  -0.04044856 -0.01482304]
 [ 0.07992072  0.99999976  0.03303532 -0.0392544  -0.03475885 -0.03913595
  -0.06231806 -0.01720461]
 [ 0.06475604  0.03303532  1.          0.03608942 -0.03233062  0.00827272
  -0.02690749  0.01352425]
 [ 0.01188498 -0.0392544   0.03608942  1.          0.03024628 -0.0019574
  -0.01094462  0.01059442]
 [-0.05784947 -0.03475885 -0.03233062  0.03024628  1.          0.02488538
  -0.01935073  0.07426606]
 [-0.04326376 -0.03913595  0.00827272 -0.0019574   0.02488538  1.0000002
   0.0047214   0.07639062]
 [-0.04044856 -0.06231806 -0.02690749 -0.01094462 -0.01935073  0.0047214
   1.         -0.08318593]
 [-0.01482304 -0.01720461  0.01352425  0.01059442  0.07426606  0.07639062
  -0.08318593  1.0000001 ]]
[2025-11-14 18:28:09,463][src.models.modules.semantic_id.tiger_generation_model][INFO] - [rank: 0] 当前batch的输入Item Hierarchy Embedding相似度矩阵:
[[ 1.          0.01258034  0.01263346 -0.00963552  0.00186174 -0.01309776
  -0.00425855 -0.0159676 ]
 [ 0.01258034  1.          0.01110378 -0.01699566 -0.00947529 -0.0039865
  -0.00959976 -0.00538852]
 [ 0.01263346  0.01110378  1.          0.00235178  0.00235583 -0.0085761
  -0.01901282  0.01398569]
 [-0.00963552 -0.01699566  0.00235178  1.          0.01387187 -0.00771648
  -0.00204269 -0.00787818]
 [ 0.00186174 -0.00947529  0.00235583  0.01387187  1.          0.0086286
  -0.01601549  0.04059288]
 [-0.01309776 -0.0039865  -0.0085761  -0.00771648  0.0086286   1.
   0.00394421 -0.00199414]
 [-0.00425855 -0.00959976 -0.01901282 -0.00204269 -0.01601549  0.00394421
   1.         -0.04653021]
 [-0.0159676  -0.00538852  0.01398569 -0.00787818  0.04059288 -0.00199414
  -0.04653021  1.0000001 ]]
[2025-11-14 18:28:10,333][src.models.modules.semantic_id.tiger_generation_model][WARNING] - [rank: 0] Failed to stack cross attentions: stack expects each tensor to be equal size, but got [32, 6, 135] at entry 0 and [32, 6, 2, 135] at entry 1
[2025-11-14 18:28:10,334][src.models.modules.semantic_id.tiger_generation_model][WARNING] - [rank: 0]   Hierarchy 0 shape: torch.Size([32, 6, 135])
[2025-11-14 18:28:10,334][src.models.modules.semantic_id.tiger_generation_model][WARNING] - [rank: 0]   Hierarchy 1 shape: torch.Size([32, 6, 2, 135])
[2025-11-14 18:28:10,335][src.models.modules.semantic_id.tiger_generation_model][WARNING] - [rank: 0]   Hierarchy 2 shape: torch.Size([32, 6, 135])
[2025-11-14 18:28:10,335][src.models.modules.semantic_id.tiger_generation_model][WARNING] - [rank: 0]   Hierarchy 3 shape: torch.Size([32, 6, 135])
[2025-11-14 18:28:10,339][src.models.modules.semantic_id.tiger_generation_model][WARNING] - [rank: 0]   Hierarchy 4 shape: torch.Size([32, 6, 135])
[2025-11-14 18:28:10,340][src.models.modules.semantic_id.tiger_generation_model][WARNING] - [rank: 0]   Hierarchy 5 shape: torch.Size([32, 6, 135])
[2025-11-14 18:28:10,340][src.models.modules.semantic_id.tiger_generation_model][WARNING] - [rank: 0]   Hierarchy 6 shape: torch.Size([32, 6, 135])
[2025-11-14 18:28:10,340][src.models.modules.semantic_id.tiger_generation_model][WARNING] - [rank: 0]   Hierarchy 7 shape: torch.Size([32, 6, 135])
[2025-11-14 18:28:10,735][src.models.modules.semantic_id.tiger_generation_model][INFO] - [rank: 0] Saved decoder self-attention to ./attention_weights/decoder_self_attention_batch_31.pt
[2025-11-14 18:28:10,742][src.models.modules.semantic_id.tiger_generation_model][INFO] - [rank: 0] Saved encoder attention to ./attention_weights/encoder_attention_batch_31.pt
[2025-11-14 18:28:10,743][src.models.modules.semantic_id.tiger_generation_model][INFO] - [rank: 0] Saved cross attention to ./attention_weights/cross_attention_batch_31.pt
[2025-11-14 18:28:10,765][src.models.modules.semantic_id.tiger_generation_model][INFO] - [rank: 0] 当前batch的生成语义ID Embedding相似度矩阵:
[[ 1.00000000e+00  5.20631764e-03  2.93460209e-02  1.91354677e-02
  -5.34172449e-03 -1.64584816e-03 -2.39080228e-02  6.38696365e-05]
 [ 5.20631764e-03  1.00000012e+00 -1.39445765e-02 -2.17945203e-02
  -3.71912979e-02 -2.14981418e-02 -1.85564114e-03 -7.03879260e-03]
 [ 2.93460209e-02 -1.39445765e-02  1.00000000e+00  1.96945090e-02
   1.32993860e-02 -2.66137300e-04  1.26250554e-02  8.37709941e-03]
 [ 1.91354677e-02 -2.17945203e-02  1.96945090e-02  1.00000000e+00
  -1.73936673e-02 -2.16365159e-02 -3.46815921e-02  6.41088793e-03]
 [-5.34172449e-03 -3.71912979e-02  1.32993860e-02 -1.73936673e-02
   1.00000000e+00 -6.22551283e-03  3.15014198e-02 -1.57001661e-04]
 [-1.64584816e-03 -2.14981418e-02 -2.66137300e-04 -2.16365159e-02
  -6.22551283e-03  1.00000000e+00 -3.51043008e-02 -6.91137090e-03]
 [-2.39080228e-02 -1.85564114e-03  1.26250554e-02 -3.46815921e-02
   3.15014198e-02 -3.51043008e-02  1.00000000e+00 -1.34541066e-02]
 [ 6.38696365e-05 -7.03879260e-03  8.37709941e-03  6.41088793e-03
  -1.57001661e-04 -6.91137090e-03 -1.34541066e-02  1.00000012e+00]]
[2025-11-14 18:28:10,952][src.models.modules.semantic_id.tiger_generation_model][INFO] - [rank: 0] 当前batch的输入Item Hierarchy Embedding相似度矩阵:
[[ 1.0000000e+00  3.9147814e-03 -6.8941095e-04  1.3783252e-02
  -1.5567632e-03 -1.2437682e-02  1.1965294e-03  3.8370327e-03]
 [ 3.9147814e-03  1.0000000e+00 -1.4014327e-02 -2.1337529e-03
   7.1975477e-03  2.5886351e-03 -7.8628156e-03  4.5925383e-03]
 [-6.8941095e-04 -1.4014327e-02  1.0000000e+00 -8.6661283e-04
  -7.2958306e-03  5.6789871e-03 -4.9390499e-03  6.0521732e-03]
 [ 1.3783252e-02 -2.1337529e-03 -8.6661283e-04  1.0000000e+00
  -1.7478941e-03  7.1581895e-03 -6.0407170e-03  1.0035681e-02]
 [-1.5567632e-03  7.1975477e-03 -7.2958306e-03 -1.7478941e-03
   1.0000000e+00 -7.1615679e-04 -5.1910230e-03  1.5681505e-02]
 [-1.2437682e-02  2.5886351e-03  5.6789871e-03  7.1581895e-03
  -7.1615679e-04  1.0000000e+00  8.4467363e-03 -9.3629239e-03]
 [ 1.1965294e-03 -7.8628156e-03 -4.9390499e-03 -6.0407170e-03
  -5.1910230e-03  8.4467363e-03  1.0000000e+00 -4.4469047e-02]
 [ 3.8370327e-03  4.5925383e-03  6.0521732e-03  1.0035681e-02
   1.5681505e-02 -9.3629239e-03 -4.4469047e-02  1.0000001e+00]]
[2025-11-14 18:28:12,327][src.models.modules.semantic_id.tiger_generation_model][WARNING] - [rank: 0] Failed to stack cross attentions: stack expects each tensor to be equal size, but got [32, 6, 135] at entry 0 and [32, 6, 2, 135] at entry 1
[2025-11-14 18:28:12,327][src.models.modules.semantic_id.tiger_generation_model][WARNING] - [rank: 0]   Hierarchy 0 shape: torch.Size([32, 6, 135])
[2025-11-14 18:28:12,327][src.models.modules.semantic_id.tiger_generation_model][WARNING] - [rank: 0]   Hierarchy 1 shape: torch.Size([32, 6, 2, 135])
[2025-11-14 18:28:12,328][src.models.modules.semantic_id.tiger_generation_model][WARNING] - [rank: 0]   Hierarchy 2 shape: torch.Size([32, 6, 135])
[2025-11-14 18:28:12,328][src.models.modules.semantic_id.tiger_generation_model][WARNING] - [rank: 0]   Hierarchy 3 shape: torch.Size([32, 6, 135])
[2025-11-14 18:28:12,328][src.models.modules.semantic_id.tiger_generation_model][WARNING] - [rank: 0]   Hierarchy 4 shape: torch.Size([32, 6, 135])
[2025-11-14 18:28:12,328][src.models.modules.semantic_id.tiger_generation_model][WARNING] - [rank: 0]   Hierarchy 5 shape: torch.Size([32, 6, 135])
[2025-11-14 18:28:12,328][src.models.modules.semantic_id.tiger_generation_model][WARNING] - [rank: 0]   Hierarchy 6 shape: torch.Size([32, 6, 135])
[2025-11-14 18:28:12,328][src.models.modules.semantic_id.tiger_generation_model][WARNING] - [rank: 0]   Hierarchy 7 shape: torch.Size([32, 6, 135])
[2025-11-14 18:28:12,823][src.models.modules.semantic_id.tiger_generation_model][INFO] - [rank: 0] Saved decoder self-attention to ./attention_weights/decoder_self_attention_batch_32.pt
[2025-11-14 18:28:12,829][src.models.modules.semantic_id.tiger_generation_model][INFO] - [rank: 0] Saved encoder attention to ./attention_weights/encoder_attention_batch_32.pt
[2025-11-14 18:28:12,830][src.models.modules.semantic_id.tiger_generation_model][INFO] - [rank: 0] Saved cross attention to ./attention_weights/cross_attention_batch_32.pt
[2025-11-14 18:28:12,857][src.models.modules.semantic_id.tiger_generation_model][INFO] - [rank: 0] 当前batch的生成语义ID Embedding相似度矩阵:
[[ 1.0000000e+00  3.3378258e-02  8.5140932e-03  2.1055887e-02
  -4.2014487e-02 -1.9194530e-02 -2.4813790e-02  9.3804598e-03]
 [ 3.3378258e-02  1.0000000e+00  8.5468721e-03 -5.8018658e-03
  -8.5632168e-03  2.7715184e-02 -4.3624733e-04 -1.1840602e-02]
 [ 8.5140932e-03  8.5468721e-03  1.0000000e+00  5.5327751e-03
  -2.7343392e-02  1.1254899e-02 -3.2464033e-03  3.1273827e-02]
 [ 2.1055887e-02 -5.8018658e-03  5.5327751e-03  1.0000000e+00
  -1.2185382e-02 -4.2384509e-02 -5.7760313e-02  3.4095660e-02]
 [-4.2014487e-02 -8.5632168e-03 -2.7343392e-02 -1.2185382e-02
   1.0000000e+00 -1.5822461e-02  1.0808172e-02 -8.1132594e-03]
 [-1.9194530e-02  2.7715184e-02  1.1254899e-02 -4.2384509e-02
  -1.5822461e-02  1.0000000e+00 -2.8267236e-02  1.6155239e-02]
 [-2.4813790e-02 -4.3624733e-04 -3.2464033e-03 -5.7760313e-02
   1.0808172e-02 -2.8267236e-02  1.0000000e+00 -4.9132120e-02]
 [ 9.3804598e-03 -1.1840602e-02  3.1273827e-02  3.4095660e-02
  -8.1132594e-03  1.6155239e-02 -4.9132120e-02  1.0000001e+00]]
[2025-11-14 18:28:13,370][src.models.modules.semantic_id.tiger_generation_model][INFO] - [rank: 0] 当前batch的输入Item Hierarchy Embedding相似度矩阵:
[[ 1.          0.00147609 -0.00425003 -0.0063949  -0.01327462 -0.01300856
   0.01067711  0.01842386]
 [ 0.00147609  1.          0.00688647  0.0053053  -0.00584531  0.0098355
   0.0020204   0.00902615]
 [-0.00425003  0.00688647  1.          0.0088752   0.00465827 -0.00332194
  -0.00800988  0.00724761]
 [-0.0063949   0.0053053   0.0088752   1.          0.00214192 -0.0131659
  -0.00195716  0.0108375 ]
 [-0.01327462 -0.00584531  0.00465827  0.00214192  1.          0.0092332
  -0.00229937  0.01400287]
 [-0.01300856  0.0098355  -0.00332194 -0.0131659   0.0092332   1.
  -0.00947053  0.00676418]
 [ 0.01067711  0.0020204  -0.00800988 -0.00195716 -0.00229937 -0.00947053
   1.         -0.03320758]
 [ 0.01842386  0.00902615  0.00724761  0.0108375   0.01400287  0.00676418
  -0.03320758  1.0000001 ]]
[2025-11-14 18:28:14,355][src.models.modules.semantic_id.tiger_generation_model][WARNING] - [rank: 0] Failed to stack cross attentions: stack expects each tensor to be equal size, but got [32, 6, 135] at entry 0 and [32, 6, 2, 135] at entry 1
[2025-11-14 18:28:14,356][src.models.modules.semantic_id.tiger_generation_model][WARNING] - [rank: 0]   Hierarchy 0 shape: torch.Size([32, 6, 135])
[2025-11-14 18:28:14,356][src.models.modules.semantic_id.tiger_generation_model][WARNING] - [rank: 0]   Hierarchy 1 shape: torch.Size([32, 6, 2, 135])
[2025-11-14 18:28:14,356][src.models.modules.semantic_id.tiger_generation_model][WARNING] - [rank: 0]   Hierarchy 2 shape: torch.Size([32, 6, 135])
[2025-11-14 18:28:14,356][src.models.modules.semantic_id.tiger_generation_model][WARNING] - [rank: 0]   Hierarchy 3 shape: torch.Size([32, 6, 135])
[2025-11-14 18:28:14,356][src.models.modules.semantic_id.tiger_generation_model][WARNING] - [rank: 0]   Hierarchy 4 shape: torch.Size([32, 6, 135])
[2025-11-14 18:28:14,357][src.models.modules.semantic_id.tiger_generation_model][WARNING] - [rank: 0]   Hierarchy 5 shape: torch.Size([32, 6, 135])
[2025-11-14 18:28:14,357][src.models.modules.semantic_id.tiger_generation_model][WARNING] - [rank: 0]   Hierarchy 6 shape: torch.Size([32, 6, 135])
[2025-11-14 18:28:14,357][src.models.modules.semantic_id.tiger_generation_model][WARNING] - [rank: 0]   Hierarchy 7 shape: torch.Size([32, 6, 135])
[2025-11-14 18:28:14,806][src.models.modules.semantic_id.tiger_generation_model][INFO] - [rank: 0] Saved decoder self-attention to ./attention_weights/decoder_self_attention_batch_33.pt
[2025-11-14 18:28:14,807][src.models.modules.semantic_id.tiger_generation_model][INFO] - [rank: 0] Saved encoder attention to ./attention_weights/encoder_attention_batch_33.pt
[2025-11-14 18:28:14,807][src.models.modules.semantic_id.tiger_generation_model][INFO] - [rank: 0] Saved cross attention to ./attention_weights/cross_attention_batch_33.pt
[2025-11-14 18:28:14,813][src.models.modules.semantic_id.tiger_generation_model][INFO] - [rank: 0] 当前batch的生成语义ID Embedding相似度矩阵:
[[ 1.00000000e+00  4.43761162e-02 -4.38240962e-03 -2.75126379e-03
  -3.98025922e-02 -3.37938815e-02 -2.91310027e-02 -8.22007004e-03]
 [ 4.43761162e-02  9.99999940e-01  2.50410251e-02  5.85269090e-03
   1.35198459e-02 -9.23847035e-03  1.53718516e-03 -1.15600415e-05]
 [-4.38240962e-03  2.50410251e-02  1.00000000e+00  2.20674668e-02
   3.60544678e-03  1.50857680e-02 -4.40309942e-02 -6.68342784e-03]
 [-2.75126379e-03  5.85269090e-03  2.20674668e-02  1.00000000e+00
  -2.13895459e-03  7.02413172e-03 -1.58362724e-02 -1.57661159e-02]
 [-3.98025922e-02  1.35198459e-02  3.60544678e-03 -2.13895459e-03
   1.00000000e+00 -1.72666460e-02 -2.06293762e-02  2.86640339e-02]
 [-3.37938815e-02 -9.23847035e-03  1.50857680e-02  7.02413172e-03
  -1.72666460e-02  1.00000000e+00 -2.47139893e-02  5.46470750e-04]
 [-2.91310027e-02  1.53718516e-03 -4.40309942e-02 -1.58362724e-02
  -2.06293762e-02 -2.47139893e-02  1.00000000e+00 -3.29081565e-02]
 [-8.22007004e-03 -1.15600415e-05 -6.68342784e-03 -1.57661159e-02
   2.86640339e-02  5.46470750e-04 -3.29081565e-02  1.00000012e+00]]
[2025-11-14 18:28:14,896][src.models.modules.semantic_id.tiger_generation_model][INFO] - [rank: 0] 当前batch的输入Item Hierarchy Embedding相似度矩阵:
[[ 1.0000000e+00 -1.2696106e-02 -4.4175661e-03  8.4714936e-03
  -2.2952876e-03 -1.0691598e-02  4.3132696e-03  8.3097247e-03]
 [-1.2696106e-02  1.0000000e+00 -4.1561414e-04  6.5100758e-04
   1.1666962e-02  3.8317093e-03 -9.8126838e-03  1.2886299e-02]
 [-4.4175661e-03 -4.1561414e-04  1.0000000e+00  1.5824425e-03
  -1.5942838e-02 -5.2990196e-03 -1.1038811e-02  6.2663099e-03]
 [ 8.4714936e-03  6.5100758e-04  1.5824425e-03  1.0000000e+00
   8.3462186e-03  6.9048093e-03 -2.0885146e-04  7.3264614e-03]
 [-2.2952876e-03  1.1666962e-02 -1.5942838e-02  8.3462186e-03
   1.0000000e+00  5.2173166e-03 -5.0493088e-03  1.1250719e-02]
 [-1.0691598e-02  3.8317093e-03 -5.2990196e-03  6.9048093e-03
   5.2173166e-03  1.0000000e+00 -6.9760201e-03  2.2494588e-02]
 [ 4.3132696e-03 -9.8126838e-03 -1.1038811e-02 -2.0885146e-04
  -5.0493088e-03 -6.9760201e-03  1.0000000e+00 -3.5552304e-02]
 [ 8.3097247e-03  1.2886299e-02  6.2663099e-03  7.3264614e-03
   1.1250719e-02  2.2494588e-02 -3.5552304e-02  1.0000001e+00]]
[2025-11-14 18:28:15,604][src.models.modules.semantic_id.tiger_generation_model][WARNING] - [rank: 0] Failed to stack cross attentions: stack expects each tensor to be equal size, but got [32, 6, 135] at entry 0 and [32, 6, 2, 135] at entry 1
[2025-11-14 18:28:15,604][src.models.modules.semantic_id.tiger_generation_model][WARNING] - [rank: 0]   Hierarchy 0 shape: torch.Size([32, 6, 135])
[2025-11-14 18:28:15,605][src.models.modules.semantic_id.tiger_generation_model][WARNING] - [rank: 0]   Hierarchy 1 shape: torch.Size([32, 6, 2, 135])
[2025-11-14 18:28:15,605][src.models.modules.semantic_id.tiger_generation_model][WARNING] - [rank: 0]   Hierarchy 2 shape: torch.Size([32, 6, 135])
[2025-11-14 18:28:15,605][src.models.modules.semantic_id.tiger_generation_model][WARNING] - [rank: 0]   Hierarchy 3 shape: torch.Size([32, 6, 135])
[2025-11-14 18:28:15,605][src.models.modules.semantic_id.tiger_generation_model][WARNING] - [rank: 0]   Hierarchy 4 shape: torch.Size([32, 6, 135])
[2025-11-14 18:28:15,605][src.models.modules.semantic_id.tiger_generation_model][WARNING] - [rank: 0]   Hierarchy 5 shape: torch.Size([32, 6, 135])
[2025-11-14 18:28:15,606][src.models.modules.semantic_id.tiger_generation_model][WARNING] - [rank: 0]   Hierarchy 6 shape: torch.Size([32, 6, 135])
[2025-11-14 18:28:15,606][src.models.modules.semantic_id.tiger_generation_model][WARNING] - [rank: 0]   Hierarchy 7 shape: torch.Size([32, 6, 135])
[2025-11-14 18:28:15,979][src.models.modules.semantic_id.tiger_generation_model][INFO] - [rank: 0] Saved decoder self-attention to ./attention_weights/decoder_self_attention_batch_34.pt
[2025-11-14 18:28:15,980][src.models.modules.semantic_id.tiger_generation_model][INFO] - [rank: 0] Saved encoder attention to ./attention_weights/encoder_attention_batch_34.pt
[2025-11-14 18:28:15,981][src.models.modules.semantic_id.tiger_generation_model][INFO] - [rank: 0] Saved cross attention to ./attention_weights/cross_attention_batch_34.pt
[2025-11-14 18:28:15,987][src.models.modules.semantic_id.tiger_generation_model][INFO] - [rank: 0] 当前batch的生成语义ID Embedding相似度矩阵:
[[ 1.0000000e+00  5.5679552e-02  6.8638073e-03 -1.7954633e-02
  -2.9754097e-02  1.0853707e-02 -1.1817561e-03  2.6209040e-02]
 [ 5.5679552e-02  1.0000000e+00  3.4405150e-02 -7.5404765e-03
   6.2456946e-03  2.3839589e-02  2.0749038e-02  1.4464461e-02]
 [ 6.8638073e-03  3.4405150e-02  1.0000000e+00 -6.7885593e-04
  -1.7079092e-03  1.6795909e-02  5.8593634e-03  3.7167795e-02]
 [-1.7954633e-02 -7.5404765e-03 -6.7885593e-04  9.9999994e-01
  -7.5418903e-03 -6.4208806e-02 -2.0772735e-02  2.0962769e-02]
 [-2.9754097e-02  6.2456946e-03 -1.7079092e-03 -7.5418903e-03
   1.0000000e+00 -5.1382501e-02  8.9362003e-03 -4.0265205e-03]
 [ 1.0853707e-02  2.3839589e-02  1.6795909e-02 -6.4208806e-02
  -5.1382501e-02  1.0000000e+00 -3.0939132e-02  6.7907381e-03]
 [-1.1817561e-03  2.0749038e-02  5.8593634e-03 -2.0772735e-02
   8.9362003e-03 -3.0939132e-02  1.0000000e+00 -1.2478642e-02]
 [ 2.6209040e-02  1.4464461e-02  3.7167795e-02  2.0962769e-02
  -4.0265205e-03  6.7907381e-03 -1.2478642e-02  1.0000001e+00]]
[2025-11-14 18:28:16,617][src.models.modules.semantic_id.tiger_generation_model][INFO] - [rank: 0] 当前batch的输入Item Hierarchy Embedding相似度矩阵:
[[ 1.0000000e+00 -1.4488968e-03 -1.7355995e-02 -6.7529916e-03
   2.2413788e-02 -1.0835729e-02 -5.0858208e-03  2.5724243e-02]
 [-1.4488968e-03  1.0000000e+00  2.4672039e-03  2.1415055e-02
   1.4377028e-02 -6.3019288e-03 -1.6523456e-02  1.6356686e-03]
 [-1.7355995e-02  2.4672039e-03  1.0000000e+00  1.6608228e-03
   7.8105903e-03 -7.8530023e-03 -3.5312257e-03 -2.1142776e-03]
 [-6.7529916e-03  2.1415055e-02  1.6608228e-03  1.0000000e+00
   1.3092141e-02 -3.0743356e-03  5.3504324e-03 -2.9845221e-03]
 [ 2.2413788e-02  1.4377028e-02  7.8105903e-03  1.3092141e-02
   1.0000000e+00 -1.4610407e-03 -6.3651643e-04  5.8276430e-03]
 [-1.0835729e-02 -6.3019288e-03 -7.8530023e-03 -3.0743356e-03
  -1.4610407e-03  1.0000000e+00 -1.8945368e-02  7.2792307e-03]
 [-5.0858208e-03 -1.6523456e-02 -3.5312257e-03  5.3504324e-03
  -6.3651643e-04 -1.8945368e-02  1.0000000e+00 -5.4206766e-02]
 [ 2.5724243e-02  1.6356686e-03 -2.1142776e-03 -2.9845221e-03
   5.8276430e-03  7.2792307e-03 -5.4206766e-02  1.0000001e+00]]
[2025-11-14 18:28:17,738][src.models.modules.semantic_id.tiger_generation_model][WARNING] - [rank: 0] Failed to stack cross attentions: stack expects each tensor to be equal size, but got [32, 6, 135] at entry 0 and [32, 6, 2, 135] at entry 1
[2025-11-14 18:28:17,739][src.models.modules.semantic_id.tiger_generation_model][WARNING] - [rank: 0]   Hierarchy 0 shape: torch.Size([32, 6, 135])
[2025-11-14 18:28:17,739][src.models.modules.semantic_id.tiger_generation_model][WARNING] - [rank: 0]   Hierarchy 1 shape: torch.Size([32, 6, 2, 135])
[2025-11-14 18:28:17,739][src.models.modules.semantic_id.tiger_generation_model][WARNING] - [rank: 0]   Hierarchy 2 shape: torch.Size([32, 6, 135])
[2025-11-14 18:28:17,740][src.models.modules.semantic_id.tiger_generation_model][WARNING] - [rank: 0]   Hierarchy 3 shape: torch.Size([32, 6, 135])
[2025-11-14 18:28:17,740][src.models.modules.semantic_id.tiger_generation_model][WARNING] - [rank: 0]   Hierarchy 4 shape: torch.Size([32, 6, 135])
[2025-11-14 18:28:17,740][src.models.modules.semantic_id.tiger_generation_model][WARNING] - [rank: 0]   Hierarchy 5 shape: torch.Size([32, 6, 135])
[2025-11-14 18:28:17,740][src.models.modules.semantic_id.tiger_generation_model][WARNING] - [rank: 0]   Hierarchy 6 shape: torch.Size([32, 6, 135])
[2025-11-14 18:28:17,740][src.models.modules.semantic_id.tiger_generation_model][WARNING] - [rank: 0]   Hierarchy 7 shape: torch.Size([32, 6, 135])
[2025-11-14 18:28:18,191][src.models.modules.semantic_id.tiger_generation_model][INFO] - [rank: 0] Saved decoder self-attention to ./attention_weights/decoder_self_attention_batch_35.pt
[2025-11-14 18:28:18,191][src.models.modules.semantic_id.tiger_generation_model][INFO] - [rank: 0] Saved encoder attention to ./attention_weights/encoder_attention_batch_35.pt
[2025-11-14 18:28:18,191][src.models.modules.semantic_id.tiger_generation_model][INFO] - [rank: 0] Saved cross attention to ./attention_weights/cross_attention_batch_35.pt
[2025-11-14 18:28:18,198][src.models.modules.semantic_id.tiger_generation_model][INFO] - [rank: 0] 当前batch的生成语义ID Embedding相似度矩阵:
[[ 1.          0.03661674 -0.01304096 -0.00612552 -0.01109071 -0.01620695
  -0.01590439  0.03448561]
 [ 0.03661674  1.          0.01880416  0.00947131  0.00998186  0.00901793
   0.01399607 -0.03675574]
 [-0.01304096  0.01880416  1.         -0.0253411  -0.00443047  0.01526994
   0.00437811  0.03242104]
 [-0.00612552  0.00947131 -0.0253411   1.          0.01348426  0.00924467
   0.00385199  0.02233131]
 [-0.01109071  0.00998186 -0.00443047  0.01348426  1.         -0.02650705
  -0.03409347 -0.0300777 ]
 [-0.01620695  0.00901793  0.01526994  0.00924467 -0.02650705  1.
  -0.00947274  0.04221735]
 [-0.01590439  0.01399607  0.00437811  0.00385199 -0.03409347 -0.00947274
   1.         -0.0132516 ]
 [ 0.03448561 -0.03675574  0.03242104  0.02233131 -0.0300777   0.04221735
  -0.0132516   1.0000001 ]]
[2025-11-14 18:28:18,549][src.models.modules.semantic_id.tiger_generation_model][INFO] - [rank: 0] 当前batch的输入Item Hierarchy Embedding相似度矩阵:
[[ 9.99999940e-01  2.79814401e-03  1.50887715e-02  7.52827991e-03
  -5.19852061e-03 -8.41491390e-03  6.41767541e-03 -3.79738002e-03]
 [ 2.79814401e-03  9.99999940e-01 -4.59466921e-03  6.20412687e-03
  -3.30727780e-03  1.73834816e-03  9.99084488e-03  5.04910946e-03]
 [ 1.50887715e-02 -4.59466921e-03  9.99999940e-01 -5.39247366e-03
   1.55874370e-02  4.66457708e-03 -7.30889523e-03  9.38479789e-03]
 [ 7.52827991e-03  6.20412687e-03 -5.39247366e-03  9.99999940e-01
  -5.38622215e-03  5.05558914e-04  5.19855646e-04  1.25785368e-02]
 [-5.19852061e-03 -3.30727780e-03  1.55874370e-02 -5.38622215e-03
   9.99999881e-01  3.17428331e-03 -1.55669106e-02  1.97789799e-02]
 [-8.41491390e-03  1.73834816e-03  4.66457708e-03  5.05558914e-04
   3.17428331e-03  9.99999940e-01 -2.22222265e-02  1.69380531e-02]
 [ 6.41767541e-03  9.99084488e-03 -7.30889523e-03  5.19855646e-04
  -1.55669106e-02 -2.22222265e-02  9.99999940e-01 -3.35552171e-02]
 [-3.79738002e-03  5.04910946e-03  9.38479789e-03  1.25785368e-02
   1.97789799e-02  1.69380531e-02 -3.35552171e-02  1.00000012e+00]]
[2025-11-14 18:28:19,628][src.models.modules.semantic_id.tiger_generation_model][WARNING] - [rank: 0] Failed to stack cross attentions: stack expects each tensor to be equal size, but got [32, 6, 135] at entry 0 and [32, 6, 2, 135] at entry 1
[2025-11-14 18:28:19,629][src.models.modules.semantic_id.tiger_generation_model][WARNING] - [rank: 0]   Hierarchy 0 shape: torch.Size([32, 6, 135])
[2025-11-14 18:28:19,629][src.models.modules.semantic_id.tiger_generation_model][WARNING] - [rank: 0]   Hierarchy 1 shape: torch.Size([32, 6, 2, 135])
[2025-11-14 18:28:19,629][src.models.modules.semantic_id.tiger_generation_model][WARNING] - [rank: 0]   Hierarchy 2 shape: torch.Size([32, 6, 135])
[2025-11-14 18:28:19,629][src.models.modules.semantic_id.tiger_generation_model][WARNING] - [rank: 0]   Hierarchy 3 shape: torch.Size([32, 6, 135])
[2025-11-14 18:28:19,630][src.models.modules.semantic_id.tiger_generation_model][WARNING] - [rank: 0]   Hierarchy 4 shape: torch.Size([32, 6, 135])
[2025-11-14 18:28:19,630][src.models.modules.semantic_id.tiger_generation_model][WARNING] - [rank: 0]   Hierarchy 5 shape: torch.Size([32, 6, 135])
[2025-11-14 18:28:19,630][src.models.modules.semantic_id.tiger_generation_model][WARNING] - [rank: 0]   Hierarchy 6 shape: torch.Size([32, 6, 135])
[2025-11-14 18:28:19,630][src.models.modules.semantic_id.tiger_generation_model][WARNING] - [rank: 0]   Hierarchy 7 shape: torch.Size([32, 6, 135])
[2025-11-14 18:28:20,244][src.models.modules.semantic_id.tiger_generation_model][INFO] - [rank: 0] Saved decoder self-attention to ./attention_weights/decoder_self_attention_batch_36.pt
[2025-11-14 18:28:20,245][src.models.modules.semantic_id.tiger_generation_model][INFO] - [rank: 0] Saved encoder attention to ./attention_weights/encoder_attention_batch_36.pt
[2025-11-14 18:28:20,245][src.models.modules.semantic_id.tiger_generation_model][INFO] - [rank: 0] Saved cross attention to ./attention_weights/cross_attention_batch_36.pt
[2025-11-14 18:28:20,251][src.models.modules.semantic_id.tiger_generation_model][INFO] - [rank: 0] 当前batch的生成语义ID Embedding相似度矩阵:
[[ 1.         -0.01805066  0.03419484  0.0092289  -0.02805856 -0.00574598
   0.00893825  0.00388836]
 [-0.01805066  1.         -0.01206352  0.05004492 -0.02490852 -0.01066617
  -0.00133904 -0.0048036 ]
 [ 0.03419484 -0.01206352  1.          0.00146651 -0.01670848  0.01051024
  -0.00530149 -0.00335759]
 [ 0.0092289   0.05004492  0.00146651  1.          0.00258912 -0.00472006
  -0.00214797  0.03474206]
 [-0.02805856 -0.02490852 -0.01670848  0.00258912  1.         -0.01098885
  -0.01465076  0.00272679]
 [-0.00574598 -0.01066617  0.01051024 -0.00472006 -0.01098885  1.
  -0.02331487  0.05904119]
 [ 0.00893825 -0.00133904 -0.00530149 -0.00214797 -0.01465076 -0.02331487
   1.         -0.04183654]
 [ 0.00388836 -0.0048036  -0.00335759  0.03474206  0.00272679  0.05904119
  -0.04183654  1.0000001 ]]
[2025-11-14 18:28:20,654][src.models.modules.semantic_id.tiger_generation_model][INFO] - [rank: 0] 当前batch的输入Item Hierarchy Embedding相似度矩阵:
[[ 1.0000000e+00  8.5806353e-03  6.8793618e-03 -1.7694453e-02
  -9.3083493e-03 -1.2046558e-02  4.2789942e-03 -1.1383365e-02]
 [ 8.5806353e-03  1.0000000e+00 -8.4604397e-03 -1.1032949e-02
   2.2750690e-03 -6.0025509e-03  6.0307363e-04  4.7253510e-03]
 [ 6.8793618e-03 -8.4604397e-03  1.0000000e+00  1.3118561e-03
   1.0274733e-02 -1.3782940e-03 -3.7689738e-03 -5.9347483e-04]
 [-1.7694453e-02 -1.1032949e-02  1.3118561e-03  1.0000000e+00
  -1.7880073e-03  4.9229669e-03 -1.8774187e-02  3.6686107e-03]
 [-9.3083493e-03  2.2750690e-03  1.0274733e-02 -1.7880073e-03
   1.0000000e+00  1.3821671e-02 -1.2576561e-02  8.8550001e-03]
 [-1.2046558e-02 -6.0025509e-03 -1.3782940e-03  4.9229669e-03
   1.3821671e-02  1.0000000e+00 -1.4941770e-03 -1.1042139e-03]
 [ 4.2789942e-03  6.0307363e-04 -3.7689738e-03 -1.8774187e-02
  -1.2576561e-02 -1.4941770e-03  1.0000000e+00 -3.3306997e-02]
 [-1.1383365e-02  4.7253510e-03 -5.9347483e-04  3.6686107e-03
   8.8550001e-03 -1.1042139e-03 -3.3306997e-02  1.0000001e+00]]
[2025-11-14 18:28:21,727][src.models.modules.semantic_id.tiger_generation_model][WARNING] - [rank: 0] Failed to stack cross attentions: stack expects each tensor to be equal size, but got [32, 6, 135] at entry 0 and [32, 6, 2, 135] at entry 1
[2025-11-14 18:28:21,728][src.models.modules.semantic_id.tiger_generation_model][WARNING] - [rank: 0]   Hierarchy 0 shape: torch.Size([32, 6, 135])
[2025-11-14 18:28:21,729][src.models.modules.semantic_id.tiger_generation_model][WARNING] - [rank: 0]   Hierarchy 1 shape: torch.Size([32, 6, 2, 135])
[2025-11-14 18:28:21,729][src.models.modules.semantic_id.tiger_generation_model][WARNING] - [rank: 0]   Hierarchy 2 shape: torch.Size([32, 6, 135])
[2025-11-14 18:28:21,729][src.models.modules.semantic_id.tiger_generation_model][WARNING] - [rank: 0]   Hierarchy 3 shape: torch.Size([32, 6, 135])
[2025-11-14 18:28:21,729][src.models.modules.semantic_id.tiger_generation_model][WARNING] - [rank: 0]   Hierarchy 4 shape: torch.Size([32, 6, 135])
[2025-11-14 18:28:21,729][src.models.modules.semantic_id.tiger_generation_model][WARNING] - [rank: 0]   Hierarchy 5 shape: torch.Size([32, 6, 135])
[2025-11-14 18:28:21,729][src.models.modules.semantic_id.tiger_generation_model][WARNING] - [rank: 0]   Hierarchy 6 shape: torch.Size([32, 6, 135])
[2025-11-14 18:28:21,730][src.models.modules.semantic_id.tiger_generation_model][WARNING] - [rank: 0]   Hierarchy 7 shape: torch.Size([32, 6, 135])
[2025-11-14 18:28:22,306][src.models.modules.semantic_id.tiger_generation_model][INFO] - [rank: 0] Saved decoder self-attention to ./attention_weights/decoder_self_attention_batch_37.pt
[2025-11-14 18:28:22,306][src.models.modules.semantic_id.tiger_generation_model][INFO] - [rank: 0] Saved encoder attention to ./attention_weights/encoder_attention_batch_37.pt
[2025-11-14 18:28:22,307][src.models.modules.semantic_id.tiger_generation_model][INFO] - [rank: 0] Saved cross attention to ./attention_weights/cross_attention_batch_37.pt
[2025-11-14 18:28:22,317][src.models.modules.semantic_id.tiger_generation_model][INFO] - [rank: 0] 当前batch的生成语义ID Embedding相似度矩阵:
[[ 1.0000000e+00  3.5189770e-02 -2.1849664e-02  5.3797672e-03
  -1.1805304e-02  4.4908691e-03  8.7339338e-04 -7.1155080e-03]
 [ 3.5189770e-02  1.0000000e+00  1.4734508e-02 -1.8214029e-03
   2.6104562e-02  8.5915588e-03 -5.4106312e-03 -1.1483114e-02]
 [-2.1849664e-02  1.4734508e-02  1.0000000e+00  1.3394548e-02
   5.1097311e-03  4.0717281e-02  1.4163291e-02 -1.8274540e-02]
 [ 5.3797672e-03 -1.8214029e-03  1.3394548e-02  1.0000000e+00
  -2.6517693e-02 -1.4745193e-02 -2.6097849e-02  4.5768552e-02]
 [-1.1805304e-02  2.6104562e-02  5.1097311e-03 -2.6517693e-02
   1.0000000e+00  1.5061509e-03 -4.3056898e-02 -1.8407434e-02]
 [ 4.4908691e-03  8.5915588e-03  4.0717281e-02 -1.4745193e-02
   1.5061509e-03  1.0000000e+00 -1.8154096e-02 -1.1252960e-02]
 [ 8.7339338e-04 -5.4106312e-03  1.4163291e-02 -2.6097849e-02
  -4.3056898e-02 -1.8154096e-02  1.0000000e+00 -1.9699406e-02]
 [-7.1155080e-03 -1.1483114e-02 -1.8274540e-02  4.5768552e-02
  -1.8407434e-02 -1.1252960e-02 -1.9699406e-02  1.0000001e+00]]
[2025-11-14 18:28:22,610][src.models.modules.semantic_id.tiger_generation_model][INFO] - [rank: 0] 当前batch的输入Item Hierarchy Embedding相似度矩阵:
[[ 9.99999940e-01 -1.04639195e-02  1.34358797e-02 -1.63691747e-03
   5.77207608e-03 -3.10657267e-03 -4.98815300e-03  8.64932034e-03]
 [-1.04639195e-02  9.99999940e-01 -4.53792949e-04 -5.21292724e-03
  -1.37849832e-02  1.67952403e-02  8.50401074e-03 -3.42302653e-03]
 [ 1.34358797e-02 -4.53792949e-04  9.99999940e-01  3.13060894e-03
  -6.56494591e-03  2.23647221e-03 -2.55778176e-03  6.74478151e-03]
 [-1.63691747e-03 -5.21292724e-03  3.13060894e-03  9.99999940e-01
   2.04020180e-02 -7.50812795e-03 -1.10628270e-02  6.62433729e-03]
 [ 5.77207608e-03 -1.37849832e-02 -6.56494591e-03  2.04020180e-02
   9.99999940e-01  9.47201811e-03 -1.97918690e-03 -2.43666068e-06]
 [-3.10657267e-03  1.67952403e-02  2.23647221e-03 -7.50812795e-03
   9.47201811e-03  9.99999940e-01 -6.59627281e-03  1.28592562e-03]
 [-4.98815300e-03  8.50401074e-03 -2.55778176e-03 -1.10628270e-02
  -1.97918690e-03 -6.59627281e-03  9.99999940e-01 -2.66782232e-02]
 [ 8.64932034e-03 -3.42302653e-03  6.74478151e-03  6.62433729e-03
  -2.43666068e-06  1.28592562e-03 -2.66782232e-02  1.00000012e+00]]
[2025-11-14 18:28:23,789][src.models.modules.semantic_id.tiger_generation_model][WARNING] - [rank: 0] Failed to stack cross attentions: stack expects each tensor to be equal size, but got [32, 6, 135] at entry 0 and [32, 6, 2, 135] at entry 1
[2025-11-14 18:28:23,789][src.models.modules.semantic_id.tiger_generation_model][WARNING] - [rank: 0]   Hierarchy 0 shape: torch.Size([32, 6, 135])
[2025-11-14 18:28:23,789][src.models.modules.semantic_id.tiger_generation_model][WARNING] - [rank: 0]   Hierarchy 1 shape: torch.Size([32, 6, 2, 135])
[2025-11-14 18:28:23,790][src.models.modules.semantic_id.tiger_generation_model][WARNING] - [rank: 0]   Hierarchy 2 shape: torch.Size([32, 6, 135])
[2025-11-14 18:28:23,790][src.models.modules.semantic_id.tiger_generation_model][WARNING] - [rank: 0]   Hierarchy 3 shape: torch.Size([32, 6, 135])
[2025-11-14 18:28:23,790][src.models.modules.semantic_id.tiger_generation_model][WARNING] - [rank: 0]   Hierarchy 4 shape: torch.Size([32, 6, 135])
[2025-11-14 18:28:23,790][src.models.modules.semantic_id.tiger_generation_model][WARNING] - [rank: 0]   Hierarchy 5 shape: torch.Size([32, 6, 135])
[2025-11-14 18:28:23,790][src.models.modules.semantic_id.tiger_generation_model][WARNING] - [rank: 0]   Hierarchy 6 shape: torch.Size([32, 6, 135])
[2025-11-14 18:28:23,790][src.models.modules.semantic_id.tiger_generation_model][WARNING] - [rank: 0]   Hierarchy 7 shape: torch.Size([32, 6, 135])
[2025-11-14 18:28:24,168][src.models.modules.semantic_id.tiger_generation_model][INFO] - [rank: 0] Saved decoder self-attention to ./attention_weights/decoder_self_attention_batch_38.pt
[2025-11-14 18:28:24,168][src.models.modules.semantic_id.tiger_generation_model][INFO] - [rank: 0] Saved encoder attention to ./attention_weights/encoder_attention_batch_38.pt
[2025-11-14 18:28:24,168][src.models.modules.semantic_id.tiger_generation_model][INFO] - [rank: 0] Saved cross attention to ./attention_weights/cross_attention_batch_38.pt
[2025-11-14 18:28:24,174][src.models.modules.semantic_id.tiger_generation_model][INFO] - [rank: 0] 当前batch的生成语义ID Embedding相似度矩阵:
[[ 1.         -0.00155934  0.01548951 -0.01156515  0.00447807 -0.0152095
   0.0011726  -0.01870459]
 [-0.00155934  1.         -0.01454011 -0.00253433  0.01646665  0.02770666
  -0.00363366 -0.01368702]
 [ 0.01548951 -0.01454011  1.          0.02681796 -0.02916839  0.02787206
   0.01815927  0.03756776]
 [-0.01156515 -0.00253433  0.02681796  0.9999999  -0.04082648 -0.01568299
  -0.00321525  0.05711367]
 [ 0.00447807  0.01646665 -0.02916839 -0.04082648  1.         -0.00574923
  -0.02954178 -0.03631713]
 [-0.0152095   0.02770666  0.02787206 -0.01568299 -0.00574923  1.
  -0.02755888  0.02759792]
 [ 0.0011726  -0.00363366  0.01815927 -0.00321525 -0.02954178 -0.02755888
   1.          0.00661937]
 [-0.01870459 -0.01368702  0.03756776  0.05711367 -0.03631713  0.02759792
   0.00661937  1.0000001 ]]
[2025-11-14 18:28:24,322][src.models.modules.semantic_id.tiger_generation_model][INFO] - [rank: 0] 当前batch的输入Item Hierarchy Embedding相似度矩阵:
[[ 1.0000000e+00  7.2319903e-03 -2.4962553e-03  8.9255841e-03
  -1.5434527e-02 -1.4980618e-02  5.2906387e-04  6.7961426e-03]
 [ 7.2319903e-03  1.0000000e+00  3.3462471e-03 -1.5203079e-02
   1.2074659e-02  2.7063740e-02 -1.6896440e-02  2.1016749e-02]
 [-2.4962553e-03  3.3462471e-03  1.0000000e+00  4.8632850e-03
   1.3285567e-02  1.4869942e-02 -1.1800589e-02  3.9524431e-03]
 [ 8.9255841e-03 -1.5203079e-02  4.8632850e-03  1.0000000e+00
  -2.8137358e-05  1.2563796e-02 -2.5436869e-03 -1.9534563e-03]
 [-1.5434527e-02  1.2074659e-02  1.3285567e-02 -2.8137358e-05
   1.0000000e+00 -2.3813907e-03 -6.3254787e-03  3.6063641e-03]
 [-1.4980618e-02  2.7063740e-02  1.4869942e-02  1.2563796e-02
  -2.3813907e-03  1.0000000e+00 -3.4795182e-03  1.9165400e-02]
 [ 5.2906387e-04 -1.6896440e-02 -1.1800589e-02 -2.5436869e-03
  -6.3254787e-03 -3.4795182e-03  1.0000000e+00 -3.6791321e-02]
 [ 6.7961426e-03  2.1016749e-02  3.9524431e-03 -1.9534563e-03
   3.6063641e-03  1.9165400e-02 -3.6791321e-02  1.0000001e+00]]
[2025-11-14 18:28:25,541][src.models.modules.semantic_id.tiger_generation_model][WARNING] - [rank: 0] Failed to stack cross attentions: stack expects each tensor to be equal size, but got [32, 6, 135] at entry 0 and [32, 6, 2, 135] at entry 1
[2025-11-14 18:28:25,542][src.models.modules.semantic_id.tiger_generation_model][WARNING] - [rank: 0]   Hierarchy 0 shape: torch.Size([32, 6, 135])
[2025-11-14 18:28:25,542][src.models.modules.semantic_id.tiger_generation_model][WARNING] - [rank: 0]   Hierarchy 1 shape: torch.Size([32, 6, 2, 135])
[2025-11-14 18:28:25,542][src.models.modules.semantic_id.tiger_generation_model][WARNING] - [rank: 0]   Hierarchy 2 shape: torch.Size([32, 6, 135])
[2025-11-14 18:28:25,543][src.models.modules.semantic_id.tiger_generation_model][WARNING] - [rank: 0]   Hierarchy 3 shape: torch.Size([32, 6, 135])
[2025-11-14 18:28:25,543][src.models.modules.semantic_id.tiger_generation_model][WARNING] - [rank: 0]   Hierarchy 4 shape: torch.Size([32, 6, 135])
[2025-11-14 18:28:25,543][src.models.modules.semantic_id.tiger_generation_model][WARNING] - [rank: 0]   Hierarchy 5 shape: torch.Size([32, 6, 135])
[2025-11-14 18:28:25,543][src.models.modules.semantic_id.tiger_generation_model][WARNING] - [rank: 0]   Hierarchy 6 shape: torch.Size([32, 6, 135])
[2025-11-14 18:28:25,543][src.models.modules.semantic_id.tiger_generation_model][WARNING] - [rank: 0]   Hierarchy 7 shape: torch.Size([32, 6, 135])
[2025-11-14 18:28:26,102][src.models.modules.semantic_id.tiger_generation_model][INFO] - [rank: 0] Saved decoder self-attention to ./attention_weights/decoder_self_attention_batch_39.pt
[2025-11-14 18:28:26,102][src.models.modules.semantic_id.tiger_generation_model][INFO] - [rank: 0] Saved encoder attention to ./attention_weights/encoder_attention_batch_39.pt
[2025-11-14 18:28:26,102][src.models.modules.semantic_id.tiger_generation_model][INFO] - [rank: 0] Saved cross attention to ./attention_weights/cross_attention_batch_39.pt
[2025-11-14 18:28:26,112][src.models.modules.semantic_id.tiger_generation_model][INFO] - [rank: 0] 当前batch的生成语义ID Embedding相似度矩阵:
[[ 1.0000000e+00  9.8210480e-03 -3.0758258e-02  5.5719861e-03
  -1.6842300e-02  1.8840127e-02 -9.0694958e-03  4.1988590e-03]
 [ 9.8210480e-03  1.0000000e+00 -2.2261245e-02  4.3268304e-02
   1.4896737e-02 -6.7357114e-04  1.1793595e-02 -2.2152402e-02]
 [-3.0758258e-02 -2.2261245e-02  1.0000000e+00  2.5527705e-02
  -2.0315754e-04 -2.3848277e-03 -3.8674343e-03  2.1159442e-02]
 [ 5.5719861e-03  4.3268304e-02  2.5527705e-02  1.0000000e+00
  -8.9946445e-03 -1.0226999e-02 -1.6456550e-02  2.9064400e-02]
 [-1.6842300e-02  1.4896737e-02 -2.0315754e-04 -8.9946445e-03
   1.0000000e+00 -1.7050795e-02 -4.1873232e-02  2.0256089e-03]
 [ 1.8840127e-02 -6.7357114e-04 -2.3848277e-03 -1.0226999e-02
  -1.7050795e-02  1.0000000e+00 -4.9232718e-02  1.1485022e-02]
 [-9.0694958e-03  1.1793595e-02 -3.8674343e-03 -1.6456550e-02
  -4.1873232e-02 -4.9232718e-02  1.0000000e+00  1.1968604e-02]
 [ 4.1988590e-03 -2.2152402e-02  2.1159442e-02  2.9064400e-02
   2.0256089e-03  1.1485022e-02  1.1968604e-02  1.0000001e+00]]
[2025-11-14 18:28:26,415][src.models.modules.semantic_id.tiger_generation_model][INFO] - [rank: 0] 当前batch的输入Item Hierarchy Embedding相似度矩阵:
[[ 1.0000000e+00 -6.8286657e-03 -8.7208726e-04  8.3259009e-03
   8.3486205e-03  3.1752677e-03 -5.1836302e-03  1.0757294e-02]
 [-6.8286657e-03  1.0000000e+00  1.4045184e-02 -4.2051051e-04
   9.8084640e-03  3.2522168e-03 -1.3818929e-02  8.4564360e-03]
 [-8.7208726e-04  1.4045184e-02  1.0000000e+00  7.2167437e-03
   2.3649330e-03  4.7977385e-03 -1.7529767e-02 -7.9674805e-03]
 [ 8.3259009e-03 -4.2051051e-04  7.2167437e-03  1.0000000e+00
   7.9239979e-03  9.1607915e-03 -6.9090063e-03  9.3458546e-03]
 [ 8.3486205e-03  9.8084640e-03  2.3649330e-03  7.9239979e-03
   1.0000000e+00  3.2085378e-03 -1.7819764e-02  9.3628177e-03]
 [ 3.1752677e-03  3.2522168e-03  4.7977385e-03  9.1607915e-03
   3.2085378e-03  1.0000000e+00  1.0952803e-03  1.0819983e-02]
 [-5.1836302e-03 -1.3818929e-02 -1.7529767e-02 -6.9090063e-03
  -1.7819764e-02  1.0952803e-03  1.0000000e+00 -3.3824023e-02]
 [ 1.0757294e-02  8.4564360e-03 -7.9674805e-03  9.3458546e-03
   9.3628177e-03  1.0819983e-02 -3.3824023e-02  1.0000001e+00]]
[2025-11-14 18:28:27,548][src.models.modules.semantic_id.tiger_generation_model][WARNING] - [rank: 0] Failed to stack cross attentions: stack expects each tensor to be equal size, but got [32, 6, 135] at entry 0 and [32, 6, 2, 135] at entry 1
[2025-11-14 18:28:27,549][src.models.modules.semantic_id.tiger_generation_model][WARNING] - [rank: 0]   Hierarchy 0 shape: torch.Size([32, 6, 135])
[2025-11-14 18:28:27,549][src.models.modules.semantic_id.tiger_generation_model][WARNING] - [rank: 0]   Hierarchy 1 shape: torch.Size([32, 6, 2, 135])
[2025-11-14 18:28:27,549][src.models.modules.semantic_id.tiger_generation_model][WARNING] - [rank: 0]   Hierarchy 2 shape: torch.Size([32, 6, 135])
[2025-11-14 18:28:27,549][src.models.modules.semantic_id.tiger_generation_model][WARNING] - [rank: 0]   Hierarchy 3 shape: torch.Size([32, 6, 135])
[2025-11-14 18:28:27,549][src.models.modules.semantic_id.tiger_generation_model][WARNING] - [rank: 0]   Hierarchy 4 shape: torch.Size([32, 6, 135])
[2025-11-14 18:28:27,550][src.models.modules.semantic_id.tiger_generation_model][WARNING] - [rank: 0]   Hierarchy 5 shape: torch.Size([32, 6, 135])
[2025-11-14 18:28:27,550][src.models.modules.semantic_id.tiger_generation_model][WARNING] - [rank: 0]   Hierarchy 6 shape: torch.Size([32, 6, 135])
[2025-11-14 18:28:27,550][src.models.modules.semantic_id.tiger_generation_model][WARNING] - [rank: 0]   Hierarchy 7 shape: torch.Size([32, 6, 135])
[2025-11-14 18:28:27,891][src.models.modules.semantic_id.tiger_generation_model][INFO] - [rank: 0] Saved decoder self-attention to ./attention_weights/decoder_self_attention_batch_40.pt
[2025-11-14 18:28:27,892][src.models.modules.semantic_id.tiger_generation_model][INFO] - [rank: 0] Saved encoder attention to ./attention_weights/encoder_attention_batch_40.pt
[2025-11-14 18:28:27,892][src.models.modules.semantic_id.tiger_generation_model][INFO] - [rank: 0] Saved cross attention to ./attention_weights/cross_attention_batch_40.pt
[2025-11-14 18:28:27,899][src.models.modules.semantic_id.tiger_generation_model][INFO] - [rank: 0] 当前batch的生成语义ID Embedding相似度矩阵:
[[ 1.0000000e+00  3.6976688e-02  1.7563768e-02  7.9669394e-03
  -2.7655471e-02 -4.4769485e-02 -2.4229661e-03  1.1699631e-02]
 [ 3.6976688e-02  1.0000000e+00 -1.3940687e-02 -9.9288961e-03
   5.4877894e-03  6.6892989e-03  4.2752596e-03  8.3131529e-03]
 [ 1.7563768e-02 -1.3940687e-02  1.0000000e+00  1.6951457e-03
  -2.7802268e-02  1.3291152e-02  2.7077306e-02  3.0433990e-02]
 [ 7.9669394e-03 -9.9288961e-03  1.6951457e-03  1.0000000e+00
  -2.7504470e-02 -3.0283533e-02  1.7955460e-02  2.5837062e-02]
 [-2.7655471e-02  5.4877894e-03 -2.7802268e-02 -2.7504470e-02
   9.9999994e-01  1.1955406e-02 -3.1989850e-02 -1.7023921e-02]
 [-4.4769485e-02  6.6892989e-03  1.3291152e-02 -3.0283533e-02
   1.1955406e-02  1.0000000e+00 -3.3001482e-02  1.7188489e-05]
 [-2.4229661e-03  4.2752596e-03  2.7077306e-02  1.7955460e-02
  -3.1989850e-02 -3.3001482e-02  1.0000000e+00  4.5520607e-03]
 [ 1.1699631e-02  8.3131529e-03  3.0433990e-02  2.5837062e-02
  -1.7023921e-02  1.7188489e-05  4.5520607e-03  1.0000001e+00]]
[2025-11-14 18:28:28,076][src.models.modules.semantic_id.tiger_generation_model][INFO] - [rank: 0] 当前batch的输入Item Hierarchy Embedding相似度矩阵:
[[ 1.         -0.0224551  -0.00260821 -0.0057212   0.0062395  -0.00958637
  -0.00756674 -0.00253403]
 [-0.0224551   1.          0.01746809  0.01221054  0.00167004 -0.01832896
   0.01741045 -0.01696969]
 [-0.00260821  0.01746809  1.         -0.01007066  0.00175111 -0.00120699
  -0.00223262  0.00122665]
 [-0.0057212   0.01221054 -0.01007066  1.          0.003969   -0.00515148
  -0.00471609  0.01506097]
 [ 0.0062395   0.00167004  0.00175111  0.003969    1.         -0.01437967
   0.00323584  0.01173966]
 [-0.00958637 -0.01832896 -0.00120699 -0.00515148 -0.01437967  1.
   0.00855643  0.01206339]
 [-0.00756674  0.01741045 -0.00223262 -0.00471609  0.00323584  0.00855643
   1.         -0.03377645]
 [-0.00253403 -0.01696969  0.00122665  0.01506097  0.01173966  0.01206339
  -0.03377645  1.0000002 ]]
[2025-11-14 18:28:29,474][src.models.modules.semantic_id.tiger_generation_model][WARNING] - [rank: 0] Failed to stack cross attentions: stack expects each tensor to be equal size, but got [32, 6, 135] at entry 0 and [32, 6, 2, 135] at entry 1
[2025-11-14 18:28:29,475][src.models.modules.semantic_id.tiger_generation_model][WARNING] - [rank: 0]   Hierarchy 0 shape: torch.Size([32, 6, 135])
[2025-11-14 18:28:29,481][src.models.modules.semantic_id.tiger_generation_model][WARNING] - [rank: 0]   Hierarchy 1 shape: torch.Size([32, 6, 2, 135])
[2025-11-14 18:28:29,481][src.models.modules.semantic_id.tiger_generation_model][WARNING] - [rank: 0]   Hierarchy 2 shape: torch.Size([32, 6, 135])
[2025-11-14 18:28:29,481][src.models.modules.semantic_id.tiger_generation_model][WARNING] - [rank: 0]   Hierarchy 3 shape: torch.Size([32, 6, 135])
[2025-11-14 18:28:29,481][src.models.modules.semantic_id.tiger_generation_model][WARNING] - [rank: 0]   Hierarchy 4 shape: torch.Size([32, 6, 135])
[2025-11-14 18:28:29,482][src.models.modules.semantic_id.tiger_generation_model][WARNING] - [rank: 0]   Hierarchy 5 shape: torch.Size([32, 6, 135])
[2025-11-14 18:28:29,482][src.models.modules.semantic_id.tiger_generation_model][WARNING] - [rank: 0]   Hierarchy 6 shape: torch.Size([32, 6, 135])
[2025-11-14 18:28:29,482][src.models.modules.semantic_id.tiger_generation_model][WARNING] - [rank: 0]   Hierarchy 7 shape: torch.Size([32, 6, 135])
[2025-11-14 18:28:30,154][src.models.modules.semantic_id.tiger_generation_model][INFO] - [rank: 0] Saved decoder self-attention to ./attention_weights/decoder_self_attention_batch_41.pt
[2025-11-14 18:28:30,154][src.models.modules.semantic_id.tiger_generation_model][INFO] - [rank: 0] Saved encoder attention to ./attention_weights/encoder_attention_batch_41.pt
[2025-11-14 18:28:30,155][src.models.modules.semantic_id.tiger_generation_model][INFO] - [rank: 0] Saved cross attention to ./attention_weights/cross_attention_batch_41.pt
[2025-11-14 18:28:30,161][src.models.modules.semantic_id.tiger_generation_model][INFO] - [rank: 0] 当前batch的生成语义ID Embedding相似度矩阵:
[[ 0.99999994  0.02804267  0.00389033 -0.01613942 -0.01203343 -0.0197807
   0.00943065 -0.0087941 ]
 [ 0.02804267  0.9999999  -0.00635047 -0.00156828  0.02681031  0.00645886
   0.00178216 -0.00947916]
 [ 0.00389033 -0.00635047  1.          0.01634965 -0.00377673  0.0276009
  -0.00484359  0.00710865]
 [-0.01613942 -0.00156828  0.01634965  1.         -0.01191469  0.00483
   0.00341312  0.03315086]
 [-0.01203343  0.02681031 -0.00377673 -0.01191469  1.         -0.02756731
  -0.0325421  -0.01577681]
 [-0.0197807   0.00645886  0.0276009   0.00483    -0.02756731  1.
  -0.02307761 -0.00707923]
 [ 0.00943065  0.00178216 -0.00484359  0.00341312 -0.0325421  -0.02307761
   1.         -0.02262175]
 [-0.0087941  -0.00947916  0.00710865  0.03315086 -0.01577681 -0.00707923
  -0.02262175  1.0000001 ]]
[2025-11-14 18:28:30,498][src.models.modules.semantic_id.tiger_generation_model][INFO] - [rank: 0] 当前batch的输入Item Hierarchy Embedding相似度矩阵:
[[ 1.0000000e+00 -2.0326544e-03 -3.8648327e-04 -3.2343375e-03
   1.7746836e-02  8.0956845e-03  1.3263531e-02 -2.4707292e-03]
 [-2.0326544e-03  1.0000000e+00  8.8511789e-03 -5.8744829e-03
   1.0274140e-02 -8.2406058e-04 -4.5118155e-03  1.2818553e-02]
 [-3.8648327e-04  8.8511789e-03  1.0000000e+00  3.6436203e-03
   5.3565013e-03  6.7785662e-03 -5.6622555e-03  3.1229204e-03]
 [-3.2343375e-03 -5.8744829e-03  3.6436203e-03  1.0000000e+00
   1.5703311e-02  2.8282355e-03 -6.4638387e-03  7.3472611e-03]
 [ 1.7746836e-02  1.0274140e-02  5.3565013e-03  1.5703311e-02
   1.0000000e+00 -1.0805195e-03 -6.0019423e-03  1.0787467e-02]
 [ 8.0956845e-03 -8.2406058e-04  6.7785662e-03  2.8282355e-03
  -1.0805195e-03  1.0000000e+00 -1.2284228e-02  1.5373605e-03]
 [ 1.3263531e-02 -4.5118155e-03 -5.6622555e-03 -6.4638387e-03
  -6.0019423e-03 -1.2284228e-02  1.0000000e+00 -4.7187679e-02]
 [-2.4707292e-03  1.2818553e-02  3.1229204e-03  7.3472611e-03
   1.0787467e-02  1.5373605e-03 -4.7187679e-02  1.0000001e+00]]
[2025-11-14 18:28:31,121][src.models.modules.semantic_id.tiger_generation_model][WARNING] - [rank: 0] Failed to stack cross attentions: stack expects each tensor to be equal size, but got [32, 6, 135] at entry 0 and [32, 6, 2, 135] at entry 1
[2025-11-14 18:28:31,122][src.models.modules.semantic_id.tiger_generation_model][WARNING] - [rank: 0]   Hierarchy 0 shape: torch.Size([32, 6, 135])
[2025-11-14 18:28:31,122][src.models.modules.semantic_id.tiger_generation_model][WARNING] - [rank: 0]   Hierarchy 1 shape: torch.Size([32, 6, 2, 135])
[2025-11-14 18:28:31,122][src.models.modules.semantic_id.tiger_generation_model][WARNING] - [rank: 0]   Hierarchy 2 shape: torch.Size([32, 6, 135])
[2025-11-14 18:28:31,122][src.models.modules.semantic_id.tiger_generation_model][WARNING] - [rank: 0]   Hierarchy 3 shape: torch.Size([32, 6, 135])
[2025-11-14 18:28:31,122][src.models.modules.semantic_id.tiger_generation_model][WARNING] - [rank: 0]   Hierarchy 4 shape: torch.Size([32, 6, 135])
[2025-11-14 18:28:31,122][src.models.modules.semantic_id.tiger_generation_model][WARNING] - [rank: 0]   Hierarchy 5 shape: torch.Size([32, 6, 135])
[2025-11-14 18:28:31,123][src.models.modules.semantic_id.tiger_generation_model][WARNING] - [rank: 0]   Hierarchy 6 shape: torch.Size([32, 6, 135])
[2025-11-14 18:28:31,123][src.models.modules.semantic_id.tiger_generation_model][WARNING] - [rank: 0]   Hierarchy 7 shape: torch.Size([32, 6, 135])
[2025-11-14 18:28:31,661][src.models.modules.semantic_id.tiger_generation_model][INFO] - [rank: 0] Saved decoder self-attention to ./attention_weights/decoder_self_attention_batch_42.pt
[2025-11-14 18:28:31,662][src.models.modules.semantic_id.tiger_generation_model][INFO] - [rank: 0] Saved encoder attention to ./attention_weights/encoder_attention_batch_42.pt
[2025-11-14 18:28:31,662][src.models.modules.semantic_id.tiger_generation_model][INFO] - [rank: 0] Saved cross attention to ./attention_weights/cross_attention_batch_42.pt
[2025-11-14 18:28:31,669][src.models.modules.semantic_id.tiger_generation_model][INFO] - [rank: 0] 当前batch的生成语义ID Embedding相似度矩阵:
[[ 1.0000000e+00  1.0333439e-02 -6.3972920e-03 -2.5284827e-02
  -3.5737395e-02 -2.0600462e-02  1.1348913e-02  2.3089176e-02]
 [ 1.0333439e-02  9.9999994e-01  4.9582019e-02  8.2453797e-03
   1.8129271e-02 -4.3759784e-03  4.6458528e-03 -2.0576073e-03]
 [-6.3972920e-03  4.9582019e-02  1.0000000e+00 -9.8395953e-04
  -1.1363244e-02  4.0916525e-02  2.4170537e-02  3.9373524e-02]
 [-2.5284827e-02  8.2453797e-03 -9.8395953e-04  1.0000000e+00
  -1.2452671e-02 -5.2010175e-04 -3.5695933e-02  2.7462620e-02]
 [-3.5737395e-02  1.8129271e-02 -1.1363244e-02 -1.2452671e-02
   1.0000000e+00 -4.7179390e-02 -1.6150060e-03  6.3919621e-03]
 [-2.0600462e-02 -4.3759784e-03  4.0916525e-02 -5.2010175e-04
  -4.7179390e-02  1.0000000e+00 -3.5785779e-02  1.6824547e-02]
 [ 1.1348913e-02  4.6458528e-03  2.4170537e-02 -3.5695933e-02
  -1.6150060e-03 -3.5785779e-02  1.0000000e+00 -7.8588225e-02]
 [ 2.3089176e-02 -2.0576073e-03  3.9373524e-02  2.7462620e-02
   6.3919621e-03  1.6824547e-02 -7.8588225e-02  1.0000001e+00]]
[2025-11-14 18:28:31,822][src.models.modules.semantic_id.tiger_generation_model][INFO] - [rank: 0] 当前batch的输入Item Hierarchy Embedding相似度矩阵:
[[ 1.00000000e+00  9.39547922e-03 -1.07886195e-02  5.12426533e-03
  -4.24274383e-03 -2.26710215e-02  1.45813860e-02  2.65309084e-02]
 [ 9.39547922e-03  1.00000000e+00  7.18565134e-04  1.08409310e-02
  -1.66735298e-03  9.90283675e-04 -1.04602855e-02  1.70661241e-03]
 [-1.07886195e-02  7.18565134e-04  1.00000000e+00  1.82627933e-03
   8.46046675e-03  3.56595870e-03 -6.79604011e-03 -3.14780581e-03]
 [ 5.12426533e-03  1.08409310e-02  1.82627933e-03  1.00000000e+00
   1.17901769e-02  3.62088275e-03 -1.61959101e-02  1.05464421e-02]
 [-4.24274383e-03 -1.66735298e-03  8.46046675e-03  1.17901769e-02
   1.00000000e+00 -1.86135221e-04 -1.93125810e-02  2.21100468e-02]
 [-2.26710215e-02  9.90283675e-04  3.56595870e-03  3.62088275e-03
  -1.86135221e-04  1.00000000e+00 -1.45244030e-02  1.96643043e-02]
 [ 1.45813860e-02 -1.04602855e-02 -6.79604011e-03 -1.61959101e-02
  -1.93125810e-02 -1.45244030e-02  1.00000000e+00 -4.23243940e-02]
 [ 2.65309084e-02  1.70661241e-03 -3.14780581e-03  1.05464421e-02
   2.21100468e-02  1.96643043e-02 -4.23243940e-02  1.00000012e+00]]
[2025-11-14 18:28:32,761][src.models.modules.semantic_id.tiger_generation_model][WARNING] - [rank: 0] Failed to stack cross attentions: stack expects each tensor to be equal size, but got [32, 6, 135] at entry 0 and [32, 6, 2, 135] at entry 1
[2025-11-14 18:28:32,761][src.models.modules.semantic_id.tiger_generation_model][WARNING] - [rank: 0]   Hierarchy 0 shape: torch.Size([32, 6, 135])
[2025-11-14 18:28:32,761][src.models.modules.semantic_id.tiger_generation_model][WARNING] - [rank: 0]   Hierarchy 1 shape: torch.Size([32, 6, 2, 135])
[2025-11-14 18:28:32,761][src.models.modules.semantic_id.tiger_generation_model][WARNING] - [rank: 0]   Hierarchy 2 shape: torch.Size([32, 6, 135])
[2025-11-14 18:28:32,762][src.models.modules.semantic_id.tiger_generation_model][WARNING] - [rank: 0]   Hierarchy 3 shape: torch.Size([32, 6, 135])
[2025-11-14 18:28:32,762][src.models.modules.semantic_id.tiger_generation_model][WARNING] - [rank: 0]   Hierarchy 4 shape: torch.Size([32, 6, 135])
[2025-11-14 18:28:32,762][src.models.modules.semantic_id.tiger_generation_model][WARNING] - [rank: 0]   Hierarchy 5 shape: torch.Size([32, 6, 135])
[2025-11-14 18:28:32,762][src.models.modules.semantic_id.tiger_generation_model][WARNING] - [rank: 0]   Hierarchy 6 shape: torch.Size([32, 6, 135])
[2025-11-14 18:28:32,762][src.models.modules.semantic_id.tiger_generation_model][WARNING] - [rank: 0]   Hierarchy 7 shape: torch.Size([32, 6, 135])
[2025-11-14 18:28:33,419][src.models.modules.semantic_id.tiger_generation_model][INFO] - [rank: 0] Saved decoder self-attention to ./attention_weights/decoder_self_attention_batch_43.pt
[2025-11-14 18:28:33,419][src.models.modules.semantic_id.tiger_generation_model][INFO] - [rank: 0] Saved encoder attention to ./attention_weights/encoder_attention_batch_43.pt
[2025-11-14 18:28:33,419][src.models.modules.semantic_id.tiger_generation_model][INFO] - [rank: 0] Saved cross attention to ./attention_weights/cross_attention_batch_43.pt
[2025-11-14 18:28:33,427][src.models.modules.semantic_id.tiger_generation_model][INFO] - [rank: 0] 当前batch的生成语义ID Embedding相似度矩阵:
[[ 1.         -0.00828639 -0.01566837 -0.02467619  0.02704742  0.00562305
  -0.01044593 -0.00625145]
 [-0.00828639  1.          0.01235008 -0.03094753 -0.00379913  0.04005759
   0.00836639  0.00978122]
 [-0.01566837  0.01235008  1.          0.00105275 -0.0408725   0.01461342
   0.01758253  0.01685419]
 [-0.02467619 -0.03094753  0.00105275  1.         -0.01386224  0.00465573
  -0.03258432  0.02950391]
 [ 0.02704742 -0.00379913 -0.0408725  -0.01386224  1.          0.00764817
   0.01263351 -0.00696274]
 [ 0.00562305  0.04005759  0.01461342  0.00465573  0.00764817  1.
  -0.03178309 -0.06185932]
 [-0.01044593  0.00836639  0.01758253 -0.03258432  0.01263351 -0.03178309
   1.         -0.05472825]
 [-0.00625145  0.00978122  0.01685419  0.02950391 -0.00696274 -0.06185932
  -0.05472825  1.0000001 ]]
[2025-11-14 18:28:33,795][src.models.modules.semantic_id.tiger_generation_model][INFO] - [rank: 0] 当前batch的输入Item Hierarchy Embedding相似度矩阵:
[[ 1.0000000e+00  4.5175189e-03 -1.2550305e-02 -2.8446480e-04
  -2.4104086e-03  5.1102010e-03 -2.6777661e-03  6.1467215e-03]
 [ 4.5175189e-03  1.0000000e+00  2.4978821e-03  6.0484128e-04
   1.0829852e-02  4.6493690e-03 -6.9067501e-03  1.0594846e-02]
 [-1.2550305e-02  2.4978821e-03  1.0000000e+00 -8.2676653e-03
  -5.8939727e-03  3.4928669e-03 -9.9239321e-03 -3.1837707e-03]
 [-2.8446480e-04  6.0484128e-04 -8.2676653e-03  1.0000000e+00
  -6.4812754e-03 -5.8350940e-03 -1.0764807e-02  1.6219933e-02]
 [-2.4104086e-03  1.0829852e-02 -5.8939727e-03 -6.4812754e-03
   1.0000000e+00 -4.9972301e-04  2.9251724e-03  4.4994955e-03]
 [ 5.1102010e-03  4.6493690e-03  3.4928669e-03 -5.8350940e-03
  -4.9972301e-04  1.0000000e+00 -1.4486888e-02  1.1292782e-02]
 [-2.6777661e-03 -6.9067501e-03 -9.9239321e-03 -1.0764807e-02
   2.9251724e-03 -1.4486888e-02  1.0000000e+00 -4.1936506e-02]
 [ 6.1467215e-03  1.0594846e-02 -3.1837707e-03  1.6219933e-02
   4.4994955e-03  1.1292782e-02 -4.1936506e-02  1.0000001e+00]]
[2025-11-14 18:28:34,675][src.models.modules.semantic_id.tiger_generation_model][WARNING] - [rank: 0] Failed to stack cross attentions: stack expects each tensor to be equal size, but got [32, 6, 135] at entry 0 and [32, 6, 2, 135] at entry 1
[2025-11-14 18:28:34,676][src.models.modules.semantic_id.tiger_generation_model][WARNING] - [rank: 0]   Hierarchy 0 shape: torch.Size([32, 6, 135])
[2025-11-14 18:28:34,676][src.models.modules.semantic_id.tiger_generation_model][WARNING] - [rank: 0]   Hierarchy 1 shape: torch.Size([32, 6, 2, 135])
[2025-11-14 18:28:34,677][src.models.modules.semantic_id.tiger_generation_model][WARNING] - [rank: 0]   Hierarchy 2 shape: torch.Size([32, 6, 135])
[2025-11-14 18:28:34,677][src.models.modules.semantic_id.tiger_generation_model][WARNING] - [rank: 0]   Hierarchy 3 shape: torch.Size([32, 6, 135])
[2025-11-14 18:28:34,678][src.models.modules.semantic_id.tiger_generation_model][WARNING] - [rank: 0]   Hierarchy 4 shape: torch.Size([32, 6, 135])
[2025-11-14 18:28:34,678][src.models.modules.semantic_id.tiger_generation_model][WARNING] - [rank: 0]   Hierarchy 5 shape: torch.Size([32, 6, 135])
[2025-11-14 18:28:34,679][src.models.modules.semantic_id.tiger_generation_model][WARNING] - [rank: 0]   Hierarchy 6 shape: torch.Size([32, 6, 135])
[2025-11-14 18:28:34,679][src.models.modules.semantic_id.tiger_generation_model][WARNING] - [rank: 0]   Hierarchy 7 shape: torch.Size([32, 6, 135])
[2025-11-14 18:28:35,419][src.models.modules.semantic_id.tiger_generation_model][INFO] - [rank: 0] Saved decoder self-attention to ./attention_weights/decoder_self_attention_batch_44.pt
[2025-11-14 18:28:35,420][src.models.modules.semantic_id.tiger_generation_model][INFO] - [rank: 0] Saved encoder attention to ./attention_weights/encoder_attention_batch_44.pt
[2025-11-14 18:28:35,420][src.models.modules.semantic_id.tiger_generation_model][INFO] - [rank: 0] Saved cross attention to ./attention_weights/cross_attention_batch_44.pt
[2025-11-14 18:28:35,433][src.models.modules.semantic_id.tiger_generation_model][INFO] - [rank: 0] 当前batch的生成语义ID Embedding相似度矩阵:
[[ 1.0000000e+00  3.8956460e-03 -1.4159092e-02  4.1555114e-02
  -1.8632319e-03  1.2744909e-02 -3.2281242e-03 -8.8328253e-03]
 [ 3.8956460e-03  9.9999994e-01  1.5207600e-02  1.0199539e-02
   2.6499324e-02  1.0324703e-03 -8.4442412e-03 -6.6437991e-05]
 [-1.4159092e-02  1.5207600e-02  1.0000000e+00 -1.6229972e-04
  -2.6750010e-02  4.9667722e-03 -1.7437072e-02 -1.6106024e-02]
 [ 4.1555114e-02  1.0199539e-02 -1.6229972e-04  1.0000000e+00
  -4.7586686e-03 -7.7129230e-03 -2.9272953e-02 -4.7866893e-03]
 [-1.8632319e-03  2.6499324e-02 -2.6750010e-02 -4.7586686e-03
   1.0000000e+00 -2.3828384e-03 -6.3465661e-03  3.1161387e-02]
 [ 1.2744909e-02  1.0324703e-03  4.9667722e-03 -7.7129230e-03
  -2.3828384e-03  1.0000000e+00 -3.9744958e-02 -2.4518749e-02]
 [-3.2281242e-03 -8.4442412e-03 -1.7437072e-02 -2.9272953e-02
  -6.3465661e-03 -3.9744958e-02  1.0000000e+00 -4.6525940e-02]
 [-8.8328253e-03 -6.6437991e-05 -1.6106024e-02 -4.7866893e-03
   3.1161387e-02 -2.4518749e-02 -4.6525940e-02  1.0000001e+00]]
[2025-11-14 18:28:35,701][src.models.modules.semantic_id.tiger_generation_model][INFO] - [rank: 0] 当前batch的输入Item Hierarchy Embedding相似度矩阵:
[[ 1.0000000e+00 -1.1043567e-02  1.1245621e-02 -4.2820536e-03
  -2.1156318e-02 -5.6400341e-03 -2.5890432e-03  1.2789245e-02]
 [-1.1043567e-02  1.0000000e+00  6.5564243e-03 -4.3309643e-03
   3.4325935e-03 -9.3599735e-03  7.1581732e-03  1.3701162e-02]
 [ 1.1245621e-02  6.5564243e-03  1.0000000e+00  1.5115921e-02
   3.2239943e-03 -5.5117025e-03  3.0481047e-03 -5.2865325e-03]
 [-4.2820536e-03 -4.3309643e-03  1.5115921e-02  1.0000000e+00
  -1.2744133e-03  1.5054076e-02 -1.0778124e-02 -9.1821136e-04]
 [-2.1156318e-02  3.4325935e-03  3.2239943e-03 -1.2744133e-03
   1.0000000e+00  8.5504483e-03 -7.6223747e-03  4.5502238e-04]
 [-5.6400341e-03 -9.3599735e-03 -5.5117025e-03  1.5054076e-02
   8.5504483e-03  1.0000000e+00 -7.5478654e-04  2.9297385e-03]
 [-2.5890432e-03  7.1581732e-03  3.0481047e-03 -1.0778124e-02
  -7.6223747e-03 -7.5478654e-04  1.0000000e+00 -3.3910189e-02]
 [ 1.2789245e-02  1.3701162e-02 -5.2865325e-03 -9.1821136e-04
   4.5502238e-04  2.9297385e-03 -3.3910189e-02  1.0000002e+00]]
[2025-11-14 18:28:36,564][src.models.modules.semantic_id.tiger_generation_model][WARNING] - [rank: 0] Failed to stack cross attentions: stack expects each tensor to be equal size, but got [32, 6, 135] at entry 0 and [32, 6, 2, 135] at entry 1
[2025-11-14 18:28:36,565][src.models.modules.semantic_id.tiger_generation_model][WARNING] - [rank: 0]   Hierarchy 0 shape: torch.Size([32, 6, 135])
[2025-11-14 18:28:36,565][src.models.modules.semantic_id.tiger_generation_model][WARNING] - [rank: 0]   Hierarchy 1 shape: torch.Size([32, 6, 2, 135])
[2025-11-14 18:28:36,565][src.models.modules.semantic_id.tiger_generation_model][WARNING] - [rank: 0]   Hierarchy 2 shape: torch.Size([32, 6, 135])
[2025-11-14 18:28:36,565][src.models.modules.semantic_id.tiger_generation_model][WARNING] - [rank: 0]   Hierarchy 3 shape: torch.Size([32, 6, 135])
[2025-11-14 18:28:36,566][src.models.modules.semantic_id.tiger_generation_model][WARNING] - [rank: 0]   Hierarchy 4 shape: torch.Size([32, 6, 135])
[2025-11-14 18:28:36,566][src.models.modules.semantic_id.tiger_generation_model][WARNING] - [rank: 0]   Hierarchy 5 shape: torch.Size([32, 6, 135])
[2025-11-14 18:28:36,566][src.models.modules.semantic_id.tiger_generation_model][WARNING] - [rank: 0]   Hierarchy 6 shape: torch.Size([32, 6, 135])
[2025-11-14 18:28:36,566][src.models.modules.semantic_id.tiger_generation_model][WARNING] - [rank: 0]   Hierarchy 7 shape: torch.Size([32, 6, 135])
[2025-11-14 18:28:37,172][src.models.modules.semantic_id.tiger_generation_model][INFO] - [rank: 0] Saved decoder self-attention to ./attention_weights/decoder_self_attention_batch_45.pt
[2025-11-14 18:28:37,173][src.models.modules.semantic_id.tiger_generation_model][INFO] - [rank: 0] Saved encoder attention to ./attention_weights/encoder_attention_batch_45.pt
[2025-11-14 18:28:37,173][src.models.modules.semantic_id.tiger_generation_model][INFO] - [rank: 0] Saved cross attention to ./attention_weights/cross_attention_batch_45.pt
[2025-11-14 18:28:37,181][src.models.modules.semantic_id.tiger_generation_model][INFO] - [rank: 0] 当前batch的生成语义ID Embedding相似度矩阵:
[[ 1.0000000e+00  2.6941039e-02 -1.2111703e-02 -2.3650246e-02
   1.1677699e-02 -5.2576214e-03  2.7849831e-02 -1.3213921e-02]
 [ 2.6941039e-02  9.9999994e-01  1.6663749e-02  3.3154849e-02
   5.1629199e-03  6.8824776e-03 -4.0296383e-02  1.1959296e-02]
 [-1.2111703e-02  1.6663749e-02  1.0000000e+00  6.8179411e-03
   4.1890293e-02  2.1970579e-02 -2.2549611e-02  2.1443240e-02]
 [-2.3650246e-02  3.3154849e-02  6.8179411e-03  1.0000000e+00
  -1.0649119e-02 -4.0158983e-03 -4.1787319e-02 -8.2858279e-04]
 [ 1.1677699e-02  5.1629199e-03  4.1890293e-02 -1.0649119e-02
   1.0000000e+00  3.1376658e-03 -8.8275680e-03  3.8147424e-03]
 [-5.2576214e-03  6.8824776e-03  2.1970579e-02 -4.0158983e-03
   3.1376658e-03  1.0000000e+00 -4.7000058e-02 -2.1879211e-02]
 [ 2.7849831e-02 -4.0296383e-02 -2.2549611e-02 -4.1787319e-02
  -8.8275680e-03 -4.7000058e-02  1.0000000e+00 -1.0686751e-02]
 [-1.3213921e-02  1.1959296e-02  2.1443240e-02 -8.2858279e-04
   3.8147424e-03 -2.1879211e-02 -1.0686751e-02  1.0000001e+00]]
[2025-11-14 18:28:37,657][src.models.modules.semantic_id.tiger_generation_model][INFO] - [rank: 0] 当前batch的输入Item Hierarchy Embedding相似度矩阵:
[[ 1.0000000e+00 -7.6826345e-03 -3.3495955e-02 -2.8332474e-03
   9.1154529e-03 -8.5462295e-03  1.5932545e-02  1.2860635e-04]
 [-7.6826345e-03  1.0000000e+00 -2.7147887e-04  1.0650921e-02
   1.6341457e-02 -1.1847292e-02  4.7581759e-03 -8.5082377e-04]
 [-3.3495955e-02 -2.7147887e-04  1.0000000e+00 -3.1186184e-03
   6.8391869e-03 -1.5681046e-03 -1.1387175e-02 -2.2790497e-03]
 [-2.8332474e-03  1.0650921e-02 -3.1186184e-03  1.0000000e+00
  -1.5642422e-03  2.7858527e-04 -1.2890066e-02  2.4118323e-02]
 [ 9.1154529e-03  1.6341457e-02  6.8391869e-03 -1.5642422e-03
   1.0000000e+00  4.8163519e-03  3.3992399e-03  1.4982772e-02]
 [-8.5462295e-03 -1.1847292e-02 -1.5681046e-03  2.7858527e-04
   4.8163519e-03  1.0000000e+00 -6.3662599e-03  5.0202874e-03]
 [ 1.5932545e-02  4.7581759e-03 -1.1387175e-02 -1.2890066e-02
   3.3992399e-03 -6.3662599e-03  1.0000000e+00 -3.6126517e-02]
 [ 1.2860635e-04 -8.5082377e-04 -2.2790497e-03  2.4118323e-02
   1.4982772e-02  5.0202874e-03 -3.6126517e-02  1.0000001e+00]]
[2025-11-14 18:28:38,471][src.models.modules.semantic_id.tiger_generation_model][WARNING] - [rank: 0] Failed to stack cross attentions: stack expects each tensor to be equal size, but got [32, 6, 135] at entry 0 and [32, 6, 2, 135] at entry 1
[2025-11-14 18:28:38,472][src.models.modules.semantic_id.tiger_generation_model][WARNING] - [rank: 0]   Hierarchy 0 shape: torch.Size([32, 6, 135])
[2025-11-14 18:28:38,472][src.models.modules.semantic_id.tiger_generation_model][WARNING] - [rank: 0]   Hierarchy 1 shape: torch.Size([32, 6, 2, 135])
[2025-11-14 18:28:38,472][src.models.modules.semantic_id.tiger_generation_model][WARNING] - [rank: 0]   Hierarchy 2 shape: torch.Size([32, 6, 135])
[2025-11-14 18:28:38,472][src.models.modules.semantic_id.tiger_generation_model][WARNING] - [rank: 0]   Hierarchy 3 shape: torch.Size([32, 6, 135])
[2025-11-14 18:28:38,473][src.models.modules.semantic_id.tiger_generation_model][WARNING] - [rank: 0]   Hierarchy 4 shape: torch.Size([32, 6, 135])
[2025-11-14 18:28:38,473][src.models.modules.semantic_id.tiger_generation_model][WARNING] - [rank: 0]   Hierarchy 5 shape: torch.Size([32, 6, 135])
[2025-11-14 18:28:38,473][src.models.modules.semantic_id.tiger_generation_model][WARNING] - [rank: 0]   Hierarchy 6 shape: torch.Size([32, 6, 135])
[2025-11-14 18:28:38,473][src.models.modules.semantic_id.tiger_generation_model][WARNING] - [rank: 0]   Hierarchy 7 shape: torch.Size([32, 6, 135])
[2025-11-14 18:28:39,410][src.models.modules.semantic_id.tiger_generation_model][INFO] - [rank: 0] Saved decoder self-attention to ./attention_weights/decoder_self_attention_batch_46.pt
[2025-11-14 18:28:39,410][src.models.modules.semantic_id.tiger_generation_model][INFO] - [rank: 0] Saved encoder attention to ./attention_weights/encoder_attention_batch_46.pt
[2025-11-14 18:28:39,411][src.models.modules.semantic_id.tiger_generation_model][INFO] - [rank: 0] Saved cross attention to ./attention_weights/cross_attention_batch_46.pt
[2025-11-14 18:28:39,417][src.models.modules.semantic_id.tiger_generation_model][INFO] - [rank: 0] 当前batch的生成语义ID Embedding相似度矩阵:
[[ 1.          0.03823791 -0.0215014  -0.01426179 -0.00195279 -0.01229958
   0.00581981 -0.01011292]
 [ 0.03823791  1.          0.02193619  0.00661787  0.01862389  0.01751482
   0.00767836 -0.01641955]
 [-0.0215014   0.02193619  0.99999994  0.00717374 -0.02009908  0.02601654
   0.00478501  0.0012185 ]
 [-0.01426179  0.00661787  0.00717374  1.         -0.0180174  -0.0071818
  -0.02500763  0.03182081]
 [-0.00195279  0.01862389 -0.02009908 -0.0180174   1.         -0.01365903
  -0.00778868 -0.00692607]
 [-0.01229958  0.01751482  0.02601654 -0.0071818  -0.01365903  1.
  -0.01916758 -0.03297539]
 [ 0.00581981  0.00767836  0.00478501 -0.02500763 -0.00778868 -0.01916758
   1.         -0.01599662]
 [-0.01011292 -0.01641955  0.0012185   0.03182081 -0.00692607 -0.03297539
  -0.01599662  1.0000001 ]]
[2025-11-14 18:28:39,592][src.models.modules.semantic_id.tiger_generation_model][INFO] - [rank: 0] 当前batch的输入Item Hierarchy Embedding相似度矩阵:
[[ 9.9999994e-01 -1.0102062e-02  1.6497496e-03  9.2692757e-03
   9.6122595e-04 -1.2936362e-03 -3.0744786e-03  9.1037042e-03]
 [-1.0102062e-02  9.9999994e-01  5.5834274e-03 -1.2193746e-02
   6.6723134e-03  2.3416425e-03 -1.2463455e-02  6.2787123e-03]
 [ 1.6497496e-03  5.5834274e-03  9.9999994e-01 -1.1986970e-02
  -1.9747303e-03 -8.3180433e-03 -1.5205593e-02  2.4875770e-03]
 [ 9.2692757e-03 -1.2193746e-02 -1.1986970e-02  9.9999994e-01
  -3.3927192e-03  1.1910010e-02 -5.1275389e-03 -5.5892132e-03]
 [ 9.6122595e-04  6.6723134e-03 -1.9747303e-03 -3.3927192e-03
   9.9999994e-01 -9.2528248e-03 -1.7892068e-03 -1.1505875e-03]
 [-1.2936362e-03  2.3416425e-03 -8.3180433e-03  1.1910010e-02
  -9.2528248e-03  9.9999994e-01 -1.2407043e-02  2.3533624e-02]
 [-3.0744786e-03 -1.2463455e-02 -1.5205593e-02 -5.1275389e-03
  -1.7892068e-03 -1.2407043e-02  9.9999994e-01 -4.7046643e-02]
 [ 9.1037042e-03  6.2787123e-03  2.4875770e-03 -5.5892132e-03
  -1.1505875e-03  2.3533624e-02 -4.7046643e-02  1.0000001e+00]]
[2025-11-14 18:28:40,316][src.models.modules.semantic_id.tiger_generation_model][WARNING] - [rank: 0] Failed to stack cross attentions: stack expects each tensor to be equal size, but got [32, 6, 135] at entry 0 and [32, 6, 2, 135] at entry 1
[2025-11-14 18:28:40,317][src.models.modules.semantic_id.tiger_generation_model][WARNING] - [rank: 0]   Hierarchy 0 shape: torch.Size([32, 6, 135])
[2025-11-14 18:28:40,317][src.models.modules.semantic_id.tiger_generation_model][WARNING] - [rank: 0]   Hierarchy 1 shape: torch.Size([32, 6, 2, 135])
[2025-11-14 18:28:40,317][src.models.modules.semantic_id.tiger_generation_model][WARNING] - [rank: 0]   Hierarchy 2 shape: torch.Size([32, 6, 135])
[2025-11-14 18:28:40,318][src.models.modules.semantic_id.tiger_generation_model][WARNING] - [rank: 0]   Hierarchy 3 shape: torch.Size([32, 6, 135])
[2025-11-14 18:28:40,318][src.models.modules.semantic_id.tiger_generation_model][WARNING] - [rank: 0]   Hierarchy 4 shape: torch.Size([32, 6, 135])
[2025-11-14 18:28:40,318][src.models.modules.semantic_id.tiger_generation_model][WARNING] - [rank: 0]   Hierarchy 5 shape: torch.Size([32, 6, 135])
[2025-11-14 18:28:40,318][src.models.modules.semantic_id.tiger_generation_model][WARNING] - [rank: 0]   Hierarchy 6 shape: torch.Size([32, 6, 135])
[2025-11-14 18:28:40,318][src.models.modules.semantic_id.tiger_generation_model][WARNING] - [rank: 0]   Hierarchy 7 shape: torch.Size([32, 6, 135])
[2025-11-14 18:28:40,748][src.models.modules.semantic_id.tiger_generation_model][INFO] - [rank: 0] Saved decoder self-attention to ./attention_weights/decoder_self_attention_batch_47.pt
[2025-11-14 18:28:40,749][src.models.modules.semantic_id.tiger_generation_model][INFO] - [rank: 0] Saved encoder attention to ./attention_weights/encoder_attention_batch_47.pt
[2025-11-14 18:28:40,749][src.models.modules.semantic_id.tiger_generation_model][INFO] - [rank: 0] Saved cross attention to ./attention_weights/cross_attention_batch_47.pt
[2025-11-14 18:28:40,757][src.models.modules.semantic_id.tiger_generation_model][INFO] - [rank: 0] 当前batch的生成语义ID Embedding相似度矩阵:
[[ 1.00000000e+00  2.22084746e-02 -4.59750602e-03 -9.75922123e-03
  -1.08193504e-02 -8.99449550e-03 -9.79099190e-04 -1.71130896e-02]
 [ 2.22084746e-02  1.00000000e+00  1.35472212e-02  3.11409682e-03
   3.21548805e-02  9.81924031e-03  9.29382071e-03 -2.22843476e-02]
 [-4.59750602e-03  1.35472212e-02  1.00000000e+00  1.55735258e-02
  -1.72981061e-03  2.48165354e-02  3.35687306e-03  5.70752099e-03]
 [-9.75922123e-03  3.11409682e-03  1.55735258e-02  1.00000000e+00
  -1.38831455e-02 -5.31051075e-03 -8.57756007e-03  5.46806157e-02]
 [-1.08193504e-02  3.21548805e-02 -1.72981061e-03 -1.38831455e-02
   1.00000000e+00  3.76409292e-03 -2.19966825e-02 -1.29918056e-02]
 [-8.99449550e-03  9.81924031e-03  2.48165354e-02 -5.31051075e-03
   3.76409292e-03  1.00000000e+00 -2.26287693e-02  1.45751713e-02]
 [-9.79099190e-04  9.29382071e-03  3.35687306e-03 -8.57756007e-03
  -2.19966825e-02 -2.26287693e-02  1.00000000e+00 -4.02109101e-02]
 [-1.71130896e-02 -2.22843476e-02  5.70752099e-03  5.46806157e-02
  -1.29918056e-02  1.45751713e-02 -4.02109101e-02  1.00000012e+00]]
[2025-11-14 18:28:41,233][src.models.modules.semantic_id.tiger_generation_model][INFO] - [rank: 0] 当前batch的输入Item Hierarchy Embedding相似度矩阵:
[[ 1.0000000e+00 -1.6313035e-02 -1.5209382e-02  8.2195094e-03
   4.3290905e-03  2.4078446e-03 -8.5046291e-03  6.7963568e-03]
 [-1.6313035e-02  1.0000000e+00  8.1408685e-03 -2.5381825e-03
   6.7666448e-03 -2.8949881e-03 -3.2655101e-03  5.3092302e-03]
 [-1.5209382e-02  8.1408685e-03  1.0000000e+00 -3.3512656e-03
  -8.1948340e-03  6.0011153e-03 -3.6716268e-03  1.0294954e-02]
 [ 8.2195094e-03 -2.5381825e-03 -3.3512656e-03  1.0000000e+00
   1.1828578e-02  1.4193214e-02 -7.4149589e-03  1.2999012e-02]
 [ 4.3290905e-03  6.7666448e-03 -8.1948340e-03  1.1828578e-02
   1.0000000e+00 -4.1390397e-03  6.7727036e-05  6.8369792e-03]
 [ 2.4078446e-03 -2.8949881e-03  6.0011153e-03  1.4193214e-02
  -4.1390397e-03  1.0000000e+00 -1.2286618e-02  5.8881957e-03]
 [-8.5046291e-03 -3.2655101e-03 -3.6716268e-03 -7.4149589e-03
   6.7727036e-05 -1.2286618e-02  1.0000000e+00 -4.5300134e-02]
 [ 6.7963568e-03  5.3092302e-03  1.0294954e-02  1.2999012e-02
   6.8369792e-03  5.8881957e-03 -4.5300134e-02  1.0000001e+00]]
[2025-11-14 18:28:41,897][src.models.modules.semantic_id.tiger_generation_model][WARNING] - [rank: 0] Failed to stack cross attentions: stack expects each tensor to be equal size, but got [32, 6, 135] at entry 0 and [32, 6, 2, 135] at entry 1
[2025-11-14 18:28:41,897][src.models.modules.semantic_id.tiger_generation_model][WARNING] - [rank: 0]   Hierarchy 0 shape: torch.Size([32, 6, 135])
[2025-11-14 18:28:41,898][src.models.modules.semantic_id.tiger_generation_model][WARNING] - [rank: 0]   Hierarchy 1 shape: torch.Size([32, 6, 2, 135])
[2025-11-14 18:28:41,898][src.models.modules.semantic_id.tiger_generation_model][WARNING] - [rank: 0]   Hierarchy 2 shape: torch.Size([32, 6, 135])
[2025-11-14 18:28:41,898][src.models.modules.semantic_id.tiger_generation_model][WARNING] - [rank: 0]   Hierarchy 3 shape: torch.Size([32, 6, 135])
[2025-11-14 18:28:41,898][src.models.modules.semantic_id.tiger_generation_model][WARNING] - [rank: 0]   Hierarchy 4 shape: torch.Size([32, 6, 135])
[2025-11-14 18:28:41,898][src.models.modules.semantic_id.tiger_generation_model][WARNING] - [rank: 0]   Hierarchy 5 shape: torch.Size([32, 6, 135])
[2025-11-14 18:28:41,899][src.models.modules.semantic_id.tiger_generation_model][WARNING] - [rank: 0]   Hierarchy 6 shape: torch.Size([32, 6, 135])
[2025-11-14 18:28:41,899][src.models.modules.semantic_id.tiger_generation_model][WARNING] - [rank: 0]   Hierarchy 7 shape: torch.Size([32, 6, 135])
[2025-11-14 18:28:42,451][src.models.modules.semantic_id.tiger_generation_model][INFO] - [rank: 0] Saved decoder self-attention to ./attention_weights/decoder_self_attention_batch_48.pt
[2025-11-14 18:28:42,452][src.models.modules.semantic_id.tiger_generation_model][INFO] - [rank: 0] Saved encoder attention to ./attention_weights/encoder_attention_batch_48.pt
[2025-11-14 18:28:42,452][src.models.modules.semantic_id.tiger_generation_model][INFO] - [rank: 0] Saved cross attention to ./attention_weights/cross_attention_batch_48.pt
[2025-11-14 18:28:42,458][src.models.modules.semantic_id.tiger_generation_model][INFO] - [rank: 0] 当前batch的生成语义ID Embedding相似度矩阵:
[[ 1.00000000e+00  7.18035270e-03 -1.99179649e-02 -2.17619278e-02
   8.19548033e-03 -8.66045244e-04 -3.71385831e-04  1.59568116e-02]
 [ 7.18035270e-03  1.00000000e+00 -2.14605089e-02  1.08725466e-02
  -3.08694318e-02  1.12551134e-02  6.55884854e-04 -4.65202052e-03]
 [-1.99179649e-02 -2.14605089e-02  1.00000000e+00  1.20942742e-02
  -1.55635085e-03 -9.81876440e-03 -1.39254695e-02  4.44615819e-02]
 [-2.17619278e-02  1.08725466e-02  1.20942742e-02  1.00000000e+00
   1.08407885e-02 -1.21843982e-02 -2.17338167e-02  2.97343265e-03]
 [ 8.19548033e-03 -3.08694318e-02 -1.55635085e-03  1.08407885e-02
   1.00000000e+00 -1.68123133e-02 -2.08199229e-02  3.73712331e-02]
 [-8.66045244e-04  1.12551134e-02 -9.81876440e-03 -1.21843982e-02
  -1.68123133e-02  1.00000000e+00 -1.81737021e-02 -2.99766893e-03]
 [-3.71385831e-04  6.55884854e-04 -1.39254695e-02 -2.17338167e-02
  -2.08199229e-02 -1.81737021e-02  1.00000000e+00 -1.57067776e-02]
 [ 1.59568116e-02 -4.65202052e-03  4.44615819e-02  2.97343265e-03
   3.73712331e-02 -2.99766893e-03 -1.57067776e-02  1.00000012e+00]]
[2025-11-14 18:28:42,661][src.models.modules.semantic_id.tiger_generation_model][INFO] - [rank: 0] 当前batch的输入Item Hierarchy Embedding相似度矩阵:
[[ 1.0000000e+00 -7.2728889e-03 -7.0394212e-03 -1.6446674e-02
  -6.2801095e-04  9.9413365e-04 -6.5844953e-03  1.0461718e-02]
 [-7.2728889e-03  1.0000000e+00  7.5269416e-03  1.2911973e-02
   5.0098291e-03 -4.5029200e-03  3.0402537e-04  1.1971314e-02]
 [-7.0394212e-03  7.5269416e-03  1.0000000e+00 -8.9115500e-03
   8.8634938e-03  8.7486982e-04 -1.0015265e-02  3.3996347e-03]
 [-1.6446674e-02  1.2911973e-02 -8.9115500e-03  1.0000000e+00
   1.3230060e-03  9.6014404e-04 -1.1840894e-02  6.6918582e-03]
 [-6.2801095e-04  5.0098291e-03  8.8634938e-03  1.3230060e-03
   1.0000000e+00  7.0752292e-03 -2.0440320e-02  2.1446416e-02]
 [ 9.9413365e-04 -4.5029200e-03  8.7486982e-04  9.6014404e-04
   7.0752292e-03  1.0000000e+00 -9.3157291e-03 -6.1460831e-03]
 [-6.5844953e-03  3.0402537e-04 -1.0015265e-02 -1.1840894e-02
  -2.0440320e-02 -9.3157291e-03  1.0000000e+00 -4.2475879e-02]
 [ 1.0461718e-02  1.1971314e-02  3.3996347e-03  6.6918582e-03
   2.1446416e-02 -6.1460831e-03 -4.2475879e-02  1.0000001e+00]]
[2025-11-14 18:28:44,025][src.models.modules.semantic_id.tiger_generation_model][WARNING] - [rank: 0] Failed to stack cross attentions: stack expects each tensor to be equal size, but got [32, 6, 135] at entry 0 and [32, 6, 2, 135] at entry 1
[2025-11-14 18:28:44,025][src.models.modules.semantic_id.tiger_generation_model][WARNING] - [rank: 0]   Hierarchy 0 shape: torch.Size([32, 6, 135])
[2025-11-14 18:28:44,026][src.models.modules.semantic_id.tiger_generation_model][WARNING] - [rank: 0]   Hierarchy 1 shape: torch.Size([32, 6, 2, 135])
[2025-11-14 18:28:44,026][src.models.modules.semantic_id.tiger_generation_model][WARNING] - [rank: 0]   Hierarchy 2 shape: torch.Size([32, 6, 135])
[2025-11-14 18:28:44,026][src.models.modules.semantic_id.tiger_generation_model][WARNING] - [rank: 0]   Hierarchy 3 shape: torch.Size([32, 6, 135])
[2025-11-14 18:28:44,026][src.models.modules.semantic_id.tiger_generation_model][WARNING] - [rank: 0]   Hierarchy 4 shape: torch.Size([32, 6, 135])
[2025-11-14 18:28:44,026][src.models.modules.semantic_id.tiger_generation_model][WARNING] - [rank: 0]   Hierarchy 5 shape: torch.Size([32, 6, 135])
[2025-11-14 18:28:44,027][src.models.modules.semantic_id.tiger_generation_model][WARNING] - [rank: 0]   Hierarchy 6 shape: torch.Size([32, 6, 135])
[2025-11-14 18:28:44,027][src.models.modules.semantic_id.tiger_generation_model][WARNING] - [rank: 0]   Hierarchy 7 shape: torch.Size([32, 6, 135])
[2025-11-14 18:28:44,639][src.models.modules.semantic_id.tiger_generation_model][INFO] - [rank: 0] Saved decoder self-attention to ./attention_weights/decoder_self_attention_batch_49.pt
[2025-11-14 18:28:44,640][src.models.modules.semantic_id.tiger_generation_model][INFO] - [rank: 0] Saved encoder attention to ./attention_weights/encoder_attention_batch_49.pt
[2025-11-14 18:28:44,640][src.models.modules.semantic_id.tiger_generation_model][INFO] - [rank: 0] Saved cross attention to ./attention_weights/cross_attention_batch_49.pt
[2025-11-14 18:28:44,667][src.models.modules.semantic_id.tiger_generation_model][INFO] - [rank: 0] 当前batch的生成语义ID Embedding相似度矩阵:
[[ 9.9999994e-01  4.9863335e-02 -3.0209590e-03 -1.8980261e-04
  -2.1518327e-02 -2.9767461e-02 -3.5635969e-03  2.8753551e-03]
 [ 4.9863335e-02  1.0000000e+00 -1.2963936e-03  6.2801838e-03
   9.6552623e-03  1.6689312e-02  1.8348202e-02 -6.5402803e-04]
 [-3.0209590e-03 -1.2963936e-03  9.9999994e-01  1.6272727e-02
  -2.6256987e-04  3.3930909e-02 -8.0136545e-03 -1.0200683e-04]
 [-1.8980261e-04  6.2801838e-03  1.6272727e-02  1.0000000e+00
  -2.9721508e-02 -1.2230670e-02 -6.7632571e-03  1.4145255e-02]
 [-2.1518327e-02  9.6552623e-03 -2.6256987e-04 -2.9721508e-02
   1.0000000e+00  8.6596841e-04 -4.1515857e-02  2.0434545e-02]
 [-2.9767461e-02  1.6689312e-02  3.3930909e-02 -1.2230670e-02
   8.6596841e-04  1.0000000e+00 -1.6959049e-02 -4.0282127e-03]
 [-3.5635969e-03  1.8348202e-02 -8.0136545e-03 -6.7632571e-03
  -4.1515857e-02 -1.6959049e-02  1.0000000e+00 -1.2102594e-02]
 [ 2.8753551e-03 -6.5402803e-04 -1.0200683e-04  1.4145255e-02
   2.0434545e-02 -4.0282127e-03 -1.2102594e-02  1.0000001e+00]]
[2025-11-14 18:28:45,073][src.models.modules.semantic_id.tiger_generation_model][INFO] - [rank: 0] 当前batch的输入Item Hierarchy Embedding相似度矩阵:
[[ 1.0000000e+00  4.9912687e-03  1.5870748e-03  5.7612505e-04
   9.8071117e-03  1.7356754e-03  2.8096163e-03 -1.5689861e-03]
 [ 4.9912687e-03  1.0000000e+00 -2.3395719e-03  5.5649802e-03
   8.2790628e-03 -1.6984822e-03  1.0616074e-03  4.3238578e-03]
 [ 1.5870748e-03 -2.3395719e-03  1.0000000e+00  1.1307154e-02
   9.9773556e-03  8.5640512e-03  6.0024029e-03 -7.8752972e-05]
 [ 5.7612505e-04  5.5649802e-03  1.1307154e-02  1.0000000e+00
   5.2942703e-03  7.3329983e-03 -6.3889269e-03  1.5629409e-02]
 [ 9.8071117e-03  8.2790628e-03  9.9773556e-03  5.2942703e-03
   1.0000000e+00  3.6262762e-04 -7.9555903e-03  1.8049469e-02]
 [ 1.7356754e-03 -1.6984822e-03  8.5640512e-03  7.3329983e-03
   3.6262762e-04  1.0000000e+00  1.6410475e-03  1.0004976e-02]
 [ 2.8096163e-03  1.0616074e-03  6.0024029e-03 -6.3889269e-03
  -7.9555903e-03  1.6410475e-03  1.0000000e+00 -3.2011025e-02]
 [-1.5689861e-03  4.3238578e-03 -7.8752972e-05  1.5629409e-02
   1.8049469e-02  1.0004976e-02 -3.2011025e-02  1.0000001e+00]]
[2025-11-14 18:28:46,146][src.models.modules.semantic_id.tiger_generation_model][WARNING] - [rank: 0] Failed to stack cross attentions: stack expects each tensor to be equal size, but got [32, 6, 135] at entry 0 and [32, 6, 2, 135] at entry 1
[2025-11-14 18:28:46,147][src.models.modules.semantic_id.tiger_generation_model][WARNING] - [rank: 0]   Hierarchy 0 shape: torch.Size([32, 6, 135])
[2025-11-14 18:28:46,147][src.models.modules.semantic_id.tiger_generation_model][WARNING] - [rank: 0]   Hierarchy 1 shape: torch.Size([32, 6, 2, 135])
[2025-11-14 18:28:46,147][src.models.modules.semantic_id.tiger_generation_model][WARNING] - [rank: 0]   Hierarchy 2 shape: torch.Size([32, 6, 135])
[2025-11-14 18:28:46,147][src.models.modules.semantic_id.tiger_generation_model][WARNING] - [rank: 0]   Hierarchy 3 shape: torch.Size([32, 6, 135])
[2025-11-14 18:28:46,147][src.models.modules.semantic_id.tiger_generation_model][WARNING] - [rank: 0]   Hierarchy 4 shape: torch.Size([32, 6, 135])
[2025-11-14 18:28:46,147][src.models.modules.semantic_id.tiger_generation_model][WARNING] - [rank: 0]   Hierarchy 5 shape: torch.Size([32, 6, 135])
[2025-11-14 18:28:46,148][src.models.modules.semantic_id.tiger_generation_model][WARNING] - [rank: 0]   Hierarchy 6 shape: torch.Size([32, 6, 135])
[2025-11-14 18:28:46,148][src.models.modules.semantic_id.tiger_generation_model][WARNING] - [rank: 0]   Hierarchy 7 shape: torch.Size([32, 6, 135])
[2025-11-14 18:28:46,623][src.models.modules.semantic_id.tiger_generation_model][INFO] - [rank: 0] Saved decoder self-attention to ./attention_weights/decoder_self_attention_batch_50.pt
[2025-11-14 18:28:46,623][src.models.modules.semantic_id.tiger_generation_model][INFO] - [rank: 0] Saved encoder attention to ./attention_weights/encoder_attention_batch_50.pt
[2025-11-14 18:28:46,624][src.models.modules.semantic_id.tiger_generation_model][INFO] - [rank: 0] Saved cross attention to ./attention_weights/cross_attention_batch_50.pt
[2025-11-14 18:28:46,630][src.models.modules.semantic_id.tiger_generation_model][INFO] - [rank: 0] 当前batch的生成语义ID Embedding相似度矩阵:
[[ 1.00000000e+00  2.77720150e-02 -1.05301663e-03 -1.84606388e-02
  -2.09453590e-02 -1.80234723e-02  1.39947422e-02  1.45283025e-02]
 [ 2.77720150e-02  1.00000000e+00  5.27679846e-02  5.60714747e-04
   5.44744059e-02  1.05136186e-02  1.13697564e-02 -1.27116311e-02]
 [-1.05301663e-03  5.27679846e-02  1.00000012e+00  1.68066304e-02
   2.70247646e-02  2.26593018e-02  8.78986716e-03 -7.53156655e-03]
 [-1.84606388e-02  5.60714747e-04  1.68066304e-02  1.00000012e+00
  -2.80407164e-02  2.35002339e-02 -7.54986051e-03  2.18708627e-02]
 [-2.09453590e-02  5.44744059e-02  2.70247646e-02 -2.80407164e-02
   1.00000000e+00 -4.60612550e-02  1.97432321e-02 -3.16335596e-02]
 [-1.80234723e-02  1.05136186e-02  2.26593018e-02  2.35002339e-02
  -4.60612550e-02  1.00000000e+00 -6.86382726e-02  3.76699702e-03]
 [ 1.39947422e-02  1.13697564e-02  8.78986716e-03 -7.54986051e-03
   1.97432321e-02 -6.86382726e-02  1.00000000e+00 -3.42715234e-02]
 [ 1.45283025e-02 -1.27116311e-02 -7.53156655e-03  2.18708627e-02
  -3.16335596e-02  3.76699702e-03 -3.42715234e-02  1.00000012e+00]]
[2025-11-14 18:28:47,459][src.models.modules.semantic_id.tiger_generation_model][INFO] - [rank: 0] 当前batch的输入Item Hierarchy Embedding相似度矩阵:
[[ 1.0000000e+00 -7.3160972e-03 -1.1087720e-02  1.8321589e-02
   5.7469780e-04 -7.5613344e-03  6.4822095e-03  7.4133682e-03]
 [-7.3160972e-03  1.0000000e+00  5.4157567e-03  2.7399762e-02
   1.0720573e-02  1.0530758e-02  4.0314440e-03  1.3506554e-02]
 [-1.1087720e-02  5.4157567e-03  1.0000000e+00  1.6082324e-02
  -1.4581102e-02  8.0244301e-04 -6.6317013e-04 -4.0559513e-03]
 [ 1.8321589e-02  2.7399762e-02  1.6082324e-02  1.0000000e+00
   4.7477935e-03 -2.5088037e-04 -4.3942421e-03  3.6944305e-03]
 [ 5.7469780e-04  1.0720573e-02 -1.4581102e-02  4.7477935e-03
   1.0000000e+00  1.5225972e-02 -8.6895814e-03  1.2845085e-02]
 [-7.5613344e-03  1.0530758e-02  8.0244301e-04 -2.5088037e-04
   1.5225972e-02  1.0000000e+00 -9.1688428e-03  6.5965056e-03]
 [ 6.4822095e-03  4.0314440e-03 -6.6317013e-04 -4.3942421e-03
  -8.6895814e-03 -9.1688428e-03  1.0000000e+00 -3.7328478e-02]
 [ 7.4133682e-03  1.3506554e-02 -4.0559513e-03  3.6944305e-03
   1.2845085e-02  6.5965056e-03 -3.7328478e-02  1.0000001e+00]]
[2025-11-14 18:28:48,341][src.models.modules.semantic_id.tiger_generation_model][WARNING] - [rank: 0] Failed to stack cross attentions: stack expects each tensor to be equal size, but got [32, 6, 135] at entry 0 and [32, 6, 2, 135] at entry 1
[2025-11-14 18:28:48,342][src.models.modules.semantic_id.tiger_generation_model][WARNING] - [rank: 0]   Hierarchy 0 shape: torch.Size([32, 6, 135])
[2025-11-14 18:28:48,342][src.models.modules.semantic_id.tiger_generation_model][WARNING] - [rank: 0]   Hierarchy 1 shape: torch.Size([32, 6, 2, 135])
[2025-11-14 18:28:48,342][src.models.modules.semantic_id.tiger_generation_model][WARNING] - [rank: 0]   Hierarchy 2 shape: torch.Size([32, 6, 135])
[2025-11-14 18:28:48,343][src.models.modules.semantic_id.tiger_generation_model][WARNING] - [rank: 0]   Hierarchy 3 shape: torch.Size([32, 6, 135])
[2025-11-14 18:28:48,343][src.models.modules.semantic_id.tiger_generation_model][WARNING] - [rank: 0]   Hierarchy 4 shape: torch.Size([32, 6, 135])
[2025-11-14 18:28:48,343][src.models.modules.semantic_id.tiger_generation_model][WARNING] - [rank: 0]   Hierarchy 5 shape: torch.Size([32, 6, 135])
[2025-11-14 18:28:48,343][src.models.modules.semantic_id.tiger_generation_model][WARNING] - [rank: 0]   Hierarchy 6 shape: torch.Size([32, 6, 135])
[2025-11-14 18:28:48,343][src.models.modules.semantic_id.tiger_generation_model][WARNING] - [rank: 0]   Hierarchy 7 shape: torch.Size([32, 6, 135])
[2025-11-14 18:28:48,588][src.models.modules.semantic_id.tiger_generation_model][INFO] - [rank: 0] Saved decoder self-attention to ./attention_weights/decoder_self_attention_batch_51.pt
[2025-11-14 18:28:48,589][src.models.modules.semantic_id.tiger_generation_model][INFO] - [rank: 0] Saved encoder attention to ./attention_weights/encoder_attention_batch_51.pt
[2025-11-14 18:28:48,589][src.models.modules.semantic_id.tiger_generation_model][INFO] - [rank: 0] Saved cross attention to ./attention_weights/cross_attention_batch_51.pt
[2025-11-14 18:28:48,594][src.models.modules.semantic_id.tiger_generation_model][INFO] - [rank: 0] 当前batch的生成语义ID Embedding相似度矩阵:
[[ 1.          0.0025782  -0.02420682 -0.01596497  0.03329804 -0.01614115
  -0.02454793  0.02165763]
 [ 0.0025782   1.          0.05295232 -0.02494568  0.01217058  0.02075152
   0.02739447 -0.00180569]
 [-0.02420682  0.05295232  1.         -0.00355983 -0.0661529   0.00436139
   0.02157905  0.03593176]
 [-0.01596497 -0.02494568 -0.00355983  1.          0.00245352 -0.00797168
  -0.05460019  0.03491171]
 [ 0.03329804  0.01217058 -0.0661529   0.00245352  1.0000001  -0.016664
   0.00978827 -0.00294736]
 [-0.01614115  0.02075152  0.00436139 -0.00797168 -0.016664    1.0000001
  -0.00978859 -0.08112026]
 [-0.02454793  0.02739447  0.02157905 -0.05460019  0.00978827 -0.00978859
   1.         -0.03538978]
 [ 0.02165763 -0.00180569  0.03593176  0.03491171 -0.00294736 -0.08112026
  -0.03538978  1.0000001 ]]
[2025-11-14 18:28:48,695][src.models.modules.semantic_id.tiger_generation_model][INFO] - [rank: 0] 当前batch的输入Item Hierarchy Embedding相似度矩阵:
[[ 1.0000000e+00 -4.1482956e-03 -1.2654497e-02  1.1777186e-02
  -4.4357888e-03 -1.0201581e-02 -1.0276159e-02 -1.9505733e-03]
 [-4.1482956e-03  1.0000000e+00 -6.1904029e-03  3.3261774e-03
  -2.4275060e-03  3.6028139e-03 -1.8260507e-02  2.1127215e-02]
 [-1.2654497e-02 -6.1904029e-03  1.0000000e+00  3.3069488e-03
  -1.9713533e-04  1.5317309e-02 -1.9320505e-02 -2.2030666e-03]
 [ 1.1777186e-02  3.3261774e-03  3.3069488e-03  1.0000000e+00
   3.6369185e-03 -3.7437791e-04 -1.1841371e-02  5.5002044e-03]
 [-4.4357888e-03 -2.4275060e-03 -1.9713533e-04  3.6369185e-03
   1.0000000e+00  3.6520145e-03 -3.7390777e-04  1.8526424e-02]
 [-1.0201581e-02  3.6028139e-03  1.5317309e-02 -3.7437791e-04
   3.6520145e-03  1.0000000e+00 -1.8681925e-02  6.0578296e-03]
 [-1.0276159e-02 -1.8260507e-02 -1.9320505e-02 -1.1841371e-02
  -3.7390777e-04 -1.8681925e-02  1.0000000e+00 -6.1571248e-02]
 [-1.9505733e-03  2.1127215e-02 -2.2030666e-03  5.5002044e-03
   1.8526424e-02  6.0578296e-03 -6.1571248e-02  1.0000001e+00]]
[2025-11-14 18:28:49,706][src.models.modules.semantic_id.tiger_generation_model][WARNING] - [rank: 0] Failed to stack cross attentions: stack expects each tensor to be equal size, but got [32, 6, 135] at entry 0 and [32, 6, 2, 135] at entry 1
[2025-11-14 18:28:49,707][src.models.modules.semantic_id.tiger_generation_model][WARNING] - [rank: 0]   Hierarchy 0 shape: torch.Size([32, 6, 135])
[2025-11-14 18:28:49,707][src.models.modules.semantic_id.tiger_generation_model][WARNING] - [rank: 0]   Hierarchy 1 shape: torch.Size([32, 6, 2, 135])
[2025-11-14 18:28:49,707][src.models.modules.semantic_id.tiger_generation_model][WARNING] - [rank: 0]   Hierarchy 2 shape: torch.Size([32, 6, 135])
[2025-11-14 18:28:49,707][src.models.modules.semantic_id.tiger_generation_model][WARNING] - [rank: 0]   Hierarchy 3 shape: torch.Size([32, 6, 135])
[2025-11-14 18:28:49,708][src.models.modules.semantic_id.tiger_generation_model][WARNING] - [rank: 0]   Hierarchy 4 shape: torch.Size([32, 6, 135])
[2025-11-14 18:28:49,708][src.models.modules.semantic_id.tiger_generation_model][WARNING] - [rank: 0]   Hierarchy 5 shape: torch.Size([32, 6, 135])
[2025-11-14 18:28:49,708][src.models.modules.semantic_id.tiger_generation_model][WARNING] - [rank: 0]   Hierarchy 6 shape: torch.Size([32, 6, 135])
[2025-11-14 18:28:49,708][src.models.modules.semantic_id.tiger_generation_model][WARNING] - [rank: 0]   Hierarchy 7 shape: torch.Size([32, 6, 135])
[2025-11-14 18:28:50,601][src.models.modules.semantic_id.tiger_generation_model][INFO] - [rank: 0] Saved decoder self-attention to ./attention_weights/decoder_self_attention_batch_52.pt
[2025-11-14 18:28:50,602][src.models.modules.semantic_id.tiger_generation_model][INFO] - [rank: 0] Saved encoder attention to ./attention_weights/encoder_attention_batch_52.pt
[2025-11-14 18:28:50,602][src.models.modules.semantic_id.tiger_generation_model][INFO] - [rank: 0] Saved cross attention to ./attention_weights/cross_attention_batch_52.pt
[2025-11-14 18:28:50,608][src.models.modules.semantic_id.tiger_generation_model][INFO] - [rank: 0] 当前batch的生成语义ID Embedding相似度矩阵:
[[ 1.          0.01281508 -0.00475156  0.01992541 -0.02615386  0.00226751
   0.01485938  0.00805147]
 [ 0.01281508  1.         -0.00379064  0.03625677  0.00100232  0.00177274
  -0.02319632  0.00128498]
 [-0.00475156 -0.00379064  0.99999994 -0.01149618 -0.0128185   0.03308742
   0.03300682  0.01327869]
 [ 0.01992541  0.03625677 -0.01149618  1.          0.00685225 -0.00685739
  -0.00939812 -0.00342346]
 [-0.02615386  0.00100232 -0.0128185   0.00685225  1.         -0.00586303
  -0.02927573  0.00248053]
 [ 0.00226751  0.00177274  0.03308742 -0.00685739 -0.00586303  1.
  -0.03242174  0.03777366]
 [ 0.01485938 -0.02319632  0.03300682 -0.00939812 -0.02927573 -0.03242174
   1.         -0.01620697]
 [ 0.00805147  0.00128498  0.01327869 -0.00342346  0.00248053  0.03777366
  -0.01620697  1.0000001 ]]
[2025-11-14 18:28:51,109][src.models.modules.semantic_id.tiger_generation_model][INFO] - [rank: 0] 当前batch的输入Item Hierarchy Embedding相似度矩阵:
[[ 1.0000000e+00  1.8264482e-02  1.1144707e-03  5.4328963e-03
   1.2237542e-02 -1.5144754e-03  5.4561766e-03 -8.6754682e-03]
 [ 1.8264482e-02  1.0000000e+00 -8.3063338e-03 -8.2532391e-03
   1.3500274e-02 -9.5855556e-03 -1.0750793e-02  1.9647921e-03]
 [ 1.1144707e-03 -8.3063338e-03  1.0000000e+00 -4.2538191e-03
   4.7204662e-03  1.3875709e-02 -1.3336233e-02  1.2088989e-02]
 [ 5.4328963e-03 -8.2532391e-03 -4.2538191e-03  1.0000000e+00
   2.2096639e-02 -1.1804121e-02  1.4094768e-02 -3.7410794e-04]
 [ 1.2237542e-02  1.3500274e-02  4.7204662e-03  2.2096639e-02
   1.0000000e+00  2.6959458e-03 -9.0863388e-03  1.5640721e-02]
 [-1.5144754e-03 -9.5855556e-03  1.3875709e-02 -1.1804121e-02
   2.6959458e-03  1.0000000e+00 -1.1360129e-02  1.6055828e-02]
 [ 5.4561766e-03 -1.0750793e-02 -1.3336233e-02  1.4094768e-02
  -9.0863388e-03 -1.1360129e-02  1.0000000e+00 -3.8136028e-02]
 [-8.6754682e-03  1.9647921e-03  1.2088989e-02 -3.7410794e-04
   1.5640721e-02  1.6055828e-02 -3.8136028e-02  1.0000002e+00]]
[2025-11-14 18:28:52,014][src.models.modules.semantic_id.tiger_generation_model][WARNING] - [rank: 0] Failed to stack cross attentions: stack expects each tensor to be equal size, but got [32, 6, 135] at entry 0 and [32, 6, 2, 135] at entry 1
[2025-11-14 18:28:52,015][src.models.modules.semantic_id.tiger_generation_model][WARNING] - [rank: 0]   Hierarchy 0 shape: torch.Size([32, 6, 135])
[2025-11-14 18:28:52,015][src.models.modules.semantic_id.tiger_generation_model][WARNING] - [rank: 0]   Hierarchy 1 shape: torch.Size([32, 6, 2, 135])
[2025-11-14 18:28:52,015][src.models.modules.semantic_id.tiger_generation_model][WARNING] - [rank: 0]   Hierarchy 2 shape: torch.Size([32, 6, 135])
[2025-11-14 18:28:52,015][src.models.modules.semantic_id.tiger_generation_model][WARNING] - [rank: 0]   Hierarchy 3 shape: torch.Size([32, 6, 135])
[2025-11-14 18:28:52,016][src.models.modules.semantic_id.tiger_generation_model][WARNING] - [rank: 0]   Hierarchy 4 shape: torch.Size([32, 6, 135])
[2025-11-14 18:28:52,016][src.models.modules.semantic_id.tiger_generation_model][WARNING] - [rank: 0]   Hierarchy 5 shape: torch.Size([32, 6, 135])
[2025-11-14 18:28:52,016][src.models.modules.semantic_id.tiger_generation_model][WARNING] - [rank: 0]   Hierarchy 6 shape: torch.Size([32, 6, 135])
[2025-11-14 18:28:52,016][src.models.modules.semantic_id.tiger_generation_model][WARNING] - [rank: 0]   Hierarchy 7 shape: torch.Size([32, 6, 135])
[2025-11-14 18:28:52,735][src.models.modules.semantic_id.tiger_generation_model][INFO] - [rank: 0] Saved decoder self-attention to ./attention_weights/decoder_self_attention_batch_53.pt
[2025-11-14 18:28:52,735][src.models.modules.semantic_id.tiger_generation_model][INFO] - [rank: 0] Saved encoder attention to ./attention_weights/encoder_attention_batch_53.pt
[2025-11-14 18:28:52,736][src.models.modules.semantic_id.tiger_generation_model][INFO] - [rank: 0] Saved cross attention to ./attention_weights/cross_attention_batch_53.pt
[2025-11-14 18:28:52,742][src.models.modules.semantic_id.tiger_generation_model][INFO] - [rank: 0] 当前batch的生成语义ID Embedding相似度矩阵:
[[ 1.0000000e+00  1.6609136e-02 -9.6790418e-03 -1.3783591e-02
  -2.6892409e-02 -5.8838353e-04 -7.9465024e-03 -1.1747675e-03]
 [ 1.6609136e-02  9.9999994e-01  7.7434056e-03 -1.3223058e-04
  -3.3501975e-02 -1.2736388e-02  2.0751771e-02  1.9075813e-02]
 [-9.6790418e-03  7.7434056e-03  1.0000000e+00 -4.4233277e-03
   2.4774619e-03  1.8944988e-02  1.0286316e-02  3.1291805e-02]
 [-1.3783591e-02 -1.3223058e-04 -4.4233277e-03  9.9999994e-01
   1.5040033e-02  4.9281605e-03 -8.2369959e-03  2.0520324e-02]
 [-2.6892409e-02 -3.3501975e-02  2.4774619e-03  1.5040033e-02
   1.0000000e+00  8.5717384e-03 -4.0099500e-03  6.1114887e-03]
 [-5.8838353e-04 -1.2736388e-02  1.8944988e-02  4.9281605e-03
   8.5717384e-03  1.0000000e+00 -5.1703304e-03  1.3838040e-03]
 [-7.9465024e-03  2.0751771e-02  1.0286316e-02 -8.2369959e-03
  -4.0099500e-03 -5.1703304e-03  1.0000000e+00 -2.7370468e-02]
 [-1.1747675e-03  1.9075813e-02  3.1291805e-02  2.0520324e-02
   6.1114887e-03  1.3838040e-03 -2.7370468e-02  1.0000001e+00]]
[2025-11-14 18:28:53,134][src.models.modules.semantic_id.tiger_generation_model][INFO] - [rank: 0] 当前batch的输入Item Hierarchy Embedding相似度矩阵:
[[ 1.00000000e+00 -8.12140852e-03 -7.77748134e-03 -3.66206281e-03
   5.89016592e-03 -5.61277289e-03  6.66869437e-06  6.72573736e-03]
 [-8.12140852e-03  1.00000000e+00 -2.36716191e-03  2.13243859e-03
   1.22217033e-02 -6.82284217e-03 -5.27663250e-03  1.27181578e-02]
 [-7.77748134e-03 -2.36716191e-03  1.00000000e+00  1.08978502e-03
  -5.31914877e-03 -6.58339821e-03 -1.04338555e-02 -2.27956939e-03]
 [-3.66206281e-03  2.13243859e-03  1.08978502e-03  1.00000000e+00
   1.50114857e-03  1.07803997e-02 -1.75979771e-02  5.63505106e-03]
 [ 5.89016592e-03  1.22217033e-02 -5.31914877e-03  1.50114857e-03
   1.00000000e+00  8.69740173e-03 -7.09968805e-03  2.19259541e-02]
 [-5.61277289e-03 -6.82284217e-03 -6.58339821e-03  1.07803997e-02
   8.69740173e-03  1.00000000e+00 -7.64380116e-03  4.17534402e-03]
 [ 6.66869437e-06 -5.27663250e-03 -1.04338555e-02 -1.75979771e-02
  -7.09968805e-03 -7.64380116e-03  1.00000000e+00 -3.17810252e-02]
 [ 6.72573736e-03  1.27181578e-02 -2.27956939e-03  5.63505106e-03
   2.19259541e-02  4.17534402e-03 -3.17810252e-02  1.00000012e+00]]
[2025-11-14 18:28:54,261][src.models.modules.semantic_id.tiger_generation_model][WARNING] - [rank: 0] Failed to stack cross attentions: stack expects each tensor to be equal size, but got [32, 6, 135] at entry 0 and [32, 6, 2, 135] at entry 1
[2025-11-14 18:28:54,262][src.models.modules.semantic_id.tiger_generation_model][WARNING] - [rank: 0]   Hierarchy 0 shape: torch.Size([32, 6, 135])
[2025-11-14 18:28:54,262][src.models.modules.semantic_id.tiger_generation_model][WARNING] - [rank: 0]   Hierarchy 1 shape: torch.Size([32, 6, 2, 135])
[2025-11-14 18:28:54,262][src.models.modules.semantic_id.tiger_generation_model][WARNING] - [rank: 0]   Hierarchy 2 shape: torch.Size([32, 6, 135])
[2025-11-14 18:28:54,263][src.models.modules.semantic_id.tiger_generation_model][WARNING] - [rank: 0]   Hierarchy 3 shape: torch.Size([32, 6, 135])
[2025-11-14 18:28:54,263][src.models.modules.semantic_id.tiger_generation_model][WARNING] - [rank: 0]   Hierarchy 4 shape: torch.Size([32, 6, 135])
[2025-11-14 18:28:54,263][src.models.modules.semantic_id.tiger_generation_model][WARNING] - [rank: 0]   Hierarchy 5 shape: torch.Size([32, 6, 135])
[2025-11-14 18:28:54,263][src.models.modules.semantic_id.tiger_generation_model][WARNING] - [rank: 0]   Hierarchy 6 shape: torch.Size([32, 6, 135])
[2025-11-14 18:28:54,263][src.models.modules.semantic_id.tiger_generation_model][WARNING] - [rank: 0]   Hierarchy 7 shape: torch.Size([32, 6, 135])
[2025-11-14 18:28:54,830][src.models.modules.semantic_id.tiger_generation_model][INFO] - [rank: 0] Saved decoder self-attention to ./attention_weights/decoder_self_attention_batch_54.pt
[2025-11-14 18:28:54,830][src.models.modules.semantic_id.tiger_generation_model][INFO] - [rank: 0] Saved encoder attention to ./attention_weights/encoder_attention_batch_54.pt
[2025-11-14 18:28:54,831][src.models.modules.semantic_id.tiger_generation_model][INFO] - [rank: 0] Saved cross attention to ./attention_weights/cross_attention_batch_54.pt
[2025-11-14 18:28:54,839][src.models.modules.semantic_id.tiger_generation_model][INFO] - [rank: 0] 当前batch的生成语义ID Embedding相似度矩阵:
[[ 1.00000000e+00  1.82890352e-02 -1.24116503e-02 -2.61632027e-04
  -1.37049705e-04  5.60143264e-03 -9.93987080e-04 -1.33149093e-03]
 [ 1.82890352e-02  1.00000000e+00  2.21983232e-02  6.52111322e-03
   1.42002441e-02  2.84884349e-02 -4.13116999e-04 -1.14954235e-02]
 [-1.24116503e-02  2.21983232e-02  1.00000000e+00  8.46788660e-03
  -7.98385311e-03  1.56650711e-02 -4.76534571e-03 -1.18643716e-02]
 [-2.61632027e-04  6.52111322e-03  8.46788660e-03  1.00000000e+00
   9.79690626e-03  3.88044491e-03 -2.63217129e-02  3.11468355e-02]
 [-1.37049705e-04  1.42002441e-02 -7.98385311e-03  9.79690626e-03
   1.00000000e+00 -4.15245555e-02 -1.62954479e-02  1.53248105e-03]
 [ 5.60143264e-03  2.84884349e-02  1.56650711e-02  3.88044491e-03
  -4.15245555e-02  1.00000000e+00  5.13781095e-03 -1.93127375e-02]
 [-9.93987080e-04 -4.13116999e-04 -4.76534571e-03 -2.63217129e-02
  -1.62954479e-02  5.13781095e-03  1.00000000e+00 -5.52333072e-02]
 [-1.33149093e-03 -1.14954235e-02 -1.18643716e-02  3.11468355e-02
   1.53248105e-03 -1.93127375e-02 -5.52333072e-02  1.00000012e+00]]
[2025-11-14 18:28:55,336][src.models.modules.semantic_id.tiger_generation_model][INFO] - [rank: 0] 当前batch的输入Item Hierarchy Embedding相似度矩阵:
[[ 1.0000000e+00 -4.7781403e-04  1.0791823e-02 -7.0151349e-04
  -1.1975983e-03 -1.1238434e-03  6.8740677e-03  7.5029400e-03]
 [-4.7781403e-04  1.0000000e+00  9.7351271e-04  4.7668614e-03
   8.6343009e-03  5.4332083e-03 -1.3805885e-02  5.4420615e-03]
 [ 1.0791823e-02  9.7351271e-04  1.0000000e+00  5.1854672e-03
  -8.9370171e-03  1.2246245e-02 -1.3561959e-02  3.1375021e-03]
 [-7.0151349e-04  4.7668614e-03  5.1854672e-03  1.0000000e+00
   1.6390584e-02  7.2119534e-03 -1.6916962e-03  6.9707474e-03]
 [-1.1975983e-03  8.6343009e-03 -8.9370171e-03  1.6390584e-02
   1.0000000e+00  5.2806661e-03 -7.8613227e-03  1.5848452e-02]
 [-1.1238434e-03  5.4332083e-03  1.2246245e-02  7.2119534e-03
   5.2806661e-03  1.0000000e+00  1.5368903e-03  1.3977398e-02]
 [ 6.8740677e-03 -1.3805885e-02 -1.3561959e-02 -1.6916962e-03
  -7.8613227e-03  1.5368903e-03  1.0000000e+00 -3.8787395e-02]
 [ 7.5029400e-03  5.4420615e-03  3.1375021e-03  6.9707474e-03
   1.5848452e-02  1.3977398e-02 -3.8787395e-02  1.0000001e+00]]
[2025-11-14 18:28:56,262][src.models.modules.semantic_id.tiger_generation_model][WARNING] - [rank: 0] Failed to stack cross attentions: stack expects each tensor to be equal size, but got [32, 6, 135] at entry 0 and [32, 6, 2, 135] at entry 1
[2025-11-14 18:28:56,262][src.models.modules.semantic_id.tiger_generation_model][WARNING] - [rank: 0]   Hierarchy 0 shape: torch.Size([32, 6, 135])
[2025-11-14 18:28:56,263][src.models.modules.semantic_id.tiger_generation_model][WARNING] - [rank: 0]   Hierarchy 1 shape: torch.Size([32, 6, 2, 135])
[2025-11-14 18:28:56,263][src.models.modules.semantic_id.tiger_generation_model][WARNING] - [rank: 0]   Hierarchy 2 shape: torch.Size([32, 6, 135])
[2025-11-14 18:28:56,263][src.models.modules.semantic_id.tiger_generation_model][WARNING] - [rank: 0]   Hierarchy 3 shape: torch.Size([32, 6, 135])
[2025-11-14 18:28:56,263][src.models.modules.semantic_id.tiger_generation_model][WARNING] - [rank: 0]   Hierarchy 4 shape: torch.Size([32, 6, 135])
[2025-11-14 18:28:56,263][src.models.modules.semantic_id.tiger_generation_model][WARNING] - [rank: 0]   Hierarchy 5 shape: torch.Size([32, 6, 135])
[2025-11-14 18:28:56,264][src.models.modules.semantic_id.tiger_generation_model][WARNING] - [rank: 0]   Hierarchy 6 shape: torch.Size([32, 6, 135])
[2025-11-14 18:28:56,264][src.models.modules.semantic_id.tiger_generation_model][WARNING] - [rank: 0]   Hierarchy 7 shape: torch.Size([32, 6, 135])
[2025-11-14 18:28:57,084][src.models.modules.semantic_id.tiger_generation_model][INFO] - [rank: 0] Saved decoder self-attention to ./attention_weights/decoder_self_attention_batch_55.pt
[2025-11-14 18:28:57,084][src.models.modules.semantic_id.tiger_generation_model][INFO] - [rank: 0] Saved encoder attention to ./attention_weights/encoder_attention_batch_55.pt
[2025-11-14 18:28:57,085][src.models.modules.semantic_id.tiger_generation_model][INFO] - [rank: 0] Saved cross attention to ./attention_weights/cross_attention_batch_55.pt
[2025-11-14 18:28:57,091][src.models.modules.semantic_id.tiger_generation_model][INFO] - [rank: 0] 当前batch的生成语义ID Embedding相似度矩阵:
[[ 1.00000000e+00  5.79777872e-03  3.97559069e-03  2.98250783e-02
  -4.26070504e-02 -3.25444713e-02 -4.06290181e-02  2.74677388e-02]
 [ 5.79777872e-03  9.99999881e-01  1.61847342e-02  6.53047301e-03
  -3.62838665e-03 -1.55165177e-02  5.56970481e-03 -7.97369145e-03]
 [ 3.97559069e-03  1.61847342e-02  1.00000000e+00  8.69860174e-04
   7.41754146e-03  1.46019496e-02  2.66921744e-02 -3.90641205e-03]
 [ 2.98250783e-02  6.53047301e-03  8.69860174e-04  1.00000000e+00
  -1.80022791e-04 -1.48237487e-02  1.68053955e-02  1.74308196e-03]
 [-4.26070504e-02 -3.62838665e-03  7.41754146e-03 -1.80022791e-04
   1.00000000e+00 -2.45030075e-02 -5.06333914e-03  1.06460815e-02]
 [-3.25444713e-02 -1.55165177e-02  1.46019496e-02 -1.48237487e-02
  -2.45030075e-02  1.00000000e+00 -2.66320887e-03  6.03531348e-03]
 [-4.06290181e-02  5.56970481e-03  2.66921744e-02  1.68053955e-02
  -5.06333914e-03 -2.66320887e-03  1.00000000e+00 -4.15990502e-02]
 [ 2.74677388e-02 -7.97369145e-03 -3.90641205e-03  1.74308196e-03
   1.06460815e-02  6.03531348e-03 -4.15990502e-02  1.00000012e+00]]
[2025-11-14 18:28:57,346][src.models.modules.semantic_id.tiger_generation_model][INFO] - [rank: 0] 当前batch的输入Item Hierarchy Embedding相似度矩阵:
[[ 9.9999994e-01 -2.4807006e-03 -8.0258381e-03  7.4293660e-03
   8.8707339e-03 -6.2423311e-03  7.3478026e-03 -7.4522904e-05]
 [-2.4807006e-03  9.9999994e-01  2.0088048e-03  1.3175547e-02
  -5.9159175e-03 -7.5989966e-03 -9.6404953e-03  1.0510753e-04]
 [-8.0258381e-03  2.0088048e-03  9.9999994e-01  4.0844684e-03
   7.4099367e-03 -8.8231247e-03  1.0066271e-02  1.3764236e-02]
 [ 7.4293660e-03  1.3175547e-02  4.0844684e-03  9.9999994e-01
   7.5565875e-03  1.6427832e-03  6.3038676e-04 -5.2325088e-03]
 [ 8.8707339e-03 -5.9159175e-03  7.4099367e-03  7.5565875e-03
   9.9999994e-01 -1.3029944e-02 -3.5776007e-03  1.7667981e-02]
 [-6.2423311e-03 -7.5989966e-03 -8.8231247e-03  1.6427832e-03
  -1.3029944e-02  9.9999994e-01 -5.5814330e-03 -8.5857278e-03]
 [ 7.3478026e-03 -9.6404953e-03  1.0066271e-02  6.3038676e-04
  -3.5776007e-03 -5.5814330e-03  9.9999994e-01 -4.8910808e-02]
 [-7.4522904e-05  1.0510753e-04  1.3764236e-02 -5.2325088e-03
   1.7667981e-02 -8.5857278e-03 -4.8910808e-02  1.0000001e+00]]
[2025-11-14 18:28:58,263][src.models.modules.semantic_id.tiger_generation_model][WARNING] - [rank: 0] Failed to stack cross attentions: stack expects each tensor to be equal size, but got [32, 6, 135] at entry 0 and [32, 6, 2, 135] at entry 1
[2025-11-14 18:28:58,264][src.models.modules.semantic_id.tiger_generation_model][WARNING] - [rank: 0]   Hierarchy 0 shape: torch.Size([32, 6, 135])
[2025-11-14 18:28:58,264][src.models.modules.semantic_id.tiger_generation_model][WARNING] - [rank: 0]   Hierarchy 1 shape: torch.Size([32, 6, 2, 135])
[2025-11-14 18:28:58,264][src.models.modules.semantic_id.tiger_generation_model][WARNING] - [rank: 0]   Hierarchy 2 shape: torch.Size([32, 6, 135])
[2025-11-14 18:28:58,264][src.models.modules.semantic_id.tiger_generation_model][WARNING] - [rank: 0]   Hierarchy 3 shape: torch.Size([32, 6, 135])
[2025-11-14 18:28:58,264][src.models.modules.semantic_id.tiger_generation_model][WARNING] - [rank: 0]   Hierarchy 4 shape: torch.Size([32, 6, 135])
[2025-11-14 18:28:58,264][src.models.modules.semantic_id.tiger_generation_model][WARNING] - [rank: 0]   Hierarchy 5 shape: torch.Size([32, 6, 135])
[2025-11-14 18:28:58,265][src.models.modules.semantic_id.tiger_generation_model][WARNING] - [rank: 0]   Hierarchy 6 shape: torch.Size([32, 6, 135])
[2025-11-14 18:28:58,265][src.models.modules.semantic_id.tiger_generation_model][WARNING] - [rank: 0]   Hierarchy 7 shape: torch.Size([32, 6, 135])
[2025-11-14 18:28:58,847][src.models.modules.semantic_id.tiger_generation_model][INFO] - [rank: 0] Saved decoder self-attention to ./attention_weights/decoder_self_attention_batch_56.pt
[2025-11-14 18:28:58,848][src.models.modules.semantic_id.tiger_generation_model][INFO] - [rank: 0] Saved encoder attention to ./attention_weights/encoder_attention_batch_56.pt
[2025-11-14 18:28:58,848][src.models.modules.semantic_id.tiger_generation_model][INFO] - [rank: 0] Saved cross attention to ./attention_weights/cross_attention_batch_56.pt
[2025-11-14 18:28:58,875][src.models.modules.semantic_id.tiger_generation_model][INFO] - [rank: 0] 当前batch的生成语义ID Embedding相似度矩阵:
[[ 1.0000000e+00  2.5872113e-02  6.4277789e-04 -1.6033815e-02
   1.0891353e-02 -3.5520285e-02 -6.0093184e-03 -9.6772835e-03]
 [ 2.5872113e-02  1.0000000e+00  1.6286280e-02 -6.5530399e-03
  -9.1532115e-03 -1.7282875e-02  2.0625431e-02 -1.0619855e-02]
 [ 6.4277789e-04  1.6286280e-02  1.0000000e+00  8.9002196e-03
  -4.7723623e-03  5.8373809e-03 -1.6194042e-03  7.9358723e-03]
 [-1.6033815e-02 -6.5530399e-03  8.9002196e-03  1.0000000e+00
  -2.3420826e-02 -5.3998297e-03 -2.8889149e-02  1.6082026e-02]
 [ 1.0891353e-02 -9.1532115e-03 -4.7723623e-03 -2.3420826e-02
   1.0000000e+00 -6.3321842e-03 -2.7884398e-02 -2.4238521e-02]
 [-3.5520285e-02 -1.7282875e-02  5.8373809e-03 -5.3998297e-03
  -6.3321842e-03  1.0000000e+00 -3.5130298e-03 -1.2965707e-02]
 [-6.0093184e-03  2.0625431e-02 -1.6194042e-03 -2.8889149e-02
  -2.7884398e-02 -3.5130298e-03  1.0000000e+00 -2.1785807e-02]
 [-9.6772835e-03 -1.0619855e-02  7.9358723e-03  1.6082026e-02
  -2.4238521e-02 -1.2965707e-02 -2.1785807e-02  1.0000001e+00]]
[2025-11-14 18:28:59,245][src.models.modules.semantic_id.tiger_generation_model][INFO] - [rank: 0] 当前batch的输入Item Hierarchy Embedding相似度矩阵:
[[ 1.0000000e+00 -6.8914285e-03 -8.2856566e-03 -1.4175373e-03
  -5.4097665e-03  3.3014144e-03  7.8414083e-03  1.1114612e-03]
 [-6.8914285e-03  1.0000000e+00 -6.0026068e-03  7.2826846e-03
   9.0738814e-03 -6.4739473e-03  6.8497849e-03  6.6636153e-03]
 [-8.2856566e-03 -6.0026068e-03  1.0000000e+00 -6.6948114e-03
  -5.5656065e-03  4.9183611e-04 -6.4979997e-03  3.3114669e-03]
 [-1.4175373e-03  7.2826846e-03 -6.6948114e-03  1.0000000e+00
   5.6299581e-03  2.5121423e-03 -1.1459716e-02  4.1923076e-03]
 [-5.4097665e-03  9.0738814e-03 -5.5656065e-03  5.6299581e-03
   1.0000000e+00  3.9024834e-04 -9.5093800e-03  2.9173654e-03]
 [ 3.3014144e-03 -6.4739473e-03  4.9183611e-04  2.5121423e-03
   3.9024834e-04  1.0000000e+00 -9.1624791e-03 -4.3855612e-03]
 [ 7.8414083e-03  6.8497849e-03 -6.4979997e-03 -1.1459716e-02
  -9.5093800e-03 -9.1624791e-03  1.0000000e+00 -4.7600437e-02]
 [ 1.1114612e-03  6.6636153e-03  3.3114669e-03  4.1923076e-03
   2.9173654e-03 -4.3855612e-03 -4.7600437e-02  1.0000001e+00]]
[2025-11-14 18:29:00,088][src.models.modules.semantic_id.tiger_generation_model][WARNING] - [rank: 0] Failed to stack cross attentions: stack expects each tensor to be equal size, but got [32, 6, 135] at entry 0 and [32, 6, 2, 135] at entry 1
[2025-11-14 18:29:00,089][src.models.modules.semantic_id.tiger_generation_model][WARNING] - [rank: 0]   Hierarchy 0 shape: torch.Size([32, 6, 135])
[2025-11-14 18:29:00,089][src.models.modules.semantic_id.tiger_generation_model][WARNING] - [rank: 0]   Hierarchy 1 shape: torch.Size([32, 6, 2, 135])
[2025-11-14 18:29:00,089][src.models.modules.semantic_id.tiger_generation_model][WARNING] - [rank: 0]   Hierarchy 2 shape: torch.Size([32, 6, 135])
[2025-11-14 18:29:00,089][src.models.modules.semantic_id.tiger_generation_model][WARNING] - [rank: 0]   Hierarchy 3 shape: torch.Size([32, 6, 135])
[2025-11-14 18:29:00,089][src.models.modules.semantic_id.tiger_generation_model][WARNING] - [rank: 0]   Hierarchy 4 shape: torch.Size([32, 6, 135])
[2025-11-14 18:29:00,090][src.models.modules.semantic_id.tiger_generation_model][WARNING] - [rank: 0]   Hierarchy 5 shape: torch.Size([32, 6, 135])
[2025-11-14 18:29:00,090][src.models.modules.semantic_id.tiger_generation_model][WARNING] - [rank: 0]   Hierarchy 6 shape: torch.Size([32, 6, 135])
[2025-11-14 18:29:00,090][src.models.modules.semantic_id.tiger_generation_model][WARNING] - [rank: 0]   Hierarchy 7 shape: torch.Size([32, 6, 135])
[2025-11-14 18:29:00,949][src.models.modules.semantic_id.tiger_generation_model][INFO] - [rank: 0] Saved decoder self-attention to ./attention_weights/decoder_self_attention_batch_57.pt
[2025-11-14 18:29:00,950][src.models.modules.semantic_id.tiger_generation_model][INFO] - [rank: 0] Saved encoder attention to ./attention_weights/encoder_attention_batch_57.pt
[2025-11-14 18:29:00,950][src.models.modules.semantic_id.tiger_generation_model][INFO] - [rank: 0] Saved cross attention to ./attention_weights/cross_attention_batch_57.pt
[2025-11-14 18:29:00,956][src.models.modules.semantic_id.tiger_generation_model][INFO] - [rank: 0] 当前batch的生成语义ID Embedding相似度矩阵:
[[ 1.0000000e+00  3.1917136e-02 -1.6599461e-02 -5.0553088e-03
   1.2960101e-03  1.0059164e-02  1.7778382e-02 -1.9100495e-02]
 [ 3.1917136e-02  1.0000000e+00 -2.9121149e-02  1.6385473e-02
   4.4866145e-02  3.5335783e-02  1.1936974e-02  3.1013582e-03]
 [-1.6599461e-02 -2.9121149e-02  1.0000000e+00  3.5510257e-02
   1.1164271e-03  2.7268887e-02  1.9033378e-02  2.8550554e-02]
 [-5.0553088e-03  1.6385473e-02  3.5510257e-02  1.0000000e+00
  -5.2268608e-03  8.1698475e-03  7.2052167e-04  5.0268531e-02]
 [ 1.2960101e-03  4.4866145e-02  1.1164271e-03 -5.2268608e-03
   1.0000000e+00 -1.1204152e-02 -9.8962272e-03 -4.0280119e-02]
 [ 1.0059164e-02  3.5335783e-02  2.7268887e-02  8.1698475e-03
  -1.1204152e-02  1.0000000e+00 -2.9317247e-02 -1.7157465e-02]
 [ 1.7778382e-02  1.1936974e-02  1.9033378e-02  7.2052167e-04
  -9.8962272e-03 -2.9317247e-02  1.0000000e+00  2.1359567e-02]
 [-1.9100495e-02  3.1013582e-03  2.8550554e-02  5.0268531e-02
  -4.0280119e-02 -1.7157465e-02  2.1359567e-02  1.0000001e+00]]
[2025-11-14 18:29:01,595][src.models.modules.semantic_id.tiger_generation_model][INFO] - [rank: 0] 当前batch的输入Item Hierarchy Embedding相似度矩阵:
[[ 1.0000000e+00 -1.3341481e-02  5.9746495e-03 -2.2437856e-02
   1.9940821e-02  3.1154230e-04  1.1783220e-02 -1.0531211e-02]
 [-1.3341481e-02  1.0000000e+00  1.3850383e-02  2.1920924e-03
  -8.2642632e-03 -1.2709207e-02  1.2740312e-03 -5.9484048e-03]
 [ 5.9746495e-03  1.3850383e-02  1.0000000e+00  1.9047358e-03
   1.3257691e-02 -4.0478706e-03 -2.7649105e-04 -6.0637109e-03]
 [-2.2437856e-02  2.1920924e-03  1.9047358e-03  1.0000000e+00
   6.7884638e-03  3.2762695e-02 -1.1508060e-02  4.0154949e-02]
 [ 1.9940821e-02 -8.2642632e-03  1.3257691e-02  6.7884638e-03
   1.0000000e+00  2.7356690e-02 -1.5046795e-02  7.2095441e-03]
 [ 3.1154230e-04 -1.2709207e-02 -4.0478706e-03  3.2762695e-02
   2.7356690e-02  1.0000000e+00 -1.7191593e-02  1.0623541e-02]
 [ 1.1783220e-02  1.2740312e-03 -2.7649105e-04 -1.1508060e-02
  -1.5046795e-02 -1.7191593e-02  1.0000000e+00 -3.2329042e-02]
 [-1.0531211e-02 -5.9484048e-03 -6.0637109e-03  4.0154949e-02
   7.2095441e-03  1.0623541e-02 -3.2329042e-02  1.0000001e+00]]
[2025-11-14 18:29:02,319][src.models.modules.semantic_id.tiger_generation_model][WARNING] - [rank: 0] Failed to stack cross attentions: stack expects each tensor to be equal size, but got [32, 6, 135] at entry 0 and [32, 6, 2, 135] at entry 1
[2025-11-14 18:29:02,320][src.models.modules.semantic_id.tiger_generation_model][WARNING] - [rank: 0]   Hierarchy 0 shape: torch.Size([32, 6, 135])
[2025-11-14 18:29:02,320][src.models.modules.semantic_id.tiger_generation_model][WARNING] - [rank: 0]   Hierarchy 1 shape: torch.Size([32, 6, 2, 135])
[2025-11-14 18:29:02,320][src.models.modules.semantic_id.tiger_generation_model][WARNING] - [rank: 0]   Hierarchy 2 shape: torch.Size([32, 6, 135])
[2025-11-14 18:29:02,321][src.models.modules.semantic_id.tiger_generation_model][WARNING] - [rank: 0]   Hierarchy 3 shape: torch.Size([32, 6, 135])
[2025-11-14 18:29:02,321][src.models.modules.semantic_id.tiger_generation_model][WARNING] - [rank: 0]   Hierarchy 4 shape: torch.Size([32, 6, 135])
[2025-11-14 18:29:02,321][src.models.modules.semantic_id.tiger_generation_model][WARNING] - [rank: 0]   Hierarchy 5 shape: torch.Size([32, 6, 135])
[2025-11-14 18:29:02,321][src.models.modules.semantic_id.tiger_generation_model][WARNING] - [rank: 0]   Hierarchy 6 shape: torch.Size([32, 6, 135])
[2025-11-14 18:29:02,321][src.models.modules.semantic_id.tiger_generation_model][WARNING] - [rank: 0]   Hierarchy 7 shape: torch.Size([32, 6, 135])
[2025-11-14 18:29:02,560][src.models.modules.semantic_id.tiger_generation_model][INFO] - [rank: 0] Saved decoder self-attention to ./attention_weights/decoder_self_attention_batch_58.pt
[2025-11-14 18:29:02,562][src.models.modules.semantic_id.tiger_generation_model][INFO] - [rank: 0] Saved encoder attention to ./attention_weights/encoder_attention_batch_58.pt
[2025-11-14 18:29:02,562][src.models.modules.semantic_id.tiger_generation_model][INFO] - [rank: 0] Saved cross attention to ./attention_weights/cross_attention_batch_58.pt
[2025-11-14 18:29:02,569][src.models.modules.semantic_id.tiger_generation_model][INFO] - [rank: 0] 当前batch的生成语义ID Embedding相似度矩阵:
[[ 1.          0.00120705 -0.01644397  0.0386839  -0.00957386 -0.01163265
   0.00967888  0.01391226]
 [ 0.00120705  1.          0.01422669  0.0339114   0.02489007  0.00425127
   0.01074099  0.010697  ]
 [-0.01644397  0.01422669  1.          0.02796239  0.00193395  0.01915128
  -0.00258569  0.02269465]
 [ 0.0386839   0.0339114   0.02796239  1.         -0.01268492 -0.00320396
  -0.02625649  0.01083764]
 [-0.00957386  0.02489007  0.00193395 -0.01268492  1.         -0.01536804
  -0.00142994 -0.05871575]
 [-0.01163265  0.00425127  0.01915128 -0.00320396 -0.01536804  1.
  -0.03388145 -0.00376643]
 [ 0.00967888  0.01074099 -0.00258569 -0.02625649 -0.00142994 -0.03388145
   1.         -0.00986706]
 [ 0.01391226  0.010697    0.02269465  0.01083764 -0.05871575 -0.00376643
  -0.00986706  1.0000001 ]]
[2025-11-14 18:29:02,839][src.models.modules.semantic_id.tiger_generation_model][INFO] - [rank: 0] 当前batch的输入Item Hierarchy Embedding相似度矩阵:
[[ 1.00000000e+00 -2.10109446e-03 -4.11604811e-03 -6.16419187e-04
  -7.80720497e-03  2.28187745e-03  1.45705314e-02  2.31515300e-02]
 [-2.10109446e-03  1.00000000e+00 -5.82240010e-03  3.55864002e-04
   7.94413593e-03  1.31202834e-02  6.00854307e-03  7.34460913e-03]
 [-4.11604811e-03 -5.82240010e-03  1.00000000e+00  7.42266234e-03
  -5.79488184e-03 -6.86826976e-03  9.86844767e-04 -8.43020622e-03]
 [-6.16419187e-04  3.55864002e-04  7.42266234e-03  1.00000000e+00
   8.91634915e-03  1.02682486e-02 -9.56186373e-03  7.84974825e-03]
 [-7.80720497e-03  7.94413593e-03 -5.79488184e-03  8.91634915e-03
   1.00000000e+00  2.92471214e-03 -3.09425243e-03  1.49559425e-02]
 [ 2.28187745e-03  1.31202834e-02 -6.86826976e-03  1.02682486e-02
   2.92471214e-03  1.00000000e+00 -3.69319622e-03 -1.12148626e-02]
 [ 1.45705314e-02  6.00854307e-03  9.86844767e-04 -9.56186373e-03
  -3.09425243e-03 -3.69319622e-03  1.00000000e+00 -3.15927304e-02]
 [ 2.31515300e-02  7.34460913e-03 -8.43020622e-03  7.84974825e-03
   1.49559425e-02 -1.12148626e-02 -3.15927304e-02  1.00000012e+00]]
[2025-11-14 18:29:03,742][src.models.modules.semantic_id.tiger_generation_model][WARNING] - [rank: 0] Failed to stack cross attentions: stack expects each tensor to be equal size, but got [32, 6, 135] at entry 0 and [32, 6, 2, 135] at entry 1
[2025-11-14 18:29:03,743][src.models.modules.semantic_id.tiger_generation_model][WARNING] - [rank: 0]   Hierarchy 0 shape: torch.Size([32, 6, 135])
[2025-11-14 18:29:03,743][src.models.modules.semantic_id.tiger_generation_model][WARNING] - [rank: 0]   Hierarchy 1 shape: torch.Size([32, 6, 2, 135])
[2025-11-14 18:29:03,743][src.models.modules.semantic_id.tiger_generation_model][WARNING] - [rank: 0]   Hierarchy 2 shape: torch.Size([32, 6, 135])
[2025-11-14 18:29:03,743][src.models.modules.semantic_id.tiger_generation_model][WARNING] - [rank: 0]   Hierarchy 3 shape: torch.Size([32, 6, 135])
[2025-11-14 18:29:03,743][src.models.modules.semantic_id.tiger_generation_model][WARNING] - [rank: 0]   Hierarchy 4 shape: torch.Size([32, 6, 135])
[2025-11-14 18:29:03,744][src.models.modules.semantic_id.tiger_generation_model][WARNING] - [rank: 0]   Hierarchy 5 shape: torch.Size([32, 6, 135])
[2025-11-14 18:29:03,744][src.models.modules.semantic_id.tiger_generation_model][WARNING] - [rank: 0]   Hierarchy 6 shape: torch.Size([32, 6, 135])
[2025-11-14 18:29:03,744][src.models.modules.semantic_id.tiger_generation_model][WARNING] - [rank: 0]   Hierarchy 7 shape: torch.Size([32, 6, 135])
[2025-11-14 18:29:04,236][src.models.modules.semantic_id.tiger_generation_model][INFO] - [rank: 0] Saved decoder self-attention to ./attention_weights/decoder_self_attention_batch_59.pt
[2025-11-14 18:29:04,237][src.models.modules.semantic_id.tiger_generation_model][INFO] - [rank: 0] Saved encoder attention to ./attention_weights/encoder_attention_batch_59.pt
[2025-11-14 18:29:04,237][src.models.modules.semantic_id.tiger_generation_model][INFO] - [rank: 0] Saved cross attention to ./attention_weights/cross_attention_batch_59.pt
[2025-11-14 18:29:04,244][src.models.modules.semantic_id.tiger_generation_model][INFO] - [rank: 0] 当前batch的生成语义ID Embedding相似度矩阵:
[[ 1.00000000e+00  8.76929425e-03 -2.70590931e-02 -2.09660139e-02
  -3.51495221e-02 -1.76200960e-02  1.07176853e-02  1.12460935e-02]
 [ 8.76929425e-03  9.99999940e-01  3.19414325e-02 -1.87835433e-02
  -1.93436556e-02  1.60563141e-02  7.35891424e-03  2.74980292e-02]
 [-2.70590931e-02  3.19414325e-02  1.00000000e+00  2.80787535e-02
  -2.84741260e-02  8.58824700e-03  1.53513085e-02  1.33213550e-02]
 [-2.09660139e-02 -1.87835433e-02  2.80787535e-02  1.00000000e+00
  -9.76583175e-03  4.72596148e-03 -1.82417482e-02  9.33569204e-03]
 [-3.51495221e-02 -1.93436556e-02 -2.84741260e-02 -9.76583175e-03
   1.00000000e+00 -2.46412233e-02 -1.00312913e-02 -2.06239279e-02]
 [-1.76200960e-02  1.60563141e-02  8.58824700e-03  4.72596148e-03
  -2.46412233e-02  1.00000000e+00  1.83393769e-02 -4.45586182e-02]
 [ 1.07176853e-02  7.35891424e-03  1.53513085e-02 -1.82417482e-02
  -1.00312913e-02  1.83393769e-02  1.00000000e+00 -7.72656291e-04]
 [ 1.12460935e-02  2.74980292e-02  1.33213550e-02  9.33569204e-03
  -2.06239279e-02 -4.45586182e-02 -7.72656291e-04  1.00000012e+00]]
[2025-11-14 18:29:04,499][src.models.modules.semantic_id.tiger_generation_model][INFO] - [rank: 0] 当前batch的输入Item Hierarchy Embedding相似度矩阵:
[[ 1.0000000e+00  6.7022657e-03  4.3848617e-04 -5.9238221e-03
  -8.9454474e-03  1.2179099e-02 -5.6543956e-03  1.0215883e-02]
 [ 6.7022657e-03  1.0000000e+00 -7.7519414e-04 -7.6130929e-04
   6.4133396e-03  7.1675247e-03 -6.7860419e-03  1.4130863e-02]
 [ 4.3848617e-04 -7.7519414e-04  1.0000000e+00  4.5708762e-03
   1.1597592e-02  9.4710803e-03 -1.0313616e-02 -6.3640490e-04]
 [-5.9238221e-03 -7.6130929e-04  4.5708762e-03  1.0000000e+00
   3.5453180e-03  5.3115347e-03 -1.7365815e-02  5.9019402e-03]
 [-8.9454474e-03  6.4133396e-03  1.1597592e-02  3.5453180e-03
   1.0000000e+00  5.3839358e-03 -1.0310923e-02  1.2810720e-02]
 [ 1.2179099e-02  7.1675247e-03  9.4710803e-03  5.3115347e-03
   5.3839358e-03  1.0000000e+00 -1.1181348e-02  8.3753336e-03]
 [-5.6543956e-03 -6.7860419e-03 -1.0313616e-02 -1.7365815e-02
  -1.0310923e-02 -1.1181348e-02  1.0000000e+00 -4.4041879e-02]
 [ 1.0215883e-02  1.4130863e-02 -6.3640490e-04  5.9019402e-03
   1.2810720e-02  8.3753336e-03 -4.4041879e-02  1.0000001e+00]]
[2025-11-14 18:29:05,409][src.models.modules.semantic_id.tiger_generation_model][WARNING] - [rank: 0] Failed to stack cross attentions: stack expects each tensor to be equal size, but got [32, 6, 135] at entry 0 and [32, 6, 2, 135] at entry 1
[2025-11-14 18:29:05,410][src.models.modules.semantic_id.tiger_generation_model][WARNING] - [rank: 0]   Hierarchy 0 shape: torch.Size([32, 6, 135])
[2025-11-14 18:29:05,410][src.models.modules.semantic_id.tiger_generation_model][WARNING] - [rank: 0]   Hierarchy 1 shape: torch.Size([32, 6, 2, 135])
[2025-11-14 18:29:05,411][src.models.modules.semantic_id.tiger_generation_model][WARNING] - [rank: 0]   Hierarchy 2 shape: torch.Size([32, 6, 135])
[2025-11-14 18:29:05,411][src.models.modules.semantic_id.tiger_generation_model][WARNING] - [rank: 0]   Hierarchy 3 shape: torch.Size([32, 6, 135])
[2025-11-14 18:29:05,419][src.models.modules.semantic_id.tiger_generation_model][WARNING] - [rank: 0]   Hierarchy 4 shape: torch.Size([32, 6, 135])
[2025-11-14 18:29:05,419][src.models.modules.semantic_id.tiger_generation_model][WARNING] - [rank: 0]   Hierarchy 5 shape: torch.Size([32, 6, 135])
[2025-11-14 18:29:05,420][src.models.modules.semantic_id.tiger_generation_model][WARNING] - [rank: 0]   Hierarchy 6 shape: torch.Size([32, 6, 135])
[2025-11-14 18:29:05,420][src.models.modules.semantic_id.tiger_generation_model][WARNING] - [rank: 0]   Hierarchy 7 shape: torch.Size([32, 6, 135])
[2025-11-14 18:29:06,174][src.models.modules.semantic_id.tiger_generation_model][INFO] - [rank: 0] Saved decoder self-attention to ./attention_weights/decoder_self_attention_batch_60.pt
[2025-11-14 18:29:06,174][src.models.modules.semantic_id.tiger_generation_model][INFO] - [rank: 0] Saved encoder attention to ./attention_weights/encoder_attention_batch_60.pt
[2025-11-14 18:29:06,175][src.models.modules.semantic_id.tiger_generation_model][INFO] - [rank: 0] Saved cross attention to ./attention_weights/cross_attention_batch_60.pt
[2025-11-14 18:29:06,181][src.models.modules.semantic_id.tiger_generation_model][INFO] - [rank: 0] 当前batch的生成语义ID Embedding相似度矩阵:
[[ 1.          0.00290242 -0.04171513  0.00981122 -0.0225982  -0.01552197
  -0.01766412 -0.01433537]
 [ 0.00290242  1.         -0.01129624 -0.00694975  0.01988425  0.01812002
   0.0148513  -0.00266173]
 [-0.04171513 -0.01129624  1.          0.01338141  0.00499513  0.00625474
   0.00682474  0.02821576]
 [ 0.00981122 -0.00694975  0.01338141  1.         -0.02831646  0.01086936
  -0.00696662  0.00525369]
 [-0.0225982   0.01988425  0.00499513 -0.02831646  1.          0.01172648
  -0.0040583  -0.00834866]
 [-0.01552197  0.01812002  0.00625474  0.01086936  0.01172648  1.
  -0.01878636 -0.01984163]
 [-0.01766412  0.0148513   0.00682474 -0.00696662 -0.0040583  -0.01878636
   1.         -0.02666708]
 [-0.01433537 -0.00266173  0.02821576  0.00525369 -0.00834866 -0.01984163
  -0.02666708  1.0000001 ]]
[2025-11-14 18:29:06,281][src.models.modules.semantic_id.tiger_generation_model][INFO] - [rank: 0] 当前batch的输入Item Hierarchy Embedding相似度矩阵:
[[ 1.0000000e+00  2.1454083e-02  1.5527927e-02  2.3715915e-03
  -4.2784065e-03  7.1935747e-03  1.4664313e-03 -7.0178420e-03]
 [ 2.1454083e-02  1.0000000e+00 -8.7489625e-03  2.4083501e-03
   4.0231445e-03  1.6927563e-03 -1.1025544e-02  2.2777040e-02]
 [ 1.5527927e-02 -8.7489625e-03  1.0000000e+00  5.8870618e-03
   2.4973215e-03  2.3901884e-03  3.4863329e-03 -1.1697210e-03]
 [ 2.3715915e-03  2.4083501e-03  5.8870618e-03  1.0000000e+00
  -6.7207017e-03  5.5425684e-03 -2.2441950e-03  1.7506374e-02]
 [-4.2784065e-03  4.0231445e-03  2.4973215e-03 -6.7207017e-03
   1.0000000e+00  6.1659222e-05 -2.1088026e-02  2.4594897e-02]
 [ 7.1935747e-03  1.6927563e-03  2.3901884e-03  5.5425684e-03
   6.1659222e-05  1.0000000e+00  1.1760984e-02 -2.5359521e-02]
 [ 1.4664313e-03 -1.1025544e-02  3.4863329e-03 -2.2441950e-03
  -2.1088026e-02  1.1760984e-02  1.0000000e+00 -2.7327986e-02]
 [-7.0178420e-03  2.2777040e-02 -1.1697210e-03  1.7506374e-02
   2.4594897e-02 -2.5359521e-02 -2.7327986e-02  1.0000001e+00]]
[2025-11-14 18:29:07,423][src.models.modules.semantic_id.tiger_generation_model][WARNING] - [rank: 0] Failed to stack cross attentions: stack expects each tensor to be equal size, but got [32, 6, 135] at entry 0 and [32, 6, 2, 135] at entry 1
[2025-11-14 18:29:07,423][src.models.modules.semantic_id.tiger_generation_model][WARNING] - [rank: 0]   Hierarchy 0 shape: torch.Size([32, 6, 135])
[2025-11-14 18:29:07,423][src.models.modules.semantic_id.tiger_generation_model][WARNING] - [rank: 0]   Hierarchy 1 shape: torch.Size([32, 6, 2, 135])
[2025-11-14 18:29:07,424][src.models.modules.semantic_id.tiger_generation_model][WARNING] - [rank: 0]   Hierarchy 2 shape: torch.Size([32, 6, 135])
[2025-11-14 18:29:07,424][src.models.modules.semantic_id.tiger_generation_model][WARNING] - [rank: 0]   Hierarchy 3 shape: torch.Size([32, 6, 135])
[2025-11-14 18:29:07,424][src.models.modules.semantic_id.tiger_generation_model][WARNING] - [rank: 0]   Hierarchy 4 shape: torch.Size([32, 6, 135])
[2025-11-14 18:29:07,424][src.models.modules.semantic_id.tiger_generation_model][WARNING] - [rank: 0]   Hierarchy 5 shape: torch.Size([32, 6, 135])
[2025-11-14 18:29:07,424][src.models.modules.semantic_id.tiger_generation_model][WARNING] - [rank: 0]   Hierarchy 6 shape: torch.Size([32, 6, 135])
[2025-11-14 18:29:07,424][src.models.modules.semantic_id.tiger_generation_model][WARNING] - [rank: 0]   Hierarchy 7 shape: torch.Size([32, 6, 135])
[2025-11-14 18:29:07,824][src.models.modules.semantic_id.tiger_generation_model][INFO] - [rank: 0] Saved decoder self-attention to ./attention_weights/decoder_self_attention_batch_61.pt
[2025-11-14 18:29:07,825][src.models.modules.semantic_id.tiger_generation_model][INFO] - [rank: 0] Saved encoder attention to ./attention_weights/encoder_attention_batch_61.pt
[2025-11-14 18:29:07,825][src.models.modules.semantic_id.tiger_generation_model][INFO] - [rank: 0] Saved cross attention to ./attention_weights/cross_attention_batch_61.pt
[2025-11-14 18:29:07,831][src.models.modules.semantic_id.tiger_generation_model][INFO] - [rank: 0] 当前batch的生成语义ID Embedding相似度矩阵:
[[ 1.0000000e+00  2.0253485e-02 -2.2011027e-03  4.3657767e-03
  -2.3446193e-02  8.0369618e-03 -9.4354730e-03  3.2131799e-02]
 [ 2.0253485e-02  1.0000000e+00  1.6813640e-02  1.4169577e-02
  -1.9781191e-02 -1.3653926e-02 -1.1916975e-02  2.6653728e-02]
 [-2.2011027e-03  1.6813640e-02  1.0000000e+00  1.8213235e-03
   1.8523680e-04 -8.8742319e-03 -2.3215944e-02  2.3307212e-02]
 [ 4.3657767e-03  1.4169577e-02  1.8213235e-03  1.0000000e+00
   3.4572936e-03  1.5759114e-02  2.7073412e-03  2.1060284e-02]
 [-2.3446193e-02 -1.9781191e-02  1.8523680e-04  3.4572936e-03
   1.0000001e+00  6.9959834e-04  9.4190268e-03 -2.5059815e-02]
 [ 8.0369618e-03 -1.3653926e-02 -8.8742319e-03  1.5759114e-02
   6.9959834e-04  1.0000000e+00 -5.5685356e-02  2.9328496e-03]
 [-9.4354730e-03 -1.1916975e-02 -2.3215944e-02  2.7073412e-03
   9.4190268e-03 -5.5685356e-02  1.0000000e+00 -2.6961677e-02]
 [ 3.2131799e-02  2.6653728e-02  2.3307212e-02  2.1060284e-02
  -2.5059815e-02  2.9328496e-03 -2.6961677e-02  1.0000001e+00]]
[2025-11-14 18:29:08,265][src.models.modules.semantic_id.tiger_generation_model][INFO] - [rank: 0] 当前batch的输入Item Hierarchy Embedding相似度矩阵:
[[ 1.00000000e+00  7.07050087e-03  4.91043180e-03  3.38414800e-03
   4.50039096e-03 -5.58720529e-03 -6.28171768e-03  7.79351965e-03]
 [ 7.07050087e-03  1.00000000e+00  1.16198445e-02 -3.62182129e-03
   4.75415541e-03  7.55337533e-03 -1.07295262e-02  4.12190333e-03]
 [ 4.91043180e-03  1.16198445e-02  1.00000000e+00 -4.63153562e-03
   3.06651555e-03 -9.08538990e-04 -1.07931718e-02  4.07719053e-03]
 [ 3.38414800e-03 -3.62182129e-03 -4.63153562e-03  1.00000000e+00
   7.81312212e-03  5.29501401e-03 -8.22735578e-03  1.47963082e-02]
 [ 4.50039096e-03  4.75415541e-03  3.06651555e-03  7.81312212e-03
   1.00000000e+00  3.02192126e-03  1.20238656e-04  2.04030294e-02]
 [-5.58720529e-03  7.55337533e-03 -9.08538990e-04  5.29501401e-03
   3.02192126e-03  1.00000000e+00 -6.81241695e-03  1.38020003e-02]
 [-6.28171768e-03 -1.07295262e-02 -1.07931718e-02 -8.22735578e-03
   1.20238656e-04 -6.81241695e-03  1.00000000e+00 -4.73300703e-02]
 [ 7.79351965e-03  4.12190333e-03  4.07719053e-03  1.47963082e-02
   2.04030294e-02  1.38020003e-02 -4.73300703e-02  1.00000012e+00]]
[2025-11-14 18:29:09,467][src.models.modules.semantic_id.tiger_generation_model][WARNING] - [rank: 0] Failed to stack cross attentions: stack expects each tensor to be equal size, but got [32, 6, 135] at entry 0 and [32, 6, 2, 135] at entry 1
[2025-11-14 18:29:09,468][src.models.modules.semantic_id.tiger_generation_model][WARNING] - [rank: 0]   Hierarchy 0 shape: torch.Size([32, 6, 135])
[2025-11-14 18:29:09,469][src.models.modules.semantic_id.tiger_generation_model][WARNING] - [rank: 0]   Hierarchy 1 shape: torch.Size([32, 6, 2, 135])
[2025-11-14 18:29:09,469][src.models.modules.semantic_id.tiger_generation_model][WARNING] - [rank: 0]   Hierarchy 2 shape: torch.Size([32, 6, 135])
[2025-11-14 18:29:09,470][src.models.modules.semantic_id.tiger_generation_model][WARNING] - [rank: 0]   Hierarchy 3 shape: torch.Size([32, 6, 135])
[2025-11-14 18:29:09,470][src.models.modules.semantic_id.tiger_generation_model][WARNING] - [rank: 0]   Hierarchy 4 shape: torch.Size([32, 6, 135])
[2025-11-14 18:29:09,470][src.models.modules.semantic_id.tiger_generation_model][WARNING] - [rank: 0]   Hierarchy 5 shape: torch.Size([32, 6, 135])
[2025-11-14 18:29:09,470][src.models.modules.semantic_id.tiger_generation_model][WARNING] - [rank: 0]   Hierarchy 6 shape: torch.Size([32, 6, 135])
[2025-11-14 18:29:09,470][src.models.modules.semantic_id.tiger_generation_model][WARNING] - [rank: 0]   Hierarchy 7 shape: torch.Size([32, 6, 135])
[2025-11-14 18:29:09,747][src.models.modules.semantic_id.tiger_generation_model][INFO] - [rank: 0] Saved decoder self-attention to ./attention_weights/decoder_self_attention_batch_62.pt
[2025-11-14 18:29:09,747][src.models.modules.semantic_id.tiger_generation_model][INFO] - [rank: 0] Saved encoder attention to ./attention_weights/encoder_attention_batch_62.pt
[2025-11-14 18:29:09,747][src.models.modules.semantic_id.tiger_generation_model][INFO] - [rank: 0] Saved cross attention to ./attention_weights/cross_attention_batch_62.pt
[2025-11-14 18:29:09,754][src.models.modules.semantic_id.tiger_generation_model][INFO] - [rank: 0] 当前batch的生成语义ID Embedding相似度矩阵:
[[ 1.00000000e+00  9.32491757e-03 -1.21840853e-02  3.10431002e-03
   5.96884405e-03 -2.07542777e-02 -2.54973024e-02  6.29855553e-03]
 [ 9.32491757e-03  1.00000000e+00 -1.11707747e-02 -5.26230317e-04
   2.08775681e-02  1.01657566e-02  1.23953940e-02  1.79927330e-02]
 [-1.21840853e-02 -1.11707747e-02  1.00000000e+00  1.86090842e-02
  -1.81054287e-02  8.44146125e-05  1.48776388e-02 -1.50137451e-02]
 [ 3.10431002e-03 -5.26230317e-04  1.86090842e-02  1.00000000e+00
  -2.84284130e-02  1.23850405e-02  1.24695506e-02  1.71431154e-02]
 [ 5.96884405e-03  2.08775681e-02 -1.81054287e-02 -2.84284130e-02
   1.00000000e+00  7.59712560e-03 -1.84928756e-02  1.51785091e-02]
 [-2.07542777e-02  1.01657566e-02  8.44146125e-05  1.23850405e-02
   7.59712560e-03  1.00000000e+00 -3.03396787e-02  1.54176084e-02]
 [-2.54973024e-02  1.23953940e-02  1.48776388e-02  1.24695506e-02
  -1.84928756e-02 -3.03396787e-02  1.00000000e+00 -2.15583015e-02]
 [ 6.29855553e-03  1.79927330e-02 -1.50137451e-02  1.71431154e-02
   1.51785091e-02  1.54176084e-02 -2.15583015e-02  1.00000012e+00]]
[2025-11-14 18:29:09,897][src.models.modules.semantic_id.tiger_generation_model][INFO] - [rank: 0] 当前batch的输入Item Hierarchy Embedding相似度矩阵:
[[ 1.          0.00287865 -0.01985603  0.00520018 -0.01156028 -0.00178546
   0.00922055  0.00313751]
 [ 0.00287865  1.          0.01156172  0.00271732  0.01376551 -0.00520037
   0.00514243  0.0119762 ]
 [-0.01985603  0.01156172  1.          0.00112895  0.01349443  0.00378671
  -0.00982587  0.00426572]
 [ 0.00520018  0.00271732  0.00112895  1.         -0.0230603   0.00225369
  -0.01013636  0.01484422]
 [-0.01156028  0.01376551  0.01349443 -0.0230603   1.          0.00116898
  -0.00733782  0.04002308]
 [-0.00178546 -0.00520037  0.00378671  0.00225369  0.00116898  1.
   0.00592781 -0.00760192]
 [ 0.00922055  0.00514243 -0.00982587 -0.01013636 -0.00733782  0.00592781
   1.         -0.03774708]
 [ 0.00313751  0.0119762   0.00426572  0.01484422  0.04002308 -0.00760192
  -0.03774708  1.0000001 ]]
[2025-11-14 18:29:10,734][src.models.modules.semantic_id.tiger_generation_model][WARNING] - [rank: 0] Failed to stack cross attentions: stack expects each tensor to be equal size, but got [32, 6, 135] at entry 0 and [32, 6, 2, 135] at entry 1
[2025-11-14 18:29:10,735][src.models.modules.semantic_id.tiger_generation_model][WARNING] - [rank: 0]   Hierarchy 0 shape: torch.Size([32, 6, 135])
[2025-11-14 18:29:10,735][src.models.modules.semantic_id.tiger_generation_model][WARNING] - [rank: 0]   Hierarchy 1 shape: torch.Size([32, 6, 2, 135])
[2025-11-14 18:29:10,735][src.models.modules.semantic_id.tiger_generation_model][WARNING] - [rank: 0]   Hierarchy 2 shape: torch.Size([32, 6, 135])
[2025-11-14 18:29:10,736][src.models.modules.semantic_id.tiger_generation_model][WARNING] - [rank: 0]   Hierarchy 3 shape: torch.Size([32, 6, 135])
[2025-11-14 18:29:10,736][src.models.modules.semantic_id.tiger_generation_model][WARNING] - [rank: 0]   Hierarchy 4 shape: torch.Size([32, 6, 135])
[2025-11-14 18:29:10,736][src.models.modules.semantic_id.tiger_generation_model][WARNING] - [rank: 0]   Hierarchy 5 shape: torch.Size([32, 6, 135])
[2025-11-14 18:29:10,736][src.models.modules.semantic_id.tiger_generation_model][WARNING] - [rank: 0]   Hierarchy 6 shape: torch.Size([32, 6, 135])
[2025-11-14 18:29:10,736][src.models.modules.semantic_id.tiger_generation_model][WARNING] - [rank: 0]   Hierarchy 7 shape: torch.Size([32, 6, 135])
[2025-11-14 18:29:11,344][src.models.modules.semantic_id.tiger_generation_model][INFO] - [rank: 0] Saved decoder self-attention to ./attention_weights/decoder_self_attention_batch_63.pt
[2025-11-14 18:29:11,345][src.models.modules.semantic_id.tiger_generation_model][INFO] - [rank: 0] Saved encoder attention to ./attention_weights/encoder_attention_batch_63.pt
[2025-11-14 18:29:11,345][src.models.modules.semantic_id.tiger_generation_model][INFO] - [rank: 0] Saved cross attention to ./attention_weights/cross_attention_batch_63.pt
[2025-11-14 18:29:11,350][src.models.modules.semantic_id.tiger_generation_model][INFO] - [rank: 0] 当前batch的生成语义ID Embedding相似度矩阵:
[[ 1.0000000e+00  4.7372192e-02 -1.2710131e-02  2.7821288e-02
  -2.4519864e-02  1.0006915e-02  1.5124509e-02  1.3852820e-02]
 [ 4.7372192e-02  1.0000000e+00 -3.6438012e-03  4.8353512e-02
   2.3481146e-02  2.9831991e-02  1.5333844e-03 -2.7595568e-02]
 [-1.2710131e-02 -3.6438012e-03  1.0000000e+00 -2.8853128e-03
  -8.9526717e-03  3.9691411e-02 -1.1799668e-02  2.4906361e-02]
 [ 2.7821288e-02  4.8353512e-02 -2.8853128e-03  9.9999994e-01
   1.7404661e-02 -3.5552736e-03  3.8547255e-03  9.2096999e-03]
 [-2.4519864e-02  2.3481146e-02 -8.9526717e-03  1.7404661e-02
   1.0000000e+00 -4.5696277e-02 -3.1305492e-02 -3.0996017e-02]
 [ 1.0006915e-02  2.9831991e-02  3.9691411e-02 -3.5552736e-03
  -4.5696277e-02  1.0000000e+00 -4.7388382e-02  5.6076981e-04]
 [ 1.5124509e-02  1.5333844e-03 -1.1799668e-02  3.8547255e-03
  -3.1305492e-02 -4.7388382e-02  1.0000000e+00 -7.0405914e-03]
 [ 1.3852820e-02 -2.7595568e-02  2.4906361e-02  9.2096999e-03
  -3.0996017e-02  5.6076981e-04 -7.0405914e-03  1.0000001e+00]]
[2025-11-14 18:29:11,467][src.models.modules.semantic_id.tiger_generation_model][INFO] - [rank: 0] 当前batch的输入Item Hierarchy Embedding相似度矩阵:
[[ 1.0000000e+00 -8.3385808e-03 -4.7209212e-03  1.4777815e-02
  -3.6997667e-03  2.2641936e-02  1.2512226e-04  9.4450563e-03]
 [-8.3385808e-03  1.0000000e+00 -1.3754320e-02  7.1233548e-03
  -3.5638614e-03 -1.5968595e-03  7.1059261e-03 -7.7053336e-03]
 [-4.7209212e-03 -1.3754320e-02  1.0000000e+00  7.0029120e-03
  -9.8468328e-04  1.7805072e-02 -6.1520338e-03  3.0225762e-03]
 [ 1.4777815e-02  7.1233548e-03  7.0029120e-03  1.0000000e+00
  -1.5837131e-02 -1.4155492e-02  6.8482193e-03  5.5620307e-03]
 [-3.6997667e-03 -3.5638614e-03 -9.8468328e-04 -1.5837131e-02
   1.0000000e+00 -6.6718215e-04 -1.3542841e-03  1.3526889e-03]
 [ 2.2641936e-02 -1.5968595e-03  1.7805072e-02 -1.4155492e-02
  -6.6718215e-04  1.0000000e+00 -5.1415432e-03  5.5228961e-03]
 [ 1.2512226e-04  7.1059261e-03 -6.1520338e-03  6.8482193e-03
  -1.3542841e-03 -5.1415432e-03  1.0000000e+00 -4.2525873e-02]
 [ 9.4450563e-03 -7.7053336e-03  3.0225762e-03  5.5620307e-03
   1.3526889e-03  5.5228961e-03 -4.2525873e-02  1.0000001e+00]]
[2025-11-14 18:29:12,483][src.models.modules.semantic_id.tiger_generation_model][WARNING] - [rank: 0] Failed to stack cross attentions: stack expects each tensor to be equal size, but got [32, 6, 135] at entry 0 and [32, 6, 2, 135] at entry 1
[2025-11-14 18:29:12,484][src.models.modules.semantic_id.tiger_generation_model][WARNING] - [rank: 0]   Hierarchy 0 shape: torch.Size([32, 6, 135])
[2025-11-14 18:29:12,484][src.models.modules.semantic_id.tiger_generation_model][WARNING] - [rank: 0]   Hierarchy 1 shape: torch.Size([32, 6, 2, 135])
[2025-11-14 18:29:12,484][src.models.modules.semantic_id.tiger_generation_model][WARNING] - [rank: 0]   Hierarchy 2 shape: torch.Size([32, 6, 135])
[2025-11-14 18:29:12,484][src.models.modules.semantic_id.tiger_generation_model][WARNING] - [rank: 0]   Hierarchy 3 shape: torch.Size([32, 6, 135])
[2025-11-14 18:29:12,485][src.models.modules.semantic_id.tiger_generation_model][WARNING] - [rank: 0]   Hierarchy 4 shape: torch.Size([32, 6, 135])
[2025-11-14 18:29:12,485][src.models.modules.semantic_id.tiger_generation_model][WARNING] - [rank: 0]   Hierarchy 5 shape: torch.Size([32, 6, 135])
[2025-11-14 18:29:12,485][src.models.modules.semantic_id.tiger_generation_model][WARNING] - [rank: 0]   Hierarchy 6 shape: torch.Size([32, 6, 135])
[2025-11-14 18:29:12,485][src.models.modules.semantic_id.tiger_generation_model][WARNING] - [rank: 0]   Hierarchy 7 shape: torch.Size([32, 6, 135])
[2025-11-14 18:29:12,869][src.models.modules.semantic_id.tiger_generation_model][INFO] - [rank: 0] Saved decoder self-attention to ./attention_weights/decoder_self_attention_batch_64.pt
[2025-11-14 18:29:12,870][src.models.modules.semantic_id.tiger_generation_model][INFO] - [rank: 0] Saved encoder attention to ./attention_weights/encoder_attention_batch_64.pt
[2025-11-14 18:29:12,870][src.models.modules.semantic_id.tiger_generation_model][INFO] - [rank: 0] Saved cross attention to ./attention_weights/cross_attention_batch_64.pt
[2025-11-14 18:29:12,876][src.models.modules.semantic_id.tiger_generation_model][INFO] - [rank: 0] 当前batch的生成语义ID Embedding相似度矩阵:
[[ 1.          0.02858628 -0.0161373   0.02378097 -0.02752183  0.01208264
   0.01591573  0.01299424]
 [ 0.02858628  1.         -0.00226485  0.03027896  0.01957379  0.00774755
   0.02450715 -0.01863475]
 [-0.0161373  -0.00226485  1.          0.01042794  0.00501709  0.03066279
  -0.00622034  0.0151899 ]
 [ 0.02378097  0.03027896  0.01042794  1.          0.00228037 -0.00443836
   0.00234174  0.01053626]
 [-0.02752183  0.01957379  0.00501709  0.00228037  1.         -0.03761375
  -0.0310053  -0.04744439]
 [ 0.01208264  0.00774755  0.03066279 -0.00443836 -0.03761375  1.
  -0.02070228  0.00555285]
 [ 0.01591573  0.02450715 -0.00622034  0.00234174 -0.0310053  -0.02070228
   1.         -0.00876048]
 [ 0.01299424 -0.01863475  0.0151899   0.01053626 -0.04744439  0.00555285
  -0.00876048  1.0000001 ]]
[2025-11-14 18:29:13,051][src.models.modules.semantic_id.tiger_generation_model][INFO] - [rank: 0] 当前batch的输入Item Hierarchy Embedding相似度矩阵:
[[ 1.         -0.01011192 -0.00234289 -0.00938318  0.00344796  0.00651195
   0.00694867 -0.00152469]
 [-0.01011192  1.          0.01227893  0.00150284  0.00387843 -0.00646982
  -0.00305927  0.00546477]
 [-0.00234289  0.01227893  1.         -0.00807302  0.00963312  0.00527313
  -0.00480113  0.0016093 ]
 [-0.00938318  0.00150284 -0.00807302  1.          0.00605312 -0.00299188
   0.00635864 -0.00571524]
 [ 0.00344796  0.00387843  0.00963312  0.00605312  1.         -0.00443215
  -0.00716354  0.01406229]
 [ 0.00651195 -0.00646982  0.00527313 -0.00299188 -0.00443215  1.
  -0.01062521  0.02184981]
 [ 0.00694867 -0.00305927 -0.00480113  0.00635864 -0.00716354 -0.01062521
   1.         -0.04136646]
 [-0.00152469  0.00546477  0.0016093  -0.00571524  0.01406229  0.02184981
  -0.04136646  1.0000001 ]]
[2025-11-14 18:29:13,708][src.models.modules.semantic_id.tiger_generation_model][WARNING] - [rank: 0] Failed to stack cross attentions: stack expects each tensor to be equal size, but got [32, 6, 135] at entry 0 and [32, 6, 2, 135] at entry 1
[2025-11-14 18:29:13,708][src.models.modules.semantic_id.tiger_generation_model][WARNING] - [rank: 0]   Hierarchy 0 shape: torch.Size([32, 6, 135])
[2025-11-14 18:29:13,708][src.models.modules.semantic_id.tiger_generation_model][WARNING] - [rank: 0]   Hierarchy 1 shape: torch.Size([32, 6, 2, 135])
[2025-11-14 18:29:13,709][src.models.modules.semantic_id.tiger_generation_model][WARNING] - [rank: 0]   Hierarchy 2 shape: torch.Size([32, 6, 135])
[2025-11-14 18:29:13,709][src.models.modules.semantic_id.tiger_generation_model][WARNING] - [rank: 0]   Hierarchy 3 shape: torch.Size([32, 6, 135])
[2025-11-14 18:29:13,709][src.models.modules.semantic_id.tiger_generation_model][WARNING] - [rank: 0]   Hierarchy 4 shape: torch.Size([32, 6, 135])
[2025-11-14 18:29:13,709][src.models.modules.semantic_id.tiger_generation_model][WARNING] - [rank: 0]   Hierarchy 5 shape: torch.Size([32, 6, 135])
[2025-11-14 18:29:13,709][src.models.modules.semantic_id.tiger_generation_model][WARNING] - [rank: 0]   Hierarchy 6 shape: torch.Size([32, 6, 135])
[2025-11-14 18:29:13,710][src.models.modules.semantic_id.tiger_generation_model][WARNING] - [rank: 0]   Hierarchy 7 shape: torch.Size([32, 6, 135])
[2025-11-14 18:29:13,945][src.models.modules.semantic_id.tiger_generation_model][INFO] - [rank: 0] Saved decoder self-attention to ./attention_weights/decoder_self_attention_batch_65.pt
[2025-11-14 18:29:13,946][src.models.modules.semantic_id.tiger_generation_model][INFO] - [rank: 0] Saved encoder attention to ./attention_weights/encoder_attention_batch_65.pt
[2025-11-14 18:29:13,946][src.models.modules.semantic_id.tiger_generation_model][INFO] - [rank: 0] Saved cross attention to ./attention_weights/cross_attention_batch_65.pt
[2025-11-14 18:29:13,954][src.models.modules.semantic_id.tiger_generation_model][INFO] - [rank: 0] 当前batch的生成语义ID Embedding相似度矩阵:
[[ 1.0000000e+00  2.9563116e-02 -1.3699602e-02  2.2497326e-02
  -1.5982185e-02 -2.6518036e-02 -1.3545070e-02  1.2181595e-03]
 [ 2.9563116e-02  9.9999994e-01  6.5930351e-03  1.6141744e-02
   2.3265995e-02  1.4782327e-02  7.8536477e-04 -4.5550773e-03]
 [-1.3699602e-02  6.5930351e-03  1.0000000e+00  2.0605803e-02
  -1.6341308e-02  5.0334600e-03 -4.9101608e-03  2.5315445e-02]
 [ 2.2497326e-02  1.6141744e-02  2.0605803e-02  1.0000000e+00
  -5.8507174e-03  2.6688296e-03  7.6268677e-04  2.1255150e-02]
 [-1.5982185e-02  2.3265995e-02 -1.6341308e-02 -5.8507174e-03
   1.0000000e+00 -1.4008640e-02 -7.4859704e-03 -1.8978093e-02]
 [-2.6518036e-02  1.4782327e-02  5.0334600e-03  2.6688296e-03
  -1.4008640e-02  1.0000000e+00 -1.4424717e-02  1.5291998e-02]
 [-1.3545070e-02  7.8536477e-04 -4.9101608e-03  7.6268677e-04
  -7.4859704e-03 -1.4424717e-02  1.0000000e+00 -1.3194034e-02]
 [ 1.2181595e-03 -4.5550773e-03  2.5315445e-02  2.1255150e-02
  -1.8978093e-02  1.5291998e-02 -1.3194034e-02  1.0000001e+00]]
[2025-11-14 18:29:14,245][src.models.modules.semantic_id.tiger_generation_model][INFO] - [rank: 0] 当前batch的输入Item Hierarchy Embedding相似度矩阵:
[[ 1.0000000e+00  1.3350097e-02 -4.1154698e-03  6.4352355e-03
  -1.4737635e-02 -5.3773145e-04  1.5830800e-02  2.2197170e-03]
 [ 1.3350097e-02  1.0000000e+00  2.9912086e-02  8.2213880e-04
  -2.2416664e-03 -6.1362758e-03  6.1263056e-03  2.1811796e-03]
 [-4.1154698e-03  2.9912086e-02  1.0000000e+00 -1.9814966e-03
   1.2317242e-02  6.2417728e-03 -3.5014877e-03  7.2966749e-03]
 [ 6.4352355e-03  8.2213880e-04 -1.9814966e-03  1.0000000e+00
  -4.5480849e-03  1.7469171e-03  3.0430548e-03 -7.6154927e-03]
 [-1.4737635e-02 -2.2416664e-03  1.2317242e-02 -4.5480849e-03
   1.0000000e+00  4.7163715e-04 -4.5498949e-03  1.3343312e-02]
 [-5.3773145e-04 -6.1362758e-03  6.2417728e-03  1.7469171e-03
   4.7163715e-04  1.0000000e+00  1.1719704e-03  1.2950484e-02]
 [ 1.5830800e-02  6.1263056e-03 -3.5014877e-03  3.0430548e-03
  -4.5498949e-03  1.1719704e-03  1.0000000e+00 -3.5461169e-02]
 [ 2.2197170e-03  2.1811796e-03  7.2966749e-03 -7.6154927e-03
   1.3343312e-02  1.2950484e-02 -3.5461169e-02  1.0000001e+00]]
[2025-11-14 18:29:15,152][src.models.modules.semantic_id.tiger_generation_model][WARNING] - [rank: 0] Failed to stack cross attentions: stack expects each tensor to be equal size, but got [32, 6, 135] at entry 0 and [32, 6, 2, 135] at entry 1
[2025-11-14 18:29:15,153][src.models.modules.semantic_id.tiger_generation_model][WARNING] - [rank: 0]   Hierarchy 0 shape: torch.Size([32, 6, 135])
[2025-11-14 18:29:15,153][src.models.modules.semantic_id.tiger_generation_model][WARNING] - [rank: 0]   Hierarchy 1 shape: torch.Size([32, 6, 2, 135])
[2025-11-14 18:29:15,153][src.models.modules.semantic_id.tiger_generation_model][WARNING] - [rank: 0]   Hierarchy 2 shape: torch.Size([32, 6, 135])
[2025-11-14 18:29:15,153][src.models.modules.semantic_id.tiger_generation_model][WARNING] - [rank: 0]   Hierarchy 3 shape: torch.Size([32, 6, 135])
[2025-11-14 18:29:15,154][src.models.modules.semantic_id.tiger_generation_model][WARNING] - [rank: 0]   Hierarchy 4 shape: torch.Size([32, 6, 135])
[2025-11-14 18:29:15,154][src.models.modules.semantic_id.tiger_generation_model][WARNING] - [rank: 0]   Hierarchy 5 shape: torch.Size([32, 6, 135])
[2025-11-14 18:29:15,154][src.models.modules.semantic_id.tiger_generation_model][WARNING] - [rank: 0]   Hierarchy 6 shape: torch.Size([32, 6, 135])
[2025-11-14 18:29:15,154][src.models.modules.semantic_id.tiger_generation_model][WARNING] - [rank: 0]   Hierarchy 7 shape: torch.Size([32, 6, 135])
[2025-11-14 18:29:15,763][src.models.modules.semantic_id.tiger_generation_model][INFO] - [rank: 0] Saved decoder self-attention to ./attention_weights/decoder_self_attention_batch_66.pt
[2025-11-14 18:29:15,764][src.models.modules.semantic_id.tiger_generation_model][INFO] - [rank: 0] Saved encoder attention to ./attention_weights/encoder_attention_batch_66.pt
[2025-11-14 18:29:15,764][src.models.modules.semantic_id.tiger_generation_model][INFO] - [rank: 0] Saved cross attention to ./attention_weights/cross_attention_batch_66.pt
[2025-11-14 18:29:15,770][src.models.modules.semantic_id.tiger_generation_model][INFO] - [rank: 0] 当前batch的生成语义ID Embedding相似度矩阵:
[[ 1.0000000e+00  1.4608703e-04 -1.7427174e-02  4.2842105e-03
  -2.5576446e-02 -2.7999934e-02  9.4783502e-03  8.0637354e-03]
 [ 1.4608703e-04  9.9999994e-01  1.2882925e-03  6.8425788e-03
   1.3454830e-02  1.6082438e-02 -4.7268914e-03  1.3724322e-02]
 [-1.7427174e-02  1.2882925e-03  1.0000000e+00  2.9646191e-03
  -2.1681100e-02  1.9798566e-02 -1.3437588e-04  4.1163047e-03]
 [ 4.2842105e-03  6.8425788e-03  2.9646191e-03  1.0000000e+00
  -4.0643290e-04  7.1220845e-04  4.3163700e-03  4.5491219e-03]
 [-2.5576446e-02  1.3454830e-02 -2.1681100e-02 -4.0643290e-04
   1.0000000e+00  2.4263063e-04 -2.2123277e-02 -9.4642136e-03]
 [-2.7999934e-02  1.6082438e-02  1.9798566e-02  7.1220845e-04
   2.4263063e-04  1.0000000e+00 -9.4542149e-03  1.8621758e-02]
 [ 9.4783502e-03 -4.7268914e-03 -1.3437588e-04  4.3163700e-03
  -2.2123277e-02 -9.4542149e-03  1.0000000e+00 -3.5174973e-02]
 [ 8.0637354e-03  1.3724322e-02  4.1163047e-03  4.5491219e-03
  -9.4642136e-03  1.8621758e-02 -3.5174973e-02  1.0000001e+00]]
[2025-11-14 18:29:16,120][src.models.modules.semantic_id.tiger_generation_model][INFO] - [rank: 0] 当前batch的输入Item Hierarchy Embedding相似度矩阵:
[[ 1.          0.01218185 -0.00399206  0.00139784  0.00187139 -0.00706132
  -0.00276772  0.01749733]
 [ 0.01218185  1.         -0.00186307 -0.00277938 -0.01688427 -0.00208048
   0.00744198  0.00440187]
 [-0.00399206 -0.00186307  1.         -0.00226824  0.00471504 -0.00748078
  -0.01749484  0.00864091]
 [ 0.00139784 -0.00277938 -0.00226824  1.          0.02176348  0.00337376
   0.00692723  0.00192982]
 [ 0.00187139 -0.01688427  0.00471504  0.02176348  1.          0.00449076
  -0.02090636  0.01409117]
 [-0.00706132 -0.00208048 -0.00748078  0.00337376  0.00449076  1.
  -0.0206096   0.00460464]
 [-0.00276772  0.00744198 -0.01749484  0.00692723 -0.02090636 -0.0206096
   1.         -0.02225373]
 [ 0.01749733  0.00440187  0.00864091  0.00192982  0.01409117  0.00460464
  -0.02225373  1.0000001 ]]
[2025-11-14 18:29:17,045][src.models.modules.semantic_id.tiger_generation_model][WARNING] - [rank: 0] Failed to stack cross attentions: stack expects each tensor to be equal size, but got [32, 6, 135] at entry 0 and [32, 6, 2, 135] at entry 1
[2025-11-14 18:29:17,046][src.models.modules.semantic_id.tiger_generation_model][WARNING] - [rank: 0]   Hierarchy 0 shape: torch.Size([32, 6, 135])
[2025-11-14 18:29:17,046][src.models.modules.semantic_id.tiger_generation_model][WARNING] - [rank: 0]   Hierarchy 1 shape: torch.Size([32, 6, 2, 135])
[2025-11-14 18:29:17,046][src.models.modules.semantic_id.tiger_generation_model][WARNING] - [rank: 0]   Hierarchy 2 shape: torch.Size([32, 6, 135])
[2025-11-14 18:29:17,046][src.models.modules.semantic_id.tiger_generation_model][WARNING] - [rank: 0]   Hierarchy 3 shape: torch.Size([32, 6, 135])
[2025-11-14 18:29:17,047][src.models.modules.semantic_id.tiger_generation_model][WARNING] - [rank: 0]   Hierarchy 4 shape: torch.Size([32, 6, 135])
[2025-11-14 18:29:17,059][src.models.modules.semantic_id.tiger_generation_model][WARNING] - [rank: 0]   Hierarchy 5 shape: torch.Size([32, 6, 135])
[2025-11-14 18:29:17,060][src.models.modules.semantic_id.tiger_generation_model][WARNING] - [rank: 0]   Hierarchy 6 shape: torch.Size([32, 6, 135])
[2025-11-14 18:29:17,060][src.models.modules.semantic_id.tiger_generation_model][WARNING] - [rank: 0]   Hierarchy 7 shape: torch.Size([32, 6, 135])
[2025-11-14 18:29:17,522][src.models.modules.semantic_id.tiger_generation_model][INFO] - [rank: 0] Saved decoder self-attention to ./attention_weights/decoder_self_attention_batch_67.pt
[2025-11-14 18:29:17,531][src.models.modules.semantic_id.tiger_generation_model][INFO] - [rank: 0] Saved encoder attention to ./attention_weights/encoder_attention_batch_67.pt
[2025-11-14 18:29:17,531][src.models.modules.semantic_id.tiger_generation_model][INFO] - [rank: 0] Saved cross attention to ./attention_weights/cross_attention_batch_67.pt
[2025-11-14 18:29:17,563][src.models.modules.semantic_id.tiger_generation_model][INFO] - [rank: 0] 当前batch的生成语义ID Embedding相似度矩阵:
[[ 1.0000000e+00 -1.8536404e-02 -6.8772852e-02 -2.4962973e-02
   2.1571733e-02 -8.4028766e-04 -2.3007208e-02  2.1534238e-02]
 [-1.8536404e-02  1.0000000e+00  4.1215826e-02 -4.1045651e-02
  -1.0234630e-03  3.0220181e-02  4.8680659e-02 -8.3084870e-03]
 [-6.8772852e-02  4.1215826e-02  9.9999994e-01 -1.8228354e-02
  -6.8730392e-02  1.8532965e-02 -1.8592697e-02  1.6263142e-02]
 [-2.4962973e-02 -4.1045651e-02 -1.8228354e-02  1.0000000e+00
   2.4888121e-02  2.7326902e-02 -3.3394326e-02  2.3547981e-02]
 [ 2.1571733e-02 -1.0234630e-03 -6.8730392e-02  2.4888121e-02
   1.0000001e+00 -1.8550036e-03  6.3973255e-03 -3.5085040e-03]
 [-8.4028766e-04  3.0220181e-02  1.8532965e-02  2.7326902e-02
  -1.8550036e-03  1.0000000e+00  1.1945112e-02 -8.2598336e-02]
 [-2.3007208e-02  4.8680659e-02 -1.8592697e-02 -3.3394326e-02
   6.3973255e-03  1.1945112e-02  9.9999994e-01 -5.6727771e-02]
 [ 2.1534238e-02 -8.3084870e-03  1.6263142e-02  2.3547981e-02
  -3.5085040e-03 -8.2598336e-02 -5.6727771e-02  1.0000001e+00]]
[2025-11-14 18:29:17,823][src.models.modules.semantic_id.tiger_generation_model][INFO] - [rank: 0] 当前batch的输入Item Hierarchy Embedding相似度矩阵:
[[ 9.9999994e-01  2.0024192e-02 -1.8156113e-02  8.6686220e-03
  -3.0089579e-05 -1.2685349e-03 -2.9357015e-03  7.9303551e-03]
 [ 2.0024192e-02  9.9999994e-01  7.8959549e-03  3.6072852e-03
  -4.6525393e-03 -2.8960358e-03  3.9564670e-04  2.4996780e-02]
 [-1.8156113e-02  7.8959549e-03  9.9999994e-01  5.7927924e-03
   7.1688378e-03 -7.7986890e-03 -2.5672348e-02  1.2002713e-02]
 [ 8.6686220e-03  3.6072852e-03  5.7927924e-03  9.9999994e-01
   1.8064538e-05  8.2766237e-03 -1.1061490e-02 -7.4257869e-03]
 [-3.0089579e-05 -4.6525393e-03  7.1688378e-03  1.8064538e-05
   9.9999994e-01  3.9928500e-03 -5.9888717e-03  1.4342639e-02]
 [-1.2685349e-03 -2.8960358e-03 -7.7986890e-03  8.2766237e-03
   3.9928500e-03  9.9999994e-01 -1.7016172e-02  5.2806996e-03]
 [-2.9357015e-03  3.9564670e-04 -2.5672348e-02 -1.1061490e-02
  -5.9888717e-03 -1.7016172e-02  9.9999994e-01 -4.8209112e-02]
 [ 7.9303551e-03  2.4996780e-02  1.2002713e-02 -7.4257869e-03
   1.4342639e-02  5.2806996e-03 -4.8209112e-02  1.0000001e+00]]
[2025-11-14 18:29:18,682][src.models.modules.semantic_id.tiger_generation_model][WARNING] - [rank: 0] Failed to stack cross attentions: stack expects each tensor to be equal size, but got [32, 6, 135] at entry 0 and [32, 6, 2, 135] at entry 1
[2025-11-14 18:29:18,683][src.models.modules.semantic_id.tiger_generation_model][WARNING] - [rank: 0]   Hierarchy 0 shape: torch.Size([32, 6, 135])
[2025-11-14 18:29:18,683][src.models.modules.semantic_id.tiger_generation_model][WARNING] - [rank: 0]   Hierarchy 1 shape: torch.Size([32, 6, 2, 135])
[2025-11-14 18:29:18,683][src.models.modules.semantic_id.tiger_generation_model][WARNING] - [rank: 0]   Hierarchy 2 shape: torch.Size([32, 6, 135])
[2025-11-14 18:29:18,683][src.models.modules.semantic_id.tiger_generation_model][WARNING] - [rank: 0]   Hierarchy 3 shape: torch.Size([32, 6, 135])
[2025-11-14 18:29:18,684][src.models.modules.semantic_id.tiger_generation_model][WARNING] - [rank: 0]   Hierarchy 4 shape: torch.Size([32, 6, 135])
[2025-11-14 18:29:18,684][src.models.modules.semantic_id.tiger_generation_model][WARNING] - [rank: 0]   Hierarchy 5 shape: torch.Size([32, 6, 135])
[2025-11-14 18:29:18,684][src.models.modules.semantic_id.tiger_generation_model][WARNING] - [rank: 0]   Hierarchy 6 shape: torch.Size([32, 6, 135])
[2025-11-14 18:29:18,684][src.models.modules.semantic_id.tiger_generation_model][WARNING] - [rank: 0]   Hierarchy 7 shape: torch.Size([32, 6, 135])
[2025-11-14 18:29:19,284][src.models.modules.semantic_id.tiger_generation_model][INFO] - [rank: 0] Saved decoder self-attention to ./attention_weights/decoder_self_attention_batch_68.pt
[2025-11-14 18:29:19,285][src.models.modules.semantic_id.tiger_generation_model][INFO] - [rank: 0] Saved encoder attention to ./attention_weights/encoder_attention_batch_68.pt
[2025-11-14 18:29:19,285][src.models.modules.semantic_id.tiger_generation_model][INFO] - [rank: 0] Saved cross attention to ./attention_weights/cross_attention_batch_68.pt
[2025-11-14 18:29:19,293][src.models.modules.semantic_id.tiger_generation_model][INFO] - [rank: 0] 当前batch的生成语义ID Embedding相似度矩阵:
[[ 1.0000000e+00  3.9321166e-02 -1.2399739e-02  1.8719691e-03
  -1.6520226e-02 -1.8667658e-03  1.7884923e-03  5.6589907e-04]
 [ 3.9321166e-02  1.0000000e+00  1.7565085e-02  2.3583900e-02
   1.5532310e-02  1.0167811e-02  1.1380373e-02 -1.2397025e-02]
 [-1.2399739e-02  1.7565085e-02  1.0000000e+00 -3.3790935e-03
  -2.4440970e-02  3.1436343e-02 -6.1784605e-03  1.6717428e-02]
 [ 1.8719691e-03  2.3583900e-02 -3.3790935e-03  1.0000000e+00
   4.7446098e-03 -3.7485782e-02 -2.3932325e-02  2.7126450e-02]
 [-1.6520226e-02  1.5532310e-02 -2.4440970e-02  4.7446098e-03
   1.0000001e+00 -2.9487882e-02 -1.8123548e-02  1.0834003e-02]
 [-1.8667658e-03  1.0167811e-02  3.1436343e-02 -3.7485782e-02
  -2.9487882e-02  1.0000000e+00 -6.8038530e-03 -4.1076364e-03]
 [ 1.7884923e-03  1.1380373e-02 -6.1784605e-03 -2.3932325e-02
  -1.8123548e-02 -6.8038530e-03  1.0000000e+00 -2.4482986e-02]
 [ 5.6589907e-04 -1.2397025e-02  1.6717428e-02  2.7126450e-02
   1.0834003e-02 -4.1076364e-03 -2.4482986e-02  1.0000001e+00]]
[2025-11-14 18:29:19,599][src.models.modules.semantic_id.tiger_generation_model][INFO] - [rank: 0] 当前batch的输入Item Hierarchy Embedding相似度矩阵:
[[ 1.0000000e+00  6.3912594e-03  1.0952971e-02  8.7515907e-03
   5.8774417e-03 -1.4993657e-03  1.2160514e-03  4.6581496e-03]
 [ 6.3912594e-03  1.0000000e+00  6.2757665e-03  1.2317103e-02
   1.2582476e-02  1.3294601e-02  4.2421980e-05  1.4208238e-04]
 [ 1.0952971e-02  6.2757665e-03  1.0000000e+00  1.8560397e-03
   3.4247534e-03  3.0464737e-03 -1.0551934e-02  1.2167402e-02]
 [ 8.7515907e-03  1.2317103e-02  1.8560397e-03  1.0000000e+00
   5.5311602e-03 -2.9208988e-03 -5.2176295e-03  4.9929847e-03]
 [ 5.8774417e-03  1.2582476e-02  3.4247534e-03  5.5311602e-03
   1.0000000e+00  7.7850185e-03 -1.7782882e-02  1.8496286e-02]
 [-1.4993657e-03  1.3294601e-02  3.0464737e-03 -2.9208988e-03
   7.7850185e-03  1.0000000e+00 -1.7146502e-02  1.8251868e-02]
 [ 1.2160514e-03  4.2421980e-05 -1.0551934e-02 -5.2176295e-03
  -1.7782882e-02 -1.7146502e-02  1.0000000e+00 -4.3364491e-02]
 [ 4.6581496e-03  1.4208238e-04  1.2167402e-02  4.9929847e-03
   1.8496286e-02  1.8251868e-02 -4.3364491e-02  1.0000001e+00]]
[2025-11-14 18:29:20,546][src.models.modules.semantic_id.tiger_generation_model][WARNING] - [rank: 0] Failed to stack cross attentions: stack expects each tensor to be equal size, but got [32, 6, 135] at entry 0 and [32, 6, 2, 135] at entry 1
[2025-11-14 18:29:20,558][src.models.modules.semantic_id.tiger_generation_model][WARNING] - [rank: 0]   Hierarchy 0 shape: torch.Size([32, 6, 135])
[2025-11-14 18:29:20,558][src.models.modules.semantic_id.tiger_generation_model][WARNING] - [rank: 0]   Hierarchy 1 shape: torch.Size([32, 6, 2, 135])
[2025-11-14 18:29:20,558][src.models.modules.semantic_id.tiger_generation_model][WARNING] - [rank: 0]   Hierarchy 2 shape: torch.Size([32, 6, 135])
[2025-11-14 18:29:20,559][src.models.modules.semantic_id.tiger_generation_model][WARNING] - [rank: 0]   Hierarchy 3 shape: torch.Size([32, 6, 135])
[2025-11-14 18:29:20,559][src.models.modules.semantic_id.tiger_generation_model][WARNING] - [rank: 0]   Hierarchy 4 shape: torch.Size([32, 6, 135])
[2025-11-14 18:29:20,559][src.models.modules.semantic_id.tiger_generation_model][WARNING] - [rank: 0]   Hierarchy 5 shape: torch.Size([32, 6, 135])
[2025-11-14 18:29:20,559][src.models.modules.semantic_id.tiger_generation_model][WARNING] - [rank: 0]   Hierarchy 6 shape: torch.Size([32, 6, 135])
[2025-11-14 18:29:20,560][src.models.modules.semantic_id.tiger_generation_model][WARNING] - [rank: 0]   Hierarchy 7 shape: torch.Size([32, 6, 135])
[2025-11-14 18:29:20,994][src.models.modules.semantic_id.tiger_generation_model][INFO] - [rank: 0] Saved decoder self-attention to ./attention_weights/decoder_self_attention_batch_69.pt
[2025-11-14 18:29:20,995][src.models.modules.semantic_id.tiger_generation_model][INFO] - [rank: 0] Saved encoder attention to ./attention_weights/encoder_attention_batch_69.pt
[2025-11-14 18:29:20,995][src.models.modules.semantic_id.tiger_generation_model][INFO] - [rank: 0] Saved cross attention to ./attention_weights/cross_attention_batch_69.pt
[2025-11-14 18:29:21,012][src.models.modules.semantic_id.tiger_generation_model][INFO] - [rank: 0] 当前batch的生成语义ID Embedding相似度矩阵:
[[ 1.          0.04791076  0.01864241 -0.00229529 -0.01481588 -0.02823741
  -0.00501767  0.00689287]
 [ 0.04791076  1.          0.0136849  -0.00309948  0.00564189  0.01946745
   0.01935254 -0.01353379]
 [ 0.01864241  0.0136849   1.          0.02593154  0.00768783  0.02837939
  -0.00588735  0.00815128]
 [-0.00229529 -0.00309948  0.02593154  1.         -0.02610102  0.00785741
  -0.00847012  0.0078565 ]
 [-0.01481588  0.00564189  0.00768783 -0.02610102  1.         -0.01716434
  -0.03927524  0.00747542]
 [-0.02823741  0.01946745  0.02837939  0.00785741 -0.01716434  1.0000001
  -0.01950601 -0.0206592 ]
 [-0.00501767  0.01935254 -0.00588735 -0.00847012 -0.03927524 -0.01950601
   1.         -0.01574769]
 [ 0.00689287 -0.01353379  0.00815128  0.0078565   0.00747542 -0.0206592
  -0.01574769  1.0000001 ]]
[2025-11-14 18:29:21,248][src.models.modules.semantic_id.tiger_generation_model][INFO] - [rank: 0] 当前batch的输入Item Hierarchy Embedding相似度矩阵:
[[ 1.00000000e+00 -3.37137957e-03 -9.63655487e-03 -9.05834325e-03
  -1.74400368e-04  2.95364717e-03  3.62203270e-03 -2.62291636e-03]
 [-3.37137957e-03  1.00000000e+00  1.67429738e-03  1.01438295e-02
  -9.07056220e-03 -1.48016196e-02  1.09915191e-03  4.86259954e-03]
 [-9.63655487e-03  1.67429738e-03  1.00000000e+00  2.09094621e-02
   3.26791685e-03  1.44416699e-02  3.60955507e-03  4.60245972e-03]
 [-9.05834325e-03  1.01438295e-02  2.09094621e-02  1.00000000e+00
  -3.42944241e-03 -6.75189029e-03 -1.53174866e-02  1.36457139e-03]
 [-1.74400368e-04 -9.07056220e-03  3.26791685e-03 -3.42944241e-03
   1.00000000e+00 -1.35996183e-02 -2.11245064e-02  1.84153765e-02]
 [ 2.95364717e-03 -1.48016196e-02  1.44416699e-02 -6.75189029e-03
  -1.35996183e-02  1.00000000e+00 -8.84810556e-03 -6.78844983e-03]
 [ 3.62203270e-03  1.09915191e-03  3.60955507e-03 -1.53174866e-02
  -2.11245064e-02 -8.84810556e-03  1.00000000e+00 -2.79709566e-02]
 [-2.62291636e-03  4.86259954e-03  4.60245972e-03  1.36457139e-03
   1.84153765e-02 -6.78844983e-03 -2.79709566e-02  1.00000012e+00]]
[2025-11-14 18:29:22,177][src.models.modules.semantic_id.tiger_generation_model][WARNING] - [rank: 0] Failed to stack cross attentions: stack expects each tensor to be equal size, but got [32, 6, 135] at entry 0 and [32, 6, 2, 135] at entry 1
[2025-11-14 18:29:22,177][src.models.modules.semantic_id.tiger_generation_model][WARNING] - [rank: 0]   Hierarchy 0 shape: torch.Size([32, 6, 135])
[2025-11-14 18:29:22,178][src.models.modules.semantic_id.tiger_generation_model][WARNING] - [rank: 0]   Hierarchy 1 shape: torch.Size([32, 6, 2, 135])
[2025-11-14 18:29:22,178][src.models.modules.semantic_id.tiger_generation_model][WARNING] - [rank: 0]   Hierarchy 2 shape: torch.Size([32, 6, 135])
[2025-11-14 18:29:22,178][src.models.modules.semantic_id.tiger_generation_model][WARNING] - [rank: 0]   Hierarchy 3 shape: torch.Size([32, 6, 135])
[2025-11-14 18:29:22,178][src.models.modules.semantic_id.tiger_generation_model][WARNING] - [rank: 0]   Hierarchy 4 shape: torch.Size([32, 6, 135])
[2025-11-14 18:29:22,178][src.models.modules.semantic_id.tiger_generation_model][WARNING] - [rank: 0]   Hierarchy 5 shape: torch.Size([32, 6, 135])
[2025-11-14 18:29:22,179][src.models.modules.semantic_id.tiger_generation_model][WARNING] - [rank: 0]   Hierarchy 6 shape: torch.Size([32, 6, 135])
[2025-11-14 18:29:22,179][src.models.modules.semantic_id.tiger_generation_model][WARNING] - [rank: 0]   Hierarchy 7 shape: torch.Size([32, 6, 135])
[2025-11-14 18:29:22,740][src.models.modules.semantic_id.tiger_generation_model][INFO] - [rank: 0] Saved decoder self-attention to ./attention_weights/decoder_self_attention_batch_70.pt
[2025-11-14 18:29:22,741][src.models.modules.semantic_id.tiger_generation_model][INFO] - [rank: 0] Saved encoder attention to ./attention_weights/encoder_attention_batch_70.pt
[2025-11-14 18:29:22,741][src.models.modules.semantic_id.tiger_generation_model][INFO] - [rank: 0] Saved cross attention to ./attention_weights/cross_attention_batch_70.pt
[2025-11-14 18:29:22,751][src.models.modules.semantic_id.tiger_generation_model][INFO] - [rank: 0] 当前batch的生成语义ID Embedding相似度矩阵:
[[ 1.0000000e+00 -8.0343205e-03  6.3089551e-03 -2.0828281e-02
  -1.5828885e-02  4.2892341e-04  2.0673746e-02  4.0590927e-02]
 [-8.0343205e-03  1.0000000e+00  2.5025599e-02  2.4973709e-02
   1.6991077e-03  3.6911890e-03 -8.3671343e-03  1.3005753e-02]
 [ 6.3089551e-03  2.5025599e-02  1.0000000e+00 -9.5310863e-03
  -1.3374906e-02  4.1524835e-02  3.1880945e-02  4.2538736e-02]
 [-2.0828281e-02  2.4973709e-02 -9.5310863e-03  1.0000000e+00
  -2.1863040e-02 -2.1350898e-02  3.9398065e-04  3.4750797e-02]
 [-1.5828885e-02  1.6991077e-03 -1.3374906e-02 -2.1863040e-02
   1.0000000e+00  1.6332150e-02 -1.3411811e-02 -2.8982211e-02]
 [ 4.2892341e-04  3.6911890e-03  4.1524835e-02 -2.1350898e-02
   1.6332150e-02  1.0000000e+00 -5.0018370e-02  2.0460319e-02]
 [ 2.0673746e-02 -8.3671343e-03  3.1880945e-02  3.9398065e-04
  -1.3411811e-02 -5.0018370e-02  1.0000000e+00 -2.1618480e-02]
 [ 4.0590927e-02  1.3005753e-02  4.2538736e-02  3.4750797e-02
  -2.8982211e-02  2.0460319e-02 -2.1618480e-02  1.0000001e+00]]
[2025-11-14 18:29:23,042][src.models.modules.semantic_id.tiger_generation_model][INFO] - [rank: 0] 当前batch的输入Item Hierarchy Embedding相似度矩阵:
[[ 1.0000000e+00  9.9542201e-04  9.8372167e-03 -8.8712536e-03
   1.2984071e-02  3.3538574e-03  1.3052636e-02 -6.7163107e-04]
 [ 9.9542201e-04  1.0000000e+00 -4.5703109e-03 -7.1764914e-03
   3.5982933e-03  6.4868567e-05  1.9819044e-02  3.7771570e-03]
 [ 9.8372167e-03 -4.5703109e-03  1.0000000e+00  7.6058327e-04
  -1.5335788e-02  1.6989524e-02 -7.3857331e-03  1.3861629e-02]
 [-8.8712536e-03 -7.1764914e-03  7.6058327e-04  1.0000000e+00
  -1.2118463e-02  2.1328805e-03 -5.0174319e-03  9.3682092e-03]
 [ 1.2984071e-02  3.5982933e-03 -1.5335788e-02 -1.2118463e-02
   1.0000000e+00  2.7098234e-03 -1.6422084e-02  2.3957394e-02]
 [ 3.3538574e-03  6.4868567e-05  1.6989524e-02  2.1328805e-03
   2.7098234e-03  1.0000000e+00 -1.1042327e-02  3.4343265e-03]
 [ 1.3052636e-02  1.9819044e-02 -7.3857331e-03 -5.0174319e-03
  -1.6422084e-02 -1.1042327e-02  1.0000000e+00 -5.4061864e-02]
 [-6.7163107e-04  3.7771570e-03  1.3861629e-02  9.3682092e-03
   2.3957394e-02  3.4343265e-03 -5.4061864e-02  1.0000001e+00]]
[2025-11-14 18:29:23,902][src.models.modules.semantic_id.tiger_generation_model][WARNING] - [rank: 0] Failed to stack cross attentions: stack expects each tensor to be equal size, but got [32, 6, 135] at entry 0 and [32, 6, 2, 135] at entry 1
[2025-11-14 18:29:23,903][src.models.modules.semantic_id.tiger_generation_model][WARNING] - [rank: 0]   Hierarchy 0 shape: torch.Size([32, 6, 135])
[2025-11-14 18:29:23,903][src.models.modules.semantic_id.tiger_generation_model][WARNING] - [rank: 0]   Hierarchy 1 shape: torch.Size([32, 6, 2, 135])
[2025-11-14 18:29:23,903][src.models.modules.semantic_id.tiger_generation_model][WARNING] - [rank: 0]   Hierarchy 2 shape: torch.Size([32, 6, 135])
[2025-11-14 18:29:23,903][src.models.modules.semantic_id.tiger_generation_model][WARNING] - [rank: 0]   Hierarchy 3 shape: torch.Size([32, 6, 135])
[2025-11-14 18:29:23,903][src.models.modules.semantic_id.tiger_generation_model][WARNING] - [rank: 0]   Hierarchy 4 shape: torch.Size([32, 6, 135])
[2025-11-14 18:29:23,904][src.models.modules.semantic_id.tiger_generation_model][WARNING] - [rank: 0]   Hierarchy 5 shape: torch.Size([32, 6, 135])
[2025-11-14 18:29:23,904][src.models.modules.semantic_id.tiger_generation_model][WARNING] - [rank: 0]   Hierarchy 6 shape: torch.Size([32, 6, 135])
[2025-11-14 18:29:23,904][src.models.modules.semantic_id.tiger_generation_model][WARNING] - [rank: 0]   Hierarchy 7 shape: torch.Size([32, 6, 135])
[2025-11-14 18:29:24,213][src.models.modules.semantic_id.tiger_generation_model][INFO] - [rank: 0] Saved decoder self-attention to ./attention_weights/decoder_self_attention_batch_71.pt
[2025-11-14 18:29:24,213][src.models.modules.semantic_id.tiger_generation_model][INFO] - [rank: 0] Saved encoder attention to ./attention_weights/encoder_attention_batch_71.pt
[2025-11-14 18:29:24,213][src.models.modules.semantic_id.tiger_generation_model][INFO] - [rank: 0] Saved cross attention to ./attention_weights/cross_attention_batch_71.pt
[2025-11-14 18:29:24,220][src.models.modules.semantic_id.tiger_generation_model][INFO] - [rank: 0] 当前batch的生成语义ID Embedding相似度矩阵:
[[ 1.0000000e+00  3.3594694e-02 -9.6087810e-03 -9.1595920e-03
  -3.8966857e-02 -8.6053303e-03 -1.1134225e-02 -6.7254771e-03]
 [ 3.3594694e-02  1.0000000e+00 -1.0313231e-02  1.1632839e-02
  -9.7158365e-04  1.7104179e-02  1.8038346e-02 -2.3602821e-02]
 [-9.6087810e-03 -1.0313231e-02  1.0000000e+00  1.8983303e-02
  -7.2313780e-03  2.2366564e-03  1.2319940e-03  1.2737026e-02]
 [-9.1595920e-03  1.1632839e-02  1.8983303e-02  9.9999988e-01
  -5.1936028e-03 -1.2521469e-04  4.5786412e-03  6.0088977e-02]
 [-3.8966857e-02 -9.7158365e-04 -7.2313780e-03 -5.1936028e-03
   1.0000000e+00 -7.2193900e-03 -3.6880840e-02 -3.6887106e-02]
 [-8.6053303e-03  1.7104179e-02  2.2366564e-03 -1.2521469e-04
  -7.2193900e-03  1.0000000e+00 -4.6116877e-02  3.6379084e-02]
 [-1.1134225e-02  1.8038346e-02  1.2319940e-03  4.5786412e-03
  -3.6880840e-02 -4.6116877e-02  1.0000000e+00 -1.6662013e-03]
 [-6.7254771e-03 -2.3602821e-02  1.2737026e-02  6.0088977e-02
  -3.6887106e-02  3.6379084e-02 -1.6662013e-03  1.0000001e+00]]
[2025-11-14 18:29:24,299][src.models.modules.semantic_id.tiger_generation_model][INFO] - [rank: 0] 当前batch的输入Item Hierarchy Embedding相似度矩阵:
[[ 1.0000000e+00 -4.7856476e-05  1.5869333e-03  1.6448004e-03
  -6.0520303e-03 -2.8225477e-03 -8.4808487e-03 -1.1663530e-02]
 [-4.7856476e-05  1.0000000e+00 -3.3646973e-03  5.7224841e-03
  -2.6943898e-03 -2.0788438e-03  1.1417139e-03  4.1971961e-04]
 [ 1.5869333e-03 -3.3646973e-03  1.0000000e+00  1.3223531e-02
   2.9921392e-03 -7.7957809e-03 -1.1281531e-02 -1.2441306e-02]
 [ 1.6448004e-03  5.7224841e-03  1.3223531e-02  1.0000000e+00
   2.0983564e-03  6.1348155e-03 -1.1377769e-02 -2.4578255e-03]
 [-6.0520303e-03 -2.6943898e-03  2.9921392e-03  2.0983564e-03
   1.0000000e+00 -3.9994610e-03 -6.3713379e-03  1.0372510e-02]
 [-2.8225477e-03 -2.0788438e-03 -7.7957809e-03  6.1348155e-03
  -3.9994610e-03  1.0000000e+00 -1.3980658e-02  1.6267613e-02]
 [-8.4808487e-03  1.1417139e-03 -1.1281531e-02 -1.1377769e-02
  -6.3713379e-03 -1.3980658e-02  1.0000000e+00 -4.4750180e-02]
 [-1.1663530e-02  4.1971961e-04 -1.2441306e-02 -2.4578255e-03
   1.0372510e-02  1.6267613e-02 -4.4750180e-02  1.0000001e+00]]
[2025-11-14 18:29:25,310][src.models.modules.semantic_id.tiger_generation_model][WARNING] - [rank: 0] Failed to stack cross attentions: stack expects each tensor to be equal size, but got [32, 6, 135] at entry 0 and [32, 6, 2, 135] at entry 1
[2025-11-14 18:29:25,310][src.models.modules.semantic_id.tiger_generation_model][WARNING] - [rank: 0]   Hierarchy 0 shape: torch.Size([32, 6, 135])
[2025-11-14 18:29:25,310][src.models.modules.semantic_id.tiger_generation_model][WARNING] - [rank: 0]   Hierarchy 1 shape: torch.Size([32, 6, 2, 135])
[2025-11-14 18:29:25,310][src.models.modules.semantic_id.tiger_generation_model][WARNING] - [rank: 0]   Hierarchy 2 shape: torch.Size([32, 6, 135])
[2025-11-14 18:29:25,311][src.models.modules.semantic_id.tiger_generation_model][WARNING] - [rank: 0]   Hierarchy 3 shape: torch.Size([32, 6, 135])
[2025-11-14 18:29:25,311][src.models.modules.semantic_id.tiger_generation_model][WARNING] - [rank: 0]   Hierarchy 4 shape: torch.Size([32, 6, 135])
[2025-11-14 18:29:25,311][src.models.modules.semantic_id.tiger_generation_model][WARNING] - [rank: 0]   Hierarchy 5 shape: torch.Size([32, 6, 135])
[2025-11-14 18:29:25,311][src.models.modules.semantic_id.tiger_generation_model][WARNING] - [rank: 0]   Hierarchy 6 shape: torch.Size([32, 6, 135])
[2025-11-14 18:29:25,311][src.models.modules.semantic_id.tiger_generation_model][WARNING] - [rank: 0]   Hierarchy 7 shape: torch.Size([32, 6, 135])
[2025-11-14 18:29:25,858][src.models.modules.semantic_id.tiger_generation_model][INFO] - [rank: 0] Saved decoder self-attention to ./attention_weights/decoder_self_attention_batch_72.pt
[2025-11-14 18:29:25,858][src.models.modules.semantic_id.tiger_generation_model][INFO] - [rank: 0] Saved encoder attention to ./attention_weights/encoder_attention_batch_72.pt
[2025-11-14 18:29:25,858][src.models.modules.semantic_id.tiger_generation_model][INFO] - [rank: 0] Saved cross attention to ./attention_weights/cross_attention_batch_72.pt
[2025-11-14 18:29:25,868][src.models.modules.semantic_id.tiger_generation_model][INFO] - [rank: 0] 当前batch的生成语义ID Embedding相似度矩阵:
[[ 1.          0.06724227  0.02125649 -0.01140947 -0.02376397 -0.0250468
  -0.01310954  0.0163216 ]
 [ 0.06724227  1.         -0.00561794  0.0062906   0.01693924  0.03081613
   0.01337335 -0.01132063]
 [ 0.02125649 -0.00561794  1.          0.01065177  0.00151379  0.00773405
  -0.00188381  0.0022888 ]
 [-0.01140947  0.0062906   0.01065177  1.         -0.00437895  0.01251514
   0.00300983  0.03542189]
 [-0.02376397  0.01693924  0.00151379 -0.00437895  1.         -0.04148309
  -0.04835593 -0.0115544 ]
 [-0.0250468   0.03081613  0.00773405  0.01251514 -0.04148309  1.
  -0.00939296  0.01101712]
 [-0.01310954  0.01337335 -0.00188381  0.00300983 -0.04835593 -0.00939296
   1.          0.00921322]
 [ 0.0163216  -0.01132063  0.0022888   0.03542189 -0.0115544   0.01101712
   0.00921322  1.0000001 ]]
[2025-11-14 18:29:26,145][src.models.modules.semantic_id.tiger_generation_model][INFO] - [rank: 0] 当前batch的输入Item Hierarchy Embedding相似度矩阵:
[[ 1.0000000e+00 -4.2405394e-03 -1.4714929e-03 -5.5903587e-03
  -4.6217521e-03  5.1251409e-04  7.3355334e-03 -3.5709252e-03]
 [-4.2405394e-03  1.0000000e+00  1.2390811e-02  1.3910794e-02
   1.5423991e-04 -1.6531455e-03  3.7606000e-03  1.3036020e-02]
 [-1.4714929e-03  1.2390811e-02  1.0000000e+00 -2.0364253e-03
  -5.0698281e-03  1.2589175e-02 -7.0052911e-03 -3.0363046e-03]
 [-5.5903587e-03  1.3910794e-02 -2.0364253e-03  1.0000000e+00
  -5.9739915e-03  3.6667220e-03 -8.3604492e-03  3.1651941e-03]
 [-4.6217521e-03  1.5423991e-04 -5.0698281e-03 -5.9739915e-03
   1.0000000e+00 -1.0525125e-02  1.8628780e-03  4.0460634e-03]
 [ 5.1251409e-04 -1.6531455e-03  1.2589175e-02  3.6667220e-03
  -1.0525125e-02  1.0000000e+00 -7.0245871e-03  1.0787434e-02]
 [ 7.3355334e-03  3.7606000e-03 -7.0052911e-03 -8.3604492e-03
   1.8628780e-03 -7.0245871e-03  1.0000000e+00 -3.6090612e-02]
 [-3.5709252e-03  1.3036020e-02 -3.0363046e-03  3.1651941e-03
   4.0460634e-03  1.0787434e-02 -3.6090612e-02  1.0000001e+00]]
[2025-11-14 18:29:27,172][src.models.modules.semantic_id.tiger_generation_model][WARNING] - [rank: 0] Failed to stack cross attentions: stack expects each tensor to be equal size, but got [32, 6, 135] at entry 0 and [32, 6, 2, 135] at entry 1
[2025-11-14 18:29:27,173][src.models.modules.semantic_id.tiger_generation_model][WARNING] - [rank: 0]   Hierarchy 0 shape: torch.Size([32, 6, 135])
[2025-11-14 18:29:27,173][src.models.modules.semantic_id.tiger_generation_model][WARNING] - [rank: 0]   Hierarchy 1 shape: torch.Size([32, 6, 2, 135])
[2025-11-14 18:29:27,174][src.models.modules.semantic_id.tiger_generation_model][WARNING] - [rank: 0]   Hierarchy 2 shape: torch.Size([32, 6, 135])
[2025-11-14 18:29:27,174][src.models.modules.semantic_id.tiger_generation_model][WARNING] - [rank: 0]   Hierarchy 3 shape: torch.Size([32, 6, 135])
[2025-11-14 18:29:27,174][src.models.modules.semantic_id.tiger_generation_model][WARNING] - [rank: 0]   Hierarchy 4 shape: torch.Size([32, 6, 135])
[2025-11-14 18:29:27,174][src.models.modules.semantic_id.tiger_generation_model][WARNING] - [rank: 0]   Hierarchy 5 shape: torch.Size([32, 6, 135])
[2025-11-14 18:29:27,174][src.models.modules.semantic_id.tiger_generation_model][WARNING] - [rank: 0]   Hierarchy 6 shape: torch.Size([32, 6, 135])
[2025-11-14 18:29:27,174][src.models.modules.semantic_id.tiger_generation_model][WARNING] - [rank: 0]   Hierarchy 7 shape: torch.Size([32, 6, 135])
[2025-11-14 18:29:27,653][src.models.modules.semantic_id.tiger_generation_model][INFO] - [rank: 0] Saved decoder self-attention to ./attention_weights/decoder_self_attention_batch_73.pt
[2025-11-14 18:29:27,653][src.models.modules.semantic_id.tiger_generation_model][INFO] - [rank: 0] Saved encoder attention to ./attention_weights/encoder_attention_batch_73.pt
[2025-11-14 18:29:27,654][src.models.modules.semantic_id.tiger_generation_model][INFO] - [rank: 0] Saved cross attention to ./attention_weights/cross_attention_batch_73.pt
[2025-11-14 18:29:27,659][src.models.modules.semantic_id.tiger_generation_model][INFO] - [rank: 0] 当前batch的生成语义ID Embedding相似度矩阵:
[[ 1.          0.0301939  -0.01136335  0.00897602  0.00704887  0.01269468
   0.0107572   0.0119434 ]
 [ 0.0301939   1.0000001  -0.01692871  0.01004872  0.03830377  0.03468474
   0.02062028  0.003976  ]
 [-0.01136335 -0.01692871  1.          0.01009002 -0.01786662  0.01784758
   0.01533297  0.04470991]
 [ 0.00897602  0.01004872  0.01009002  1.         -0.04062765 -0.01174766
  -0.01943538  0.02741723]
 [ 0.00704887  0.03830377 -0.01786662 -0.04062765  0.99999994 -0.01839192
  -0.04749141 -0.04588366]
 [ 0.01269468  0.03468474  0.01784758 -0.01174766 -0.01839192  0.99999994
  -0.01511401 -0.01554336]
 [ 0.0107572   0.02062028  0.01533297 -0.01943538 -0.04749141 -0.01511401
   1.          0.02513655]
 [ 0.0119434   0.003976    0.04470991  0.02741723 -0.04588366 -0.01554336
   0.02513655  1.0000001 ]]
[2025-11-14 18:29:27,896][src.models.modules.semantic_id.tiger_generation_model][INFO] - [rank: 0] 当前batch的输入Item Hierarchy Embedding相似度矩阵:
[[ 1.0000000e+00  7.3751821e-03  7.8188917e-03  3.9623086e-03
  -3.4915137e-03  1.7058359e-02  4.3278001e-03  1.1270685e-02]
 [ 7.3751821e-03  1.0000000e+00  2.9918482e-03 -1.6118631e-03
   1.8423533e-02 -6.7443307e-04 -4.9688630e-03  2.6884852e-03]
 [ 7.8188917e-03  2.9918482e-03  1.0000000e+00  2.2149619e-03
   6.3057564e-04  1.4225289e-03 -5.5968021e-03  1.5409386e-02]
 [ 3.9623086e-03 -1.6118631e-03  2.2149619e-03  1.0000000e+00
  -7.0206900e-03  1.0154295e-02 -2.4222473e-03  1.0867371e-03]
 [-3.4915137e-03  1.8423533e-02  6.3057564e-04 -7.0206900e-03
   1.0000000e+00 -5.8619380e-03 -7.5296536e-03 -7.9656375e-04]
 [ 1.7058359e-02 -6.7443307e-04  1.4225289e-03  1.0154295e-02
  -5.8619380e-03  1.0000000e+00  8.5066957e-03  9.4432704e-04]
 [ 4.3278001e-03 -4.9688630e-03 -5.5968021e-03 -2.4222473e-03
  -7.5296536e-03  8.5066957e-03  1.0000000e+00 -3.8781844e-02]
 [ 1.1270685e-02  2.6884852e-03  1.5409386e-02  1.0867371e-03
  -7.9656375e-04  9.4432704e-04 -3.8781844e-02  1.0000001e+00]]
[2025-11-14 18:29:28,769][src.models.modules.semantic_id.tiger_generation_model][WARNING] - [rank: 0] Failed to stack cross attentions: stack expects each tensor to be equal size, but got [32, 6, 135] at entry 0 and [32, 6, 2, 135] at entry 1
[2025-11-14 18:29:28,770][src.models.modules.semantic_id.tiger_generation_model][WARNING] - [rank: 0]   Hierarchy 0 shape: torch.Size([32, 6, 135])
[2025-11-14 18:29:28,770][src.models.modules.semantic_id.tiger_generation_model][WARNING] - [rank: 0]   Hierarchy 1 shape: torch.Size([32, 6, 2, 135])
[2025-11-14 18:29:28,770][src.models.modules.semantic_id.tiger_generation_model][WARNING] - [rank: 0]   Hierarchy 2 shape: torch.Size([32, 6, 135])
[2025-11-14 18:29:28,770][src.models.modules.semantic_id.tiger_generation_model][WARNING] - [rank: 0]   Hierarchy 3 shape: torch.Size([32, 6, 135])
[2025-11-14 18:29:28,770][src.models.modules.semantic_id.tiger_generation_model][WARNING] - [rank: 0]   Hierarchy 4 shape: torch.Size([32, 6, 135])
[2025-11-14 18:29:28,771][src.models.modules.semantic_id.tiger_generation_model][WARNING] - [rank: 0]   Hierarchy 5 shape: torch.Size([32, 6, 135])
[2025-11-14 18:29:28,771][src.models.modules.semantic_id.tiger_generation_model][WARNING] - [rank: 0]   Hierarchy 6 shape: torch.Size([32, 6, 135])
[2025-11-14 18:29:28,771][src.models.modules.semantic_id.tiger_generation_model][WARNING] - [rank: 0]   Hierarchy 7 shape: torch.Size([32, 6, 135])
[2025-11-14 18:29:29,468][src.models.modules.semantic_id.tiger_generation_model][INFO] - [rank: 0] Saved decoder self-attention to ./attention_weights/decoder_self_attention_batch_74.pt
[2025-11-14 18:29:29,468][src.models.modules.semantic_id.tiger_generation_model][INFO] - [rank: 0] Saved encoder attention to ./attention_weights/encoder_attention_batch_74.pt
[2025-11-14 18:29:29,475][src.models.modules.semantic_id.tiger_generation_model][INFO] - [rank: 0] Saved cross attention to ./attention_weights/cross_attention_batch_74.pt
[2025-11-14 18:29:29,491][src.models.modules.semantic_id.tiger_generation_model][INFO] - [rank: 0] 当前batch的生成语义ID Embedding相似度矩阵:
[[ 1.0000000e+00  6.9066830e-02  1.8719079e-02  9.9141337e-03
  -1.5110778e-02  5.2683819e-03 -2.2047488e-03  2.5425535e-02]
 [ 6.9066830e-02  9.9999994e-01  5.8833091e-04 -1.1460613e-03
   1.3862370e-02  2.2011384e-02 -4.0141173e-02 -1.6589649e-02]
 [ 1.8719079e-02  5.8833091e-04  1.0000000e+00 -9.5779952e-03
  -1.0065978e-02  3.9311823e-02 -1.9541221e-02  1.5304185e-02]
 [ 9.9141337e-03 -1.1460613e-03 -9.5779952e-03  1.0000000e+00
   3.1426724e-02 -6.4587854e-03  2.1148943e-03 -3.0805858e-02]
 [-1.5110778e-02  1.3862370e-02 -1.0065978e-02  3.1426724e-02
   1.0000000e+00 -1.7834259e-02 -2.3163481e-02  3.6795191e-02]
 [ 5.2683819e-03  2.2011384e-02  3.9311823e-02 -6.4587854e-03
  -1.7834259e-02  1.0000001e+00 -1.5758080e-03  2.0905949e-02]
 [-2.2047488e-03 -4.0141173e-02 -1.9541221e-02  2.1148943e-03
  -2.3163481e-02 -1.5758080e-03  1.0000000e+00 -4.2718396e-02]
 [ 2.5425535e-02 -1.6589649e-02  1.5304185e-02 -3.0805858e-02
   3.6795191e-02  2.0905949e-02 -4.2718396e-02  1.0000001e+00]]
[2025-11-14 18:29:29,915][src.models.modules.semantic_id.tiger_generation_model][INFO] - [rank: 0] 当前batch的输入Item Hierarchy Embedding相似度矩阵:
[[ 9.9999994e-01  7.2803209e-03 -8.0610234e-03  3.8717194e-03
   5.7684006e-03  9.4035529e-03  2.4015347e-02 -1.5977858e-02]
 [ 7.2803209e-03  9.9999994e-01 -1.4965064e-03  4.0177652e-04
  -7.5740935e-03  1.6143043e-02  2.1183372e-02 -3.3039955e-04]
 [-8.0610234e-03 -1.4965064e-03  9.9999994e-01 -1.7767573e-03
   1.2433605e-02  5.0140833e-03 -3.6173591e-03  6.2299375e-03]
 [ 3.8717194e-03  4.0177652e-04 -1.7767573e-03  9.9999994e-01
   1.7364947e-02  4.5008594e-03 -7.9850350e-03 -2.8844131e-03]
 [ 5.7684006e-03 -7.5740935e-03  1.2433605e-02  1.7364947e-02
   9.9999994e-01 -2.3660301e-03 -8.7186210e-03  2.7968889e-02]
 [ 9.4035529e-03  1.6143043e-02  5.0140833e-03  4.5008594e-03
  -2.3660301e-03  9.9999994e-01  3.9110510e-03  1.2638726e-02]
 [ 2.4015347e-02  2.1183372e-02 -3.6173591e-03 -7.9850350e-03
  -8.7186210e-03  3.9110510e-03  9.9999994e-01 -3.9048743e-02]
 [-1.5977858e-02 -3.3039955e-04  6.2299375e-03 -2.8844131e-03
   2.7968889e-02  1.2638726e-02 -3.9048743e-02  1.0000001e+00]]
[2025-11-14 18:29:30,805][src.models.modules.semantic_id.tiger_generation_model][WARNING] - [rank: 0] Failed to stack cross attentions: stack expects each tensor to be equal size, but got [32, 6, 135] at entry 0 and [32, 6, 2, 135] at entry 1
[2025-11-14 18:29:30,805][src.models.modules.semantic_id.tiger_generation_model][WARNING] - [rank: 0]   Hierarchy 0 shape: torch.Size([32, 6, 135])
[2025-11-14 18:29:30,806][src.models.modules.semantic_id.tiger_generation_model][WARNING] - [rank: 0]   Hierarchy 1 shape: torch.Size([32, 6, 2, 135])
[2025-11-14 18:29:30,806][src.models.modules.semantic_id.tiger_generation_model][WARNING] - [rank: 0]   Hierarchy 2 shape: torch.Size([32, 6, 135])
[2025-11-14 18:29:30,806][src.models.modules.semantic_id.tiger_generation_model][WARNING] - [rank: 0]   Hierarchy 3 shape: torch.Size([32, 6, 135])
[2025-11-14 18:29:30,806][src.models.modules.semantic_id.tiger_generation_model][WARNING] - [rank: 0]   Hierarchy 4 shape: torch.Size([32, 6, 135])
[2025-11-14 18:29:30,806][src.models.modules.semantic_id.tiger_generation_model][WARNING] - [rank: 0]   Hierarchy 5 shape: torch.Size([32, 6, 135])
[2025-11-14 18:29:30,807][src.models.modules.semantic_id.tiger_generation_model][WARNING] - [rank: 0]   Hierarchy 6 shape: torch.Size([32, 6, 135])
[2025-11-14 18:29:30,807][src.models.modules.semantic_id.tiger_generation_model][WARNING] - [rank: 0]   Hierarchy 7 shape: torch.Size([32, 6, 135])
[2025-11-14 18:29:31,570][src.models.modules.semantic_id.tiger_generation_model][INFO] - [rank: 0] Saved decoder self-attention to ./attention_weights/decoder_self_attention_batch_75.pt
[2025-11-14 18:29:31,570][src.models.modules.semantic_id.tiger_generation_model][INFO] - [rank: 0] Saved encoder attention to ./attention_weights/encoder_attention_batch_75.pt
[2025-11-14 18:29:31,570][src.models.modules.semantic_id.tiger_generation_model][INFO] - [rank: 0] Saved cross attention to ./attention_weights/cross_attention_batch_75.pt
[2025-11-14 18:29:31,590][src.models.modules.semantic_id.tiger_generation_model][INFO] - [rank: 0] 当前batch的生成语义ID Embedding相似度矩阵:
[[ 1.0000000e+00  1.2890272e-02 -2.8632779e-02 -6.3706590e-03
   4.7057727e-03 -6.7258906e-03  4.1497545e-03  1.4074705e-02]
 [ 1.2890272e-02  9.9999994e-01  3.6059551e-02 -2.1588312e-02
   3.5825651e-04  2.9396856e-02  3.4478892e-02  3.0103538e-03]
 [-2.8632779e-02  3.6059551e-02  1.0000000e+00  1.7983422e-02
  -2.3530625e-02  2.6072262e-02  2.2943480e-02  2.1214802e-02]
 [-6.3706590e-03 -2.1588312e-02  1.7983422e-02  1.0000000e+00
  -2.4777396e-02  1.7225217e-02 -8.1994692e-03  3.3650476e-02]
 [ 4.7057727e-03  3.5825651e-04 -2.3530625e-02 -2.4777396e-02
   1.0000000e+00 -5.0964691e-03  8.6469622e-04 -1.8244991e-02]
 [-6.7258906e-03  2.9396856e-02  2.6072262e-02  1.7225217e-02
  -5.0964691e-03  1.0000000e+00  2.3301806e-02 -5.5732258e-02]
 [ 4.1497545e-03  3.4478892e-02  2.2943480e-02 -8.1994692e-03
   8.6469622e-04  2.3301806e-02  1.0000000e+00 -3.6312252e-02]
 [ 1.4074705e-02  3.0103538e-03  2.1214802e-02  3.3650476e-02
  -1.8244991e-02 -5.5732258e-02 -3.6312252e-02  1.0000001e+00]]
[2025-11-14 18:29:31,878][src.models.modules.semantic_id.tiger_generation_model][INFO] - [rank: 0] 当前batch的输入Item Hierarchy Embedding相似度矩阵:
[[ 1.00000000e+00  6.14994159e-03 -7.01392861e-03 -9.48846713e-03
  -2.22335989e-03 -2.82455556e-04 -9.08526592e-03  1.35088351e-03]
 [ 6.14994159e-03  1.00000000e+00  2.10903949e-04 -1.02770915e-02
  -5.79819828e-03 -2.87140557e-03 -3.34681058e-03 -9.52134002e-03]
 [-7.01392861e-03  2.10903949e-04  1.00000000e+00 -7.51313055e-03
   1.84273208e-03  1.87508892e-02 -5.04221814e-03  6.60510734e-03]
 [-9.48846713e-03 -1.02770915e-02 -7.51313055e-03  1.00000000e+00
  -7.29018031e-03  1.65746007e-02  1.36855780e-03  2.05841623e-02]
 [-2.22335989e-03 -5.79819828e-03  1.84273208e-03 -7.29018031e-03
   1.00000000e+00 -2.72530317e-03 -6.82792254e-03  1.07077342e-02]
 [-2.82455556e-04 -2.87140557e-03  1.87508892e-02  1.65746007e-02
  -2.72530317e-03  1.00000000e+00 -7.84455612e-03 -7.14168325e-03]
 [-9.08526592e-03 -3.34681058e-03 -5.04221814e-03  1.36855780e-03
  -6.82792254e-03 -7.84455612e-03  1.00000000e+00 -5.35648018e-02]
 [ 1.35088351e-03 -9.52134002e-03  6.60510734e-03  2.05841623e-02
   1.07077342e-02 -7.14168325e-03 -5.35648018e-02  1.00000024e+00]]
[2025-11-14 18:29:32,814][src.models.modules.semantic_id.tiger_generation_model][WARNING] - [rank: 0] Failed to stack cross attentions: stack expects each tensor to be equal size, but got [32, 6, 135] at entry 0 and [32, 6, 2, 135] at entry 1
[2025-11-14 18:29:32,814][src.models.modules.semantic_id.tiger_generation_model][WARNING] - [rank: 0]   Hierarchy 0 shape: torch.Size([32, 6, 135])
[2025-11-14 18:29:32,815][src.models.modules.semantic_id.tiger_generation_model][WARNING] - [rank: 0]   Hierarchy 1 shape: torch.Size([32, 6, 2, 135])
[2025-11-14 18:29:32,815][src.models.modules.semantic_id.tiger_generation_model][WARNING] - [rank: 0]   Hierarchy 2 shape: torch.Size([32, 6, 135])
[2025-11-14 18:29:32,815][src.models.modules.semantic_id.tiger_generation_model][WARNING] - [rank: 0]   Hierarchy 3 shape: torch.Size([32, 6, 135])
[2025-11-14 18:29:32,815][src.models.modules.semantic_id.tiger_generation_model][WARNING] - [rank: 0]   Hierarchy 4 shape: torch.Size([32, 6, 135])
[2025-11-14 18:29:32,816][src.models.modules.semantic_id.tiger_generation_model][WARNING] - [rank: 0]   Hierarchy 5 shape: torch.Size([32, 6, 135])
[2025-11-14 18:29:32,816][src.models.modules.semantic_id.tiger_generation_model][WARNING] - [rank: 0]   Hierarchy 6 shape: torch.Size([32, 6, 135])
[2025-11-14 18:29:32,816][src.models.modules.semantic_id.tiger_generation_model][WARNING] - [rank: 0]   Hierarchy 7 shape: torch.Size([32, 6, 135])
[2025-11-14 18:29:33,471][src.models.modules.semantic_id.tiger_generation_model][INFO] - [rank: 0] Saved decoder self-attention to ./attention_weights/decoder_self_attention_batch_76.pt
[2025-11-14 18:29:33,471][src.models.modules.semantic_id.tiger_generation_model][INFO] - [rank: 0] Saved encoder attention to ./attention_weights/encoder_attention_batch_76.pt
[2025-11-14 18:29:33,472][src.models.modules.semantic_id.tiger_generation_model][INFO] - [rank: 0] Saved cross attention to ./attention_weights/cross_attention_batch_76.pt
[2025-11-14 18:29:33,478][src.models.modules.semantic_id.tiger_generation_model][INFO] - [rank: 0] 当前batch的生成语义ID Embedding相似度矩阵:
[[ 1.          0.01237951  0.0075388   0.03226721 -0.01343864 -0.0381894
  -0.02039358  0.03404351]
 [ 0.01237951  1.          0.04384729 -0.02429211  0.03800725 -0.00844607
   0.00781189  0.00932492]
 [ 0.0075388   0.04384729  1.         -0.00283707 -0.01104905  0.00333747
   0.03843007 -0.00618434]
 [ 0.03226721 -0.02429211 -0.00283707  1.         -0.01636671 -0.0039923
  -0.02559929  0.02547856]
 [-0.01343864  0.03800725 -0.01104905 -0.01636671  1.         -0.01680992
   0.00265577 -0.03227175]
 [-0.0381894  -0.00844607  0.00333747 -0.0039923  -0.01680992  1.
   0.01668591  0.00199808]
 [-0.02039358  0.00781189  0.03843007 -0.02559929  0.00265577  0.01668591
   1.         -0.03433591]
 [ 0.03404351  0.00932492 -0.00618434  0.02547856 -0.03227175  0.00199808
  -0.03433591  1.0000001 ]]
[2025-11-14 18:29:33,785][src.models.modules.semantic_id.tiger_generation_model][INFO] - [rank: 0] 当前batch的输入Item Hierarchy Embedding相似度矩阵:
[[ 9.9999994e-01  1.2050470e-02 -2.7335461e-03 -2.5249636e-02
   2.1519768e-03  8.7574152e-03  1.0265436e-03  2.0079927e-03]
 [ 1.2050470e-02  9.9999994e-01  1.6381707e-02 -5.8913790e-03
   4.8326747e-03 -3.8485206e-03 -4.9824463e-03  3.5295542e-03]
 [-2.7335461e-03  1.6381707e-02  9.9999994e-01 -6.9017489e-03
   6.5946528e-03  6.7314501e-03 -9.3738560e-04  1.2238020e-02]
 [-2.5249636e-02 -5.8913790e-03 -6.9017489e-03  9.9999994e-01
  -7.7511598e-03  1.0652595e-02 -1.4906182e-02  8.6235609e-03]
 [ 2.1519768e-03  4.8326747e-03  6.5946528e-03 -7.7511598e-03
   9.9999994e-01  1.5409647e-02 -8.3093010e-03  2.4655182e-02]
 [ 8.7574152e-03 -3.8485206e-03  6.7314501e-03  1.0652595e-02
   1.5409647e-02  9.9999994e-01 -1.5617741e-02  1.1608962e-03]
 [ 1.0265436e-03 -4.9824463e-03 -9.3738560e-04 -1.4906182e-02
  -8.3093010e-03 -1.5617741e-02  9.9999994e-01 -5.4913837e-02]
 [ 2.0079927e-03  3.5295542e-03  1.2238020e-02  8.6235609e-03
   2.4655182e-02  1.1608962e-03 -5.4913837e-02  1.0000001e+00]]
[2025-11-14 18:29:34,895][src.models.modules.semantic_id.tiger_generation_model][WARNING] - [rank: 0] Failed to stack cross attentions: stack expects each tensor to be equal size, but got [32, 6, 135] at entry 0 and [32, 6, 2, 135] at entry 1
[2025-11-14 18:29:34,895][src.models.modules.semantic_id.tiger_generation_model][WARNING] - [rank: 0]   Hierarchy 0 shape: torch.Size([32, 6, 135])
[2025-11-14 18:29:34,896][src.models.modules.semantic_id.tiger_generation_model][WARNING] - [rank: 0]   Hierarchy 1 shape: torch.Size([32, 6, 2, 135])
[2025-11-14 18:29:34,896][src.models.modules.semantic_id.tiger_generation_model][WARNING] - [rank: 0]   Hierarchy 2 shape: torch.Size([32, 6, 135])
[2025-11-14 18:29:34,896][src.models.modules.semantic_id.tiger_generation_model][WARNING] - [rank: 0]   Hierarchy 3 shape: torch.Size([32, 6, 135])
[2025-11-14 18:29:34,897][src.models.modules.semantic_id.tiger_generation_model][WARNING] - [rank: 0]   Hierarchy 4 shape: torch.Size([32, 6, 135])
[2025-11-14 18:29:34,897][src.models.modules.semantic_id.tiger_generation_model][WARNING] - [rank: 0]   Hierarchy 5 shape: torch.Size([32, 6, 135])
[2025-11-14 18:29:34,897][src.models.modules.semantic_id.tiger_generation_model][WARNING] - [rank: 0]   Hierarchy 6 shape: torch.Size([32, 6, 135])
[2025-11-14 18:29:34,897][src.models.modules.semantic_id.tiger_generation_model][WARNING] - [rank: 0]   Hierarchy 7 shape: torch.Size([32, 6, 135])
[2025-11-14 18:29:36,152][src.models.modules.semantic_id.tiger_generation_model][INFO] - [rank: 0] Saved decoder self-attention to ./attention_weights/decoder_self_attention_batch_77.pt
[2025-11-14 18:29:36,153][src.models.modules.semantic_id.tiger_generation_model][INFO] - [rank: 0] Saved encoder attention to ./attention_weights/encoder_attention_batch_77.pt
[2025-11-14 18:29:36,153][src.models.modules.semantic_id.tiger_generation_model][INFO] - [rank: 0] Saved cross attention to ./attention_weights/cross_attention_batch_77.pt
[2025-11-14 18:29:36,162][src.models.modules.semantic_id.tiger_generation_model][INFO] - [rank: 0] 当前batch的生成语义ID Embedding相似度矩阵:
[[ 1.          0.0110513  -0.00572796  0.00827796 -0.02526306 -0.00809131
   0.02369174 -0.00315994]
 [ 0.0110513   1.         -0.00294205  0.00278573  0.03704139  0.01954664
  -0.00415341 -0.00758259]
 [-0.00572796 -0.00294205  1.          0.02134422  0.00870557  0.01456742
   0.00790644  0.01405585]
 [ 0.00827796  0.00278573  0.02134422  1.         -0.02965609 -0.0448198
  -0.00565337  0.057748  ]
 [-0.02526306  0.03704139  0.00870557 -0.02965609  1.         -0.02342432
  -0.02633818 -0.04637501]
 [-0.00809131  0.01954664  0.01456742 -0.0448198  -0.02342432  1.
  -0.03582311  0.02455695]
 [ 0.02369174 -0.00415341  0.00790644 -0.00565337 -0.02633818 -0.03582311
   1.         -0.00138489]
 [-0.00315994 -0.00758259  0.01405585  0.057748   -0.04637501  0.02455695
  -0.00138489  1.0000001 ]]
[2025-11-14 18:29:36,388][src.models.modules.semantic_id.tiger_generation_model][INFO] - [rank: 0] 当前batch的输入Item Hierarchy Embedding相似度矩阵:
[[ 1.         -0.00390044 -0.0026127  -0.00842208 -0.01124814  0.01966417
  -0.00958941  0.01613184]
 [-0.00390044  1.          0.00411242  0.00177395  0.01710965  0.00244563
  -0.00944059 -0.00413663]
 [-0.0026127   0.00411242  1.         -0.00769861  0.00239784  0.01019532
  -0.00670667  0.00263296]
 [-0.00842208  0.00177395 -0.00769861  1.         -0.00696831  0.0030347
  -0.02493958 -0.00470258]
 [-0.01124814  0.01710965  0.00239784 -0.00696831  1.          0.01242939
  -0.01780027  0.00605589]
 [ 0.01966417  0.00244563  0.01019532  0.0030347   0.01242939  1.
  -0.01082512  0.0155764 ]
 [-0.00958941 -0.00944059 -0.00670667 -0.02493958 -0.01780027 -0.01082512
   1.         -0.03544667]
 [ 0.01613184 -0.00413663  0.00263296 -0.00470258  0.00605589  0.0155764
  -0.03544667  1.0000002 ]]
[2025-11-14 18:29:37,416][src.models.modules.semantic_id.tiger_generation_model][WARNING] - [rank: 0] Failed to stack cross attentions: stack expects each tensor to be equal size, but got [32, 6, 135] at entry 0 and [32, 6, 2, 135] at entry 1
[2025-11-14 18:29:37,417][src.models.modules.semantic_id.tiger_generation_model][WARNING] - [rank: 0]   Hierarchy 0 shape: torch.Size([32, 6, 135])
[2025-11-14 18:29:37,418][src.models.modules.semantic_id.tiger_generation_model][WARNING] - [rank: 0]   Hierarchy 1 shape: torch.Size([32, 6, 2, 135])
[2025-11-14 18:29:37,418][src.models.modules.semantic_id.tiger_generation_model][WARNING] - [rank: 0]   Hierarchy 2 shape: torch.Size([32, 6, 135])
[2025-11-14 18:29:37,418][src.models.modules.semantic_id.tiger_generation_model][WARNING] - [rank: 0]   Hierarchy 3 shape: torch.Size([32, 6, 135])
[2025-11-14 18:29:37,418][src.models.modules.semantic_id.tiger_generation_model][WARNING] - [rank: 0]   Hierarchy 4 shape: torch.Size([32, 6, 135])
[2025-11-14 18:29:37,418][src.models.modules.semantic_id.tiger_generation_model][WARNING] - [rank: 0]   Hierarchy 5 shape: torch.Size([32, 6, 135])
[2025-11-14 18:29:37,419][src.models.modules.semantic_id.tiger_generation_model][WARNING] - [rank: 0]   Hierarchy 6 shape: torch.Size([32, 6, 135])
[2025-11-14 18:29:37,419][src.models.modules.semantic_id.tiger_generation_model][WARNING] - [rank: 0]   Hierarchy 7 shape: torch.Size([32, 6, 135])
[2025-11-14 18:29:38,230][src.models.modules.semantic_id.tiger_generation_model][INFO] - [rank: 0] Saved decoder self-attention to ./attention_weights/decoder_self_attention_batch_78.pt
[2025-11-14 18:29:38,231][src.models.modules.semantic_id.tiger_generation_model][INFO] - [rank: 0] Saved encoder attention to ./attention_weights/encoder_attention_batch_78.pt
[2025-11-14 18:29:38,231][src.models.modules.semantic_id.tiger_generation_model][INFO] - [rank: 0] Saved cross attention to ./attention_weights/cross_attention_batch_78.pt
[2025-11-14 18:29:38,239][src.models.modules.semantic_id.tiger_generation_model][INFO] - [rank: 0] 当前batch的生成语义ID Embedding相似度矩阵:
[[ 1.         -0.00572075  0.00330259 -0.01769896 -0.00802282  0.00485384
  -0.00366857  0.0100927 ]
 [-0.00572075  1.          0.01167292  0.02028845  0.00198334  0.00904943
   0.00217663  0.00399537]
 [ 0.00330259  0.01167292  1.          0.01262135 -0.01089457  0.01862046
  -0.00954446  0.03526248]
 [-0.01769896  0.02028845  0.01262135  1.         -0.03200093  0.03785771
  -0.04425201  0.01819522]
 [-0.00802282  0.00198334 -0.01089457 -0.03200093  1.         -0.01242274
  -0.01982846  0.00536528]
 [ 0.00485384  0.00904943  0.01862046  0.03785771 -0.01242274  1.
  -0.04469822 -0.00876319]
 [-0.00366857  0.00217663 -0.00954446 -0.04425201 -0.01982846 -0.04469822
   1.         -0.02376651]
 [ 0.0100927   0.00399537  0.03526248  0.01819522  0.00536528 -0.00876319
  -0.02376651  1.0000001 ]]
[2025-11-14 18:29:38,548][src.models.modules.semantic_id.tiger_generation_model][INFO] - [rank: 0] 当前batch的输入Item Hierarchy Embedding相似度矩阵:
[[ 1.0000000e+00 -6.6759996e-03 -2.1568080e-03 -4.2477259e-03
  -3.3418590e-03  7.0585962e-03  1.8370944e-03 -1.3040070e-03]
 [-6.6759996e-03  1.0000000e+00  2.2207818e-03  6.5399436e-03
   1.7081376e-02  8.6555607e-04 -4.4935869e-04  1.3813161e-02]
 [-2.1568080e-03  2.2207818e-03  1.0000000e+00 -1.0832364e-02
  -1.1351608e-02 -3.4118199e-03 -6.6315718e-03  1.8156717e-03]
 [-4.2477259e-03  6.5399436e-03 -1.0832364e-02  1.0000000e+00
   2.0405488e-02  4.5211660e-03  6.1131343e-03  8.9044254e-03]
 [-3.3418590e-03  1.7081376e-02 -1.1351608e-02  2.0405488e-02
   1.0000000e+00  2.6165213e-02 -7.1962331e-03  2.9218648e-02]
 [ 7.0585962e-03  8.6555607e-04 -3.4118199e-03  4.5211660e-03
   2.6165213e-02  1.0000000e+00 -7.9684891e-03  2.1469379e-02]
 [ 1.8370944e-03 -4.4935869e-04 -6.6315718e-03  6.1131343e-03
  -7.1962331e-03 -7.9684891e-03  1.0000000e+00 -4.1900136e-02]
 [-1.3040070e-03  1.3813161e-02  1.8156717e-03  8.9044254e-03
   2.9218648e-02  2.1469379e-02 -4.1900136e-02  1.0000001e+00]]
[2025-11-14 18:29:39,279][src.models.modules.semantic_id.tiger_generation_model][WARNING] - [rank: 0] Failed to stack cross attentions: stack expects each tensor to be equal size, but got [32, 6, 135] at entry 0 and [32, 6, 2, 135] at entry 1
[2025-11-14 18:29:39,280][src.models.modules.semantic_id.tiger_generation_model][WARNING] - [rank: 0]   Hierarchy 0 shape: torch.Size([32, 6, 135])
[2025-11-14 18:29:39,280][src.models.modules.semantic_id.tiger_generation_model][WARNING] - [rank: 0]   Hierarchy 1 shape: torch.Size([32, 6, 2, 135])
[2025-11-14 18:29:39,280][src.models.modules.semantic_id.tiger_generation_model][WARNING] - [rank: 0]   Hierarchy 2 shape: torch.Size([32, 6, 135])
[2025-11-14 18:29:39,280][src.models.modules.semantic_id.tiger_generation_model][WARNING] - [rank: 0]   Hierarchy 3 shape: torch.Size([32, 6, 135])
[2025-11-14 18:29:39,280][src.models.modules.semantic_id.tiger_generation_model][WARNING] - [rank: 0]   Hierarchy 4 shape: torch.Size([32, 6, 135])
[2025-11-14 18:29:39,281][src.models.modules.semantic_id.tiger_generation_model][WARNING] - [rank: 0]   Hierarchy 5 shape: torch.Size([32, 6, 135])
[2025-11-14 18:29:39,281][src.models.modules.semantic_id.tiger_generation_model][WARNING] - [rank: 0]   Hierarchy 6 shape: torch.Size([32, 6, 135])
[2025-11-14 18:29:39,281][src.models.modules.semantic_id.tiger_generation_model][WARNING] - [rank: 0]   Hierarchy 7 shape: torch.Size([32, 6, 135])
[2025-11-14 18:29:39,903][src.models.modules.semantic_id.tiger_generation_model][INFO] - [rank: 0] Saved decoder self-attention to ./attention_weights/decoder_self_attention_batch_79.pt
[2025-11-14 18:29:39,903][src.models.modules.semantic_id.tiger_generation_model][INFO] - [rank: 0] Saved encoder attention to ./attention_weights/encoder_attention_batch_79.pt
[2025-11-14 18:29:39,904][src.models.modules.semantic_id.tiger_generation_model][INFO] - [rank: 0] Saved cross attention to ./attention_weights/cross_attention_batch_79.pt
[2025-11-14 18:29:39,912][src.models.modules.semantic_id.tiger_generation_model][INFO] - [rank: 0] 当前batch的生成语义ID Embedding相似度矩阵:
[[ 1.          0.04962828  0.03803135 -0.00246382 -0.04524684 -0.02266744
  -0.02594223 -0.01758159]
 [ 0.04962828  0.9999999   0.0167617   0.00321358 -0.01907731 -0.015148
  -0.03290766  0.01017277]
 [ 0.03803135  0.0167617   1.          0.02720194 -0.02246183  0.00259336
  -0.01266728 -0.01022342]
 [-0.00246382  0.00321358  0.02720194  1.         -0.00350939  0.0084715
  -0.01514573  0.03067619]
 [-0.04524684 -0.01907731 -0.02246183 -0.00350939  1.          0.02583292
  -0.02464168  0.02940695]
 [-0.02266744 -0.015148    0.00259336  0.0084715   0.02583292  1.0000001
  -0.01887407  0.03021275]
 [-0.02594223 -0.03290766 -0.01266728 -0.01514573 -0.02464168 -0.01887407
   1.         -0.03850751]
 [-0.01758159  0.01017277 -0.01022342  0.03067619  0.02940695  0.03021275
  -0.03850751  1.0000001 ]]
[2025-11-14 18:29:40,401][src.models.modules.semantic_id.tiger_generation_model][INFO] - [rank: 0] 当前batch的输入Item Hierarchy Embedding相似度矩阵:
[[ 1.0000000e+00  3.6508404e-03 -7.0402003e-03 -3.7916976e-03
   1.9553248e-03 -6.4897486e-03  9.5758326e-03 -1.5169422e-02]
 [ 3.6508404e-03  1.0000000e+00 -7.3329057e-03 -6.2723598e-03
  -3.2359238e-03 -5.2708066e-03 -1.4635171e-03  1.2196484e-02]
 [-7.0402003e-03 -7.3329057e-03  1.0000000e+00 -2.9553748e-03
  -6.5931114e-03 -9.0898182e-03 -1.4931141e-02 -1.0983046e-02]
 [-3.7916976e-03 -6.2723598e-03 -2.9553748e-03  1.0000000e+00
   3.6345216e-04 -7.9984935e-03  6.3478353e-04 -1.7191098e-03]
 [ 1.9553248e-03 -3.2359238e-03 -6.5931114e-03  3.6345216e-04
   1.0000000e+00 -1.9566286e-03  1.1456074e-03  1.7885597e-02]
 [-6.4897486e-03 -5.2708066e-03 -9.0898182e-03 -7.9984935e-03
  -1.9566286e-03  1.0000000e+00  3.9956970e-03  4.3462701e-03]
 [ 9.5758326e-03 -1.4635171e-03 -1.4931141e-02  6.3478353e-04
   1.1456074e-03  3.9956970e-03  1.0000000e+00 -3.7361573e-02]
 [-1.5169422e-02  1.2196484e-02 -1.0983046e-02 -1.7191098e-03
   1.7885597e-02  4.3462701e-03 -3.7361573e-02  1.0000001e+00]]
[2025-11-14 18:29:41,217][src.models.modules.semantic_id.tiger_generation_model][WARNING] - [rank: 0] Failed to stack cross attentions: stack expects each tensor to be equal size, but got [32, 6, 135] at entry 0 and [32, 6, 2, 135] at entry 1
[2025-11-14 18:29:41,218][src.models.modules.semantic_id.tiger_generation_model][WARNING] - [rank: 0]   Hierarchy 0 shape: torch.Size([32, 6, 135])
[2025-11-14 18:29:41,219][src.models.modules.semantic_id.tiger_generation_model][WARNING] - [rank: 0]   Hierarchy 1 shape: torch.Size([32, 6, 2, 135])
[2025-11-14 18:29:41,219][src.models.modules.semantic_id.tiger_generation_model][WARNING] - [rank: 0]   Hierarchy 2 shape: torch.Size([32, 6, 135])
[2025-11-14 18:29:41,220][src.models.modules.semantic_id.tiger_generation_model][WARNING] - [rank: 0]   Hierarchy 3 shape: torch.Size([32, 6, 135])
[2025-11-14 18:29:41,220][src.models.modules.semantic_id.tiger_generation_model][WARNING] - [rank: 0]   Hierarchy 4 shape: torch.Size([32, 6, 135])
[2025-11-14 18:29:41,221][src.models.modules.semantic_id.tiger_generation_model][WARNING] - [rank: 0]   Hierarchy 5 shape: torch.Size([32, 6, 135])
[2025-11-14 18:29:41,221][src.models.modules.semantic_id.tiger_generation_model][WARNING] - [rank: 0]   Hierarchy 6 shape: torch.Size([32, 6, 135])
[2025-11-14 18:29:41,222][src.models.modules.semantic_id.tiger_generation_model][WARNING] - [rank: 0]   Hierarchy 7 shape: torch.Size([32, 6, 135])
[2025-11-14 18:29:42,172][src.models.modules.semantic_id.tiger_generation_model][INFO] - [rank: 0] Saved decoder self-attention to ./attention_weights/decoder_self_attention_batch_80.pt
[2025-11-14 18:29:42,173][src.models.modules.semantic_id.tiger_generation_model][INFO] - [rank: 0] Saved encoder attention to ./attention_weights/encoder_attention_batch_80.pt
[2025-11-14 18:29:42,173][src.models.modules.semantic_id.tiger_generation_model][INFO] - [rank: 0] Saved cross attention to ./attention_weights/cross_attention_batch_80.pt
[2025-11-14 18:29:42,181][src.models.modules.semantic_id.tiger_generation_model][INFO] - [rank: 0] 当前batch的生成语义ID Embedding相似度矩阵:
[[ 1.0000000e+00  3.7718355e-04  6.0719047e-03  7.8860074e-03
  -3.3948936e-02 -1.7335531e-03 -2.4711838e-02  1.1211503e-03]
 [ 3.7718355e-04  1.0000000e+00 -2.9761540e-03  2.8742079e-02
   8.8055115e-03  6.2547126e-03 -5.5292249e-04 -1.7781537e-02]
 [ 6.0719047e-03 -2.9761540e-03  1.0000000e+00  3.8277615e-02
  -3.0941408e-02 -7.5001409e-03 -4.5734956e-03 -6.7897011e-03]
 [ 7.8860074e-03  2.8742079e-02  3.8277615e-02  1.0000000e+00
  -2.6248105e-02 -1.7155085e-03 -9.1723325e-03  3.3700384e-02]
 [-3.3948936e-02  8.8055115e-03 -3.0941408e-02 -2.6248105e-02
   1.0000000e+00 -1.1510693e-02 -1.4458592e-02  2.3193732e-02]
 [-1.7335531e-03  6.2547126e-03 -7.5001409e-03 -1.7155085e-03
  -1.1510693e-02  1.0000001e+00 -1.3681850e-02  2.9500829e-02]
 [-2.4711838e-02 -5.5292249e-04 -4.5734956e-03 -9.1723325e-03
  -1.4458592e-02 -1.3681850e-02  1.0000000e+00 -4.9102597e-02]
 [ 1.1211503e-03 -1.7781537e-02 -6.7897011e-03  3.3700384e-02
   2.3193732e-02  2.9500829e-02 -4.9102597e-02  1.0000001e+00]]
[2025-11-14 18:29:42,508][src.models.modules.semantic_id.tiger_generation_model][INFO] - [rank: 0] 当前batch的输入Item Hierarchy Embedding相似度矩阵:
[[ 1.0000000e+00 -1.3831607e-03  3.9033734e-03  1.7894353e-03
   6.5042307e-03  6.1946488e-03  3.2036928e-03  1.0128260e-03]
 [-1.3831607e-03  1.0000000e+00  5.1031434e-03 -1.1491720e-02
   4.0421756e-03 -4.5728036e-03 -1.0050159e-02  9.1932314e-03]
 [ 3.9033734e-03  5.1031434e-03  1.0000000e+00  7.5571183e-03
   7.4364804e-03  3.8636601e-04 -1.6974822e-02 -8.0634756e-03]
 [ 1.7894353e-03 -1.1491720e-02  7.5571183e-03  1.0000000e+00
  -3.1387447e-03  1.3550309e-02 -5.4079327e-03  9.6920198e-03]
 [ 6.5042307e-03  4.0421756e-03  7.4364804e-03 -3.1387447e-03
   1.0000000e+00  9.4631193e-03 -1.2560311e-02  1.8471500e-02]
 [ 6.1946488e-03 -4.5728036e-03  3.8636601e-04  1.3550309e-02
   9.4631193e-03  1.0000000e+00 -5.5202926e-03 -6.0975128e-03]
 [ 3.2036928e-03 -1.0050159e-02 -1.6974822e-02 -5.4079327e-03
  -1.2560311e-02 -5.5202926e-03  1.0000000e+00 -3.4688283e-02]
 [ 1.0128260e-03  9.1932314e-03 -8.0634756e-03  9.6920198e-03
   1.8471500e-02 -6.0975128e-03 -3.4688283e-02  1.0000001e+00]]
[2025-11-14 18:29:43,118][src.models.modules.semantic_id.tiger_generation_model][WARNING] - [rank: 0] Failed to stack cross attentions: stack expects each tensor to be equal size, but got [32, 6, 135] at entry 0 and [32, 6, 2, 135] at entry 1
[2025-11-14 18:29:43,120][src.models.modules.semantic_id.tiger_generation_model][WARNING] - [rank: 0]   Hierarchy 0 shape: torch.Size([32, 6, 135])
[2025-11-14 18:29:43,120][src.models.modules.semantic_id.tiger_generation_model][WARNING] - [rank: 0]   Hierarchy 1 shape: torch.Size([32, 6, 2, 135])
[2025-11-14 18:29:43,121][src.models.modules.semantic_id.tiger_generation_model][WARNING] - [rank: 0]   Hierarchy 2 shape: torch.Size([32, 6, 135])
[2025-11-14 18:29:43,121][src.models.modules.semantic_id.tiger_generation_model][WARNING] - [rank: 0]   Hierarchy 3 shape: torch.Size([32, 6, 135])
[2025-11-14 18:29:43,122][src.models.modules.semantic_id.tiger_generation_model][WARNING] - [rank: 0]   Hierarchy 4 shape: torch.Size([32, 6, 135])
[2025-11-14 18:29:43,122][src.models.modules.semantic_id.tiger_generation_model][WARNING] - [rank: 0]   Hierarchy 5 shape: torch.Size([32, 6, 135])
[2025-11-14 18:29:43,123][src.models.modules.semantic_id.tiger_generation_model][WARNING] - [rank: 0]   Hierarchy 6 shape: torch.Size([32, 6, 135])
[2025-11-14 18:29:43,123][src.models.modules.semantic_id.tiger_generation_model][WARNING] - [rank: 0]   Hierarchy 7 shape: torch.Size([32, 6, 135])
[2025-11-14 18:29:43,443][src.models.modules.semantic_id.tiger_generation_model][INFO] - [rank: 0] Saved decoder self-attention to ./attention_weights/decoder_self_attention_batch_81.pt
[2025-11-14 18:29:43,443][src.models.modules.semantic_id.tiger_generation_model][INFO] - [rank: 0] Saved encoder attention to ./attention_weights/encoder_attention_batch_81.pt
[2025-11-14 18:29:43,443][src.models.modules.semantic_id.tiger_generation_model][INFO] - [rank: 0] Saved cross attention to ./attention_weights/cross_attention_batch_81.pt
[2025-11-14 18:29:43,453][src.models.modules.semantic_id.tiger_generation_model][INFO] - [rank: 0] 当前batch的生成语义ID Embedding相似度矩阵:
[[ 9.9999994e-01  5.1892124e-02  5.4196827e-03 -2.1553561e-02
  -2.2557143e-02 -5.8668792e-02 -4.4564318e-02  2.5790650e-02]
 [ 5.1892124e-02  9.9999994e-01 -2.1172341e-02  1.4953829e-02
  -1.1773977e-02  7.6456661e-03 -1.4025966e-02  4.7563467e-02]
 [ 5.4196827e-03 -2.1172341e-02  1.0000000e+00  8.9109214e-03
   2.9399246e-04 -7.4335816e-03 -7.3765484e-03 -5.8011892e-03]
 [-2.1553561e-02  1.4953829e-02  8.9109214e-03  9.9999994e-01
   1.4038476e-02  3.6024310e-02  7.0567112e-03  1.4248502e-02]
 [-2.2557143e-02 -1.1773977e-02  2.9399246e-04  1.4038476e-02
   9.9999994e-01  1.6569480e-02 -4.7201369e-02 -1.9653471e-02]
 [-5.8668792e-02  7.6456661e-03 -7.4335816e-03  3.6024310e-02
   1.6569480e-02  1.0000000e+00  3.1799339e-02 -4.3018349e-02]
 [-4.4564318e-02 -1.4025966e-02 -7.3765484e-03  7.0567112e-03
  -4.7201369e-02  3.1799339e-02  1.0000000e+00 -3.3523746e-02]
 [ 2.5790650e-02  4.7563467e-02 -5.8011892e-03  1.4248502e-02
  -1.9653471e-02 -4.3018349e-02 -3.3523746e-02  1.0000001e+00]]
[2025-11-14 18:29:43,889][src.models.modules.semantic_id.tiger_generation_model][INFO] - [rank: 0] 当前batch的输入Item Hierarchy Embedding相似度矩阵:
[[ 1.          0.01129808  0.01336937 -0.00563807 -0.02321056 -0.01885315
  -0.01174102  0.02242288]
 [ 0.01129808  1.         -0.02016909  0.01289533 -0.00633227 -0.00246621
   0.00223989  0.02720306]
 [ 0.01336937 -0.02016909  1.          0.00194449  0.00251838 -0.01051608
  -0.01894895  0.00172471]
 [-0.00563807  0.01289533  0.00194449  1.         -0.00336494  0.00275035
  -0.00156707  0.01826533]
 [-0.02321056 -0.00633227  0.00251838 -0.00336494  1.         -0.00325628
  -0.01234966 -0.00362997]
 [-0.01885315 -0.00246621 -0.01051608  0.00275035 -0.00325628  1.
   0.01522281 -0.00575049]
 [-0.01174102  0.00223989 -0.01894895 -0.00156707 -0.01234966  0.01522281
   1.         -0.04416933]
 [ 0.02242288  0.02720306  0.00172471  0.01826533 -0.00362997 -0.00575049
  -0.04416933  1.0000001 ]]
[2025-11-14 18:29:44,867][src.models.modules.semantic_id.tiger_generation_model][WARNING] - [rank: 0] Failed to stack cross attentions: stack expects each tensor to be equal size, but got [32, 6, 135] at entry 0 and [32, 6, 2, 135] at entry 1
[2025-11-14 18:29:44,868][src.models.modules.semantic_id.tiger_generation_model][WARNING] - [rank: 0]   Hierarchy 0 shape: torch.Size([32, 6, 135])
[2025-11-14 18:29:44,868][src.models.modules.semantic_id.tiger_generation_model][WARNING] - [rank: 0]   Hierarchy 1 shape: torch.Size([32, 6, 2, 135])
[2025-11-14 18:29:44,868][src.models.modules.semantic_id.tiger_generation_model][WARNING] - [rank: 0]   Hierarchy 2 shape: torch.Size([32, 6, 135])
[2025-11-14 18:29:44,868][src.models.modules.semantic_id.tiger_generation_model][WARNING] - [rank: 0]   Hierarchy 3 shape: torch.Size([32, 6, 135])
[2025-11-14 18:29:44,868][src.models.modules.semantic_id.tiger_generation_model][WARNING] - [rank: 0]   Hierarchy 4 shape: torch.Size([32, 6, 135])
[2025-11-14 18:29:44,869][src.models.modules.semantic_id.tiger_generation_model][WARNING] - [rank: 0]   Hierarchy 5 shape: torch.Size([32, 6, 135])
[2025-11-14 18:29:44,869][src.models.modules.semantic_id.tiger_generation_model][WARNING] - [rank: 0]   Hierarchy 6 shape: torch.Size([32, 6, 135])
[2025-11-14 18:29:44,869][src.models.modules.semantic_id.tiger_generation_model][WARNING] - [rank: 0]   Hierarchy 7 shape: torch.Size([32, 6, 135])
[2025-11-14 18:29:45,307][src.models.modules.semantic_id.tiger_generation_model][INFO] - [rank: 0] Saved decoder self-attention to ./attention_weights/decoder_self_attention_batch_82.pt
[2025-11-14 18:29:45,308][src.models.modules.semantic_id.tiger_generation_model][INFO] - [rank: 0] Saved encoder attention to ./attention_weights/encoder_attention_batch_82.pt
[2025-11-14 18:29:45,308][src.models.modules.semantic_id.tiger_generation_model][INFO] - [rank: 0] Saved cross attention to ./attention_weights/cross_attention_batch_82.pt
[2025-11-14 18:29:45,328][src.models.modules.semantic_id.tiger_generation_model][INFO] - [rank: 0] 当前batch的生成语义ID Embedding相似度矩阵:
[[ 1.0000000e+00  3.4849040e-02  4.2545803e-02 -5.9851450e-03
  -1.0573216e-02  1.4186968e-02 -9.4169937e-04 -1.2831999e-02]
 [ 3.4849040e-02  9.9999994e-01  2.4678448e-02 -1.3058312e-02
   2.1576658e-02  4.0031169e-03 -1.5234412e-02  1.8076138e-03]
 [ 4.2545803e-02  2.4678448e-02  1.0000000e+00 -6.5926146e-03
   2.5675818e-04  3.0586869e-02 -5.6655570e-03  6.7276699e-03]
 [-5.9851450e-03 -1.3058312e-02 -6.5926146e-03  1.0000000e+00
   4.2914930e-03 -1.6023725e-02 -9.8555051e-03  1.7468708e-02]
 [-1.0573216e-02  2.1576658e-02  2.5675818e-04  4.2914930e-03
   1.0000000e+00 -2.2114281e-02 -4.5201560e-03  2.6132204e-02]
 [ 1.4186968e-02  4.0031169e-03  3.0586869e-02 -1.6023725e-02
  -2.2114281e-02  1.0000001e+00  1.2630876e-04  2.3568604e-02]
 [-9.4169937e-04 -1.5234412e-02 -5.6655570e-03 -9.8555051e-03
  -4.5201560e-03  1.2630876e-04  1.0000000e+00 -3.1663451e-02]
 [-1.2831999e-02  1.8076138e-03  6.7276699e-03  1.7468708e-02
   2.6132204e-02  2.3568604e-02 -3.1663451e-02  1.0000001e+00]]
[2025-11-14 18:29:45,678][src.models.modules.semantic_id.tiger_generation_model][INFO] - [rank: 0] 当前batch的输入Item Hierarchy Embedding相似度矩阵:
[[ 1.0000000e+00  2.2982848e-03  8.6785452e-03  2.5267687e-03
   4.5975395e-03 -4.3567913e-03  9.4658993e-03 -5.9741759e-04]
 [ 2.2982848e-03  1.0000000e+00  1.7846156e-02 -1.0044517e-02
  -2.9660312e-03  1.2270563e-02  5.1220749e-03  1.6685728e-02]
 [ 8.6785452e-03  1.7846156e-02  1.0000000e+00  2.0694915e-02
   1.0040142e-03  5.5453326e-03  3.1204256e-03  2.7280343e-05]
 [ 2.5267687e-03 -1.0044517e-02  2.0694915e-02  1.0000000e+00
   1.6041892e-02  7.7305567e-03 -6.2543661e-03 -3.8656436e-03]
 [ 4.5975395e-03 -2.9660312e-03  1.0040142e-03  1.6041892e-02
   1.0000000e+00  8.9624925e-03 -7.8605786e-03  2.5113512e-02]
 [-4.3567913e-03  1.2270563e-02  5.5453326e-03  7.7305567e-03
   8.9624925e-03  1.0000000e+00  6.1654625e-03  2.0111382e-02]
 [ 9.4658993e-03  5.1220749e-03  3.1204256e-03 -6.2543661e-03
  -7.8605786e-03  6.1654625e-03  1.0000000e+00 -3.7825160e-02]
 [-5.9741759e-04  1.6685728e-02  2.7280343e-05 -3.8656436e-03
   2.5113512e-02  2.0111382e-02 -3.7825160e-02  1.0000001e+00]]
[2025-11-14 18:29:46,642][src.models.modules.semantic_id.tiger_generation_model][WARNING] - [rank: 0] Failed to stack cross attentions: stack expects each tensor to be equal size, but got [32, 6, 135] at entry 0 and [32, 6, 2, 135] at entry 1
[2025-11-14 18:29:46,644][src.models.modules.semantic_id.tiger_generation_model][WARNING] - [rank: 0]   Hierarchy 0 shape: torch.Size([32, 6, 135])
[2025-11-14 18:29:46,644][src.models.modules.semantic_id.tiger_generation_model][WARNING] - [rank: 0]   Hierarchy 1 shape: torch.Size([32, 6, 2, 135])
[2025-11-14 18:29:46,645][src.models.modules.semantic_id.tiger_generation_model][WARNING] - [rank: 0]   Hierarchy 2 shape: torch.Size([32, 6, 135])
[2025-11-14 18:29:46,645][src.models.modules.semantic_id.tiger_generation_model][WARNING] - [rank: 0]   Hierarchy 3 shape: torch.Size([32, 6, 135])
[2025-11-14 18:29:46,645][src.models.modules.semantic_id.tiger_generation_model][WARNING] - [rank: 0]   Hierarchy 4 shape: torch.Size([32, 6, 135])
[2025-11-14 18:29:46,645][src.models.modules.semantic_id.tiger_generation_model][WARNING] - [rank: 0]   Hierarchy 5 shape: torch.Size([32, 6, 135])
[2025-11-14 18:29:46,645][src.models.modules.semantic_id.tiger_generation_model][WARNING] - [rank: 0]   Hierarchy 6 shape: torch.Size([32, 6, 135])
[2025-11-14 18:29:46,646][src.models.modules.semantic_id.tiger_generation_model][WARNING] - [rank: 0]   Hierarchy 7 shape: torch.Size([32, 6, 135])
[2025-11-14 18:29:47,564][src.models.modules.semantic_id.tiger_generation_model][INFO] - [rank: 0] Saved decoder self-attention to ./attention_weights/decoder_self_attention_batch_83.pt
[2025-11-14 18:29:47,564][src.models.modules.semantic_id.tiger_generation_model][INFO] - [rank: 0] Saved encoder attention to ./attention_weights/encoder_attention_batch_83.pt
[2025-11-14 18:29:47,565][src.models.modules.semantic_id.tiger_generation_model][INFO] - [rank: 0] Saved cross attention to ./attention_weights/cross_attention_batch_83.pt
[2025-11-14 18:29:47,572][src.models.modules.semantic_id.tiger_generation_model][INFO] - [rank: 0] 当前batch的生成语义ID Embedding相似度矩阵:
[[ 1.0000000e+00  1.1198346e-02 -1.5430126e-02 -2.2967566e-02
  -1.3216336e-03 -3.1172875e-02 -1.8391466e-02  1.2761937e-03]
 [ 1.1198346e-02  9.9999994e-01  4.2426948e-02 -1.0096617e-02
   2.4902388e-03 -1.1024183e-02  3.0255437e-02 -1.7191796e-04]
 [-1.5430126e-02  4.2426948e-02  1.0000000e+00 -1.0374486e-02
  -1.8722821e-02 -7.2264057e-03  6.3030417e-03  3.0805325e-02]
 [-2.2967566e-02 -1.0096617e-02 -1.0374486e-02  1.0000000e+00
   2.3789052e-04  1.1790117e-02 -2.7422328e-02  2.7618755e-02]
 [-1.3216336e-03  2.4902388e-03 -1.8722821e-02  2.3789052e-04
   1.0000001e+00 -2.6319817e-02 -7.9883765e-03  2.5334034e-02]
 [-3.1172875e-02 -1.1024183e-02 -7.2264057e-03  1.1790117e-02
  -2.6319817e-02  1.0000000e+00 -4.0811580e-03 -1.3001681e-02]
 [-1.8391466e-02  3.0255437e-02  6.3030417e-03 -2.7422328e-02
  -7.9883765e-03 -4.0811580e-03  1.0000000e+00 -6.2608562e-02]
 [ 1.2761937e-03 -1.7191796e-04  3.0805325e-02  2.7618755e-02
   2.5334034e-02 -1.3001681e-02 -6.2608562e-02  1.0000001e+00]]
[2025-11-14 18:29:47,843][src.models.modules.semantic_id.tiger_generation_model][INFO] - [rank: 0] 当前batch的输入Item Hierarchy Embedding相似度矩阵:
[[ 1.0000000e+00  1.0005748e-02 -1.0000647e-02  1.5738308e-02
  -1.0647138e-03  1.1819583e-02 -1.7750299e-03  8.0212560e-03]
 [ 1.0005748e-02  1.0000000e+00 -2.3836377e-03 -4.1221809e-03
   8.2027484e-03 -8.1918910e-03 -2.0724717e-03  1.7287755e-02]
 [-1.0000647e-02 -2.3836377e-03  1.0000000e+00  1.1225835e-02
   9.2508504e-03  1.9495718e-03 -9.9777896e-03  1.1368300e-02]
 [ 1.5738308e-02 -4.1221809e-03  1.1225835e-02  1.0000000e+00
   1.0609225e-02  2.9856262e-03 -6.9292118e-03  6.0662311e-03]
 [-1.0647138e-03  8.2027484e-03  9.2508504e-03  1.0609225e-02
   1.0000000e+00  7.1636313e-03 -4.8814043e-03  1.6185047e-02]
 [ 1.1819583e-02 -8.1918910e-03  1.9495718e-03  2.9856262e-03
   7.1636313e-03  1.0000000e+00 -1.5943822e-02 -1.6778432e-04]
 [-1.7750299e-03 -2.0724717e-03 -9.9777896e-03 -6.9292118e-03
  -4.8814043e-03 -1.5943822e-02  1.0000000e+00 -5.7047103e-02]
 [ 8.0212560e-03  1.7287755e-02  1.1368300e-02  6.0662311e-03
   1.6185047e-02 -1.6778432e-04 -5.7047103e-02  1.0000001e+00]]
[2025-11-14 18:29:48,656][src.models.modules.semantic_id.tiger_generation_model][WARNING] - [rank: 0] Failed to stack cross attentions: stack expects each tensor to be equal size, but got [32, 6, 135] at entry 0 and [32, 6, 2, 135] at entry 1
[2025-11-14 18:29:48,658][src.models.modules.semantic_id.tiger_generation_model][WARNING] - [rank: 0]   Hierarchy 0 shape: torch.Size([32, 6, 135])
[2025-11-14 18:29:48,658][src.models.modules.semantic_id.tiger_generation_model][WARNING] - [rank: 0]   Hierarchy 1 shape: torch.Size([32, 6, 2, 135])
[2025-11-14 18:29:48,658][src.models.modules.semantic_id.tiger_generation_model][WARNING] - [rank: 0]   Hierarchy 2 shape: torch.Size([32, 6, 135])
[2025-11-14 18:29:48,659][src.models.modules.semantic_id.tiger_generation_model][WARNING] - [rank: 0]   Hierarchy 3 shape: torch.Size([32, 6, 135])
[2025-11-14 18:29:48,659][src.models.modules.semantic_id.tiger_generation_model][WARNING] - [rank: 0]   Hierarchy 4 shape: torch.Size([32, 6, 135])
[2025-11-14 18:29:48,659][src.models.modules.semantic_id.tiger_generation_model][WARNING] - [rank: 0]   Hierarchy 5 shape: torch.Size([32, 6, 135])
[2025-11-14 18:29:48,659][src.models.modules.semantic_id.tiger_generation_model][WARNING] - [rank: 0]   Hierarchy 6 shape: torch.Size([32, 6, 135])
[2025-11-14 18:29:48,660][src.models.modules.semantic_id.tiger_generation_model][WARNING] - [rank: 0]   Hierarchy 7 shape: torch.Size([32, 6, 135])
[2025-11-14 18:29:49,043][src.models.modules.semantic_id.tiger_generation_model][INFO] - [rank: 0] Saved decoder self-attention to ./attention_weights/decoder_self_attention_batch_84.pt
[2025-11-14 18:29:49,044][src.models.modules.semantic_id.tiger_generation_model][INFO] - [rank: 0] Saved encoder attention to ./attention_weights/encoder_attention_batch_84.pt
[2025-11-14 18:29:49,044][src.models.modules.semantic_id.tiger_generation_model][INFO] - [rank: 0] Saved cross attention to ./attention_weights/cross_attention_batch_84.pt
[2025-11-14 18:29:49,055][src.models.modules.semantic_id.tiger_generation_model][INFO] - [rank: 0] 当前batch的生成语义ID Embedding相似度矩阵:
[[ 1.0000000e+00  9.0892455e-03 -6.0542654e-03  2.9840514e-02
  -1.4427303e-02 -1.6584750e-02 -9.6679479e-04  2.0379722e-02]
 [ 9.0892455e-03  1.0000000e+00  1.2054238e-02  2.8482106e-02
   1.3433285e-02 -2.5435835e-03  2.4391659e-02  2.1597594e-03]
 [-6.0542654e-03  1.2054238e-02  1.0000000e+00 -9.9598141e-03
  -1.3705112e-02  7.8522172e-03  1.4082373e-03  1.1319428e-02]
 [ 2.9840514e-02  2.8482106e-02 -9.9598141e-03  1.0000000e+00
  -2.1450987e-02 -2.5114261e-02 -1.4560307e-02  8.4163398e-03]
 [-1.4427303e-02  1.3433285e-02 -1.3705112e-02 -2.1450987e-02
   1.0000000e+00 -3.1726267e-02 -3.3074291e-03 -1.3147308e-03]
 [-1.6584750e-02 -2.5435835e-03  7.8522172e-03 -2.5114261e-02
  -3.1726267e-02  1.0000000e+00  4.2377184e-03 -1.5962999e-02]
 [-9.6679479e-04  2.4391659e-02  1.4082373e-03 -1.4560307e-02
  -3.3074291e-03  4.2377184e-03  1.0000000e+00 -1.9136369e-02]
 [ 2.0379722e-02  2.1597594e-03  1.1319428e-02  8.4163398e-03
  -1.3147308e-03 -1.5962999e-02 -1.9136369e-02  1.0000001e+00]]
[2025-11-14 18:29:49,458][src.models.modules.semantic_id.tiger_generation_model][INFO] - [rank: 0] 当前batch的输入Item Hierarchy Embedding相似度矩阵:
[[ 1.          0.01662211 -0.01449173  0.00680871 -0.00673845  0.00471866
   0.00333932  0.01107676]
 [ 0.01662211  1.          0.01468016  0.00587911 -0.00523591  0.00532006
   0.00451422  0.00948689]
 [-0.01449173  0.01468016  1.         -0.00537318  0.01240161  0.00939586
  -0.01659385  0.00137684]
 [ 0.00680871  0.00587911 -0.00537318  1.         -0.00644271 -0.00406486
  -0.00278386 -0.00153164]
 [-0.00673845 -0.00523591  0.01240161 -0.00644271  1.          0.0068256
   0.00176865  0.01577775]
 [ 0.00471866  0.00532006  0.00939586 -0.00406486  0.0068256   1.
  -0.02478538 -0.01620081]
 [ 0.00333932  0.00451422 -0.01659385 -0.00278386  0.00176865 -0.02478538
   1.         -0.03947714]
 [ 0.01107676  0.00948689  0.00137684 -0.00153164  0.01577775 -0.01620081
  -0.03947714  1.0000001 ]]
[2025-11-14 18:29:50,699][src.models.modules.semantic_id.tiger_generation_model][WARNING] - [rank: 0] Failed to stack cross attentions: stack expects each tensor to be equal size, but got [32, 6, 135] at entry 0 and [32, 6, 2, 135] at entry 1
[2025-11-14 18:29:50,700][src.models.modules.semantic_id.tiger_generation_model][WARNING] - [rank: 0]   Hierarchy 0 shape: torch.Size([32, 6, 135])
[2025-11-14 18:29:50,700][src.models.modules.semantic_id.tiger_generation_model][WARNING] - [rank: 0]   Hierarchy 1 shape: torch.Size([32, 6, 2, 135])
[2025-11-14 18:29:50,701][src.models.modules.semantic_id.tiger_generation_model][WARNING] - [rank: 0]   Hierarchy 2 shape: torch.Size([32, 6, 135])
[2025-11-14 18:29:50,701][src.models.modules.semantic_id.tiger_generation_model][WARNING] - [rank: 0]   Hierarchy 3 shape: torch.Size([32, 6, 135])
[2025-11-14 18:29:50,701][src.models.modules.semantic_id.tiger_generation_model][WARNING] - [rank: 0]   Hierarchy 4 shape: torch.Size([32, 6, 135])
[2025-11-14 18:29:50,701][src.models.modules.semantic_id.tiger_generation_model][WARNING] - [rank: 0]   Hierarchy 5 shape: torch.Size([32, 6, 135])
[2025-11-14 18:29:50,701][src.models.modules.semantic_id.tiger_generation_model][WARNING] - [rank: 0]   Hierarchy 6 shape: torch.Size([32, 6, 135])
[2025-11-14 18:29:50,702][src.models.modules.semantic_id.tiger_generation_model][WARNING] - [rank: 0]   Hierarchy 7 shape: torch.Size([32, 6, 135])
[2025-11-14 18:29:51,516][src.models.modules.semantic_id.tiger_generation_model][INFO] - [rank: 0] Saved decoder self-attention to ./attention_weights/decoder_self_attention_batch_85.pt
[2025-11-14 18:29:51,517][src.models.modules.semantic_id.tiger_generation_model][INFO] - [rank: 0] Saved encoder attention to ./attention_weights/encoder_attention_batch_85.pt
[2025-11-14 18:29:51,517][src.models.modules.semantic_id.tiger_generation_model][INFO] - [rank: 0] Saved cross attention to ./attention_weights/cross_attention_batch_85.pt
[2025-11-14 18:29:51,540][src.models.modules.semantic_id.tiger_generation_model][INFO] - [rank: 0] 当前batch的生成语义ID Embedding相似度矩阵:
[[ 1.00000000e+00  6.11687936e-02 -1.65890045e-02  1.13710919e-02
  -1.50793754e-02 -5.21410257e-05 -2.43372433e-02 -6.01346325e-03]
 [ 6.11687936e-02  1.00000000e+00  1.39417360e-04  7.61559093e-03
   3.79652791e-02  1.86711662e-02  1.24268718e-02 -1.16846000e-03]
 [-1.65890045e-02  1.39417360e-04  1.00000000e+00  2.37426981e-02
  -1.77550726e-02  1.12475865e-02  7.16979615e-03  5.41223064e-02]
 [ 1.13710919e-02  7.61559093e-03  2.37426981e-02  9.99999940e-01
  -1.34781823e-02 -3.26297525e-03 -1.22977803e-02  3.94316018e-02]
 [-1.50793754e-02  3.79652791e-02 -1.77550726e-02 -1.34781823e-02
   1.00000000e+00  4.52167867e-03 -1.79660879e-02 -2.82406490e-02]
 [-5.21410257e-05  1.86711662e-02  1.12475865e-02 -3.26297525e-03
   4.52167867e-03  1.00000000e+00 -4.04809117e-02  1.49768125e-02]
 [-2.43372433e-02  1.24268718e-02  7.16979615e-03 -1.22977803e-02
  -1.79660879e-02 -4.04809117e-02  1.00000000e+00  5.55650890e-03]
 [-6.01346325e-03 -1.16846000e-03  5.41223064e-02  3.94316018e-02
  -2.82406490e-02  1.49768125e-02  5.55650890e-03  1.00000012e+00]]
[2025-11-14 18:29:52,061][src.models.modules.semantic_id.tiger_generation_model][INFO] - [rank: 0] 当前batch的输入Item Hierarchy Embedding相似度矩阵:
[[ 1.0000000e+00 -1.1622374e-02  6.3368855e-03  4.1046953e-03
  -2.0892080e-03 -8.8482542e-04  7.6392235e-04 -2.2930726e-03]
 [-1.1622374e-02  1.0000000e+00  1.0559107e-05  4.7731879e-03
   1.1736044e-02 -1.0779892e-02 -3.5436763e-03  7.0643094e-03]
 [ 6.3368855e-03  1.0559107e-05  1.0000000e+00 -4.9277931e-03
  -1.5841607e-03  1.0642317e-02 -1.6398702e-02  1.0041159e-02]
 [ 4.1046953e-03  4.7731879e-03 -4.9277931e-03  1.0000000e+00
   3.7537059e-03  1.3363444e-02 -1.0065044e-02  1.0975800e-02]
 [-2.0892080e-03  1.1736044e-02 -1.5841607e-03  3.7537059e-03
   1.0000000e+00  1.0024565e-02 -1.1870455e-02  2.4416115e-02]
 [-8.8482542e-04 -1.0779892e-02  1.0642317e-02  1.3363444e-02
   1.0024565e-02  1.0000000e+00 -9.1227004e-03 -2.7661168e-03]
 [ 7.6392235e-04 -3.5436763e-03 -1.6398702e-02 -1.0065044e-02
  -1.1870455e-02 -9.1227004e-03  1.0000000e+00 -3.0971359e-02]
 [-2.2930726e-03  7.0643094e-03  1.0041159e-02  1.0975800e-02
   2.4416115e-02 -2.7661168e-03 -3.0971359e-02  1.0000001e+00]]
[2025-11-14 18:29:52,903][src.models.modules.semantic_id.tiger_generation_model][WARNING] - [rank: 0] Failed to stack cross attentions: stack expects each tensor to be equal size, but got [32, 6, 135] at entry 0 and [32, 6, 2, 135] at entry 1
[2025-11-14 18:29:52,904][src.models.modules.semantic_id.tiger_generation_model][WARNING] - [rank: 0]   Hierarchy 0 shape: torch.Size([32, 6, 135])
[2025-11-14 18:29:52,905][src.models.modules.semantic_id.tiger_generation_model][WARNING] - [rank: 0]   Hierarchy 1 shape: torch.Size([32, 6, 2, 135])
[2025-11-14 18:29:52,905][src.models.modules.semantic_id.tiger_generation_model][WARNING] - [rank: 0]   Hierarchy 2 shape: torch.Size([32, 6, 135])
[2025-11-14 18:29:52,905][src.models.modules.semantic_id.tiger_generation_model][WARNING] - [rank: 0]   Hierarchy 3 shape: torch.Size([32, 6, 135])
[2025-11-14 18:29:52,905][src.models.modules.semantic_id.tiger_generation_model][WARNING] - [rank: 0]   Hierarchy 4 shape: torch.Size([32, 6, 135])
[2025-11-14 18:29:52,905][src.models.modules.semantic_id.tiger_generation_model][WARNING] - [rank: 0]   Hierarchy 5 shape: torch.Size([32, 6, 135])
[2025-11-14 18:29:52,906][src.models.modules.semantic_id.tiger_generation_model][WARNING] - [rank: 0]   Hierarchy 6 shape: torch.Size([32, 6, 135])
[2025-11-14 18:29:52,906][src.models.modules.semantic_id.tiger_generation_model][WARNING] - [rank: 0]   Hierarchy 7 shape: torch.Size([32, 6, 135])
[2025-11-14 18:29:53,436][src.models.modules.semantic_id.tiger_generation_model][INFO] - [rank: 0] Saved decoder self-attention to ./attention_weights/decoder_self_attention_batch_86.pt
[2025-11-14 18:29:53,436][src.models.modules.semantic_id.tiger_generation_model][INFO] - [rank: 0] Saved encoder attention to ./attention_weights/encoder_attention_batch_86.pt
[2025-11-14 18:29:53,437][src.models.modules.semantic_id.tiger_generation_model][INFO] - [rank: 0] Saved cross attention to ./attention_weights/cross_attention_batch_86.pt
[2025-11-14 18:29:53,443][src.models.modules.semantic_id.tiger_generation_model][INFO] - [rank: 0] 当前batch的生成语义ID Embedding相似度矩阵:
[[ 1.         -0.02006018 -0.00218745  0.01353381 -0.01761452 -0.00813143
   0.01680718  0.03591067]
 [-0.02006018  1.          0.01183486  0.00353768  0.00895707 -0.00736877
  -0.00629472  0.02023489]
 [-0.00218745  0.01183486  1.         -0.00997125 -0.01119206  0.02730982
   0.0069258   0.03558128]
 [ 0.01353381  0.00353768 -0.00997125  1.          0.00945258 -0.00413116
  -0.0046806   0.02134805]
 [-0.01761452  0.00895707 -0.01119206  0.00945258  1.          0.00726495
   0.00486935 -0.01031721]
 [-0.00813143 -0.00736877  0.02730982 -0.00413116  0.00726495  1.
  -0.02345823 -0.00372477]
 [ 0.01680718 -0.00629472  0.0069258  -0.0046806   0.00486935 -0.02345823
   1.         -0.02260625]
 [ 0.03591067  0.02023489  0.03558128  0.02134805 -0.01031721 -0.00372477
  -0.02260625  1.0000001 ]]
[2025-11-14 18:29:53,628][src.models.modules.semantic_id.tiger_generation_model][INFO] - [rank: 0] 当前batch的输入Item Hierarchy Embedding相似度矩阵:
[[ 1.0000000e+00  3.9903061e-03 -1.0164023e-03  5.0263549e-04
   2.7010462e-03  1.7648526e-03  1.0498731e-02 -7.6057818e-03]
 [ 3.9903061e-03  1.0000000e+00 -8.4873810e-03  3.3228036e-03
  -3.4489462e-03  6.2699039e-03 -7.4963402e-03  1.7390441e-02]
 [-1.0164023e-03 -8.4873810e-03  1.0000000e+00  8.7701231e-03
   9.2723882e-03  5.6404509e-03  3.5841616e-03  2.9267294e-03]
 [ 5.0263549e-04  3.3228036e-03  8.7701231e-03  1.0000000e+00
  -1.8557842e-03 -4.2379494e-03 -7.0663071e-03  1.1309404e-02]
 [ 2.7010462e-03 -3.4489462e-03  9.2723882e-03 -1.8557842e-03
   1.0000000e+00  2.5419204e-04 -5.0910013e-03  3.3990641e-03]
 [ 1.7648526e-03  6.2699039e-03  5.6404509e-03 -4.2379494e-03
   2.5419204e-04  1.0000000e+00 -3.9494438e-03  6.5170010e-03]
 [ 1.0498731e-02 -7.4963402e-03  3.5841616e-03 -7.0663071e-03
  -5.0910013e-03 -3.9494438e-03  1.0000000e+00 -4.9172100e-02]
 [-7.6057818e-03  1.7390441e-02  2.9267294e-03  1.1309404e-02
   3.3990641e-03  6.5170010e-03 -4.9172100e-02  1.0000002e+00]]
[2025-11-14 18:29:54,618][src.models.modules.semantic_id.tiger_generation_model][WARNING] - [rank: 0] Failed to stack cross attentions: stack expects each tensor to be equal size, but got [32, 6, 135] at entry 0 and [32, 6, 2, 135] at entry 1
[2025-11-14 18:29:54,619][src.models.modules.semantic_id.tiger_generation_model][WARNING] - [rank: 0]   Hierarchy 0 shape: torch.Size([32, 6, 135])
[2025-11-14 18:29:54,620][src.models.modules.semantic_id.tiger_generation_model][WARNING] - [rank: 0]   Hierarchy 1 shape: torch.Size([32, 6, 2, 135])
[2025-11-14 18:29:54,621][src.models.modules.semantic_id.tiger_generation_model][WARNING] - [rank: 0]   Hierarchy 2 shape: torch.Size([32, 6, 135])
[2025-11-14 18:29:54,621][src.models.modules.semantic_id.tiger_generation_model][WARNING] - [rank: 0]   Hierarchy 3 shape: torch.Size([32, 6, 135])
[2025-11-14 18:29:54,621][src.models.modules.semantic_id.tiger_generation_model][WARNING] - [rank: 0]   Hierarchy 4 shape: torch.Size([32, 6, 135])
[2025-11-14 18:29:54,622][src.models.modules.semantic_id.tiger_generation_model][WARNING] - [rank: 0]   Hierarchy 5 shape: torch.Size([32, 6, 135])
[2025-11-14 18:29:54,622][src.models.modules.semantic_id.tiger_generation_model][WARNING] - [rank: 0]   Hierarchy 6 shape: torch.Size([32, 6, 135])
[2025-11-14 18:29:54,623][src.models.modules.semantic_id.tiger_generation_model][WARNING] - [rank: 0]   Hierarchy 7 shape: torch.Size([32, 6, 135])
[2025-11-14 18:29:55,014][src.models.modules.semantic_id.tiger_generation_model][INFO] - [rank: 0] Saved decoder self-attention to ./attention_weights/decoder_self_attention_batch_87.pt
[2025-11-14 18:29:55,018][src.models.modules.semantic_id.tiger_generation_model][INFO] - [rank: 0] Saved encoder attention to ./attention_weights/encoder_attention_batch_87.pt
[2025-11-14 18:29:55,018][src.models.modules.semantic_id.tiger_generation_model][INFO] - [rank: 0] Saved cross attention to ./attention_weights/cross_attention_batch_87.pt
[2025-11-14 18:29:55,036][src.models.modules.semantic_id.tiger_generation_model][INFO] - [rank: 0] 当前batch的生成语义ID Embedding相似度矩阵:
[[ 1.00000000e+00  2.10139267e-02  6.17043674e-03 -3.19067873e-02
  -2.51583382e-02 -4.90335654e-03 -3.79876643e-02 -8.18462484e-03]
 [ 2.10139267e-02  9.99999940e-01 -3.26824561e-02  1.55051164e-02
   6.83838036e-04  1.13075655e-02 -2.50442475e-02 -4.24917787e-02]
 [ 6.17043674e-03 -3.26824561e-02  1.00000000e+00  7.18103256e-03
  -9.68850777e-03  4.08863649e-02  4.73726541e-05 -1.07919304e-02]
 [-3.19067873e-02  1.55051164e-02  7.18103256e-03  1.00000000e+00
  -1.57578569e-03  4.29827683e-02  1.48793012e-02  1.99947935e-02]
 [-2.51583382e-02  6.83838036e-04 -9.68850777e-03 -1.57578569e-03
   9.99999940e-01 -1.33050634e-02 -2.89717764e-02  7.90774599e-02]
 [-4.90335654e-03  1.13075655e-02  4.08863649e-02  4.29827683e-02
  -1.33050634e-02  1.00000012e+00 -3.30276974e-03  8.96817073e-06]
 [-3.79876643e-02 -2.50442475e-02  4.73726541e-05  1.48793012e-02
  -2.89717764e-02 -3.30276974e-03  1.00000000e+00 -4.37338389e-02]
 [-8.18462484e-03 -4.24917787e-02 -1.07919304e-02  1.99947935e-02
   7.90774599e-02  8.96817073e-06 -4.37338389e-02  1.00000012e+00]]
[2025-11-14 18:29:55,386][src.models.modules.semantic_id.tiger_generation_model][INFO] - [rank: 0] 当前batch的输入Item Hierarchy Embedding相似度矩阵:
[[ 1.         -0.00328421 -0.00266305 -0.01444272 -0.01754779 -0.0066218
   0.00307547 -0.01170284]
 [-0.00328421  1.          0.00485296 -0.00179565  0.01406891 -0.00240694
   0.0015456  -0.00342056]
 [-0.00266305  0.00485296  1.         -0.00166385  0.01196375  0.00832708
  -0.00217352  0.00579079]
 [-0.01444272 -0.00179565 -0.00166385  1.          0.00370382  0.00303714
  -0.02635484  0.00611693]
 [-0.01754779  0.01406891  0.01196375  0.00370382  1.          0.00446658
  -0.00822922  0.01087642]
 [-0.0066218  -0.00240694  0.00832708  0.00303714  0.00446658  1.
  -0.01634754  0.00869274]
 [ 0.00307547  0.0015456  -0.00217352 -0.02635484 -0.00822922 -0.01634754
   1.         -0.04485995]
 [-0.01170284 -0.00342056  0.00579079  0.00611693  0.01087642  0.00869274
  -0.04485995  1.0000001 ]]
[2025-11-14 18:29:56,909][src.models.modules.semantic_id.tiger_generation_model][WARNING] - [rank: 0] Failed to stack cross attentions: stack expects each tensor to be equal size, but got [32, 6, 135] at entry 0 and [32, 6, 2, 135] at entry 1
[2025-11-14 18:29:56,910][src.models.modules.semantic_id.tiger_generation_model][WARNING] - [rank: 0]   Hierarchy 0 shape: torch.Size([32, 6, 135])
[2025-11-14 18:29:56,910][src.models.modules.semantic_id.tiger_generation_model][WARNING] - [rank: 0]   Hierarchy 1 shape: torch.Size([32, 6, 2, 135])
[2025-11-14 18:29:56,910][src.models.modules.semantic_id.tiger_generation_model][WARNING] - [rank: 0]   Hierarchy 2 shape: torch.Size([32, 6, 135])
[2025-11-14 18:29:56,910][src.models.modules.semantic_id.tiger_generation_model][WARNING] - [rank: 0]   Hierarchy 3 shape: torch.Size([32, 6, 135])
[2025-11-14 18:29:56,911][src.models.modules.semantic_id.tiger_generation_model][WARNING] - [rank: 0]   Hierarchy 4 shape: torch.Size([32, 6, 135])
[2025-11-14 18:29:56,911][src.models.modules.semantic_id.tiger_generation_model][WARNING] - [rank: 0]   Hierarchy 5 shape: torch.Size([32, 6, 135])
[2025-11-14 18:29:56,914][src.models.modules.semantic_id.tiger_generation_model][WARNING] - [rank: 0]   Hierarchy 6 shape: torch.Size([32, 6, 135])
[2025-11-14 18:29:56,914][src.models.modules.semantic_id.tiger_generation_model][WARNING] - [rank: 0]   Hierarchy 7 shape: torch.Size([32, 6, 135])
[2025-11-14 18:29:57,494][src.models.modules.semantic_id.tiger_generation_model][INFO] - [rank: 0] Saved decoder self-attention to ./attention_weights/decoder_self_attention_batch_88.pt
[2025-11-14 18:29:57,494][src.models.modules.semantic_id.tiger_generation_model][INFO] - [rank: 0] Saved encoder attention to ./attention_weights/encoder_attention_batch_88.pt
[2025-11-14 18:29:57,495][src.models.modules.semantic_id.tiger_generation_model][INFO] - [rank: 0] Saved cross attention to ./attention_weights/cross_attention_batch_88.pt
[2025-11-14 18:29:57,501][src.models.modules.semantic_id.tiger_generation_model][INFO] - [rank: 0] 当前batch的生成语义ID Embedding相似度矩阵:
[[ 1.          0.02807467 -0.00257579  0.01181795 -0.00844039 -0.01484343
  -0.01581139  0.01967082]
 [ 0.02807467  1.         -0.00709139 -0.01149101  0.01466884  0.03143984
   0.02119032 -0.0200694 ]
 [-0.00257579 -0.00709139  1.          0.01488505  0.0133374   0.01665767
  -0.01090764  0.00799448]
 [ 0.01181795 -0.01149101  0.01488505  1.         -0.01941     0.01661826
  -0.0047623   0.01706606]
 [-0.00844039  0.01466884  0.0133374  -0.01941     1.         -0.01607554
  -0.00209727 -0.00961255]
 [-0.01484343  0.03143984  0.01665767  0.01661826 -0.01607554  1.
  -0.00434867  0.01053832]
 [-0.01581139  0.02119032 -0.01090764 -0.0047623  -0.00209727 -0.00434867
   1.         -0.04418216]
 [ 0.01967082 -0.0200694   0.00799448  0.01706606 -0.00961255  0.01053832
  -0.04418216  1.0000001 ]]
[2025-11-14 18:29:57,595][src.models.modules.semantic_id.tiger_generation_model][INFO] - [rank: 0] 当前batch的输入Item Hierarchy Embedding相似度矩阵:
[[ 9.9999994e-01  3.0568331e-03 -5.1213438e-03 -3.4989284e-03
   5.8902465e-03 -1.2508319e-02  1.4956175e-02 -9.5372647e-03]
 [ 3.0568331e-03  9.9999994e-01  1.5288752e-02 -1.8337895e-03
  -2.6331395e-03 -1.9874247e-02  1.0815305e-02  7.1464810e-03]
 [-5.1213438e-03  1.5288752e-02  9.9999994e-01 -3.1468954e-03
  -3.9103352e-03 -5.9365956e-03  1.0923177e-03 -5.5511197e-04]
 [-3.4989284e-03 -1.8337895e-03 -3.1468954e-03  9.9999994e-01
   6.7150635e-03 -2.7290620e-03 -1.2274351e-02  9.8350290e-03]
 [ 5.8902465e-03 -2.6331395e-03 -3.9103352e-03  6.7150635e-03
   9.9999994e-01  2.7398004e-03 -1.2307044e-02  1.8292166e-02]
 [-1.2508319e-02 -1.9874247e-02 -5.9365956e-03 -2.7290620e-03
   2.7398004e-03  9.9999994e-01 -7.4713156e-03  1.8051447e-02]
 [ 1.4956175e-02  1.0815305e-02  1.0923177e-03 -1.2274351e-02
  -1.2307044e-02 -7.4713156e-03  9.9999994e-01 -4.2959444e-02]
 [-9.5372647e-03  7.1464810e-03 -5.5511197e-04  9.8350290e-03
   1.8292166e-02  1.8051447e-02 -4.2959444e-02  1.0000001e+00]]
[2025-11-14 18:29:59,244][src.models.modules.semantic_id.tiger_generation_model][WARNING] - [rank: 0] Failed to stack cross attentions: stack expects each tensor to be equal size, but got [32, 6, 135] at entry 0 and [32, 6, 2, 135] at entry 1
[2025-11-14 18:29:59,244][src.models.modules.semantic_id.tiger_generation_model][WARNING] - [rank: 0]   Hierarchy 0 shape: torch.Size([32, 6, 135])
[2025-11-14 18:29:59,245][src.models.modules.semantic_id.tiger_generation_model][WARNING] - [rank: 0]   Hierarchy 1 shape: torch.Size([32, 6, 2, 135])
[2025-11-14 18:29:59,246][src.models.modules.semantic_id.tiger_generation_model][WARNING] - [rank: 0]   Hierarchy 2 shape: torch.Size([32, 6, 135])
[2025-11-14 18:29:59,246][src.models.modules.semantic_id.tiger_generation_model][WARNING] - [rank: 0]   Hierarchy 3 shape: torch.Size([32, 6, 135])
[2025-11-14 18:29:59,247][src.models.modules.semantic_id.tiger_generation_model][WARNING] - [rank: 0]   Hierarchy 4 shape: torch.Size([32, 6, 135])
[2025-11-14 18:29:59,248][src.models.modules.semantic_id.tiger_generation_model][WARNING] - [rank: 0]   Hierarchy 5 shape: torch.Size([32, 6, 135])
[2025-11-14 18:29:59,248][src.models.modules.semantic_id.tiger_generation_model][WARNING] - [rank: 0]   Hierarchy 6 shape: torch.Size([32, 6, 135])
[2025-11-14 18:29:59,249][src.models.modules.semantic_id.tiger_generation_model][WARNING] - [rank: 0]   Hierarchy 7 shape: torch.Size([32, 6, 135])
[2025-11-14 18:30:00,172][src.models.modules.semantic_id.tiger_generation_model][INFO] - [rank: 0] Saved decoder self-attention to ./attention_weights/decoder_self_attention_batch_89.pt
[2025-11-14 18:30:00,173][src.models.modules.semantic_id.tiger_generation_model][INFO] - [rank: 0] Saved encoder attention to ./attention_weights/encoder_attention_batch_89.pt
[2025-11-14 18:30:00,173][src.models.modules.semantic_id.tiger_generation_model][INFO] - [rank: 0] Saved cross attention to ./attention_weights/cross_attention_batch_89.pt
[2025-11-14 18:30:00,179][src.models.modules.semantic_id.tiger_generation_model][INFO] - [rank: 0] 当前batch的生成语义ID Embedding相似度矩阵:
[[ 1.          0.03375868  0.02658327  0.00854732 -0.0277819  -0.03660515
  -0.01584524  0.026242  ]
 [ 0.03375868  1.         -0.00900318  0.02567658 -0.00985259  0.01719764
   0.01667985  0.0333601 ]
 [ 0.02658327 -0.00900318  1.          0.00829195 -0.01429769  0.01111281
   0.01069164  0.02455622]
 [ 0.00854732  0.02567658  0.00829195  0.99999994 -0.00520589  0.00844925
   0.00216776  0.02425202]
 [-0.0277819  -0.00985259 -0.01429769 -0.00520589  1.          0.00176857
  -0.02020041 -0.00424433]
 [-0.03660515  0.01719764  0.01111281  0.00844925  0.00176857  1.
   0.00711016 -0.00975287]
 [-0.01584524  0.01667985  0.01069164  0.00216776 -0.02020041  0.00711016
   1.         -0.00924115]
 [ 0.026242    0.0333601   0.02455622  0.02425202 -0.00424433 -0.00975287
  -0.00924115  1.0000001 ]]
[2025-11-14 18:30:00,347][src.models.modules.semantic_id.tiger_generation_model][INFO] - [rank: 0] 当前batch的输入Item Hierarchy Embedding相似度矩阵:
[[ 1.0000000e+00  8.3868708e-03  4.2909374e-03  2.8343785e-03
  -9.8606078e-03 -1.6511876e-02 -1.3916748e-02  3.4913607e-02]
 [ 8.3868708e-03  1.0000000e+00 -8.4840588e-04  1.0020500e-02
  -4.9299193e-03 -1.6742564e-03 -1.8530604e-03  2.5983376e-02]
 [ 4.2909374e-03 -8.4840588e-04  1.0000000e+00  5.3365859e-03
   1.6165953e-02 -2.1333795e-03 -1.6432887e-02 -2.5961583e-03]
 [ 2.8343785e-03  1.0020500e-02  5.3365859e-03  1.0000000e+00
   1.6981775e-03  1.1797707e-02 -6.9404929e-03  1.4425120e-02]
 [-9.8606078e-03 -4.9299193e-03  1.6165953e-02  1.6981775e-03
   1.0000000e+00  5.1973495e-03 -8.3306106e-03 -4.8107286e-03]
 [-1.6511876e-02 -1.6742564e-03 -2.1333795e-03  1.1797707e-02
   5.1973495e-03  1.0000000e+00  1.2013266e-02 -8.4231123e-03]
 [-1.3916748e-02 -1.8530604e-03 -1.6432887e-02 -6.9404929e-03
  -8.3306106e-03  1.2013266e-02  1.0000000e+00 -3.5386287e-02]
 [ 3.4913607e-02  2.5983376e-02 -2.5961583e-03  1.4425120e-02
  -4.8107286e-03 -8.4231123e-03 -3.5386287e-02  1.0000001e+00]]
[2025-11-14 18:30:01,374][src.models.modules.semantic_id.tiger_generation_model][WARNING] - [rank: 0] Failed to stack cross attentions: stack expects each tensor to be equal size, but got [32, 6, 135] at entry 0 and [32, 6, 2, 135] at entry 1
[2025-11-14 18:30:01,375][src.models.modules.semantic_id.tiger_generation_model][WARNING] - [rank: 0]   Hierarchy 0 shape: torch.Size([32, 6, 135])
[2025-11-14 18:30:01,375][src.models.modules.semantic_id.tiger_generation_model][WARNING] - [rank: 0]   Hierarchy 1 shape: torch.Size([32, 6, 2, 135])
[2025-11-14 18:30:01,375][src.models.modules.semantic_id.tiger_generation_model][WARNING] - [rank: 0]   Hierarchy 2 shape: torch.Size([32, 6, 135])
[2025-11-14 18:30:01,376][src.models.modules.semantic_id.tiger_generation_model][WARNING] - [rank: 0]   Hierarchy 3 shape: torch.Size([32, 6, 135])
[2025-11-14 18:30:01,376][src.models.modules.semantic_id.tiger_generation_model][WARNING] - [rank: 0]   Hierarchy 4 shape: torch.Size([32, 6, 135])
[2025-11-14 18:30:01,376][src.models.modules.semantic_id.tiger_generation_model][WARNING] - [rank: 0]   Hierarchy 5 shape: torch.Size([32, 6, 135])
[2025-11-14 18:30:01,376][src.models.modules.semantic_id.tiger_generation_model][WARNING] - [rank: 0]   Hierarchy 6 shape: torch.Size([32, 6, 135])
[2025-11-14 18:30:01,376][src.models.modules.semantic_id.tiger_generation_model][WARNING] - [rank: 0]   Hierarchy 7 shape: torch.Size([32, 6, 135])
[2025-11-14 18:30:02,010][src.models.modules.semantic_id.tiger_generation_model][INFO] - [rank: 0] Saved decoder self-attention to ./attention_weights/decoder_self_attention_batch_90.pt
[2025-11-14 18:30:02,010][src.models.modules.semantic_id.tiger_generation_model][INFO] - [rank: 0] Saved encoder attention to ./attention_weights/encoder_attention_batch_90.pt
[2025-11-14 18:30:02,011][src.models.modules.semantic_id.tiger_generation_model][INFO] - [rank: 0] Saved cross attention to ./attention_weights/cross_attention_batch_90.pt
[2025-11-14 18:30:02,018][src.models.modules.semantic_id.tiger_generation_model][INFO] - [rank: 0] 当前batch的生成语义ID Embedding相似度矩阵:
[[ 9.99999940e-01  4.49118987e-02  4.97974232e-02 -1.88276861e-02
  -4.58124727e-02 -1.84637792e-02 -9.37421434e-03 -7.67056365e-03]
 [ 4.49118987e-02  9.99999940e-01  3.45871784e-04 -2.79522017e-02
  -3.00009008e-02 -4.04965356e-02 -5.49141690e-02 -2.03950144e-02]
 [ 4.97974232e-02  3.45871784e-04  1.00000000e+00  2.65496969e-02
   3.90587677e-03  5.87000512e-03 -1.33609753e-02 -1.24640688e-02]
 [-1.88276861e-02 -2.79522017e-02  2.65496969e-02  1.00000000e+00
  -1.30973132e-02 -1.09116938e-02  3.45234759e-02  1.24084605e-02]
 [-4.58124727e-02 -3.00009008e-02  3.90587677e-03 -1.30973132e-02
   1.00000000e+00  5.45947393e-03 -1.18816774e-02  4.47028950e-02]
 [-1.84637792e-02 -4.04965356e-02  5.87000512e-03 -1.09116938e-02
   5.45947393e-03  1.00000000e+00 -2.07852293e-02  4.13493253e-02]
 [-9.37421434e-03 -5.49141690e-02 -1.33609753e-02  3.45234759e-02
  -1.18816774e-02 -2.07852293e-02  1.00000000e+00 -5.95518425e-02]
 [-7.67056365e-03 -2.03950144e-02 -1.24640688e-02  1.24084605e-02
   4.47028950e-02  4.13493253e-02 -5.95518425e-02  1.00000012e+00]]
[2025-11-14 18:30:02,325][src.models.modules.semantic_id.tiger_generation_model][INFO] - [rank: 0] 当前batch的输入Item Hierarchy Embedding相似度矩阵:
[[ 1.00000000e+00  4.45255311e-03  2.20010290e-03 -1.12918429e-02
   1.34437904e-02 -1.11157466e-02 -1.94750575e-03 -1.42734181e-02]
 [ 4.45255311e-03  1.00000000e+00  1.28573375e-02 -4.37717466e-03
  -3.37670371e-03  9.57013387e-03 -1.64911691e-02  5.48099587e-03]
 [ 2.20010290e-03  1.28573375e-02  1.00000000e+00 -1.54709545e-04
  -1.30351260e-03  7.18117086e-03 -1.52303027e-02  1.43626230e-02]
 [-1.12918429e-02 -4.37717466e-03 -1.54709545e-04  1.00000000e+00
   1.83703564e-03  6.94944384e-03  3.19776637e-03 -1.10882968e-02]
 [ 1.34437904e-02 -3.37670371e-03 -1.30351260e-03  1.83703564e-03
   1.00000000e+00  3.21365171e-03  2.81636324e-03 -8.28496274e-03]
 [-1.11157466e-02  9.57013387e-03  7.18117086e-03  6.94944384e-03
   3.21365171e-03  1.00000000e+00 -4.29155398e-03  7.00989459e-03]
 [-1.94750575e-03 -1.64911691e-02 -1.52303027e-02  3.19776637e-03
   2.81636324e-03 -4.29155398e-03  1.00000000e+00 -3.79113555e-02]
 [-1.42734181e-02  5.48099587e-03  1.43626230e-02 -1.10882968e-02
  -8.28496274e-03  7.00989459e-03 -3.79113555e-02  1.00000024e+00]]
[2025-11-14 18:30:03,037][src.models.modules.semantic_id.tiger_generation_model][WARNING] - [rank: 0] Failed to stack cross attentions: stack expects each tensor to be equal size, but got [32, 6, 135] at entry 0 and [32, 6, 2, 135] at entry 1
[2025-11-14 18:30:03,038][src.models.modules.semantic_id.tiger_generation_model][WARNING] - [rank: 0]   Hierarchy 0 shape: torch.Size([32, 6, 135])
[2025-11-14 18:30:03,038][src.models.modules.semantic_id.tiger_generation_model][WARNING] - [rank: 0]   Hierarchy 1 shape: torch.Size([32, 6, 2, 135])
[2025-11-14 18:30:03,038][src.models.modules.semantic_id.tiger_generation_model][WARNING] - [rank: 0]   Hierarchy 2 shape: torch.Size([32, 6, 135])
[2025-11-14 18:30:03,039][src.models.modules.semantic_id.tiger_generation_model][WARNING] - [rank: 0]   Hierarchy 3 shape: torch.Size([32, 6, 135])
[2025-11-14 18:30:03,039][src.models.modules.semantic_id.tiger_generation_model][WARNING] - [rank: 0]   Hierarchy 4 shape: torch.Size([32, 6, 135])
[2025-11-14 18:30:03,039][src.models.modules.semantic_id.tiger_generation_model][WARNING] - [rank: 0]   Hierarchy 5 shape: torch.Size([32, 6, 135])
[2025-11-14 18:30:03,039][src.models.modules.semantic_id.tiger_generation_model][WARNING] - [rank: 0]   Hierarchy 6 shape: torch.Size([32, 6, 135])
[2025-11-14 18:30:03,039][src.models.modules.semantic_id.tiger_generation_model][WARNING] - [rank: 0]   Hierarchy 7 shape: torch.Size([32, 6, 135])
[2025-11-14 18:30:03,824][src.models.modules.semantic_id.tiger_generation_model][INFO] - [rank: 0] Saved decoder self-attention to ./attention_weights/decoder_self_attention_batch_91.pt
[2025-11-14 18:30:03,825][src.models.modules.semantic_id.tiger_generation_model][INFO] - [rank: 0] Saved encoder attention to ./attention_weights/encoder_attention_batch_91.pt
[2025-11-14 18:30:03,826][src.models.modules.semantic_id.tiger_generation_model][INFO] - [rank: 0] Saved cross attention to ./attention_weights/cross_attention_batch_91.pt
[2025-11-14 18:30:03,833][src.models.modules.semantic_id.tiger_generation_model][INFO] - [rank: 0] 当前batch的生成语义ID Embedding相似度矩阵:
[[ 1.00000000e+00  7.14415638e-03  6.46002591e-04 -2.38559651e-03
   1.28728822e-02 -1.75731741e-02 -2.11626710e-03  1.09993136e-02]
 [ 7.14415638e-03  1.00000000e+00 -1.59548838e-02  9.92300641e-03
   1.32651031e-02  1.01414677e-02  1.16164843e-02  9.67621617e-03]
 [ 6.46002591e-04 -1.59548838e-02  1.00000000e+00  1.55843515e-02
   4.10599215e-03  1.01659987e-02  1.28036086e-03  1.21107753e-02]
 [-2.38559651e-03  9.92300641e-03  1.55843515e-02  1.00000000e+00
  -7.50246085e-03 -5.23496652e-03 -2.77035218e-02  3.28163728e-02]
 [ 1.28728822e-02  1.32651031e-02  4.10599215e-03 -7.50246085e-03
   1.00000000e+00 -3.87678482e-03 -1.31837036e-02 -1.61291566e-04]
 [-1.75731741e-02  1.01414677e-02  1.01659987e-02 -5.23496652e-03
  -3.87678482e-03  1.00000000e+00 -1.83867775e-02 -2.34316997e-02]
 [-2.11626710e-03  1.16164843e-02  1.28036086e-03 -2.77035218e-02
  -1.31837036e-02 -1.83867775e-02  1.00000000e+00 -1.61286741e-02]
 [ 1.09993136e-02  9.67621617e-03  1.21107753e-02  3.28163728e-02
  -1.61291566e-04 -2.34316997e-02 -1.61286741e-02  1.00000012e+00]]
[2025-11-14 18:30:04,339][src.models.modules.semantic_id.tiger_generation_model][INFO] - [rank: 0] 当前batch的输入Item Hierarchy Embedding相似度矩阵:
[[ 1.0000000e+00 -1.2712984e-03 -2.2422522e-03  5.3159897e-03
  -2.0559356e-03 -1.1212363e-02 -8.3980784e-03  3.1596131e-03]
 [-1.2712984e-03  1.0000000e+00  3.0270647e-03 -7.9294678e-04
  -6.3022185e-04 -6.5721809e-03 -1.5129300e-02  5.4369858e-03]
 [-2.2422522e-03  3.0270647e-03  1.0000000e+00  1.4533574e-02
   1.1076189e-03 -2.4921009e-03 -5.6119515e-03  9.7214058e-03]
 [ 5.3159897e-03 -7.9294678e-04  1.4533574e-02  1.0000000e+00
   2.4275819e-03  5.1436899e-03 -6.6560204e-03  6.8697729e-03]
 [-2.0559356e-03 -6.3022185e-04  1.1076189e-03  2.4275819e-03
   1.0000000e+00 -8.7981962e-04  1.6261145e-03  8.7332670e-03]
 [-1.1212363e-02 -6.5721809e-03 -2.4921009e-03  5.1436899e-03
  -8.7981962e-04  1.0000000e+00 -1.0252605e-02  1.5935559e-02]
 [-8.3980784e-03 -1.5129300e-02 -5.6119515e-03 -6.6560204e-03
   1.6261145e-03 -1.0252605e-02  1.0000000e+00 -4.3940153e-02]
 [ 3.1596131e-03  5.4369858e-03  9.7214058e-03  6.8697729e-03
   8.7332670e-03  1.5935559e-02 -4.3940153e-02  1.0000001e+00]]
[2025-11-14 18:30:05,068][src.models.modules.semantic_id.tiger_generation_model][WARNING] - [rank: 0] Failed to stack cross attentions: stack expects each tensor to be equal size, but got [32, 6, 135] at entry 0 and [32, 6, 2, 135] at entry 1
[2025-11-14 18:30:05,069][src.models.modules.semantic_id.tiger_generation_model][WARNING] - [rank: 0]   Hierarchy 0 shape: torch.Size([32, 6, 135])
[2025-11-14 18:30:05,070][src.models.modules.semantic_id.tiger_generation_model][WARNING] - [rank: 0]   Hierarchy 1 shape: torch.Size([32, 6, 2, 135])
[2025-11-14 18:30:05,070][src.models.modules.semantic_id.tiger_generation_model][WARNING] - [rank: 0]   Hierarchy 2 shape: torch.Size([32, 6, 135])
[2025-11-14 18:30:05,070][src.models.modules.semantic_id.tiger_generation_model][WARNING] - [rank: 0]   Hierarchy 3 shape: torch.Size([32, 6, 135])
[2025-11-14 18:30:05,070][src.models.modules.semantic_id.tiger_generation_model][WARNING] - [rank: 0]   Hierarchy 4 shape: torch.Size([32, 6, 135])
[2025-11-14 18:30:05,071][src.models.modules.semantic_id.tiger_generation_model][WARNING] - [rank: 0]   Hierarchy 5 shape: torch.Size([32, 6, 135])
[2025-11-14 18:30:05,071][src.models.modules.semantic_id.tiger_generation_model][WARNING] - [rank: 0]   Hierarchy 6 shape: torch.Size([32, 6, 135])
[2025-11-14 18:30:05,071][src.models.modules.semantic_id.tiger_generation_model][WARNING] - [rank: 0]   Hierarchy 7 shape: torch.Size([32, 6, 135])
[2025-11-14 18:30:05,540][src.models.modules.semantic_id.tiger_generation_model][INFO] - [rank: 0] Saved decoder self-attention to ./attention_weights/decoder_self_attention_batch_92.pt
[2025-11-14 18:30:05,541][src.models.modules.semantic_id.tiger_generation_model][INFO] - [rank: 0] Saved encoder attention to ./attention_weights/encoder_attention_batch_92.pt
[2025-11-14 18:30:05,541][src.models.modules.semantic_id.tiger_generation_model][INFO] - [rank: 0] Saved cross attention to ./attention_weights/cross_attention_batch_92.pt
[2025-11-14 18:30:05,549][src.models.modules.semantic_id.tiger_generation_model][INFO] - [rank: 0] 当前batch的生成语义ID Embedding相似度矩阵:
[[ 1.00000000e+00  4.25910354e-02 -4.25474718e-04  2.33342797e-02
  -1.75944865e-02  1.01611521e-02  8.95897392e-04  9.14202537e-04]
 [ 4.25910354e-02  1.00000000e+00  8.18003435e-03  1.26629099e-02
   3.72658297e-02  1.64912120e-02 -1.47154666e-02  8.60382803e-03]
 [-4.25474718e-04  8.18003435e-03  1.00000000e+00  1.31437164e-02
   2.85675991e-02  1.17685646e-04  1.36061395e-02  2.85632089e-02]
 [ 2.33342797e-02  1.26629099e-02  1.31437164e-02  1.00000000e+00
   5.16116852e-03 -5.54241007e-03 -3.60843167e-02  3.52362394e-02]
 [-1.75944865e-02  3.72658297e-02  2.85675991e-02  5.16116852e-03
   1.00000000e+00 -1.16011137e-02 -2.96238549e-02  3.99594046e-02]
 [ 1.01611521e-02  1.64912120e-02  1.17685646e-04 -5.54241007e-03
  -1.16011137e-02  1.00000000e+00 -2.29114722e-02 -9.60910693e-05]
 [ 8.95897392e-04 -1.47154666e-02  1.36061395e-02 -3.60843167e-02
  -2.96238549e-02 -2.29114722e-02  1.00000000e+00 -1.39290011e-02]
 [ 9.14202537e-04  8.60382803e-03  2.85632089e-02  3.52362394e-02
   3.99594046e-02 -9.60910693e-05 -1.39290011e-02  1.00000012e+00]]
[2025-11-14 18:30:05,943][src.models.modules.semantic_id.tiger_generation_model][INFO] - [rank: 0] 当前batch的输入Item Hierarchy Embedding相似度矩阵:
[[ 1.0000000e+00 -3.4110965e-03 -8.5791824e-03  1.1703080e-05
  -4.4023665e-03  5.9855110e-03  7.0077665e-03 -1.3850194e-03]
 [-3.4110965e-03  1.0000000e+00 -3.7469575e-03  4.7709448e-03
  -5.0968174e-03 -5.1373363e-06  5.0484324e-03 -9.5540425e-03]
 [-8.5791824e-03 -3.7469575e-03  1.0000000e+00 -1.6426943e-03
   6.7194970e-03 -9.8024523e-03 -1.1557522e-02 -3.9145950e-04]
 [ 1.1703080e-05  4.7709448e-03 -1.6426943e-03  1.0000000e+00
  -5.0545167e-03 -3.2805540e-03 -1.0870575e-02  1.2612595e-02]
 [-4.4023665e-03 -5.0968174e-03  6.7194970e-03 -5.0545167e-03
   1.0000000e+00 -3.5800389e-03 -1.3530318e-02  8.7548839e-03]
 [ 5.9855110e-03 -5.1373363e-06 -9.8024523e-03 -3.2805540e-03
  -3.5800389e-03  1.0000000e+00  2.7424861e-03 -1.0791011e-02]
 [ 7.0077665e-03  5.0484324e-03 -1.1557522e-02 -1.0870575e-02
  -1.3530318e-02  2.7424861e-03  1.0000000e+00 -4.7240634e-02]
 [-1.3850194e-03 -9.5540425e-03 -3.9145950e-04  1.2612595e-02
   8.7548839e-03 -1.0791011e-02 -4.7240634e-02  1.0000002e+00]]
[2025-11-14 18:30:06,487][src.models.modules.semantic_id.tiger_generation_model][WARNING] - [rank: 0] Failed to stack cross attentions: stack expects each tensor to be equal size, but got [32, 6, 135] at entry 0 and [32, 6, 2, 135] at entry 1
[2025-11-14 18:30:06,487][src.models.modules.semantic_id.tiger_generation_model][WARNING] - [rank: 0]   Hierarchy 0 shape: torch.Size([32, 6, 135])
[2025-11-14 18:30:06,488][src.models.modules.semantic_id.tiger_generation_model][WARNING] - [rank: 0]   Hierarchy 1 shape: torch.Size([32, 6, 2, 135])
[2025-11-14 18:30:06,488][src.models.modules.semantic_id.tiger_generation_model][WARNING] - [rank: 0]   Hierarchy 2 shape: torch.Size([32, 6, 135])
[2025-11-14 18:30:06,488][src.models.modules.semantic_id.tiger_generation_model][WARNING] - [rank: 0]   Hierarchy 3 shape: torch.Size([32, 6, 135])
[2025-11-14 18:30:06,488][src.models.modules.semantic_id.tiger_generation_model][WARNING] - [rank: 0]   Hierarchy 4 shape: torch.Size([32, 6, 135])
[2025-11-14 18:30:06,488][src.models.modules.semantic_id.tiger_generation_model][WARNING] - [rank: 0]   Hierarchy 5 shape: torch.Size([32, 6, 135])
[2025-11-14 18:30:06,488][src.models.modules.semantic_id.tiger_generation_model][WARNING] - [rank: 0]   Hierarchy 6 shape: torch.Size([32, 6, 135])
[2025-11-14 18:30:06,488][src.models.modules.semantic_id.tiger_generation_model][WARNING] - [rank: 0]   Hierarchy 7 shape: torch.Size([32, 6, 135])
[2025-11-14 18:30:06,747][src.models.modules.semantic_id.tiger_generation_model][INFO] - [rank: 0] Saved decoder self-attention to ./attention_weights/decoder_self_attention_batch_93.pt
[2025-11-14 18:30:06,748][src.models.modules.semantic_id.tiger_generation_model][INFO] - [rank: 0] Saved encoder attention to ./attention_weights/encoder_attention_batch_93.pt
[2025-11-14 18:30:06,749][src.models.modules.semantic_id.tiger_generation_model][INFO] - [rank: 0] Saved cross attention to ./attention_weights/cross_attention_batch_93.pt
[2025-11-14 18:30:06,756][src.models.modules.semantic_id.tiger_generation_model][INFO] - [rank: 0] 当前batch的生成语义ID Embedding相似度矩阵:
[[ 1.          0.01924499 -0.00861726  0.01465195 -0.02282641 -0.01951234
   0.00778361  0.01306247]
 [ 0.01924499  0.99999994  0.03869378 -0.00176138  0.01569965  0.00253064
   0.01991234 -0.00910348]
 [-0.00861726  0.03869378  1.          0.0075057   0.01704779  0.0072315
  -0.00175482  0.02222457]
 [ 0.01465195 -0.00176138  0.0075057   1.         -0.03519731  0.00281699
  -0.02719146  0.02047909]
 [-0.02282641  0.01569965  0.01704779 -0.03519731  1.         -0.04458443
   0.01719756 -0.02860748]
 [-0.01951234  0.00253064  0.0072315   0.00281699 -0.04458443  1.
  -0.00539038 -0.01822865]
 [ 0.00778361  0.01991234 -0.00175482 -0.02719146  0.01719756 -0.00539038
   1.         -0.03233524]
 [ 0.01306247 -0.00910348  0.02222457  0.02047909 -0.02860748 -0.01822865
  -0.03233524  1.0000001 ]]
[2025-11-14 18:30:06,863][src.models.modules.semantic_id.tiger_generation_model][INFO] - [rank: 0] 当前batch的输入Item Hierarchy Embedding相似度矩阵:
[[ 1.0000000e+00 -3.3264863e-03 -2.0732472e-02  1.1748797e-02
   2.6531555e-03  8.4934076e-03  1.3848996e-02  1.5999582e-02]
 [-3.3264863e-03  1.0000000e+00 -8.0439411e-03  8.9375945e-03
  -2.9933923e-03  7.0169419e-03 -3.9149299e-03  2.3410409e-03]
 [-2.0732472e-02 -8.0439411e-03  1.0000000e+00 -3.2414356e-04
   6.7440080e-03  6.5958528e-03 -7.6202210e-03  3.0779107e-03]
 [ 1.1748797e-02  8.9375945e-03 -3.2414356e-04  1.0000000e+00
   1.5416105e-02  1.0475017e-02 -7.7244439e-03  1.5953604e-02]
 [ 2.6531555e-03 -2.9933923e-03  6.7440080e-03  1.5416105e-02
   1.0000000e+00  1.1347947e-02  1.2017144e-03  4.6947706e-02]
 [ 8.4934076e-03  7.0169419e-03  6.5958528e-03  1.0475017e-02
   1.1347947e-02  1.0000000e+00 -4.9202051e-03  1.0710454e-02]
 [ 1.3848996e-02 -3.9149299e-03 -7.6202210e-03 -7.7244439e-03
   1.2017144e-03 -4.9202051e-03  1.0000000e+00 -2.7831931e-02]
 [ 1.5999582e-02  2.3410409e-03  3.0779107e-03  1.5953604e-02
   4.6947706e-02  1.0710454e-02 -2.7831931e-02  1.0000001e+00]]
[2025-11-14 18:30:08,070][src.models.modules.semantic_id.tiger_generation_model][WARNING] - [rank: 0] Failed to stack cross attentions: stack expects each tensor to be equal size, but got [32, 6, 135] at entry 0 and [32, 6, 2, 135] at entry 1
[2025-11-14 18:30:08,072][src.models.modules.semantic_id.tiger_generation_model][WARNING] - [rank: 0]   Hierarchy 0 shape: torch.Size([32, 6, 135])
[2025-11-14 18:30:08,073][src.models.modules.semantic_id.tiger_generation_model][WARNING] - [rank: 0]   Hierarchy 1 shape: torch.Size([32, 6, 2, 135])
[2025-11-14 18:30:08,073][src.models.modules.semantic_id.tiger_generation_model][WARNING] - [rank: 0]   Hierarchy 2 shape: torch.Size([32, 6, 135])
[2025-11-14 18:30:08,074][src.models.modules.semantic_id.tiger_generation_model][WARNING] - [rank: 0]   Hierarchy 3 shape: torch.Size([32, 6, 135])
[2025-11-14 18:30:08,075][src.models.modules.semantic_id.tiger_generation_model][WARNING] - [rank: 0]   Hierarchy 4 shape: torch.Size([32, 6, 135])
[2025-11-14 18:30:08,075][src.models.modules.semantic_id.tiger_generation_model][WARNING] - [rank: 0]   Hierarchy 5 shape: torch.Size([32, 6, 135])
[2025-11-14 18:30:08,076][src.models.modules.semantic_id.tiger_generation_model][WARNING] - [rank: 0]   Hierarchy 6 shape: torch.Size([32, 6, 135])
[2025-11-14 18:30:08,076][src.models.modules.semantic_id.tiger_generation_model][WARNING] - [rank: 0]   Hierarchy 7 shape: torch.Size([32, 6, 135])
[2025-11-14 18:30:08,465][src.models.modules.semantic_id.tiger_generation_model][INFO] - [rank: 0] Saved decoder self-attention to ./attention_weights/decoder_self_attention_batch_94.pt
[2025-11-14 18:30:08,466][src.models.modules.semantic_id.tiger_generation_model][INFO] - [rank: 0] Saved encoder attention to ./attention_weights/encoder_attention_batch_94.pt
[2025-11-14 18:30:08,466][src.models.modules.semantic_id.tiger_generation_model][INFO] - [rank: 0] Saved cross attention to ./attention_weights/cross_attention_batch_94.pt
[2025-11-14 18:30:08,477][src.models.modules.semantic_id.tiger_generation_model][INFO] - [rank: 0] 当前batch的生成语义ID Embedding相似度矩阵:
[[ 1.0000000e+00  2.2623725e-02  8.2400767e-04 -1.0778554e-02
  -1.1815777e-02 -1.2222312e-02  4.8418953e-03  1.9738978e-02]
 [ 2.2623725e-02  1.0000000e+00  1.6247854e-02  7.5517367e-03
   2.4501787e-02  2.1922745e-02  6.8082041e-03  1.3497960e-02]
 [ 8.2400767e-04  1.6247854e-02  1.0000000e+00  2.4556277e-02
  -4.6840734e-03  2.3926824e-02 -2.1336749e-03  1.8126773e-02]
 [-1.0778554e-02  7.5517367e-03  2.4556277e-02  1.0000000e+00
  -4.2470051e-03  7.5622010e-03 -1.2471208e-02  3.3115223e-02]
 [-1.1815777e-02  2.4501787e-02 -4.6840734e-03 -4.2470051e-03
   1.0000000e+00  6.2400601e-03 -6.6919765e-03 -5.3719565e-02]
 [-1.2222312e-02  2.1922745e-02  2.3926824e-02  7.5622010e-03
   6.2400601e-03  1.0000000e+00 -2.0580241e-02  1.1650889e-02]
 [ 4.8418953e-03  6.8082041e-03 -2.1336749e-03 -1.2471208e-02
  -6.6919765e-03 -2.0580241e-02  1.0000000e+00 -7.2627179e-03]
 [ 1.9738978e-02  1.3497960e-02  1.8126773e-02  3.3115223e-02
  -5.3719565e-02  1.1650889e-02 -7.2627179e-03  1.0000001e+00]]
[2025-11-14 18:30:08,808][src.models.modules.semantic_id.tiger_generation_model][INFO] - [rank: 0] 当前batch的输入Item Hierarchy Embedding相似度矩阵:
[[ 1.0000000e+00 -3.7686215e-03  3.2149346e-03  2.1406835e-02
  -2.4781774e-03  4.8862980e-03  1.8389188e-02  7.6614204e-03]
 [-3.7686215e-03  1.0000000e+00  1.5948264e-02  2.0571440e-02
   1.5573786e-02 -2.8546350e-03 -4.6300646e-03 -1.6880495e-03]
 [ 3.2149346e-03  1.5948264e-02  1.0000000e+00 -8.6786253e-03
  -1.7645399e-04  6.3256820e-04 -1.7325988e-02  3.6870651e-03]
 [ 2.1406835e-02  2.0571440e-02 -8.6786253e-03  1.0000000e+00
   4.8764828e-03  4.7644814e-03  5.2165403e-04  1.3940835e-02]
 [-2.4781774e-03  1.5573786e-02 -1.7645399e-04  4.8764828e-03
   1.0000000e+00  4.5368178e-03 -2.8055269e-02 -1.2847417e-03]
 [ 4.8862980e-03 -2.8546350e-03  6.3256820e-04  4.7644814e-03
   4.5368178e-03  1.0000000e+00 -6.6000605e-03  6.5444335e-03]
 [ 1.8389188e-02 -4.6300646e-03 -1.7325988e-02  5.2165403e-04
  -2.8055269e-02 -6.6000605e-03  1.0000000e+00 -3.2430060e-02]
 [ 7.6614204e-03 -1.6880495e-03  3.6870651e-03  1.3940835e-02
  -1.2847417e-03  6.5444335e-03 -3.2430060e-02  1.0000001e+00]]
[2025-11-14 18:30:09,729][src.models.modules.semantic_id.tiger_generation_model][WARNING] - [rank: 0] Failed to stack cross attentions: stack expects each tensor to be equal size, but got [32, 6, 135] at entry 0 and [32, 6, 2, 135] at entry 1
[2025-11-14 18:30:09,729][src.models.modules.semantic_id.tiger_generation_model][WARNING] - [rank: 0]   Hierarchy 0 shape: torch.Size([32, 6, 135])
[2025-11-14 18:30:09,729][src.models.modules.semantic_id.tiger_generation_model][WARNING] - [rank: 0]   Hierarchy 1 shape: torch.Size([32, 6, 2, 135])
[2025-11-14 18:30:09,730][src.models.modules.semantic_id.tiger_generation_model][WARNING] - [rank: 0]   Hierarchy 2 shape: torch.Size([32, 6, 135])
[2025-11-14 18:30:09,730][src.models.modules.semantic_id.tiger_generation_model][WARNING] - [rank: 0]   Hierarchy 3 shape: torch.Size([32, 6, 135])
[2025-11-14 18:30:09,730][src.models.modules.semantic_id.tiger_generation_model][WARNING] - [rank: 0]   Hierarchy 4 shape: torch.Size([32, 6, 135])
[2025-11-14 18:30:09,730][src.models.modules.semantic_id.tiger_generation_model][WARNING] - [rank: 0]   Hierarchy 5 shape: torch.Size([32, 6, 135])
[2025-11-14 18:30:09,731][src.models.modules.semantic_id.tiger_generation_model][WARNING] - [rank: 0]   Hierarchy 6 shape: torch.Size([32, 6, 135])
[2025-11-14 18:30:09,731][src.models.modules.semantic_id.tiger_generation_model][WARNING] - [rank: 0]   Hierarchy 7 shape: torch.Size([32, 6, 135])
[2025-11-14 18:30:10,283][src.models.modules.semantic_id.tiger_generation_model][INFO] - [rank: 0] Saved decoder self-attention to ./attention_weights/decoder_self_attention_batch_95.pt
[2025-11-14 18:30:10,284][src.models.modules.semantic_id.tiger_generation_model][INFO] - [rank: 0] Saved encoder attention to ./attention_weights/encoder_attention_batch_95.pt
[2025-11-14 18:30:10,284][src.models.modules.semantic_id.tiger_generation_model][INFO] - [rank: 0] Saved cross attention to ./attention_weights/cross_attention_batch_95.pt
[2025-11-14 18:30:10,298][src.models.modules.semantic_id.tiger_generation_model][INFO] - [rank: 0] 当前batch的生成语义ID Embedding相似度矩阵:
[[ 1.00000000e+00 -1.98967718e-02 -5.07168770e-02 -8.68627429e-02
  -1.45836957e-02 -1.21638086e-02 -6.55148476e-02 -2.39402801e-02]
 [-1.98967718e-02  1.00000000e+00 -4.59524915e-02 -1.27066597e-02
  -9.62794945e-03  5.93271293e-02 -7.02453544e-03 -6.36505783e-02]
 [-5.07168770e-02 -4.59524915e-02  1.00000000e+00  6.08340278e-03
  -1.62271447e-02  5.77635616e-02  3.54507789e-02 -2.77582221e-02]
 [-8.68627429e-02 -1.27066597e-02  6.08340278e-03  9.99999940e-01
  -7.64787868e-02  1.22002810e-01 -1.55301671e-03  1.01794325e-01]
 [-1.45836957e-02 -9.62794945e-03 -1.62271447e-02 -7.64787868e-02
   1.00000000e+00 -5.07982150e-02 -5.37430905e-02  9.19322670e-02]
 [-1.21638086e-02  5.93271293e-02  5.77635616e-02  1.22002810e-01
  -5.07982150e-02  1.00000024e+00 -2.22823536e-03 -2.22233962e-02]
 [-6.55148476e-02 -7.02453544e-03  3.54507789e-02 -1.55301671e-03
  -5.37430905e-02 -2.22823536e-03  1.00000000e+00 -6.14178833e-04]
 [-2.39402801e-02 -6.36505783e-02 -2.77582221e-02  1.01794325e-01
   9.19322670e-02 -2.22233962e-02 -6.14178833e-04  1.00000012e+00]]
[2025-11-14 18:30:10,605][src.models.modules.semantic_id.tiger_generation_model][INFO] - [rank: 0] 当前batch的输入Item Hierarchy Embedding相似度矩阵:
[[ 1.0000000e+00  1.3135438e-02 -5.0149020e-03 -2.8785277e-02
   1.8806545e-02 -8.0851335e-03  2.2463692e-02 -6.6117062e-03]
 [ 1.3135438e-02  1.0000000e+00 -2.6584330e-03 -1.6303387e-02
   4.2098658e-03  2.4620737e-03  5.4009948e-03  4.0408648e-03]
 [-5.0149020e-03 -2.6584330e-03  1.0000000e+00  2.3237888e-03
   1.3711583e-02 -2.9759610e-03 -1.1308830e-02  7.1260794e-03]
 [-2.8785277e-02 -1.6303387e-02  2.3237888e-03  1.0000000e+00
  -3.0391145e-02  1.8690603e-02 -1.4523561e-02  1.1364827e-02]
 [ 1.8806545e-02  4.2098658e-03  1.3711583e-02 -3.0391145e-02
   1.0000000e+00  4.4210516e-03 -1.1394214e-02  7.5940690e-03]
 [-8.0851335e-03  2.4620737e-03 -2.9759610e-03  1.8690603e-02
   4.4210516e-03  1.0000000e+00 -4.1178889e-03 -3.6379603e-05]
 [ 2.2463692e-02  5.4009948e-03 -1.1308830e-02 -1.4523561e-02
  -1.1394214e-02 -4.1178889e-03  1.0000000e+00 -3.8316995e-02]
 [-6.6117062e-03  4.0408648e-03  7.1260794e-03  1.1364827e-02
   7.5940690e-03 -3.6379603e-05 -3.8316995e-02  1.0000002e+00]]
[2025-11-14 18:30:11,343][src.models.modules.semantic_id.tiger_generation_model][WARNING] - [rank: 0] Failed to stack cross attentions: stack expects each tensor to be equal size, but got [32, 6, 135] at entry 0 and [32, 6, 2, 135] at entry 1
[2025-11-14 18:30:11,344][src.models.modules.semantic_id.tiger_generation_model][WARNING] - [rank: 0]   Hierarchy 0 shape: torch.Size([32, 6, 135])
[2025-11-14 18:30:11,345][src.models.modules.semantic_id.tiger_generation_model][WARNING] - [rank: 0]   Hierarchy 1 shape: torch.Size([32, 6, 2, 135])
[2025-11-14 18:30:11,345][src.models.modules.semantic_id.tiger_generation_model][WARNING] - [rank: 0]   Hierarchy 2 shape: torch.Size([32, 6, 135])
[2025-11-14 18:30:11,345][src.models.modules.semantic_id.tiger_generation_model][WARNING] - [rank: 0]   Hierarchy 3 shape: torch.Size([32, 6, 135])
[2025-11-14 18:30:11,346][src.models.modules.semantic_id.tiger_generation_model][WARNING] - [rank: 0]   Hierarchy 4 shape: torch.Size([32, 6, 135])
[2025-11-14 18:30:11,346][src.models.modules.semantic_id.tiger_generation_model][WARNING] - [rank: 0]   Hierarchy 5 shape: torch.Size([32, 6, 135])
[2025-11-14 18:30:11,346][src.models.modules.semantic_id.tiger_generation_model][WARNING] - [rank: 0]   Hierarchy 6 shape: torch.Size([32, 6, 135])
[2025-11-14 18:30:11,346][src.models.modules.semantic_id.tiger_generation_model][WARNING] - [rank: 0]   Hierarchy 7 shape: torch.Size([32, 6, 135])
[2025-11-14 18:30:12,003][src.models.modules.semantic_id.tiger_generation_model][INFO] - [rank: 0] Saved decoder self-attention to ./attention_weights/decoder_self_attention_batch_96.pt
[2025-11-14 18:30:12,003][src.models.modules.semantic_id.tiger_generation_model][INFO] - [rank: 0] Saved encoder attention to ./attention_weights/encoder_attention_batch_96.pt
[2025-11-14 18:30:12,004][src.models.modules.semantic_id.tiger_generation_model][INFO] - [rank: 0] Saved cross attention to ./attention_weights/cross_attention_batch_96.pt
[2025-11-14 18:30:12,014][src.models.modules.semantic_id.tiger_generation_model][INFO] - [rank: 0] 当前batch的生成语义ID Embedding相似度矩阵:
[[ 1.00000000e+00  1.97024085e-03  6.04477990e-03  1.87445078e-02
  -1.57698467e-02 -3.05844340e-02  4.52464633e-03  3.46619962e-03]
 [ 1.97024085e-03  1.00000000e+00  2.45733885e-03  7.26805441e-03
   9.70555469e-03 -1.21348035e-02  6.57738652e-03 -1.46744773e-02]
 [ 6.04477990e-03  2.45733885e-03  1.00000000e+00  1.54685974e-02
  -2.09592171e-02 -9.32939351e-04  2.08153278e-02  1.71952508e-02]
 [ 1.87445078e-02  7.26805441e-03  1.54685974e-02  1.00000000e+00
  -2.12906878e-02  6.44436292e-03  7.10656494e-03  2.67392844e-02]
 [-1.57698467e-02  9.70555469e-03 -2.09592171e-02 -2.12906878e-02
   1.00000000e+00 -1.65402517e-02  2.59455084e-03 -1.54657755e-02]
 [-3.05844340e-02 -1.21348035e-02 -9.32939351e-04  6.44436292e-03
  -1.65402517e-02  1.00000000e+00 -3.50495577e-02  8.36670492e-03]
 [ 4.52464633e-03  6.57738652e-03  2.08153278e-02  7.10656494e-03
   2.59455084e-03 -3.50495577e-02  1.00000000e+00 -2.00429708e-02]
 [ 3.46619962e-03 -1.46744773e-02  1.71952508e-02  2.67392844e-02
  -1.54657755e-02  8.36670492e-03 -2.00429708e-02  1.00000012e+00]]
[2025-11-14 18:30:12,107][src.models.modules.semantic_id.tiger_generation_model][INFO] - [rank: 0] 当前batch的输入Item Hierarchy Embedding相似度矩阵:
[[ 1.0000000e+00  8.4365439e-03 -1.2241621e-02 -3.3698594e-03
   6.8560094e-03  9.3675964e-03  1.2780094e-02  9.3386658e-03]
 [ 8.4365439e-03  1.0000000e+00  3.4506281e-04  1.2051847e-02
  -5.0643696e-03 -1.3039113e-02 -1.0735059e-02  8.4472029e-03]
 [-1.2241621e-02  3.4506281e-04  1.0000000e+00  2.5825019e-03
   1.0909037e-02 -4.9470883e-04 -7.4839392e-03 -4.2986614e-03]
 [-3.3698594e-03  1.2051847e-02  2.5825019e-03  1.0000000e+00
   6.9682263e-03 -7.0675355e-03 -6.9653923e-03  6.5476638e-03]
 [ 6.8560094e-03 -5.0643696e-03  1.0909037e-02  6.9682263e-03
   1.0000000e+00  3.7030689e-03 -9.4097080e-03  9.9930037e-03]
 [ 9.3675964e-03 -1.3039113e-02 -4.9470883e-04 -7.0675355e-03
   3.7030689e-03  1.0000000e+00 -1.7539319e-03  8.2496917e-03]
 [ 1.2780094e-02 -1.0735059e-02 -7.4839392e-03 -6.9653923e-03
  -9.4097080e-03 -1.7539319e-03  1.0000000e+00 -3.5657901e-02]
 [ 9.3386658e-03  8.4472029e-03 -4.2986614e-03  6.5476638e-03
   9.9930037e-03  8.2496917e-03 -3.5657901e-02  1.0000002e+00]]
[2025-11-14 18:30:12,793][src.models.modules.semantic_id.tiger_generation_model][WARNING] - [rank: 0] Failed to stack cross attentions: stack expects each tensor to be equal size, but got [32, 6, 135] at entry 0 and [32, 6, 2, 135] at entry 1
[2025-11-14 18:30:12,794][src.models.modules.semantic_id.tiger_generation_model][WARNING] - [rank: 0]   Hierarchy 0 shape: torch.Size([32, 6, 135])
[2025-11-14 18:30:12,795][src.models.modules.semantic_id.tiger_generation_model][WARNING] - [rank: 0]   Hierarchy 1 shape: torch.Size([32, 6, 2, 135])
[2025-11-14 18:30:12,795][src.models.modules.semantic_id.tiger_generation_model][WARNING] - [rank: 0]   Hierarchy 2 shape: torch.Size([32, 6, 135])
[2025-11-14 18:30:12,795][src.models.modules.semantic_id.tiger_generation_model][WARNING] - [rank: 0]   Hierarchy 3 shape: torch.Size([32, 6, 135])
[2025-11-14 18:30:12,795][src.models.modules.semantic_id.tiger_generation_model][WARNING] - [rank: 0]   Hierarchy 4 shape: torch.Size([32, 6, 135])
[2025-11-14 18:30:12,796][src.models.modules.semantic_id.tiger_generation_model][WARNING] - [rank: 0]   Hierarchy 5 shape: torch.Size([32, 6, 135])
[2025-11-14 18:30:12,796][src.models.modules.semantic_id.tiger_generation_model][WARNING] - [rank: 0]   Hierarchy 6 shape: torch.Size([32, 6, 135])
[2025-11-14 18:30:12,796][src.models.modules.semantic_id.tiger_generation_model][WARNING] - [rank: 0]   Hierarchy 7 shape: torch.Size([32, 6, 135])
[2025-11-14 18:30:13,099][src.models.modules.semantic_id.tiger_generation_model][INFO] - [rank: 0] Saved decoder self-attention to ./attention_weights/decoder_self_attention_batch_97.pt
[2025-11-14 18:30:13,100][src.models.modules.semantic_id.tiger_generation_model][INFO] - [rank: 0] Saved encoder attention to ./attention_weights/encoder_attention_batch_97.pt
[2025-11-14 18:30:13,100][src.models.modules.semantic_id.tiger_generation_model][INFO] - [rank: 0] Saved cross attention to ./attention_weights/cross_attention_batch_97.pt
[2025-11-14 18:30:13,108][src.models.modules.semantic_id.tiger_generation_model][INFO] - [rank: 0] 当前batch的生成语义ID Embedding相似度矩阵:
[[ 1.          0.02694236  0.00822638  0.01928092 -0.02409613 -0.01082292
   0.00270191  0.01625687]
 [ 0.02694236  0.99999994  0.00944862  0.02051195  0.02829606  0.03410399
  -0.00566335  0.01474666]
 [ 0.00822638  0.00944862  1.          0.02046069  0.01700256  0.0231075
  -0.00500943  0.04360364]
 [ 0.01928092  0.02051195  0.02046069  1.         -0.00431504  0.00208512
  -0.01349208  0.01874328]
 [-0.02409613  0.02829606  0.01700256 -0.00431504  1.         -0.02989028
  -0.0187755  -0.02034556]
 [-0.01082292  0.03410399  0.0231075   0.00208512 -0.02989028  1.
  -0.04897441  0.00975432]
 [ 0.00270191 -0.00566335 -0.00500943 -0.01349208 -0.0187755  -0.04897441
   1.         -0.01488722]
 [ 0.01625687  0.01474666  0.04360364  0.01874328 -0.02034556  0.00975432
  -0.01488722  1.0000001 ]]
[2025-11-14 18:30:13,336][src.models.modules.semantic_id.tiger_generation_model][INFO] - [rank: 0] 当前batch的输入Item Hierarchy Embedding相似度矩阵:
[[ 1.0000000e+00  5.8495849e-03 -1.5996093e-02 -4.7304854e-03
   7.7066217e-03 -1.3111051e-03  1.3674536e-02  1.2454890e-02]
 [ 5.8495849e-03  1.0000000e+00  5.7485909e-03  1.6524341e-02
  -7.8231962e-03 -7.0934771e-03  6.7390699e-04  4.6249926e-03]
 [-1.5996093e-02  5.7485909e-03  1.0000000e+00 -3.1679894e-03
   4.5674355e-03  4.8325318e-03 -3.5369243e-03  5.2557187e-03]
 [-4.7304854e-03  1.6524341e-02 -3.1679894e-03  1.0000000e+00
  -6.8717073e-03 -1.1277431e-02 -1.1520613e-02  1.0404047e-02]
 [ 7.7066217e-03 -7.8231962e-03  4.5674355e-03 -6.8717073e-03
   1.0000000e+00  2.1243548e-02 -5.1301341e-03  1.7444368e-02]
 [-1.3111051e-03 -7.0934771e-03  4.8325318e-03 -1.1277431e-02
   2.1243548e-02  1.0000000e+00 -1.9228533e-03 -1.5380282e-03]
 [ 1.3674536e-02  6.7390699e-04 -3.5369243e-03 -1.1520613e-02
  -5.1301341e-03 -1.9228533e-03  1.0000000e+00 -3.3620447e-02]
 [ 1.2454890e-02  4.6249926e-03  5.2557187e-03  1.0404047e-02
   1.7444368e-02 -1.5380282e-03 -3.3620447e-02  1.0000002e+00]]
[2025-11-14 18:30:14,587][src.models.modules.semantic_id.tiger_generation_model][WARNING] - [rank: 0] Failed to stack cross attentions: stack expects each tensor to be equal size, but got [32, 6, 135] at entry 0 and [32, 6, 2, 135] at entry 1
[2025-11-14 18:30:14,588][src.models.modules.semantic_id.tiger_generation_model][WARNING] - [rank: 0]   Hierarchy 0 shape: torch.Size([32, 6, 135])
[2025-11-14 18:30:14,588][src.models.modules.semantic_id.tiger_generation_model][WARNING] - [rank: 0]   Hierarchy 1 shape: torch.Size([32, 6, 2, 135])
[2025-11-14 18:30:14,588][src.models.modules.semantic_id.tiger_generation_model][WARNING] - [rank: 0]   Hierarchy 2 shape: torch.Size([32, 6, 135])
[2025-11-14 18:30:14,588][src.models.modules.semantic_id.tiger_generation_model][WARNING] - [rank: 0]   Hierarchy 3 shape: torch.Size([32, 6, 135])
[2025-11-14 18:30:14,588][src.models.modules.semantic_id.tiger_generation_model][WARNING] - [rank: 0]   Hierarchy 4 shape: torch.Size([32, 6, 135])
[2025-11-14 18:30:14,589][src.models.modules.semantic_id.tiger_generation_model][WARNING] - [rank: 0]   Hierarchy 5 shape: torch.Size([32, 6, 135])
[2025-11-14 18:30:14,589][src.models.modules.semantic_id.tiger_generation_model][WARNING] - [rank: 0]   Hierarchy 6 shape: torch.Size([32, 6, 135])
[2025-11-14 18:30:14,589][src.models.modules.semantic_id.tiger_generation_model][WARNING] - [rank: 0]   Hierarchy 7 shape: torch.Size([32, 6, 135])
[2025-11-14 18:30:14,932][src.models.modules.semantic_id.tiger_generation_model][INFO] - [rank: 0] Saved decoder self-attention to ./attention_weights/decoder_self_attention_batch_98.pt
[2025-11-14 18:30:14,932][src.models.modules.semantic_id.tiger_generation_model][INFO] - [rank: 0] Saved encoder attention to ./attention_weights/encoder_attention_batch_98.pt
[2025-11-14 18:30:14,932][src.models.modules.semantic_id.tiger_generation_model][INFO] - [rank: 0] Saved cross attention to ./attention_weights/cross_attention_batch_98.pt
[2025-11-14 18:30:14,939][src.models.modules.semantic_id.tiger_generation_model][INFO] - [rank: 0] 当前batch的生成语义ID Embedding相似度矩阵:
[[ 1.0000000e+00  5.9803586e-02 -2.1110818e-02  1.8373327e-02
   2.2994019e-02 -3.7081121e-03 -2.4988100e-02  1.6988378e-02]
 [ 5.9803586e-02  1.0000000e+00  1.1154041e-02  2.0566046e-02
   1.0257018e-02  2.7341478e-02  4.9612084e-03  1.2933692e-02]
 [-2.1110818e-02  1.1154041e-02  1.0000000e+00  1.6687186e-02
  -2.4723643e-02 -4.6100542e-03 -6.0638855e-04  1.4151581e-02]
 [ 1.8373327e-02  2.0566046e-02  1.6687186e-02  1.0000000e+00
   4.5184162e-03  2.3594839e-02 -2.8493498e-02  2.0925937e-02]
 [ 2.2994019e-02  1.0257018e-02 -2.4723643e-02  4.5184162e-03
   1.0000000e+00 -1.8555589e-02 -3.8302153e-02 -6.3864212e-04]
 [-3.7081121e-03  2.7341478e-02 -4.6100542e-03  2.3594839e-02
  -1.8555589e-02  1.0000000e+00 -8.1407689e-03  2.1770120e-02]
 [-2.4988100e-02  4.9612084e-03 -6.0638855e-04 -2.8493498e-02
  -3.8302153e-02 -8.1407689e-03  1.0000000e+00 -7.6178829e-03]
 [ 1.6988378e-02  1.2933692e-02  1.4151581e-02  2.0925937e-02
  -6.3864212e-04  2.1770120e-02 -7.6178829e-03  1.0000001e+00]]
[2025-11-14 18:30:15,041][src.models.modules.semantic_id.tiger_generation_model][INFO] - [rank: 0] 当前batch的输入Item Hierarchy Embedding相似度矩阵:
[[ 1.0000000e+00  1.7021282e-02 -9.7676332e-04 -2.0522936e-03
  -2.3822414e-03 -4.1000098e-03 -7.5873798e-03  3.1911291e-03]
 [ 1.7021282e-02  1.0000000e+00 -9.2465337e-03  7.4037844e-03
   5.0234417e-03 -2.1995055e-04  1.7581260e-03 -2.7229630e-03]
 [-9.7676332e-04 -9.2465337e-03  1.0000000e+00  1.0120906e-03
   1.0363359e-02  6.1540352e-03 -3.7736653e-03  3.1373938e-04]
 [-2.0522936e-03  7.4037844e-03  1.0120906e-03  1.0000000e+00
  -1.5916923e-03  1.0875883e-02 -2.0154102e-03  4.0594744e-03]
 [-2.3822414e-03  5.0234417e-03  1.0363359e-02 -1.5916923e-03
   1.0000000e+00  2.7576147e-03 -7.6300069e-03  1.1288414e-03]
 [-4.1000098e-03 -2.1995055e-04  6.1540352e-03  1.0875883e-02
   2.7576147e-03  1.0000000e+00 -1.5416415e-02  6.0159564e-03]
 [-7.5873798e-03  1.7581260e-03 -3.7736653e-03 -2.0154102e-03
  -7.6300069e-03 -1.5416415e-02  1.0000000e+00 -3.8158800e-02]
 [ 3.1911291e-03 -2.7229630e-03  3.1373938e-04  4.0594744e-03
   1.1288414e-03  6.0159564e-03 -3.8158800e-02  1.0000001e+00]]
[2025-11-14 18:30:15,971][src.models.modules.semantic_id.tiger_generation_model][WARNING] - [rank: 0] Failed to stack cross attentions: stack expects each tensor to be equal size, but got [32, 6, 135] at entry 0 and [32, 6, 2, 135] at entry 1
[2025-11-14 18:30:15,971][src.models.modules.semantic_id.tiger_generation_model][WARNING] - [rank: 0]   Hierarchy 0 shape: torch.Size([32, 6, 135])
[2025-11-14 18:30:15,972][src.models.modules.semantic_id.tiger_generation_model][WARNING] - [rank: 0]   Hierarchy 1 shape: torch.Size([32, 6, 2, 135])
[2025-11-14 18:30:15,972][src.models.modules.semantic_id.tiger_generation_model][WARNING] - [rank: 0]   Hierarchy 2 shape: torch.Size([32, 6, 135])
[2025-11-14 18:30:15,972][src.models.modules.semantic_id.tiger_generation_model][WARNING] - [rank: 0]   Hierarchy 3 shape: torch.Size([32, 6, 135])
[2025-11-14 18:30:15,973][src.models.modules.semantic_id.tiger_generation_model][WARNING] - [rank: 0]   Hierarchy 4 shape: torch.Size([32, 6, 135])
[2025-11-14 18:30:15,973][src.models.modules.semantic_id.tiger_generation_model][WARNING] - [rank: 0]   Hierarchy 5 shape: torch.Size([32, 6, 135])
[2025-11-14 18:30:15,973][src.models.modules.semantic_id.tiger_generation_model][WARNING] - [rank: 0]   Hierarchy 6 shape: torch.Size([32, 6, 135])
[2025-11-14 18:30:15,973][src.models.modules.semantic_id.tiger_generation_model][WARNING] - [rank: 0]   Hierarchy 7 shape: torch.Size([32, 6, 135])
[2025-11-14 18:30:16,522][src.models.modules.semantic_id.tiger_generation_model][INFO] - [rank: 0] Saved decoder self-attention to ./attention_weights/decoder_self_attention_batch_99.pt
[2025-11-14 18:30:16,523][src.models.modules.semantic_id.tiger_generation_model][INFO] - [rank: 0] Saved encoder attention to ./attention_weights/encoder_attention_batch_99.pt
[2025-11-14 18:30:16,523][src.models.modules.semantic_id.tiger_generation_model][INFO] - [rank: 0] Saved cross attention to ./attention_weights/cross_attention_batch_99.pt
[2025-11-14 18:30:16,532][src.models.modules.semantic_id.tiger_generation_model][INFO] - [rank: 0] 当前batch的生成语义ID Embedding相似度矩阵:
[[ 1.         -0.01524987  0.00975767 -0.00607561  0.02242126 -0.01512067
   0.0094872   0.0298283 ]
 [-0.01524987  1.          0.01397956  0.00426582 -0.00404624  0.01852294
  -0.01537366  0.00371167]
 [ 0.00975767  0.01397956  1.         -0.00264245 -0.02067669  0.03446702
   0.0221253   0.03317484]
 [-0.00607561  0.00426582 -0.00264245  1.         -0.02722039 -0.0155574
   0.00504646  0.008631  ]
 [ 0.02242126 -0.00404624 -0.02067669 -0.02722039  1.          0.01402171
  -0.02492644 -0.0282384 ]
 [-0.01512067  0.01852294  0.03446702 -0.0155574   0.01402171  1.
  -0.02576416  0.01854562]
 [ 0.0094872  -0.01537366  0.0221253   0.00504646 -0.02492644 -0.02576416
   1.         -0.00909704]
 [ 0.0298283   0.00371167  0.03317484  0.008631   -0.0282384   0.01854562
  -0.00909704  1.0000001 ]]
[2025-11-14 18:30:17,033][src.models.modules.semantic_id.tiger_generation_model][INFO] - [rank: 0] 当前batch的输入Item Hierarchy Embedding相似度矩阵:
[[ 1.0000000e+00 -1.0239372e-02  3.1649852e-03  6.2582055e-03
   2.6729684e-03 -1.0871497e-03  4.0176809e-03  9.1024563e-03]
 [-1.0239372e-02  1.0000000e+00 -5.7879840e-03  9.3218908e-03
  -3.9272378e-03  5.5720457e-03 -9.2757139e-03  2.4527544e-03]
 [ 3.1649852e-03 -5.7879840e-03  1.0000000e+00  9.3071046e-04
   9.9922763e-03  3.3784101e-03 -1.4724852e-02  5.8759940e-03]
 [ 6.2582055e-03  9.3218908e-03  9.3071046e-04  1.0000000e+00
   2.2789936e-04 -6.8991887e-03 -1.1919101e-03  7.2614395e-04]
 [ 2.6729684e-03 -3.9272378e-03  9.9922763e-03  2.2789936e-04
   1.0000000e+00 -7.9268059e-03 -1.2446187e-02  6.6248165e-03]
 [-1.0871497e-03  5.5720457e-03  3.3784101e-03 -6.8991887e-03
  -7.9268059e-03  1.0000000e+00  3.0535404e-03  5.8263232e-04]
 [ 4.0176809e-03 -9.2757139e-03 -1.4724852e-02 -1.1919101e-03
  -1.2446187e-02  3.0535404e-03  1.0000000e+00 -4.4951178e-02]
 [ 9.1024563e-03  2.4527544e-03  5.8759940e-03  7.2614395e-04
   6.6248165e-03  5.8263232e-04 -4.4951178e-02  1.0000002e+00]]
[2025-11-14 18:30:18,036][src.models.modules.semantic_id.tiger_generation_model][WARNING] - [rank: 0] Failed to stack cross attentions: stack expects each tensor to be equal size, but got [32, 6, 135] at entry 0 and [32, 6, 2, 135] at entry 1
[2025-11-14 18:30:18,037][src.models.modules.semantic_id.tiger_generation_model][WARNING] - [rank: 0]   Hierarchy 0 shape: torch.Size([32, 6, 135])
[2025-11-14 18:30:18,038][src.models.modules.semantic_id.tiger_generation_model][WARNING] - [rank: 0]   Hierarchy 1 shape: torch.Size([32, 6, 2, 135])
[2025-11-14 18:30:18,038][src.models.modules.semantic_id.tiger_generation_model][WARNING] - [rank: 0]   Hierarchy 2 shape: torch.Size([32, 6, 135])
[2025-11-14 18:30:18,038][src.models.modules.semantic_id.tiger_generation_model][WARNING] - [rank: 0]   Hierarchy 3 shape: torch.Size([32, 6, 135])
[2025-11-14 18:30:18,038][src.models.modules.semantic_id.tiger_generation_model][WARNING] - [rank: 0]   Hierarchy 4 shape: torch.Size([32, 6, 135])
[2025-11-14 18:30:18,038][src.models.modules.semantic_id.tiger_generation_model][WARNING] - [rank: 0]   Hierarchy 5 shape: torch.Size([32, 6, 135])
[2025-11-14 18:30:18,039][src.models.modules.semantic_id.tiger_generation_model][WARNING] - [rank: 0]   Hierarchy 6 shape: torch.Size([32, 6, 135])
[2025-11-14 18:30:18,039][src.models.modules.semantic_id.tiger_generation_model][WARNING] - [rank: 0]   Hierarchy 7 shape: torch.Size([32, 6, 135])
[2025-11-14 18:30:18,527][src.models.modules.semantic_id.tiger_generation_model][INFO] - [rank: 0] Saved decoder self-attention to ./attention_weights/decoder_self_attention_batch_100.pt
[2025-11-14 18:30:18,528][src.models.modules.semantic_id.tiger_generation_model][INFO] - [rank: 0] Saved encoder attention to ./attention_weights/encoder_attention_batch_100.pt
[2025-11-14 18:30:18,528][src.models.modules.semantic_id.tiger_generation_model][INFO] - [rank: 0] Saved cross attention to ./attention_weights/cross_attention_batch_100.pt
[2025-11-14 18:30:18,536][src.models.modules.semantic_id.tiger_generation_model][INFO] - [rank: 0] 当前batch的生成语义ID Embedding相似度矩阵:
[[ 1.0000000e+00  9.1634691e-04 -2.4764206e-02 -3.7253723e-02
   4.1384017e-03 -1.5892012e-02 -1.2822745e-02 -5.8631152e-03]
 [ 9.1634691e-04  1.0000000e+00 -1.8264551e-02 -1.3953280e-03
  -2.0049389e-02 -4.2247087e-02  2.4151942e-02 -6.2998822e-03]
 [-2.4764206e-02 -1.8264551e-02  1.0000000e+00  1.7539077e-02
   2.0199288e-02  7.0788041e-03 -1.1442903e-02  2.4655643e-03]
 [-3.7253723e-02 -1.3953280e-03  1.7539077e-02  1.0000000e+00
  -1.4108835e-02  1.6326129e-02 -3.1816140e-03  1.4064738e-02]
 [ 4.1384017e-03 -2.0049389e-02  2.0199288e-02 -1.4108835e-02
   1.0000000e+00  1.4320393e-03 -3.6334943e-02 -5.2454211e-03]
 [-1.5892012e-02 -4.2247087e-02  7.0788041e-03  1.6326129e-02
   1.4320393e-03  1.0000000e+00 -2.0109953e-02 -2.7068730e-02]
 [-1.2822745e-02  2.4151942e-02 -1.1442903e-02 -3.1816140e-03
  -3.6334943e-02 -2.0109953e-02  1.0000000e+00 -1.1457569e-02]
 [-5.8631152e-03 -6.2998822e-03  2.4655643e-03  1.4064738e-02
  -5.2454211e-03 -2.7068730e-02 -1.1457569e-02  1.0000001e+00]]
[2025-11-14 18:30:18,695][src.models.modules.semantic_id.tiger_generation_model][INFO] - [rank: 0] 当前batch的输入Item Hierarchy Embedding相似度矩阵:
[[ 1.0000000e+00 -9.4944509e-03 -7.7487882e-03 -4.7535412e-03
  -7.8901183e-04  4.7914274e-03 -8.7235300e-03  4.0868856e-03]
 [-9.4944509e-03  1.0000000e+00  1.1932697e-02  4.3837368e-03
   4.5317915e-04  5.2433154e-03  5.4240576e-03 -2.8490236e-03]
 [-7.7487882e-03  1.1932697e-02  1.0000000e+00  5.3588236e-03
   1.5722871e-02 -4.6035629e-03 -1.7617514e-02  3.0017097e-03]
 [-4.7535412e-03  4.3837368e-03  5.3588236e-03  1.0000000e+00
   9.1126412e-03  1.0029391e-02  9.5856836e-04  1.1967545e-02]
 [-7.8901183e-04  4.5317915e-04  1.5722871e-02  9.1126412e-03
   1.0000000e+00  9.0692230e-03 -1.6530983e-02  1.2328567e-02]
 [ 4.7914274e-03  5.2433154e-03 -4.6035629e-03  1.0029391e-02
   9.0692230e-03  1.0000000e+00  8.2607297e-03 -2.0349933e-02]
 [-8.7235300e-03  5.4240576e-03 -1.7617514e-02  9.5856836e-04
  -1.6530983e-02  8.2607297e-03  1.0000000e+00 -4.0817518e-02]
 [ 4.0868856e-03 -2.8490236e-03  3.0017097e-03  1.1967545e-02
   1.2328567e-02 -2.0349933e-02 -4.0817518e-02  1.0000001e+00]]
[2025-11-14 18:30:19,955][src.models.modules.semantic_id.tiger_generation_model][WARNING] - [rank: 0] Failed to stack cross attentions: stack expects each tensor to be equal size, but got [32, 6, 135] at entry 0 and [32, 6, 2, 135] at entry 1
[2025-11-14 18:30:19,956][src.models.modules.semantic_id.tiger_generation_model][WARNING] - [rank: 0]   Hierarchy 0 shape: torch.Size([32, 6, 135])
[2025-11-14 18:30:19,956][src.models.modules.semantic_id.tiger_generation_model][WARNING] - [rank: 0]   Hierarchy 1 shape: torch.Size([32, 6, 2, 135])
[2025-11-14 18:30:19,956][src.models.modules.semantic_id.tiger_generation_model][WARNING] - [rank: 0]   Hierarchy 2 shape: torch.Size([32, 6, 135])
[2025-11-14 18:30:19,957][src.models.modules.semantic_id.tiger_generation_model][WARNING] - [rank: 0]   Hierarchy 3 shape: torch.Size([32, 6, 135])
[2025-11-14 18:30:19,957][src.models.modules.semantic_id.tiger_generation_model][WARNING] - [rank: 0]   Hierarchy 4 shape: torch.Size([32, 6, 135])
[2025-11-14 18:30:19,957][src.models.modules.semantic_id.tiger_generation_model][WARNING] - [rank: 0]   Hierarchy 5 shape: torch.Size([32, 6, 135])
[2025-11-14 18:30:19,957][src.models.modules.semantic_id.tiger_generation_model][WARNING] - [rank: 0]   Hierarchy 6 shape: torch.Size([32, 6, 135])
[2025-11-14 18:30:19,958][src.models.modules.semantic_id.tiger_generation_model][WARNING] - [rank: 0]   Hierarchy 7 shape: torch.Size([32, 6, 135])
[2025-11-14 18:30:20,532][src.models.modules.semantic_id.tiger_generation_model][INFO] - [rank: 0] Saved decoder self-attention to ./attention_weights/decoder_self_attention_batch_101.pt
[2025-11-14 18:30:20,533][src.models.modules.semantic_id.tiger_generation_model][INFO] - [rank: 0] Saved encoder attention to ./attention_weights/encoder_attention_batch_101.pt
[2025-11-14 18:30:20,533][src.models.modules.semantic_id.tiger_generation_model][INFO] - [rank: 0] Saved cross attention to ./attention_weights/cross_attention_batch_101.pt
[2025-11-14 18:30:20,541][src.models.modules.semantic_id.tiger_generation_model][INFO] - [rank: 0] 当前batch的生成语义ID Embedding相似度矩阵:
[[ 1.0000000e+00  1.8343499e-02 -3.5864301e-04  2.5135433e-02
   2.7417587e-03 -2.7713567e-02 -3.6100890e-03  4.8051178e-03]
 [ 1.8343499e-02  1.0000000e+00 -1.6338717e-02 -2.5185332e-02
   3.0242343e-02  1.9697845e-02  3.7907951e-02 -1.4082395e-02]
 [-3.5864301e-04 -1.6338717e-02  1.0000000e+00  1.9475318e-02
  -1.5104655e-02  7.0749763e-03  1.7238110e-02  1.6212270e-02]
 [ 2.5135433e-02 -2.5185332e-02  1.9475318e-02  9.9999994e-01
  -5.1207516e-02 -1.8912094e-02 -2.2443399e-02  4.7762666e-02]
 [ 2.7417587e-03  3.0242343e-02 -1.5104655e-02 -5.1207516e-02
   1.0000000e+00 -6.2189661e-03 -1.2512901e-02 -3.3760749e-02]
 [-2.7713567e-02  1.9697845e-02  7.0749763e-03 -1.8912094e-02
  -6.2189661e-03  1.0000000e+00 -2.9039573e-02  3.2698933e-02]
 [-3.6100890e-03  3.7907951e-02  1.7238110e-02 -2.2443399e-02
  -1.2512901e-02 -2.9039573e-02  1.0000000e+00 -8.2703605e-03]
 [ 4.8051178e-03 -1.4082395e-02  1.6212270e-02  4.7762666e-02
  -3.3760749e-02  3.2698933e-02 -8.2703605e-03  1.0000001e+00]]
[2025-11-14 18:30:20,643][src.models.modules.semantic_id.tiger_generation_model][INFO] - [rank: 0] 当前batch的输入Item Hierarchy Embedding相似度矩阵:
[[ 1.0000000e+00  1.6121035e-02 -7.6280255e-04  2.3271902e-03
   1.3571219e-02  1.8442267e-03 -8.5509458e-04  1.9372094e-02]
 [ 1.6121035e-02  1.0000000e+00 -8.0870725e-03 -3.9125369e-03
   2.0119997e-02  1.6776040e-02 -6.3635297e-03  3.0233037e-02]
 [-7.6280255e-04 -8.0870725e-03  1.0000000e+00  8.5045090e-03
   1.1407773e-02  6.0263374e-03 -5.3845900e-03  1.5502497e-02]
 [ 2.3271902e-03 -3.9125369e-03  8.5045090e-03  1.0000000e+00
   1.0941580e-03  1.8739128e-02 -3.2497413e-02  9.9903066e-03]
 [ 1.3571219e-02  2.0119997e-02  1.1407773e-02  1.0941580e-03
   1.0000000e+00  6.8795485e-03 -1.0123864e-02  6.4906185e-03]
 [ 1.8442267e-03  1.6776040e-02  6.0263374e-03  1.8739128e-02
   6.8795485e-03  1.0000000e+00 -3.3623639e-03 -1.3471516e-02]
 [-8.5509458e-04 -6.3635297e-03 -5.3845900e-03 -3.2497413e-02
  -1.0123864e-02 -3.3623639e-03  1.0000000e+00 -3.2528378e-02]
 [ 1.9372094e-02  3.0233037e-02  1.5502497e-02  9.9903066e-03
   6.4906185e-03 -1.3471516e-02 -3.2528378e-02  1.0000001e+00]]
[2025-11-14 18:30:21,519][src.models.modules.semantic_id.tiger_generation_model][WARNING] - [rank: 0] Failed to stack cross attentions: stack expects each tensor to be equal size, but got [32, 6, 135] at entry 0 and [32, 6, 2, 135] at entry 1
[2025-11-14 18:30:21,520][src.models.modules.semantic_id.tiger_generation_model][WARNING] - [rank: 0]   Hierarchy 0 shape: torch.Size([32, 6, 135])
[2025-11-14 18:30:21,520][src.models.modules.semantic_id.tiger_generation_model][WARNING] - [rank: 0]   Hierarchy 1 shape: torch.Size([32, 6, 2, 135])
[2025-11-14 18:30:21,520][src.models.modules.semantic_id.tiger_generation_model][WARNING] - [rank: 0]   Hierarchy 2 shape: torch.Size([32, 6, 135])
[2025-11-14 18:30:21,521][src.models.modules.semantic_id.tiger_generation_model][WARNING] - [rank: 0]   Hierarchy 3 shape: torch.Size([32, 6, 135])
[2025-11-14 18:30:21,521][src.models.modules.semantic_id.tiger_generation_model][WARNING] - [rank: 0]   Hierarchy 4 shape: torch.Size([32, 6, 135])
[2025-11-14 18:30:21,521][src.models.modules.semantic_id.tiger_generation_model][WARNING] - [rank: 0]   Hierarchy 5 shape: torch.Size([32, 6, 135])
[2025-11-14 18:30:21,522][src.models.modules.semantic_id.tiger_generation_model][WARNING] - [rank: 0]   Hierarchy 6 shape: torch.Size([32, 6, 135])
[2025-11-14 18:30:21,522][src.models.modules.semantic_id.tiger_generation_model][WARNING] - [rank: 0]   Hierarchy 7 shape: torch.Size([32, 6, 135])
[2025-11-14 18:30:21,970][src.models.modules.semantic_id.tiger_generation_model][INFO] - [rank: 0] Saved decoder self-attention to ./attention_weights/decoder_self_attention_batch_102.pt
[2025-11-14 18:30:21,970][src.models.modules.semantic_id.tiger_generation_model][INFO] - [rank: 0] Saved encoder attention to ./attention_weights/encoder_attention_batch_102.pt
[2025-11-14 18:30:21,970][src.models.modules.semantic_id.tiger_generation_model][INFO] - [rank: 0] Saved cross attention to ./attention_weights/cross_attention_batch_102.pt
[2025-11-14 18:30:21,977][src.models.modules.semantic_id.tiger_generation_model][INFO] - [rank: 0] 当前batch的生成语义ID Embedding相似度矩阵:
[[ 1.0000000e+00  1.3857009e-02 -9.3896445e-03 -5.4396596e-03
   6.2576020e-03 -1.5550534e-02  1.5602685e-02  2.1373674e-02]
 [ 1.3857009e-02  1.0000000e+00  1.1759517e-02  2.1945195e-02
   8.0981236e-03 -3.2742515e-03 -7.3226844e-04 -2.4180209e-02]
 [-9.3896445e-03  1.1759517e-02  1.0000000e+00 -1.9345284e-02
   3.6348771e-02  2.6866075e-02  1.9308994e-02  2.3734272e-02]
 [-5.4396596e-03  2.1945195e-02 -1.9345284e-02  1.0000000e+00
  -3.0238221e-03 -9.1100670e-03 -2.7589843e-02  1.2984414e-02]
 [ 6.2576020e-03  8.0981236e-03  3.6348771e-02 -3.0238221e-03
   1.0000000e+00  3.7499000e-03 -6.5139295e-03 -5.3953263e-03]
 [-1.5550534e-02 -3.2742515e-03  2.6866075e-02 -9.1100670e-03
   3.7499000e-03  1.0000000e+00 -3.1911746e-02 -2.3110354e-02]
 [ 1.5602685e-02 -7.3226844e-04  1.9308994e-02 -2.7589843e-02
  -6.5139295e-03 -3.1911746e-02  1.0000000e+00 -5.5626523e-02]
 [ 2.1373674e-02 -2.4180209e-02  2.3734272e-02  1.2984414e-02
  -5.3953263e-03 -2.3110354e-02 -5.5626523e-02  1.0000001e+00]]
[2025-11-14 18:30:22,597][src.models.modules.semantic_id.tiger_generation_model][INFO] - [rank: 0] 当前batch的输入Item Hierarchy Embedding相似度矩阵:
[[ 1.0000000e+00 -2.4480976e-03 -7.1265958e-03 -1.2329686e-02
  -1.3931300e-03  4.8277588e-03 -1.4234148e-02  1.2734807e-02]
 [-2.4480976e-03  1.0000000e+00  3.6873861e-04 -5.5779479e-03
   1.0291070e-02 -1.9140742e-04  2.9572335e-03  3.1329098e-03]
 [-7.1265958e-03  3.6873861e-04  1.0000000e+00  5.8331946e-03
   8.1611760e-03 -2.9026163e-03 -1.4790868e-02  1.1959400e-02]
 [-1.2329686e-02 -5.5779479e-03  5.8331946e-03  1.0000000e+00
  -8.4798364e-03 -4.2726984e-03  4.6533807e-03  6.3536982e-03]
 [-1.3931300e-03  1.0291070e-02  8.1611760e-03 -8.4798364e-03
   1.0000000e+00  3.2017278e-03 -3.1421804e-03  8.4144380e-03]
 [ 4.8277588e-03 -1.9140742e-04 -2.9026163e-03 -4.2726984e-03
   3.2017278e-03  1.0000000e+00 -3.8543008e-03 -1.3427037e-02]
 [-1.4234148e-02  2.9572335e-03 -1.4790868e-02  4.6533807e-03
  -3.1421804e-03 -3.8543008e-03  1.0000000e+00 -3.4073338e-02]
 [ 1.2734807e-02  3.1329098e-03  1.1959400e-02  6.3536982e-03
   8.4144380e-03 -1.3427037e-02 -3.4073338e-02  1.0000001e+00]]
[2025-11-14 18:30:23,309][src.models.modules.semantic_id.tiger_generation_model][WARNING] - [rank: 0] Failed to stack cross attentions: stack expects each tensor to be equal size, but got [32, 6, 135] at entry 0 and [32, 6, 2, 135] at entry 1
[2025-11-14 18:30:23,310][src.models.modules.semantic_id.tiger_generation_model][WARNING] - [rank: 0]   Hierarchy 0 shape: torch.Size([32, 6, 135])
[2025-11-14 18:30:23,311][src.models.modules.semantic_id.tiger_generation_model][WARNING] - [rank: 0]   Hierarchy 1 shape: torch.Size([32, 6, 2, 135])
[2025-11-14 18:30:23,311][src.models.modules.semantic_id.tiger_generation_model][WARNING] - [rank: 0]   Hierarchy 2 shape: torch.Size([32, 6, 135])
[2025-11-14 18:30:23,311][src.models.modules.semantic_id.tiger_generation_model][WARNING] - [rank: 0]   Hierarchy 3 shape: torch.Size([32, 6, 135])
[2025-11-14 18:30:23,312][src.models.modules.semantic_id.tiger_generation_model][WARNING] - [rank: 0]   Hierarchy 4 shape: torch.Size([32, 6, 135])
[2025-11-14 18:30:23,312][src.models.modules.semantic_id.tiger_generation_model][WARNING] - [rank: 0]   Hierarchy 5 shape: torch.Size([32, 6, 135])
[2025-11-14 18:30:23,312][src.models.modules.semantic_id.tiger_generation_model][WARNING] - [rank: 0]   Hierarchy 6 shape: torch.Size([32, 6, 135])
[2025-11-14 18:30:23,312][src.models.modules.semantic_id.tiger_generation_model][WARNING] - [rank: 0]   Hierarchy 7 shape: torch.Size([32, 6, 135])
[2025-11-14 18:30:23,661][src.models.modules.semantic_id.tiger_generation_model][INFO] - [rank: 0] Saved decoder self-attention to ./attention_weights/decoder_self_attention_batch_103.pt
[2025-11-14 18:30:23,662][src.models.modules.semantic_id.tiger_generation_model][INFO] - [rank: 0] Saved encoder attention to ./attention_weights/encoder_attention_batch_103.pt
[2025-11-14 18:30:23,663][src.models.modules.semantic_id.tiger_generation_model][INFO] - [rank: 0] Saved cross attention to ./attention_weights/cross_attention_batch_103.pt
[2025-11-14 18:30:23,669][src.models.modules.semantic_id.tiger_generation_model][INFO] - [rank: 0] 当前batch的生成语义ID Embedding相似度矩阵:
[[ 1.0000000e+00  8.8971145e-03 -2.3719110e-02  4.3902274e-02
  -2.0631645e-03  5.7999894e-04 -2.2785433e-02 -4.7190757e-03]
 [ 8.8971145e-03  1.0000001e+00 -3.0291383e-03  6.6345921e-03
   2.8927941e-02  2.0213161e-02  1.5848339e-02 -1.0936502e-02]
 [-2.3719110e-02 -3.0291383e-03  1.0000000e+00 -3.0962001e-03
   1.1960849e-02  2.7277168e-02 -3.0797468e-02  1.7389724e-02]
 [ 4.3902274e-02  6.6345921e-03 -3.0962001e-03  1.0000000e+00
  -1.5138788e-03 -1.5055578e-02 -2.5811110e-02 -1.2556051e-02]
 [-2.0631645e-03  2.8927941e-02  1.1960849e-02 -1.5138788e-03
   1.0000000e+00 -3.0675720e-02 -1.0520578e-02  6.7839315e-03]
 [ 5.7999894e-04  2.0213161e-02  2.7277168e-02 -1.5055578e-02
  -3.0675720e-02  1.0000000e+00 -3.3593845e-02 -7.0801424e-03]
 [-2.2785433e-02  1.5848339e-02 -3.0797468e-02 -2.5811110e-02
  -1.0520578e-02 -3.3593845e-02  1.0000000e+00 -4.7817629e-02]
 [-4.7190757e-03 -1.0936502e-02  1.7389724e-02 -1.2556051e-02
   6.7839315e-03 -7.0801424e-03 -4.7817629e-02  1.0000001e+00]]
[2025-11-14 18:30:23,780][src.models.modules.semantic_id.tiger_generation_model][INFO] - [rank: 0] 当前batch的输入Item Hierarchy Embedding相似度矩阵:
[[ 1.00000000e+00 -7.20302574e-03  7.07358075e-03  1.29710957e-02
   1.20391315e-02 -7.70731876e-03 -2.17670463e-02  7.30019575e-03]
 [-7.20302574e-03  1.00000000e+00  1.29041197e-02 -1.91471644e-03
   1.54376903e-03  3.77031532e-03 -1.12804472e-02 -5.33811655e-03]
 [ 7.07358075e-03  1.29041197e-02  1.00000000e+00  9.10763443e-03
  -6.41299086e-03  1.35297896e-02 -1.30647607e-02 -9.22442693e-03]
 [ 1.29710957e-02 -1.91471644e-03  9.10763443e-03  1.00000000e+00
   5.90506301e-04  2.57962849e-02 -1.64250806e-02  6.08871737e-03]
 [ 1.20391315e-02  1.54376903e-03 -6.41299086e-03  5.90506301e-04
   1.00000000e+00  7.91144371e-03 -2.62019411e-03  2.24860422e-02]
 [-7.70731876e-03  3.77031532e-03  1.35297896e-02  2.57962849e-02
   7.91144371e-03  1.00000000e+00 -8.12729541e-03  2.21144583e-04]
 [-2.17670463e-02 -1.12804472e-02 -1.30647607e-02 -1.64250806e-02
  -2.62019411e-03 -8.12729541e-03  1.00000000e+00 -3.12535539e-02]
 [ 7.30019575e-03 -5.33811655e-03 -9.22442693e-03  6.08871737e-03
   2.24860422e-02  2.21144583e-04 -3.12535539e-02  1.00000012e+00]]
[2025-11-14 18:30:24,651][src.models.modules.semantic_id.tiger_generation_model][WARNING] - [rank: 0] Failed to stack cross attentions: stack expects each tensor to be equal size, but got [32, 6, 135] at entry 0 and [32, 6, 2, 135] at entry 1
[2025-11-14 18:30:24,652][src.models.modules.semantic_id.tiger_generation_model][WARNING] - [rank: 0]   Hierarchy 0 shape: torch.Size([32, 6, 135])
[2025-11-14 18:30:24,652][src.models.modules.semantic_id.tiger_generation_model][WARNING] - [rank: 0]   Hierarchy 1 shape: torch.Size([32, 6, 2, 135])
[2025-11-14 18:30:24,653][src.models.modules.semantic_id.tiger_generation_model][WARNING] - [rank: 0]   Hierarchy 2 shape: torch.Size([32, 6, 135])
[2025-11-14 18:30:24,653][src.models.modules.semantic_id.tiger_generation_model][WARNING] - [rank: 0]   Hierarchy 3 shape: torch.Size([32, 6, 135])
[2025-11-14 18:30:24,653][src.models.modules.semantic_id.tiger_generation_model][WARNING] - [rank: 0]   Hierarchy 4 shape: torch.Size([32, 6, 135])
[2025-11-14 18:30:24,653][src.models.modules.semantic_id.tiger_generation_model][WARNING] - [rank: 0]   Hierarchy 5 shape: torch.Size([32, 6, 135])
[2025-11-14 18:30:24,654][src.models.modules.semantic_id.tiger_generation_model][WARNING] - [rank: 0]   Hierarchy 6 shape: torch.Size([32, 6, 135])
[2025-11-14 18:30:24,654][src.models.modules.semantic_id.tiger_generation_model][WARNING] - [rank: 0]   Hierarchy 7 shape: torch.Size([32, 6, 135])
[2025-11-14 18:30:25,390][src.models.modules.semantic_id.tiger_generation_model][INFO] - [rank: 0] Saved decoder self-attention to ./attention_weights/decoder_self_attention_batch_104.pt
[2025-11-14 18:30:25,463][src.models.modules.semantic_id.tiger_generation_model][INFO] - [rank: 0] Saved encoder attention to ./attention_weights/encoder_attention_batch_104.pt
[2025-11-14 18:30:25,463][src.models.modules.semantic_id.tiger_generation_model][INFO] - [rank: 0] Saved cross attention to ./attention_weights/cross_attention_batch_104.pt
[2025-11-14 18:30:25,471][src.models.modules.semantic_id.tiger_generation_model][INFO] - [rank: 0] 当前batch的生成语义ID Embedding相似度矩阵:
[[ 1.0000000e+00  2.9658372e-02  2.4020920e-02  3.8909230e-02
  -1.4122533e-02 -3.1184666e-02 -3.0850945e-02  1.2695600e-02]
 [ 2.9658372e-02  9.9999988e-01 -5.8519226e-03  4.7356570e-03
   7.7958023e-03 -1.3347219e-02 -2.8715830e-02 -2.6166590e-02]
 [ 2.4020920e-02 -5.8519226e-03  1.0000000e+00  4.3562233e-02
  -3.8308274e-02  2.5503591e-02 -3.2723386e-02  3.3040654e-02]
 [ 3.8909230e-02  4.7356570e-03  4.3562233e-02  1.0000001e+00
   4.0110275e-02 -1.2575189e-02 -1.4862978e-02  2.7988814e-02]
 [-1.4122533e-02  7.7958023e-03 -3.8308274e-02  4.0110275e-02
   1.0000000e+00  1.0491179e-02  6.2045921e-04  1.8330861e-02]
 [-3.1184666e-02 -1.3347219e-02  2.5503591e-02 -1.2575189e-02
   1.0491179e-02  1.0000000e+00 -1.6465761e-02  3.0713182e-02]
 [-3.0850945e-02 -2.8715830e-02 -3.2723386e-02 -1.4862978e-02
   6.2045921e-04 -1.6465761e-02  1.0000000e+00 -3.0378532e-02]
 [ 1.2695600e-02 -2.6166590e-02  3.3040654e-02  2.7988814e-02
   1.8330861e-02  3.0713182e-02 -3.0378532e-02  1.0000001e+00]]
[2025-11-14 18:30:25,648][src.models.modules.semantic_id.tiger_generation_model][INFO] - [rank: 0] 当前batch的输入Item Hierarchy Embedding相似度矩阵:
[[ 1.00000000e+00  6.67809509e-03 -8.67843162e-03  8.37763492e-03
  -3.79722589e-03 -1.13568045e-02 -1.27723934e-02 -1.04080392e-02]
 [ 6.67809509e-03  1.00000000e+00 -7.06867664e-04  9.33602278e-04
  -2.45405152e-03 -3.43343732e-03  3.77958966e-03  7.28157070e-03]
 [-8.67843162e-03 -7.06867664e-04  1.00000000e+00  6.65744208e-03
  -5.41483238e-03  8.17393046e-03 -1.47064375e-02  1.53721245e-02]
 [ 8.37763492e-03  9.33602278e-04  6.65744208e-03  1.00000000e+00
  -1.64007638e-02 -1.99605781e-03  5.44198696e-03  1.07276971e-02]
 [-3.79722589e-03 -2.45405152e-03 -5.41483238e-03 -1.64007638e-02
   1.00000000e+00  8.83413851e-03 -8.45431443e-03  2.48818798e-03]
 [-1.13568045e-02 -3.43343732e-03  8.17393046e-03 -1.99605781e-03
   8.83413851e-03  1.00000000e+00  2.42764945e-03 -3.74718034e-03]
 [-1.27723934e-02  3.77958966e-03 -1.47064375e-02  5.44198696e-03
  -8.45431443e-03  2.42764945e-03  1.00000000e+00 -4.62243110e-02]
 [-1.04080392e-02  7.28157070e-03  1.53721245e-02  1.07276971e-02
   2.48818798e-03 -3.74718034e-03 -4.62243110e-02  1.00000012e+00]]
[2025-11-14 18:30:26,286][src.models.modules.semantic_id.tiger_generation_model][WARNING] - [rank: 0] Failed to stack cross attentions: stack expects each tensor to be equal size, but got [32, 6, 135] at entry 0 and [32, 6, 2, 135] at entry 1
[2025-11-14 18:30:26,286][src.models.modules.semantic_id.tiger_generation_model][WARNING] - [rank: 0]   Hierarchy 0 shape: torch.Size([32, 6, 135])
[2025-11-14 18:30:26,286][src.models.modules.semantic_id.tiger_generation_model][WARNING] - [rank: 0]   Hierarchy 1 shape: torch.Size([32, 6, 2, 135])
[2025-11-14 18:30:26,287][src.models.modules.semantic_id.tiger_generation_model][WARNING] - [rank: 0]   Hierarchy 2 shape: torch.Size([32, 6, 135])
[2025-11-14 18:30:26,287][src.models.modules.semantic_id.tiger_generation_model][WARNING] - [rank: 0]   Hierarchy 3 shape: torch.Size([32, 6, 135])
[2025-11-14 18:30:26,287][src.models.modules.semantic_id.tiger_generation_model][WARNING] - [rank: 0]   Hierarchy 4 shape: torch.Size([32, 6, 135])
[2025-11-14 18:30:26,287][src.models.modules.semantic_id.tiger_generation_model][WARNING] - [rank: 0]   Hierarchy 5 shape: torch.Size([32, 6, 135])
[2025-11-14 18:30:26,287][src.models.modules.semantic_id.tiger_generation_model][WARNING] - [rank: 0]   Hierarchy 6 shape: torch.Size([32, 6, 135])
[2025-11-14 18:30:26,287][src.models.modules.semantic_id.tiger_generation_model][WARNING] - [rank: 0]   Hierarchy 7 shape: torch.Size([32, 6, 135])
[2025-11-14 18:30:26,887][src.models.modules.semantic_id.tiger_generation_model][INFO] - [rank: 0] Saved decoder self-attention to ./attention_weights/decoder_self_attention_batch_105.pt
[2025-11-14 18:30:26,888][src.models.modules.semantic_id.tiger_generation_model][INFO] - [rank: 0] Saved encoder attention to ./attention_weights/encoder_attention_batch_105.pt
[2025-11-14 18:30:26,888][src.models.modules.semantic_id.tiger_generation_model][INFO] - [rank: 0] Saved cross attention to ./attention_weights/cross_attention_batch_105.pt
[2025-11-14 18:30:26,897][src.models.modules.semantic_id.tiger_generation_model][INFO] - [rank: 0] 当前batch的生成语义ID Embedding相似度矩阵:
[[ 1.0000000e+00  3.2430742e-02 -2.8964505e-03  2.3733914e-02
  -2.7956184e-02  2.2269316e-02 -1.1040570e-02 -2.3120232e-03]
 [ 3.2430742e-02  1.0000000e+00  1.5804791e-03  1.2886657e-02
   2.4848530e-02  1.4650685e-02  5.8966307e-03  5.2790013e-03]
 [-2.8964505e-03  1.5804791e-03  1.0000000e+00 -1.4165230e-02
  -8.4999809e-04  1.4071697e-02  1.2371525e-02  2.1357138e-02]
 [ 2.3733914e-02  1.2886657e-02 -1.4165230e-02  1.0000000e+00
  -1.3926093e-02 -4.5432121e-02 -2.3520580e-02  2.4090441e-02]
 [-2.7956184e-02  2.4848530e-02 -8.4999809e-04 -1.3926093e-02
   1.0000000e+00 -5.4027895e-03 -1.8275037e-02 -4.7313366e-03]
 [ 2.2269316e-02  1.4650685e-02  1.4071697e-02 -4.5432121e-02
  -5.4027895e-03  1.0000000e+00 -3.3784751e-02  1.8710943e-02]
 [-1.1040570e-02  5.8966307e-03  1.2371525e-02 -2.3520580e-02
  -1.8275037e-02 -3.3784751e-02  1.0000000e+00 -1.9943969e-02]
 [-2.3120232e-03  5.2790013e-03  2.1357138e-02  2.4090441e-02
  -4.7313366e-03  1.8710943e-02 -1.9943969e-02  1.0000001e+00]]
[2025-11-14 18:30:27,275][src.models.modules.semantic_id.tiger_generation_model][INFO] - [rank: 0] 当前batch的输入Item Hierarchy Embedding相似度矩阵:
[[ 1.00000000e+00  1.18948438e-03  1.86433390e-04 -1.28944870e-03
  -1.28103665e-03 -3.72766028e-03  4.34655603e-03  7.42718996e-03]
 [ 1.18948438e-03  1.00000000e+00  8.58013052e-03  5.52729145e-03
   1.13154091e-02  4.59477131e-04 -1.13694975e-02  1.26421927e-02]
 [ 1.86433390e-04  8.58013052e-03  1.00000000e+00 -5.70572913e-03
  -1.77665092e-02 -2.73572351e-03 -8.66821036e-03 -7.51250773e-04]
 [-1.28944870e-03  5.52729145e-03 -5.70572913e-03  1.00000000e+00
  -2.29166970e-02 -1.37514353e-03 -5.56475250e-03 -4.46153525e-03]
 [-1.28103665e-03  1.13154091e-02 -1.77665092e-02 -2.29166970e-02
   1.00000000e+00 -1.22071207e-02 -3.63794039e-03  2.05013696e-02]
 [-3.72766028e-03  4.59477131e-04 -2.73572351e-03 -1.37514353e-03
  -1.22071207e-02  1.00000000e+00 -9.44188423e-03  8.36911704e-03]
 [ 4.34655603e-03 -1.13694975e-02 -8.66821036e-03 -5.56475250e-03
  -3.63794039e-03 -9.44188423e-03  1.00000000e+00 -1.77233759e-02]
 [ 7.42718996e-03  1.26421927e-02 -7.51250773e-04 -4.46153525e-03
   2.05013696e-02  8.36911704e-03 -1.77233759e-02  1.00000012e+00]]
[2025-11-14 18:30:28,134][src.models.modules.semantic_id.tiger_generation_model][WARNING] - [rank: 0] Failed to stack cross attentions: stack expects each tensor to be equal size, but got [32, 6, 135] at entry 0 and [32, 6, 2, 135] at entry 1
[2025-11-14 18:30:28,135][src.models.modules.semantic_id.tiger_generation_model][WARNING] - [rank: 0]   Hierarchy 0 shape: torch.Size([32, 6, 135])
[2025-11-14 18:30:28,135][src.models.modules.semantic_id.tiger_generation_model][WARNING] - [rank: 0]   Hierarchy 1 shape: torch.Size([32, 6, 2, 135])
[2025-11-14 18:30:28,135][src.models.modules.semantic_id.tiger_generation_model][WARNING] - [rank: 0]   Hierarchy 2 shape: torch.Size([32, 6, 135])
[2025-11-14 18:30:28,135][src.models.modules.semantic_id.tiger_generation_model][WARNING] - [rank: 0]   Hierarchy 3 shape: torch.Size([32, 6, 135])
[2025-11-14 18:30:28,136][src.models.modules.semantic_id.tiger_generation_model][WARNING] - [rank: 0]   Hierarchy 4 shape: torch.Size([32, 6, 135])
[2025-11-14 18:30:28,136][src.models.modules.semantic_id.tiger_generation_model][WARNING] - [rank: 0]   Hierarchy 5 shape: torch.Size([32, 6, 135])
[2025-11-14 18:30:28,136][src.models.modules.semantic_id.tiger_generation_model][WARNING] - [rank: 0]   Hierarchy 6 shape: torch.Size([32, 6, 135])
[2025-11-14 18:30:28,137][src.models.modules.semantic_id.tiger_generation_model][WARNING] - [rank: 0]   Hierarchy 7 shape: torch.Size([32, 6, 135])
[2025-11-14 18:30:29,125][src.models.modules.semantic_id.tiger_generation_model][INFO] - [rank: 0] Saved decoder self-attention to ./attention_weights/decoder_self_attention_batch_106.pt
[2025-11-14 18:30:29,126][src.models.modules.semantic_id.tiger_generation_model][INFO] - [rank: 0] Saved encoder attention to ./attention_weights/encoder_attention_batch_106.pt
[2025-11-14 18:30:29,126][src.models.modules.semantic_id.tiger_generation_model][INFO] - [rank: 0] Saved cross attention to ./attention_weights/cross_attention_batch_106.pt
[2025-11-14 18:30:29,145][src.models.modules.semantic_id.tiger_generation_model][INFO] - [rank: 0] 当前batch的生成语义ID Embedding相似度矩阵:
[[ 1.          0.07812715 -0.00305045  0.031433   -0.04999693 -0.01851352
  -0.02823203 -0.00702455]
 [ 0.07812715  1.0000001   0.01898397  0.04395379  0.00264727  0.02675007
   0.01383091 -0.04868897]
 [-0.00305045  0.01898397  1.         -0.00233779 -0.01740659  0.02545794
  -0.03973911  0.00957692]
 [ 0.031433    0.04395379 -0.00233779  1.          0.05078317  0.01005409
  -0.0210693   0.01156363]
 [-0.04999693  0.00264727 -0.01740659  0.05078317  1.0000001  -0.05095524
  -0.04448848  0.00308372]
 [-0.01851352  0.02675007  0.02545794  0.01005409 -0.05095524  1.0000001
  -0.01259662  0.06679244]
 [-0.02823203  0.01383091 -0.03973911 -0.0210693  -0.04448848 -0.01259662
   1.         -0.01475875]
 [-0.00702455 -0.04868897  0.00957692  0.01156363  0.00308372  0.06679244
  -0.01475875  1.0000001 ]]
[2025-11-14 18:30:29,549][src.models.modules.semantic_id.tiger_generation_model][INFO] - [rank: 0] 当前batch的输入Item Hierarchy Embedding相似度矩阵:
[[ 1.00000000e+00  9.80152865e-04 -7.39798229e-03  8.67868401e-03
   1.42066926e-02  7.92903360e-03  6.62495382e-04  5.47997653e-03]
 [ 9.80152865e-04  1.00000000e+00 -3.39998538e-03  1.15656881e-02
   3.18670389e-03 -1.56594918e-03  5.41661400e-03  1.50549747e-02]
 [-7.39798229e-03 -3.39998538e-03  1.00000000e+00  2.14091819e-02
   8.77808686e-03  1.52438153e-02  2.97644846e-02 -5.71068702e-03]
 [ 8.67868401e-03  1.15656881e-02  2.14091819e-02  9.99999940e-01
  -1.83976779e-03  2.07729731e-02  8.85129068e-03  2.24925508e-03]
 [ 1.42066926e-02  3.18670389e-03  8.77808686e-03 -1.83976779e-03
   1.00000000e+00  1.81410142e-04 -1.37158865e-02 -5.61169721e-03]
 [ 7.92903360e-03 -1.56594918e-03  1.52438153e-02  2.07729731e-02
   1.81410142e-04  1.00000000e+00 -1.39138056e-02  2.33249357e-05]
 [ 6.62495382e-04  5.41661400e-03  2.97644846e-02  8.85129068e-03
  -1.37158865e-02 -1.39138056e-02  1.00000000e+00 -3.49521488e-02]
 [ 5.47997653e-03  1.50549747e-02 -5.71068702e-03  2.24925508e-03
  -5.61169721e-03  2.33249357e-05 -3.49521488e-02  1.00000024e+00]]
[2025-11-14 18:30:30,334][src.models.modules.semantic_id.tiger_generation_model][WARNING] - [rank: 0] Failed to stack cross attentions: stack expects each tensor to be equal size, but got [32, 6, 135] at entry 0 and [32, 6, 2, 135] at entry 1
[2025-11-14 18:30:30,335][src.models.modules.semantic_id.tiger_generation_model][WARNING] - [rank: 0]   Hierarchy 0 shape: torch.Size([32, 6, 135])
[2025-11-14 18:30:30,335][src.models.modules.semantic_id.tiger_generation_model][WARNING] - [rank: 0]   Hierarchy 1 shape: torch.Size([32, 6, 2, 135])
[2025-11-14 18:30:30,335][src.models.modules.semantic_id.tiger_generation_model][WARNING] - [rank: 0]   Hierarchy 2 shape: torch.Size([32, 6, 135])
[2025-11-14 18:30:30,335][src.models.modules.semantic_id.tiger_generation_model][WARNING] - [rank: 0]   Hierarchy 3 shape: torch.Size([32, 6, 135])
[2025-11-14 18:30:30,335][src.models.modules.semantic_id.tiger_generation_model][WARNING] - [rank: 0]   Hierarchy 4 shape: torch.Size([32, 6, 135])
[2025-11-14 18:30:30,336][src.models.modules.semantic_id.tiger_generation_model][WARNING] - [rank: 0]   Hierarchy 5 shape: torch.Size([32, 6, 135])
[2025-11-14 18:30:30,336][src.models.modules.semantic_id.tiger_generation_model][WARNING] - [rank: 0]   Hierarchy 6 shape: torch.Size([32, 6, 135])
[2025-11-14 18:30:30,336][src.models.modules.semantic_id.tiger_generation_model][WARNING] - [rank: 0]   Hierarchy 7 shape: torch.Size([32, 6, 135])
[2025-11-14 18:30:31,052][src.models.modules.semantic_id.tiger_generation_model][INFO] - [rank: 0] Saved decoder self-attention to ./attention_weights/decoder_self_attention_batch_107.pt
[2025-11-14 18:30:31,052][src.models.modules.semantic_id.tiger_generation_model][INFO] - [rank: 0] Saved encoder attention to ./attention_weights/encoder_attention_batch_107.pt
[2025-11-14 18:30:31,053][src.models.modules.semantic_id.tiger_generation_model][INFO] - [rank: 0] Saved cross attention to ./attention_weights/cross_attention_batch_107.pt
[2025-11-14 18:30:31,060][src.models.modules.semantic_id.tiger_generation_model][INFO] - [rank: 0] 当前batch的生成语义ID Embedding相似度矩阵:
[[ 1.00000000e+00  2.71540880e-02  1.58806648e-02 -2.25205533e-02
  -2.03249604e-02  7.33809639e-03 -3.02210171e-02 -2.84575904e-03]
 [ 2.71540880e-02  1.00000000e+00  1.04489988e-02 -3.13236862e-02
   2.22145617e-02 -2.57568713e-03  1.99325997e-02 -1.43986158e-02]
 [ 1.58806648e-02  1.04489988e-02  1.00000000e+00  4.21255361e-04
  -2.21992601e-02  9.22229607e-03  2.74483324e-03 -1.37586147e-03]
 [-2.25205533e-02 -3.13236862e-02  4.21255361e-04  1.00000000e+00
  -1.52698215e-02 -1.40820071e-03 -6.63974881e-03  2.25576069e-02]
 [-2.03249604e-02  2.22145617e-02 -2.21992601e-02 -1.52698215e-02
   1.00000000e+00  1.31794242e-02 -1.44362692e-02 -2.04745065e-02]
 [ 7.33809639e-03 -2.57568713e-03  9.22229607e-03 -1.40820071e-03
   1.31794242e-02  1.00000000e+00 -1.28101278e-02  1.39410999e-02]
 [-3.02210171e-02  1.99325997e-02  2.74483324e-03 -6.63974881e-03
  -1.44362692e-02 -1.28101278e-02  1.00000000e+00 -3.17183658e-02]
 [-2.84575904e-03 -1.43986158e-02 -1.37586147e-03  2.25576069e-02
  -2.04745065e-02  1.39410999e-02 -3.17183658e-02  1.00000012e+00]]
[2025-11-14 18:30:31,507][src.models.modules.semantic_id.tiger_generation_model][INFO] - [rank: 0] 当前batch的输入Item Hierarchy Embedding相似度矩阵:
[[ 9.9999994e-01  5.1460746e-03  5.9092359e-04 -1.5717920e-02
   4.3578082e-04 -1.8827669e-02  6.4969384e-03  1.6476898e-03]
 [ 5.1460746e-03  9.9999994e-01  2.8505945e-03 -2.5170054e-03
   5.8632451e-03 -2.2614594e-03 -6.5831179e-03 -8.6306222e-03]
 [ 5.9092359e-04  2.8505945e-03  9.9999994e-01  1.2371984e-03
   8.5096341e-03  1.2658986e-02 -1.0007436e-03  6.8556587e-03]
 [-1.5717920e-02 -2.5170054e-03  1.2371984e-03  9.9999994e-01
   4.3388858e-04 -1.0432668e-03 -8.0455225e-03  1.3209328e-02]
 [ 4.3578082e-04  5.8632451e-03  8.5096341e-03  4.3388858e-04
   9.9999994e-01 -5.1799659e-03 -2.4881577e-03  7.0023891e-03]
 [-1.8827669e-02 -2.2614594e-03  1.2658986e-02 -1.0432668e-03
  -5.1799659e-03  9.9999994e-01 -1.0620401e-02  8.4184651e-04]
 [ 6.4969384e-03 -6.5831179e-03 -1.0007436e-03 -8.0455225e-03
  -2.4881577e-03 -1.0620401e-02  9.9999994e-01 -5.9074771e-02]
 [ 1.6476898e-03 -8.6306222e-03  6.8556587e-03  1.3209328e-02
   7.0023891e-03  8.4184651e-04 -5.9074771e-02  1.0000001e+00]]
[2025-11-14 18:30:32,836][src.models.modules.semantic_id.tiger_generation_model][WARNING] - [rank: 0] Failed to stack cross attentions: stack expects each tensor to be equal size, but got [32, 6, 135] at entry 0 and [32, 6, 2, 135] at entry 1
[2025-11-14 18:30:32,836][src.models.modules.semantic_id.tiger_generation_model][WARNING] - [rank: 0]   Hierarchy 0 shape: torch.Size([32, 6, 135])
[2025-11-14 18:30:32,836][src.models.modules.semantic_id.tiger_generation_model][WARNING] - [rank: 0]   Hierarchy 1 shape: torch.Size([32, 6, 2, 135])
[2025-11-14 18:30:32,837][src.models.modules.semantic_id.tiger_generation_model][WARNING] - [rank: 0]   Hierarchy 2 shape: torch.Size([32, 6, 135])
[2025-11-14 18:30:32,837][src.models.modules.semantic_id.tiger_generation_model][WARNING] - [rank: 0]   Hierarchy 3 shape: torch.Size([32, 6, 135])
[2025-11-14 18:30:32,837][src.models.modules.semantic_id.tiger_generation_model][WARNING] - [rank: 0]   Hierarchy 4 shape: torch.Size([32, 6, 135])
[2025-11-14 18:30:32,837][src.models.modules.semantic_id.tiger_generation_model][WARNING] - [rank: 0]   Hierarchy 5 shape: torch.Size([32, 6, 135])
[2025-11-14 18:30:32,838][src.models.modules.semantic_id.tiger_generation_model][WARNING] - [rank: 0]   Hierarchy 6 shape: torch.Size([32, 6, 135])
[2025-11-14 18:30:32,838][src.models.modules.semantic_id.tiger_generation_model][WARNING] - [rank: 0]   Hierarchy 7 shape: torch.Size([32, 6, 135])
[2025-11-14 18:30:33,253][src.models.modules.semantic_id.tiger_generation_model][INFO] - [rank: 0] Saved decoder self-attention to ./attention_weights/decoder_self_attention_batch_108.pt
[2025-11-14 18:30:33,254][src.models.modules.semantic_id.tiger_generation_model][INFO] - [rank: 0] Saved encoder attention to ./attention_weights/encoder_attention_batch_108.pt
[2025-11-14 18:30:33,254][src.models.modules.semantic_id.tiger_generation_model][INFO] - [rank: 0] Saved cross attention to ./attention_weights/cross_attention_batch_108.pt
[2025-11-14 18:30:33,262][src.models.modules.semantic_id.tiger_generation_model][INFO] - [rank: 0] 当前batch的生成语义ID Embedding相似度矩阵:
[[ 1.0000000e+00 -3.2614805e-02  2.7881324e-02  4.2377129e-02
  -1.6074512e-02 -3.4744564e-02  2.1739438e-02  1.3177934e-02]
 [-3.2614805e-02  1.0000000e+00  2.7255839e-02  3.7032296e-04
   2.6887462e-02 -2.3618490e-02  2.0833885e-02  3.8331933e-03]
 [ 2.7881324e-02  2.7255839e-02  1.0000000e+00 -2.1192888e-03
   2.2653339e-04  2.2346968e-02  4.3256469e-02  3.5056474e-03]
 [ 4.2377129e-02  3.7032296e-04 -2.1192888e-03  1.0000000e+00
  -3.2654718e-02 -1.5150169e-03 -4.1260563e-02  2.4836289e-02]
 [-1.6074512e-02  2.6887462e-02  2.2653339e-04 -3.2654718e-02
   1.0000000e+00 -3.2184679e-02  6.0096853e-03 -3.2627761e-02]
 [-3.4744564e-02 -2.3618490e-02  2.2346968e-02 -1.5150169e-03
  -3.2184679e-02  1.0000000e+00 -2.4610780e-02 -4.3970672e-04]
 [ 2.1739438e-02  2.0833885e-02  4.3256469e-02 -4.1260563e-02
   6.0096853e-03 -2.4610780e-02  1.0000000e+00 -3.9443437e-02]
 [ 1.3177934e-02  3.8331933e-03  3.5056474e-03  2.4836289e-02
  -3.2627761e-02 -4.3970672e-04 -3.9443437e-02  1.0000001e+00]]
[2025-11-14 18:30:33,609][src.models.modules.semantic_id.tiger_generation_model][INFO] - [rank: 0] 当前batch的输入Item Hierarchy Embedding相似度矩阵:
[[ 1.0000000e+00  4.6983077e-03 -1.5010827e-02 -4.0512732e-03
  -2.1418222e-04  1.2277630e-02 -4.6359163e-04 -9.1091977e-05]
 [ 4.6983077e-03  1.0000000e+00  1.2760246e-02 -1.6606109e-03
  -4.9053659e-03  1.0911428e-02 -1.3395137e-02  2.7969787e-02]
 [-1.5010827e-02  1.2760246e-02  1.0000000e+00  5.9735584e-03
   1.0990581e-03 -4.3410417e-03 -9.1330856e-03  1.3897787e-02]
 [-4.0512732e-03 -1.6606109e-03  5.9735584e-03  1.0000000e+00
   3.6397153e-03  6.7074820e-03 -1.2075935e-02  8.8693714e-03]
 [-2.1418222e-04 -4.9053659e-03  1.0990581e-03  3.6397153e-03
   1.0000000e+00 -2.0443182e-03 -5.3266673e-03  8.8571841e-03]
 [ 1.2277630e-02  1.0911428e-02 -4.3410417e-03  6.7074820e-03
  -2.0443182e-03  1.0000000e+00 -4.4798162e-03 -6.4581148e-03]
 [-4.6359163e-04 -1.3395137e-02 -9.1330856e-03 -1.2075935e-02
  -5.3266673e-03 -4.4798162e-03  1.0000000e+00 -3.7660103e-02]
 [-9.1091977e-05  2.7969787e-02  1.3897787e-02  8.8693714e-03
   8.8571841e-03 -6.4581148e-03 -3.7660103e-02  1.0000001e+00]]
[2025-11-14 18:30:35,136][src.models.modules.semantic_id.tiger_generation_model][WARNING] - [rank: 0] Failed to stack cross attentions: stack expects each tensor to be equal size, but got [32, 6, 135] at entry 0 and [32, 6, 2, 135] at entry 1
[2025-11-14 18:30:35,139][src.models.modules.semantic_id.tiger_generation_model][WARNING] - [rank: 0]   Hierarchy 0 shape: torch.Size([32, 6, 135])
[2025-11-14 18:30:35,139][src.models.modules.semantic_id.tiger_generation_model][WARNING] - [rank: 0]   Hierarchy 1 shape: torch.Size([32, 6, 2, 135])
[2025-11-14 18:30:35,140][src.models.modules.semantic_id.tiger_generation_model][WARNING] - [rank: 0]   Hierarchy 2 shape: torch.Size([32, 6, 135])
[2025-11-14 18:30:35,140][src.models.modules.semantic_id.tiger_generation_model][WARNING] - [rank: 0]   Hierarchy 3 shape: torch.Size([32, 6, 135])
[2025-11-14 18:30:35,140][src.models.modules.semantic_id.tiger_generation_model][WARNING] - [rank: 0]   Hierarchy 4 shape: torch.Size([32, 6, 135])
[2025-11-14 18:30:35,140][src.models.modules.semantic_id.tiger_generation_model][WARNING] - [rank: 0]   Hierarchy 5 shape: torch.Size([32, 6, 135])
[2025-11-14 18:30:35,141][src.models.modules.semantic_id.tiger_generation_model][WARNING] - [rank: 0]   Hierarchy 6 shape: torch.Size([32, 6, 135])
[2025-11-14 18:30:35,141][src.models.modules.semantic_id.tiger_generation_model][WARNING] - [rank: 0]   Hierarchy 7 shape: torch.Size([32, 6, 135])
[2025-11-14 18:30:35,637][src.models.modules.semantic_id.tiger_generation_model][INFO] - [rank: 0] Saved decoder self-attention to ./attention_weights/decoder_self_attention_batch_109.pt
[2025-11-14 18:30:35,637][src.models.modules.semantic_id.tiger_generation_model][INFO] - [rank: 0] Saved encoder attention to ./attention_weights/encoder_attention_batch_109.pt
[2025-11-14 18:30:35,637][src.models.modules.semantic_id.tiger_generation_model][INFO] - [rank: 0] Saved cross attention to ./attention_weights/cross_attention_batch_109.pt
[2025-11-14 18:30:35,645][src.models.modules.semantic_id.tiger_generation_model][INFO] - [rank: 0] 当前batch的生成语义ID Embedding相似度矩阵:
[[ 1.          0.03475515 -0.00517321  0.02559911 -0.01644487 -0.03059272
  -0.03066833 -0.00208677]
 [ 0.03475515  1.          0.03585973 -0.00414928  0.0272845   0.00754338
   0.03911091  0.00679458]
 [-0.00517321  0.03585973  1.          0.00395701  0.00454906 -0.00178612
   0.01166209  0.0181995 ]
 [ 0.02559911 -0.00414928  0.00395701  1.         -0.02940805 -0.02017828
  -0.04459435  0.00547496]
 [-0.01644487  0.0272845   0.00454906 -0.02940805  1.         -0.01217864
   0.00375499 -0.00492373]
 [-0.03059272  0.00754338 -0.00178612 -0.02017828 -0.01217864  1.
  -0.03295419 -0.00293628]
 [-0.03066833  0.03911091  0.01166209 -0.04459435  0.00375499 -0.03295419
   1.         -0.02060677]
 [-0.00208677  0.00679458  0.0181995   0.00547496 -0.00492373 -0.00293628
  -0.02060677  1.0000001 ]]
[2025-11-14 18:30:36,274][src.models.modules.semantic_id.tiger_generation_model][INFO] - [rank: 0] 当前batch的输入Item Hierarchy Embedding相似度矩阵:
[[ 1.0000000e+00  2.3539968e-02 -1.1664996e-02 -5.0120289e-03
   1.6093317e-02  3.7218407e-03 -6.1052684e-03  2.0206813e-02]
 [ 2.3539968e-02  1.0000000e+00 -6.0224063e-03  1.6968904e-02
   3.9567151e-03  2.9583171e-02 -8.7642111e-03  3.2312956e-02]
 [-1.1664996e-02 -6.0224063e-03  1.0000000e+00  9.8087322e-03
   9.3636550e-03 -1.5728810e-04  5.0766952e-03  1.4425342e-02]
 [-5.0120289e-03  1.6968904e-02  9.8087322e-03  1.0000000e+00
   1.3977148e-03  1.0159025e-02 -1.7212832e-02  1.1569672e-02]
 [ 1.6093317e-02  3.9567151e-03  9.3636550e-03  1.3977148e-03
   1.0000000e+00 -1.4558490e-03 -1.0341573e-02  1.4021669e-02]
 [ 3.7218407e-03  2.9583171e-02 -1.5728810e-04  1.0159025e-02
  -1.4558490e-03  1.0000000e+00 -1.3934499e-02 -2.1307645e-02]
 [-6.1052684e-03 -8.7642111e-03  5.0766952e-03 -1.7212832e-02
  -1.0341573e-02 -1.3934499e-02  1.0000000e+00 -3.4772117e-02]
 [ 2.0206813e-02  3.2312956e-02  1.4425342e-02  1.1569672e-02
   1.4021669e-02 -2.1307645e-02 -3.4772117e-02  1.0000001e+00]]
[2025-11-14 18:30:37,229][src.models.modules.semantic_id.tiger_generation_model][WARNING] - [rank: 0] Failed to stack cross attentions: stack expects each tensor to be equal size, but got [32, 6, 135] at entry 0 and [32, 6, 2, 135] at entry 1
[2025-11-14 18:30:37,229][src.models.modules.semantic_id.tiger_generation_model][WARNING] - [rank: 0]   Hierarchy 0 shape: torch.Size([32, 6, 135])
[2025-11-14 18:30:37,230][src.models.modules.semantic_id.tiger_generation_model][WARNING] - [rank: 0]   Hierarchy 1 shape: torch.Size([32, 6, 2, 135])
[2025-11-14 18:30:37,230][src.models.modules.semantic_id.tiger_generation_model][WARNING] - [rank: 0]   Hierarchy 2 shape: torch.Size([32, 6, 135])
[2025-11-14 18:30:37,230][src.models.modules.semantic_id.tiger_generation_model][WARNING] - [rank: 0]   Hierarchy 3 shape: torch.Size([32, 6, 135])
[2025-11-14 18:30:37,231][src.models.modules.semantic_id.tiger_generation_model][WARNING] - [rank: 0]   Hierarchy 4 shape: torch.Size([32, 6, 135])
[2025-11-14 18:30:37,231][src.models.modules.semantic_id.tiger_generation_model][WARNING] - [rank: 0]   Hierarchy 5 shape: torch.Size([32, 6, 135])
[2025-11-14 18:30:37,231][src.models.modules.semantic_id.tiger_generation_model][WARNING] - [rank: 0]   Hierarchy 6 shape: torch.Size([32, 6, 135])
[2025-11-14 18:30:37,231][src.models.modules.semantic_id.tiger_generation_model][WARNING] - [rank: 0]   Hierarchy 7 shape: torch.Size([32, 6, 135])
[2025-11-14 18:30:38,230][src.models.modules.semantic_id.tiger_generation_model][INFO] - [rank: 0] Saved decoder self-attention to ./attention_weights/decoder_self_attention_batch_110.pt
[2025-11-14 18:30:38,231][src.models.modules.semantic_id.tiger_generation_model][INFO] - [rank: 0] Saved encoder attention to ./attention_weights/encoder_attention_batch_110.pt
[2025-11-14 18:30:38,231][src.models.modules.semantic_id.tiger_generation_model][INFO] - [rank: 0] Saved cross attention to ./attention_weights/cross_attention_batch_110.pt
[2025-11-14 18:30:38,240][src.models.modules.semantic_id.tiger_generation_model][INFO] - [rank: 0] 当前batch的生成语义ID Embedding相似度矩阵:
[[ 1.          0.00867233  0.01548112 -0.03148216 -0.00871918  0.00344728
  -0.02066795 -0.01357103]
 [ 0.00867233  1.          0.01464949 -0.01823398 -0.00273029 -0.02057415
  -0.01482075 -0.00861564]
 [ 0.01548112  0.01464949  1.          0.0040551   0.01286109 -0.00824392
  -0.00577573 -0.01391702]
 [-0.03148216 -0.01823398  0.0040551   1.         -0.01896025  0.01330899
  -0.0181116   0.00452652]
 [-0.00871918 -0.00273029  0.01286109 -0.01896025  1.          0.01277724
  -0.01315304 -0.00123177]
 [ 0.00344728 -0.02057415 -0.00824392  0.01330899  0.01277724  1.
  -0.02527222  0.01919897]
 [-0.02066795 -0.01482075 -0.00577573 -0.0181116  -0.01315304 -0.02527222
   1.         -0.0316558 ]
 [-0.01357103 -0.00861564 -0.01391702  0.00452652 -0.00123177  0.01919897
  -0.0316558   1.0000001 ]]
[2025-11-14 18:30:38,594][src.models.modules.semantic_id.tiger_generation_model][INFO] - [rank: 0] 当前batch的输入Item Hierarchy Embedding相似度矩阵:
[[ 1.0000000e+00  1.0222795e-02  1.0888483e-03  1.9985486e-03
  -4.7549850e-04 -1.4444679e-02 -1.2451526e-02 -1.5190744e-03]
 [ 1.0222795e-02  1.0000000e+00 -2.0527092e-05 -5.7440707e-03
   1.3721407e-03 -1.0841931e-02 -9.9378675e-03  1.2380744e-02]
 [ 1.0888483e-03 -2.0527092e-05  1.0000000e+00  8.9655137e-03
  -9.7948760e-03 -2.0883181e-03 -4.6597156e-03  5.6160446e-03]
 [ 1.9985486e-03 -5.7440707e-03  8.9655137e-03  1.0000000e+00
  -2.6730346e-03 -7.6879642e-04 -1.4488338e-02  2.4097015e-03]
 [-4.7549850e-04  1.3721407e-03 -9.7948760e-03 -2.6730346e-03
   1.0000000e+00 -2.2889599e-03 -2.0604038e-03  8.1666410e-03]
 [-1.4444679e-02 -1.0841931e-02 -2.0883181e-03 -7.6879642e-04
  -2.2889599e-03  1.0000000e+00 -3.6669411e-03  2.2788630e-03]
 [-1.2451526e-02 -9.9378675e-03 -4.6597156e-03 -1.4488338e-02
  -2.0604038e-03 -3.6669411e-03  1.0000000e+00 -3.9914567e-02]
 [-1.5190744e-03  1.2380744e-02  5.6160446e-03  2.4097015e-03
   8.1666410e-03  2.2788630e-03 -3.9914567e-02  1.0000001e+00]]
[2025-11-14 18:30:40,033][src.models.modules.semantic_id.tiger_generation_model][WARNING] - [rank: 0] Failed to stack cross attentions: stack expects each tensor to be equal size, but got [32, 6, 135] at entry 0 and [32, 6, 2, 135] at entry 1
[2025-11-14 18:30:40,034][src.models.modules.semantic_id.tiger_generation_model][WARNING] - [rank: 0]   Hierarchy 0 shape: torch.Size([32, 6, 135])
[2025-11-14 18:30:40,034][src.models.modules.semantic_id.tiger_generation_model][WARNING] - [rank: 0]   Hierarchy 1 shape: torch.Size([32, 6, 2, 135])
[2025-11-14 18:30:40,034][src.models.modules.semantic_id.tiger_generation_model][WARNING] - [rank: 0]   Hierarchy 2 shape: torch.Size([32, 6, 135])
[2025-11-14 18:30:40,034][src.models.modules.semantic_id.tiger_generation_model][WARNING] - [rank: 0]   Hierarchy 3 shape: torch.Size([32, 6, 135])
[2025-11-14 18:30:40,035][src.models.modules.semantic_id.tiger_generation_model][WARNING] - [rank: 0]   Hierarchy 4 shape: torch.Size([32, 6, 135])
[2025-11-14 18:30:40,044][src.models.modules.semantic_id.tiger_generation_model][WARNING] - [rank: 0]   Hierarchy 5 shape: torch.Size([32, 6, 135])
[2025-11-14 18:30:40,046][src.models.modules.semantic_id.tiger_generation_model][WARNING] - [rank: 0]   Hierarchy 6 shape: torch.Size([32, 6, 135])
[2025-11-14 18:30:40,046][src.models.modules.semantic_id.tiger_generation_model][WARNING] - [rank: 0]   Hierarchy 7 shape: torch.Size([32, 6, 135])
[2025-11-14 18:30:40,393][src.models.modules.semantic_id.tiger_generation_model][INFO] - [rank: 0] Saved decoder self-attention to ./attention_weights/decoder_self_attention_batch_111.pt
[2025-11-14 18:30:40,394][src.models.modules.semantic_id.tiger_generation_model][INFO] - [rank: 0] Saved encoder attention to ./attention_weights/encoder_attention_batch_111.pt
[2025-11-14 18:30:40,395][src.models.modules.semantic_id.tiger_generation_model][INFO] - [rank: 0] Saved cross attention to ./attention_weights/cross_attention_batch_111.pt
[2025-11-14 18:30:40,403][src.models.modules.semantic_id.tiger_generation_model][INFO] - [rank: 0] 当前batch的生成语义ID Embedding相似度矩阵:
[[ 1.0000000e+00  2.2726120e-02 -2.7013451e-02  2.7761083e-02
  -2.1771051e-02 -6.5891761e-03 -2.4438996e-02  2.4019221e-02]
 [ 2.2726120e-02  1.0000000e+00 -2.7391160e-02  3.6620125e-02
   6.1810529e-03  5.9450762e-03  3.3103146e-02 -2.3543097e-02]
 [-2.7013451e-02 -2.7391160e-02  1.0000000e+00 -1.2501992e-02
  -1.7116848e-02  1.9166559e-03  2.4219891e-03 -1.6514350e-02]
 [ 2.7761083e-02  3.6620125e-02 -1.2501992e-02  1.0000000e+00
  -5.2966829e-04 -5.4861675e-04  9.6762031e-03  2.3866402e-02]
 [-2.1771051e-02  6.1810529e-03 -1.7116848e-02 -5.2966829e-04
   1.0000000e+00 -2.3929361e-02 -2.1061668e-02 -3.8511429e-02]
 [-6.5891761e-03  5.9450762e-03  1.9166559e-03 -5.4861675e-04
  -2.3929361e-02  1.0000000e+00 -1.2563314e-02  2.2269230e-02]
 [-2.4438996e-02  3.3103146e-02  2.4219891e-03  9.6762031e-03
  -2.1061668e-02 -1.2563314e-02  1.0000000e+00 -2.1455603e-02]
 [ 2.4019221e-02 -2.3543097e-02 -1.6514350e-02  2.3866402e-02
  -3.8511429e-02  2.2269230e-02 -2.1455603e-02  1.0000001e+00]]
[2025-11-14 18:30:40,574][src.models.modules.semantic_id.tiger_generation_model][INFO] - [rank: 0] 当前batch的输入Item Hierarchy Embedding相似度矩阵:
[[ 1.0000000e+00 -2.1562208e-03 -1.3119415e-02 -5.3669531e-03
  -7.7354191e-03  1.2505286e-03  4.8772949e-03  1.0029370e-02]
 [-2.1562208e-03  1.0000000e+00  5.7690372e-03 -1.9228292e-03
   5.9313988e-03 -1.1447717e-03 -1.4396990e-02 -2.9042892e-03]
 [-1.3119415e-02  5.7690372e-03  1.0000000e+00  1.2817752e-02
   6.4240899e-03  3.1596872e-03 -8.7424368e-03  8.0875843e-04]
 [-5.3669531e-03 -1.9228292e-03  1.2817752e-02  1.0000000e+00
  -1.1837967e-03  8.6709559e-03 -9.4914054e-03  7.7542802e-03]
 [-7.7354191e-03  5.9313988e-03  6.4240899e-03 -1.1837967e-03
   1.0000000e+00 -6.8940492e-03 -1.4765447e-02  2.1172099e-02]
 [ 1.2505286e-03 -1.1447717e-03  3.1596872e-03  8.6709559e-03
  -6.8940492e-03  1.0000000e+00 -8.5616542e-04  2.0608919e-04]
 [ 4.8772949e-03 -1.4396990e-02 -8.7424368e-03 -9.4914054e-03
  -1.4765447e-02 -8.5616542e-04  1.0000000e+00 -3.6551308e-02]
 [ 1.0029370e-02 -2.9042892e-03  8.0875843e-04  7.7542802e-03
   2.1172099e-02  2.0608919e-04 -3.6551308e-02  1.0000002e+00]]
[2025-11-14 18:30:42,084][src.models.modules.semantic_id.tiger_generation_model][WARNING] - [rank: 0] Failed to stack cross attentions: stack expects each tensor to be equal size, but got [32, 6, 135] at entry 0 and [32, 6, 2, 135] at entry 1
[2025-11-14 18:30:42,085][src.models.modules.semantic_id.tiger_generation_model][WARNING] - [rank: 0]   Hierarchy 0 shape: torch.Size([32, 6, 135])
[2025-11-14 18:30:42,085][src.models.modules.semantic_id.tiger_generation_model][WARNING] - [rank: 0]   Hierarchy 1 shape: torch.Size([32, 6, 2, 135])
[2025-11-14 18:30:42,086][src.models.modules.semantic_id.tiger_generation_model][WARNING] - [rank: 0]   Hierarchy 2 shape: torch.Size([32, 6, 135])
[2025-11-14 18:30:42,086][src.models.modules.semantic_id.tiger_generation_model][WARNING] - [rank: 0]   Hierarchy 3 shape: torch.Size([32, 6, 135])
[2025-11-14 18:30:42,086][src.models.modules.semantic_id.tiger_generation_model][WARNING] - [rank: 0]   Hierarchy 4 shape: torch.Size([32, 6, 135])
[2025-11-14 18:30:42,087][src.models.modules.semantic_id.tiger_generation_model][WARNING] - [rank: 0]   Hierarchy 5 shape: torch.Size([32, 6, 135])
[2025-11-14 18:30:42,087][src.models.modules.semantic_id.tiger_generation_model][WARNING] - [rank: 0]   Hierarchy 6 shape: torch.Size([32, 6, 135])
[2025-11-14 18:30:42,087][src.models.modules.semantic_id.tiger_generation_model][WARNING] - [rank: 0]   Hierarchy 7 shape: torch.Size([32, 6, 135])
[2025-11-14 18:30:42,523][src.models.modules.semantic_id.tiger_generation_model][INFO] - [rank: 0] Saved decoder self-attention to ./attention_weights/decoder_self_attention_batch_112.pt
[2025-11-14 18:30:42,523][src.models.modules.semantic_id.tiger_generation_model][INFO] - [rank: 0] Saved encoder attention to ./attention_weights/encoder_attention_batch_112.pt
[2025-11-14 18:30:42,524][src.models.modules.semantic_id.tiger_generation_model][INFO] - [rank: 0] Saved cross attention to ./attention_weights/cross_attention_batch_112.pt
[2025-11-14 18:30:42,530][src.models.modules.semantic_id.tiger_generation_model][INFO] - [rank: 0] 当前batch的生成语义ID Embedding相似度矩阵:
[[ 1.0000000e+00  3.3433743e-02  7.6757499e-04  1.5588372e-02
  -3.5417102e-02 -3.8638599e-02  1.6659759e-02  1.0830233e-02]
 [ 3.3433743e-02  1.0000000e+00  3.3309635e-02  1.1121095e-02
   1.3931889e-02  7.0065535e-03  3.8951505e-03  4.0343031e-05]
 [ 7.6757499e-04  3.3309635e-02  1.0000000e+00  2.2629108e-03
   8.9791557e-03  2.2463270e-02  2.9311515e-02  8.6266445e-03]
 [ 1.5588372e-02  1.1121095e-02  2.2629108e-03  1.0000000e+00
  -3.6705445e-02 -3.0631257e-02  1.1961468e-02  1.2159792e-02]
 [-3.5417102e-02  1.3931889e-02  8.9791557e-03 -3.6705445e-02
   1.0000000e+00  1.7330982e-04  2.0166331e-03  4.8474800e-03]
 [-3.8638599e-02  7.0065535e-03  2.2463270e-02 -3.0631257e-02
   1.7330982e-04  1.0000000e+00 -3.5385665e-02  2.3512468e-03]
 [ 1.6659759e-02  3.8951505e-03  2.9311515e-02  1.1961468e-02
   2.0166331e-03 -3.5385665e-02  1.0000000e+00 -3.5583399e-02]
 [ 1.0830233e-02  4.0343031e-05  8.6266445e-03  1.2159792e-02
   4.8474800e-03  2.3512468e-03 -3.5583399e-02  1.0000001e+00]]
[2025-11-14 18:30:42,667][src.models.modules.semantic_id.tiger_generation_model][INFO] - [rank: 0] 当前batch的输入Item Hierarchy Embedding相似度矩阵:
[[ 1.0000000e+00  3.2199768e-03  9.9241203e-03  1.1837678e-02
  -1.5243697e-02 -9.1328584e-03 -1.1273445e-02  3.4250459e-03]
 [ 3.2199768e-03  1.0000000e+00  8.5238703e-03 -3.8217860e-03
   1.1767564e-02 -9.3213804e-03  7.1091135e-03  6.7285309e-03]
 [ 9.9241203e-03  8.5238703e-03  1.0000000e+00 -3.9186396e-04
   2.0013831e-03  8.6239381e-03 -5.8795186e-03 -7.9876920e-03]
 [ 1.1837678e-02 -3.8217860e-03 -3.9186396e-04  1.0000000e+00
   1.2058104e-02  4.5973188e-03 -6.6438117e-03 -1.4584244e-03]
 [-1.5243697e-02  1.1767564e-02  2.0013831e-03  1.2058104e-02
   1.0000000e+00 -7.3448210e-03  3.6608865e-03  1.2236471e-02]
 [-9.1328584e-03 -9.3213804e-03  8.6239381e-03  4.5973188e-03
  -7.3448210e-03  1.0000000e+00 -4.1305581e-03  2.1890087e-02]
 [-1.1273445e-02  7.1091135e-03 -5.8795186e-03 -6.6438117e-03
   3.6608865e-03 -4.1305581e-03  1.0000000e+00 -2.9737508e-02]
 [ 3.4250459e-03  6.7285309e-03 -7.9876920e-03 -1.4584244e-03
   1.2236471e-02  2.1890087e-02 -2.9737508e-02  1.0000002e+00]]
[2025-11-14 18:30:43,913][src.models.modules.semantic_id.tiger_generation_model][WARNING] - [rank: 0] Failed to stack cross attentions: stack expects each tensor to be equal size, but got [32, 6, 135] at entry 0 and [32, 6, 2, 135] at entry 1
[2025-11-14 18:30:43,914][src.models.modules.semantic_id.tiger_generation_model][WARNING] - [rank: 0]   Hierarchy 0 shape: torch.Size([32, 6, 135])
[2025-11-14 18:30:43,914][src.models.modules.semantic_id.tiger_generation_model][WARNING] - [rank: 0]   Hierarchy 1 shape: torch.Size([32, 6, 2, 135])
[2025-11-14 18:30:43,915][src.models.modules.semantic_id.tiger_generation_model][WARNING] - [rank: 0]   Hierarchy 2 shape: torch.Size([32, 6, 135])
[2025-11-14 18:30:43,915][src.models.modules.semantic_id.tiger_generation_model][WARNING] - [rank: 0]   Hierarchy 3 shape: torch.Size([32, 6, 135])
[2025-11-14 18:30:43,915][src.models.modules.semantic_id.tiger_generation_model][WARNING] - [rank: 0]   Hierarchy 4 shape: torch.Size([32, 6, 135])
[2025-11-14 18:30:43,915][src.models.modules.semantic_id.tiger_generation_model][WARNING] - [rank: 0]   Hierarchy 5 shape: torch.Size([32, 6, 135])
[2025-11-14 18:30:43,915][src.models.modules.semantic_id.tiger_generation_model][WARNING] - [rank: 0]   Hierarchy 6 shape: torch.Size([32, 6, 135])
[2025-11-14 18:30:43,916][src.models.modules.semantic_id.tiger_generation_model][WARNING] - [rank: 0]   Hierarchy 7 shape: torch.Size([32, 6, 135])
[2025-11-14 18:30:44,485][src.models.modules.semantic_id.tiger_generation_model][INFO] - [rank: 0] Saved decoder self-attention to ./attention_weights/decoder_self_attention_batch_113.pt
[2025-11-14 18:30:44,486][src.models.modules.semantic_id.tiger_generation_model][INFO] - [rank: 0] Saved encoder attention to ./attention_weights/encoder_attention_batch_113.pt
[2025-11-14 18:30:44,486][src.models.modules.semantic_id.tiger_generation_model][INFO] - [rank: 0] Saved cross attention to ./attention_weights/cross_attention_batch_113.pt
[2025-11-14 18:30:44,492][src.models.modules.semantic_id.tiger_generation_model][INFO] - [rank: 0] 当前batch的生成语义ID Embedding相似度矩阵:
[[ 1.00000000e+00 -2.35252269e-02 -1.32952221e-02  4.22977880e-02
  -4.14567627e-03  7.35778362e-04  3.46531607e-02 -5.44592226e-03]
 [-2.35252269e-02  1.00000000e+00 -7.21874367e-03  1.52503327e-02
   2.70676576e-02  8.64997040e-03 -9.70657915e-03 -2.58100824e-03]
 [-1.32952221e-02 -7.21874367e-03  1.00000000e+00  4.18141857e-03
  -3.43333445e-02  3.21274996e-02 -1.66906789e-02  3.42240930e-03]
 [ 4.22977880e-02  1.52503327e-02  4.18141857e-03  1.00000000e+00
  -2.46254280e-02 -2.33820770e-02 -5.17985560e-02 -2.10984815e-02]
 [-4.14567627e-03  2.70676576e-02 -3.43333445e-02 -2.46254280e-02
   1.00000000e+00  3.68363410e-03  2.63174810e-03 -1.33513752e-02]
 [ 7.35778362e-04  8.64997040e-03  3.21274996e-02 -2.33820770e-02
   3.68363410e-03  1.00000000e+00 -1.11150695e-02 -1.12125892e-02]
 [ 3.46531607e-02 -9.70657915e-03 -1.66906789e-02 -5.17985560e-02
   2.63174810e-03 -1.11150695e-02  1.00000000e+00 -2.50388514e-02]
 [-5.44592226e-03 -2.58100824e-03  3.42240930e-03 -2.10984815e-02
  -1.33513752e-02 -1.12125892e-02 -2.50388514e-02  1.00000012e+00]]
[2025-11-14 18:30:44,576][src.models.modules.semantic_id.tiger_generation_model][INFO] - [rank: 0] 当前batch的输入Item Hierarchy Embedding相似度矩阵:
[[ 1.0000000e+00  2.5881170e-03  2.0007661e-03  1.2271717e-03
  -7.6411725e-03  3.8787277e-04 -1.4997024e-02 -2.3952250e-03]
 [ 2.5881170e-03  1.0000000e+00  8.0941012e-03  1.1335841e-02
  -5.7632686e-03  2.3777348e-03 -5.8019408e-03  2.9214453e-03]
 [ 2.0007661e-03  8.0941012e-03  1.0000000e+00 -1.6498553e-02
   1.5546175e-03  1.1203337e-02 -1.2529369e-02  1.1636249e-02]
 [ 1.2271717e-03  1.1335841e-02 -1.6498553e-02  1.0000000e+00
   6.1491056e-04  5.3452239e-03 -1.7478993e-02  7.3467363e-03]
 [-7.6411725e-03 -5.7632686e-03  1.5546175e-03  6.1491056e-04
   1.0000000e+00  1.0402914e-02 -9.2355302e-03  7.4207853e-03]
 [ 3.8787277e-04  2.3777348e-03  1.1203337e-02  5.3452239e-03
   1.0402914e-02  1.0000000e+00  4.4255494e-03  1.5315479e-02]
 [-1.4997024e-02 -5.8019408e-03 -1.2529369e-02 -1.7478993e-02
  -9.2355302e-03  4.4255494e-03  1.0000000e+00 -4.6137724e-02]
 [-2.3952250e-03  2.9214453e-03  1.1636249e-02  7.3467363e-03
   7.4207853e-03  1.5315479e-02 -4.6137724e-02  1.0000002e+00]]
[2025-11-14 18:30:45,536][src.models.modules.semantic_id.tiger_generation_model][WARNING] - [rank: 0] Failed to stack cross attentions: stack expects each tensor to be equal size, but got [32, 6, 135] at entry 0 and [32, 6, 2, 135] at entry 1
[2025-11-14 18:30:45,537][src.models.modules.semantic_id.tiger_generation_model][WARNING] - [rank: 0]   Hierarchy 0 shape: torch.Size([32, 6, 135])
[2025-11-14 18:30:45,537][src.models.modules.semantic_id.tiger_generation_model][WARNING] - [rank: 0]   Hierarchy 1 shape: torch.Size([32, 6, 2, 135])
[2025-11-14 18:30:45,537][src.models.modules.semantic_id.tiger_generation_model][WARNING] - [rank: 0]   Hierarchy 2 shape: torch.Size([32, 6, 135])
[2025-11-14 18:30:45,537][src.models.modules.semantic_id.tiger_generation_model][WARNING] - [rank: 0]   Hierarchy 3 shape: torch.Size([32, 6, 135])
[2025-11-14 18:30:45,537][src.models.modules.semantic_id.tiger_generation_model][WARNING] - [rank: 0]   Hierarchy 4 shape: torch.Size([32, 6, 135])
[2025-11-14 18:30:45,538][src.models.modules.semantic_id.tiger_generation_model][WARNING] - [rank: 0]   Hierarchy 5 shape: torch.Size([32, 6, 135])
[2025-11-14 18:30:45,538][src.models.modules.semantic_id.tiger_generation_model][WARNING] - [rank: 0]   Hierarchy 6 shape: torch.Size([32, 6, 135])
[2025-11-14 18:30:45,538][src.models.modules.semantic_id.tiger_generation_model][WARNING] - [rank: 0]   Hierarchy 7 shape: torch.Size([32, 6, 135])
[2025-11-14 18:30:46,295][src.models.modules.semantic_id.tiger_generation_model][INFO] - [rank: 0] Saved decoder self-attention to ./attention_weights/decoder_self_attention_batch_114.pt
[2025-11-14 18:30:46,299][src.models.modules.semantic_id.tiger_generation_model][INFO] - [rank: 0] Saved encoder attention to ./attention_weights/encoder_attention_batch_114.pt
[2025-11-14 18:30:46,299][src.models.modules.semantic_id.tiger_generation_model][INFO] - [rank: 0] Saved cross attention to ./attention_weights/cross_attention_batch_114.pt
[2025-11-14 18:30:46,314][src.models.modules.semantic_id.tiger_generation_model][INFO] - [rank: 0] 当前batch的生成语义ID Embedding相似度矩阵:
[[ 0.99999994  0.08215615 -0.02412602  0.02627829 -0.02943989  0.02299196
  -0.01568697  0.02038656]
 [ 0.08215615  1.         -0.01091751  0.04937385  0.01878495  0.02548319
   0.02733673 -0.04520433]
 [-0.02412602 -0.01091751  1.         -0.01035157 -0.0304632   0.03197593
  -0.01401599  0.02924499]
 [ 0.02627829  0.04937385 -0.01035157  1.          0.0191336  -0.00437304
  -0.004759    0.01091214]
 [-0.02943989  0.01878495 -0.0304632   0.0191336   1.         -0.04748808
  -0.02594681 -0.02436797]
 [ 0.02299196  0.02548319  0.03197593 -0.00437304 -0.04748808  1.
  -0.05447268  0.02506822]
 [-0.01568697  0.02733673 -0.01401599 -0.004759   -0.02594681 -0.05447268
   1.          0.00682469]
 [ 0.02038656 -0.04520433  0.02924499  0.01091214 -0.02436797  0.02506822
   0.00682469  1.0000001 ]]
[2025-11-14 18:30:46,392][src.models.modules.semantic_id.tiger_generation_model][INFO] - [rank: 0] 当前batch的输入Item Hierarchy Embedding相似度矩阵:
[[ 1.0000000e+00  1.0397467e-03  1.9775236e-02  6.9709909e-03
   3.3327041e-03 -1.3480154e-02 -1.7991272e-03  1.2729937e-03]
 [ 1.0397467e-03  1.0000000e+00  6.4002434e-03  1.5313869e-02
   2.3610811e-03  1.3176202e-02  4.7964966e-03  8.8207545e-03]
 [ 1.9775236e-02  6.4002434e-03  1.0000000e+00  7.8071272e-03
  -1.3240975e-04  8.4710149e-03 -7.0759868e-03  3.5623657e-03]
 [ 6.9709909e-03  1.5313869e-02  7.8071272e-03  1.0000000e+00
   1.1968880e-02  1.2459797e-02  4.8063206e-03  4.9844687e-03]
 [ 3.3327041e-03  2.3610811e-03 -1.3240975e-04  1.1968880e-02
   1.0000000e+00  6.5225763e-03 -9.6893758e-03 -7.6074427e-04]
 [-1.3480154e-02  1.3176202e-02  8.4710149e-03  1.2459797e-02
   6.5225763e-03  1.0000000e+00 -6.0102721e-03 -1.9490988e-03]
 [-1.7991272e-03  4.7964966e-03 -7.0759868e-03  4.8063206e-03
  -9.6893758e-03 -6.0102721e-03  1.0000000e+00 -4.2348143e-02]
 [ 1.2729937e-03  8.8207545e-03  3.5623657e-03  4.9844687e-03
  -7.6074427e-04 -1.9490988e-03 -4.2348143e-02  1.0000002e+00]]
[2025-11-14 18:30:47,448][src.models.modules.semantic_id.tiger_generation_model][WARNING] - [rank: 0] Failed to stack cross attentions: stack expects each tensor to be equal size, but got [32, 6, 135] at entry 0 and [32, 6, 2, 135] at entry 1
[2025-11-14 18:30:47,449][src.models.modules.semantic_id.tiger_generation_model][WARNING] - [rank: 0]   Hierarchy 0 shape: torch.Size([32, 6, 135])
[2025-11-14 18:30:47,450][src.models.modules.semantic_id.tiger_generation_model][WARNING] - [rank: 0]   Hierarchy 1 shape: torch.Size([32, 6, 2, 135])
[2025-11-14 18:30:47,450][src.models.modules.semantic_id.tiger_generation_model][WARNING] - [rank: 0]   Hierarchy 2 shape: torch.Size([32, 6, 135])
[2025-11-14 18:30:47,450][src.models.modules.semantic_id.tiger_generation_model][WARNING] - [rank: 0]   Hierarchy 3 shape: torch.Size([32, 6, 135])
[2025-11-14 18:30:47,451][src.models.modules.semantic_id.tiger_generation_model][WARNING] - [rank: 0]   Hierarchy 4 shape: torch.Size([32, 6, 135])
[2025-11-14 18:30:47,451][src.models.modules.semantic_id.tiger_generation_model][WARNING] - [rank: 0]   Hierarchy 5 shape: torch.Size([32, 6, 135])
[2025-11-14 18:30:47,451][src.models.modules.semantic_id.tiger_generation_model][WARNING] - [rank: 0]   Hierarchy 6 shape: torch.Size([32, 6, 135])
[2025-11-14 18:30:47,452][src.models.modules.semantic_id.tiger_generation_model][WARNING] - [rank: 0]   Hierarchy 7 shape: torch.Size([32, 6, 135])
[2025-11-14 18:30:48,047][src.models.modules.semantic_id.tiger_generation_model][INFO] - [rank: 0] Saved decoder self-attention to ./attention_weights/decoder_self_attention_batch_115.pt
[2025-11-14 18:30:48,047][src.models.modules.semantic_id.tiger_generation_model][INFO] - [rank: 0] Saved encoder attention to ./attention_weights/encoder_attention_batch_115.pt
[2025-11-14 18:30:48,047][src.models.modules.semantic_id.tiger_generation_model][INFO] - [rank: 0] Saved cross attention to ./attention_weights/cross_attention_batch_115.pt
[2025-11-14 18:30:48,054][src.models.modules.semantic_id.tiger_generation_model][INFO] - [rank: 0] 当前batch的生成语义ID Embedding相似度矩阵:
[[ 1.          0.01386308 -0.01303134  0.02881041 -0.04898826 -0.01633068
  -0.02323926 -0.00746224]
 [ 0.01386308  1.          0.03041962 -0.01056023  0.01077704 -0.0070628
   0.00657194 -0.0059187 ]
 [-0.01303134  0.03041962  1.         -0.00619395  0.01270646  0.01668071
  -0.00254871  0.01851457]
 [ 0.02881041 -0.01056023 -0.00619395  1.         -0.00455153 -0.02828333
  -0.0162224   0.04958397]
 [-0.04898826  0.01077704  0.01270646 -0.00455153  1.         -0.02347368
  -0.02038776  0.01386848]
 [-0.01633068 -0.0070628   0.01668071 -0.02828333 -0.02347368  1.
  -0.03214367  0.00482847]
 [-0.02323926  0.00657194 -0.00254871 -0.0162224  -0.02038776 -0.03214367
   1.         -0.02736458]
 [-0.00746224 -0.0059187   0.01851457  0.04958397  0.01386848  0.00482847
  -0.02736458  1.0000001 ]]
[2025-11-14 18:30:48,342][src.models.modules.semantic_id.tiger_generation_model][INFO] - [rank: 0] 当前batch的输入Item Hierarchy Embedding相似度矩阵:
[[ 9.99999940e-01 -1.95788057e-03  1.95113185e-03 -1.88805033e-02
   4.31298092e-03  4.30467539e-03 -2.05965131e-03  6.80979062e-03]
 [-1.95788057e-03  9.99999940e-01  6.05596090e-03 -1.17036095e-02
   9.78789851e-03  6.14079135e-03 -8.91469885e-03  6.31109998e-03]
 [ 1.95113185e-03  6.05596090e-03  9.99999940e-01 -6.16736803e-03
   7.08801299e-03 -6.73395162e-03 -1.27070164e-02  7.33586168e-03]
 [-1.88805033e-02 -1.17036095e-02 -6.16736803e-03  9.99999940e-01
  -3.06807086e-03  1.25861457e-02 -1.10665346e-02  1.47241857e-02]
 [ 4.31298092e-03  9.78789851e-03  7.08801299e-03 -3.06807086e-03
   9.99999940e-01  5.46327699e-03 -2.24455129e-02  2.64321594e-03]
 [ 4.30467539e-03  6.14079135e-03 -6.73395162e-03  1.25861457e-02
   5.46327699e-03  9.99999940e-01  4.95992834e-04 -1.06769362e-02]
 [-2.05965131e-03 -8.91469885e-03 -1.27070164e-02 -1.10665346e-02
  -2.24455129e-02  4.95992834e-04  9.99999940e-01 -2.85403207e-02]
 [ 6.80979062e-03  6.31109998e-03  7.33586168e-03  1.47241857e-02
   2.64321594e-03 -1.06769362e-02 -2.85403207e-02  1.00000012e+00]]
[2025-11-14 18:30:49,533][src.models.modules.semantic_id.tiger_generation_model][WARNING] - [rank: 0] Failed to stack cross attentions: stack expects each tensor to be equal size, but got [32, 6, 135] at entry 0 and [32, 6, 2, 135] at entry 1
[2025-11-14 18:30:49,534][src.models.modules.semantic_id.tiger_generation_model][WARNING] - [rank: 0]   Hierarchy 0 shape: torch.Size([32, 6, 135])
[2025-11-14 18:30:49,534][src.models.modules.semantic_id.tiger_generation_model][WARNING] - [rank: 0]   Hierarchy 1 shape: torch.Size([32, 6, 2, 135])
[2025-11-14 18:30:49,534][src.models.modules.semantic_id.tiger_generation_model][WARNING] - [rank: 0]   Hierarchy 2 shape: torch.Size([32, 6, 135])
[2025-11-14 18:30:49,534][src.models.modules.semantic_id.tiger_generation_model][WARNING] - [rank: 0]   Hierarchy 3 shape: torch.Size([32, 6, 135])
[2025-11-14 18:30:49,534][src.models.modules.semantic_id.tiger_generation_model][WARNING] - [rank: 0]   Hierarchy 4 shape: torch.Size([32, 6, 135])
[2025-11-14 18:30:49,535][src.models.modules.semantic_id.tiger_generation_model][WARNING] - [rank: 0]   Hierarchy 5 shape: torch.Size([32, 6, 135])
[2025-11-14 18:30:49,535][src.models.modules.semantic_id.tiger_generation_model][WARNING] - [rank: 0]   Hierarchy 6 shape: torch.Size([32, 6, 135])
[2025-11-14 18:30:49,535][src.models.modules.semantic_id.tiger_generation_model][WARNING] - [rank: 0]   Hierarchy 7 shape: torch.Size([32, 6, 135])
[2025-11-14 18:30:50,152][src.models.modules.semantic_id.tiger_generation_model][INFO] - [rank: 0] Saved decoder self-attention to ./attention_weights/decoder_self_attention_batch_116.pt
[2025-11-14 18:30:50,154][src.models.modules.semantic_id.tiger_generation_model][INFO] - [rank: 0] Saved encoder attention to ./attention_weights/encoder_attention_batch_116.pt
[2025-11-14 18:30:50,154][src.models.modules.semantic_id.tiger_generation_model][INFO] - [rank: 0] Saved cross attention to ./attention_weights/cross_attention_batch_116.pt
[2025-11-14 18:30:50,162][src.models.modules.semantic_id.tiger_generation_model][INFO] - [rank: 0] 当前batch的生成语义ID Embedding相似度矩阵:
[[ 1.0000000e+00 -3.2569580e-03 -5.0620562e-03  1.2539808e-02
  -5.1890589e-02 -4.3520212e-02  4.0965569e-03  1.0437007e-02]
 [-3.2569580e-03  1.0000000e+00  5.8060721e-02 -5.6513567e-03
   4.7348015e-02 -2.0201642e-02  7.8399535e-03 -6.6089556e-03]
 [-5.0620562e-03  5.8060721e-02  1.0000000e+00 -3.0363083e-02
   1.8998021e-03  3.6158558e-02  4.5825548e-02  9.4716600e-04]
 [ 1.2539808e-02 -5.6513567e-03 -3.0363083e-02  1.0000000e+00
  -2.4107112e-02 -8.7041678e-03 -2.2595227e-02  3.1895440e-02]
 [-5.1890589e-02  4.7348015e-02  1.8998021e-03 -2.4107112e-02
   1.0000000e+00 -3.1254962e-02  1.2110282e-02 -1.0865132e-02]
 [-4.3520212e-02 -2.0201642e-02  3.6158558e-02 -8.7041678e-03
  -3.1254962e-02  1.0000000e+00 -1.9538596e-02  2.3949727e-02]
 [ 4.0965569e-03  7.8399535e-03  4.5825548e-02 -2.2595227e-02
   1.2110282e-02 -1.9538596e-02  1.0000000e+00 -4.4172905e-02]
 [ 1.0437007e-02 -6.6089556e-03  9.4716600e-04  3.1895440e-02
  -1.0865132e-02  2.3949727e-02 -4.4172905e-02  1.0000001e+00]]
[2025-11-14 18:30:50,658][src.models.modules.semantic_id.tiger_generation_model][INFO] - [rank: 0] 当前batch的输入Item Hierarchy Embedding相似度矩阵:
[[ 1.0000000e+00 -2.2655055e-03 -1.4693031e-02 -5.8960682e-04
  -4.4401051e-03  2.7368877e-03  9.8826159e-03  4.8881150e-03]
 [-2.2655055e-03  1.0000000e+00  1.0218350e-02  3.3624261e-03
   1.2234475e-03  3.3785314e-03 -5.2241208e-03  1.3053333e-02]
 [-1.4693031e-02  1.0218350e-02  1.0000000e+00  1.6085439e-03
   2.8546178e-03 -1.6354671e-04 -1.3021788e-03  3.4553122e-03]
 [-5.8960682e-04  3.3624261e-03  1.6085439e-03  1.0000000e+00
   2.1860728e-02  4.9183574e-03 -4.7959825e-03 -1.2624828e-03]
 [-4.4401051e-03  1.2234475e-03  2.8546178e-03  2.1860728e-02
   1.0000000e+00 -3.0861807e-03 -1.2664485e-02  7.0124543e-03]
 [ 2.7368877e-03  3.3785314e-03 -1.6354671e-04  4.9183574e-03
  -3.0861807e-03  1.0000000e+00 -2.6161126e-03  1.6468674e-03]
 [ 9.8826159e-03 -5.2241208e-03 -1.3021788e-03 -4.7959825e-03
  -1.2664485e-02 -2.6161126e-03  1.0000000e+00 -1.9028369e-02]
 [ 4.8881150e-03  1.3053333e-02  3.4553122e-03 -1.2624828e-03
   7.0124543e-03  1.6468674e-03 -1.9028369e-02  1.0000001e+00]]
[2025-11-14 18:30:51,730][src.models.modules.semantic_id.tiger_generation_model][WARNING] - [rank: 0] Failed to stack cross attentions: stack expects each tensor to be equal size, but got [32, 6, 135] at entry 0 and [32, 6, 2, 135] at entry 1
[2025-11-14 18:30:51,744][src.models.modules.semantic_id.tiger_generation_model][WARNING] - [rank: 0]   Hierarchy 0 shape: torch.Size([32, 6, 135])
[2025-11-14 18:30:51,744][src.models.modules.semantic_id.tiger_generation_model][WARNING] - [rank: 0]   Hierarchy 1 shape: torch.Size([32, 6, 2, 135])
[2025-11-14 18:30:51,745][src.models.modules.semantic_id.tiger_generation_model][WARNING] - [rank: 0]   Hierarchy 2 shape: torch.Size([32, 6, 135])
[2025-11-14 18:30:51,745][src.models.modules.semantic_id.tiger_generation_model][WARNING] - [rank: 0]   Hierarchy 3 shape: torch.Size([32, 6, 135])
[2025-11-14 18:30:51,745][src.models.modules.semantic_id.tiger_generation_model][WARNING] - [rank: 0]   Hierarchy 4 shape: torch.Size([32, 6, 135])
[2025-11-14 18:30:51,745][src.models.modules.semantic_id.tiger_generation_model][WARNING] - [rank: 0]   Hierarchy 5 shape: torch.Size([32, 6, 135])
[2025-11-14 18:30:51,746][src.models.modules.semantic_id.tiger_generation_model][WARNING] - [rank: 0]   Hierarchy 6 shape: torch.Size([32, 6, 135])
[2025-11-14 18:30:51,746][src.models.modules.semantic_id.tiger_generation_model][WARNING] - [rank: 0]   Hierarchy 7 shape: torch.Size([32, 6, 135])
[2025-11-14 18:30:52,372][src.models.modules.semantic_id.tiger_generation_model][INFO] - [rank: 0] Saved decoder self-attention to ./attention_weights/decoder_self_attention_batch_117.pt
[2025-11-14 18:30:52,373][src.models.modules.semantic_id.tiger_generation_model][INFO] - [rank: 0] Saved encoder attention to ./attention_weights/encoder_attention_batch_117.pt
[2025-11-14 18:30:52,373][src.models.modules.semantic_id.tiger_generation_model][INFO] - [rank: 0] Saved cross attention to ./attention_weights/cross_attention_batch_117.pt
[2025-11-14 18:30:52,397][src.models.modules.semantic_id.tiger_generation_model][INFO] - [rank: 0] 当前batch的生成语义ID Embedding相似度矩阵:
[[ 1.0000000e+00  3.7170634e-02  1.2733433e-02 -1.7103260e-02
  -2.0055704e-02 -2.4668280e-02 -1.3909880e-02  1.6125744e-02]
 [ 3.7170634e-02  9.9999988e-01  3.1252272e-02  2.5267042e-03
   3.5042316e-02  1.3691102e-02 -2.7940064e-03  8.2443636e-03]
 [ 1.2733433e-02  3.1252272e-02  1.0000000e+00  2.2364371e-02
   6.1671324e-03  7.9734288e-03  4.7217086e-03  1.5087858e-02]
 [-1.7103260e-02  2.5267042e-03  2.2364371e-02  1.0000000e+00
  -2.7837317e-02 -6.1688572e-04 -8.1963427e-03  2.0087394e-03]
 [-2.0055704e-02  3.5042316e-02  6.1671324e-03 -2.7837317e-02
   1.0000001e+00 -2.6776750e-02 -1.7834511e-02  1.3574373e-02]
 [-2.4668280e-02  1.3691102e-02  7.9734288e-03 -6.1688572e-04
  -2.6776750e-02  1.0000000e+00 -2.9687101e-02  1.7539112e-02]
 [-1.3909880e-02 -2.7940064e-03  4.7217086e-03 -8.1963427e-03
  -1.7834511e-02 -2.9687101e-02  1.0000000e+00 -3.9372243e-02]
 [ 1.6125744e-02  8.2443636e-03  1.5087858e-02  2.0087394e-03
   1.3574373e-02  1.7539112e-02 -3.9372243e-02  1.0000001e+00]]
[2025-11-14 18:30:52,664][src.models.modules.semantic_id.tiger_generation_model][INFO] - [rank: 0] 当前batch的输入Item Hierarchy Embedding相似度矩阵:
[[ 9.99999940e-01  1.40902866e-02 -2.66252598e-03 -1.06147293e-03
   5.12881111e-03 -6.68565882e-03  3.04149906e-03  1.05646169e-02]
 [ 1.40902866e-02  9.99999940e-01  3.80395376e-03  1.25392849e-04
   9.61667299e-03  2.41106916e-02 -7.02218106e-03  2.60292348e-02]
 [-2.66252598e-03  3.80395376e-03  9.99999940e-01 -7.67804636e-03
  -3.09438328e-03  1.30385058e-02 -1.00387176e-02  1.68705843e-02]
 [-1.06147293e-03  1.25392849e-04 -7.67804636e-03  9.99999940e-01
   4.55495465e-04  1.27269775e-02 -8.28824588e-04  8.66354629e-03]
 [ 5.12881111e-03  9.61667299e-03 -3.09438328e-03  4.55495465e-04
   9.99999940e-01  9.58504342e-03  6.95863366e-03  1.37968482e-02]
 [-6.68565882e-03  2.41106916e-02  1.30385058e-02  1.27269775e-02
   9.58504342e-03  9.99999940e-01 -3.08640813e-03  1.67845618e-02]
 [ 3.04149906e-03 -7.02218106e-03 -1.00387176e-02 -8.28824588e-04
   6.95863366e-03 -3.08640813e-03  9.99999940e-01 -3.89567986e-02]
 [ 1.05646169e-02  2.60292348e-02  1.68705843e-02  8.66354629e-03
   1.37968482e-02  1.67845618e-02 -3.89567986e-02  1.00000012e+00]]
[2025-11-14 18:30:53,948][src.models.modules.semantic_id.tiger_generation_model][WARNING] - [rank: 0] Failed to stack cross attentions: stack expects each tensor to be equal size, but got [32, 6, 135] at entry 0 and [32, 6, 2, 135] at entry 1
[2025-11-14 18:30:53,949][src.models.modules.semantic_id.tiger_generation_model][WARNING] - [rank: 0]   Hierarchy 0 shape: torch.Size([32, 6, 135])
[2025-11-14 18:30:53,949][src.models.modules.semantic_id.tiger_generation_model][WARNING] - [rank: 0]   Hierarchy 1 shape: torch.Size([32, 6, 2, 135])
[2025-11-14 18:30:53,949][src.models.modules.semantic_id.tiger_generation_model][WARNING] - [rank: 0]   Hierarchy 2 shape: torch.Size([32, 6, 135])
[2025-11-14 18:30:53,949][src.models.modules.semantic_id.tiger_generation_model][WARNING] - [rank: 0]   Hierarchy 3 shape: torch.Size([32, 6, 135])
[2025-11-14 18:30:53,949][src.models.modules.semantic_id.tiger_generation_model][WARNING] - [rank: 0]   Hierarchy 4 shape: torch.Size([32, 6, 135])
[2025-11-14 18:30:53,949][src.models.modules.semantic_id.tiger_generation_model][WARNING] - [rank: 0]   Hierarchy 5 shape: torch.Size([32, 6, 135])
[2025-11-14 18:30:53,950][src.models.modules.semantic_id.tiger_generation_model][WARNING] - [rank: 0]   Hierarchy 6 shape: torch.Size([32, 6, 135])
[2025-11-14 18:30:53,950][src.models.modules.semantic_id.tiger_generation_model][WARNING] - [rank: 0]   Hierarchy 7 shape: torch.Size([32, 6, 135])
[2025-11-14 18:30:54,292][src.models.modules.semantic_id.tiger_generation_model][INFO] - [rank: 0] Saved decoder self-attention to ./attention_weights/decoder_self_attention_batch_118.pt
[2025-11-14 18:30:54,293][src.models.modules.semantic_id.tiger_generation_model][INFO] - [rank: 0] Saved encoder attention to ./attention_weights/encoder_attention_batch_118.pt
[2025-11-14 18:30:54,293][src.models.modules.semantic_id.tiger_generation_model][INFO] - [rank: 0] Saved cross attention to ./attention_weights/cross_attention_batch_118.pt
[2025-11-14 18:30:54,300][src.models.modules.semantic_id.tiger_generation_model][INFO] - [rank: 0] 当前batch的生成语义ID Embedding相似度矩阵:
[[ 1.          0.01646098  0.04556795 -0.01120217 -0.00984087 -0.01435061
  -0.01328705 -0.06336746]
 [ 0.01646098  1.          0.02429694  0.00106174 -0.0120494  -0.03943014
  -0.03108944  0.01396907]
 [ 0.04556795  0.02429694  1.         -0.01861723  0.01487177 -0.02300219
  -0.02550918 -0.06022961]
 [-0.01120217  0.00106174 -0.01861723  1.         -0.01115003  0.02737943
  -0.00926839  0.00677101]
 [-0.00984087 -0.0120494   0.01487177 -0.01115003  1.         -0.01070596
   0.00253981  0.01075588]
 [-0.01435061 -0.03943014 -0.02300219  0.02737943 -0.01070596  1.0000001
   0.00957523  0.02297751]
 [-0.01328705 -0.03108944 -0.02550918 -0.00926839  0.00253981  0.00957523
   1.         -0.04391415]
 [-0.06336746  0.01396907 -0.06022961  0.00677101  0.01075588  0.02297751
  -0.04391415  1.0000001 ]]
[2025-11-14 18:30:54,465][src.models.modules.semantic_id.tiger_generation_model][INFO] - [rank: 0] 当前batch的输入Item Hierarchy Embedding相似度矩阵:
[[ 1.00000000e+00 -6.71750517e-04  3.75877470e-02  2.52394900e-02
  -3.85138718e-03  1.02773570e-02 -3.58761661e-03 -3.07868402e-02]
 [-6.71750517e-04  1.00000000e+00 -3.02542048e-03 -1.12524880e-02
  -1.05423145e-02 -2.59211268e-02 -1.18545378e-02  8.83771665e-03]
 [ 3.75877470e-02 -3.02542048e-03  1.00000000e+00  6.73714839e-03
   1.47950812e-03  7.32236030e-03  4.37761098e-03 -4.31781225e-02]
 [ 2.52394900e-02 -1.12524880e-02  6.73714839e-03  1.00000000e+00
  -1.76872611e-02  2.72759586e-03  1.90359680e-03 -5.50207635e-03]
 [-3.85138718e-03 -1.05423145e-02  1.47950812e-03 -1.76872611e-02
   1.00000000e+00  1.32049210e-02  1.41701289e-03 -2.20333663e-04]
 [ 1.02773570e-02 -2.59211268e-02  7.32236030e-03  2.72759586e-03
   1.32049210e-02  1.00000000e+00  6.76635792e-03  3.64771741e-03]
 [-3.58761661e-03 -1.18545378e-02  4.37761098e-03  1.90359680e-03
   1.41701289e-03  6.76635792e-03  1.00000000e+00 -2.53775548e-02]
 [-3.07868402e-02  8.83771665e-03 -4.31781225e-02 -5.50207635e-03
  -2.20333663e-04  3.64771741e-03 -2.53775548e-02  1.00000012e+00]]
[2025-11-14 18:30:55,276][src.models.modules.semantic_id.tiger_generation_model][WARNING] - [rank: 0] Failed to stack cross attentions: stack expects each tensor to be equal size, but got [32, 6, 135] at entry 0 and [32, 6, 2, 135] at entry 1
[2025-11-14 18:30:55,277][src.models.modules.semantic_id.tiger_generation_model][WARNING] - [rank: 0]   Hierarchy 0 shape: torch.Size([32, 6, 135])
[2025-11-14 18:30:55,277][src.models.modules.semantic_id.tiger_generation_model][WARNING] - [rank: 0]   Hierarchy 1 shape: torch.Size([32, 6, 2, 135])
[2025-11-14 18:30:55,277][src.models.modules.semantic_id.tiger_generation_model][WARNING] - [rank: 0]   Hierarchy 2 shape: torch.Size([32, 6, 135])
[2025-11-14 18:30:55,277][src.models.modules.semantic_id.tiger_generation_model][WARNING] - [rank: 0]   Hierarchy 3 shape: torch.Size([32, 6, 135])
[2025-11-14 18:30:55,278][src.models.modules.semantic_id.tiger_generation_model][WARNING] - [rank: 0]   Hierarchy 4 shape: torch.Size([32, 6, 135])
[2025-11-14 18:30:55,278][src.models.modules.semantic_id.tiger_generation_model][WARNING] - [rank: 0]   Hierarchy 5 shape: torch.Size([32, 6, 135])
[2025-11-14 18:30:55,278][src.models.modules.semantic_id.tiger_generation_model][WARNING] - [rank: 0]   Hierarchy 6 shape: torch.Size([32, 6, 135])
[2025-11-14 18:30:55,278][src.models.modules.semantic_id.tiger_generation_model][WARNING] - [rank: 0]   Hierarchy 7 shape: torch.Size([32, 6, 135])
[2025-11-14 18:30:55,797][src.models.modules.semantic_id.tiger_generation_model][INFO] - [rank: 0] Saved decoder self-attention to ./attention_weights/decoder_self_attention_batch_119.pt
[2025-11-14 18:30:55,797][src.models.modules.semantic_id.tiger_generation_model][INFO] - [rank: 0] Saved encoder attention to ./attention_weights/encoder_attention_batch_119.pt
[2025-11-14 18:30:55,798][src.models.modules.semantic_id.tiger_generation_model][INFO] - [rank: 0] Saved cross attention to ./attention_weights/cross_attention_batch_119.pt
[2025-11-14 18:30:55,805][src.models.modules.semantic_id.tiger_generation_model][INFO] - [rank: 0] 当前batch的生成语义ID Embedding相似度矩阵:
[[ 1.          0.00850822 -0.00704805  0.00967531 -0.02285217 -0.01026853
   0.0101659  -0.0128626 ]
 [ 0.00850822  1.          0.00601053  0.02324778  0.02187941 -0.01063868
   0.01494274  0.01467936]
 [-0.00704805  0.00601053  1.         -0.00717356 -0.01119813 -0.02277267
   0.00260256 -0.01613393]
 [ 0.00967531  0.02324778 -0.00717356  1.         -0.00288829  0.02552375
  -0.01936204  0.03367493]
 [-0.02285217  0.02187941 -0.01119813 -0.00288829  1.         -0.02219539
  -0.00485846 -0.01883772]
 [-0.01026853 -0.01063868 -0.02277267  0.02552375 -0.02219539  1.
  -0.05507774  0.00140752]
 [ 0.0101659   0.01494274  0.00260256 -0.01936204 -0.00485846 -0.05507774
   1.         -0.03616   ]
 [-0.0128626   0.01467936 -0.01613393  0.03367493 -0.01883772  0.00140752
  -0.03616     1.0000001 ]]
[2025-11-14 18:30:56,037][src.models.modules.semantic_id.tiger_generation_model][INFO] - [rank: 0] 当前batch的输入Item Hierarchy Embedding相似度矩阵:
[[ 9.99999940e-01 -6.76083146e-04 -2.18369514e-02  7.71405036e-03
  -3.22972168e-03 -1.95484678e-03 -2.75247823e-03 -9.66130942e-03]
 [-6.76083146e-04  9.99999940e-01  1.72989361e-03 -6.68421760e-03
   3.94217344e-03  3.07080569e-03  8.52903060e-04  7.65966531e-03]
 [-2.18369514e-02  1.72989361e-03  9.99999940e-01  5.92186302e-03
   1.52391773e-02  1.77047178e-02 -6.56035868e-03 -9.13866330e-04]
 [ 7.71405036e-03 -6.68421760e-03  5.92186302e-03  9.99999940e-01
   8.97297543e-03 -4.69250954e-04 -8.70027486e-03  5.10945311e-03]
 [-3.22972168e-03  3.94217344e-03  1.52391773e-02  8.97297543e-03
   9.99999940e-01 -9.77723114e-03 -2.45739962e-03  1.26680369e-02]
 [-1.95484678e-03  3.07080569e-03  1.77047178e-02 -4.69250954e-04
  -9.77723114e-03  9.99999940e-01 -2.61318292e-02 -1.23069035e-02]
 [-2.75247823e-03  8.52903060e-04 -6.56035868e-03 -8.70027486e-03
  -2.45739962e-03 -2.61318292e-02  9.99999940e-01 -3.47389765e-02]
 [-9.66130942e-03  7.65966531e-03 -9.13866330e-04  5.10945311e-03
   1.26680369e-02 -1.23069035e-02 -3.47389765e-02  1.00000012e+00]]
[2025-11-14 18:30:57,498][src.models.modules.semantic_id.tiger_generation_model][WARNING] - [rank: 0] Failed to stack cross attentions: stack expects each tensor to be equal size, but got [32, 6, 135] at entry 0 and [32, 6, 2, 135] at entry 1
[2025-11-14 18:30:57,499][src.models.modules.semantic_id.tiger_generation_model][WARNING] - [rank: 0]   Hierarchy 0 shape: torch.Size([32, 6, 135])
[2025-11-14 18:30:57,499][src.models.modules.semantic_id.tiger_generation_model][WARNING] - [rank: 0]   Hierarchy 1 shape: torch.Size([32, 6, 2, 135])
[2025-11-14 18:30:57,499][src.models.modules.semantic_id.tiger_generation_model][WARNING] - [rank: 0]   Hierarchy 2 shape: torch.Size([32, 6, 135])
[2025-11-14 18:30:57,499][src.models.modules.semantic_id.tiger_generation_model][WARNING] - [rank: 0]   Hierarchy 3 shape: torch.Size([32, 6, 135])
[2025-11-14 18:30:57,500][src.models.modules.semantic_id.tiger_generation_model][WARNING] - [rank: 0]   Hierarchy 4 shape: torch.Size([32, 6, 135])
[2025-11-14 18:30:57,500][src.models.modules.semantic_id.tiger_generation_model][WARNING] - [rank: 0]   Hierarchy 5 shape: torch.Size([32, 6, 135])
[2025-11-14 18:30:57,500][src.models.modules.semantic_id.tiger_generation_model][WARNING] - [rank: 0]   Hierarchy 6 shape: torch.Size([32, 6, 135])
[2025-11-14 18:30:57,500][src.models.modules.semantic_id.tiger_generation_model][WARNING] - [rank: 0]   Hierarchy 7 shape: torch.Size([32, 6, 135])
[2025-11-14 18:30:58,038][src.models.modules.semantic_id.tiger_generation_model][INFO] - [rank: 0] Saved decoder self-attention to ./attention_weights/decoder_self_attention_batch_120.pt
[2025-11-14 18:30:58,039][src.models.modules.semantic_id.tiger_generation_model][INFO] - [rank: 0] Saved encoder attention to ./attention_weights/encoder_attention_batch_120.pt
[2025-11-14 18:30:58,039][src.models.modules.semantic_id.tiger_generation_model][INFO] - [rank: 0] Saved cross attention to ./attention_weights/cross_attention_batch_120.pt
[2025-11-14 18:30:58,054][src.models.modules.semantic_id.tiger_generation_model][INFO] - [rank: 0] 当前batch的生成语义ID Embedding相似度矩阵:
[[ 1.00000000e+00  2.36614272e-02  1.80576500e-02  2.59564091e-02
  -2.35225372e-02 -1.00687221e-02 -2.87941732e-02  1.42228091e-02]
 [ 2.36614272e-02  1.00000000e+00  4.01163287e-03 -3.20066102e-02
   4.70876507e-03 -2.81083165e-03 -9.51269176e-04 -2.65230089e-02]
 [ 1.80576500e-02  4.01163287e-03  1.00000000e+00 -1.97833311e-03
   1.37741584e-02  2.10558791e-02  2.07787193e-02  2.01735441e-02]
 [ 2.59564091e-02 -3.20066102e-02 -1.97833311e-03  1.00000000e+00
  -4.95605869e-03  3.09817167e-03 -9.48791951e-03  1.72747374e-02]
 [-2.35225372e-02  4.70876507e-03  1.37741584e-02 -4.95605869e-03
   1.00000012e+00 -2.45276764e-02 -4.82190214e-03 -1.00029893e-02]
 [-1.00687221e-02 -2.81083165e-03  2.10558791e-02  3.09817167e-03
  -2.45276764e-02  1.00000012e+00 -2.12250696e-03 -7.44601246e-04]
 [-2.87941732e-02 -9.51269176e-04  2.07787193e-02 -9.48791951e-03
  -4.82190214e-03 -2.12250696e-03  1.00000000e+00 -1.25676915e-02]
 [ 1.42228091e-02 -2.65230089e-02  2.01735441e-02  1.72747374e-02
  -1.00029893e-02 -7.44601246e-04 -1.25676915e-02  1.00000012e+00]]
[2025-11-14 18:30:58,199][src.models.modules.semantic_id.tiger_generation_model][INFO] - [rank: 0] 当前batch的输入Item Hierarchy Embedding相似度矩阵:
[[ 1.0000000e+00  2.0245374e-03  2.6734709e-03  1.0989332e-02
   5.2132644e-03  1.8956925e-03 -1.0352545e-02 -4.4430075e-03]
 [ 2.0245374e-03  1.0000000e+00 -9.8505672e-03  4.9327230e-03
  -3.2372316e-03  5.7781958e-03  7.8973351e-03  1.4304560e-02]
 [ 2.6734709e-03 -9.8505672e-03  1.0000000e+00  8.7932302e-03
   5.0920555e-03  1.7231635e-03 -4.9224491e-03 -4.1831848e-03]
 [ 1.0989332e-02  4.9327230e-03  8.7932302e-03  1.0000000e+00
   8.7237899e-04  4.3919736e-05 -9.4572641e-03  5.7491311e-03]
 [ 5.2132644e-03 -3.2372316e-03  5.0920555e-03  8.7237899e-04
   1.0000000e+00  4.0974529e-03 -1.5961465e-03  1.9573843e-02]
 [ 1.8956925e-03  5.7781958e-03  1.7231635e-03  4.3919736e-05
   4.0974529e-03  1.0000000e+00 -1.1854707e-02  1.6334577e-02]
 [-1.0352545e-02  7.8973351e-03 -4.9224491e-03 -9.4572641e-03
  -1.5961465e-03 -1.1854707e-02  1.0000000e+00 -3.6560148e-02]
 [-4.4430075e-03  1.4304560e-02 -4.1831848e-03  5.7491311e-03
   1.9573843e-02  1.6334577e-02 -3.6560148e-02  1.0000001e+00]]
[2025-11-14 18:30:59,443][src.models.modules.semantic_id.tiger_generation_model][WARNING] - [rank: 0] Failed to stack cross attentions: stack expects each tensor to be equal size, but got [32, 6, 135] at entry 0 and [32, 6, 2, 135] at entry 1
[2025-11-14 18:30:59,444][src.models.modules.semantic_id.tiger_generation_model][WARNING] - [rank: 0]   Hierarchy 0 shape: torch.Size([32, 6, 135])
[2025-11-14 18:30:59,444][src.models.modules.semantic_id.tiger_generation_model][WARNING] - [rank: 0]   Hierarchy 1 shape: torch.Size([32, 6, 2, 135])
[2025-11-14 18:30:59,445][src.models.modules.semantic_id.tiger_generation_model][WARNING] - [rank: 0]   Hierarchy 2 shape: torch.Size([32, 6, 135])
[2025-11-14 18:30:59,445][src.models.modules.semantic_id.tiger_generation_model][WARNING] - [rank: 0]   Hierarchy 3 shape: torch.Size([32, 6, 135])
[2025-11-14 18:30:59,445][src.models.modules.semantic_id.tiger_generation_model][WARNING] - [rank: 0]   Hierarchy 4 shape: torch.Size([32, 6, 135])
[2025-11-14 18:30:59,445][src.models.modules.semantic_id.tiger_generation_model][WARNING] - [rank: 0]   Hierarchy 5 shape: torch.Size([32, 6, 135])
[2025-11-14 18:30:59,446][src.models.modules.semantic_id.tiger_generation_model][WARNING] - [rank: 0]   Hierarchy 6 shape: torch.Size([32, 6, 135])
[2025-11-14 18:30:59,446][src.models.modules.semantic_id.tiger_generation_model][WARNING] - [rank: 0]   Hierarchy 7 shape: torch.Size([32, 6, 135])
[2025-11-14 18:30:59,860][src.models.modules.semantic_id.tiger_generation_model][INFO] - [rank: 0] Saved decoder self-attention to ./attention_weights/decoder_self_attention_batch_121.pt
[2025-11-14 18:30:59,860][src.models.modules.semantic_id.tiger_generation_model][INFO] - [rank: 0] Saved encoder attention to ./attention_weights/encoder_attention_batch_121.pt
[2025-11-14 18:30:59,861][src.models.modules.semantic_id.tiger_generation_model][INFO] - [rank: 0] Saved cross attention to ./attention_weights/cross_attention_batch_121.pt
[2025-11-14 18:30:59,867][src.models.modules.semantic_id.tiger_generation_model][INFO] - [rank: 0] 当前batch的生成语义ID Embedding相似度矩阵:
[[ 1.0000000e+00 -5.1576220e-03 -4.8941478e-02  6.2949464e-02
  -6.8278305e-02 -5.3501703e-02 -9.5918067e-03 -2.4361378e-03]
 [-5.1576220e-03  1.0000000e+00  2.0725148e-02  1.1159177e-02
   6.2295258e-02  1.3211133e-02 -1.5110634e-03  3.9853182e-02]
 [-4.8941478e-02  2.0725148e-02  1.0000000e+00 -7.7198460e-03
  -2.8978661e-04  3.7424430e-02 -1.8477745e-02 -6.7748398e-02]
 [ 6.2949464e-02  1.1159177e-02 -7.7198460e-03  1.0000000e+00
  -3.2768086e-02 -1.9710351e-02 -4.2641025e-02 -2.5697134e-02]
 [-6.8278305e-02  6.2295258e-02 -2.8978661e-04 -3.2768086e-02
   1.0000000e+00  6.9095264e-03 -2.9167191e-03  1.0674903e-03]
 [-5.3501703e-02  1.3211133e-02  3.7424430e-02 -1.9710351e-02
   6.9095264e-03  1.0000000e+00 -1.0176659e-02 -2.7719457e-02]
 [-9.5918067e-03 -1.5110634e-03 -1.8477745e-02 -4.2641025e-02
  -2.9167191e-03 -1.0176659e-02  1.0000000e+00 -2.9089427e-02]
 [-2.4361378e-03  3.9853182e-02 -6.7748398e-02 -2.5697134e-02
   1.0674903e-03 -2.7719457e-02 -2.9089427e-02  1.0000001e+00]]
[2025-11-14 18:30:59,962][src.models.modules.semantic_id.tiger_generation_model][INFO] - [rank: 0] 当前batch的输入Item Hierarchy Embedding相似度矩阵:
[[ 1.0000000e+00  1.8078392e-02  1.1045570e-02  1.7677708e-02
  -1.4476379e-03 -1.0382567e-03 -2.2930745e-03 -5.6001614e-03]
 [ 1.8078392e-02  1.0000000e+00  1.9781608e-02 -1.6897304e-02
  -7.0478814e-03 -1.0862844e-02 -1.6125644e-02  1.9322833e-02]
 [ 1.1045570e-02  1.9781608e-02  1.0000000e+00 -1.5828446e-02
   8.2516810e-03  1.0636262e-02 -2.0306608e-02  2.0170489e-02]
 [ 1.7677708e-02 -1.6897304e-02 -1.5828446e-02  1.0000000e+00
  -1.5557607e-02  1.0457084e-02 -5.8653380e-04 -1.5086263e-02]
 [-1.4476379e-03 -7.0478814e-03  8.2516810e-03 -1.5557607e-02
   1.0000000e+00 -9.6982680e-03 -5.1028798e-03  2.4430485e-02]
 [-1.0382567e-03 -1.0862844e-02  1.0636262e-02  1.0457084e-02
  -9.6982680e-03  1.0000000e+00  1.7369238e-03  1.6805813e-02]
 [-2.2930745e-03 -1.6125644e-02 -2.0306608e-02 -5.8653380e-04
  -5.1028798e-03  1.7369238e-03  1.0000000e+00 -4.6667036e-02]
 [-5.6001614e-03  1.9322833e-02  2.0170489e-02 -1.5086263e-02
   2.4430485e-02  1.6805813e-02 -4.6667036e-02  1.0000001e+00]]
[2025-11-14 18:31:01,172][src.models.modules.semantic_id.tiger_generation_model][WARNING] - [rank: 0] Failed to stack cross attentions: stack expects each tensor to be equal size, but got [32, 6, 135] at entry 0 and [32, 6, 2, 135] at entry 1
[2025-11-14 18:31:01,175][src.models.modules.semantic_id.tiger_generation_model][WARNING] - [rank: 0]   Hierarchy 0 shape: torch.Size([32, 6, 135])
[2025-11-14 18:31:01,176][src.models.modules.semantic_id.tiger_generation_model][WARNING] - [rank: 0]   Hierarchy 1 shape: torch.Size([32, 6, 2, 135])
[2025-11-14 18:31:01,176][src.models.modules.semantic_id.tiger_generation_model][WARNING] - [rank: 0]   Hierarchy 2 shape: torch.Size([32, 6, 135])
[2025-11-14 18:31:01,177][src.models.modules.semantic_id.tiger_generation_model][WARNING] - [rank: 0]   Hierarchy 3 shape: torch.Size([32, 6, 135])
[2025-11-14 18:31:01,178][src.models.modules.semantic_id.tiger_generation_model][WARNING] - [rank: 0]   Hierarchy 4 shape: torch.Size([32, 6, 135])
[2025-11-14 18:31:01,179][src.models.modules.semantic_id.tiger_generation_model][WARNING] - [rank: 0]   Hierarchy 5 shape: torch.Size([32, 6, 135])
[2025-11-14 18:31:01,179][src.models.modules.semantic_id.tiger_generation_model][WARNING] - [rank: 0]   Hierarchy 6 shape: torch.Size([32, 6, 135])
[2025-11-14 18:31:01,180][src.models.modules.semantic_id.tiger_generation_model][WARNING] - [rank: 0]   Hierarchy 7 shape: torch.Size([32, 6, 135])
[2025-11-14 18:31:01,608][src.models.modules.semantic_id.tiger_generation_model][INFO] - [rank: 0] Saved decoder self-attention to ./attention_weights/decoder_self_attention_batch_122.pt
[2025-11-14 18:31:01,608][src.models.modules.semantic_id.tiger_generation_model][INFO] - [rank: 0] Saved encoder attention to ./attention_weights/encoder_attention_batch_122.pt
[2025-11-14 18:31:01,609][src.models.modules.semantic_id.tiger_generation_model][INFO] - [rank: 0] Saved cross attention to ./attention_weights/cross_attention_batch_122.pt
[2025-11-14 18:31:01,615][src.models.modules.semantic_id.tiger_generation_model][INFO] - [rank: 0] 当前batch的生成语义ID Embedding相似度矩阵:
[[ 1.0000000e+00  2.9706333e-02 -2.2420775e-02  2.8668372e-03
   1.7277291e-04 -2.7215499e-02 -9.5984293e-03  2.5058188e-03]
 [ 2.9706333e-02  1.0000000e+00  2.3738410e-02 -4.4597392e-03
   2.0681474e-02  6.4520491e-03  4.8030727e-04 -4.1355239e-04]
 [-2.2420775e-02  2.3738410e-02  1.0000000e+00  2.6156459e-02
  -3.0443966e-02  1.1579150e-02  2.5470400e-02  2.7428899e-02]
 [ 2.8668372e-03 -4.4597392e-03  2.6156459e-02  1.0000000e+00
   1.9235447e-02 -1.4373735e-02 -1.3905373e-02  2.5049886e-03]
 [ 1.7277291e-04  2.0681474e-02 -3.0443966e-02  1.9235447e-02
   1.0000000e+00 -2.9584073e-02 -1.3174007e-02 -7.2306441e-03]
 [-2.7215499e-02  6.4520491e-03  1.1579150e-02 -1.4373735e-02
  -2.9584073e-02  1.0000000e+00 -1.5224038e-02 -2.2016969e-03]
 [-9.5984293e-03  4.8030727e-04  2.5470400e-02 -1.3905373e-02
  -1.3174007e-02 -1.5224038e-02  1.0000000e+00 -1.1849864e-02]
 [ 2.5058188e-03 -4.1355239e-04  2.7428899e-02  2.5049886e-03
  -7.2306441e-03 -2.2016969e-03 -1.1849864e-02  1.0000001e+00]]
[2025-11-14 18:31:01,861][src.models.modules.semantic_id.tiger_generation_model][INFO] - [rank: 0] 当前batch的输入Item Hierarchy Embedding相似度矩阵:
[[ 1.0000000e+00  5.1254933e-03 -4.8886202e-03  1.1725990e-02
   1.1935567e-02  1.9247652e-03 -2.5393369e-02 -2.3343815e-03]
 [ 5.1254933e-03  1.0000000e+00 -9.6946554e-03 -1.1403780e-04
   1.4081817e-02  1.5346322e-03 -2.1348645e-03  2.0270629e-02]
 [-4.8886202e-03 -9.6946554e-03  1.0000000e+00  7.3950063e-03
   6.6557736e-04 -8.3119450e-03 -8.8857496e-03  1.8297382e-02]
 [ 1.1725990e-02 -1.1403780e-04  7.3950063e-03  1.0000000e+00
   1.5539101e-02 -1.1818011e-03  5.2960422e-03 -1.2086108e-02]
 [ 1.1935567e-02  1.4081817e-02  6.6557736e-04  1.5539101e-02
   1.0000000e+00 -3.8029689e-03 -9.3118902e-03  2.1825703e-02]
 [ 1.9247652e-03  1.5346322e-03 -8.3119450e-03 -1.1818011e-03
  -3.8029689e-03  1.0000000e+00 -1.4392725e-02  1.6362350e-02]
 [-2.5393369e-02 -2.1348645e-03 -8.8857496e-03  5.2960422e-03
  -9.3118902e-03 -1.4392725e-02  1.0000000e+00 -4.5643046e-02]
 [-2.3343815e-03  2.0270629e-02  1.8297382e-02 -1.2086108e-02
   2.1825703e-02  1.6362350e-02 -4.5643046e-02  1.0000001e+00]]
[2025-11-14 18:31:03,134][src.models.modules.semantic_id.tiger_generation_model][WARNING] - [rank: 0] Failed to stack cross attentions: stack expects each tensor to be equal size, but got [32, 6, 135] at entry 0 and [32, 6, 2, 135] at entry 1
[2025-11-14 18:31:03,135][src.models.modules.semantic_id.tiger_generation_model][WARNING] - [rank: 0]   Hierarchy 0 shape: torch.Size([32, 6, 135])
[2025-11-14 18:31:03,135][src.models.modules.semantic_id.tiger_generation_model][WARNING] - [rank: 0]   Hierarchy 1 shape: torch.Size([32, 6, 2, 135])
[2025-11-14 18:31:03,135][src.models.modules.semantic_id.tiger_generation_model][WARNING] - [rank: 0]   Hierarchy 2 shape: torch.Size([32, 6, 135])
[2025-11-14 18:31:03,135][src.models.modules.semantic_id.tiger_generation_model][WARNING] - [rank: 0]   Hierarchy 3 shape: torch.Size([32, 6, 135])
[2025-11-14 18:31:03,135][src.models.modules.semantic_id.tiger_generation_model][WARNING] - [rank: 0]   Hierarchy 4 shape: torch.Size([32, 6, 135])
[2025-11-14 18:31:03,136][src.models.modules.semantic_id.tiger_generation_model][WARNING] - [rank: 0]   Hierarchy 5 shape: torch.Size([32, 6, 135])
[2025-11-14 18:31:03,136][src.models.modules.semantic_id.tiger_generation_model][WARNING] - [rank: 0]   Hierarchy 6 shape: torch.Size([32, 6, 135])
[2025-11-14 18:31:03,136][src.models.modules.semantic_id.tiger_generation_model][WARNING] - [rank: 0]   Hierarchy 7 shape: torch.Size([32, 6, 135])
[2025-11-14 18:31:03,816][src.models.modules.semantic_id.tiger_generation_model][INFO] - [rank: 0] Saved decoder self-attention to ./attention_weights/decoder_self_attention_batch_123.pt
[2025-11-14 18:31:03,817][src.models.modules.semantic_id.tiger_generation_model][INFO] - [rank: 0] Saved encoder attention to ./attention_weights/encoder_attention_batch_123.pt
[2025-11-14 18:31:03,817][src.models.modules.semantic_id.tiger_generation_model][INFO] - [rank: 0] Saved cross attention to ./attention_weights/cross_attention_batch_123.pt
[2025-11-14 18:31:03,824][src.models.modules.semantic_id.tiger_generation_model][INFO] - [rank: 0] 当前batch的生成语义ID Embedding相似度矩阵:
[[ 9.9999994e-01  4.9769050e-03 -3.1644233e-02 -2.0769436e-02
   1.1985330e-02  9.8444382e-04  2.3736537e-02 -2.7699782e-02]
 [ 4.9769050e-03  1.0000000e+00 -1.1517629e-03  1.4756940e-02
   1.9373940e-02 -1.3795175e-02  9.8554557e-03  1.7346229e-02]
 [-3.1644233e-02 -1.1517629e-03  1.0000000e+00 -1.3819508e-02
   3.3568606e-02 -9.9240011e-03  6.5340530e-03  1.5719490e-02]
 [-2.0769436e-02  1.4756940e-02 -1.3819508e-02  1.0000000e+00
  -5.0971606e-03  2.5037829e-02 -3.4052946e-02  2.3922678e-03]
 [ 1.1985330e-02  1.9373940e-02  3.3568606e-02 -5.0971606e-03
   1.0000000e+00  1.2898771e-02 -1.5890542e-03  4.0909879e-02]
 [ 9.8444382e-04 -1.3795175e-02 -9.9240011e-03  2.5037829e-02
   1.2898771e-02  1.0000000e+00 -2.4384987e-02 -2.9539788e-02]
 [ 2.3736537e-02  9.8554557e-03  6.5340530e-03 -3.4052946e-02
  -1.5890542e-03 -2.4384987e-02  1.0000000e+00 -2.0257020e-02]
 [-2.7699782e-02  1.7346229e-02  1.5719490e-02  2.3922678e-03
   4.0909879e-02 -2.9539788e-02 -2.0257020e-02  1.0000001e+00]]
[2025-11-14 18:31:04,279][src.models.modules.semantic_id.tiger_generation_model][INFO] - [rank: 0] 当前batch的输入Item Hierarchy Embedding相似度矩阵:
[[ 1.00000000e+00 -9.46119335e-03 -2.69320211e-03 -1.57868105e-03
  -1.38993710e-02  4.50427318e-03 -4.40197671e-03  8.98633711e-03]
 [-9.46119335e-03  1.00000000e+00 -1.15468716e-02  1.51362503e-02
   7.13241426e-03  8.78086593e-03 -1.31572699e-02  8.58172588e-03]
 [-2.69320211e-03 -1.15468716e-02  1.00000000e+00  3.01147508e-03
   1.21877175e-02  1.10679702e-03  4.33966750e-03  1.18140317e-02]
 [-1.57868105e-03  1.51362503e-02  3.01147508e-03  1.00000000e+00
   4.17035306e-03  3.53734964e-03 -1.40923606e-02  8.61351471e-03]
 [-1.38993710e-02  7.13241426e-03  1.21877175e-02  4.17035306e-03
   1.00000000e+00 -1.27264941e-02 -1.20905312e-02 -1.53511253e-04]
 [ 4.50427318e-03  8.78086593e-03  1.10679702e-03  3.53734964e-03
  -1.27264941e-02  1.00000000e+00 -1.57866930e-03 -1.25738967e-03]
 [-4.40197671e-03 -1.31572699e-02  4.33966750e-03 -1.40923606e-02
  -1.20905312e-02 -1.57866930e-03  1.00000000e+00 -3.08223274e-02]
 [ 8.98633711e-03  8.58172588e-03  1.18140317e-02  8.61351471e-03
  -1.53511253e-04 -1.25738967e-03 -3.08223274e-02  1.00000012e+00]]
[2025-11-14 18:31:05,450][src.models.modules.semantic_id.tiger_generation_model][WARNING] - [rank: 0] Failed to stack cross attentions: stack expects each tensor to be equal size, but got [32, 6, 135] at entry 0 and [32, 6, 2, 135] at entry 1
[2025-11-14 18:31:05,451][src.models.modules.semantic_id.tiger_generation_model][WARNING] - [rank: 0]   Hierarchy 0 shape: torch.Size([32, 6, 135])
[2025-11-14 18:31:05,451][src.models.modules.semantic_id.tiger_generation_model][WARNING] - [rank: 0]   Hierarchy 1 shape: torch.Size([32, 6, 2, 135])
[2025-11-14 18:31:05,451][src.models.modules.semantic_id.tiger_generation_model][WARNING] - [rank: 0]   Hierarchy 2 shape: torch.Size([32, 6, 135])
[2025-11-14 18:31:05,451][src.models.modules.semantic_id.tiger_generation_model][WARNING] - [rank: 0]   Hierarchy 3 shape: torch.Size([32, 6, 135])
[2025-11-14 18:31:05,452][src.models.modules.semantic_id.tiger_generation_model][WARNING] - [rank: 0]   Hierarchy 4 shape: torch.Size([32, 6, 135])
[2025-11-14 18:31:05,452][src.models.modules.semantic_id.tiger_generation_model][WARNING] - [rank: 0]   Hierarchy 5 shape: torch.Size([32, 6, 135])
[2025-11-14 18:31:05,452][src.models.modules.semantic_id.tiger_generation_model][WARNING] - [rank: 0]   Hierarchy 6 shape: torch.Size([32, 6, 135])
[2025-11-14 18:31:05,452][src.models.modules.semantic_id.tiger_generation_model][WARNING] - [rank: 0]   Hierarchy 7 shape: torch.Size([32, 6, 135])
[2025-11-14 18:31:06,525][src.models.modules.semantic_id.tiger_generation_model][INFO] - [rank: 0] Saved decoder self-attention to ./attention_weights/decoder_self_attention_batch_124.pt
[2025-11-14 18:31:06,526][src.models.modules.semantic_id.tiger_generation_model][INFO] - [rank: 0] Saved encoder attention to ./attention_weights/encoder_attention_batch_124.pt
[2025-11-14 18:31:06,526][src.models.modules.semantic_id.tiger_generation_model][INFO] - [rank: 0] Saved cross attention to ./attention_weights/cross_attention_batch_124.pt
[2025-11-14 18:31:06,549][src.models.modules.semantic_id.tiger_generation_model][INFO] - [rank: 0] 当前batch的生成语义ID Embedding相似度矩阵:
[[ 1.         -0.02287171  0.00914516  0.06423356 -0.0208525  -0.03250302
   0.01367678  0.05155764]
 [-0.02287171  1.          0.02636931  0.02358564  0.00743996  0.01007652
   0.01830698  0.00734572]
 [ 0.00914516  0.02636931  1.          0.00184853 -0.0268102   0.03094826
   0.06159209  0.01162003]
 [ 0.06423356  0.02358564  0.00184853  1.         -0.03551541  0.00808907
  -0.02860308  0.01611081]
 [-0.0208525   0.00743996 -0.0268102  -0.03551541  1.         -0.00981998
   0.0044681  -0.01674242]
 [-0.03250302  0.01007652  0.03094826  0.00808907 -0.00981998  1.
  -0.04234274  0.0223829 ]
 [ 0.01367678  0.01830698  0.06159209 -0.02860308  0.0044681  -0.04234274
   1.         -0.015319  ]
 [ 0.05155764  0.00734572  0.01162003  0.01611081 -0.01674242  0.0223829
  -0.015319    1.0000001 ]]
[2025-11-14 18:31:07,080][src.models.modules.semantic_id.tiger_generation_model][INFO] - [rank: 0] 当前batch的输入Item Hierarchy Embedding相似度矩阵:
[[ 9.99999940e-01  1.65445507e-02 -8.85903742e-03  1.44432008e-03
  -7.05228513e-03  2.51676645e-02  8.56794976e-03  9.38475784e-03]
 [ 1.65445507e-02  9.99999940e-01 -1.05670961e-02  5.32444427e-03
  -1.62829948e-03 -1.74290093e-04  3.82247195e-03  2.51681060e-02]
 [-8.85903742e-03 -1.05670961e-02  9.99999940e-01 -2.55350373e-03
   1.59887504e-02  2.85183825e-03  1.38792908e-02  7.05718296e-03]
 [ 1.44432008e-03  5.32444427e-03 -2.55350373e-03  9.99999940e-01
  -5.23918169e-03  9.00002755e-03  6.31464971e-03  1.92481987e-02]
 [-7.05228513e-03 -1.62829948e-03  1.59887504e-02 -5.23918169e-03
   9.99999940e-01  1.05617000e-02 -1.23209832e-02  1.41416015e-02]
 [ 2.51676645e-02 -1.74290093e-04  2.85183825e-03  9.00002755e-03
   1.05617000e-02  9.99999940e-01 -1.93675347e-02 -2.87872949e-03]
 [ 8.56794976e-03  3.82247195e-03  1.38792908e-02  6.31464971e-03
  -1.23209832e-02 -1.93675347e-02  9.99999940e-01 -4.28664126e-02]
 [ 9.38475784e-03  2.51681060e-02  7.05718296e-03  1.92481987e-02
   1.41416015e-02 -2.87872949e-03 -4.28664126e-02  1.00000012e+00]]
[2025-11-14 18:31:08,500][src.models.modules.semantic_id.tiger_generation_model][WARNING] - [rank: 0] Failed to stack cross attentions: stack expects each tensor to be equal size, but got [32, 6, 135] at entry 0 and [32, 6, 2, 135] at entry 1
[2025-11-14 18:31:08,501][src.models.modules.semantic_id.tiger_generation_model][WARNING] - [rank: 0]   Hierarchy 0 shape: torch.Size([32, 6, 135])
[2025-11-14 18:31:08,502][src.models.modules.semantic_id.tiger_generation_model][WARNING] - [rank: 0]   Hierarchy 1 shape: torch.Size([32, 6, 2, 135])
[2025-11-14 18:31:08,502][src.models.modules.semantic_id.tiger_generation_model][WARNING] - [rank: 0]   Hierarchy 2 shape: torch.Size([32, 6, 135])
[2025-11-14 18:31:08,502][src.models.modules.semantic_id.tiger_generation_model][WARNING] - [rank: 0]   Hierarchy 3 shape: torch.Size([32, 6, 135])
[2025-11-14 18:31:08,502][src.models.modules.semantic_id.tiger_generation_model][WARNING] - [rank: 0]   Hierarchy 4 shape: torch.Size([32, 6, 135])
[2025-11-14 18:31:08,503][src.models.modules.semantic_id.tiger_generation_model][WARNING] - [rank: 0]   Hierarchy 5 shape: torch.Size([32, 6, 135])
[2025-11-14 18:31:08,503][src.models.modules.semantic_id.tiger_generation_model][WARNING] - [rank: 0]   Hierarchy 6 shape: torch.Size([32, 6, 135])
[2025-11-14 18:31:08,505][src.models.modules.semantic_id.tiger_generation_model][WARNING] - [rank: 0]   Hierarchy 7 shape: torch.Size([32, 6, 135])
[2025-11-14 18:31:09,064][src.models.modules.semantic_id.tiger_generation_model][INFO] - [rank: 0] Saved decoder self-attention to ./attention_weights/decoder_self_attention_batch_125.pt
[2025-11-14 18:31:09,064][src.models.modules.semantic_id.tiger_generation_model][INFO] - [rank: 0] Saved encoder attention to ./attention_weights/encoder_attention_batch_125.pt
[2025-11-14 18:31:09,064][src.models.modules.semantic_id.tiger_generation_model][INFO] - [rank: 0] Saved cross attention to ./attention_weights/cross_attention_batch_125.pt
[2025-11-14 18:31:09,071][src.models.modules.semantic_id.tiger_generation_model][INFO] - [rank: 0] 当前batch的生成语义ID Embedding相似度矩阵:
[[ 1.          0.00943714 -0.05949873 -0.01930746 -0.00883144 -0.00474256
  -0.01298848 -0.02099733]
 [ 0.00943714  1.          0.0157933  -0.00129608 -0.00435532 -0.00988363
   0.0105902   0.00521052]
 [-0.05949873  0.0157933   1.          0.00546936 -0.008035   -0.00160415
  -0.01255689  0.00287721]
 [-0.01930746 -0.00129608  0.00546936  1.          0.0227926   0.01287574
  -0.02731797 -0.0098982 ]
 [-0.00883144 -0.00435532 -0.008035    0.0227926   1.          0.00152315
  -0.00354737  0.02919305]
 [-0.00474256 -0.00988363 -0.00160415  0.01287574  0.00152315  1.
  -0.01526022  0.00572087]
 [-0.01298848  0.0105902  -0.01255689 -0.02731797 -0.00354737 -0.01526022
   1.         -0.03503165]
 [-0.02099733  0.00521052  0.00287721 -0.0098982   0.02919305  0.00572087
  -0.03503165  1.0000001 ]]
[2025-11-14 18:31:09,437][src.models.modules.semantic_id.tiger_generation_model][INFO] - [rank: 0] 当前batch的输入Item Hierarchy Embedding相似度矩阵:
[[ 1.00000000e+00 -1.39947538e-03 -1.20679513e-02  4.33643535e-03
   2.28084764e-03  4.18620370e-03 -6.61762478e-03 -1.06337736e-03]
 [-1.39947538e-03  1.00000000e+00 -7.78309908e-03  5.16970409e-03
  -3.10004503e-03  5.22580370e-03 -7.40148313e-03  5.55568840e-03]
 [-1.20679513e-02 -7.78309908e-03  1.00000000e+00  3.00935656e-03
   1.03481230e-03 -1.09754186e-02 -1.71960033e-02 -5.34346979e-03]
 [ 4.33643535e-03  5.16970409e-03  3.00935656e-03  1.00000000e+00
   1.28930490e-02  6.88818982e-03 -1.07264640e-02  9.29695461e-03]
 [ 2.28084764e-03 -3.10004503e-03  1.03481230e-03  1.28930490e-02
   1.00000000e+00  3.58258910e-03 -1.08463215e-02  1.10344868e-02]
 [ 4.18620370e-03  5.22580370e-03 -1.09754186e-02  6.88818982e-03
   3.58258910e-03  1.00000000e+00  1.70928965e-04 -9.23773460e-03]
 [-6.61762478e-03 -7.40148313e-03 -1.71960033e-02 -1.07264640e-02
  -1.08463215e-02  1.70928965e-04  1.00000000e+00 -2.63044462e-02]
 [-1.06337736e-03  5.55568840e-03 -5.34346979e-03  9.29695461e-03
   1.10344868e-02 -9.23773460e-03 -2.63044462e-02  1.00000012e+00]]
[2025-11-14 18:31:12,486][src.models.modules.semantic_id.tiger_generation_model][WARNING] - [rank: 0] Failed to stack cross attentions: stack expects each tensor to be equal size, but got [32, 6, 135] at entry 0 and [32, 6, 2, 135] at entry 1
[2025-11-14 18:31:12,488][src.models.modules.semantic_id.tiger_generation_model][WARNING] - [rank: 0]   Hierarchy 0 shape: torch.Size([32, 6, 135])
[2025-11-14 18:31:12,489][src.models.modules.semantic_id.tiger_generation_model][WARNING] - [rank: 0]   Hierarchy 1 shape: torch.Size([32, 6, 2, 135])
[2025-11-14 18:31:12,490][src.models.modules.semantic_id.tiger_generation_model][WARNING] - [rank: 0]   Hierarchy 2 shape: torch.Size([32, 6, 135])
[2025-11-14 18:31:12,491][src.models.modules.semantic_id.tiger_generation_model][WARNING] - [rank: 0]   Hierarchy 3 shape: torch.Size([32, 6, 135])
[2025-11-14 18:31:12,491][src.models.modules.semantic_id.tiger_generation_model][WARNING] - [rank: 0]   Hierarchy 4 shape: torch.Size([32, 6, 135])
[2025-11-14 18:31:12,492][src.models.modules.semantic_id.tiger_generation_model][WARNING] - [rank: 0]   Hierarchy 5 shape: torch.Size([32, 6, 135])
[2025-11-14 18:31:12,493][src.models.modules.semantic_id.tiger_generation_model][WARNING] - [rank: 0]   Hierarchy 6 shape: torch.Size([32, 6, 135])
[2025-11-14 18:31:12,493][src.models.modules.semantic_id.tiger_generation_model][WARNING] - [rank: 0]   Hierarchy 7 shape: torch.Size([32, 6, 135])
[2025-11-14 18:31:13,015][src.models.modules.semantic_id.tiger_generation_model][INFO] - [rank: 0] Saved decoder self-attention to ./attention_weights/decoder_self_attention_batch_126.pt
[2025-11-14 18:31:13,016][src.models.modules.semantic_id.tiger_generation_model][INFO] - [rank: 0] Saved encoder attention to ./attention_weights/encoder_attention_batch_126.pt
[2025-11-14 18:31:13,016][src.models.modules.semantic_id.tiger_generation_model][INFO] - [rank: 0] Saved cross attention to ./attention_weights/cross_attention_batch_126.pt
[2025-11-14 18:31:13,038][src.models.modules.semantic_id.tiger_generation_model][INFO] - [rank: 0] 当前batch的生成语义ID Embedding相似度矩阵:
[[ 1.00000000e+00  1.09865405e-02  1.66644473e-02 -1.63232721e-02
  -3.31976712e-02 -2.90884338e-02 -2.87540071e-02 -2.07030773e-03]
 [ 1.09865405e-02  1.00000000e+00  2.14235634e-02 -1.01041179e-02
   2.97370600e-03 -2.18795203e-02  8.56014900e-03 -9.78383143e-03]
 [ 1.66644473e-02  2.14235634e-02  1.00000000e+00 -1.62476376e-02
   1.62051897e-02  1.32873561e-02  2.23063920e-02 -2.60774642e-02]
 [-1.63232721e-02 -1.01041179e-02 -1.62476376e-02  1.00000000e+00
  -2.11395733e-02  1.98369808e-02  2.32335366e-03  2.85567623e-02]
 [-3.31976712e-02  2.97370600e-03  1.62051897e-02 -2.11395733e-02
   1.00000000e+00  6.52909977e-04 -5.29786479e-03  2.48924410e-03]
 [-2.90884338e-02 -2.18795203e-02  1.32873561e-02  1.98369808e-02
   6.52909977e-04  1.00000000e+00 -3.25270072e-02  2.28082612e-02]
 [-2.87540071e-02  8.56014900e-03  2.23063920e-02  2.32335366e-03
  -5.29786479e-03 -3.25270072e-02  1.00000000e+00 -4.90178466e-02]
 [-2.07030773e-03 -9.78383143e-03 -2.60774642e-02  2.85567623e-02
   2.48924410e-03  2.28082612e-02 -4.90178466e-02  1.00000012e+00]]
[2025-11-14 18:31:13,240][src.models.modules.semantic_id.tiger_generation_model][INFO] - [rank: 0] 当前batch的输入Item Hierarchy Embedding相似度矩阵:
[[ 1.0000000e+00  6.4459071e-03  2.5516050e-03  1.1394851e-02
  -2.1514245e-03 -5.5291234e-03 -4.7146268e-03 -1.2807647e-02]
 [ 6.4459071e-03  1.0000000e+00  5.3689815e-04  4.0937224e-03
  -3.3871601e-03 -2.8152540e-03  1.1572142e-03  1.3658069e-02]
 [ 2.5516050e-03  5.3689815e-04  1.0000000e+00  8.4102377e-03
   3.2252995e-03  9.7938087e-03 -2.1747341e-02  1.8717990e-03]
 [ 1.1394851e-02  4.0937224e-03  8.4102377e-03  1.0000000e+00
   1.1554284e-03 -7.3734997e-03  3.4155024e-03  8.3107688e-03]
 [-2.1514245e-03 -3.3871601e-03  3.2252995e-03  1.1554284e-03
   1.0000000e+00  1.1679797e-02  2.8860694e-04  5.9381564e-04]
 [-5.5291234e-03 -2.8152540e-03  9.7938087e-03 -7.3734997e-03
   1.1679797e-02  1.0000000e+00 -5.7033035e-03  9.9102668e-03]
 [-4.7146268e-03  1.1572142e-03 -2.1747341e-02  3.4155024e-03
   2.8860694e-04 -5.7033035e-03  1.0000000e+00 -4.4526063e-02]
 [-1.2807647e-02  1.3658069e-02  1.8717990e-03  8.3107688e-03
   5.9381564e-04  9.9102668e-03 -4.4526063e-02  1.0000002e+00]]
[2025-11-14 18:31:14,429][src.models.modules.semantic_id.tiger_generation_model][WARNING] - [rank: 0] Failed to stack cross attentions: stack expects each tensor to be equal size, but got [32, 6, 135] at entry 0 and [32, 6, 2, 135] at entry 1
[2025-11-14 18:31:14,430][src.models.modules.semantic_id.tiger_generation_model][WARNING] - [rank: 0]   Hierarchy 0 shape: torch.Size([32, 6, 135])
[2025-11-14 18:31:14,430][src.models.modules.semantic_id.tiger_generation_model][WARNING] - [rank: 0]   Hierarchy 1 shape: torch.Size([32, 6, 2, 135])
[2025-11-14 18:31:14,430][src.models.modules.semantic_id.tiger_generation_model][WARNING] - [rank: 0]   Hierarchy 2 shape: torch.Size([32, 6, 135])
[2025-11-14 18:31:14,431][src.models.modules.semantic_id.tiger_generation_model][WARNING] - [rank: 0]   Hierarchy 3 shape: torch.Size([32, 6, 135])
[2025-11-14 18:31:14,431][src.models.modules.semantic_id.tiger_generation_model][WARNING] - [rank: 0]   Hierarchy 4 shape: torch.Size([32, 6, 135])
[2025-11-14 18:31:14,431][src.models.modules.semantic_id.tiger_generation_model][WARNING] - [rank: 0]   Hierarchy 5 shape: torch.Size([32, 6, 135])
[2025-11-14 18:31:14,431][src.models.modules.semantic_id.tiger_generation_model][WARNING] - [rank: 0]   Hierarchy 6 shape: torch.Size([32, 6, 135])
[2025-11-14 18:31:14,432][src.models.modules.semantic_id.tiger_generation_model][WARNING] - [rank: 0]   Hierarchy 7 shape: torch.Size([32, 6, 135])
[2025-11-14 18:31:14,872][src.models.modules.semantic_id.tiger_generation_model][INFO] - [rank: 0] Saved decoder self-attention to ./attention_weights/decoder_self_attention_batch_127.pt
[2025-11-14 18:31:14,876][src.models.modules.semantic_id.tiger_generation_model][INFO] - [rank: 0] Saved encoder attention to ./attention_weights/encoder_attention_batch_127.pt
[2025-11-14 18:31:14,876][src.models.modules.semantic_id.tiger_generation_model][INFO] - [rank: 0] Saved cross attention to ./attention_weights/cross_attention_batch_127.pt
[2025-11-14 18:31:14,883][src.models.modules.semantic_id.tiger_generation_model][INFO] - [rank: 0] 当前batch的生成语义ID Embedding相似度矩阵:
[[ 1.0000000e+00  2.6890239e-02 -2.0317826e-03 -1.6049320e-02
  -1.1965334e-02  6.7953751e-03  4.5512803e-03  9.7642010e-03]
 [ 2.6890239e-02  1.0000000e+00  3.8461726e-02  2.9895758e-02
   2.7798796e-03  5.2941311e-03  8.2746660e-04 -1.2514092e-02]
 [-2.0317826e-03  3.8461726e-02  1.0000000e+00 -7.9749627e-03
  -1.2960476e-02  1.9385949e-02  1.3954393e-02  3.0345725e-02]
 [-1.6049320e-02  2.9895758e-02 -7.9749627e-03  1.0000000e+00
  -1.4681560e-03  4.5955507e-03 -1.1543776e-02  2.6184801e-02]
 [-1.1965334e-02  2.7798796e-03 -1.2960476e-02 -1.4681560e-03
   1.0000000e+00 -1.8198185e-02 -4.3963801e-02 -1.2377675e-02]
 [ 6.7953751e-03  5.2941311e-03  1.9385949e-02  4.5955507e-03
  -1.8198185e-02  1.0000000e+00 -3.2931149e-02  3.9011969e-03]
 [ 4.5512803e-03  8.2746660e-04  1.3954393e-02 -1.1543776e-02
  -4.3963801e-02 -3.2931149e-02  1.0000000e+00 -2.5589699e-02]
 [ 9.7642010e-03 -1.2514092e-02  3.0345725e-02  2.6184801e-02
  -1.2377675e-02  3.9011969e-03 -2.5589699e-02  1.0000001e+00]]
[2025-11-14 18:31:15,507][src.models.modules.semantic_id.tiger_generation_model][INFO] - [rank: 0] 当前batch的输入Item Hierarchy Embedding相似度矩阵:
[[ 9.9999994e-01  2.3322063e-03 -5.3246896e-04 -1.2244307e-02
  -1.0606783e-02  1.7223447e-03  4.1457023e-03  1.1219937e-02]
 [ 2.3322063e-03  9.9999994e-01  4.3553934e-03  1.8105058e-02
   6.9136582e-03 -2.4219018e-03 -1.5646704e-02  5.5686720e-03]
 [-5.3246896e-04  4.3553934e-03  9.9999994e-01 -6.9009257e-03
   1.6009284e-02  1.3261553e-02 -1.2706898e-02  1.7305978e-02]
 [-1.2244307e-02  1.8105058e-02 -6.9009257e-03  9.9999994e-01
   5.0267149e-03 -2.4419404e-03 -2.8243070e-03  1.3374196e-02]
 [-1.0606783e-02  6.9136582e-03  1.6009284e-02  5.0267149e-03
   9.9999994e-01  1.3643646e-02  3.1020842e-03  9.6108243e-03]
 [ 1.7223447e-03 -2.4219018e-03  1.3261553e-02 -2.4419404e-03
   1.3643646e-02  9.9999994e-01 -1.5813965e-02  8.7797428e-03]
 [ 4.1457023e-03 -1.5646704e-02 -1.2706898e-02 -2.8243070e-03
   3.1020842e-03 -1.5813965e-02  9.9999994e-01 -3.6878981e-02]
 [ 1.1219937e-02  5.5686720e-03  1.7305978e-02  1.3374196e-02
   9.6108243e-03  8.7797428e-03 -3.6878981e-02  1.0000001e+00]]
[2025-11-14 18:31:16,748][src.models.modules.semantic_id.tiger_generation_model][WARNING] - [rank: 0] Failed to stack cross attentions: stack expects each tensor to be equal size, but got [32, 6, 135] at entry 0 and [32, 6, 2, 135] at entry 1
[2025-11-14 18:31:16,749][src.models.modules.semantic_id.tiger_generation_model][WARNING] - [rank: 0]   Hierarchy 0 shape: torch.Size([32, 6, 135])
[2025-11-14 18:31:16,749][src.models.modules.semantic_id.tiger_generation_model][WARNING] - [rank: 0]   Hierarchy 1 shape: torch.Size([32, 6, 2, 135])
[2025-11-14 18:31:16,749][src.models.modules.semantic_id.tiger_generation_model][WARNING] - [rank: 0]   Hierarchy 2 shape: torch.Size([32, 6, 135])
[2025-11-14 18:31:16,749][src.models.modules.semantic_id.tiger_generation_model][WARNING] - [rank: 0]   Hierarchy 3 shape: torch.Size([32, 6, 135])
[2025-11-14 18:31:16,750][src.models.modules.semantic_id.tiger_generation_model][WARNING] - [rank: 0]   Hierarchy 4 shape: torch.Size([32, 6, 135])
[2025-11-14 18:31:16,750][src.models.modules.semantic_id.tiger_generation_model][WARNING] - [rank: 0]   Hierarchy 5 shape: torch.Size([32, 6, 135])
[2025-11-14 18:31:16,750][src.models.modules.semantic_id.tiger_generation_model][WARNING] - [rank: 0]   Hierarchy 6 shape: torch.Size([32, 6, 135])
[2025-11-14 18:31:16,750][src.models.modules.semantic_id.tiger_generation_model][WARNING] - [rank: 0]   Hierarchy 7 shape: torch.Size([32, 6, 135])
[2025-11-14 18:31:17,315][src.models.modules.semantic_id.tiger_generation_model][INFO] - [rank: 0] Saved decoder self-attention to ./attention_weights/decoder_self_attention_batch_128.pt
[2025-11-14 18:31:17,315][src.models.modules.semantic_id.tiger_generation_model][INFO] - [rank: 0] Saved encoder attention to ./attention_weights/encoder_attention_batch_128.pt
[2025-11-14 18:31:17,315][src.models.modules.semantic_id.tiger_generation_model][INFO] - [rank: 0] Saved cross attention to ./attention_weights/cross_attention_batch_128.pt
[2025-11-14 18:31:17,322][src.models.modules.semantic_id.tiger_generation_model][INFO] - [rank: 0] 当前batch的生成语义ID Embedding相似度矩阵:
[[ 1.0000000e+00  1.7792007e-02  7.0565077e-04 -6.8326397e-03
  -3.0629527e-02  1.2347866e-02  1.5507918e-02  1.0193681e-02]
 [ 1.7792007e-02  1.0000000e+00 -1.0852872e-02  1.7944064e-02
   1.7012045e-02  1.0746269e-02 -5.5169761e-03  2.1086531e-03]
 [ 7.0565077e-04 -1.0852872e-02  1.0000000e+00  1.5632506e-02
   8.8510821e-03 -6.7425091e-03 -1.7041154e-02  3.1950887e-02]
 [-6.8326397e-03  1.7944064e-02  1.5632506e-02  1.0000000e+00
  -7.9645542e-04 -1.7651895e-02 -1.9865103e-02  1.4067047e-02]
 [-3.0629527e-02  1.7012045e-02  8.8510821e-03 -7.9645542e-04
   1.0000000e+00 -1.1853397e-02  6.7735962e-03 -1.5115360e-02]
 [ 1.2347866e-02  1.0746269e-02 -6.7425091e-03 -1.7651895e-02
  -1.1853397e-02  1.0000000e+00 -2.9628716e-02 -2.3523108e-03]
 [ 1.5507918e-02 -5.5169761e-03 -1.7041154e-02 -1.9865103e-02
   6.7735962e-03 -2.9628716e-02  1.0000000e+00 -3.5646595e-02]
 [ 1.0193681e-02  2.1086531e-03  3.1950887e-02  1.4067047e-02
  -1.5115360e-02 -2.3523108e-03 -3.5646595e-02  1.0000001e+00]]
[2025-11-14 18:31:17,679][src.models.modules.semantic_id.tiger_generation_model][INFO] - [rank: 0] 当前batch的输入Item Hierarchy Embedding相似度矩阵:
[[ 1.0000000e+00  6.9079601e-05  8.3704136e-04  1.5687221e-03
   1.7935308e-03  6.6465451e-03 -1.3930014e-02  1.6764279e-02]
 [ 6.9079601e-05  1.0000000e+00 -1.3243640e-02 -4.6479711e-03
   4.4747530e-03 -1.7077033e-03 -3.3157489e-03 -1.1856184e-02]
 [ 8.3704136e-04 -1.3243640e-02  1.0000000e+00  7.3195802e-04
   1.1224817e-02  1.5859414e-02 -9.1189146e-03  6.7420225e-03]
 [ 1.5687221e-03 -4.6479711e-03  7.3195802e-04  1.0000000e+00
  -1.0448386e-03  3.5431725e-04 -2.9369793e-03  9.7490050e-04]
 [ 1.7935308e-03  4.4747530e-03  1.1224817e-02 -1.0448386e-03
   1.0000000e+00  2.4007689e-03 -6.9546094e-03  1.5372986e-02]
 [ 6.6465451e-03 -1.7077033e-03  1.5859414e-02  3.5431725e-04
   2.4007689e-03  1.0000000e+00 -1.4280430e-02 -6.3728745e-04]
 [-1.3930014e-02 -3.3157489e-03 -9.1189146e-03 -2.9369793e-03
  -6.9546094e-03 -1.4280430e-02  1.0000000e+00 -3.3995774e-02]
 [ 1.6764279e-02 -1.1856184e-02  6.7420225e-03  9.7490050e-04
   1.5372986e-02 -6.3728745e-04 -3.3995774e-02  1.0000001e+00]]
[2025-11-14 18:31:19,125][src.models.modules.semantic_id.tiger_generation_model][WARNING] - [rank: 0] Failed to stack cross attentions: stack expects each tensor to be equal size, but got [32, 6, 135] at entry 0 and [32, 6, 2, 135] at entry 1
[2025-11-14 18:31:19,126][src.models.modules.semantic_id.tiger_generation_model][WARNING] - [rank: 0]   Hierarchy 0 shape: torch.Size([32, 6, 135])
[2025-11-14 18:31:19,126][src.models.modules.semantic_id.tiger_generation_model][WARNING] - [rank: 0]   Hierarchy 1 shape: torch.Size([32, 6, 2, 135])
[2025-11-14 18:31:19,126][src.models.modules.semantic_id.tiger_generation_model][WARNING] - [rank: 0]   Hierarchy 2 shape: torch.Size([32, 6, 135])
[2025-11-14 18:31:19,127][src.models.modules.semantic_id.tiger_generation_model][WARNING] - [rank: 0]   Hierarchy 3 shape: torch.Size([32, 6, 135])
[2025-11-14 18:31:19,127][src.models.modules.semantic_id.tiger_generation_model][WARNING] - [rank: 0]   Hierarchy 4 shape: torch.Size([32, 6, 135])
[2025-11-14 18:31:19,127][src.models.modules.semantic_id.tiger_generation_model][WARNING] - [rank: 0]   Hierarchy 5 shape: torch.Size([32, 6, 135])
[2025-11-14 18:31:19,127][src.models.modules.semantic_id.tiger_generation_model][WARNING] - [rank: 0]   Hierarchy 6 shape: torch.Size([32, 6, 135])
[2025-11-14 18:31:19,127][src.models.modules.semantic_id.tiger_generation_model][WARNING] - [rank: 0]   Hierarchy 7 shape: torch.Size([32, 6, 135])
[2025-11-14 18:31:19,647][src.models.modules.semantic_id.tiger_generation_model][INFO] - [rank: 0] Saved decoder self-attention to ./attention_weights/decoder_self_attention_batch_129.pt
[2025-11-14 18:31:19,648][src.models.modules.semantic_id.tiger_generation_model][INFO] - [rank: 0] Saved encoder attention to ./attention_weights/encoder_attention_batch_129.pt
[2025-11-14 18:31:19,648][src.models.modules.semantic_id.tiger_generation_model][INFO] - [rank: 0] Saved cross attention to ./attention_weights/cross_attention_batch_129.pt
[2025-11-14 18:31:19,665][src.models.modules.semantic_id.tiger_generation_model][INFO] - [rank: 0] 当前batch的生成语义ID Embedding相似度矩阵:
[[ 1.0000000e+00  3.2814156e-02 -4.4445139e-03  3.0555662e-02
  -1.0074785e-02 -4.7053033e-03 -4.4168434e-03  3.5145722e-02]
 [ 3.2814156e-02  1.0000000e+00  1.4105819e-03  1.4485567e-02
   9.7018247e-03 -1.7851042e-02 -3.6985740e-02 -4.9827777e-02]
 [-4.4445139e-03  1.4105819e-03  1.0000000e+00  1.1318249e-03
   3.1666517e-02  4.8876803e-02  3.9124452e-02  2.3372917e-02]
 [ 3.0555662e-02  1.4485567e-02  1.1318249e-03  1.0000000e+00
   3.9053440e-02  1.5529750e-02 -2.7857851e-02  2.1192078e-02]
 [-1.0074785e-02  9.7018247e-03  3.1666517e-02  3.9053440e-02
   1.0000000e+00 -2.7513508e-02  2.2681346e-02  1.5134804e-02]
 [-4.7053033e-03 -1.7851042e-02  4.8876803e-02  1.5529750e-02
  -2.7513508e-02  1.0000000e+00  1.2684893e-04  2.2743449e-02]
 [-4.4168434e-03 -3.6985740e-02  3.9124452e-02 -2.7857851e-02
   2.2681346e-02  1.2684893e-04  1.0000000e+00 -2.9050119e-02]
 [ 3.5145722e-02 -4.9827777e-02  2.3372917e-02  2.1192078e-02
   1.5134804e-02  2.2743449e-02 -2.9050119e-02  1.0000001e+00]]
[2025-11-14 18:31:20,253][src.models.modules.semantic_id.tiger_generation_model][INFO] - [rank: 0] 当前batch的输入Item Hierarchy Embedding相似度矩阵:
[[ 1.0000000e+00 -1.2077095e-03  5.0793639e-03 -2.5199347e-03
  -7.4710289e-04  1.0166321e-02  1.0053902e-02  1.0178626e-02]
 [-1.2077095e-03  1.0000000e+00  1.3000684e-02 -1.1350421e-03
   1.1891745e-02  1.3140073e-02  6.0840341e-04  4.7632894e-03]
 [ 5.0793639e-03  1.3000684e-02  1.0000000e+00  6.0620434e-03
   1.7232498e-02  2.3054311e-03 -8.1970968e-04 -1.4604864e-03]
 [-2.5199347e-03 -1.1350421e-03  6.0620434e-03  1.0000000e+00
   8.3895708e-03  6.5530427e-03 -1.4693801e-02 -4.1646101e-03]
 [-7.4710289e-04  1.1891745e-02  1.7232498e-02  8.3895708e-03
   1.0000000e+00 -2.1180993e-02  1.3978702e-03  2.1275453e-02]
 [ 1.0166321e-02  1.3140073e-02  2.3054311e-03  6.5530427e-03
  -2.1180993e-02  1.0000000e+00 -1.9441579e-02 -3.9230399e-03]
 [ 1.0053902e-02  6.0840341e-04 -8.1970968e-04 -1.4693801e-02
   1.3978702e-03 -1.9441579e-02  1.0000000e+00 -3.5451341e-02]
 [ 1.0178626e-02  4.7632894e-03 -1.4604864e-03 -4.1646101e-03
   2.1275453e-02 -3.9230399e-03 -3.5451341e-02  1.0000001e+00]]
[2025-11-14 18:31:21,737][src.models.modules.semantic_id.tiger_generation_model][WARNING] - [rank: 0] Failed to stack cross attentions: stack expects each tensor to be equal size, but got [32, 6, 135] at entry 0 and [32, 6, 2, 135] at entry 1
[2025-11-14 18:31:21,738][src.models.modules.semantic_id.tiger_generation_model][WARNING] - [rank: 0]   Hierarchy 0 shape: torch.Size([32, 6, 135])
[2025-11-14 18:31:21,738][src.models.modules.semantic_id.tiger_generation_model][WARNING] - [rank: 0]   Hierarchy 1 shape: torch.Size([32, 6, 2, 135])
[2025-11-14 18:31:21,738][src.models.modules.semantic_id.tiger_generation_model][WARNING] - [rank: 0]   Hierarchy 2 shape: torch.Size([32, 6, 135])
[2025-11-14 18:31:21,739][src.models.modules.semantic_id.tiger_generation_model][WARNING] - [rank: 0]   Hierarchy 3 shape: torch.Size([32, 6, 135])
[2025-11-14 18:31:21,739][src.models.modules.semantic_id.tiger_generation_model][WARNING] - [rank: 0]   Hierarchy 4 shape: torch.Size([32, 6, 135])
[2025-11-14 18:31:21,739][src.models.modules.semantic_id.tiger_generation_model][WARNING] - [rank: 0]   Hierarchy 5 shape: torch.Size([32, 6, 135])
[2025-11-14 18:31:21,743][src.models.modules.semantic_id.tiger_generation_model][WARNING] - [rank: 0]   Hierarchy 6 shape: torch.Size([32, 6, 135])
[2025-11-14 18:31:21,744][src.models.modules.semantic_id.tiger_generation_model][WARNING] - [rank: 0]   Hierarchy 7 shape: torch.Size([32, 6, 135])
[2025-11-14 18:31:22,402][src.models.modules.semantic_id.tiger_generation_model][INFO] - [rank: 0] Saved decoder self-attention to ./attention_weights/decoder_self_attention_batch_130.pt
[2025-11-14 18:31:22,402][src.models.modules.semantic_id.tiger_generation_model][INFO] - [rank: 0] Saved encoder attention to ./attention_weights/encoder_attention_batch_130.pt
[2025-11-14 18:31:22,403][src.models.modules.semantic_id.tiger_generation_model][INFO] - [rank: 0] Saved cross attention to ./attention_weights/cross_attention_batch_130.pt
[2025-11-14 18:31:22,409][src.models.modules.semantic_id.tiger_generation_model][INFO] - [rank: 0] 当前batch的生成语义ID Embedding相似度矩阵:
[[ 1.00000000e+00  2.65520755e-02  8.06454495e-02  2.65946314e-02
   1.17478613e-02 -5.09230867e-02 -3.37828416e-04  6.08388819e-02]
 [ 2.65520755e-02  1.00000000e+00 -9.67482552e-02 -9.63661969e-02
  -7.26687983e-02  2.99557243e-02 -5.62220905e-03 -3.15560624e-02]
 [ 8.06454495e-02 -9.67482552e-02  1.00000000e+00  3.22841071e-02
   6.20446056e-02 -5.39246947e-03  5.58286346e-03  1.12561420e-01]
 [ 2.65946314e-02 -9.63661969e-02  3.22841071e-02  1.00000000e+00
  -7.82473907e-02 -7.66643882e-02  1.01532295e-01  7.02331662e-02]
 [ 1.17478613e-02 -7.26687983e-02  6.20446056e-02 -7.82473907e-02
   1.00000000e+00 -1.91765204e-02  4.35177162e-02  2.48714350e-02]
 [-5.09230867e-02  2.99557243e-02 -5.39246947e-03 -7.66643882e-02
  -1.91765204e-02  1.00000000e+00 -9.70861018e-02 -1.16584383e-01]
 [-3.37828416e-04 -5.62220905e-03  5.58286346e-03  1.01532295e-01
   4.35177162e-02 -9.70861018e-02  1.00000000e+00 -3.16884294e-02]
 [ 6.08388819e-02 -3.15560624e-02  1.12561420e-01  7.02331662e-02
   2.48714350e-02 -1.16584383e-01 -3.16884294e-02  1.00000012e+00]]
[2025-11-14 18:31:22,889][src.models.modules.semantic_id.tiger_generation_model][INFO] - [rank: 0] 当前batch的输入Item Hierarchy Embedding相似度矩阵:
[[ 1.0000000e+00  6.5151032e-04  6.4820005e-03 -2.4556040e-03
  -1.3135759e-02 -8.1127407e-03  2.0650480e-02  3.7222646e-02]
 [ 6.5151032e-04  1.0000000e+00 -5.0963191e-03 -4.1047968e-02
  -1.4328059e-02 -2.9814499e-04  8.7062484e-03 -1.1775671e-02]
 [ 6.4820005e-03 -5.0963191e-03  1.0000000e+00 -1.9632583e-02
   1.1606546e-02 -1.6594334e-02  1.6316192e-03  5.9498460e-03]
 [-2.4556040e-03 -4.1047968e-02 -1.9632583e-02  1.0000000e+00
   1.9490212e-02 -2.5452795e-03  6.9372673e-03  7.4892351e-03]
 [-1.3135759e-02 -1.4328059e-02  1.1606546e-02  1.9490212e-02
   1.0000000e+00 -7.4088918e-03 -9.8188240e-03  1.7596070e-02]
 [-8.1127407e-03 -2.9814499e-04 -1.6594334e-02 -2.5452795e-03
  -7.4088918e-03  1.0000000e+00 -6.1310260e-03 -2.0270392e-02]
 [ 2.0650480e-02  8.7062484e-03  1.6316192e-03  6.9372673e-03
  -9.8188240e-03 -6.1310260e-03  1.0000000e+00 -2.2795290e-02]
 [ 3.7222646e-02 -1.1775671e-02  5.9498460e-03  7.4892351e-03
   1.7596070e-02 -2.0270392e-02 -2.2795290e-02  1.0000002e+00]]
[2025-11-14 18:31:23,878][src.models.modules.semantic_id.tiger_generation_model][WARNING] - [rank: 0] Failed to stack cross attentions: stack expects each tensor to be equal size, but got [32, 6, 135] at entry 0 and [32, 6, 2, 135] at entry 1
[2025-11-14 18:31:23,879][src.models.modules.semantic_id.tiger_generation_model][WARNING] - [rank: 0]   Hierarchy 0 shape: torch.Size([32, 6, 135])
[2025-11-14 18:31:23,880][src.models.modules.semantic_id.tiger_generation_model][WARNING] - [rank: 0]   Hierarchy 1 shape: torch.Size([32, 6, 2, 135])
[2025-11-14 18:31:23,880][src.models.modules.semantic_id.tiger_generation_model][WARNING] - [rank: 0]   Hierarchy 2 shape: torch.Size([32, 6, 135])
[2025-11-14 18:31:23,880][src.models.modules.semantic_id.tiger_generation_model][WARNING] - [rank: 0]   Hierarchy 3 shape: torch.Size([32, 6, 135])
[2025-11-14 18:31:23,881][src.models.modules.semantic_id.tiger_generation_model][WARNING] - [rank: 0]   Hierarchy 4 shape: torch.Size([32, 6, 135])
[2025-11-14 18:31:23,881][src.models.modules.semantic_id.tiger_generation_model][WARNING] - [rank: 0]   Hierarchy 5 shape: torch.Size([32, 6, 135])
[2025-11-14 18:31:23,881][src.models.modules.semantic_id.tiger_generation_model][WARNING] - [rank: 0]   Hierarchy 6 shape: torch.Size([32, 6, 135])
[2025-11-14 18:31:23,882][src.models.modules.semantic_id.tiger_generation_model][WARNING] - [rank: 0]   Hierarchy 7 shape: torch.Size([32, 6, 135])
[2025-11-14 18:31:24,570][src.models.modules.semantic_id.tiger_generation_model][INFO] - [rank: 0] Saved decoder self-attention to ./attention_weights/decoder_self_attention_batch_131.pt
[2025-11-14 18:31:24,571][src.models.modules.semantic_id.tiger_generation_model][INFO] - [rank: 0] Saved encoder attention to ./attention_weights/encoder_attention_batch_131.pt
[2025-11-14 18:31:24,571][src.models.modules.semantic_id.tiger_generation_model][INFO] - [rank: 0] Saved cross attention to ./attention_weights/cross_attention_batch_131.pt
[2025-11-14 18:31:24,588][src.models.modules.semantic_id.tiger_generation_model][INFO] - [rank: 0] 当前batch的生成语义ID Embedding相似度矩阵:
[[ 1.0000000e+00  2.7465576e-02 -3.1959616e-02 -1.3012169e-02
  -3.3656307e-02  2.8497703e-02  9.6731083e-03 -1.5430730e-02]
 [ 2.7465576e-02  1.0000000e+00  9.6138008e-03  2.6448827e-02
   2.0115748e-02 -6.6256491e-03  1.9991053e-02  5.4936539e-03]
 [-3.1959616e-02  9.6138008e-03  1.0000000e+00 -3.1427713e-04
   2.9489150e-02  1.2584087e-02 -1.2728768e-02  2.3167349e-02]
 [-1.3012169e-02  2.6448827e-02 -3.1427713e-04  1.0000000e+00
   9.3764631e-04  1.3771611e-03 -2.2078536e-02  1.5482180e-02]
 [-3.3656307e-02  2.0115748e-02  2.9489150e-02  9.3764631e-04
   1.0000000e+00 -1.5419398e-02 -1.7532472e-02  9.9952817e-03]
 [ 2.8497703e-02 -6.6256491e-03  1.2584087e-02  1.3771611e-03
  -1.5419398e-02  1.0000000e+00 -3.1646814e-02  2.5692293e-03]
 [ 9.6731083e-03  1.9991053e-02 -1.2728768e-02 -2.2078536e-02
  -1.7532472e-02 -3.1646814e-02  1.0000000e+00 -8.6235134e-03]
 [-1.5430730e-02  5.4936539e-03  2.3167349e-02  1.5482180e-02
   9.9952817e-03  2.5692293e-03 -8.6235134e-03  1.0000001e+00]]
[2025-11-14 18:31:25,002][src.models.modules.semantic_id.tiger_generation_model][INFO] - [rank: 0] 当前batch的输入Item Hierarchy Embedding相似度矩阵:
[[ 1.0000000e+00  7.3551880e-03 -5.5780690e-03 -8.6849593e-03
  -6.5331301e-03  1.0094964e-02 -1.7241294e-02  1.5548573e-02]
 [ 7.3551880e-03  1.0000000e+00 -2.3378490e-02  5.6250431e-03
   1.1690789e-02 -2.4404444e-03 -1.7699637e-02  1.9441011e-03]
 [-5.5780690e-03 -2.3378490e-02  1.0000000e+00  7.1815639e-03
   1.2860519e-02  2.9347630e-04 -1.7256517e-02 -3.0124607e-03]
 [-8.6849593e-03  5.6250431e-03  7.1815639e-03  1.0000000e+00
   1.0444195e-02  1.4372811e-03 -1.6947031e-02  9.7492849e-03]
 [-6.5331301e-03  1.1690789e-02  1.2860519e-02  1.0444195e-02
   1.0000000e+00 -1.5396546e-04 -6.6875066e-03  4.8596263e-03]
 [ 1.0094964e-02 -2.4404444e-03  2.9347630e-04  1.4372811e-03
  -1.5396546e-04  1.0000000e+00  4.0758713e-03 -6.1894348e-04]
 [-1.7241294e-02 -1.7699637e-02 -1.7256517e-02 -1.6947031e-02
  -6.6875066e-03  4.0758713e-03  1.0000000e+00 -2.6927540e-02]
 [ 1.5548573e-02  1.9441011e-03 -3.0124607e-03  9.7492849e-03
   4.8596263e-03 -6.1894348e-04 -2.6927540e-02  1.0000001e+00]]
[2025-11-14 18:31:26,176][src.models.modules.semantic_id.tiger_generation_model][WARNING] - [rank: 0] Failed to stack cross attentions: stack expects each tensor to be equal size, but got [32, 6, 135] at entry 0 and [32, 6, 2, 135] at entry 1
[2025-11-14 18:31:26,177][src.models.modules.semantic_id.tiger_generation_model][WARNING] - [rank: 0]   Hierarchy 0 shape: torch.Size([32, 6, 135])
[2025-11-14 18:31:26,177][src.models.modules.semantic_id.tiger_generation_model][WARNING] - [rank: 0]   Hierarchy 1 shape: torch.Size([32, 6, 2, 135])
[2025-11-14 18:31:26,177][src.models.modules.semantic_id.tiger_generation_model][WARNING] - [rank: 0]   Hierarchy 2 shape: torch.Size([32, 6, 135])
[2025-11-14 18:31:26,177][src.models.modules.semantic_id.tiger_generation_model][WARNING] - [rank: 0]   Hierarchy 3 shape: torch.Size([32, 6, 135])
[2025-11-14 18:31:26,178][src.models.modules.semantic_id.tiger_generation_model][WARNING] - [rank: 0]   Hierarchy 4 shape: torch.Size([32, 6, 135])
[2025-11-14 18:31:26,178][src.models.modules.semantic_id.tiger_generation_model][WARNING] - [rank: 0]   Hierarchy 5 shape: torch.Size([32, 6, 135])
[2025-11-14 18:31:26,178][src.models.modules.semantic_id.tiger_generation_model][WARNING] - [rank: 0]   Hierarchy 6 shape: torch.Size([32, 6, 135])
[2025-11-14 18:31:26,178][src.models.modules.semantic_id.tiger_generation_model][WARNING] - [rank: 0]   Hierarchy 7 shape: torch.Size([32, 6, 135])
[2025-11-14 18:31:26,720][src.models.modules.semantic_id.tiger_generation_model][INFO] - [rank: 0] Saved decoder self-attention to ./attention_weights/decoder_self_attention_batch_132.pt
[2025-11-14 18:31:26,721][src.models.modules.semantic_id.tiger_generation_model][INFO] - [rank: 0] Saved encoder attention to ./attention_weights/encoder_attention_batch_132.pt
[2025-11-14 18:31:26,721][src.models.modules.semantic_id.tiger_generation_model][INFO] - [rank: 0] Saved cross attention to ./attention_weights/cross_attention_batch_132.pt
[2025-11-14 18:31:26,731][src.models.modules.semantic_id.tiger_generation_model][INFO] - [rank: 0] 当前batch的生成语义ID Embedding相似度矩阵:
[[ 1.00000000e+00 -4.17936407e-03 -3.85571271e-04  1.45622939e-02
  -1.24428365e-02 -1.09991888e-02  1.10709481e-02 -1.24459853e-03]
 [-4.17936407e-03  9.99999940e-01  1.92509918e-03  1.36189573e-02
   1.40906535e-02  5.53452456e-03 -1.56738013e-02  5.59690502e-03]
 [-3.85571271e-04  1.92509918e-03  1.00000000e+00  2.60723233e-02
   8.44690017e-03 -8.60869978e-03 -8.02488625e-03  1.67160518e-02]
 [ 1.45622939e-02  1.36189573e-02  2.60723233e-02  1.00000000e+00
  -7.98404217e-05 -2.45835632e-04  2.80242576e-03  9.52805858e-03]
 [-1.24428365e-02  1.40906535e-02  8.44690017e-03 -7.98404217e-05
   1.00000000e+00 -1.71027668e-02 -1.36939250e-02 -2.02854164e-03]
 [-1.09991888e-02  5.53452456e-03 -8.60869978e-03 -2.45835632e-04
  -1.71027668e-02  1.00000000e+00 -2.91175302e-02  2.90264636e-02]
 [ 1.10709481e-02 -1.56738013e-02 -8.02488625e-03  2.80242576e-03
  -1.36939250e-02 -2.91175302e-02  1.00000000e+00 -4.80848737e-02]
 [-1.24459853e-03  5.59690502e-03  1.67160518e-02  9.52805858e-03
  -2.02854164e-03  2.90264636e-02 -4.80848737e-02  1.00000012e+00]]
[2025-11-14 18:31:27,000][src.models.modules.semantic_id.tiger_generation_model][INFO] - [rank: 0] 当前batch的输入Item Hierarchy Embedding相似度矩阵:
[[ 1.         -0.01070816  0.00941883 -0.00341711  0.01347609 -0.00477094
   0.00915619 -0.01743055]
 [-0.01070816  1.         -0.0074948   0.00781487  0.0102123  -0.00174874
  -0.02001701  0.01954847]
 [ 0.00941883 -0.0074948   1.         -0.0036548  -0.00868399  0.01115179
   0.0012886   0.00366574]
 [-0.00341711  0.00781487 -0.0036548   1.         -0.00289418  0.00995184
  -0.00487491  0.006903  ]
 [ 0.01347609  0.0102123  -0.00868399 -0.00289418  1.         -0.00154946
   0.00422502  0.01494246]
 [-0.00477094 -0.00174874  0.01115179  0.00995184 -0.00154946  1.
  -0.01370672  0.02502588]
 [ 0.00915619 -0.02001701  0.0012886  -0.00487491  0.00422502 -0.01370672
   1.         -0.06958099]
 [-0.01743055  0.01954847  0.00366574  0.006903    0.01494246  0.02502588
  -0.06958099  1.0000001 ]]
[2025-11-14 18:31:28,258][src.models.modules.semantic_id.tiger_generation_model][WARNING] - [rank: 0] Failed to stack cross attentions: stack expects each tensor to be equal size, but got [32, 6, 135] at entry 0 and [32, 6, 2, 135] at entry 1
[2025-11-14 18:31:28,259][src.models.modules.semantic_id.tiger_generation_model][WARNING] - [rank: 0]   Hierarchy 0 shape: torch.Size([32, 6, 135])
[2025-11-14 18:31:28,260][src.models.modules.semantic_id.tiger_generation_model][WARNING] - [rank: 0]   Hierarchy 1 shape: torch.Size([32, 6, 2, 135])
[2025-11-14 18:31:28,260][src.models.modules.semantic_id.tiger_generation_model][WARNING] - [rank: 0]   Hierarchy 2 shape: torch.Size([32, 6, 135])
[2025-11-14 18:31:28,260][src.models.modules.semantic_id.tiger_generation_model][WARNING] - [rank: 0]   Hierarchy 3 shape: torch.Size([32, 6, 135])
[2025-11-14 18:31:28,260][src.models.modules.semantic_id.tiger_generation_model][WARNING] - [rank: 0]   Hierarchy 4 shape: torch.Size([32, 6, 135])
[2025-11-14 18:31:28,260][src.models.modules.semantic_id.tiger_generation_model][WARNING] - [rank: 0]   Hierarchy 5 shape: torch.Size([32, 6, 135])
[2025-11-14 18:31:28,260][src.models.modules.semantic_id.tiger_generation_model][WARNING] - [rank: 0]   Hierarchy 6 shape: torch.Size([32, 6, 135])
[2025-11-14 18:31:28,261][src.models.modules.semantic_id.tiger_generation_model][WARNING] - [rank: 0]   Hierarchy 7 shape: torch.Size([32, 6, 135])
[2025-11-14 18:31:29,111][src.models.modules.semantic_id.tiger_generation_model][INFO] - [rank: 0] Saved decoder self-attention to ./attention_weights/decoder_self_attention_batch_133.pt
[2025-11-14 18:31:29,111][src.models.modules.semantic_id.tiger_generation_model][INFO] - [rank: 0] Saved encoder attention to ./attention_weights/encoder_attention_batch_133.pt
[2025-11-14 18:31:29,111][src.models.modules.semantic_id.tiger_generation_model][INFO] - [rank: 0] Saved cross attention to ./attention_weights/cross_attention_batch_133.pt
[2025-11-14 18:31:29,128][src.models.modules.semantic_id.tiger_generation_model][INFO] - [rank: 0] 当前batch的生成语义ID Embedding相似度矩阵:
[[ 1.0000000e+00 -2.0499118e-02  8.8657951e-03 -1.9818656e-02
  -3.3338699e-02  1.8377749e-02 -6.8073133e-03 -1.1768029e-03]
 [-2.0499118e-02  1.0000000e+00  2.6251981e-02  1.2540922e-02
  -1.6894229e-02 -3.1292398e-02 -1.9989125e-02 -1.0439679e-03]
 [ 8.8657951e-03  2.6251981e-02  1.0000000e+00 -9.2945797e-03
   1.1626438e-02  4.3392517e-02  2.5856234e-02 -2.1795433e-02]
 [-1.9818656e-02  1.2540922e-02 -9.2945797e-03  1.0000000e+00
   6.3666832e-03 -6.2350114e-04 -2.2035711e-02  1.3413844e-02]
 [-3.3338699e-02 -1.6894229e-02  1.1626438e-02  6.3666832e-03
   1.0000000e+00 -2.5157876e-02  3.2177083e-03  4.4009378e-03]
 [ 1.8377749e-02 -3.1292398e-02  4.3392517e-02 -6.2350114e-04
  -2.5157876e-02  1.0000000e+00 -1.8754626e-02  3.7543174e-02]
 [-6.8073133e-03 -1.9989125e-02  2.5856234e-02 -2.2035711e-02
   3.2177083e-03 -1.8754626e-02  1.0000000e+00 -3.8296994e-02]
 [-1.1768029e-03 -1.0439679e-03 -2.1795433e-02  1.3413844e-02
   4.4009378e-03  3.7543174e-02 -3.8296994e-02  1.0000001e+00]]
[2025-11-14 18:31:29,536][src.models.modules.semantic_id.tiger_generation_model][INFO] - [rank: 0] 当前batch的输入Item Hierarchy Embedding相似度矩阵:
[[ 1.0000000e+00 -1.3550967e-03 -4.4066296e-03  1.3163646e-03
   1.6249042e-02 -4.0675616e-03 -2.2913421e-02 -8.9561231e-03]
 [-1.3550967e-03  1.0000000e+00  8.9809243e-03 -6.8920511e-03
  -4.9970485e-03  3.0055465e-03  6.1397348e-04 -8.9547143e-04]
 [-4.4066296e-03  8.9809243e-03  1.0000000e+00  1.4867902e-02
   1.5881036e-03  1.4446180e-02  5.2286335e-03  1.2398494e-02]
 [ 1.3163646e-03 -6.8920511e-03  1.4867902e-02  1.0000000e+00
  -1.1573796e-02  5.0094780e-03 -7.2554364e-03 -3.6686247e-03]
 [ 1.6249042e-02 -4.9970485e-03  1.5881036e-03 -1.1573796e-02
   1.0000000e+00  1.1259922e-03  2.5627331e-04  1.9140054e-02]
 [-4.0675616e-03  3.0055465e-03  1.4446180e-02  5.0094780e-03
   1.1259922e-03  1.0000000e+00  4.2854770e-04  4.1958742e-04]
 [-2.2913421e-02  6.1397348e-04  5.2286335e-03 -7.2554364e-03
   2.5627331e-04  4.2854770e-04  1.0000000e+00 -3.5067558e-02]
 [-8.9561231e-03 -8.9547143e-04  1.2398494e-02 -3.6686247e-03
   1.9140054e-02  4.1958742e-04 -3.5067558e-02  1.0000002e+00]]
[2025-11-14 18:31:30,409][src.models.modules.semantic_id.tiger_generation_model][WARNING] - [rank: 0] Failed to stack cross attentions: stack expects each tensor to be equal size, but got [32, 6, 135] at entry 0 and [32, 6, 2, 135] at entry 1
[2025-11-14 18:31:30,410][src.models.modules.semantic_id.tiger_generation_model][WARNING] - [rank: 0]   Hierarchy 0 shape: torch.Size([32, 6, 135])
[2025-11-14 18:31:30,410][src.models.modules.semantic_id.tiger_generation_model][WARNING] - [rank: 0]   Hierarchy 1 shape: torch.Size([32, 6, 2, 135])
[2025-11-14 18:31:30,410][src.models.modules.semantic_id.tiger_generation_model][WARNING] - [rank: 0]   Hierarchy 2 shape: torch.Size([32, 6, 135])
[2025-11-14 18:31:30,411][src.models.modules.semantic_id.tiger_generation_model][WARNING] - [rank: 0]   Hierarchy 3 shape: torch.Size([32, 6, 135])
[2025-11-14 18:31:30,411][src.models.modules.semantic_id.tiger_generation_model][WARNING] - [rank: 0]   Hierarchy 4 shape: torch.Size([32, 6, 135])
[2025-11-14 18:31:30,412][src.models.modules.semantic_id.tiger_generation_model][WARNING] - [rank: 0]   Hierarchy 5 shape: torch.Size([32, 6, 135])
[2025-11-14 18:31:30,412][src.models.modules.semantic_id.tiger_generation_model][WARNING] - [rank: 0]   Hierarchy 6 shape: torch.Size([32, 6, 135])
[2025-11-14 18:31:30,412][src.models.modules.semantic_id.tiger_generation_model][WARNING] - [rank: 0]   Hierarchy 7 shape: torch.Size([32, 6, 135])
[2025-11-14 18:31:31,315][src.models.modules.semantic_id.tiger_generation_model][INFO] - [rank: 0] Saved decoder self-attention to ./attention_weights/decoder_self_attention_batch_134.pt
[2025-11-14 18:31:31,316][src.models.modules.semantic_id.tiger_generation_model][INFO] - [rank: 0] Saved encoder attention to ./attention_weights/encoder_attention_batch_134.pt
[2025-11-14 18:31:31,316][src.models.modules.semantic_id.tiger_generation_model][INFO] - [rank: 0] Saved cross attention to ./attention_weights/cross_attention_batch_134.pt
[2025-11-14 18:31:31,335][src.models.modules.semantic_id.tiger_generation_model][INFO] - [rank: 0] 当前batch的生成语义ID Embedding相似度矩阵:
[[ 1.0000000e+00  2.7894117e-02  1.5741272e-02 -1.9175189e-02
  -2.0424094e-02  2.4093397e-02  3.6145812e-03  3.6747712e-03]
 [ 2.7894117e-02  1.0000000e+00 -2.2700652e-02  2.2925142e-02
  -5.6381602e-02  1.7597463e-02 -2.1650424e-02  1.2875767e-04]
 [ 1.5741272e-02 -2.2700652e-02  1.0000000e+00  1.4808458e-02
   2.5392670e-02 -3.8052723e-03  4.0540993e-03  2.3826810e-02]
 [-1.9175189e-02  2.2925142e-02  1.4808458e-02  1.0000000e+00
  -1.2380076e-02 -9.6720308e-03 -1.1793168e-02  4.6536412e-02]
 [-2.0424094e-02 -5.6381602e-02  2.5392670e-02 -1.2380076e-02
   1.0000000e+00  6.4530615e-03 -9.6205734e-03  1.6952004e-02]
 [ 2.4093397e-02  1.7597463e-02 -3.8052723e-03 -9.6720308e-03
   6.4530615e-03  1.0000000e+00 -3.8028989e-02  1.3861260e-02]
 [ 3.6145812e-03 -2.1650424e-02  4.0540993e-03 -1.1793168e-02
  -9.6205734e-03 -3.8028989e-02  1.0000000e+00 -2.5971670e-02]
 [ 3.6747712e-03  1.2875767e-04  2.3826810e-02  4.6536412e-02
   1.6952004e-02  1.3861260e-02 -2.5971670e-02  1.0000001e+00]]
[2025-11-14 18:31:31,517][src.models.modules.semantic_id.tiger_generation_model][INFO] - [rank: 0] 当前batch的输入Item Hierarchy Embedding相似度矩阵:
[[ 1.0000000e+00 -2.6784274e-03 -3.0670115e-03 -1.7740944e-02
   8.0203137e-04 -6.0060066e-03 -1.4822679e-02  4.2844110e-04]
 [-2.6784274e-03  1.0000000e+00 -7.5483024e-03  3.4821602e-03
   4.8051071e-03  5.5908239e-03  2.0923172e-03  1.5066414e-02]
 [-3.0670115e-03 -7.5483024e-03  1.0000000e+00 -4.1521457e-03
   2.9494513e-03 -5.2466090e-03 -1.1601531e-02  2.4289533e-02]
 [-1.7740944e-02  3.4821602e-03 -4.1521457e-03  1.0000000e+00
  -3.7878354e-03  6.8716998e-03 -1.3430600e-02  5.6594419e-03]
 [ 8.0203137e-04  4.8051071e-03  2.9494513e-03 -3.7878354e-03
   1.0000000e+00  8.3012590e-03 -1.2653817e-02  6.0654348e-03]
 [-6.0060066e-03  5.5908239e-03 -5.2466090e-03  6.8716998e-03
   8.3012590e-03  1.0000000e+00  9.8679157e-04 -3.3641141e-03]
 [-1.4822679e-02  2.0923172e-03 -1.1601531e-02 -1.3430600e-02
  -1.2653817e-02  9.8679157e-04  1.0000000e+00 -3.5071313e-02]
 [ 4.2844110e-04  1.5066414e-02  2.4289533e-02  5.6594419e-03
   6.0654348e-03 -3.3641141e-03 -3.5071313e-02  1.0000001e+00]]
[2025-11-14 18:31:32,322][src.models.modules.semantic_id.tiger_generation_model][WARNING] - [rank: 0] Failed to stack cross attentions: stack expects each tensor to be equal size, but got [32, 6, 135] at entry 0 and [32, 6, 2, 135] at entry 1
[2025-11-14 18:31:32,322][src.models.modules.semantic_id.tiger_generation_model][WARNING] - [rank: 0]   Hierarchy 0 shape: torch.Size([32, 6, 135])
[2025-11-14 18:31:32,322][src.models.modules.semantic_id.tiger_generation_model][WARNING] - [rank: 0]   Hierarchy 1 shape: torch.Size([32, 6, 2, 135])
[2025-11-14 18:31:32,323][src.models.modules.semantic_id.tiger_generation_model][WARNING] - [rank: 0]   Hierarchy 2 shape: torch.Size([32, 6, 135])
[2025-11-14 18:31:32,323][src.models.modules.semantic_id.tiger_generation_model][WARNING] - [rank: 0]   Hierarchy 3 shape: torch.Size([32, 6, 135])
[2025-11-14 18:31:32,323][src.models.modules.semantic_id.tiger_generation_model][WARNING] - [rank: 0]   Hierarchy 4 shape: torch.Size([32, 6, 135])
[2025-11-14 18:31:32,323][src.models.modules.semantic_id.tiger_generation_model][WARNING] - [rank: 0]   Hierarchy 5 shape: torch.Size([32, 6, 135])
[2025-11-14 18:31:32,327][src.models.modules.semantic_id.tiger_generation_model][WARNING] - [rank: 0]   Hierarchy 6 shape: torch.Size([32, 6, 135])
[2025-11-14 18:31:32,328][src.models.modules.semantic_id.tiger_generation_model][WARNING] - [rank: 0]   Hierarchy 7 shape: torch.Size([32, 6, 135])
[2025-11-14 18:31:32,860][src.models.modules.semantic_id.tiger_generation_model][INFO] - [rank: 0] Saved decoder self-attention to ./attention_weights/decoder_self_attention_batch_135.pt
[2025-11-14 18:31:32,861][src.models.modules.semantic_id.tiger_generation_model][INFO] - [rank: 0] Saved encoder attention to ./attention_weights/encoder_attention_batch_135.pt
[2025-11-14 18:31:32,861][src.models.modules.semantic_id.tiger_generation_model][INFO] - [rank: 0] Saved cross attention to ./attention_weights/cross_attention_batch_135.pt
[2025-11-14 18:31:32,867][src.models.modules.semantic_id.tiger_generation_model][INFO] - [rank: 0] 当前batch的生成语义ID Embedding相似度矩阵:
[[ 1.00000000e+00  8.20987672e-02  7.33544603e-02 -8.83441418e-02
  -1.05193876e-01  9.95341241e-02 -1.42372958e-03  1.69957411e-02]
 [ 8.20987672e-02  1.00000000e+00  2.35311082e-03  5.17998599e-02
  -3.01327221e-02 -6.38538785e-03 -7.93657526e-02 -2.93578804e-02]
 [ 7.33544603e-02  2.35311082e-03  1.00000000e+00  5.12683950e-03
   3.41898054e-02 -1.51656512e-02 -3.45560610e-02 -1.21309429e-01]
 [-8.83441418e-02  5.17998599e-02  5.12683950e-03  1.00000000e+00
   1.28626497e-03 -1.35596227e-02  1.91648677e-02  1.49098802e-02]
 [-1.05193876e-01 -3.01327221e-02  3.41898054e-02  1.28626497e-03
   1.00000000e+00 -6.49397597e-02  6.84772152e-04  2.63437871e-02]
 [ 9.95341241e-02 -6.38538785e-03 -1.51656512e-02 -1.35596227e-02
  -6.49397597e-02  1.00000000e+00 -2.12965831e-02  8.27297848e-03]
 [-1.42372958e-03 -7.93657526e-02 -3.45560610e-02  1.91648677e-02
   6.84772152e-04 -2.12965831e-02  1.00000000e+00 -5.89464977e-02]
 [ 1.69957411e-02 -2.93578804e-02 -1.21309429e-01  1.49098802e-02
   2.63437871e-02  8.27297848e-03 -5.89464977e-02  1.00000012e+00]]
[2025-11-14 18:31:33,072][src.models.modules.semantic_id.tiger_generation_model][INFO] - [rank: 0] 当前batch的输入Item Hierarchy Embedding相似度矩阵:
[[ 1.00000000e+00 -2.70501822e-02  3.99879273e-03 -1.89341456e-02
  -9.37335566e-03 -1.75340101e-02 -1.18918903e-02 -4.33918787e-03]
 [-2.70501822e-02  1.00000000e+00  1.21628484e-02 -1.37724392e-02
   1.91752110e-02 -1.12671517e-02 -9.92006063e-03  4.67473903e-04]
 [ 3.99879273e-03  1.21628484e-02  1.00000000e+00 -1.46680297e-02
   2.06603557e-02  1.35029545e-02  6.58577494e-03 -1.33029008e-02]
 [-1.89341456e-02 -1.37724392e-02 -1.46680297e-02  1.00000000e+00
   6.98750420e-03 -2.72313245e-02  1.60211660e-02  4.66674799e-03]
 [-9.37335566e-03  1.91752110e-02  2.06603557e-02  6.98750420e-03
   1.00000000e+00  2.09753625e-02 -8.96565244e-03  2.06941478e-02]
 [-1.75340101e-02 -1.12671517e-02  1.35029545e-02 -2.72313245e-02
   2.09753625e-02  1.00000000e+00  1.57081392e-02 -3.62219615e-03]
 [-1.18918903e-02 -9.92006063e-03  6.58577494e-03  1.60211660e-02
  -8.96565244e-03  1.57081392e-02  1.00000000e+00 -3.20655741e-02]
 [-4.33918787e-03  4.67473903e-04 -1.33029008e-02  4.66674799e-03
   2.06941478e-02 -3.62219615e-03 -3.20655741e-02  1.00000012e+00]]
[2025-11-14 18:31:34,145][src.models.modules.semantic_id.tiger_generation_model][WARNING] - [rank: 0] Failed to stack cross attentions: stack expects each tensor to be equal size, but got [32, 6, 135] at entry 0 and [32, 6, 2, 135] at entry 1
[2025-11-14 18:31:34,146][src.models.modules.semantic_id.tiger_generation_model][WARNING] - [rank: 0]   Hierarchy 0 shape: torch.Size([32, 6, 135])
[2025-11-14 18:31:34,146][src.models.modules.semantic_id.tiger_generation_model][WARNING] - [rank: 0]   Hierarchy 1 shape: torch.Size([32, 6, 2, 135])
[2025-11-14 18:31:34,146][src.models.modules.semantic_id.tiger_generation_model][WARNING] - [rank: 0]   Hierarchy 2 shape: torch.Size([32, 6, 135])
[2025-11-14 18:31:34,146][src.models.modules.semantic_id.tiger_generation_model][WARNING] - [rank: 0]   Hierarchy 3 shape: torch.Size([32, 6, 135])
[2025-11-14 18:31:34,147][src.models.modules.semantic_id.tiger_generation_model][WARNING] - [rank: 0]   Hierarchy 4 shape: torch.Size([32, 6, 135])
[2025-11-14 18:31:34,147][src.models.modules.semantic_id.tiger_generation_model][WARNING] - [rank: 0]   Hierarchy 5 shape: torch.Size([32, 6, 135])
[2025-11-14 18:31:34,147][src.models.modules.semantic_id.tiger_generation_model][WARNING] - [rank: 0]   Hierarchy 6 shape: torch.Size([32, 6, 135])
[2025-11-14 18:31:34,147][src.models.modules.semantic_id.tiger_generation_model][WARNING] - [rank: 0]   Hierarchy 7 shape: torch.Size([32, 6, 135])
[2025-11-14 18:31:34,789][src.models.modules.semantic_id.tiger_generation_model][INFO] - [rank: 0] Saved decoder self-attention to ./attention_weights/decoder_self_attention_batch_136.pt
[2025-11-14 18:31:34,789][src.models.modules.semantic_id.tiger_generation_model][INFO] - [rank: 0] Saved encoder attention to ./attention_weights/encoder_attention_batch_136.pt
[2025-11-14 18:31:34,789][src.models.modules.semantic_id.tiger_generation_model][INFO] - [rank: 0] Saved cross attention to ./attention_weights/cross_attention_batch_136.pt
[2025-11-14 18:31:34,796][src.models.modules.semantic_id.tiger_generation_model][INFO] - [rank: 0] 当前batch的生成语义ID Embedding相似度矩阵:
[[ 1.          0.00581714 -0.00503108  0.0762815  -0.01500831 -0.03032132
  -0.05880782  0.07117721]
 [ 0.00581714  1.          0.08467958 -0.04295793  0.05757095 -0.02631243
   0.06723949 -0.04066814]
 [-0.00503108  0.08467958  1.         -0.02429838  0.02457528  0.01303124
   0.0520676  -0.00843893]
 [ 0.0762815  -0.04295793 -0.02429838  1.         -0.03360868 -0.04358284
  -0.03628702  0.02382449]
 [-0.01500831  0.05757095  0.02457528 -0.03360868  1.         -0.03544683
   0.03261993 -0.01860434]
 [-0.03032132 -0.02631243  0.01303124 -0.04358284 -0.03544683  1.
  -0.00557429 -0.00861124]
 [-0.05880782  0.06723949  0.0520676  -0.03628702  0.03261993 -0.00557429
   1.         -0.07287204]
 [ 0.07117721 -0.04066814 -0.00843893  0.02382449 -0.01860434 -0.00861124
  -0.07287204  1.0000001 ]]
[2025-11-14 18:31:35,060][src.models.modules.semantic_id.tiger_generation_model][INFO] - [rank: 0] 当前batch的输入Item Hierarchy Embedding相似度矩阵:
[[ 1.00000000e+00 -4.47582128e-03 -3.33153876e-03  5.95681882e-03
  -2.54604756e-03  1.00517133e-02 -4.45425231e-03  1.54648414e-02]
 [-4.47582128e-03  1.00000000e+00  6.83530327e-03  4.66209371e-04
  -1.16562424e-02  4.26163402e-04 -1.11634945e-02  1.53813595e-02]
 [-3.33153876e-03  6.83530327e-03  1.00000000e+00  7.96139333e-03
   1.89699512e-03 -1.41597912e-03 -9.75738280e-03  2.56641884e-03]
 [ 5.95681882e-03  4.66209371e-04  7.96139333e-03  1.00000000e+00
  -2.64760084e-03  2.69451290e-02 -9.54647921e-03  9.93877277e-03]
 [-2.54604756e-03 -1.16562424e-02  1.89699512e-03 -2.64760084e-03
   1.00000000e+00  1.27534708e-03  1.64832990e-03  9.21920780e-03]
 [ 1.00517133e-02  4.26163402e-04 -1.41597912e-03  2.69451290e-02
   1.27534708e-03  1.00000000e+00 -4.41025896e-03  1.53117226e-02]
 [-4.45425231e-03 -1.11634945e-02 -9.75738280e-03 -9.54647921e-03
   1.64832990e-03 -4.41025896e-03  1.00000000e+00 -2.60438044e-02]
 [ 1.54648414e-02  1.53813595e-02  2.56641884e-03  9.93877277e-03
   9.21920780e-03  1.53117226e-02 -2.60438044e-02  1.00000012e+00]]
[2025-11-14 18:31:35,840][src.models.modules.semantic_id.tiger_generation_model][WARNING] - [rank: 0] Failed to stack cross attentions: stack expects each tensor to be equal size, but got [32, 6, 135] at entry 0 and [32, 6, 2, 135] at entry 1
[2025-11-14 18:31:35,841][src.models.modules.semantic_id.tiger_generation_model][WARNING] - [rank: 0]   Hierarchy 0 shape: torch.Size([32, 6, 135])
[2025-11-14 18:31:35,842][src.models.modules.semantic_id.tiger_generation_model][WARNING] - [rank: 0]   Hierarchy 1 shape: torch.Size([32, 6, 2, 135])
[2025-11-14 18:31:35,843][src.models.modules.semantic_id.tiger_generation_model][WARNING] - [rank: 0]   Hierarchy 2 shape: torch.Size([32, 6, 135])
[2025-11-14 18:31:35,843][src.models.modules.semantic_id.tiger_generation_model][WARNING] - [rank: 0]   Hierarchy 3 shape: torch.Size([32, 6, 135])
[2025-11-14 18:31:35,844][src.models.modules.semantic_id.tiger_generation_model][WARNING] - [rank: 0]   Hierarchy 4 shape: torch.Size([32, 6, 135])
[2025-11-14 18:31:35,844][src.models.modules.semantic_id.tiger_generation_model][WARNING] - [rank: 0]   Hierarchy 5 shape: torch.Size([32, 6, 135])
[2025-11-14 18:31:35,845][src.models.modules.semantic_id.tiger_generation_model][WARNING] - [rank: 0]   Hierarchy 6 shape: torch.Size([32, 6, 135])
[2025-11-14 18:31:35,845][src.models.modules.semantic_id.tiger_generation_model][WARNING] - [rank: 0]   Hierarchy 7 shape: torch.Size([32, 6, 135])
[2025-11-14 18:31:36,650][src.models.modules.semantic_id.tiger_generation_model][INFO] - [rank: 0] Saved decoder self-attention to ./attention_weights/decoder_self_attention_batch_137.pt
[2025-11-14 18:31:36,650][src.models.modules.semantic_id.tiger_generation_model][INFO] - [rank: 0] Saved encoder attention to ./attention_weights/encoder_attention_batch_137.pt
[2025-11-14 18:31:36,651][src.models.modules.semantic_id.tiger_generation_model][INFO] - [rank: 0] Saved cross attention to ./attention_weights/cross_attention_batch_137.pt
[2025-11-14 18:31:36,657][src.models.modules.semantic_id.tiger_generation_model][INFO] - [rank: 0] 当前batch的生成语义ID Embedding相似度矩阵:
[[ 1.          0.02307074  0.00677805 -0.01186774 -0.02145597  0.00789215
   0.00309792  0.0336788 ]
 [ 0.02307074  0.9999999  -0.01061636  0.0010269  -0.0352494  -0.02235088
  -0.02181639 -0.03231243]
 [ 0.00677805 -0.01061636  1.          0.01256647  0.00337712  0.05816522
   0.03592875  0.04148952]
 [-0.01186774  0.0010269   0.01256647  1.          0.01307541  0.02415157
  -0.02009201  0.0398268 ]
 [-0.02145597 -0.0352494   0.00337712  0.01307541  1.         -0.00558676
  -0.00903116  0.01661948]
 [ 0.00789215 -0.02235088  0.05816522  0.02415157 -0.00558676  1.
  -0.02589252  0.01959099]
 [ 0.00309792 -0.02181639  0.03592875 -0.02009201 -0.00903116 -0.02589252
   1.         -0.00266303]
 [ 0.0336788  -0.03231243  0.04148952  0.0398268   0.01661948  0.01959099
  -0.00266303  1.0000001 ]]
[2025-11-14 18:31:36,727][src.models.modules.semantic_id.tiger_generation_model][INFO] - [rank: 0] 当前batch的输入Item Hierarchy Embedding相似度矩阵:
[[ 9.9999994e-01  8.1792263e-05  1.1711904e-04  1.3025510e-02
  -3.6144755e-03  6.7265625e-03  7.1397098e-03  1.2444467e-02]
 [ 8.1792263e-05  9.9999994e-01 -1.5114197e-02  1.2175168e-02
  -5.6374478e-03  1.8268732e-02  2.2784302e-03  6.4562452e-03]
 [ 1.1711904e-04 -1.5114197e-02  9.9999994e-01  1.0720777e-02
   7.0692506e-03  7.4465522e-03 -4.5198370e-03 -2.8550052e-03]
 [ 1.3025510e-02  1.2175168e-02  1.0720777e-02  9.9999994e-01
  -7.5384947e-03  7.0913113e-03 -7.7180150e-03 -4.4520488e-03]
 [-3.6144755e-03 -5.6374478e-03  7.0692506e-03 -7.5384947e-03
   9.9999994e-01 -6.1909519e-03  1.3818390e-02  2.7971931e-02]
 [ 6.7265625e-03  1.8268732e-02  7.4465522e-03  7.0913113e-03
  -6.1909519e-03  9.9999994e-01 -9.1958866e-03  1.6813771e-03]
 [ 7.1397098e-03  2.2784302e-03 -4.5198370e-03 -7.7180150e-03
   1.3818390e-02 -9.1958866e-03  9.9999994e-01 -4.0938057e-02]
 [ 1.2444467e-02  6.4562452e-03 -2.8550052e-03 -4.4520488e-03
   2.7971931e-02  1.6813771e-03 -4.0938057e-02  1.0000001e+00]]
[2025-11-14 18:31:37,944][src.models.modules.semantic_id.tiger_generation_model][WARNING] - [rank: 0] Failed to stack cross attentions: stack expects each tensor to be equal size, but got [32, 6, 135] at entry 0 and [32, 6, 2, 135] at entry 1
[2025-11-14 18:31:37,945][src.models.modules.semantic_id.tiger_generation_model][WARNING] - [rank: 0]   Hierarchy 0 shape: torch.Size([32, 6, 135])
[2025-11-14 18:31:37,946][src.models.modules.semantic_id.tiger_generation_model][WARNING] - [rank: 0]   Hierarchy 1 shape: torch.Size([32, 6, 2, 135])
[2025-11-14 18:31:37,946][src.models.modules.semantic_id.tiger_generation_model][WARNING] - [rank: 0]   Hierarchy 2 shape: torch.Size([32, 6, 135])
[2025-11-14 18:31:37,946][src.models.modules.semantic_id.tiger_generation_model][WARNING] - [rank: 0]   Hierarchy 3 shape: torch.Size([32, 6, 135])
[2025-11-14 18:31:37,947][src.models.modules.semantic_id.tiger_generation_model][WARNING] - [rank: 0]   Hierarchy 4 shape: torch.Size([32, 6, 135])
[2025-11-14 18:31:37,948][src.models.modules.semantic_id.tiger_generation_model][WARNING] - [rank: 0]   Hierarchy 5 shape: torch.Size([32, 6, 135])
[2025-11-14 18:31:37,949][src.models.modules.semantic_id.tiger_generation_model][WARNING] - [rank: 0]   Hierarchy 6 shape: torch.Size([32, 6, 135])
[2025-11-14 18:31:37,949][src.models.modules.semantic_id.tiger_generation_model][WARNING] - [rank: 0]   Hierarchy 7 shape: torch.Size([32, 6, 135])
[2025-11-14 18:31:38,508][src.models.modules.semantic_id.tiger_generation_model][INFO] - [rank: 0] Saved decoder self-attention to ./attention_weights/decoder_self_attention_batch_138.pt
[2025-11-14 18:31:38,508][src.models.modules.semantic_id.tiger_generation_model][INFO] - [rank: 0] Saved encoder attention to ./attention_weights/encoder_attention_batch_138.pt
[2025-11-14 18:31:38,508][src.models.modules.semantic_id.tiger_generation_model][INFO] - [rank: 0] Saved cross attention to ./attention_weights/cross_attention_batch_138.pt
[2025-11-14 18:31:38,531][src.models.modules.semantic_id.tiger_generation_model][INFO] - [rank: 0] 当前batch的生成语义ID Embedding相似度矩阵:
[[ 1.         -0.00513288  0.01376861  0.03111379 -0.02633076 -0.03859129
   0.01339258  0.02902501]
 [-0.00513288  1.         -0.01433111 -0.0108348  -0.01488392 -0.00288119
   0.01604659 -0.02797818]
 [ 0.01376861 -0.01433111  1.          0.00368824 -0.0088474   0.0374683
   0.03037107  0.04282042]
 [ 0.03111379 -0.0108348   0.00368824  1.         -0.04725629 -0.03997673
  -0.02860152  0.03028098]
 [-0.02633076 -0.01488392 -0.0088474  -0.04725629  1.0000001  -0.00450168
   0.00834804 -0.0017057 ]
 [-0.03859129 -0.00288119  0.0374683  -0.03997673 -0.00450168  1.
  -0.03408847 -0.04046827]
 [ 0.01339258  0.01604659  0.03037107 -0.02860152  0.00834804 -0.03408847
   1.         -0.03508408]
 [ 0.02902501 -0.02797818  0.04282042  0.03028098 -0.0017057  -0.04046827
  -0.03508408  1.0000001 ]]
[2025-11-14 18:31:38,667][src.models.modules.semantic_id.tiger_generation_model][INFO] - [rank: 0] 当前batch的输入Item Hierarchy Embedding相似度矩阵:
[[ 1.0000000e+00 -3.6816748e-03 -5.8622676e-04 -5.8559020e-04
  -5.6988904e-03 -7.8877034e-03  6.1386102e-04  3.4133210e-03]
 [-3.6816748e-03  1.0000000e+00 -1.4278197e-02  4.2070881e-03
  -9.6465228e-03  4.1119400e-03 -1.1476211e-02  8.6194128e-03]
 [-5.8622676e-04 -1.4278197e-02  1.0000000e+00  1.3817787e-02
   5.8481949e-03  8.5789571e-03 -1.0789131e-02  9.1375140e-03]
 [-5.8559020e-04  4.2070881e-03  1.3817787e-02  1.0000000e+00
   2.3956527e-03  1.4994910e-02 -1.4217490e-02  1.2407972e-02]
 [-5.6988904e-03 -9.6465228e-03  5.8481949e-03  2.3956527e-03
   1.0000000e+00  2.4097324e-03 -7.5347326e-03  1.7947707e-02]
 [-7.8877034e-03  4.1119400e-03  8.5789571e-03  1.4994910e-02
   2.4097324e-03  1.0000000e+00 -8.5622063e-03  1.1093642e-02]
 [ 6.1386102e-04 -1.1476211e-02 -1.0789131e-02 -1.4217490e-02
  -7.5347326e-03 -8.5622063e-03  1.0000000e+00 -3.6984436e-02]
 [ 3.4133210e-03  8.6194128e-03  9.1375140e-03  1.2407972e-02
   1.7947707e-02  1.1093642e-02 -3.6984436e-02  1.0000001e+00]]
[2025-11-14 18:31:39,384][src.models.modules.semantic_id.tiger_generation_model][WARNING] - [rank: 0] Failed to stack cross attentions: stack expects each tensor to be equal size, but got [32, 6, 135] at entry 0 and [32, 6, 2, 135] at entry 1
[2025-11-14 18:31:39,384][src.models.modules.semantic_id.tiger_generation_model][WARNING] - [rank: 0]   Hierarchy 0 shape: torch.Size([32, 6, 135])
[2025-11-14 18:31:39,385][src.models.modules.semantic_id.tiger_generation_model][WARNING] - [rank: 0]   Hierarchy 1 shape: torch.Size([32, 6, 2, 135])
[2025-11-14 18:31:39,385][src.models.modules.semantic_id.tiger_generation_model][WARNING] - [rank: 0]   Hierarchy 2 shape: torch.Size([32, 6, 135])
[2025-11-14 18:31:39,385][src.models.modules.semantic_id.tiger_generation_model][WARNING] - [rank: 0]   Hierarchy 3 shape: torch.Size([32, 6, 135])
[2025-11-14 18:31:39,385][src.models.modules.semantic_id.tiger_generation_model][WARNING] - [rank: 0]   Hierarchy 4 shape: torch.Size([32, 6, 135])
[2025-11-14 18:31:39,385][src.models.modules.semantic_id.tiger_generation_model][WARNING] - [rank: 0]   Hierarchy 5 shape: torch.Size([32, 6, 135])
[2025-11-14 18:31:39,386][src.models.modules.semantic_id.tiger_generation_model][WARNING] - [rank: 0]   Hierarchy 6 shape: torch.Size([32, 6, 135])
[2025-11-14 18:31:39,386][src.models.modules.semantic_id.tiger_generation_model][WARNING] - [rank: 0]   Hierarchy 7 shape: torch.Size([32, 6, 135])
[2025-11-14 18:31:40,038][src.models.modules.semantic_id.tiger_generation_model][INFO] - [rank: 0] Saved decoder self-attention to ./attention_weights/decoder_self_attention_batch_139.pt
[2025-11-14 18:31:40,039][src.models.modules.semantic_id.tiger_generation_model][INFO] - [rank: 0] Saved encoder attention to ./attention_weights/encoder_attention_batch_139.pt
[2025-11-14 18:31:40,039][src.models.modules.semantic_id.tiger_generation_model][INFO] - [rank: 0] Saved cross attention to ./attention_weights/cross_attention_batch_139.pt
[2025-11-14 18:31:40,045][src.models.modules.semantic_id.tiger_generation_model][INFO] - [rank: 0] 当前batch的生成语义ID Embedding相似度矩阵:
[[ 1.00000000e+00 -1.12478947e-03  3.90483141e-02 -1.11107705e-02
  -2.73582339e-02 -2.92204879e-03 -2.98178308e-02 -1.36204027e-02]
 [-1.12478947e-03  1.00000000e+00 -3.50975655e-02 -2.64076665e-02
  -1.95034556e-02 -1.87929161e-02 -1.84141658e-02 -1.39472689e-02]
 [ 3.90483141e-02 -3.50975655e-02  1.00000000e+00  1.06698535e-02
   9.59345140e-04  3.68101895e-02  6.53945748e-03  5.50550641e-04]
 [-1.11107705e-02 -2.64076665e-02  1.06698535e-02  1.00000000e+00
  -2.12567933e-02  1.26127228e-02 -1.20985638e-02  4.63780165e-02]
 [-2.73582339e-02 -1.95034556e-02  9.59345140e-04 -2.12567933e-02
   1.00000000e+00 -1.70860104e-02 -1.59065668e-02  3.79213952e-02]
 [-2.92204879e-03 -1.87929161e-02  3.68101895e-02  1.26127228e-02
  -1.70860104e-02  1.00000000e+00 -2.81157680e-02 -1.17033906e-03]
 [-2.98178308e-02 -1.84141658e-02  6.53945748e-03 -1.20985638e-02
  -1.59065668e-02 -2.81157680e-02  1.00000000e+00 -2.59315632e-02]
 [-1.36204027e-02 -1.39472689e-02  5.50550641e-04  4.63780165e-02
   3.79213952e-02 -1.17033906e-03 -2.59315632e-02  1.00000012e+00]]
[2025-11-14 18:31:40,286][src.models.modules.semantic_id.tiger_generation_model][INFO] - [rank: 0] 当前batch的输入Item Hierarchy Embedding相似度矩阵:
[[ 1.0000000e+00  1.5750848e-02  5.5658454e-03 -6.5346374e-03
   2.1906914e-03 -9.0590268e-03  9.5130252e-03 -1.9837497e-02]
 [ 1.5750848e-02  1.0000000e+00  7.2669624e-03 -5.7717585e-03
  -3.9711907e-03 -1.8131161e-02 -1.0482352e-02  1.4936588e-02]
 [ 5.5658454e-03  7.2669624e-03  1.0000000e+00 -1.0512474e-02
   8.1595331e-03  8.3305221e-03 -1.7412148e-02 -7.5814012e-03]
 [-6.5346374e-03 -5.7717585e-03 -1.0512474e-02  1.0000000e+00
  -8.0836231e-05  9.6700322e-03 -9.2132604e-03 -7.7621983e-03]
 [ 2.1906914e-03 -3.9711907e-03  8.1595331e-03 -8.0836231e-05
   1.0000000e+00  9.4514647e-03  4.4940561e-03  1.9036790e-02]
 [-9.0590268e-03 -1.8131161e-02  8.3305221e-03  9.6700322e-03
   9.4514647e-03  1.0000000e+00  1.7971706e-03  5.4978003e-04]
 [ 9.5130252e-03 -1.0482352e-02 -1.7412148e-02 -9.2132604e-03
   4.4940561e-03  1.7971706e-03  1.0000000e+00 -3.4665033e-02]
 [-1.9837497e-02  1.4936588e-02 -7.5814012e-03 -7.7621983e-03
   1.9036790e-02  5.4978003e-04 -3.4665033e-02  1.0000001e+00]]
[2025-11-14 18:31:41,520][src.models.modules.semantic_id.tiger_generation_model][WARNING] - [rank: 0] Failed to stack cross attentions: stack expects each tensor to be equal size, but got [32, 6, 135] at entry 0 and [32, 6, 2, 135] at entry 1
[2025-11-14 18:31:41,521][src.models.modules.semantic_id.tiger_generation_model][WARNING] - [rank: 0]   Hierarchy 0 shape: torch.Size([32, 6, 135])
[2025-11-14 18:31:41,522][src.models.modules.semantic_id.tiger_generation_model][WARNING] - [rank: 0]   Hierarchy 1 shape: torch.Size([32, 6, 2, 135])
[2025-11-14 18:31:41,523][src.models.modules.semantic_id.tiger_generation_model][WARNING] - [rank: 0]   Hierarchy 2 shape: torch.Size([32, 6, 135])
[2025-11-14 18:31:41,523][src.models.modules.semantic_id.tiger_generation_model][WARNING] - [rank: 0]   Hierarchy 3 shape: torch.Size([32, 6, 135])
[2025-11-14 18:31:41,525][src.models.modules.semantic_id.tiger_generation_model][WARNING] - [rank: 0]   Hierarchy 4 shape: torch.Size([32, 6, 135])
[2025-11-14 18:31:41,525][src.models.modules.semantic_id.tiger_generation_model][WARNING] - [rank: 0]   Hierarchy 5 shape: torch.Size([32, 6, 135])
[2025-11-14 18:31:41,526][src.models.modules.semantic_id.tiger_generation_model][WARNING] - [rank: 0]   Hierarchy 6 shape: torch.Size([32, 6, 135])
[2025-11-14 18:31:41,527][src.models.modules.semantic_id.tiger_generation_model][WARNING] - [rank: 0]   Hierarchy 7 shape: torch.Size([32, 6, 135])
[2025-11-14 18:31:41,918][src.models.modules.semantic_id.tiger_generation_model][INFO] - [rank: 0] Saved decoder self-attention to ./attention_weights/decoder_self_attention_batch_140.pt
[2025-11-14 18:31:41,919][src.models.modules.semantic_id.tiger_generation_model][INFO] - [rank: 0] Saved encoder attention to ./attention_weights/encoder_attention_batch_140.pt
[2025-11-14 18:31:41,919][src.models.modules.semantic_id.tiger_generation_model][INFO] - [rank: 0] Saved cross attention to ./attention_weights/cross_attention_batch_140.pt
[2025-11-14 18:31:41,941][src.models.modules.semantic_id.tiger_generation_model][INFO] - [rank: 0] 当前batch的生成语义ID Embedding相似度矩阵:
[[ 1.0000000e+00  1.1910035e-02  1.0916577e-03 -3.7866093e-02
  -1.7278228e-02  9.8970719e-05  1.0844469e-03 -5.7804189e-03]
 [ 1.1910035e-02  1.0000000e+00 -3.0848878e-03  2.2688862e-02
  -1.3494547e-02 -2.1389639e-04 -1.2704499e-02 -2.9994668e-03]
 [ 1.0916577e-03 -3.0848878e-03  1.0000000e+00 -1.7527411e-02
  -9.5790699e-03  1.6621139e-02  1.1909392e-02  1.0321196e-02]
 [-3.7866093e-02  2.2688862e-02 -1.7527411e-02  1.0000000e+00
   2.2251580e-02  1.8509287e-02  4.4903466e-03  1.1580201e-02]
 [-1.7278228e-02 -1.3494547e-02 -9.5790699e-03  2.2251580e-02
   1.0000000e+00 -9.5666870e-03 -5.4521453e-02  1.0573683e-02]
 [ 9.8970719e-05 -2.1389639e-04  1.6621139e-02  1.8509287e-02
  -9.5666870e-03  1.0000000e+00 -2.6968418e-02  3.2379158e-02]
 [ 1.0844469e-03 -1.2704499e-02  1.1909392e-02  4.4903466e-03
  -5.4521453e-02 -2.6968418e-02  1.0000000e+00 -1.3575035e-02]
 [-5.7804189e-03 -2.9994668e-03  1.0321196e-02  1.1580201e-02
   1.0573683e-02  3.2379158e-02 -1.3575035e-02  1.0000001e+00]]
[2025-11-14 18:31:42,310][src.models.modules.semantic_id.tiger_generation_model][INFO] - [rank: 0] 当前batch的输入Item Hierarchy Embedding相似度矩阵:
[[ 9.99999940e-01  3.85271828e-03 -3.49785318e-03 -3.08865844e-03
  -1.52121531e-03 -3.59603995e-03  6.75382034e-04  6.70765061e-03]
 [ 3.85271828e-03  9.99999940e-01 -1.55047737e-02  5.13089402e-03
   2.96043861e-03  4.59520379e-03 -5.07854857e-03  5.80900162e-03]
 [-3.49785318e-03 -1.55047737e-02  9.99999940e-01  6.23857696e-03
   1.68644097e-02  1.07112778e-02 -4.94894432e-03  1.49143524e-02]
 [-3.08865844e-03  5.13089402e-03  6.23857696e-03  9.99999940e-01
   6.74257427e-03  2.82867020e-03  1.34459715e-02  8.44101980e-03]
 [-1.52121531e-03  2.96043861e-03  1.68644097e-02  6.74257427e-03
   9.99999940e-01  6.77786162e-03  3.34865740e-03  3.08369123e-03]
 [-3.59603995e-03  4.59520379e-03  1.07112778e-02  2.82867020e-03
   6.77786162e-03  9.99999940e-01 -1.07481806e-02  1.18375279e-03]
 [ 6.75382034e-04 -5.07854857e-03 -4.94894432e-03  1.34459715e-02
   3.34865740e-03 -1.07481806e-02  9.99999940e-01 -4.12356630e-02]
 [ 6.70765061e-03  5.80900162e-03  1.49143524e-02  8.44101980e-03
   3.08369123e-03  1.18375279e-03 -4.12356630e-02  1.00000012e+00]]
[2025-11-14 18:31:43,481][src.models.modules.semantic_id.tiger_generation_model][WARNING] - [rank: 0] Failed to stack cross attentions: stack expects each tensor to be equal size, but got [32, 6, 135] at entry 0 and [32, 6, 2, 135] at entry 1
[2025-11-14 18:31:43,482][src.models.modules.semantic_id.tiger_generation_model][WARNING] - [rank: 0]   Hierarchy 0 shape: torch.Size([32, 6, 135])
[2025-11-14 18:31:43,482][src.models.modules.semantic_id.tiger_generation_model][WARNING] - [rank: 0]   Hierarchy 1 shape: torch.Size([32, 6, 2, 135])
[2025-11-14 18:31:43,482][src.models.modules.semantic_id.tiger_generation_model][WARNING] - [rank: 0]   Hierarchy 2 shape: torch.Size([32, 6, 135])
[2025-11-14 18:31:43,482][src.models.modules.semantic_id.tiger_generation_model][WARNING] - [rank: 0]   Hierarchy 3 shape: torch.Size([32, 6, 135])
[2025-11-14 18:31:43,482][src.models.modules.semantic_id.tiger_generation_model][WARNING] - [rank: 0]   Hierarchy 4 shape: torch.Size([32, 6, 135])
[2025-11-14 18:31:43,483][src.models.modules.semantic_id.tiger_generation_model][WARNING] - [rank: 0]   Hierarchy 5 shape: torch.Size([32, 6, 135])
[2025-11-14 18:31:43,483][src.models.modules.semantic_id.tiger_generation_model][WARNING] - [rank: 0]   Hierarchy 6 shape: torch.Size([32, 6, 135])
[2025-11-14 18:31:43,501][src.models.modules.semantic_id.tiger_generation_model][WARNING] - [rank: 0]   Hierarchy 7 shape: torch.Size([32, 6, 135])
[2025-11-14 18:31:44,095][src.models.modules.semantic_id.tiger_generation_model][INFO] - [rank: 0] Saved decoder self-attention to ./attention_weights/decoder_self_attention_batch_141.pt
[2025-11-14 18:31:44,095][src.models.modules.semantic_id.tiger_generation_model][INFO] - [rank: 0] Saved encoder attention to ./attention_weights/encoder_attention_batch_141.pt
[2025-11-14 18:31:44,096][src.models.modules.semantic_id.tiger_generation_model][INFO] - [rank: 0] Saved cross attention to ./attention_weights/cross_attention_batch_141.pt
[2025-11-14 18:31:44,106][src.models.modules.semantic_id.tiger_generation_model][INFO] - [rank: 0] 当前batch的生成语义ID Embedding相似度矩阵:
[[ 1.          0.00651033 -0.01890159 -0.02594429 -0.00189088 -0.01030549
  -0.01274239  0.01767644]
 [ 0.00651033  1.          0.01373244 -0.01359408 -0.01411809  0.00962297
   0.03988327 -0.01473617]
 [-0.01890159  0.01373244  1.          0.01420831 -0.00423513  0.03165612
   0.01705694  0.00617803]
 [-0.02594429 -0.01359408  0.01420831  1.         -0.03463744  0.01441772
   0.00760524  0.01243947]
 [-0.00189088 -0.01411809 -0.00423513 -0.03463744  1.         -0.00228862
  -0.02545756  0.01220117]
 [-0.01030549  0.00962297  0.03165612  0.01441772 -0.00228862  1.
  -0.0201196  -0.04028565]
 [-0.01274239  0.03988327  0.01705694  0.00760524 -0.02545756 -0.0201196
   1.         -0.03448607]
 [ 0.01767644 -0.01473617  0.00617803  0.01243947  0.01220117 -0.04028565
  -0.03448607  1.0000001 ]]
[2025-11-14 18:31:44,637][src.models.modules.semantic_id.tiger_generation_model][INFO] - [rank: 0] 当前batch的输入Item Hierarchy Embedding相似度矩阵:
[[ 1.00000000e+00 -7.18327193e-03  1.65981962e-03  8.47651158e-03
   7.75558001e-04  1.19272210e-02 -3.72857740e-03 -2.13686144e-03]
 [-7.18327193e-03  1.00000000e+00  1.00096585e-02 -8.99398606e-03
   1.45206833e-03  1.00151664e-02 -4.96752094e-03  1.25224004e-02]
 [ 1.65981962e-03  1.00096585e-02  1.00000000e+00 -2.59369006e-03
   6.67320623e-04 -4.35509981e-04  1.13798340e-03 -7.48242950e-03]
 [ 8.47651158e-03 -8.99398606e-03 -2.59369006e-03  1.00000000e+00
  -2.44289869e-03  2.95036566e-03 -2.03151628e-03  7.05804536e-03]
 [ 7.75558001e-04  1.45206833e-03  6.67320623e-04 -2.44289869e-03
   1.00000000e+00  8.35685618e-03 -6.37801038e-03  1.55851711e-02]
 [ 1.19272210e-02  1.00151664e-02 -4.35509981e-04  2.95036566e-03
   8.35685618e-03  1.00000000e+00 -1.02428440e-02  2.29230765e-02]
 [-3.72857740e-03 -4.96752094e-03  1.13798340e-03 -2.03151628e-03
  -6.37801038e-03 -1.02428440e-02  1.00000000e+00 -4.19900119e-02]
 [-2.13686144e-03  1.25224004e-02 -7.48242950e-03  7.05804536e-03
   1.55851711e-02  2.29230765e-02 -4.19900119e-02  1.00000024e+00]]
[2025-11-14 18:31:46,006][src.models.modules.semantic_id.tiger_generation_model][WARNING] - [rank: 0] Failed to stack cross attentions: stack expects each tensor to be equal size, but got [32, 6, 135] at entry 0 and [32, 6, 2, 135] at entry 1
[2025-11-14 18:31:46,007][src.models.modules.semantic_id.tiger_generation_model][WARNING] - [rank: 0]   Hierarchy 0 shape: torch.Size([32, 6, 135])
[2025-11-14 18:31:46,007][src.models.modules.semantic_id.tiger_generation_model][WARNING] - [rank: 0]   Hierarchy 1 shape: torch.Size([32, 6, 2, 135])
[2025-11-14 18:31:46,007][src.models.modules.semantic_id.tiger_generation_model][WARNING] - [rank: 0]   Hierarchy 2 shape: torch.Size([32, 6, 135])
[2025-11-14 18:31:46,008][src.models.modules.semantic_id.tiger_generation_model][WARNING] - [rank: 0]   Hierarchy 3 shape: torch.Size([32, 6, 135])
[2025-11-14 18:31:46,008][src.models.modules.semantic_id.tiger_generation_model][WARNING] - [rank: 0]   Hierarchy 4 shape: torch.Size([32, 6, 135])
[2025-11-14 18:31:46,008][src.models.modules.semantic_id.tiger_generation_model][WARNING] - [rank: 0]   Hierarchy 5 shape: torch.Size([32, 6, 135])
[2025-11-14 18:31:46,009][src.models.modules.semantic_id.tiger_generation_model][WARNING] - [rank: 0]   Hierarchy 6 shape: torch.Size([32, 6, 135])
[2025-11-14 18:31:46,009][src.models.modules.semantic_id.tiger_generation_model][WARNING] - [rank: 0]   Hierarchy 7 shape: torch.Size([32, 6, 135])
[2025-11-14 18:31:46,498][src.models.modules.semantic_id.tiger_generation_model][INFO] - [rank: 0] Saved decoder self-attention to ./attention_weights/decoder_self_attention_batch_142.pt
[2025-11-14 18:31:46,499][src.models.modules.semantic_id.tiger_generation_model][INFO] - [rank: 0] Saved encoder attention to ./attention_weights/encoder_attention_batch_142.pt
[2025-11-14 18:31:46,499][src.models.modules.semantic_id.tiger_generation_model][INFO] - [rank: 0] Saved cross attention to ./attention_weights/cross_attention_batch_142.pt
[2025-11-14 18:31:46,506][src.models.modules.semantic_id.tiger_generation_model][INFO] - [rank: 0] 当前batch的生成语义ID Embedding相似度矩阵:
[[ 1.0000000e+00  1.4715728e-02  3.0334541e-03 -3.8239025e-02
  -6.4335098e-03 -1.7626267e-02 -2.7352979e-02  4.5087566e-03]
 [ 1.4715728e-02  1.0000000e+00 -4.7161016e-03  8.6002871e-03
  -7.8697382e-03  1.7137833e-02  8.2327463e-03 -2.4467124e-02]
 [ 3.0334541e-03 -4.7161016e-03  1.0000000e+00 -1.2511748e-02
   2.4820799e-02  1.5558134e-02 -2.8366012e-02 -7.5278943e-03]
 [-3.8239025e-02  8.6002871e-03 -1.2511748e-02  1.0000000e+00
  -2.0232275e-02 -4.5865146e-03 -1.7910339e-02  8.3344942e-03]
 [-6.4335098e-03 -7.8697382e-03  2.4820799e-02 -2.0232275e-02
   1.0000001e+00  3.5977084e-04 -1.9925438e-02  1.7264754e-02]
 [-1.7626267e-02  1.7137833e-02  1.5558134e-02 -4.5865146e-03
   3.5977084e-04  1.0000000e+00 -4.2991471e-02  1.0175486e-02]
 [-2.7352979e-02  8.2327463e-03 -2.8366012e-02 -1.7910339e-02
  -1.9925438e-02 -4.2991471e-02  1.0000000e+00 -1.9505206e-02]
 [ 4.5087566e-03 -2.4467124e-02 -7.5278943e-03  8.3344942e-03
   1.7264754e-02  1.0175486e-02 -1.9505206e-02  1.0000001e+00]]
[2025-11-14 18:31:46,826][src.models.modules.semantic_id.tiger_generation_model][INFO] - [rank: 0] 当前batch的输入Item Hierarchy Embedding相似度矩阵:
[[ 1.0000000e+00  9.5824804e-03 -1.2708498e-03 -1.8720401e-02
  -2.3421627e-03 -5.3036929e-04 -2.5098841e-03  1.2753202e-03]
 [ 9.5824804e-03  1.0000000e+00 -6.2313466e-03  7.4423533e-03
   3.1226277e-03 -6.5563637e-04 -4.2708148e-03  8.8461358e-03]
 [-1.2708498e-03 -6.2313466e-03  1.0000000e+00 -2.6517762e-03
   3.6773502e-03  1.8250581e-03 -1.6873371e-02  4.9968408e-03]
 [-1.8720401e-02  7.4423533e-03 -2.6517762e-03  1.0000000e+00
   1.9803811e-03 -7.5972290e-03  2.7271851e-03  1.0772375e-02]
 [-2.3421627e-03  3.1226277e-03  3.6773502e-03  1.9803811e-03
   1.0000000e+00 -4.2087869e-03 -1.3807530e-02  9.9002412e-03]
 [-5.3036929e-04 -6.5563637e-04  1.8250581e-03 -7.5972290e-03
  -4.2087869e-03  1.0000000e+00 -1.0675351e-02 -4.5377519e-03]
 [-2.5098841e-03 -4.2708148e-03 -1.6873371e-02  2.7271851e-03
  -1.3807530e-02 -1.0675351e-02  1.0000000e+00 -3.1661939e-02]
 [ 1.2753202e-03  8.8461358e-03  4.9968408e-03  1.0772375e-02
   9.9002412e-03 -4.5377519e-03 -3.1661939e-02  1.0000002e+00]]
[2025-11-14 18:31:48,146][src.models.modules.semantic_id.tiger_generation_model][WARNING] - [rank: 0] Failed to stack cross attentions: stack expects each tensor to be equal size, but got [32, 6, 135] at entry 0 and [32, 6, 2, 135] at entry 1
[2025-11-14 18:31:48,147][src.models.modules.semantic_id.tiger_generation_model][WARNING] - [rank: 0]   Hierarchy 0 shape: torch.Size([32, 6, 135])
[2025-11-14 18:31:48,147][src.models.modules.semantic_id.tiger_generation_model][WARNING] - [rank: 0]   Hierarchy 1 shape: torch.Size([32, 6, 2, 135])
[2025-11-14 18:31:48,147][src.models.modules.semantic_id.tiger_generation_model][WARNING] - [rank: 0]   Hierarchy 2 shape: torch.Size([32, 6, 135])
[2025-11-14 18:31:48,147][src.models.modules.semantic_id.tiger_generation_model][WARNING] - [rank: 0]   Hierarchy 3 shape: torch.Size([32, 6, 135])
[2025-11-14 18:31:48,147][src.models.modules.semantic_id.tiger_generation_model][WARNING] - [rank: 0]   Hierarchy 4 shape: torch.Size([32, 6, 135])
[2025-11-14 18:31:48,148][src.models.modules.semantic_id.tiger_generation_model][WARNING] - [rank: 0]   Hierarchy 5 shape: torch.Size([32, 6, 135])
[2025-11-14 18:31:48,148][src.models.modules.semantic_id.tiger_generation_model][WARNING] - [rank: 0]   Hierarchy 6 shape: torch.Size([32, 6, 135])
[2025-11-14 18:31:48,148][src.models.modules.semantic_id.tiger_generation_model][WARNING] - [rank: 0]   Hierarchy 7 shape: torch.Size([32, 6, 135])
[2025-11-14 18:31:48,783][src.models.modules.semantic_id.tiger_generation_model][INFO] - [rank: 0] Saved decoder self-attention to ./attention_weights/decoder_self_attention_batch_143.pt
[2025-11-14 18:31:48,784][src.models.modules.semantic_id.tiger_generation_model][INFO] - [rank: 0] Saved encoder attention to ./attention_weights/encoder_attention_batch_143.pt
[2025-11-14 18:31:48,784][src.models.modules.semantic_id.tiger_generation_model][INFO] - [rank: 0] Saved cross attention to ./attention_weights/cross_attention_batch_143.pt
[2025-11-14 18:31:48,790][src.models.modules.semantic_id.tiger_generation_model][INFO] - [rank: 0] 当前batch的生成语义ID Embedding相似度矩阵:
[[ 1.          0.07832695  0.04741885 -0.07901031 -0.12369794  0.07487725
  -0.00902172  0.00152274]
 [ 0.07832695  1.          0.01614488  0.03012006 -0.04466038 -0.00435644
  -0.06775907 -0.03193422]
 [ 0.04741885  0.01614488  1.          0.01095866  0.04635186 -0.02261113
  -0.0331041  -0.10450384]
 [-0.07901031  0.03012006  0.01095866  1.          0.02071684 -0.00718629
   0.03028595  0.0424268 ]
 [-0.12369794 -0.04466038  0.04635186  0.02071684  1.         -0.06563906
  -0.0096688   0.02659551]
 [ 0.07487725 -0.00435644 -0.02261113 -0.00718629 -0.06563906  1.
   0.00317284  0.01557868]
 [-0.00902172 -0.06775907 -0.0331041   0.03028595 -0.0096688   0.00317284
   1.         -0.05850109]
 [ 0.00152274 -0.03193422 -0.10450384  0.0424268   0.02659551  0.01557868
  -0.05850109  1.0000001 ]]
[2025-11-14 18:31:48,911][src.models.modules.semantic_id.tiger_generation_model][INFO] - [rank: 0] 当前batch的输入Item Hierarchy Embedding相似度矩阵:
[[ 1.0000000e+00 -2.1550078e-02  1.6030102e-03 -1.2396644e-03
   7.7638151e-03 -8.7009035e-03 -3.6499236e-02 -7.8197988e-03]
 [-2.1550078e-02  1.0000000e+00  3.5645147e-03 -1.9976569e-02
   4.4317520e-03 -2.4306998e-02 -3.7795871e-02  1.5465607e-02]
 [ 1.6030102e-03  3.5645147e-03  1.0000000e+00  1.0572250e-02
  -1.0629774e-02  9.6700189e-04  4.1496684e-03 -8.4808525e-03]
 [-1.2396644e-03 -1.9976569e-02  1.0572250e-02  1.0000000e+00
   6.9886101e-03 -2.4253165e-03 -1.6099257e-02  8.0507863e-03]
 [ 7.7638151e-03  4.4317520e-03 -1.0629774e-02  6.9886101e-03
   1.0000000e+00  2.1311991e-02 -8.3001284e-03  4.1861985e-02]
 [-8.7009035e-03 -2.4306998e-02  9.6700189e-04 -2.4253165e-03
   2.1311991e-02  1.0000000e+00  1.2873944e-03  2.2454215e-02]
 [-3.6499236e-02 -3.7795871e-02  4.1496684e-03 -1.6099257e-02
  -8.3001284e-03  1.2873944e-03  1.0000000e+00 -3.6865052e-02]
 [-7.8197988e-03  1.5465607e-02 -8.4808525e-03  8.0507863e-03
   4.1861985e-02  2.2454215e-02 -3.6865052e-02  1.0000001e+00]]
[2025-11-14 18:31:50,679][src.models.modules.semantic_id.tiger_generation_model][WARNING] - [rank: 0] Failed to stack cross attentions: stack expects each tensor to be equal size, but got [32, 6, 135] at entry 0 and [32, 6, 2, 135] at entry 1
[2025-11-14 18:31:50,680][src.models.modules.semantic_id.tiger_generation_model][WARNING] - [rank: 0]   Hierarchy 0 shape: torch.Size([32, 6, 135])
[2025-11-14 18:31:50,680][src.models.modules.semantic_id.tiger_generation_model][WARNING] - [rank: 0]   Hierarchy 1 shape: torch.Size([32, 6, 2, 135])
[2025-11-14 18:31:50,680][src.models.modules.semantic_id.tiger_generation_model][WARNING] - [rank: 0]   Hierarchy 2 shape: torch.Size([32, 6, 135])
[2025-11-14 18:31:50,681][src.models.modules.semantic_id.tiger_generation_model][WARNING] - [rank: 0]   Hierarchy 3 shape: torch.Size([32, 6, 135])
[2025-11-14 18:31:50,681][src.models.modules.semantic_id.tiger_generation_model][WARNING] - [rank: 0]   Hierarchy 4 shape: torch.Size([32, 6, 135])
[2025-11-14 18:31:50,681][src.models.modules.semantic_id.tiger_generation_model][WARNING] - [rank: 0]   Hierarchy 5 shape: torch.Size([32, 6, 135])
[2025-11-14 18:31:50,681][src.models.modules.semantic_id.tiger_generation_model][WARNING] - [rank: 0]   Hierarchy 6 shape: torch.Size([32, 6, 135])
[2025-11-14 18:31:50,682][src.models.modules.semantic_id.tiger_generation_model][WARNING] - [rank: 0]   Hierarchy 7 shape: torch.Size([32, 6, 135])
[2025-11-14 18:31:51,279][src.models.modules.semantic_id.tiger_generation_model][INFO] - [rank: 0] Saved decoder self-attention to ./attention_weights/decoder_self_attention_batch_144.pt
[2025-11-14 18:31:51,280][src.models.modules.semantic_id.tiger_generation_model][INFO] - [rank: 0] Saved encoder attention to ./attention_weights/encoder_attention_batch_144.pt
[2025-11-14 18:31:51,280][src.models.modules.semantic_id.tiger_generation_model][INFO] - [rank: 0] Saved cross attention to ./attention_weights/cross_attention_batch_144.pt
[2025-11-14 18:31:51,293][src.models.modules.semantic_id.tiger_generation_model][INFO] - [rank: 0] 当前batch的生成语义ID Embedding相似度矩阵:
[[ 1.0000000e+00 -4.5376271e-04  2.2726830e-02  2.7390916e-02
  -2.3868840e-02 -2.1597266e-02  1.3701679e-02  1.2384064e-02]
 [-4.5376271e-04  1.0000000e+00  2.1848060e-02 -1.5441929e-02
   3.7668686e-02 -1.1230269e-02 -9.1406964e-03  1.2111366e-02]
 [ 2.2726830e-02  2.1848060e-02  1.0000000e+00 -1.2079381e-02
   4.6813344e-03  2.5936209e-02  1.4438696e-02 -8.1714876e-03]
 [ 2.7390916e-02 -1.5441929e-02 -1.2079381e-02  1.0000000e+00
  -3.5641789e-02 -1.8698091e-02 -2.5937025e-02  1.2815519e-02]
 [-2.3868840e-02  3.7668686e-02  4.6813344e-03 -3.5641789e-02
   1.0000000e+00 -2.1401264e-02  1.7129775e-02 -2.1939322e-02]
 [-2.1597266e-02 -1.1230269e-02  2.5936209e-02 -1.8698091e-02
  -2.1401264e-02  1.0000000e+00  5.9382566e-03 -4.9528726e-03]
 [ 1.3701679e-02 -9.1406964e-03  1.4438696e-02 -2.5937025e-02
   1.7129775e-02  5.9382566e-03  1.0000000e+00 -4.3341976e-02]
 [ 1.2384064e-02  1.2111366e-02 -8.1714876e-03  1.2815519e-02
  -2.1939322e-02 -4.9528726e-03 -4.3341976e-02  1.0000001e+00]]
[2025-11-14 18:31:51,497][src.models.modules.semantic_id.tiger_generation_model][INFO] - [rank: 0] 当前batch的输入Item Hierarchy Embedding相似度矩阵:
[[ 1.00000000e+00 -6.74500363e-03  5.85842412e-03  1.04772532e-02
   7.43702753e-03 -6.59505138e-03 -3.66026233e-03  6.64065499e-03]
 [-6.74500363e-03  1.00000000e+00  5.09039359e-03 -1.40413065e-02
  -7.52407033e-03  3.30151524e-03 -6.31664833e-03 -4.04522894e-03]
 [ 5.85842412e-03  5.09039359e-03  1.00000000e+00  1.66347306e-02
   1.08632063e-02  7.41368858e-05  4.93751327e-03 -6.34479662e-03]
 [ 1.04772532e-02 -1.40413065e-02  1.66347306e-02  1.00000000e+00
  -6.41254417e-04 -5.99961076e-03 -7.67172500e-03  8.66795052e-03]
 [ 7.43702753e-03 -7.52407033e-03  1.08632063e-02 -6.41254417e-04
   1.00000000e+00  2.36886693e-03  5.28021622e-03  1.83353089e-02]
 [-6.59505138e-03  3.30151524e-03  7.41368858e-05 -5.99961076e-03
   2.36886693e-03  1.00000000e+00 -1.19494456e-04 -6.78090518e-03]
 [-3.66026233e-03 -6.31664833e-03  4.93751327e-03 -7.67172500e-03
   5.28021622e-03 -1.19494456e-04  1.00000000e+00 -6.67856038e-02]
 [ 6.64065499e-03 -4.04522894e-03 -6.34479662e-03  8.66795052e-03
   1.83353089e-02 -6.78090518e-03 -6.67856038e-02  1.00000024e+00]]
[2025-11-14 18:31:53,305][src.models.modules.semantic_id.tiger_generation_model][WARNING] - [rank: 0] Failed to stack cross attentions: stack expects each tensor to be equal size, but got [32, 6, 135] at entry 0 and [32, 6, 2, 135] at entry 1
[2025-11-14 18:31:53,305][src.models.modules.semantic_id.tiger_generation_model][WARNING] - [rank: 0]   Hierarchy 0 shape: torch.Size([32, 6, 135])
[2025-11-14 18:31:53,305][src.models.modules.semantic_id.tiger_generation_model][WARNING] - [rank: 0]   Hierarchy 1 shape: torch.Size([32, 6, 2, 135])
[2025-11-14 18:31:53,306][src.models.modules.semantic_id.tiger_generation_model][WARNING] - [rank: 0]   Hierarchy 2 shape: torch.Size([32, 6, 135])
[2025-11-14 18:31:53,306][src.models.modules.semantic_id.tiger_generation_model][WARNING] - [rank: 0]   Hierarchy 3 shape: torch.Size([32, 6, 135])
[2025-11-14 18:31:53,306][src.models.modules.semantic_id.tiger_generation_model][WARNING] - [rank: 0]   Hierarchy 4 shape: torch.Size([32, 6, 135])
[2025-11-14 18:31:53,306][src.models.modules.semantic_id.tiger_generation_model][WARNING] - [rank: 0]   Hierarchy 5 shape: torch.Size([32, 6, 135])
[2025-11-14 18:31:53,306][src.models.modules.semantic_id.tiger_generation_model][WARNING] - [rank: 0]   Hierarchy 6 shape: torch.Size([32, 6, 135])
[2025-11-14 18:31:53,307][src.models.modules.semantic_id.tiger_generation_model][WARNING] - [rank: 0]   Hierarchy 7 shape: torch.Size([32, 6, 135])
[2025-11-14 18:31:53,904][src.models.modules.semantic_id.tiger_generation_model][INFO] - [rank: 0] Saved decoder self-attention to ./attention_weights/decoder_self_attention_batch_145.pt
[2025-11-14 18:31:53,910][src.models.modules.semantic_id.tiger_generation_model][INFO] - [rank: 0] Saved encoder attention to ./attention_weights/encoder_attention_batch_145.pt
[2025-11-14 18:31:53,911][src.models.modules.semantic_id.tiger_generation_model][INFO] - [rank: 0] Saved cross attention to ./attention_weights/cross_attention_batch_145.pt
[2025-11-14 18:31:53,947][src.models.modules.semantic_id.tiger_generation_model][INFO] - [rank: 0] 当前batch的生成语义ID Embedding相似度矩阵:
[[ 1.0000000e+00  2.4301963e-02  1.3938174e-03 -2.3721557e-02
  -3.0782055e-02 -4.0395446e-02 -1.3822331e-02 -1.7898371e-02]
 [ 2.4301963e-02  9.9999994e-01  5.8737390e-02  2.8079832e-02
   1.7734658e-02 -6.9283033e-03  5.2167587e-03  3.6674656e-02]
 [ 1.3938174e-03  5.8737390e-02  1.0000000e+00  2.5583539e-02
  -1.9280154e-02 -1.0808953e-02  2.3392737e-02  5.0674528e-03]
 [-2.3721557e-02  2.8079832e-02  2.5583539e-02  1.0000000e+00
   1.1224866e-02  1.8281899e-02 -2.1247409e-02  8.4280956e-04]
 [-3.0782055e-02  1.7734658e-02 -1.9280154e-02  1.1224866e-02
   1.0000000e+00  7.0968689e-03 -2.0921368e-02  7.2192494e-03]
 [-4.0395446e-02 -6.9283033e-03 -1.0808953e-02  1.8281899e-02
   7.0968689e-03  1.0000000e+00 -3.3101678e-02  1.6998850e-02]
 [-1.3822331e-02  5.2167587e-03  2.3392737e-02 -2.1247409e-02
  -2.0921368e-02 -3.3101678e-02  1.0000000e+00 -3.5316419e-02]
 [-1.7898371e-02  3.6674656e-02  5.0674528e-03  8.4280956e-04
   7.2192494e-03  1.6998850e-02 -3.5316419e-02  1.0000001e+00]]
[2025-11-14 18:31:54,311][src.models.modules.semantic_id.tiger_generation_model][INFO] - [rank: 0] 当前batch的输入Item Hierarchy Embedding相似度矩阵:
[[ 9.99999940e-01  5.16192056e-03  4.89387428e-04  8.98854248e-03
  -2.20124936e-03 -1.25957401e-02 -1.71313416e-02 -3.77091416e-03]
 [ 5.16192056e-03  9.99999940e-01  8.50235578e-03 -1.87973049e-03
   2.74107978e-03 -1.08281923e-02 -1.13482624e-02  2.33025700e-02]
 [ 4.89387428e-04  8.50235578e-03  9.99999940e-01  7.85721000e-04
   2.84583471e-03 -6.31240662e-03 -4.27093916e-03 -2.92639364e-03]
 [ 8.98854248e-03 -1.87973049e-03  7.85721000e-04  9.99999940e-01
   2.22121016e-03  4.51979926e-03 -2.37507420e-03  7.31371669e-03]
 [-2.20124936e-03  2.74107978e-03  2.84583471e-03  2.22121016e-03
   9.99999940e-01  1.21649625e-02 -7.58253504e-03  8.16063024e-03]
 [-1.25957401e-02 -1.08281923e-02 -6.31240662e-03  4.51979926e-03
   1.21649625e-02  9.99999940e-01 -1.77381132e-02  1.58662349e-02]
 [-1.71313416e-02 -1.13482624e-02 -4.27093916e-03 -2.37507420e-03
  -7.58253504e-03 -1.77381132e-02  9.99999940e-01 -4.31776978e-02]
 [-3.77091416e-03  2.33025700e-02 -2.92639364e-03  7.31371669e-03
   8.16063024e-03  1.58662349e-02 -4.31776978e-02  1.00000012e+00]]
[2025-11-14 18:31:55,695][src.models.modules.semantic_id.tiger_generation_model][WARNING] - [rank: 0] Failed to stack cross attentions: stack expects each tensor to be equal size, but got [32, 6, 135] at entry 0 and [32, 6, 2, 135] at entry 1
[2025-11-14 18:31:55,696][src.models.modules.semantic_id.tiger_generation_model][WARNING] - [rank: 0]   Hierarchy 0 shape: torch.Size([32, 6, 135])
[2025-11-14 18:31:55,696][src.models.modules.semantic_id.tiger_generation_model][WARNING] - [rank: 0]   Hierarchy 1 shape: torch.Size([32, 6, 2, 135])
[2025-11-14 18:31:55,697][src.models.modules.semantic_id.tiger_generation_model][WARNING] - [rank: 0]   Hierarchy 2 shape: torch.Size([32, 6, 135])
[2025-11-14 18:31:55,697][src.models.modules.semantic_id.tiger_generation_model][WARNING] - [rank: 0]   Hierarchy 3 shape: torch.Size([32, 6, 135])
[2025-11-14 18:31:55,697][src.models.modules.semantic_id.tiger_generation_model][WARNING] - [rank: 0]   Hierarchy 4 shape: torch.Size([32, 6, 135])
[2025-11-14 18:31:55,697][src.models.modules.semantic_id.tiger_generation_model][WARNING] - [rank: 0]   Hierarchy 5 shape: torch.Size([32, 6, 135])
[2025-11-14 18:31:55,698][src.models.modules.semantic_id.tiger_generation_model][WARNING] - [rank: 0]   Hierarchy 6 shape: torch.Size([32, 6, 135])
[2025-11-14 18:31:55,698][src.models.modules.semantic_id.tiger_generation_model][WARNING] - [rank: 0]   Hierarchy 7 shape: torch.Size([32, 6, 135])
[2025-11-14 18:31:56,491][src.models.modules.semantic_id.tiger_generation_model][INFO] - [rank: 0] Saved decoder self-attention to ./attention_weights/decoder_self_attention_batch_146.pt
[2025-11-14 18:31:56,491][src.models.modules.semantic_id.tiger_generation_model][INFO] - [rank: 0] Saved encoder attention to ./attention_weights/encoder_attention_batch_146.pt
[2025-11-14 18:31:56,492][src.models.modules.semantic_id.tiger_generation_model][INFO] - [rank: 0] Saved cross attention to ./attention_weights/cross_attention_batch_146.pt
[2025-11-14 18:31:56,510][src.models.modules.semantic_id.tiger_generation_model][INFO] - [rank: 0] 当前batch的生成语义ID Embedding相似度矩阵:
[[ 1.0000000e+00 -4.8752441e-03  4.9902387e-03  3.2777231e-02
   1.2956905e-02 -2.5819074e-02  2.1260064e-03  9.1589824e-04]
 [-4.8752441e-03  1.0000000e+00  3.5839677e-02 -3.7285034e-03
   7.1688509e-03 -2.5644291e-02 -1.1073844e-02 -5.0435308e-04]
 [ 4.9902387e-03  3.5839677e-02  1.0000000e+00 -3.8919589e-03
   2.1353554e-02  1.3498551e-02  1.2770362e-02  5.6849602e-03]
 [ 3.2777231e-02 -3.7285034e-03 -3.8919589e-03  1.0000000e+00
  -2.4543645e-02 -6.3101402e-03 -6.1402768e-03 -7.5739957e-03]
 [ 1.2956905e-02  7.1688509e-03  2.1353554e-02 -2.4543645e-02
   1.0000000e+00 -2.0492442e-02  1.8532652e-02 -7.1776202e-03]
 [-2.5819074e-02 -2.5644291e-02  1.3498551e-02 -6.3101402e-03
  -2.0492442e-02  1.0000000e+00 -3.1300660e-02  1.2401920e-03]
 [ 2.1260064e-03 -1.1073844e-02  1.2770362e-02 -6.1402768e-03
   1.8532652e-02 -3.1300660e-02  1.0000000e+00 -2.9857796e-02]
 [ 9.1589824e-04 -5.0435308e-04  5.6849602e-03 -7.5739957e-03
  -7.1776202e-03  1.2401920e-03 -2.9857796e-02  1.0000001e+00]]
[2025-11-14 18:31:56,812][src.models.modules.semantic_id.tiger_generation_model][INFO] - [rank: 0] 当前batch的输入Item Hierarchy Embedding相似度矩阵:
[[ 1.0000000e+00  1.8068517e-02 -1.0592085e-02 -6.4857914e-03
   2.9952936e-03  9.5596677e-03 -1.8187735e-02 -1.2253469e-02]
 [ 1.8068517e-02  1.0000000e+00  1.4052395e-02  2.1992242e-03
   5.5868877e-03  1.1888904e-02  9.2656602e-04  1.1988176e-02]
 [-1.0592085e-02  1.4052395e-02  1.0000000e+00  5.1112715e-03
   3.2703218e-03  2.9628707e-02 -6.8642292e-03 -8.2207960e-04]
 [-6.4857914e-03  2.1992242e-03  5.1112715e-03  1.0000000e+00
   1.0813337e-03 -1.6922031e-02  1.6629480e-02  6.9384277e-03]
 [ 2.9952936e-03  5.5868877e-03  3.2703218e-03  1.0813337e-03
   1.0000000e+00 -1.6853146e-02 -5.2451729e-03  7.2016981e-03]
 [ 9.5596677e-03  1.1888904e-02  2.9628707e-02 -1.6922031e-02
  -1.6853146e-02  1.0000000e+00 -6.2476909e-03 -9.3478402e-03]
 [-1.8187735e-02  9.2656602e-04 -6.8642292e-03  1.6629480e-02
  -5.2451729e-03 -6.2476909e-03  1.0000000e+00 -5.0887402e-02]
 [-1.2253469e-02  1.1988176e-02 -8.2207960e-04  6.9384277e-03
   7.2016981e-03 -9.3478402e-03 -5.0887402e-02  1.0000001e+00]]
[2025-11-14 18:31:57,779][src.models.modules.semantic_id.tiger_generation_model][WARNING] - [rank: 0] Failed to stack cross attentions: stack expects each tensor to be equal size, but got [32, 6, 135] at entry 0 and [32, 6, 2, 135] at entry 1
[2025-11-14 18:31:57,779][src.models.modules.semantic_id.tiger_generation_model][WARNING] - [rank: 0]   Hierarchy 0 shape: torch.Size([32, 6, 135])
[2025-11-14 18:31:57,779][src.models.modules.semantic_id.tiger_generation_model][WARNING] - [rank: 0]   Hierarchy 1 shape: torch.Size([32, 6, 2, 135])
[2025-11-14 18:31:57,780][src.models.modules.semantic_id.tiger_generation_model][WARNING] - [rank: 0]   Hierarchy 2 shape: torch.Size([32, 6, 135])
[2025-11-14 18:31:57,780][src.models.modules.semantic_id.tiger_generation_model][WARNING] - [rank: 0]   Hierarchy 3 shape: torch.Size([32, 6, 135])
[2025-11-14 18:31:57,780][src.models.modules.semantic_id.tiger_generation_model][WARNING] - [rank: 0]   Hierarchy 4 shape: torch.Size([32, 6, 135])
[2025-11-14 18:31:57,780][src.models.modules.semantic_id.tiger_generation_model][WARNING] - [rank: 0]   Hierarchy 5 shape: torch.Size([32, 6, 135])
[2025-11-14 18:31:57,781][src.models.modules.semantic_id.tiger_generation_model][WARNING] - [rank: 0]   Hierarchy 6 shape: torch.Size([32, 6, 135])
[2025-11-14 18:31:57,781][src.models.modules.semantic_id.tiger_generation_model][WARNING] - [rank: 0]   Hierarchy 7 shape: torch.Size([32, 6, 135])
[2025-11-14 18:31:58,761][src.models.modules.semantic_id.tiger_generation_model][INFO] - [rank: 0] Saved decoder self-attention to ./attention_weights/decoder_self_attention_batch_147.pt
[2025-11-14 18:31:58,762][src.models.modules.semantic_id.tiger_generation_model][INFO] - [rank: 0] Saved encoder attention to ./attention_weights/encoder_attention_batch_147.pt
[2025-11-14 18:31:58,762][src.models.modules.semantic_id.tiger_generation_model][INFO] - [rank: 0] Saved cross attention to ./attention_weights/cross_attention_batch_147.pt
[2025-11-14 18:31:58,770][src.models.modules.semantic_id.tiger_generation_model][INFO] - [rank: 0] 当前batch的生成语义ID Embedding相似度矩阵:
[[ 1.         -0.02125819 -0.02686341 -0.04958646 -0.04112697  0.00751201
  -0.05214152 -0.02172983]
 [-0.02125819  1.         -0.0368398  -0.00479788 -0.02834767  0.00688952
  -0.02222976 -0.04276533]
 [-0.02686341 -0.0368398   1.          0.00663248  0.02201352  0.04896173
   0.01986651 -0.04306764]
 [-0.04958646 -0.00479788  0.00663248  1.         -0.06370447  0.07564791
  -0.01429211  0.08315363]
 [-0.04112697 -0.02834767  0.02201352 -0.06370447  1.         -0.05979372
  -0.04274142  0.06613176]
 [ 0.00751201  0.00688952  0.04896173  0.07564791 -0.05979372  1.0000002
  -0.03106913 -0.00106311]
 [-0.05214152 -0.02222976  0.01986651 -0.01429211 -0.04274142 -0.03106913
   1.         -0.01505491]
 [-0.02172983 -0.04276533 -0.04306764  0.08315363  0.06613176 -0.00106311
  -0.01505491  1.0000001 ]]
[2025-11-14 18:31:58,891][src.models.modules.semantic_id.tiger_generation_model][INFO] - [rank: 0] 当前batch的输入Item Hierarchy Embedding相似度矩阵:
[[ 1.00000000e+00 -1.50293028e-02  1.61844064e-02 -1.85244642e-02
   2.50411639e-03  1.87873677e-03  1.51536390e-02 -1.16388984e-02]
 [-1.50293028e-02  1.00000000e+00 -1.92989334e-02 -5.04131196e-04
  -6.54913951e-04 -1.00601930e-02 -9.17109312e-04  1.25416145e-02]
 [ 1.61844064e-02 -1.92989334e-02  1.00000000e+00 -9.60050989e-03
  -1.65076496e-03 -5.78089105e-03 -1.03947939e-02 -3.03384056e-03]
 [-1.85244642e-02 -5.04131196e-04 -9.60050989e-03  1.00000000e+00
  -1.25157069e-02  1.08195590e-02 -6.73257792e-03  7.67115224e-03]
 [ 2.50411639e-03 -6.54913951e-04 -1.65076496e-03 -1.25157069e-02
   1.00000000e+00  2.84050335e-03  5.00261970e-03  1.92572903e-02]
 [ 1.87873677e-03 -1.00601930e-02 -5.78089105e-03  1.08195590e-02
   2.84050335e-03  1.00000000e+00 -1.26281381e-02  4.61018505e-03]
 [ 1.51536390e-02 -9.17109312e-04 -1.03947939e-02 -6.73257792e-03
   5.00261970e-03 -1.26281381e-02  1.00000000e+00 -2.86491066e-02]
 [-1.16388984e-02  1.25416145e-02 -3.03384056e-03  7.67115224e-03
   1.92572903e-02  4.61018505e-03 -2.86491066e-02  1.00000012e+00]]
[2025-11-14 18:31:59,851][src.models.modules.semantic_id.tiger_generation_model][WARNING] - [rank: 0] Failed to stack cross attentions: stack expects each tensor to be equal size, but got [32, 6, 135] at entry 0 and [32, 6, 2, 135] at entry 1
[2025-11-14 18:31:59,852][src.models.modules.semantic_id.tiger_generation_model][WARNING] - [rank: 0]   Hierarchy 0 shape: torch.Size([32, 6, 135])
[2025-11-14 18:31:59,852][src.models.modules.semantic_id.tiger_generation_model][WARNING] - [rank: 0]   Hierarchy 1 shape: torch.Size([32, 6, 2, 135])
[2025-11-14 18:31:59,852][src.models.modules.semantic_id.tiger_generation_model][WARNING] - [rank: 0]   Hierarchy 2 shape: torch.Size([32, 6, 135])
[2025-11-14 18:31:59,852][src.models.modules.semantic_id.tiger_generation_model][WARNING] - [rank: 0]   Hierarchy 3 shape: torch.Size([32, 6, 135])
[2025-11-14 18:31:59,852][src.models.modules.semantic_id.tiger_generation_model][WARNING] - [rank: 0]   Hierarchy 4 shape: torch.Size([32, 6, 135])
[2025-11-14 18:31:59,853][src.models.modules.semantic_id.tiger_generation_model][WARNING] - [rank: 0]   Hierarchy 5 shape: torch.Size([32, 6, 135])
[2025-11-14 18:31:59,853][src.models.modules.semantic_id.tiger_generation_model][WARNING] - [rank: 0]   Hierarchy 6 shape: torch.Size([32, 6, 135])
[2025-11-14 18:31:59,853][src.models.modules.semantic_id.tiger_generation_model][WARNING] - [rank: 0]   Hierarchy 7 shape: torch.Size([32, 6, 135])
[2025-11-14 18:32:00,851][src.models.modules.semantic_id.tiger_generation_model][INFO] - [rank: 0] Saved decoder self-attention to ./attention_weights/decoder_self_attention_batch_148.pt
[2025-11-14 18:32:00,852][src.models.modules.semantic_id.tiger_generation_model][INFO] - [rank: 0] Saved encoder attention to ./attention_weights/encoder_attention_batch_148.pt
[2025-11-14 18:32:00,852][src.models.modules.semantic_id.tiger_generation_model][INFO] - [rank: 0] Saved cross attention to ./attention_weights/cross_attention_batch_148.pt
[2025-11-14 18:32:00,860][src.models.modules.semantic_id.tiger_generation_model][INFO] - [rank: 0] 当前batch的生成语义ID Embedding相似度矩阵:
[[ 1.          0.02819601 -0.01242565  0.03386492 -0.02531129 -0.00446893
  -0.00470585 -0.01335612]
 [ 0.02819601  0.9999999  -0.00409959  0.0101988   0.012137    0.02257875
  -0.0089724  -0.00633532]
 [-0.01242565 -0.00409959  1.          0.00743368 -0.03477164  0.05014707
  -0.02369481  0.05920273]
 [ 0.03386492  0.0101988   0.00743368  1.         -0.01891015 -0.0095604
  -0.03108868  0.0207181 ]
 [-0.02531129  0.012137   -0.03477164 -0.01891015  1.          0.01074619
   0.00174595 -0.02404139]
 [-0.00446893  0.02257875  0.05014707 -0.0095604   0.01074619  1.
  -0.03335867  0.02280172]
 [-0.00470585 -0.0089724  -0.02369481 -0.03108868  0.00174595 -0.03335867
   1.         -0.01011833]
 [-0.01335612 -0.00633532  0.05920273  0.0207181  -0.02404139  0.02280172
  -0.01011833  1.0000001 ]]
[2025-11-14 18:32:01,207][src.models.modules.semantic_id.tiger_generation_model][INFO] - [rank: 0] 当前batch的输入Item Hierarchy Embedding相似度矩阵:
[[ 1.00000000e+00 -7.14052608e-03 -4.45855130e-03 -6.90311100e-03
  -8.85627139e-03  4.55975533e-03 -6.31802576e-03  6.97683962e-03]
 [-7.14052608e-03  1.00000000e+00  1.91044144e-03  1.80492050e-03
  -7.46620353e-04  1.59688853e-02 -7.04453979e-03  1.96933970e-02]
 [-4.45855130e-03  1.91044144e-03  1.00000000e+00 -1.22014005e-02
  -7.76508881e-04  9.38571431e-03 -9.87938605e-03 -7.42494874e-03]
 [-6.90311100e-03  1.80492050e-03 -1.22014005e-02  1.00000000e+00
   6.65374659e-03  3.31171649e-03 -1.72191858e-02 -1.30633637e-03]
 [-8.85627139e-03 -7.46620353e-04 -7.76508881e-04  6.65374659e-03
   1.00000000e+00  4.99308715e-03 -9.07657482e-03  1.02807377e-02]
 [ 4.55975533e-03  1.59688853e-02  9.38571431e-03  3.31171649e-03
   4.99308715e-03  1.00000000e+00 -9.05777619e-04  3.68286530e-03]
 [-6.31802576e-03 -7.04453979e-03 -9.87938605e-03 -1.72191858e-02
  -9.07657482e-03 -9.05777619e-04  1.00000000e+00 -4.81987484e-02]
 [ 6.97683962e-03  1.96933970e-02 -7.42494874e-03 -1.30633637e-03
   1.02807377e-02  3.68286530e-03 -4.81987484e-02  1.00000024e+00]]
[2025-11-14 18:32:02,097][src.models.modules.semantic_id.tiger_generation_model][WARNING] - [rank: 0] Failed to stack cross attentions: stack expects each tensor to be equal size, but got [32, 6, 135] at entry 0 and [32, 6, 2, 135] at entry 1
[2025-11-14 18:32:02,098][src.models.modules.semantic_id.tiger_generation_model][WARNING] - [rank: 0]   Hierarchy 0 shape: torch.Size([32, 6, 135])
[2025-11-14 18:32:02,098][src.models.modules.semantic_id.tiger_generation_model][WARNING] - [rank: 0]   Hierarchy 1 shape: torch.Size([32, 6, 2, 135])
[2025-11-14 18:32:02,098][src.models.modules.semantic_id.tiger_generation_model][WARNING] - [rank: 0]   Hierarchy 2 shape: torch.Size([32, 6, 135])
[2025-11-14 18:32:02,099][src.models.modules.semantic_id.tiger_generation_model][WARNING] - [rank: 0]   Hierarchy 3 shape: torch.Size([32, 6, 135])
[2025-11-14 18:32:02,099][src.models.modules.semantic_id.tiger_generation_model][WARNING] - [rank: 0]   Hierarchy 4 shape: torch.Size([32, 6, 135])
[2025-11-14 18:32:02,099][src.models.modules.semantic_id.tiger_generation_model][WARNING] - [rank: 0]   Hierarchy 5 shape: torch.Size([32, 6, 135])
[2025-11-14 18:32:02,099][src.models.modules.semantic_id.tiger_generation_model][WARNING] - [rank: 0]   Hierarchy 6 shape: torch.Size([32, 6, 135])
[2025-11-14 18:32:02,099][src.models.modules.semantic_id.tiger_generation_model][WARNING] - [rank: 0]   Hierarchy 7 shape: torch.Size([32, 6, 135])
[2025-11-14 18:32:03,092][src.models.modules.semantic_id.tiger_generation_model][INFO] - [rank: 0] Saved decoder self-attention to ./attention_weights/decoder_self_attention_batch_149.pt
[2025-11-14 18:32:03,092][src.models.modules.semantic_id.tiger_generation_model][INFO] - [rank: 0] Saved encoder attention to ./attention_weights/encoder_attention_batch_149.pt
[2025-11-14 18:32:03,093][src.models.modules.semantic_id.tiger_generation_model][INFO] - [rank: 0] Saved cross attention to ./attention_weights/cross_attention_batch_149.pt
[2025-11-14 18:32:03,106][src.models.modules.semantic_id.tiger_generation_model][INFO] - [rank: 0] 当前batch的生成语义ID Embedding相似度矩阵:
[[ 1.0000000e+00  4.4493120e-02 -3.6572106e-04  3.1456694e-02
  -1.7803615e-02 -3.7451882e-02 -1.9878916e-02  6.6129528e-03]
 [ 4.4493120e-02  1.0000000e+00  2.0660527e-02  9.8915473e-03
   2.4261545e-02  1.9862361e-02  7.1727219e-03 -3.1245679e-02]
 [-3.6572106e-04  2.0660527e-02  1.0000000e+00  6.7636678e-03
  -3.2381691e-02  4.3410826e-03  3.6895433e-03  7.0545115e-03]
 [ 3.1456694e-02  9.8915473e-03  6.7636678e-03  1.0000000e+00
  -1.5571468e-02 -5.0272848e-03 -2.1599904e-02  1.1303216e-02]
 [-1.7803615e-02  2.4261545e-02 -3.2381691e-02 -1.5571468e-02
   1.0000000e+00 -7.3642647e-03 -3.0505203e-02  2.1233937e-02]
 [-3.7451882e-02  1.9862361e-02  4.3410826e-03 -5.0272848e-03
  -7.3642647e-03  1.0000001e+00 -1.3134414e-03 -1.0247383e-02]
 [-1.9878916e-02  7.1727219e-03  3.6895433e-03 -2.1599904e-02
  -3.0505203e-02 -1.3134414e-03  1.0000000e+00 -7.2280824e-02]
 [ 6.6129528e-03 -3.1245679e-02  7.0545115e-03  1.1303216e-02
   2.1233937e-02 -1.0247383e-02 -7.2280824e-02  1.0000001e+00]]
[2025-11-14 18:32:03,401][src.models.modules.semantic_id.tiger_generation_model][INFO] - [rank: 0] 当前batch的输入Item Hierarchy Embedding相似度矩阵:
[[ 1.00000000e+00  5.67252701e-03  2.87123746e-03  1.64771527e-02
  -2.54082191e-03  6.80631539e-03  8.33021384e-03 -1.01622194e-04]
 [ 5.67252701e-03  1.00000000e+00 -6.38734258e-04  1.05290217e-02
   7.93427415e-03 -4.49552760e-03 -7.69333914e-03  3.20773892e-04]
 [ 2.87123746e-03 -6.38734258e-04  1.00000000e+00 -6.92374632e-03
   1.56545676e-02 -1.96243403e-03 -1.47793628e-02  1.70394219e-02]
 [ 1.64771527e-02  1.05290217e-02 -6.92374632e-03  1.00000000e+00
  -8.54219403e-03  6.52484735e-03 -2.01893952e-02  1.37921772e-04]
 [-2.54082191e-03  7.93427415e-03  1.56545676e-02 -8.54219403e-03
   1.00000000e+00  3.28993192e-03 -8.52090772e-03  9.15048551e-03]
 [ 6.80631539e-03 -4.49552760e-03 -1.96243403e-03  6.52484735e-03
   3.28993192e-03  1.00000000e+00 -1.34124067e-02  1.06891748e-02]
 [ 8.33021384e-03 -7.69333914e-03 -1.47793628e-02 -2.01893952e-02
  -8.52090772e-03 -1.34124067e-02  1.00000000e+00 -3.60411033e-02]
 [-1.01622194e-04  3.20773892e-04  1.70394219e-02  1.37921772e-04
   9.15048551e-03  1.06891748e-02 -3.60411033e-02  1.00000024e+00]]
[2025-11-14 18:32:04,631][src.models.modules.semantic_id.tiger_generation_model][WARNING] - [rank: 0] Failed to stack cross attentions: stack expects each tensor to be equal size, but got [32, 6, 135] at entry 0 and [32, 6, 2, 135] at entry 1
[2025-11-14 18:32:04,631][src.models.modules.semantic_id.tiger_generation_model][WARNING] - [rank: 0]   Hierarchy 0 shape: torch.Size([32, 6, 135])
[2025-11-14 18:32:04,632][src.models.modules.semantic_id.tiger_generation_model][WARNING] - [rank: 0]   Hierarchy 1 shape: torch.Size([32, 6, 2, 135])
[2025-11-14 18:32:04,632][src.models.modules.semantic_id.tiger_generation_model][WARNING] - [rank: 0]   Hierarchy 2 shape: torch.Size([32, 6, 135])
[2025-11-14 18:32:04,632][src.models.modules.semantic_id.tiger_generation_model][WARNING] - [rank: 0]   Hierarchy 3 shape: torch.Size([32, 6, 135])
[2025-11-14 18:32:04,632][src.models.modules.semantic_id.tiger_generation_model][WARNING] - [rank: 0]   Hierarchy 4 shape: torch.Size([32, 6, 135])
[2025-11-14 18:32:04,632][src.models.modules.semantic_id.tiger_generation_model][WARNING] - [rank: 0]   Hierarchy 5 shape: torch.Size([32, 6, 135])
[2025-11-14 18:32:04,632][src.models.modules.semantic_id.tiger_generation_model][WARNING] - [rank: 0]   Hierarchy 6 shape: torch.Size([32, 6, 135])
[2025-11-14 18:32:04,633][src.models.modules.semantic_id.tiger_generation_model][WARNING] - [rank: 0]   Hierarchy 7 shape: torch.Size([32, 6, 135])
[2025-11-14 18:32:05,562][src.models.modules.semantic_id.tiger_generation_model][INFO] - [rank: 0] Saved decoder self-attention to ./attention_weights/decoder_self_attention_batch_150.pt
[2025-11-14 18:32:05,563][src.models.modules.semantic_id.tiger_generation_model][INFO] - [rank: 0] Saved encoder attention to ./attention_weights/encoder_attention_batch_150.pt
[2025-11-14 18:32:05,563][src.models.modules.semantic_id.tiger_generation_model][INFO] - [rank: 0] Saved cross attention to ./attention_weights/cross_attention_batch_150.pt
[2025-11-14 18:32:05,569][src.models.modules.semantic_id.tiger_generation_model][INFO] - [rank: 0] 当前batch的生成语义ID Embedding相似度矩阵:
[[ 1.          0.04549838  0.00402372 -0.04282816 -0.07247544  0.04210698
   0.0155778   0.00523566]
 [ 0.04549838  1.          0.01460814  0.03482589 -0.024343   -0.00527256
  -0.0602957  -0.01773541]
 [ 0.00402372  0.01460814  1.          0.01292666  0.05046167 -0.00394114
  -0.02224089 -0.03518708]
 [-0.04282816  0.03482589  0.01292666  1.          0.01934416 -0.00401807
   0.01988043  0.03382907]
 [-0.07247544 -0.024343    0.05046167  0.01934416  1.         -0.0166048
  -0.01322672  0.01239899]
 [ 0.04210698 -0.00527256 -0.00394114 -0.00401807 -0.0166048   1.
  -0.00849529  0.02421082]
 [ 0.0155778  -0.0602957  -0.02224089  0.01988043 -0.01322672 -0.00849529
   1.         -0.03388089]
 [ 0.00523566 -0.01773541 -0.03518708  0.03382907  0.01239899  0.02421082
  -0.03388089  1.0000001 ]]
[2025-11-14 18:32:05,837][src.models.modules.semantic_id.tiger_generation_model][INFO] - [rank: 0] 当前batch的输入Item Hierarchy Embedding相似度矩阵:
[[ 9.9999994e-01 -8.9304037e-03  5.3020846e-03 -6.6132532e-03
  -1.3064260e-03 -5.9278272e-03 -1.1628213e-02 -1.7247738e-02]
 [-8.9304037e-03  9.9999994e-01 -3.4858480e-03 -5.2001863e-03
  -1.3286902e-02 -8.2750525e-03 -3.0824099e-02  1.4621455e-02]
 [ 5.3020846e-03 -3.4858480e-03  9.9999994e-01 -6.5874550e-03
   8.4231747e-04  1.9928422e-03 -4.2339247e-03  5.3292396e-03]
 [-6.6132532e-03 -5.2001863e-03 -6.5874550e-03  9.9999994e-01
   3.9029419e-03  2.0371582e-03 -1.9022031e-02  3.9124116e-03]
 [-1.3064260e-03 -1.3286902e-02  8.4231747e-04  3.9029419e-03
   9.9999994e-01  2.7037291e-03  4.9543162e-03  2.5747020e-02]
 [-5.9278272e-03 -8.2750525e-03  1.9928422e-03  2.0371582e-03
   2.7037291e-03  9.9999994e-01 -4.8783859e-03 -5.8712754e-03]
 [-1.1628213e-02 -3.0824099e-02 -4.2339247e-03 -1.9022031e-02
   4.9543162e-03 -4.8783859e-03  9.9999994e-01 -4.1571617e-02]
 [-1.7247738e-02  1.4621455e-02  5.3292396e-03  3.9124116e-03
   2.5747020e-02 -5.8712754e-03 -4.1571617e-02  1.0000001e+00]]
[2025-11-14 18:32:06,680][src.models.modules.semantic_id.tiger_generation_model][WARNING] - [rank: 0] Failed to stack cross attentions: stack expects each tensor to be equal size, but got [32, 6, 135] at entry 0 and [32, 6, 2, 135] at entry 1
[2025-11-14 18:32:06,681][src.models.modules.semantic_id.tiger_generation_model][WARNING] - [rank: 0]   Hierarchy 0 shape: torch.Size([32, 6, 135])
[2025-11-14 18:32:06,681][src.models.modules.semantic_id.tiger_generation_model][WARNING] - [rank: 0]   Hierarchy 1 shape: torch.Size([32, 6, 2, 135])
[2025-11-14 18:32:06,681][src.models.modules.semantic_id.tiger_generation_model][WARNING] - [rank: 0]   Hierarchy 2 shape: torch.Size([32, 6, 135])
[2025-11-14 18:32:06,681][src.models.modules.semantic_id.tiger_generation_model][WARNING] - [rank: 0]   Hierarchy 3 shape: torch.Size([32, 6, 135])
[2025-11-14 18:32:06,681][src.models.modules.semantic_id.tiger_generation_model][WARNING] - [rank: 0]   Hierarchy 4 shape: torch.Size([32, 6, 135])
[2025-11-14 18:32:06,682][src.models.modules.semantic_id.tiger_generation_model][WARNING] - [rank: 0]   Hierarchy 5 shape: torch.Size([32, 6, 135])
[2025-11-14 18:32:06,682][src.models.modules.semantic_id.tiger_generation_model][WARNING] - [rank: 0]   Hierarchy 6 shape: torch.Size([32, 6, 135])
[2025-11-14 18:32:06,682][src.models.modules.semantic_id.tiger_generation_model][WARNING] - [rank: 0]   Hierarchy 7 shape: torch.Size([32, 6, 135])
[2025-11-14 18:32:07,457][src.models.modules.semantic_id.tiger_generation_model][INFO] - [rank: 0] Saved decoder self-attention to ./attention_weights/decoder_self_attention_batch_151.pt
[2025-11-14 18:32:07,458][src.models.modules.semantic_id.tiger_generation_model][INFO] - [rank: 0] Saved encoder attention to ./attention_weights/encoder_attention_batch_151.pt
[2025-11-14 18:32:07,458][src.models.modules.semantic_id.tiger_generation_model][INFO] - [rank: 0] Saved cross attention to ./attention_weights/cross_attention_batch_151.pt
[2025-11-14 18:32:07,466][src.models.modules.semantic_id.tiger_generation_model][INFO] - [rank: 0] 当前batch的生成语义ID Embedding相似度矩阵:
[[ 1.          0.0235515   0.02357873 -0.02083138 -0.01279903 -0.00240219
  -0.01987217  0.01004121]
 [ 0.0235515   1.          0.02202695 -0.00698407 -0.03468702 -0.04418915
  -0.00119802 -0.02195235]
 [ 0.02357873  0.02202695  1.         -0.0151088   0.01775719 -0.01489754
  -0.01199533 -0.04370118]
 [-0.02083138 -0.00698407 -0.0151088   1.         -0.00622651 -0.00496868
  -0.02140164  0.0247236 ]
 [-0.01279903 -0.03468702  0.01775719 -0.00622651  1.         -0.03558431
  -0.01268806 -0.00357109]
 [-0.00240219 -0.04418915 -0.01489754 -0.00496868 -0.03558431  1.0000001
  -0.01487656  0.0105307 ]
 [-0.01987217 -0.00119802 -0.01199533 -0.02140164 -0.01268806 -0.01487656
   1.         -0.03223887]
 [ 0.01004121 -0.02195235 -0.04370118  0.0247236  -0.00357109  0.0105307
  -0.03223887  1.0000001 ]]
[2025-11-14 18:32:07,960][src.models.modules.semantic_id.tiger_generation_model][INFO] - [rank: 0] 当前batch的输入Item Hierarchy Embedding相似度矩阵:
[[ 9.99999940e-01  5.79668861e-03  1.70988813e-02 -6.99188095e-04
  -9.78783611e-03  3.31775239e-03 -1.15718711e-02 -1.60814300e-02]
 [ 5.79668861e-03  9.99999940e-01  6.16371818e-03  1.99571950e-03
   4.75887628e-03 -1.77831855e-02 -1.05790123e-02  5.88000380e-03]
 [ 1.70988813e-02  6.16371818e-03  9.99999940e-01 -1.29454779e-02
   9.05168522e-03  6.23636227e-03 -1.47271324e-02 -8.28847196e-03]
 [-6.99188095e-04  1.99571950e-03 -1.29454779e-02  9.99999940e-01
  -9.24914423e-03  1.02271764e-02 -3.94037366e-03 -7.63135357e-03]
 [-9.78783611e-03  4.75887628e-03  9.05168522e-03 -9.24914423e-03
   9.99999940e-01  9.31724207e-04 -1.16477575e-04  9.16513894e-03]
 [ 3.31775239e-03 -1.77831855e-02  6.23636227e-03  1.02271764e-02
   9.31724207e-04  9.99999940e-01 -1.01073300e-02  3.68628744e-03]
 [-1.15718711e-02 -1.05790123e-02 -1.47271324e-02 -3.94037366e-03
  -1.16477575e-04 -1.01073300e-02  9.99999940e-01 -4.63973247e-02]
 [-1.60814300e-02  5.88000380e-03 -8.28847196e-03 -7.63135357e-03
   9.16513894e-03  3.68628744e-03 -4.63973247e-02  1.00000012e+00]]
[2025-11-14 18:32:09,060][src.models.modules.semantic_id.tiger_generation_model][WARNING] - [rank: 0] Failed to stack cross attentions: stack expects each tensor to be equal size, but got [32, 6, 135] at entry 0 and [32, 6, 2, 135] at entry 1
[2025-11-14 18:32:09,060][src.models.modules.semantic_id.tiger_generation_model][WARNING] - [rank: 0]   Hierarchy 0 shape: torch.Size([32, 6, 135])
[2025-11-14 18:32:09,061][src.models.modules.semantic_id.tiger_generation_model][WARNING] - [rank: 0]   Hierarchy 1 shape: torch.Size([32, 6, 2, 135])
[2025-11-14 18:32:09,061][src.models.modules.semantic_id.tiger_generation_model][WARNING] - [rank: 0]   Hierarchy 2 shape: torch.Size([32, 6, 135])
[2025-11-14 18:32:09,062][src.models.modules.semantic_id.tiger_generation_model][WARNING] - [rank: 0]   Hierarchy 3 shape: torch.Size([32, 6, 135])
[2025-11-14 18:32:09,062][src.models.modules.semantic_id.tiger_generation_model][WARNING] - [rank: 0]   Hierarchy 4 shape: torch.Size([32, 6, 135])
[2025-11-14 18:32:09,062][src.models.modules.semantic_id.tiger_generation_model][WARNING] - [rank: 0]   Hierarchy 5 shape: torch.Size([32, 6, 135])
[2025-11-14 18:32:09,063][src.models.modules.semantic_id.tiger_generation_model][WARNING] - [rank: 0]   Hierarchy 6 shape: torch.Size([32, 6, 135])
[2025-11-14 18:32:09,065][src.models.modules.semantic_id.tiger_generation_model][WARNING] - [rank: 0]   Hierarchy 7 shape: torch.Size([32, 6, 135])
[2025-11-14 18:32:09,495][src.models.modules.semantic_id.tiger_generation_model][INFO] - [rank: 0] Saved decoder self-attention to ./attention_weights/decoder_self_attention_batch_152.pt
[2025-11-14 18:32:09,496][src.models.modules.semantic_id.tiger_generation_model][INFO] - [rank: 0] Saved encoder attention to ./attention_weights/encoder_attention_batch_152.pt
[2025-11-14 18:32:09,497][src.models.modules.semantic_id.tiger_generation_model][INFO] - [rank: 0] Saved cross attention to ./attention_weights/cross_attention_batch_152.pt
[2025-11-14 18:32:09,505][src.models.modules.semantic_id.tiger_generation_model][INFO] - [rank: 0] 当前batch的生成语义ID Embedding相似度矩阵:
[[ 1.00000000e+00  2.57391185e-02  1.21120289e-02  7.89988134e-03
  -1.77317895e-02 -1.59115791e-02  2.62623467e-03  2.35613454e-02]
 [ 2.57391185e-02  1.00000000e+00  1.38218906e-02 -1.37269050e-02
  -4.72485973e-03  5.05797146e-03  1.04394881e-02  5.73745184e-03]
 [ 1.21120289e-02  1.38218906e-02  1.00000000e+00  1.24421455e-02
   7.21159205e-03  5.66690275e-03  1.00228861e-02 -5.52371144e-04]
 [ 7.89988134e-03 -1.37269050e-02  1.24421455e-02  1.00000000e+00
  -1.00196945e-02 -8.75541568e-03 -1.36674959e-02 -1.29053788e-03]
 [-1.77317895e-02 -4.72485973e-03  7.21159205e-03 -1.00196945e-02
   1.00000012e+00 -5.69830555e-03 -1.28381364e-02 -1.34423375e-03]
 [-1.59115791e-02  5.05797146e-03  5.66690275e-03 -8.75541568e-03
  -5.69830555e-03  1.00000000e+00 -3.10358424e-02 -2.66106799e-02]
 [ 2.62623467e-03  1.04394881e-02  1.00228861e-02 -1.36674959e-02
  -1.28381364e-02 -3.10358424e-02  1.00000000e+00 -7.33613372e-02]
 [ 2.35613454e-02  5.73745184e-03 -5.52371144e-04 -1.29053788e-03
  -1.34423375e-03 -2.66106799e-02 -7.33613372e-02  1.00000012e+00]]
[2025-11-14 18:32:09,635][src.models.modules.semantic_id.tiger_generation_model][INFO] - [rank: 0] 当前batch的输入Item Hierarchy Embedding相似度矩阵:
[[ 1.00000000e+00  4.82113520e-03 -5.45844855e-03 -1.35342288e-03
  -7.39676785e-03 -4.39228909e-03 -9.65816714e-03  1.72223302e-03]
 [ 4.82113520e-03  1.00000000e+00  1.23269316e-02 -6.24367793e-04
   1.28562923e-03  6.47655874e-03 -4.64417273e-03 -9.84646566e-03]
 [-5.45844855e-03  1.23269316e-02  1.00000000e+00  3.21848747e-05
  -5.88404946e-04  4.36761370e-03 -1.36409141e-03  1.41559495e-03]
 [-1.35342288e-03 -6.24367793e-04  3.21848747e-05  1.00000000e+00
   1.98904218e-06  7.42619252e-03 -1.47508755e-02  4.84908838e-03]
 [-7.39676785e-03  1.28562923e-03 -5.88404946e-04  1.98904218e-06
   1.00000000e+00  9.40207206e-03 -6.35084463e-03  9.66417231e-03]
 [-4.39228909e-03  6.47655874e-03  4.36761370e-03  7.42619252e-03
   9.40207206e-03  1.00000000e+00 -9.10865609e-03  4.74762963e-03]
 [-9.65816714e-03 -4.64417273e-03 -1.36409141e-03 -1.47508755e-02
  -6.35084463e-03 -9.10865609e-03  1.00000000e+00 -4.01316807e-02]
 [ 1.72223302e-03 -9.84646566e-03  1.41559495e-03  4.84908838e-03
   9.66417231e-03  4.74762963e-03 -4.01316807e-02  1.00000024e+00]]
[2025-11-14 18:32:10,718][src.models.modules.semantic_id.tiger_generation_model][WARNING] - [rank: 0] Failed to stack cross attentions: stack expects each tensor to be equal size, but got [32, 6, 135] at entry 0 and [32, 6, 2, 135] at entry 1
[2025-11-14 18:32:10,737][src.models.modules.semantic_id.tiger_generation_model][WARNING] - [rank: 0]   Hierarchy 0 shape: torch.Size([32, 6, 135])
[2025-11-14 18:32:10,738][src.models.modules.semantic_id.tiger_generation_model][WARNING] - [rank: 0]   Hierarchy 1 shape: torch.Size([32, 6, 2, 135])
[2025-11-14 18:32:10,738][src.models.modules.semantic_id.tiger_generation_model][WARNING] - [rank: 0]   Hierarchy 2 shape: torch.Size([32, 6, 135])
[2025-11-14 18:32:10,738][src.models.modules.semantic_id.tiger_generation_model][WARNING] - [rank: 0]   Hierarchy 3 shape: torch.Size([32, 6, 135])
[2025-11-14 18:32:10,738][src.models.modules.semantic_id.tiger_generation_model][WARNING] - [rank: 0]   Hierarchy 4 shape: torch.Size([32, 6, 135])
[2025-11-14 18:32:10,739][src.models.modules.semantic_id.tiger_generation_model][WARNING] - [rank: 0]   Hierarchy 5 shape: torch.Size([32, 6, 135])
[2025-11-14 18:32:10,739][src.models.modules.semantic_id.tiger_generation_model][WARNING] - [rank: 0]   Hierarchy 6 shape: torch.Size([32, 6, 135])
[2025-11-14 18:32:10,739][src.models.modules.semantic_id.tiger_generation_model][WARNING] - [rank: 0]   Hierarchy 7 shape: torch.Size([32, 6, 135])
[2025-11-14 18:32:11,911][src.models.modules.semantic_id.tiger_generation_model][INFO] - [rank: 0] Saved decoder self-attention to ./attention_weights/decoder_self_attention_batch_153.pt
[2025-11-14 18:32:11,912][src.models.modules.semantic_id.tiger_generation_model][INFO] - [rank: 0] Saved encoder attention to ./attention_weights/encoder_attention_batch_153.pt
[2025-11-14 18:32:11,912][src.models.modules.semantic_id.tiger_generation_model][INFO] - [rank: 0] Saved cross attention to ./attention_weights/cross_attention_batch_153.pt
[2025-11-14 18:32:11,936][src.models.modules.semantic_id.tiger_generation_model][INFO] - [rank: 0] 当前batch的生成语义ID Embedding相似度矩阵:
[[ 1.          0.01007475  0.02101314  0.06297986 -0.01855615 -0.01858803
  -0.04473436  0.02921762]
 [ 0.01007475  1.          0.02958545 -0.0378132   0.03798005  0.00808858
   0.03073716 -0.00577325]
 [ 0.02101314  0.02958545  1.         -0.00452934  0.00715316  0.00182679
   0.03761861  0.00527913]
 [ 0.06297986 -0.0378132  -0.00452934  1.0000001  -0.01901607 -0.03365939
  -0.0493249   0.03064435]
 [-0.01855615  0.03798005  0.00715316 -0.01901607  1.         -0.02389825
   0.02787841 -0.01893457]
 [-0.01858803  0.00808858  0.00182679 -0.03365939 -0.02389825  1.
   0.00275687  0.01685223]
 [-0.04473436  0.03073716  0.03761861 -0.0493249   0.02787841  0.00275687
   1.         -0.06046339]
 [ 0.02921762 -0.00577325  0.00527913  0.03064435 -0.01893457  0.01685223
  -0.06046339  1.0000001 ]]
[2025-11-14 18:32:12,448][src.models.modules.semantic_id.tiger_generation_model][INFO] - [rank: 0] 当前batch的输入Item Hierarchy Embedding相似度矩阵:
[[ 1.0000000e+00 -8.5651426e-04 -7.8307167e-03  8.8361716e-03
  -4.1374721e-04 -1.0514958e-02 -3.0181054e-02  1.7882118e-02]
 [-8.5651426e-04  1.0000000e+00 -1.7031591e-02  8.1073977e-03
  -3.2187989e-03  1.4425229e-04 -3.3584725e-02  9.7962953e-03]
 [-7.8307167e-03 -1.7031591e-02  1.0000000e+00  6.0951831e-03
   1.2971146e-02 -6.3168985e-04 -1.7871641e-02 -9.3779098e-03]
 [ 8.8361716e-03  8.1073977e-03  6.0951831e-03  1.0000000e+00
  -3.7813301e-03  1.1001122e-02 -2.3160498e-03  1.0696435e-02]
 [-4.1374721e-04 -3.2187989e-03  1.2971146e-02 -3.7813301e-03
   1.0000000e+00  1.2965101e-02  1.6164322e-03 -4.4117896e-03]
 [-1.0514958e-02  1.4425229e-04 -6.3168985e-04  1.1001122e-02
   1.2965101e-02  1.0000000e+00 -1.0723434e-02  1.4610173e-02]
 [-3.0181054e-02 -3.3584725e-02 -1.7871641e-02 -2.3160498e-03
   1.6164322e-03 -1.0723434e-02  1.0000000e+00 -3.9934512e-02]
 [ 1.7882118e-02  9.7962953e-03 -9.3779098e-03  1.0696435e-02
  -4.4117896e-03  1.4610173e-02 -3.9934512e-02  1.0000002e+00]]
[2025-11-14 18:32:14,396][src.models.modules.semantic_id.tiger_generation_model][WARNING] - [rank: 0] Failed to stack cross attentions: stack expects each tensor to be equal size, but got [32, 6, 135] at entry 0 and [32, 6, 2, 135] at entry 1
[2025-11-14 18:32:14,396][src.models.modules.semantic_id.tiger_generation_model][WARNING] - [rank: 0]   Hierarchy 0 shape: torch.Size([32, 6, 135])
[2025-11-14 18:32:14,397][src.models.modules.semantic_id.tiger_generation_model][WARNING] - [rank: 0]   Hierarchy 1 shape: torch.Size([32, 6, 2, 135])
[2025-11-14 18:32:14,397][src.models.modules.semantic_id.tiger_generation_model][WARNING] - [rank: 0]   Hierarchy 2 shape: torch.Size([32, 6, 135])
[2025-11-14 18:32:14,397][src.models.modules.semantic_id.tiger_generation_model][WARNING] - [rank: 0]   Hierarchy 3 shape: torch.Size([32, 6, 135])
[2025-11-14 18:32:14,397][src.models.modules.semantic_id.tiger_generation_model][WARNING] - [rank: 0]   Hierarchy 4 shape: torch.Size([32, 6, 135])
[2025-11-14 18:32:14,397][src.models.modules.semantic_id.tiger_generation_model][WARNING] - [rank: 0]   Hierarchy 5 shape: torch.Size([32, 6, 135])
[2025-11-14 18:32:14,398][src.models.modules.semantic_id.tiger_generation_model][WARNING] - [rank: 0]   Hierarchy 6 shape: torch.Size([32, 6, 135])
[2025-11-14 18:32:14,398][src.models.modules.semantic_id.tiger_generation_model][WARNING] - [rank: 0]   Hierarchy 7 shape: torch.Size([32, 6, 135])
[2025-11-14 18:32:15,307][src.models.modules.semantic_id.tiger_generation_model][INFO] - [rank: 0] Saved decoder self-attention to ./attention_weights/decoder_self_attention_batch_154.pt
[2025-11-14 18:32:15,307][src.models.modules.semantic_id.tiger_generation_model][INFO] - [rank: 0] Saved encoder attention to ./attention_weights/encoder_attention_batch_154.pt
[2025-11-14 18:32:15,308][src.models.modules.semantic_id.tiger_generation_model][INFO] - [rank: 0] Saved cross attention to ./attention_weights/cross_attention_batch_154.pt
[2025-11-14 18:32:15,315][src.models.modules.semantic_id.tiger_generation_model][INFO] - [rank: 0] 当前batch的生成语义ID Embedding相似度矩阵:
[[ 1.0000000e+00  2.3078425e-02 -1.4394418e-02 -1.5255017e-04
  -4.4200748e-02 -1.8622829e-02 -4.6547920e-02 -1.0470113e-02]
 [ 2.3078425e-02  1.0000000e+00  3.0255727e-02  4.2591710e-02
  -3.2896921e-02 -4.8792910e-02  1.2346206e-02 -2.2951556e-02]
 [-1.4394418e-02  3.0255727e-02  1.0000000e+00  6.7997258e-03
  -2.0579046e-02  2.1146275e-02  2.5709216e-02 -1.1805796e-02]
 [-1.5255017e-04  4.2591710e-02  6.7997258e-03  1.0000000e+00
   9.6017402e-03  1.1389725e-02 -7.7052107e-03  1.8881125e-02]
 [-4.4200748e-02 -3.2896921e-02 -2.0579046e-02  9.6017402e-03
   1.0000001e+00 -1.1147971e-02 -2.0182263e-03  8.5196625e-03]
 [-1.8622829e-02 -4.8792910e-02  2.1146275e-02  1.1389725e-02
  -1.1147971e-02  1.0000000e+00 -1.6844466e-02  1.5286957e-02]
 [-4.6547920e-02  1.2346206e-02  2.5709216e-02 -7.7052107e-03
  -2.0182263e-03 -1.6844466e-02  1.0000000e+00 -3.1322896e-02]
 [-1.0470113e-02 -2.2951556e-02 -1.1805796e-02  1.8881125e-02
   8.5196625e-03  1.5286957e-02 -3.1322896e-02  1.0000001e+00]]
[2025-11-14 18:32:15,433][src.models.modules.semantic_id.tiger_generation_model][INFO] - [rank: 0] 当前batch的输入Item Hierarchy Embedding相似度矩阵:
[[ 1.00000000e+00  3.24145937e-03 -3.68026691e-03  8.67072726e-04
   9.32237878e-03  5.65328542e-03 -8.68774205e-03 -2.55522281e-02]
 [ 3.24145937e-03  1.00000000e+00  3.18920426e-03  8.89653526e-03
   4.24709963e-03  8.71665496e-03  2.74445699e-03  2.15733536e-02]
 [-3.68026691e-03  3.18920426e-03  1.00000000e+00  8.01259466e-03
  -4.61032707e-03  1.65237971e-02 -1.33277820e-02  1.00054350e-02]
 [ 8.67072726e-04  8.89653526e-03  8.01259466e-03  1.00000000e+00
  -6.03816984e-03  2.64705881e-03 -8.13501421e-03 -5.09231351e-04]
 [ 9.32237878e-03  4.24709963e-03 -4.61032707e-03 -6.03816984e-03
   1.00000000e+00 -9.31593589e-03 -1.96971297e-02  1.45004885e-02]
 [ 5.65328542e-03  8.71665496e-03  1.65237971e-02  2.64705881e-03
  -9.31593589e-03  1.00000000e+00  2.49246717e-03 -1.91554555e-03]
 [-8.68774205e-03  2.74445699e-03 -1.33277820e-02 -8.13501421e-03
  -1.96971297e-02  2.49246717e-03  1.00000000e+00 -4.43293080e-02]
 [-2.55522281e-02  2.15733536e-02  1.00054350e-02 -5.09231351e-04
   1.45004885e-02 -1.91554555e-03 -4.43293080e-02  1.00000012e+00]]
[2025-11-14 18:32:16,432][src.models.modules.semantic_id.tiger_generation_model][WARNING] - [rank: 0] Failed to stack cross attentions: stack expects each tensor to be equal size, but got [32, 6, 135] at entry 0 and [32, 6, 2, 135] at entry 1
[2025-11-14 18:32:16,433][src.models.modules.semantic_id.tiger_generation_model][WARNING] - [rank: 0]   Hierarchy 0 shape: torch.Size([32, 6, 135])
[2025-11-14 18:32:16,433][src.models.modules.semantic_id.tiger_generation_model][WARNING] - [rank: 0]   Hierarchy 1 shape: torch.Size([32, 6, 2, 135])
[2025-11-14 18:32:16,433][src.models.modules.semantic_id.tiger_generation_model][WARNING] - [rank: 0]   Hierarchy 2 shape: torch.Size([32, 6, 135])
[2025-11-14 18:32:16,434][src.models.modules.semantic_id.tiger_generation_model][WARNING] - [rank: 0]   Hierarchy 3 shape: torch.Size([32, 6, 135])
[2025-11-14 18:32:16,434][src.models.modules.semantic_id.tiger_generation_model][WARNING] - [rank: 0]   Hierarchy 4 shape: torch.Size([32, 6, 135])
[2025-11-14 18:32:16,434][src.models.modules.semantic_id.tiger_generation_model][WARNING] - [rank: 0]   Hierarchy 5 shape: torch.Size([32, 6, 135])
[2025-11-14 18:32:16,434][src.models.modules.semantic_id.tiger_generation_model][WARNING] - [rank: 0]   Hierarchy 6 shape: torch.Size([32, 6, 135])
[2025-11-14 18:32:16,434][src.models.modules.semantic_id.tiger_generation_model][WARNING] - [rank: 0]   Hierarchy 7 shape: torch.Size([32, 6, 135])
[2025-11-14 18:32:17,307][src.models.modules.semantic_id.tiger_generation_model][INFO] - [rank: 0] Saved decoder self-attention to ./attention_weights/decoder_self_attention_batch_155.pt
[2025-11-14 18:32:17,308][src.models.modules.semantic_id.tiger_generation_model][INFO] - [rank: 0] Saved encoder attention to ./attention_weights/encoder_attention_batch_155.pt
[2025-11-14 18:32:17,308][src.models.modules.semantic_id.tiger_generation_model][INFO] - [rank: 0] Saved cross attention to ./attention_weights/cross_attention_batch_155.pt
[2025-11-14 18:32:17,327][src.models.modules.semantic_id.tiger_generation_model][INFO] - [rank: 0] 当前batch的生成语义ID Embedding相似度矩阵:
[[ 1.0000000e+00  1.5779562e-02  2.1281235e-02  3.1123492e-03
  -1.7607335e-02 -1.9993801e-02 -2.4077389e-02  1.2763737e-02]
 [ 1.5779562e-02  1.0000000e+00  4.5350818e-03 -2.1506015e-02
   2.3140214e-02  4.2296154e-04 -2.0995822e-02 -6.3416943e-02]
 [ 2.1281235e-02  4.5350818e-03  1.0000000e+00  2.5665190e-02
  -3.3393774e-02  3.8187637e-03 -9.7148521e-03 -3.5591949e-02]
 [ 3.1123492e-03 -2.1506015e-02  2.5665190e-02  1.0000000e+00
   1.8147139e-03  1.0339490e-02 -1.7761678e-02  5.9238426e-02]
 [-1.7607335e-02  2.3140214e-02 -3.3393774e-02  1.8147139e-03
   1.0000000e+00  8.9086723e-03 -7.7738236e-03 -1.9735865e-02]
 [-1.9993801e-02  4.2296154e-04  3.8187637e-03  1.0339490e-02
   8.9086723e-03  1.0000000e+00  5.1384834e-03  2.4881560e-02]
 [-2.4077389e-02 -2.0995822e-02 -9.7148521e-03 -1.7761678e-02
  -7.7738236e-03  5.1384834e-03  1.0000000e+00 -6.8312660e-02]
 [ 1.2763737e-02 -6.3416943e-02 -3.5591949e-02  5.9238426e-02
  -1.9735865e-02  2.4881560e-02 -6.8312660e-02  1.0000001e+00]]
[2025-11-14 18:32:17,556][src.models.modules.semantic_id.tiger_generation_model][INFO] - [rank: 0] 当前batch的输入Item Hierarchy Embedding相似度矩阵:
[[ 9.9999994e-01 -1.0228073e-02  1.0413563e-02 -1.0493662e-03
  -3.7489377e-04  5.7492168e-03 -1.0396148e-02 -1.2676008e-02]
 [-1.0228073e-02  9.9999994e-01  9.3952857e-04  1.5531544e-02
   4.8677358e-03 -7.0903235e-04 -2.3949626e-03  1.6298762e-02]
 [ 1.0413563e-02  9.3952857e-04  9.9999994e-01 -1.1258431e-02
  -3.4239180e-03  9.1572441e-03  4.4593043e-03  1.3242538e-02]
 [-1.0493662e-03  1.5531544e-02 -1.1258431e-02  9.9999994e-01
   7.2826250e-03 -1.7422987e-02 -1.0003047e-02  3.2376095e-03]
 [-3.7489377e-04  4.8677358e-03 -3.4239180e-03  7.2826250e-03
   9.9999994e-01  1.5652459e-02 -1.0750313e-02  1.0768470e-02]
 [ 5.7492168e-03 -7.0903235e-04  9.1572441e-03 -1.7422987e-02
   1.5652459e-02  9.9999994e-01 -8.5183885e-03  1.5867161e-02]
 [-1.0396148e-02 -2.3949626e-03  4.4593043e-03 -1.0003047e-02
  -1.0750313e-02 -8.5183885e-03  9.9999994e-01 -4.3786451e-02]
 [-1.2676008e-02  1.6298762e-02  1.3242538e-02  3.2376095e-03
   1.0768470e-02  1.5867161e-02 -4.3786451e-02  1.0000001e+00]]
[2025-11-14 18:32:18,774][src.models.modules.semantic_id.tiger_generation_model][WARNING] - [rank: 0] Failed to stack cross attentions: stack expects each tensor to be equal size, but got [32, 6, 135] at entry 0 and [32, 6, 2, 135] at entry 1
[2025-11-14 18:32:18,775][src.models.modules.semantic_id.tiger_generation_model][WARNING] - [rank: 0]   Hierarchy 0 shape: torch.Size([32, 6, 135])
[2025-11-14 18:32:18,775][src.models.modules.semantic_id.tiger_generation_model][WARNING] - [rank: 0]   Hierarchy 1 shape: torch.Size([32, 6, 2, 135])
[2025-11-14 18:32:18,775][src.models.modules.semantic_id.tiger_generation_model][WARNING] - [rank: 0]   Hierarchy 2 shape: torch.Size([32, 6, 135])
[2025-11-14 18:32:18,776][src.models.modules.semantic_id.tiger_generation_model][WARNING] - [rank: 0]   Hierarchy 3 shape: torch.Size([32, 6, 135])
[2025-11-14 18:32:18,776][src.models.modules.semantic_id.tiger_generation_model][WARNING] - [rank: 0]   Hierarchy 4 shape: torch.Size([32, 6, 135])
[2025-11-14 18:32:18,776][src.models.modules.semantic_id.tiger_generation_model][WARNING] - [rank: 0]   Hierarchy 5 shape: torch.Size([32, 6, 135])
[2025-11-14 18:32:18,776][src.models.modules.semantic_id.tiger_generation_model][WARNING] - [rank: 0]   Hierarchy 6 shape: torch.Size([32, 6, 135])
[2025-11-14 18:32:18,776][src.models.modules.semantic_id.tiger_generation_model][WARNING] - [rank: 0]   Hierarchy 7 shape: torch.Size([32, 6, 135])
[2025-11-14 18:32:19,218][src.models.modules.semantic_id.tiger_generation_model][INFO] - [rank: 0] Saved decoder self-attention to ./attention_weights/decoder_self_attention_batch_156.pt
[2025-11-14 18:32:19,219][src.models.modules.semantic_id.tiger_generation_model][INFO] - [rank: 0] Saved encoder attention to ./attention_weights/encoder_attention_batch_156.pt
[2025-11-14 18:32:19,220][src.models.modules.semantic_id.tiger_generation_model][INFO] - [rank: 0] Saved cross attention to ./attention_weights/cross_attention_batch_156.pt
[2025-11-14 18:32:19,265][src.models.modules.semantic_id.tiger_generation_model][INFO] - [rank: 0] 当前batch的生成语义ID Embedding相似度矩阵:
[[ 1.00000000e+00  1.49429943e-02  7.75476359e-03  1.40478481e-02
  -1.85405761e-02  9.69867595e-03  2.36459612e-03 -1.12471441e-02]
 [ 1.49429943e-02  1.00000000e+00 -4.75062616e-03 -1.94156449e-03
   3.45480889e-02 -1.20460475e-02 -1.51733011e-02  3.26403882e-04]
 [ 7.75476359e-03 -4.75062616e-03  1.00000000e+00  1.02049848e-02
   4.30699289e-02  5.02611101e-02  1.62454171e-03  5.81455091e-03]
 [ 1.40478481e-02 -1.94156449e-03  1.02049848e-02  1.00000000e+00
   1.41460532e-02 -2.28248909e-02 -2.22043600e-02  2.16142647e-02]
 [-1.85405761e-02  3.45480889e-02  4.30699289e-02  1.41460532e-02
   1.00000000e+00 -4.01249602e-02 -4.42072470e-03  1.10822488e-02]
 [ 9.69867595e-03 -1.20460475e-02  5.02611101e-02 -2.28248909e-02
  -4.01249602e-02  1.00000000e+00 -1.60722602e-02 -9.60582308e-03]
 [ 2.36459612e-03 -1.51733011e-02  1.62454171e-03 -2.22043600e-02
  -4.42072470e-03 -1.60722602e-02  1.00000024e+00 -4.00321335e-02]
 [-1.12471441e-02  3.26403882e-04  5.81455091e-03  2.16142647e-02
   1.10822488e-02 -9.60582308e-03 -4.00321335e-02  1.00000012e+00]]
[2025-11-14 18:32:19,483][src.models.modules.semantic_id.tiger_generation_model][INFO] - [rank: 0] 当前batch的输入Item Hierarchy Embedding相似度矩阵:
[[ 1.00000000e+00  3.67131364e-03 -4.44875070e-04  2.21333802e-02
  -2.42440146e-03  8.98853038e-03 -4.68734233e-03  4.93483152e-04]
 [ 3.67131364e-03  1.00000000e+00  8.77221860e-03 -1.05636576e-02
  -2.35702563e-03  6.92154374e-03 -1.67516656e-02  1.75583139e-02]
 [-4.44875070e-04  8.77221860e-03  1.00000000e+00  1.32224103e-02
   9.78978630e-03 -9.32768278e-04 -1.28148943e-02 -5.36819734e-03]
 [ 2.21333802e-02 -1.05636576e-02  1.32224103e-02  1.00000000e+00
   8.22826568e-03  1.37735205e-02 -6.10491401e-03  6.47163205e-03]
 [-2.42440146e-03 -2.35702563e-03  9.78978630e-03  8.22826568e-03
   1.00000000e+00 -1.62049953e-03 -3.74010252e-03  1.12671098e-02]
 [ 8.98853038e-03  6.92154374e-03 -9.32768278e-04  1.37735205e-02
  -1.62049953e-03  1.00000000e+00  7.36610824e-03  1.20742796e-02]
 [-4.68734233e-03 -1.67516656e-02 -1.28148943e-02 -6.10491401e-03
  -3.74010252e-03  7.36610824e-03  1.00000000e+00 -5.44100441e-02]
 [ 4.93483152e-04  1.75583139e-02 -5.36819734e-03  6.47163205e-03
   1.12671098e-02  1.20742796e-02 -5.44100441e-02  1.00000024e+00]]
[2025-11-14 18:32:20,447][src.models.modules.semantic_id.tiger_generation_model][WARNING] - [rank: 0] Failed to stack cross attentions: stack expects each tensor to be equal size, but got [32, 6, 135] at entry 0 and [32, 6, 2, 135] at entry 1
[2025-11-14 18:32:20,448][src.models.modules.semantic_id.tiger_generation_model][WARNING] - [rank: 0]   Hierarchy 0 shape: torch.Size([32, 6, 135])
[2025-11-14 18:32:20,448][src.models.modules.semantic_id.tiger_generation_model][WARNING] - [rank: 0]   Hierarchy 1 shape: torch.Size([32, 6, 2, 135])
[2025-11-14 18:32:20,448][src.models.modules.semantic_id.tiger_generation_model][WARNING] - [rank: 0]   Hierarchy 2 shape: torch.Size([32, 6, 135])
[2025-11-14 18:32:20,449][src.models.modules.semantic_id.tiger_generation_model][WARNING] - [rank: 0]   Hierarchy 3 shape: torch.Size([32, 6, 135])
[2025-11-14 18:32:20,449][src.models.modules.semantic_id.tiger_generation_model][WARNING] - [rank: 0]   Hierarchy 4 shape: torch.Size([32, 6, 135])
[2025-11-14 18:32:20,449][src.models.modules.semantic_id.tiger_generation_model][WARNING] - [rank: 0]   Hierarchy 5 shape: torch.Size([32, 6, 135])
[2025-11-14 18:32:20,449][src.models.modules.semantic_id.tiger_generation_model][WARNING] - [rank: 0]   Hierarchy 6 shape: torch.Size([32, 6, 135])
[2025-11-14 18:32:20,450][src.models.modules.semantic_id.tiger_generation_model][WARNING] - [rank: 0]   Hierarchy 7 shape: torch.Size([32, 6, 135])
[2025-11-14 18:32:21,299][src.models.modules.semantic_id.tiger_generation_model][INFO] - [rank: 0] Saved decoder self-attention to ./attention_weights/decoder_self_attention_batch_157.pt
[2025-11-14 18:32:21,299][src.models.modules.semantic_id.tiger_generation_model][INFO] - [rank: 0] Saved encoder attention to ./attention_weights/encoder_attention_batch_157.pt
[2025-11-14 18:32:21,300][src.models.modules.semantic_id.tiger_generation_model][INFO] - [rank: 0] Saved cross attention to ./attention_weights/cross_attention_batch_157.pt
[2025-11-14 18:32:21,306][src.models.modules.semantic_id.tiger_generation_model][INFO] - [rank: 0] 当前batch的生成语义ID Embedding相似度矩阵:
[[ 9.99999940e-01  7.31627457e-03  1.77640598e-02  1.68949291e-02
  -2.12859884e-02 -1.54837240e-02 -2.71392195e-03 -9.68030095e-03]
 [ 7.31627457e-03  9.99999940e-01  1.83908418e-02 -1.12102805e-02
   1.02878828e-02  3.04619991e-03  9.58640594e-03  3.00344285e-02]
 [ 1.77640598e-02  1.83908418e-02  1.00000000e+00  2.51837214e-03
  -4.52565588e-03 -1.12271942e-02  1.27991615e-02  3.63758095e-02]
 [ 1.68949291e-02 -1.12102805e-02  2.51837214e-03  1.00000000e+00
  -2.78651565e-02  1.33469701e-04 -2.00167894e-02  2.50281133e-02]
 [-2.12859884e-02  1.02878828e-02 -4.52565588e-03 -2.78651565e-02
   1.00000000e+00 -9.67266969e-03  3.99748329e-04 -1.50820510e-02]
 [-1.54837240e-02  3.04619991e-03 -1.12271942e-02  1.33469701e-04
  -9.67266969e-03  1.00000000e+00 -3.27174254e-02  1.28381308e-02]
 [-2.71392195e-03  9.58640594e-03  1.27991615e-02 -2.00167894e-02
   3.99748329e-04 -3.27174254e-02  1.00000000e+00 -3.59830558e-02]
 [-9.68030095e-03  3.00344285e-02  3.63758095e-02  2.50281133e-02
  -1.50820510e-02  1.28381308e-02 -3.59830558e-02  1.00000012e+00]]
[2025-11-14 18:32:21,638][src.models.modules.semantic_id.tiger_generation_model][INFO] - [rank: 0] 当前batch的输入Item Hierarchy Embedding相似度矩阵:
[[ 9.9999994e-01 -2.2873029e-03 -8.4073730e-03  3.1887037e-03
  -5.3192624e-03  2.8199749e-03  2.1385010e-03 -2.6540030e-03]
 [-2.2873029e-03  9.9999994e-01  1.2181284e-02  2.3044035e-02
  -2.4769113e-03 -1.6487618e-03 -1.1364685e-02  1.4103383e-02]
 [-8.4073730e-03  1.2181284e-02  9.9999994e-01  1.8047169e-02
   7.9921028e-04  3.4417843e-03  4.3503647e-03  9.9016009e-03]
 [ 3.1887037e-03  2.3044035e-02  1.8047169e-02  9.9999994e-01
  -8.2034577e-04  1.2211940e-02 -2.1243338e-02 -1.1965853e-02]
 [-5.3192624e-03 -2.4769113e-03  7.9921028e-04 -8.2034577e-04
   9.9999994e-01 -8.6222123e-03  5.6565432e-03  1.8033158e-02]
 [ 2.8199749e-03 -1.6487618e-03  3.4417843e-03  1.2211940e-02
  -8.6222123e-03  9.9999994e-01 -7.6298304e-03 -7.2292949e-04]
 [ 2.1385010e-03 -1.1364685e-02  4.3503647e-03 -2.1243338e-02
   5.6565432e-03 -7.6298304e-03  9.9999994e-01 -4.6711158e-02]
 [-2.6540030e-03  1.4103383e-02  9.9016009e-03 -1.1965853e-02
   1.8033158e-02 -7.2292949e-04 -4.6711158e-02  1.0000001e+00]]
[2025-11-14 18:32:22,626][src.models.modules.semantic_id.tiger_generation_model][WARNING] - [rank: 0] Failed to stack cross attentions: stack expects each tensor to be equal size, but got [32, 6, 135] at entry 0 and [32, 6, 2, 135] at entry 1
[2025-11-14 18:32:22,626][src.models.modules.semantic_id.tiger_generation_model][WARNING] - [rank: 0]   Hierarchy 0 shape: torch.Size([32, 6, 135])
[2025-11-14 18:32:22,626][src.models.modules.semantic_id.tiger_generation_model][WARNING] - [rank: 0]   Hierarchy 1 shape: torch.Size([32, 6, 2, 135])
[2025-11-14 18:32:22,627][src.models.modules.semantic_id.tiger_generation_model][WARNING] - [rank: 0]   Hierarchy 2 shape: torch.Size([32, 6, 135])
[2025-11-14 18:32:22,627][src.models.modules.semantic_id.tiger_generation_model][WARNING] - [rank: 0]   Hierarchy 3 shape: torch.Size([32, 6, 135])
[2025-11-14 18:32:22,631][src.models.modules.semantic_id.tiger_generation_model][WARNING] - [rank: 0]   Hierarchy 4 shape: torch.Size([32, 6, 135])
[2025-11-14 18:32:22,631][src.models.modules.semantic_id.tiger_generation_model][WARNING] - [rank: 0]   Hierarchy 5 shape: torch.Size([32, 6, 135])
[2025-11-14 18:32:22,631][src.models.modules.semantic_id.tiger_generation_model][WARNING] - [rank: 0]   Hierarchy 6 shape: torch.Size([32, 6, 135])
[2025-11-14 18:32:22,632][src.models.modules.semantic_id.tiger_generation_model][WARNING] - [rank: 0]   Hierarchy 7 shape: torch.Size([32, 6, 135])
[2025-11-14 18:32:23,888][src.models.modules.semantic_id.tiger_generation_model][INFO] - [rank: 0] Saved decoder self-attention to ./attention_weights/decoder_self_attention_batch_158.pt
[2025-11-14 18:32:23,889][src.models.modules.semantic_id.tiger_generation_model][INFO] - [rank: 0] Saved encoder attention to ./attention_weights/encoder_attention_batch_158.pt
[2025-11-14 18:32:23,889][src.models.modules.semantic_id.tiger_generation_model][INFO] - [rank: 0] Saved cross attention to ./attention_weights/cross_attention_batch_158.pt
[2025-11-14 18:32:23,906][src.models.modules.semantic_id.tiger_generation_model][INFO] - [rank: 0] 当前batch的生成语义ID Embedding相似度矩阵:
[[ 1.0000000e+00  4.8618972e-02  1.7527992e-02 -2.7026504e-02
  -1.1069333e-02  1.0820801e-02 -5.1348610e-04 -8.0632130e-03]
 [ 4.8618972e-02  1.0000000e+00  1.1315742e-03  9.8536490e-04
  -2.2570308e-02 -7.1728565e-03  2.9137875e-03 -2.8265757e-05]
 [ 1.7527992e-02  1.1315742e-03  1.0000000e+00  2.2848472e-02
   4.2733211e-02 -1.8399354e-02  1.9045826e-04  1.1803880e-02]
 [-2.7026504e-02  9.8536490e-04  2.2848472e-02  1.0000000e+00
   4.5583458e-03 -2.0048279e-02 -2.6292011e-02  8.4687537e-03]
 [-1.1069333e-02 -2.2570308e-02  4.2733211e-02  4.5583458e-03
   1.0000001e+00 -9.8528881e-03 -3.0989891e-02  3.1393670e-02]
 [ 1.0820801e-02 -7.1728565e-03 -1.8399354e-02 -2.0048279e-02
  -9.8528881e-03  1.0000000e+00 -4.2675089e-02  1.4464837e-04]
 [-5.1348610e-04  2.9137875e-03  1.9045826e-04 -2.6292011e-02
  -3.0989891e-02 -4.2675089e-02  1.0000000e+00 -3.9729845e-02]
 [-8.0632130e-03 -2.8265757e-05  1.1803880e-02  8.4687537e-03
   3.1393670e-02  1.4464837e-04 -3.9729845e-02  1.0000001e+00]]
[2025-11-14 18:32:24,039][src.models.modules.semantic_id.tiger_generation_model][INFO] - [rank: 0] 当前batch的输入Item Hierarchy Embedding相似度矩阵:
[[ 9.9999994e-01  7.6443795e-03 -2.6738364e-03 -2.5190204e-02
   8.0493754e-03  3.1853525e-03 -2.6243489e-02 -5.2712164e-03]
 [ 7.6443795e-03  9.9999994e-01  6.4597428e-03 -1.7331962e-02
   8.6983613e-04 -4.8027197e-03 -2.2322154e-03  1.0725778e-02]
 [-2.6738364e-03  6.4597428e-03  9.9999994e-01 -1.0057518e-02
   1.3144057e-03  1.2809615e-02 -7.1143857e-03  1.7102124e-02]
 [-2.5190204e-02 -1.7331962e-02 -1.0057518e-02  9.9999994e-01
   7.3657939e-03  8.0080265e-03 -1.0587667e-02  1.5536531e-02]
 [ 8.0493754e-03  8.6983613e-04  1.3144057e-03  7.3657939e-03
   9.9999994e-01  1.0084936e-02 -2.1880005e-02  1.0321515e-02]
 [ 3.1853525e-03 -4.8027197e-03  1.2809615e-02  8.0080265e-03
   1.0084936e-02  9.9999994e-01 -1.0526904e-02 -1.5619254e-03]
 [-2.6243489e-02 -2.2322154e-03 -7.1143857e-03 -1.0587667e-02
  -2.1880005e-02 -1.0526904e-02  9.9999994e-01 -3.2562658e-02]
 [-5.2712164e-03  1.0725778e-02  1.7102124e-02  1.5536531e-02
   1.0321515e-02 -1.5619254e-03 -3.2562658e-02  1.0000001e+00]]
[2025-11-14 18:32:25,203][src.models.modules.semantic_id.tiger_generation_model][WARNING] - [rank: 0] Failed to stack cross attentions: stack expects each tensor to be equal size, but got [32, 6, 135] at entry 0 and [32, 6, 2, 135] at entry 1
[2025-11-14 18:32:25,204][src.models.modules.semantic_id.tiger_generation_model][WARNING] - [rank: 0]   Hierarchy 0 shape: torch.Size([32, 6, 135])
[2025-11-14 18:32:25,204][src.models.modules.semantic_id.tiger_generation_model][WARNING] - [rank: 0]   Hierarchy 1 shape: torch.Size([32, 6, 2, 135])
[2025-11-14 18:32:25,204][src.models.modules.semantic_id.tiger_generation_model][WARNING] - [rank: 0]   Hierarchy 2 shape: torch.Size([32, 6, 135])
[2025-11-14 18:32:25,204][src.models.modules.semantic_id.tiger_generation_model][WARNING] - [rank: 0]   Hierarchy 3 shape: torch.Size([32, 6, 135])
[2025-11-14 18:32:25,205][src.models.modules.semantic_id.tiger_generation_model][WARNING] - [rank: 0]   Hierarchy 4 shape: torch.Size([32, 6, 135])
[2025-11-14 18:32:25,205][src.models.modules.semantic_id.tiger_generation_model][WARNING] - [rank: 0]   Hierarchy 5 shape: torch.Size([32, 6, 135])
[2025-11-14 18:32:25,205][src.models.modules.semantic_id.tiger_generation_model][WARNING] - [rank: 0]   Hierarchy 6 shape: torch.Size([32, 6, 135])
[2025-11-14 18:32:25,205][src.models.modules.semantic_id.tiger_generation_model][WARNING] - [rank: 0]   Hierarchy 7 shape: torch.Size([32, 6, 135])
[2025-11-14 18:32:25,878][src.models.modules.semantic_id.tiger_generation_model][INFO] - [rank: 0] Saved decoder self-attention to ./attention_weights/decoder_self_attention_batch_159.pt
[2025-11-14 18:32:25,882][src.models.modules.semantic_id.tiger_generation_model][INFO] - [rank: 0] Saved encoder attention to ./attention_weights/encoder_attention_batch_159.pt
[2025-11-14 18:32:25,882][src.models.modules.semantic_id.tiger_generation_model][INFO] - [rank: 0] Saved cross attention to ./attention_weights/cross_attention_batch_159.pt
[2025-11-14 18:32:25,889][src.models.modules.semantic_id.tiger_generation_model][INFO] - [rank: 0] 当前batch的生成语义ID Embedding相似度矩阵:
[[ 1.00000000e+00  3.21630910e-02  4.69080098e-02 -4.29694094e-02
  -2.00913101e-02  1.79109909e-03 -1.04470253e-02 -9.57722031e-03]
 [ 3.21630910e-02  1.00000000e+00 -9.65117011e-04  1.34338075e-02
  -2.59433575e-02 -6.81966590e-03  1.43001974e-03 -2.80894116e-02]
 [ 4.69080098e-02 -9.65117011e-04  1.00000000e+00  1.81368105e-02
  -8.84274580e-03  2.98411958e-03 -2.43758839e-02 -6.87234197e-03]
 [-4.29694094e-02  1.34338075e-02  1.81368105e-02  1.00000000e+00
  -2.53589973e-02 -1.26910815e-02 -6.27316069e-03  1.02869673e-02]
 [-2.00913101e-02 -2.59433575e-02 -8.84274580e-03 -2.53589973e-02
   1.00000000e+00 -1.08209224e-02  8.35881010e-03  2.83454824e-02]
 [ 1.79109909e-03 -6.81966590e-03  2.98411958e-03 -1.26910815e-02
  -1.08209224e-02  1.00000000e+00 -2.96392161e-02 -1.85632259e-02]
 [-1.04470253e-02  1.43001974e-03 -2.43758839e-02 -6.27316069e-03
   8.35881010e-03 -2.96392161e-02  1.00000000e+00 -3.65522169e-02]
 [-9.57722031e-03 -2.80894116e-02 -6.87234197e-03  1.02869673e-02
   2.83454824e-02 -1.85632259e-02 -3.65522169e-02  1.00000012e+00]]
[2025-11-14 18:32:26,156][src.models.modules.semantic_id.tiger_generation_model][INFO] - [rank: 0] 当前batch的输入Item Hierarchy Embedding相似度矩阵:
[[ 1.0000000e+00  8.0744298e-03  4.9299095e-03  9.0957258e-04
  -3.2600581e-03  5.2020471e-03 -6.3423072e-03  1.1533919e-02]
 [ 8.0744298e-03  1.0000000e+00 -7.4120564e-03 -4.1492819e-03
  -4.5451280e-03 -3.8327421e-03  2.8725920e-04  2.8225111e-03]
 [ 4.9299095e-03 -7.4120564e-03  1.0000000e+00  2.2909881e-03
  -3.1027903e-03 -1.4150524e-02 -8.4742559e-03  4.8672608e-03]
 [ 9.0957258e-04 -4.1492819e-03  2.2909881e-03  1.0000000e+00
  -4.3755956e-03 -9.8695420e-03 -7.8689391e-03  4.9060853e-03]
 [-3.2600581e-03 -4.5451280e-03 -3.1027903e-03 -4.3755956e-03
   1.0000000e+00  6.0627838e-03 -1.2488653e-02  1.3865302e-02]
 [ 5.2020471e-03 -3.8327421e-03 -1.4150524e-02 -9.8695420e-03
   6.0627838e-03  1.0000000e+00 -1.6880350e-02  1.1880231e-02]
 [-6.3423072e-03  2.8725920e-04 -8.4742559e-03 -7.8689391e-03
  -1.2488653e-02 -1.6880350e-02  1.0000000e+00 -4.2129122e-02]
 [ 1.1533919e-02  2.8225111e-03  4.8672608e-03  4.9060853e-03
   1.3865302e-02  1.1880231e-02 -4.2129122e-02  1.0000001e+00]]
[2025-11-14 18:32:27,231][src.models.modules.semantic_id.tiger_generation_model][WARNING] - [rank: 0] Failed to stack cross attentions: stack expects each tensor to be equal size, but got [32, 6, 135] at entry 0 and [32, 6, 2, 135] at entry 1
[2025-11-14 18:32:27,232][src.models.modules.semantic_id.tiger_generation_model][WARNING] - [rank: 0]   Hierarchy 0 shape: torch.Size([32, 6, 135])
[2025-11-14 18:32:27,233][src.models.modules.semantic_id.tiger_generation_model][WARNING] - [rank: 0]   Hierarchy 1 shape: torch.Size([32, 6, 2, 135])
[2025-11-14 18:32:27,234][src.models.modules.semantic_id.tiger_generation_model][WARNING] - [rank: 0]   Hierarchy 2 shape: torch.Size([32, 6, 135])
[2025-11-14 18:32:27,234][src.models.modules.semantic_id.tiger_generation_model][WARNING] - [rank: 0]   Hierarchy 3 shape: torch.Size([32, 6, 135])
[2025-11-14 18:32:27,235][src.models.modules.semantic_id.tiger_generation_model][WARNING] - [rank: 0]   Hierarchy 4 shape: torch.Size([32, 6, 135])
[2025-11-14 18:32:27,235][src.models.modules.semantic_id.tiger_generation_model][WARNING] - [rank: 0]   Hierarchy 5 shape: torch.Size([32, 6, 135])
[2025-11-14 18:32:27,236][src.models.modules.semantic_id.tiger_generation_model][WARNING] - [rank: 0]   Hierarchy 6 shape: torch.Size([32, 6, 135])
[2025-11-14 18:32:27,236][src.models.modules.semantic_id.tiger_generation_model][WARNING] - [rank: 0]   Hierarchy 7 shape: torch.Size([32, 6, 135])
[2025-11-14 18:32:27,723][src.models.modules.semantic_id.tiger_generation_model][INFO] - [rank: 0] Saved decoder self-attention to ./attention_weights/decoder_self_attention_batch_160.pt
[2025-11-14 18:32:27,731][src.models.modules.semantic_id.tiger_generation_model][INFO] - [rank: 0] Saved encoder attention to ./attention_weights/encoder_attention_batch_160.pt
[2025-11-14 18:32:27,731][src.models.modules.semantic_id.tiger_generation_model][INFO] - [rank: 0] Saved cross attention to ./attention_weights/cross_attention_batch_160.pt
[2025-11-14 18:32:27,766][src.models.modules.semantic_id.tiger_generation_model][INFO] - [rank: 0] 当前batch的生成语义ID Embedding相似度矩阵:
[[ 1.0000000e+00  1.7352859e-02  3.2755125e-02  6.4547649e-03
  -1.9408185e-02 -3.7911147e-02 -1.8487157e-02  1.8201759e-02]
 [ 1.7352859e-02  1.0000000e+00  3.3670325e-02  2.6239775e-02
   4.3351706e-03 -1.4631947e-02  3.9653480e-03  2.4527218e-02]
 [ 3.2755125e-02  3.3670325e-02  1.0000000e+00 -9.5371269e-03
  -3.0072825e-04  6.7751682e-03  2.6739225e-02 -1.6715936e-02]
 [ 6.4547649e-03  2.6239775e-02 -9.5371269e-03  1.0000000e+00
  -3.6952097e-02 -3.2968305e-02 -3.2543615e-02  2.1052086e-03]
 [-1.9408185e-02  4.3351706e-03 -3.0072825e-04 -3.6952097e-02
   1.0000000e+00 -3.2234069e-02  2.6195442e-02  1.9903498e-02]
 [-3.7911147e-02 -1.4631947e-02  6.7751682e-03 -3.2968305e-02
  -3.2234069e-02  1.0000001e+00  6.0548061e-03  9.5866481e-03]
 [-1.8487157e-02  3.9653480e-03  2.6739225e-02 -3.2543615e-02
   2.6195442e-02  6.0548061e-03  1.0000000e+00 -5.1025905e-02]
 [ 1.8201759e-02  2.4527218e-02 -1.6715936e-02  2.1052086e-03
   1.9903498e-02  9.5866481e-03 -5.1025905e-02  1.0000001e+00]]
[2025-11-14 18:32:28,028][src.models.modules.semantic_id.tiger_generation_model][INFO] - [rank: 0] 当前batch的输入Item Hierarchy Embedding相似度矩阵:
[[ 1.0000000e+00  6.2202942e-03  1.1303506e-03 -3.9042321e-03
   4.3973890e-03  7.1588927e-03  1.9735873e-03  3.3538046e-03]
 [ 6.2202942e-03  1.0000000e+00 -1.5026775e-04  1.2290675e-02
   8.5585834e-03  1.8947995e-03  6.4093154e-03  2.5127886e-02]
 [ 1.1303506e-03 -1.5026775e-04  1.0000000e+00  1.1421311e-02
  -5.2412697e-03  6.4253085e-03 -6.3717943e-03 -5.5546820e-04]
 [-3.9042321e-03  1.2290675e-02  1.1421311e-02  1.0000000e+00
  -7.5328625e-03  1.4433032e-02 -8.3105182e-03  2.6988804e-03]
 [ 4.3973890e-03  8.5585834e-03 -5.2412697e-03 -7.5328625e-03
   1.0000000e+00  1.5677321e-03 -1.2121033e-02  2.1095578e-02]
 [ 7.1588927e-03  1.8947995e-03  6.4253085e-03  1.4433032e-02
   1.5677321e-03  1.0000000e+00 -1.9947771e-02 -2.9665011e-03]
 [ 1.9735873e-03  6.4093154e-03 -6.3717943e-03 -8.3105182e-03
  -1.2121033e-02 -1.9947771e-02  1.0000000e+00 -4.0989708e-02]
 [ 3.3538046e-03  2.5127886e-02 -5.5546820e-04  2.6988804e-03
   2.1095578e-02 -2.9665011e-03 -4.0989708e-02  1.0000001e+00]]
[2025-11-14 18:32:28,757][src.models.modules.semantic_id.tiger_generation_model][WARNING] - [rank: 0] Failed to stack cross attentions: stack expects each tensor to be equal size, but got [32, 6, 135] at entry 0 and [32, 6, 2, 135] at entry 1
[2025-11-14 18:32:28,758][src.models.modules.semantic_id.tiger_generation_model][WARNING] - [rank: 0]   Hierarchy 0 shape: torch.Size([32, 6, 135])
[2025-11-14 18:32:28,758][src.models.modules.semantic_id.tiger_generation_model][WARNING] - [rank: 0]   Hierarchy 1 shape: torch.Size([32, 6, 2, 135])
[2025-11-14 18:32:28,759][src.models.modules.semantic_id.tiger_generation_model][WARNING] - [rank: 0]   Hierarchy 2 shape: torch.Size([32, 6, 135])
[2025-11-14 18:32:28,759][src.models.modules.semantic_id.tiger_generation_model][WARNING] - [rank: 0]   Hierarchy 3 shape: torch.Size([32, 6, 135])
[2025-11-14 18:32:28,759][src.models.modules.semantic_id.tiger_generation_model][WARNING] - [rank: 0]   Hierarchy 4 shape: torch.Size([32, 6, 135])
[2025-11-14 18:32:28,759][src.models.modules.semantic_id.tiger_generation_model][WARNING] - [rank: 0]   Hierarchy 5 shape: torch.Size([32, 6, 135])
[2025-11-14 18:32:28,759][src.models.modules.semantic_id.tiger_generation_model][WARNING] - [rank: 0]   Hierarchy 6 shape: torch.Size([32, 6, 135])
[2025-11-14 18:32:28,760][src.models.modules.semantic_id.tiger_generation_model][WARNING] - [rank: 0]   Hierarchy 7 shape: torch.Size([32, 6, 135])
[2025-11-14 18:32:29,207][src.models.modules.semantic_id.tiger_generation_model][INFO] - [rank: 0] Saved decoder self-attention to ./attention_weights/decoder_self_attention_batch_161.pt
[2025-11-14 18:32:29,214][src.models.modules.semantic_id.tiger_generation_model][INFO] - [rank: 0] Saved encoder attention to ./attention_weights/encoder_attention_batch_161.pt
[2025-11-14 18:32:29,219][src.models.modules.semantic_id.tiger_generation_model][INFO] - [rank: 0] Saved cross attention to ./attention_weights/cross_attention_batch_161.pt
[2025-11-14 18:32:29,242][src.models.modules.semantic_id.tiger_generation_model][INFO] - [rank: 0] 当前batch的生成语义ID Embedding相似度矩阵:
[[ 1.0000000e+00  7.8307185e-03  4.0326957e-03  2.3673428e-03
  -1.7321240e-02  4.1708848e-03 -6.3679065e-03  1.9785762e-02]
 [ 7.8307185e-03  1.0000000e+00  8.7329699e-03  2.3096450e-02
   7.6623168e-03 -1.0668357e-02  2.8329123e-02  6.9174548e-03]
 [ 4.0326957e-03  8.7329699e-03  1.0000000e+00  9.3813129e-03
  -6.0882252e-03 -3.2067090e-02  1.8867068e-02 -3.8740247e-02]
 [ 2.3673428e-03  2.3096450e-02  9.3813129e-03  1.0000000e+00
  -1.0790655e-02  1.6089529e-03 -8.8920491e-04  3.5519950e-02]
 [-1.7321240e-02  7.6623168e-03 -6.0882252e-03 -1.0790655e-02
   1.0000000e+00 -3.5504390e-02 -3.7469324e-03 -3.1707764e-02]
 [ 4.1708848e-03 -1.0668357e-02 -3.2067090e-02  1.6089529e-03
  -3.5504390e-02  1.0000000e+00 -2.0812497e-02  3.0535452e-02]
 [-6.3679065e-03  2.8329123e-02  1.8867068e-02 -8.8920491e-04
  -3.7469324e-03 -2.0812497e-02  1.0000000e+00 -5.0212719e-02]
 [ 1.9785762e-02  6.9174548e-03 -3.8740247e-02  3.5519950e-02
  -3.1707764e-02  3.0535452e-02 -5.0212719e-02  1.0000001e+00]]
[2025-11-14 18:32:29,402][src.models.modules.semantic_id.tiger_generation_model][INFO] - [rank: 0] 当前batch的输入Item Hierarchy Embedding相似度矩阵:
[[ 1.00000000e+00  2.22486979e-03 -4.28388594e-03 -1.97735173e-03
  -4.16208804e-03 -1.68891880e-03 -8.67565349e-03  5.37400413e-03]
 [ 2.22486979e-03  1.00000000e+00 -5.33244060e-03  4.25838633e-03
   4.62733442e-04  1.40147365e-03 -1.23568941e-02  1.99564360e-02]
 [-4.28388594e-03 -5.33244060e-03  1.00000000e+00 -1.55805273e-03
   5.93871484e-03  1.29700275e-02 -1.09405816e-02 -4.84755170e-03]
 [-1.97735173e-03  4.25838633e-03 -1.55805273e-03  1.00000000e+00
   6.04645861e-03 -6.73357630e-03 -2.76975892e-03  1.20281205e-02]
 [-4.16208804e-03  4.62733442e-04  5.93871484e-03  6.04645861e-03
   1.00000000e+00  5.43874549e-03  5.60429599e-03  6.13220362e-03]
 [-1.68891880e-03  1.40147365e-03  1.29700275e-02 -6.73357630e-03
   5.43874549e-03  1.00000000e+00 -1.15014780e-02 -1.61026756e-03]
 [-8.67565349e-03 -1.23568941e-02 -1.09405816e-02 -2.76975892e-03
   5.60429599e-03 -1.15014780e-02  1.00000000e+00 -3.69171798e-02]
 [ 5.37400413e-03  1.99564360e-02 -4.84755170e-03  1.20281205e-02
   6.13220362e-03 -1.61026756e-03 -3.69171798e-02  1.00000012e+00]]
[2025-11-14 18:32:30,462][src.models.modules.semantic_id.tiger_generation_model][WARNING] - [rank: 0] Failed to stack cross attentions: stack expects each tensor to be equal size, but got [32, 6, 135] at entry 0 and [32, 6, 2, 135] at entry 1
[2025-11-14 18:32:30,484][src.models.modules.semantic_id.tiger_generation_model][WARNING] - [rank: 0]   Hierarchy 0 shape: torch.Size([32, 6, 135])
[2025-11-14 18:32:30,484][src.models.modules.semantic_id.tiger_generation_model][WARNING] - [rank: 0]   Hierarchy 1 shape: torch.Size([32, 6, 2, 135])
[2025-11-14 18:32:30,484][src.models.modules.semantic_id.tiger_generation_model][WARNING] - [rank: 0]   Hierarchy 2 shape: torch.Size([32, 6, 135])
[2025-11-14 18:32:30,484][src.models.modules.semantic_id.tiger_generation_model][WARNING] - [rank: 0]   Hierarchy 3 shape: torch.Size([32, 6, 135])
[2025-11-14 18:32:30,484][src.models.modules.semantic_id.tiger_generation_model][WARNING] - [rank: 0]   Hierarchy 4 shape: torch.Size([32, 6, 135])
[2025-11-14 18:32:30,485][src.models.modules.semantic_id.tiger_generation_model][WARNING] - [rank: 0]   Hierarchy 5 shape: torch.Size([32, 6, 135])
[2025-11-14 18:32:30,485][src.models.modules.semantic_id.tiger_generation_model][WARNING] - [rank: 0]   Hierarchy 6 shape: torch.Size([32, 6, 135])
[2025-11-14 18:32:30,485][src.models.modules.semantic_id.tiger_generation_model][WARNING] - [rank: 0]   Hierarchy 7 shape: torch.Size([32, 6, 135])
[2025-11-14 18:32:30,972][src.models.modules.semantic_id.tiger_generation_model][INFO] - [rank: 0] Saved decoder self-attention to ./attention_weights/decoder_self_attention_batch_162.pt
[2025-11-14 18:32:30,973][src.models.modules.semantic_id.tiger_generation_model][INFO] - [rank: 0] Saved encoder attention to ./attention_weights/encoder_attention_batch_162.pt
[2025-11-14 18:32:30,973][src.models.modules.semantic_id.tiger_generation_model][INFO] - [rank: 0] Saved cross attention to ./attention_weights/cross_attention_batch_162.pt
[2025-11-14 18:32:30,979][src.models.modules.semantic_id.tiger_generation_model][INFO] - [rank: 0] 当前batch的生成语义ID Embedding相似度矩阵:
[[ 1.0000000e+00  5.5268649e-03  1.4195871e-04  3.9120666e-03
  -1.7695677e-02 -4.6634082e-02  1.2071002e-02  6.6653504e-03]
 [ 5.5268649e-03  1.0000000e+00  3.6511190e-02  1.4064148e-02
   7.2692255e-03  3.7450376e-03 -5.3187115e-03  1.0551285e-02]
 [ 1.4195871e-04  3.6511190e-02  1.0000000e+00 -2.7644606e-03
   1.9086977e-02  7.8829154e-03  4.7646679e-02  1.1868926e-02]
 [ 3.9120666e-03  1.4064148e-02 -2.7644606e-03  1.0000000e+00
  -8.7265857e-04 -1.9785352e-03  3.2895664e-03  2.9769022e-02]
 [-1.7695677e-02  7.2692255e-03  1.9086977e-02 -8.7265857e-04
   1.0000000e+00  1.9484464e-02  1.3045399e-02  8.3545484e-03]
 [-4.6634082e-02  3.7450376e-03  7.8829154e-03 -1.9785352e-03
   1.9484464e-02  1.0000000e+00 -5.1285937e-02 -1.1069588e-02]
 [ 1.2071002e-02 -5.3187115e-03  4.7646679e-02  3.2895664e-03
   1.3045399e-02 -5.1285937e-02  1.0000000e+00 -6.5727783e-03]
 [ 6.6653504e-03  1.0551285e-02  1.1868926e-02  2.9769022e-02
   8.3545484e-03 -1.1069588e-02 -6.5727783e-03  1.0000001e+00]]
[2025-11-14 18:32:31,132][src.models.modules.semantic_id.tiger_generation_model][INFO] - [rank: 0] 当前batch的输入Item Hierarchy Embedding相似度矩阵:
[[ 1.0000000e+00 -6.8352264e-03 -9.0019181e-03  5.0586425e-03
  -1.3111896e-02  7.8886645e-03 -6.2654908e-03  4.6399063e-03]
 [-6.8352264e-03  1.0000000e+00  4.8776660e-03  7.8528328e-03
   5.7564018e-04  3.6756997e-03  2.3722884e-03  9.5104342e-03]
 [-9.0019181e-03  4.8776660e-03  1.0000000e+00  1.9644525e-02
   1.3597386e-02 -4.5985696e-03 -1.2208331e-02  1.3958008e-02]
 [ 5.0586425e-03  7.8528328e-03  1.9644525e-02  1.0000000e+00
  -3.1851613e-04  3.9428985e-03 -1.3284078e-02  3.8173678e-03]
 [-1.3111896e-02  5.7564018e-04  1.3597386e-02 -3.1851613e-04
   1.0000000e+00  1.0792002e-03  3.2329333e-03  1.6092617e-02]
 [ 7.8886645e-03  3.6756997e-03 -4.5985696e-03  3.9428985e-03
   1.0792002e-03  1.0000000e+00 -8.9367311e-03 -1.2538619e-03]
 [-6.2654908e-03  2.3722884e-03 -1.2208331e-02 -1.3284078e-02
   3.2329333e-03 -8.9367311e-03  1.0000000e+00 -4.9251415e-02]
 [ 4.6399063e-03  9.5104342e-03  1.3958008e-02  3.8173678e-03
   1.6092617e-02 -1.2538619e-03 -4.9251415e-02  1.0000002e+00]]
[2025-11-14 18:32:32,131][src.models.modules.semantic_id.tiger_generation_model][WARNING] - [rank: 0] Failed to stack cross attentions: stack expects each tensor to be equal size, but got [32, 6, 135] at entry 0 and [32, 6, 2, 135] at entry 1
[2025-11-14 18:32:32,132][src.models.modules.semantic_id.tiger_generation_model][WARNING] - [rank: 0]   Hierarchy 0 shape: torch.Size([32, 6, 135])
[2025-11-14 18:32:32,132][src.models.modules.semantic_id.tiger_generation_model][WARNING] - [rank: 0]   Hierarchy 1 shape: torch.Size([32, 6, 2, 135])
[2025-11-14 18:32:32,132][src.models.modules.semantic_id.tiger_generation_model][WARNING] - [rank: 0]   Hierarchy 2 shape: torch.Size([32, 6, 135])
[2025-11-14 18:32:32,132][src.models.modules.semantic_id.tiger_generation_model][WARNING] - [rank: 0]   Hierarchy 3 shape: torch.Size([32, 6, 135])
[2025-11-14 18:32:32,133][src.models.modules.semantic_id.tiger_generation_model][WARNING] - [rank: 0]   Hierarchy 4 shape: torch.Size([32, 6, 135])
[2025-11-14 18:32:32,133][src.models.modules.semantic_id.tiger_generation_model][WARNING] - [rank: 0]   Hierarchy 5 shape: torch.Size([32, 6, 135])
[2025-11-14 18:32:32,133][src.models.modules.semantic_id.tiger_generation_model][WARNING] - [rank: 0]   Hierarchy 6 shape: torch.Size([32, 6, 135])
[2025-11-14 18:32:32,133][src.models.modules.semantic_id.tiger_generation_model][WARNING] - [rank: 0]   Hierarchy 7 shape: torch.Size([32, 6, 135])
[2025-11-14 18:32:32,417][src.models.modules.semantic_id.tiger_generation_model][INFO] - [rank: 0] Saved decoder self-attention to ./attention_weights/decoder_self_attention_batch_163.pt
[2025-11-14 18:32:32,431][src.models.modules.semantic_id.tiger_generation_model][INFO] - [rank: 0] Saved encoder attention to ./attention_weights/encoder_attention_batch_163.pt
[2025-11-14 18:32:32,431][src.models.modules.semantic_id.tiger_generation_model][INFO] - [rank: 0] Saved cross attention to ./attention_weights/cross_attention_batch_163.pt
[2025-11-14 18:32:32,437][src.models.modules.semantic_id.tiger_generation_model][INFO] - [rank: 0] 当前batch的生成语义ID Embedding相似度矩阵:
[[ 9.9999988e-01  2.5207881e-02 -2.8282562e-02 -3.5841286e-02
  -1.4979783e-02 -2.2453994e-02 -1.7931236e-02  3.4297813e-02]
 [ 2.5207881e-02  1.0000000e+00  2.7122084e-02  1.6720869e-02
   6.7403251e-03  1.8538900e-02  2.8407333e-02 -2.7607311e-04]
 [-2.8282562e-02  2.7122084e-02  1.0000000e+00 -1.8253181e-02
   1.8666493e-02 -9.4884792e-03 -2.9213028e-03  1.3600387e-02]
 [-3.5841286e-02  1.6720869e-02 -1.8253181e-02  1.0000000e+00
   7.3778247e-03  1.2749987e-02 -1.9286472e-02 -7.6268474e-04]
 [-1.4979783e-02  6.7403251e-03  1.8666493e-02  7.3778247e-03
   1.0000000e+00  2.1225579e-02 -4.5468491e-02 -1.5467431e-02]
 [-2.2453994e-02  1.8538900e-02 -9.4884792e-03  1.2749987e-02
   2.1225579e-02  1.0000000e+00  3.7258938e-03 -4.8830016e-03]
 [-1.7931236e-02  2.8407333e-02 -2.9213028e-03 -1.9286472e-02
  -4.5468491e-02  3.7258938e-03  1.0000000e+00 -2.6563562e-02]
 [ 3.4297813e-02 -2.7607311e-04  1.3600387e-02 -7.6268474e-04
  -1.5467431e-02 -4.8830016e-03 -2.6563562e-02  1.0000001e+00]]
[2025-11-14 18:32:32,749][src.models.modules.semantic_id.tiger_generation_model][INFO] - [rank: 0] 当前batch的输入Item Hierarchy Embedding相似度矩阵:
[[ 1.00000000e+00 -1.08341230e-02 -8.05647112e-03  4.70834272e-03
  -1.26425745e-02 -5.63625619e-03 -1.45358639e-02  3.80795226e-02]
 [-1.08341230e-02  1.00000000e+00  1.29407062e-03  1.22982683e-02
   1.15379989e-02 -1.64862641e-03  1.12417778e-02  1.06960237e-02]
 [-8.05647112e-03  1.29407062e-03  1.00000000e+00 -2.84126890e-03
  -2.98920064e-03 -8.58426001e-03 -1.89936627e-02  6.98732818e-03]
 [ 4.70834272e-03  1.22982683e-02 -2.84126890e-03  1.00000000e+00
  -1.05114644e-02  2.14549317e-03 -8.41502100e-03 -3.70567595e-03]
 [-1.26425745e-02  1.15379989e-02 -2.98920064e-03 -1.05114644e-02
   1.00000000e+00 -2.10193262e-04 -1.81392115e-02  2.44824365e-02]
 [-5.63625619e-03 -1.64862641e-03 -8.58426001e-03  2.14549317e-03
  -2.10193262e-04  1.00000000e+00 -1.36675704e-02 -8.74643493e-03]
 [-1.45358639e-02  1.12417778e-02 -1.89936627e-02 -8.41502100e-03
  -1.81392115e-02 -1.36675704e-02  1.00000000e+00 -3.86748724e-02]
 [ 3.80795226e-02  1.06960237e-02  6.98732818e-03 -3.70567595e-03
   2.44824365e-02 -8.74643493e-03 -3.86748724e-02  1.00000012e+00]]
[2025-11-14 18:32:33,780][src.models.modules.semantic_id.tiger_generation_model][WARNING] - [rank: 0] Failed to stack cross attentions: stack expects each tensor to be equal size, but got [32, 6, 135] at entry 0 and [32, 6, 2, 135] at entry 1
[2025-11-14 18:32:33,781][src.models.modules.semantic_id.tiger_generation_model][WARNING] - [rank: 0]   Hierarchy 0 shape: torch.Size([32, 6, 135])
[2025-11-14 18:32:33,781][src.models.modules.semantic_id.tiger_generation_model][WARNING] - [rank: 0]   Hierarchy 1 shape: torch.Size([32, 6, 2, 135])
[2025-11-14 18:32:33,781][src.models.modules.semantic_id.tiger_generation_model][WARNING] - [rank: 0]   Hierarchy 2 shape: torch.Size([32, 6, 135])
[2025-11-14 18:32:33,782][src.models.modules.semantic_id.tiger_generation_model][WARNING] - [rank: 0]   Hierarchy 3 shape: torch.Size([32, 6, 135])
[2025-11-14 18:32:33,782][src.models.modules.semantic_id.tiger_generation_model][WARNING] - [rank: 0]   Hierarchy 4 shape: torch.Size([32, 6, 135])
[2025-11-14 18:32:33,782][src.models.modules.semantic_id.tiger_generation_model][WARNING] - [rank: 0]   Hierarchy 5 shape: torch.Size([32, 6, 135])
[2025-11-14 18:32:33,782][src.models.modules.semantic_id.tiger_generation_model][WARNING] - [rank: 0]   Hierarchy 6 shape: torch.Size([32, 6, 135])
[2025-11-14 18:32:33,782][src.models.modules.semantic_id.tiger_generation_model][WARNING] - [rank: 0]   Hierarchy 7 shape: torch.Size([32, 6, 135])
[2025-11-14 18:32:34,212][src.models.modules.semantic_id.tiger_generation_model][INFO] - [rank: 0] Saved decoder self-attention to ./attention_weights/decoder_self_attention_batch_164.pt
[2025-11-14 18:32:34,213][src.models.modules.semantic_id.tiger_generation_model][INFO] - [rank: 0] Saved encoder attention to ./attention_weights/encoder_attention_batch_164.pt
[2025-11-14 18:32:34,213][src.models.modules.semantic_id.tiger_generation_model][INFO] - [rank: 0] Saved cross attention to ./attention_weights/cross_attention_batch_164.pt
[2025-11-14 18:32:34,221][src.models.modules.semantic_id.tiger_generation_model][INFO] - [rank: 0] 当前batch的生成语义ID Embedding相似度矩阵:
[[ 9.99999940e-01  1.49555216e-02  5.21480963e-02  2.56860666e-02
  -1.68397725e-02 -3.75182517e-02 -1.36739295e-02  1.51620852e-02]
 [ 1.49555216e-02  1.00000012e+00  1.89112034e-05 -1.69646814e-02
  -5.74789010e-04 -1.82478689e-02  1.80613007e-02  1.96569413e-02]
 [ 5.21480963e-02  1.89112034e-05  1.00000000e+00  1.99935269e-02
  -8.08477961e-03 -1.93709917e-02  3.04505304e-02  2.15916745e-02]
 [ 2.56860666e-02 -1.69646814e-02  1.99935269e-02  1.00000000e+00
  -1.07681099e-02 -1.07657518e-02  1.75255537e-03  1.76738501e-02]
 [-1.68397725e-02 -5.74789010e-04 -8.08477961e-03 -1.07681099e-02
   1.00000000e+00  4.28424496e-03  6.54617790e-03  2.77450727e-03]
 [-3.75182517e-02 -1.82478689e-02 -1.93709917e-02 -1.07657518e-02
   4.28424496e-03  1.00000000e+00 -5.98176196e-02  3.80903855e-03]
 [-1.36739295e-02  1.80613007e-02  3.04505304e-02  1.75255537e-03
   6.54617790e-03 -5.98176196e-02  1.00000000e+00 -3.80971618e-02]
 [ 1.51620852e-02  1.96569413e-02  2.15916745e-02  1.76738501e-02
   2.77450727e-03  3.80903855e-03 -3.80971618e-02  1.00000012e+00]]
[2025-11-14 18:32:34,297][src.models.modules.semantic_id.tiger_generation_model][INFO] - [rank: 0] 当前batch的输入Item Hierarchy Embedding相似度矩阵:
[[ 1.0000000e+00 -5.7923994e-03 -4.1569248e-03 -5.2891793e-03
  -2.0123569e-02 -1.0172682e-02 -1.2845765e-02 -7.0505571e-03]
 [-5.7923994e-03  1.0000000e+00 -1.9852540e-02  8.5890191e-03
   7.5719627e-03 -1.8122114e-02 -7.3170490e-03  4.2511690e-03]
 [-4.1569248e-03 -1.9852540e-02  1.0000000e+00  5.0527630e-03
  -3.4194572e-03  4.7742361e-03  1.3226058e-04  1.9115763e-02]
 [-5.2891793e-03  8.5890191e-03  5.0527630e-03  1.0000000e+00
  -6.7668492e-03 -1.4229814e-02 -9.1828412e-04  1.7652673e-03]
 [-2.0123569e-02  7.5719627e-03 -3.4194572e-03 -6.7668492e-03
   1.0000000e+00 -7.7674659e-03 -7.8962119e-03  5.4219407e-03]
 [-1.0172682e-02 -1.8122114e-02  4.7742361e-03 -1.4229814e-02
  -7.7674659e-03  1.0000000e+00 -1.6904189e-03 -3.4854515e-03]
 [-1.2845765e-02 -7.3170490e-03  1.3226058e-04 -9.1828412e-04
  -7.8962119e-03 -1.6904189e-03  1.0000000e+00 -5.1966749e-02]
 [-7.0505571e-03  4.2511690e-03  1.9115763e-02  1.7652673e-03
   5.4219407e-03 -3.4854515e-03 -5.1966749e-02  1.0000001e+00]]
[2025-11-14 18:32:35,509][src.models.modules.semantic_id.tiger_generation_model][WARNING] - [rank: 0] Failed to stack cross attentions: stack expects each tensor to be equal size, but got [32, 6, 135] at entry 0 and [32, 6, 2, 135] at entry 1
[2025-11-14 18:32:35,510][src.models.modules.semantic_id.tiger_generation_model][WARNING] - [rank: 0]   Hierarchy 0 shape: torch.Size([32, 6, 135])
[2025-11-14 18:32:35,510][src.models.modules.semantic_id.tiger_generation_model][WARNING] - [rank: 0]   Hierarchy 1 shape: torch.Size([32, 6, 2, 135])
[2025-11-14 18:32:35,511][src.models.modules.semantic_id.tiger_generation_model][WARNING] - [rank: 0]   Hierarchy 2 shape: torch.Size([32, 6, 135])
[2025-11-14 18:32:35,515][src.models.modules.semantic_id.tiger_generation_model][WARNING] - [rank: 0]   Hierarchy 3 shape: torch.Size([32, 6, 135])
[2025-11-14 18:32:35,515][src.models.modules.semantic_id.tiger_generation_model][WARNING] - [rank: 0]   Hierarchy 4 shape: torch.Size([32, 6, 135])
[2025-11-14 18:32:35,515][src.models.modules.semantic_id.tiger_generation_model][WARNING] - [rank: 0]   Hierarchy 5 shape: torch.Size([32, 6, 135])
[2025-11-14 18:32:35,516][src.models.modules.semantic_id.tiger_generation_model][WARNING] - [rank: 0]   Hierarchy 6 shape: torch.Size([32, 6, 135])
[2025-11-14 18:32:35,516][src.models.modules.semantic_id.tiger_generation_model][WARNING] - [rank: 0]   Hierarchy 7 shape: torch.Size([32, 6, 135])
[2025-11-14 18:32:36,459][src.models.modules.semantic_id.tiger_generation_model][INFO] - [rank: 0] Saved decoder self-attention to ./attention_weights/decoder_self_attention_batch_165.pt
[2025-11-14 18:32:36,460][src.models.modules.semantic_id.tiger_generation_model][INFO] - [rank: 0] Saved encoder attention to ./attention_weights/encoder_attention_batch_165.pt
[2025-11-14 18:32:36,460][src.models.modules.semantic_id.tiger_generation_model][INFO] - [rank: 0] Saved cross attention to ./attention_weights/cross_attention_batch_165.pt
[2025-11-14 18:32:36,480][src.models.modules.semantic_id.tiger_generation_model][INFO] - [rank: 0] 当前batch的生成语义ID Embedding相似度矩阵:
[[ 1.0000000e+00 -9.0637989e-03  8.8654051e-04  3.3893127e-02
  -2.9020023e-02  6.5686023e-03  1.7179213e-02 -4.0272111e-03]
 [-9.0637989e-03  1.0000000e+00  6.3472353e-03  1.3475078e-03
   2.8264174e-02 -4.4998992e-04 -1.2418174e-02  2.1266866e-02]
 [ 8.8654051e-04  6.3472353e-03  1.0000000e+00 -5.4399231e-03
  -1.7020695e-02  5.5333665e-03 -2.1892296e-02  1.5670596e-02]
 [ 3.3893127e-02  1.3475078e-03 -5.4399231e-03  1.0000001e+00
  -7.0513133e-03 -1.4949404e-03 -2.2431860e-02 -7.7588623e-03]
 [-2.9020023e-02  2.8264174e-02 -1.7020695e-02 -7.0513133e-03
   1.0000000e+00 -2.6583517e-02  1.9930512e-02  1.4908679e-02]
 [ 6.5686023e-03 -4.4998992e-04  5.5333665e-03 -1.4949404e-03
  -2.6583517e-02  1.0000000e+00 -1.7018627e-02  2.8419822e-02]
 [ 1.7179213e-02 -1.2418174e-02 -2.1892296e-02 -2.2431860e-02
   1.9930512e-02 -1.7018627e-02  1.0000000e+00 -3.8978774e-02]
 [-4.0272111e-03  2.1266866e-02  1.5670596e-02 -7.7588623e-03
   1.4908679e-02  2.8419822e-02 -3.8978774e-02  1.0000001e+00]]
[2025-11-14 18:32:37,274][src.models.modules.semantic_id.tiger_generation_model][INFO] - [rank: 0] 当前batch的输入Item Hierarchy Embedding相似度矩阵:
[[ 9.9999994e-01  1.4522020e-02  2.1105761e-02 -2.2822525e-03
   4.4439109e-03 -1.4096910e-02 -5.0925259e-03 -1.2083489e-02]
 [ 1.4522020e-02  9.9999994e-01  5.2734781e-03 -1.3619018e-03
  -1.4415720e-03 -1.3180189e-02 -3.3053234e-03 -9.7559057e-03]
 [ 2.1105761e-02  5.2734781e-03  9.9999994e-01  4.1791270e-03
   1.9781664e-02  2.4887342e-03 -8.9374883e-03 -3.1816328e-04]
 [-2.2822525e-03 -1.3619018e-03  4.1791270e-03  9.9999994e-01
  -2.6307921e-03  5.5757337e-03 -5.1671485e-03  1.0127170e-02]
 [ 4.4439109e-03 -1.4415720e-03  1.9781664e-02 -2.6307921e-03
   9.9999994e-01  5.3876382e-03 -1.3351864e-02  2.7219040e-02]
 [-1.4096910e-02 -1.3180189e-02  2.4887342e-03  5.5757337e-03
   5.3876382e-03  9.9999994e-01 -8.4801726e-03  7.1281982e-03]
 [-5.0925259e-03 -3.3053234e-03 -8.9374883e-03 -5.1671485e-03
  -1.3351864e-02 -8.4801726e-03  9.9999994e-01 -3.5711445e-02]
 [-1.2083489e-02 -9.7559057e-03 -3.1816328e-04  1.0127170e-02
   2.7219040e-02  7.1281982e-03 -3.5711445e-02  1.0000001e+00]]
[2025-11-14 18:32:38,517][src.models.modules.semantic_id.tiger_generation_model][WARNING] - [rank: 0] Failed to stack cross attentions: stack expects each tensor to be equal size, but got [32, 6, 135] at entry 0 and [32, 6, 2, 135] at entry 1
[2025-11-14 18:32:38,518][src.models.modules.semantic_id.tiger_generation_model][WARNING] - [rank: 0]   Hierarchy 0 shape: torch.Size([32, 6, 135])
[2025-11-14 18:32:38,518][src.models.modules.semantic_id.tiger_generation_model][WARNING] - [rank: 0]   Hierarchy 1 shape: torch.Size([32, 6, 2, 135])
[2025-11-14 18:32:38,518][src.models.modules.semantic_id.tiger_generation_model][WARNING] - [rank: 0]   Hierarchy 2 shape: torch.Size([32, 6, 135])
[2025-11-14 18:32:38,519][src.models.modules.semantic_id.tiger_generation_model][WARNING] - [rank: 0]   Hierarchy 3 shape: torch.Size([32, 6, 135])
[2025-11-14 18:32:38,519][src.models.modules.semantic_id.tiger_generation_model][WARNING] - [rank: 0]   Hierarchy 4 shape: torch.Size([32, 6, 135])
[2025-11-14 18:32:38,519][src.models.modules.semantic_id.tiger_generation_model][WARNING] - [rank: 0]   Hierarchy 5 shape: torch.Size([32, 6, 135])
[2025-11-14 18:32:38,519][src.models.modules.semantic_id.tiger_generation_model][WARNING] - [rank: 0]   Hierarchy 6 shape: torch.Size([32, 6, 135])
[2025-11-14 18:32:38,519][src.models.modules.semantic_id.tiger_generation_model][WARNING] - [rank: 0]   Hierarchy 7 shape: torch.Size([32, 6, 135])
[2025-11-14 18:32:39,163][src.models.modules.semantic_id.tiger_generation_model][INFO] - [rank: 0] Saved decoder self-attention to ./attention_weights/decoder_self_attention_batch_166.pt
[2025-11-14 18:32:39,163][src.models.modules.semantic_id.tiger_generation_model][INFO] - [rank: 0] Saved encoder attention to ./attention_weights/encoder_attention_batch_166.pt
[2025-11-14 18:32:39,164][src.models.modules.semantic_id.tiger_generation_model][INFO] - [rank: 0] Saved cross attention to ./attention_weights/cross_attention_batch_166.pt
[2025-11-14 18:32:39,171][src.models.modules.semantic_id.tiger_generation_model][INFO] - [rank: 0] 当前batch的生成语义ID Embedding相似度矩阵:
[[ 1.          0.0275617   0.01110802  0.01306811 -0.0161094  -0.04585242
  -0.01312751 -0.00907311]
 [ 0.0275617   1.          0.00500449 -0.01235408  0.00368266 -0.00564454
  -0.00112003  0.03088812]
 [ 0.01110802  0.00500449  1.          0.01434227 -0.01336916  0.00154269
  -0.0137355  -0.00119254]
 [ 0.01306811 -0.01235408  0.01434227  1.         -0.01513403  0.00244857
  -0.03969086 -0.00124078]
 [-0.0161094   0.00368266 -0.01336916 -0.01513403  1.         -0.00188044
   0.01112841 -0.00653969]
 [-0.04585242 -0.00564454  0.00154269  0.00244857 -0.00188044  1.
  -0.02616269  0.0196639 ]
 [-0.01312751 -0.00112003 -0.0137355  -0.03969086  0.01112841 -0.02616269
   1.         -0.04054724]
 [-0.00907311  0.03088812 -0.00119254 -0.00124078 -0.00653969  0.0196639
  -0.04054724  1.0000001 ]]
[2025-11-14 18:32:39,283][src.models.modules.semantic_id.tiger_generation_model][INFO] - [rank: 0] 当前batch的输入Item Hierarchy Embedding相似度矩阵:
[[ 1.0000000e+00 -2.5008307e-04 -7.1531166e-03 -3.1349917e-03
   8.0531632e-04 -5.1389658e-03 -9.4750505e-03  2.4023107e-03]
 [-2.5008307e-04  1.0000000e+00  4.8854440e-03 -1.4519129e-03
   1.9204079e-03 -3.5646230e-03 -4.4447924e-03  9.4737355e-03]
 [-7.1531166e-03  4.8854440e-03  1.0000000e+00 -3.3208409e-03
   1.5919296e-02  5.2325679e-03 -9.0184230e-03  8.6885123e-03]
 [-3.1349917e-03 -1.4519129e-03 -3.3208409e-03  1.0000000e+00
   2.4498787e-03  7.3732343e-03 -6.6021760e-03  8.8251643e-03]
 [ 8.0531632e-04  1.9204079e-03  1.5919296e-02  2.4498787e-03
   1.0000000e+00  1.5389905e-02 -3.4985158e-03  3.7808407e-03]
 [-5.1389658e-03 -3.5646230e-03  5.2325679e-03  7.3732343e-03
   1.5389905e-02  1.0000000e+00 -7.8511182e-03  2.3907090e-02]
 [-9.4750505e-03 -4.4447924e-03 -9.0184230e-03 -6.6021760e-03
  -3.4985158e-03 -7.8511182e-03  1.0000000e+00 -3.8180139e-02]
 [ 2.4023107e-03  9.4737355e-03  8.6885123e-03  8.8251643e-03
   3.7808407e-03  2.3907090e-02 -3.8180139e-02  1.0000001e+00]]
[2025-11-14 18:32:40,809][src.models.modules.semantic_id.tiger_generation_model][WARNING] - [rank: 0] Failed to stack cross attentions: stack expects each tensor to be equal size, but got [32, 6, 135] at entry 0 and [32, 6, 2, 135] at entry 1
[2025-11-14 18:32:40,810][src.models.modules.semantic_id.tiger_generation_model][WARNING] - [rank: 0]   Hierarchy 0 shape: torch.Size([32, 6, 135])
[2025-11-14 18:32:40,810][src.models.modules.semantic_id.tiger_generation_model][WARNING] - [rank: 0]   Hierarchy 1 shape: torch.Size([32, 6, 2, 135])
[2025-11-14 18:32:40,811][src.models.modules.semantic_id.tiger_generation_model][WARNING] - [rank: 0]   Hierarchy 2 shape: torch.Size([32, 6, 135])
[2025-11-14 18:32:40,811][src.models.modules.semantic_id.tiger_generation_model][WARNING] - [rank: 0]   Hierarchy 3 shape: torch.Size([32, 6, 135])
[2025-11-14 18:32:40,826][src.models.modules.semantic_id.tiger_generation_model][WARNING] - [rank: 0]   Hierarchy 4 shape: torch.Size([32, 6, 135])
[2025-11-14 18:32:40,826][src.models.modules.semantic_id.tiger_generation_model][WARNING] - [rank: 0]   Hierarchy 5 shape: torch.Size([32, 6, 135])
[2025-11-14 18:32:40,826][src.models.modules.semantic_id.tiger_generation_model][WARNING] - [rank: 0]   Hierarchy 6 shape: torch.Size([32, 6, 135])
[2025-11-14 18:32:40,827][src.models.modules.semantic_id.tiger_generation_model][WARNING] - [rank: 0]   Hierarchy 7 shape: torch.Size([32, 6, 135])
[2025-11-14 18:32:41,400][src.models.modules.semantic_id.tiger_generation_model][INFO] - [rank: 0] Saved decoder self-attention to ./attention_weights/decoder_self_attention_batch_167.pt
[2025-11-14 18:32:41,400][src.models.modules.semantic_id.tiger_generation_model][INFO] - [rank: 0] Saved encoder attention to ./attention_weights/encoder_attention_batch_167.pt
[2025-11-14 18:32:41,400][src.models.modules.semantic_id.tiger_generation_model][INFO] - [rank: 0] Saved cross attention to ./attention_weights/cross_attention_batch_167.pt
[2025-11-14 18:32:41,407][src.models.modules.semantic_id.tiger_generation_model][INFO] - [rank: 0] 当前batch的生成语义ID Embedding相似度矩阵:
[[ 1.0000000e+00 -2.0738823e-02 -2.5255851e-02 -1.2949697e-02
  -3.0002117e-02 -4.0732462e-02 -1.2819283e-02  1.9820273e-02]
 [-2.0738823e-02  1.0000001e+00  3.4111564e-03  1.1668814e-02
   2.9237241e-02  9.0511097e-03  2.0461690e-02  4.2795379e-02]
 [-2.5255851e-02  3.4111564e-03  1.0000000e+00 -3.4343846e-02
   2.4942022e-02 -4.0377900e-02 -2.2384916e-03 -5.6402558e-03]
 [-1.2949697e-02  1.1668814e-02 -3.4343846e-02  1.0000000e+00
  -1.9551745e-02  2.7843349e-02 -2.6070151e-02 -2.5884109e-03]
 [-3.0002117e-02  2.9237241e-02  2.4942022e-02 -1.9551745e-02
   1.0000000e+00  8.3416030e-03 -5.4466657e-02  6.0801161e-04]
 [-4.0732462e-02  9.0511097e-03 -4.0377900e-02  2.7843349e-02
   8.3416030e-03  9.9999994e-01 -7.1521908e-02 -1.9627184e-02]
 [-1.2819283e-02  2.0461690e-02 -2.2384916e-03 -2.6070151e-02
  -5.4466657e-02 -7.1521908e-02  1.0000000e+00 -8.0129497e-02]
 [ 1.9820273e-02  4.2795379e-02 -5.6402558e-03 -2.5884109e-03
   6.0801161e-04 -1.9627184e-02 -8.0129497e-02  1.0000001e+00]]
[2025-11-14 18:32:42,216][src.models.modules.semantic_id.tiger_generation_model][INFO] - [rank: 0] 当前batch的输入Item Hierarchy Embedding相似度矩阵:
[[ 1.         -0.01427458 -0.0104504   0.0140548  -0.00403651  0.00417034
  -0.01127698  0.03176311]
 [-0.01427458  1.         -0.00186779  0.01811345  0.00824718 -0.00540158
   0.01611018  0.00399812]
 [-0.0104504  -0.00186779  1.         -0.00975958  0.00349199 -0.02003497
  -0.0218107  -0.00412406]
 [ 0.0140548   0.01811345 -0.00975958  1.         -0.00272332  0.00971067
  -0.01025435 -0.01114251]
 [-0.00403651  0.00824718  0.00349199 -0.00272332  1.         -0.01469572
  -0.02604682  0.00949044]
 [ 0.00417034 -0.00540158 -0.02003497  0.00971067 -0.01469572  1.
  -0.00517431 -0.00379149]
 [-0.01127698  0.01611018 -0.0218107  -0.01025435 -0.02604682 -0.00517431
   1.         -0.04256416]
 [ 0.03176311  0.00399812 -0.00412406 -0.01114251  0.00949044 -0.00379149
  -0.04256416  1.0000001 ]]
[2025-11-14 18:32:43,637][src.models.modules.semantic_id.tiger_generation_model][WARNING] - [rank: 0] Failed to stack cross attentions: stack expects each tensor to be equal size, but got [32, 6, 135] at entry 0 and [32, 6, 2, 135] at entry 1
[2025-11-14 18:32:43,638][src.models.modules.semantic_id.tiger_generation_model][WARNING] - [rank: 0]   Hierarchy 0 shape: torch.Size([32, 6, 135])
[2025-11-14 18:32:43,638][src.models.modules.semantic_id.tiger_generation_model][WARNING] - [rank: 0]   Hierarchy 1 shape: torch.Size([32, 6, 2, 135])
[2025-11-14 18:32:43,638][src.models.modules.semantic_id.tiger_generation_model][WARNING] - [rank: 0]   Hierarchy 2 shape: torch.Size([32, 6, 135])
[2025-11-14 18:32:43,638][src.models.modules.semantic_id.tiger_generation_model][WARNING] - [rank: 0]   Hierarchy 3 shape: torch.Size([32, 6, 135])
[2025-11-14 18:32:43,638][src.models.modules.semantic_id.tiger_generation_model][WARNING] - [rank: 0]   Hierarchy 4 shape: torch.Size([32, 6, 135])
[2025-11-14 18:32:43,638][src.models.modules.semantic_id.tiger_generation_model][WARNING] - [rank: 0]   Hierarchy 5 shape: torch.Size([32, 6, 135])
[2025-11-14 18:32:43,639][src.models.modules.semantic_id.tiger_generation_model][WARNING] - [rank: 0]   Hierarchy 6 shape: torch.Size([32, 6, 135])
[2025-11-14 18:32:43,639][src.models.modules.semantic_id.tiger_generation_model][WARNING] - [rank: 0]   Hierarchy 7 shape: torch.Size([32, 6, 135])
[2025-11-14 18:32:44,436][src.models.modules.semantic_id.tiger_generation_model][INFO] - [rank: 0] Saved decoder self-attention to ./attention_weights/decoder_self_attention_batch_168.pt
[2025-11-14 18:32:44,437][src.models.modules.semantic_id.tiger_generation_model][INFO] - [rank: 0] Saved encoder attention to ./attention_weights/encoder_attention_batch_168.pt
[2025-11-14 18:32:44,437][src.models.modules.semantic_id.tiger_generation_model][INFO] - [rank: 0] Saved cross attention to ./attention_weights/cross_attention_batch_168.pt
[2025-11-14 18:32:44,458][src.models.modules.semantic_id.tiger_generation_model][INFO] - [rank: 0] 当前batch的生成语义ID Embedding相似度矩阵:
[[ 1.          0.03231784  0.02349453  0.00685461 -0.04958853 -0.0449013
   0.00328654  0.03268976]
 [ 0.03231784  1.          0.03971536  0.03223325 -0.02027456 -0.02036102
  -0.00926089  0.0267456 ]
 [ 0.02349453  0.03971536  1.          0.02947972  0.01616168 -0.00559428
   0.01733034  0.00196286]
 [ 0.00685461  0.03223325  0.02947972  1.         -0.01688354  0.0081904
   0.0019491  -0.01440195]
 [-0.04958853 -0.02027456  0.01616168 -0.01688354  1.          0.02124242
   0.03403742  0.0051972 ]
 [-0.0449013  -0.02036102 -0.00559428  0.0081904   0.02124242  1.
  -0.06967498  0.00861966]
 [ 0.00328654 -0.00926089  0.01733034  0.0019491   0.03403742 -0.06967498
   1.         -0.04867078]
 [ 0.03268976  0.0267456   0.00196286 -0.01440195  0.0051972   0.00861966
  -0.04867078  1.0000001 ]]
[2025-11-14 18:32:44,731][src.models.modules.semantic_id.tiger_generation_model][INFO] - [rank: 0] 当前batch的输入Item Hierarchy Embedding相似度矩阵:
[[ 9.99999940e-01  1.40470210e-02 -9.29613784e-03 -1.28551330e-02
  -9.35190171e-03  4.49233316e-03 -5.09842113e-03 -8.16944521e-04]
 [ 1.40470210e-02  9.99999940e-01  7.14257406e-03  1.03191435e-02
   1.45577919e-03  1.83110591e-03  5.84466988e-03  2.09070351e-02]
 [-9.29613784e-03  7.14257406e-03  9.99999940e-01  1.02043636e-02
   9.89463553e-03  7.72165414e-03 -5.27434284e-03  5.57753770e-03]
 [-1.28551330e-02  1.03191435e-02  1.02043636e-02  9.99999940e-01
  -2.32985336e-03  1.08197667e-02 -5.84752345e-03  7.91099388e-03]
 [-9.35190171e-03  1.45577919e-03  9.89463553e-03 -2.32985336e-03
   9.99999940e-01 -1.15387514e-02  3.15792533e-03  1.87986959e-02]
 [ 4.49233316e-03  1.83110591e-03  7.72165414e-03  1.08197667e-02
  -1.15387514e-02  9.99999940e-01 -5.98903373e-03 -1.17215868e-02]
 [-5.09842113e-03  5.84466988e-03 -5.27434284e-03 -5.84752345e-03
   3.15792533e-03 -5.98903373e-03  9.99999940e-01 -3.30644958e-02]
 [-8.16944521e-04  2.09070351e-02  5.57753770e-03  7.91099388e-03
   1.87986959e-02 -1.17215868e-02 -3.30644958e-02  1.00000012e+00]]
[2025-11-14 18:32:45,273][src.models.modules.semantic_id.tiger_generation_model][WARNING] - [rank: 0] Failed to stack cross attentions: stack expects each tensor to be equal size, but got [32, 6, 135] at entry 0 and [32, 6, 2, 135] at entry 1
[2025-11-14 18:32:45,279][src.models.modules.semantic_id.tiger_generation_model][WARNING] - [rank: 0]   Hierarchy 0 shape: torch.Size([32, 6, 135])
[2025-11-14 18:32:45,280][src.models.modules.semantic_id.tiger_generation_model][WARNING] - [rank: 0]   Hierarchy 1 shape: torch.Size([32, 6, 2, 135])
[2025-11-14 18:32:45,280][src.models.modules.semantic_id.tiger_generation_model][WARNING] - [rank: 0]   Hierarchy 2 shape: torch.Size([32, 6, 135])
[2025-11-14 18:32:45,281][src.models.modules.semantic_id.tiger_generation_model][WARNING] - [rank: 0]   Hierarchy 3 shape: torch.Size([32, 6, 135])
[2025-11-14 18:32:45,281][src.models.modules.semantic_id.tiger_generation_model][WARNING] - [rank: 0]   Hierarchy 4 shape: torch.Size([32, 6, 135])
[2025-11-14 18:32:45,283][src.models.modules.semantic_id.tiger_generation_model][WARNING] - [rank: 0]   Hierarchy 5 shape: torch.Size([32, 6, 135])
[2025-11-14 18:32:45,288][src.models.modules.semantic_id.tiger_generation_model][WARNING] - [rank: 0]   Hierarchy 6 shape: torch.Size([32, 6, 135])
[2025-11-14 18:32:45,288][src.models.modules.semantic_id.tiger_generation_model][WARNING] - [rank: 0]   Hierarchy 7 shape: torch.Size([32, 6, 135])
[2025-11-14 18:32:46,082][src.models.modules.semantic_id.tiger_generation_model][INFO] - [rank: 0] Saved decoder self-attention to ./attention_weights/decoder_self_attention_batch_169.pt
[2025-11-14 18:32:46,082][src.models.modules.semantic_id.tiger_generation_model][INFO] - [rank: 0] Saved encoder attention to ./attention_weights/encoder_attention_batch_169.pt
[2025-11-14 18:32:46,082][src.models.modules.semantic_id.tiger_generation_model][INFO] - [rank: 0] Saved cross attention to ./attention_weights/cross_attention_batch_169.pt
[2025-11-14 18:32:46,093][src.models.modules.semantic_id.tiger_generation_model][INFO] - [rank: 0] 当前batch的生成语义ID Embedding相似度矩阵:
[[ 1.0000000e+00 -6.6032689e-03  6.8834978e-03 -4.0032055e-02
  -4.3826304e-02 -4.0463116e-03 -4.5521919e-02 -1.0005340e-02]
 [-6.6032689e-03  1.0000000e+00 -5.2309125e-03 -1.0085188e-02
  -2.5839994e-02 -2.2199012e-02 -1.8872987e-02 -4.6487682e-02]
 [ 6.8834978e-03 -5.2309125e-03  1.0000000e+00 -6.4768787e-03
   1.3554812e-02  4.5955721e-03  9.4651012e-04 -6.0558882e-02]
 [-4.0032055e-02 -1.0085188e-02 -6.4768787e-03  1.0000000e+00
  -2.8461311e-02  2.3176944e-02 -1.8343579e-02  6.0756460e-02]
 [-4.3826304e-02 -2.5839994e-02  1.3554812e-02 -2.8461311e-02
   1.0000000e+00 -1.6942061e-02 -2.9350596e-02  5.9691843e-02]
 [-4.0463116e-03 -2.2199012e-02  4.5955721e-03  2.3176944e-02
  -1.6942061e-02  1.0000001e+00 -1.6342048e-02  8.2203066e-03]
 [-4.5521919e-02 -1.8872987e-02  9.4651012e-04 -1.8343579e-02
  -2.9350596e-02 -1.6342048e-02  1.0000000e+00 -4.4936553e-02]
 [-1.0005340e-02 -4.6487682e-02 -6.0558882e-02  6.0756460e-02
   5.9691843e-02  8.2203066e-03 -4.4936553e-02  1.0000001e+00]]
[2025-11-14 18:32:46,750][src.models.modules.semantic_id.tiger_generation_model][INFO] - [rank: 0] 当前batch的输入Item Hierarchy Embedding相似度矩阵:
[[ 1.          0.02375005 -0.00451616 -0.00708918  0.00449132  0.00731318
  -0.00101615 -0.02532179]
 [ 0.02375005  1.          0.00701405  0.00296778  0.00240323 -0.00905009
  -0.02108007 -0.00572717]
 [-0.00451616  0.00701405  1.         -0.00543703 -0.00173364  0.00426535
  -0.00791654  0.01666459]
 [-0.00708918  0.00296778 -0.00543703  1.          0.01163624  0.00338016
  -0.00219832 -0.00573123]
 [ 0.00449132  0.00240323 -0.00173364  0.01163624  1.          0.00988872
  -0.00139108  0.01072339]
 [ 0.00731318 -0.00905009  0.00426535  0.00338016  0.00988872  1.
  -0.02099633  0.00672224]
 [-0.00101615 -0.02108007 -0.00791654 -0.00219832 -0.00139108 -0.02099633
   1.         -0.03771118]
 [-0.02532179 -0.00572717  0.01666459 -0.00573123  0.01072339  0.00672224
  -0.03771118  1.0000001 ]]
[2025-11-14 18:32:48,140][src.models.modules.semantic_id.tiger_generation_model][WARNING] - [rank: 0] Failed to stack cross attentions: stack expects each tensor to be equal size, but got [32, 6, 135] at entry 0 and [32, 6, 2, 135] at entry 1
[2025-11-14 18:32:48,141][src.models.modules.semantic_id.tiger_generation_model][WARNING] - [rank: 0]   Hierarchy 0 shape: torch.Size([32, 6, 135])
[2025-11-14 18:32:48,142][src.models.modules.semantic_id.tiger_generation_model][WARNING] - [rank: 0]   Hierarchy 1 shape: torch.Size([32, 6, 2, 135])
[2025-11-14 18:32:48,142][src.models.modules.semantic_id.tiger_generation_model][WARNING] - [rank: 0]   Hierarchy 2 shape: torch.Size([32, 6, 135])
[2025-11-14 18:32:48,142][src.models.modules.semantic_id.tiger_generation_model][WARNING] - [rank: 0]   Hierarchy 3 shape: torch.Size([32, 6, 135])
[2025-11-14 18:32:48,143][src.models.modules.semantic_id.tiger_generation_model][WARNING] - [rank: 0]   Hierarchy 4 shape: torch.Size([32, 6, 135])
[2025-11-14 18:32:48,144][src.models.modules.semantic_id.tiger_generation_model][WARNING] - [rank: 0]   Hierarchy 5 shape: torch.Size([32, 6, 135])
[2025-11-14 18:32:48,145][src.models.modules.semantic_id.tiger_generation_model][WARNING] - [rank: 0]   Hierarchy 6 shape: torch.Size([32, 6, 135])
[2025-11-14 18:32:48,145][src.models.modules.semantic_id.tiger_generation_model][WARNING] - [rank: 0]   Hierarchy 7 shape: torch.Size([32, 6, 135])
[2025-11-14 18:32:48,571][src.models.modules.semantic_id.tiger_generation_model][INFO] - [rank: 0] Saved decoder self-attention to ./attention_weights/decoder_self_attention_batch_170.pt
[2025-11-14 18:32:48,572][src.models.modules.semantic_id.tiger_generation_model][INFO] - [rank: 0] Saved encoder attention to ./attention_weights/encoder_attention_batch_170.pt
[2025-11-14 18:32:48,572][src.models.modules.semantic_id.tiger_generation_model][INFO] - [rank: 0] Saved cross attention to ./attention_weights/cross_attention_batch_170.pt
[2025-11-14 18:32:48,578][src.models.modules.semantic_id.tiger_generation_model][INFO] - [rank: 0] 当前batch的生成语义ID Embedding相似度矩阵:
[[ 1.          0.00426799  0.01860601 -0.02151738 -0.00591884 -0.0036385
  -0.02039086  0.00515312]
 [ 0.00426799  1.         -0.01891846  0.01459543 -0.02549565 -0.01307992
   0.00547579 -0.0028793 ]
 [ 0.01860601 -0.01891846  1.          0.02057409  0.01948263 -0.01018913
   0.01386446  0.0219293 ]
 [-0.02151738  0.01459543  0.02057409  1.         -0.00777895 -0.03704577
  -0.02373271  0.0042886 ]
 [-0.00591884 -0.02549565  0.01948263 -0.00777895  1.          0.01862211
  -0.00404414  0.04768668]
 [-0.0036385  -0.01307992 -0.01018913 -0.03704577  0.01862211  1.
  -0.04342615  0.00996093]
 [-0.02039086  0.00547579  0.01386446 -0.02373271 -0.00404414 -0.04342615
   1.         -0.04505661]
 [ 0.00515312 -0.0028793   0.0219293   0.0042886   0.04768668  0.00996093
  -0.04505661  1.0000001 ]]
[2025-11-14 18:32:49,545][src.models.modules.semantic_id.tiger_generation_model][INFO] - [rank: 0] 当前batch的输入Item Hierarchy Embedding相似度矩阵:
[[ 9.9999994e-01 -6.1842445e-03  1.0717167e-02 -4.9765352e-03
  -2.5069502e-03  1.5747204e-02 -4.7197519e-03 -1.7395977e-02]
 [-6.1842445e-03  9.9999994e-01 -2.0931223e-03  5.1486725e-03
  -2.4183060e-03 -1.3297689e-02  2.1071215e-03 -4.4013266e-04]
 [ 1.0717167e-02 -2.0931223e-03  9.9999994e-01  6.8259862e-04
  -5.6778872e-03 -9.3341302e-03 -3.4121952e-03  1.1763426e-02]
 [-4.9765352e-03  5.1486725e-03  6.8259862e-04  9.9999994e-01
   1.2732274e-02 -9.8575214e-03 -2.0947360e-02  2.6870542e-03]
 [-2.5069502e-03 -2.4183060e-03 -5.6778872e-03  1.2732274e-02
   9.9999994e-01 -2.1209919e-03 -1.4814766e-02  1.9014189e-02]
 [ 1.5747204e-02 -1.3297689e-02 -9.3341302e-03 -9.8575214e-03
  -2.1209919e-03  9.9999994e-01 -7.2701415e-03  1.1315070e-02]
 [-4.7197519e-03  2.1071215e-03 -3.4121952e-03 -2.0947360e-02
  -1.4814766e-02 -7.2701415e-03  9.9999994e-01 -4.8163913e-02]
 [-1.7395977e-02 -4.4013266e-04  1.1763426e-02  2.6870542e-03
   1.9014189e-02  1.1315070e-02 -4.8163913e-02  1.0000001e+00]]
[2025-11-14 18:32:50,487][src.models.modules.semantic_id.tiger_generation_model][WARNING] - [rank: 0] Failed to stack cross attentions: stack expects each tensor to be equal size, but got [27, 6, 135] at entry 0 and [27, 6, 2, 135] at entry 1
[2025-11-14 18:32:50,488][src.models.modules.semantic_id.tiger_generation_model][WARNING] - [rank: 0]   Hierarchy 0 shape: torch.Size([27, 6, 135])
[2025-11-14 18:32:50,488][src.models.modules.semantic_id.tiger_generation_model][WARNING] - [rank: 0]   Hierarchy 1 shape: torch.Size([27, 6, 2, 135])
[2025-11-14 18:32:50,488][src.models.modules.semantic_id.tiger_generation_model][WARNING] - [rank: 0]   Hierarchy 2 shape: torch.Size([27, 6, 135])
[2025-11-14 18:32:50,489][src.models.modules.semantic_id.tiger_generation_model][WARNING] - [rank: 0]   Hierarchy 3 shape: torch.Size([27, 6, 135])
[2025-11-14 18:32:50,489][src.models.modules.semantic_id.tiger_generation_model][WARNING] - [rank: 0]   Hierarchy 4 shape: torch.Size([27, 6, 135])
[2025-11-14 18:32:50,489][src.models.modules.semantic_id.tiger_generation_model][WARNING] - [rank: 0]   Hierarchy 5 shape: torch.Size([27, 6, 135])
[2025-11-14 18:32:50,489][src.models.modules.semantic_id.tiger_generation_model][WARNING] - [rank: 0]   Hierarchy 6 shape: torch.Size([27, 6, 135])
[2025-11-14 18:32:50,490][src.models.modules.semantic_id.tiger_generation_model][WARNING] - [rank: 0]   Hierarchy 7 shape: torch.Size([27, 6, 135])
[2025-11-14 18:32:51,189][src.models.modules.semantic_id.tiger_generation_model][INFO] - [rank: 0] Saved decoder self-attention to ./attention_weights/decoder_self_attention_batch_171.pt
[2025-11-14 18:32:51,190][src.models.modules.semantic_id.tiger_generation_model][INFO] - [rank: 0] Saved encoder attention to ./attention_weights/encoder_attention_batch_171.pt
[2025-11-14 18:32:51,190][src.models.modules.semantic_id.tiger_generation_model][INFO] - [rank: 0] Saved cross attention to ./attention_weights/cross_attention_batch_171.pt
[2025-11-14 18:32:51,197][src.models.modules.semantic_id.tiger_generation_model][INFO] - [rank: 0] 当前batch的生成语义ID Embedding相似度矩阵:
[[ 1.          0.01571263  0.00259286  0.00613831 -0.0259382  -0.03189522
   0.00208385  0.02285548]
 [ 0.01571263  1.          0.05376342  0.04235703  0.032311    0.02006725
   0.02297     0.02725894]
 [ 0.00259286  0.05376342  1.         -0.01942251  0.01966204 -0.02645704
  -0.04101534  0.00656934]
 [ 0.00613831  0.04235703 -0.01942251  1.          0.00833961  0.0189585
  -0.00442876  0.00712376]
 [-0.0259382   0.032311    0.01966204  0.00833961  1.         -0.00720537
  -0.03467713  0.01269485]
 [-0.03189522  0.02006725 -0.02645704  0.0189585  -0.00720537  1.
  -0.02543668  0.00388248]
 [ 0.00208385  0.02297    -0.04101534 -0.00442876 -0.03467713 -0.02543668
   1.         -0.05813793]
 [ 0.02285548  0.02725894  0.00656934  0.00712376  0.01269485  0.00388248
  -0.05813793  1.0000001 ]]
[2025-11-14 18:32:51,418][src.models.modules.semantic_id.tiger_generation_model][INFO] - [rank: 0] 当前batch的输入Item Hierarchy Embedding相似度矩阵:
[[ 1.0000000e+00 -1.6821440e-02 -5.3601437e-03  1.8193999e-02
  -5.4397359e-03 -1.7994359e-03 -1.0324049e-02  5.2266341e-02]
 [-1.6821440e-02  1.0000000e+00 -2.9079753e-03  1.6356608e-02
   1.6024124e-02  4.8536831e-03 -8.3612269e-03  3.7987723e-03]
 [-5.3601437e-03 -2.9079753e-03  1.0000000e+00 -8.1546800e-03
   1.1555032e-02 -2.0205142e-02 -1.7494835e-02  4.1666054e-04]
 [ 1.8193999e-02  1.6356608e-02 -8.1546800e-03  1.0000000e+00
  -2.0608660e-03  5.9698923e-03 -1.2495363e-02  1.3108569e-02]
 [-5.4397359e-03  1.6024124e-02  1.1555032e-02 -2.0608660e-03
   1.0000000e+00 -6.8888851e-03 -1.7761471e-02  7.8041437e-03]
 [-1.7994359e-03  4.8536831e-03 -2.0205142e-02  5.9698923e-03
  -6.8888851e-03  1.0000000e+00 -1.5120855e-02 -4.6573090e-03]
 [-1.0324049e-02 -8.3612269e-03 -1.7494835e-02 -1.2495363e-02
  -1.7761471e-02 -1.5120855e-02  1.0000000e+00 -5.3579316e-02]
 [ 5.2266341e-02  3.7987723e-03  4.1666054e-04  1.3108569e-02
   7.8041437e-03 -4.6573090e-03 -5.3579316e-02  1.0000002e+00]]
[2025-11-14 18:32:52,695][src.models.modules.semantic_id.tiger_generation_model][WARNING] - [rank: 0] Failed to stack cross attentions: stack expects each tensor to be equal size, but got [32, 6, 135] at entry 0 and [32, 6, 2, 135] at entry 1
[2025-11-14 18:32:52,696][src.models.modules.semantic_id.tiger_generation_model][WARNING] - [rank: 0]   Hierarchy 0 shape: torch.Size([32, 6, 135])
[2025-11-14 18:32:52,696][src.models.modules.semantic_id.tiger_generation_model][WARNING] - [rank: 0]   Hierarchy 1 shape: torch.Size([32, 6, 2, 135])
[2025-11-14 18:32:52,696][src.models.modules.semantic_id.tiger_generation_model][WARNING] - [rank: 0]   Hierarchy 2 shape: torch.Size([32, 6, 135])
[2025-11-14 18:32:52,696][src.models.modules.semantic_id.tiger_generation_model][WARNING] - [rank: 0]   Hierarchy 3 shape: torch.Size([32, 6, 135])
[2025-11-14 18:32:52,696][src.models.modules.semantic_id.tiger_generation_model][WARNING] - [rank: 0]   Hierarchy 4 shape: torch.Size([32, 6, 135])
[2025-11-14 18:32:52,697][src.models.modules.semantic_id.tiger_generation_model][WARNING] - [rank: 0]   Hierarchy 5 shape: torch.Size([32, 6, 135])
[2025-11-14 18:32:52,697][src.models.modules.semantic_id.tiger_generation_model][WARNING] - [rank: 0]   Hierarchy 6 shape: torch.Size([32, 6, 135])
[2025-11-14 18:32:52,697][src.models.modules.semantic_id.tiger_generation_model][WARNING] - [rank: 0]   Hierarchy 7 shape: torch.Size([32, 6, 135])
[2025-11-14 18:32:53,276][src.models.modules.semantic_id.tiger_generation_model][INFO] - [rank: 0] Saved decoder self-attention to ./attention_weights/decoder_self_attention_batch_172.pt
[2025-11-14 18:32:53,277][src.models.modules.semantic_id.tiger_generation_model][INFO] - [rank: 0] Saved encoder attention to ./attention_weights/encoder_attention_batch_172.pt
[2025-11-14 18:32:53,277][src.models.modules.semantic_id.tiger_generation_model][INFO] - [rank: 0] Saved cross attention to ./attention_weights/cross_attention_batch_172.pt
[2025-11-14 18:32:53,285][src.models.modules.semantic_id.tiger_generation_model][INFO] - [rank: 0] 当前batch的生成语义ID Embedding相似度矩阵:
[[ 1.00000000e+00  3.01520899e-02 -1.44441612e-04 -4.88804094e-03
  -8.87536444e-03  1.54820923e-02 -2.43008137e-03  1.24627808e-02]
 [ 3.01520899e-02  9.99999881e-01  1.32533312e-02  2.30292957e-02
  -2.15450153e-02  8.21262039e-03 -2.46830694e-02 -1.28611475e-02]
 [-1.44441612e-04  1.32533312e-02  1.00000000e+00 -6.12833258e-03
   1.92904957e-02 -3.69861815e-03 -2.69490071e-02  1.34047093e-02]
 [-4.88804094e-03  2.30292957e-02 -6.12833258e-03  1.00000000e+00
   5.75193390e-03 -7.98591971e-03 -1.68726947e-02  1.17680170e-02]
 [-8.87536444e-03 -2.15450153e-02  1.92904957e-02  5.75193390e-03
   1.00000000e+00  1.16034523e-02 -4.24139574e-02  1.41095454e-02]
 [ 1.54820923e-02  8.21262039e-03 -3.69861815e-03 -7.98591971e-03
   1.16034523e-02  1.00000000e+00 -3.13237682e-02  1.56522021e-02]
 [-2.43008137e-03 -2.46830694e-02 -2.69490071e-02 -1.68726947e-02
  -4.24139574e-02 -3.13237682e-02  1.00000000e+00 -3.21315974e-02]
 [ 1.24627808e-02 -1.28611475e-02  1.34047093e-02  1.17680170e-02
   1.41095454e-02  1.56522021e-02 -3.21315974e-02  1.00000012e+00]]
[2025-11-14 18:32:53,405][src.models.modules.semantic_id.tiger_generation_model][INFO] - [rank: 0] 当前batch的输入Item Hierarchy Embedding相似度矩阵:
[[ 1.0000000e+00 -3.3011618e-03 -3.4235229e-03 -4.2592129e-03
   1.3285276e-02 -5.0354055e-03 -9.0169441e-03  7.2719217e-03]
 [-3.3011618e-03  1.0000000e+00 -9.5832115e-03  7.2563644e-03
   2.6603623e-03 -5.6357263e-04  8.0604694e-04  1.5784341e-03]
 [-3.4235229e-03 -9.5832115e-03  1.0000000e+00  1.2652234e-02
   7.0771710e-03  1.2446533e-02 -1.2965592e-02 -5.3232359e-03]
 [-4.2592129e-03  7.2563644e-03  1.2652234e-02  1.0000000e+00
   2.3561865e-02 -9.5765591e-03 -6.9331327e-03  8.1731332e-03]
 [ 1.3285276e-02  2.6603623e-03  7.0771710e-03  2.3561865e-02
   1.0000000e+00  1.4209115e-02 -2.2060578e-03  3.0078707e-02]
 [-5.0354055e-03 -5.6357263e-04  1.2446533e-02 -9.5765591e-03
   1.4209115e-02  1.0000000e+00 -1.7915633e-02  5.0677322e-03]
 [-9.0169441e-03  8.0604694e-04 -1.2965592e-02 -6.9331327e-03
  -2.2060578e-03 -1.7915633e-02  1.0000000e+00 -4.1989576e-02]
 [ 7.2719217e-03  1.5784341e-03 -5.3232359e-03  8.1731332e-03
   3.0078707e-02  5.0677322e-03 -4.1989576e-02  1.0000001e+00]]
[2025-11-14 18:32:54,158][src.models.modules.semantic_id.tiger_generation_model][WARNING] - [rank: 0] Failed to stack cross attentions: stack expects each tensor to be equal size, but got [32, 6, 135] at entry 0 and [32, 6, 2, 135] at entry 1
[2025-11-14 18:32:54,159][src.models.modules.semantic_id.tiger_generation_model][WARNING] - [rank: 0]   Hierarchy 0 shape: torch.Size([32, 6, 135])
[2025-11-14 18:32:54,161][src.models.modules.semantic_id.tiger_generation_model][WARNING] - [rank: 0]   Hierarchy 1 shape: torch.Size([32, 6, 2, 135])
[2025-11-14 18:32:54,161][src.models.modules.semantic_id.tiger_generation_model][WARNING] - [rank: 0]   Hierarchy 2 shape: torch.Size([32, 6, 135])
[2025-11-14 18:32:54,161][src.models.modules.semantic_id.tiger_generation_model][WARNING] - [rank: 0]   Hierarchy 3 shape: torch.Size([32, 6, 135])
[2025-11-14 18:32:54,162][src.models.modules.semantic_id.tiger_generation_model][WARNING] - [rank: 0]   Hierarchy 4 shape: torch.Size([32, 6, 135])
[2025-11-14 18:32:54,162][src.models.modules.semantic_id.tiger_generation_model][WARNING] - [rank: 0]   Hierarchy 5 shape: torch.Size([32, 6, 135])
[2025-11-14 18:32:54,162][src.models.modules.semantic_id.tiger_generation_model][WARNING] - [rank: 0]   Hierarchy 6 shape: torch.Size([32, 6, 135])
[2025-11-14 18:32:54,162][src.models.modules.semantic_id.tiger_generation_model][WARNING] - [rank: 0]   Hierarchy 7 shape: torch.Size([32, 6, 135])
[2025-11-14 18:32:54,549][src.models.modules.semantic_id.tiger_generation_model][INFO] - [rank: 0] Saved decoder self-attention to ./attention_weights/decoder_self_attention_batch_173.pt
[2025-11-14 18:32:54,550][src.models.modules.semantic_id.tiger_generation_model][INFO] - [rank: 0] Saved encoder attention to ./attention_weights/encoder_attention_batch_173.pt
[2025-11-14 18:32:54,550][src.models.modules.semantic_id.tiger_generation_model][INFO] - [rank: 0] Saved cross attention to ./attention_weights/cross_attention_batch_173.pt
[2025-11-14 18:32:54,560][src.models.modules.semantic_id.tiger_generation_model][INFO] - [rank: 0] 当前batch的生成语义ID Embedding相似度矩阵:
[[ 1.          0.02351927  0.03907565  0.01490881 -0.01939286 -0.02142121
   0.01177434  0.02885505]
 [ 0.02351927  1.          0.01205744 -0.0056858   0.0017099   0.01254823
  -0.01505672  0.00796585]
 [ 0.03907565  0.01205744  0.99999994  0.00641135 -0.00215378  0.04549818
   0.0161245   0.00998975]
 [ 0.01490881 -0.0056858   0.00641135  1.         -0.02821732 -0.03567344
  -0.00755709  0.01062769]
 [-0.01939286  0.0017099  -0.00215378 -0.02821732  1.          0.03372051
  -0.01827519 -0.00740078]
 [-0.02142121  0.01254823  0.04549818 -0.03567344  0.03372051  1.
  -0.01828302 -0.01833189]
 [ 0.01177434 -0.01505672  0.0161245  -0.00755709 -0.01827519 -0.01828302
   1.         -0.05779739]
 [ 0.02885505  0.00796585  0.00998975  0.01062769 -0.00740078 -0.01833189
  -0.05779739  1.0000001 ]]
[2025-11-14 18:32:55,542][src.models.modules.semantic_id.tiger_generation_model][INFO] - [rank: 0] 当前batch的输入Item Hierarchy Embedding相似度矩阵:
[[ 1.0000000e+00  5.4853549e-03  2.0446077e-02  1.8124383e-04
   7.9007344e-03  4.6843234e-05  4.5635337e-03 -1.3495647e-02]
 [ 5.4853549e-03  1.0000000e+00 -1.6254697e-02  1.7184591e-02
   1.3687760e-03  1.2401173e-02 -6.8415203e-03  2.7270768e-02]
 [ 2.0446077e-02 -1.6254697e-02  1.0000000e+00  7.8713447e-03
   8.4007662e-03  1.7751379e-02  4.9955300e-03  3.9341780e-03]
 [ 1.8124383e-04  1.7184591e-02  7.8713447e-03  1.0000000e+00
  -2.1251002e-02  3.7918887e-03 -2.0453621e-02  1.9364987e-02]
 [ 7.9007344e-03  1.3687760e-03  8.4007662e-03 -2.1251002e-02
   1.0000000e+00  9.9416971e-03 -2.9615520e-03  1.2220677e-03]
 [ 4.6843234e-05  1.2401173e-02  1.7751379e-02  3.7918887e-03
   9.9416971e-03  1.0000000e+00 -2.9732632e-03  5.8329697e-03]
 [ 4.5635337e-03 -6.8415203e-03  4.9955300e-03 -2.0453621e-02
  -2.9615520e-03 -2.9732632e-03  1.0000000e+00 -5.5358477e-02]
 [-1.3495647e-02  2.7270768e-02  3.9341780e-03  1.9364987e-02
   1.2220677e-03  5.8329697e-03 -5.5358477e-02  1.0000002e+00]]
[2025-11-14 18:32:56,767][src.models.modules.semantic_id.tiger_generation_model][WARNING] - [rank: 0] Failed to stack cross attentions: stack expects each tensor to be equal size, but got [32, 6, 135] at entry 0 and [32, 6, 2, 135] at entry 1
[2025-11-14 18:32:56,769][src.models.modules.semantic_id.tiger_generation_model][WARNING] - [rank: 0]   Hierarchy 0 shape: torch.Size([32, 6, 135])
[2025-11-14 18:32:56,769][src.models.modules.semantic_id.tiger_generation_model][WARNING] - [rank: 0]   Hierarchy 1 shape: torch.Size([32, 6, 2, 135])
[2025-11-14 18:32:56,769][src.models.modules.semantic_id.tiger_generation_model][WARNING] - [rank: 0]   Hierarchy 2 shape: torch.Size([32, 6, 135])
[2025-11-14 18:32:56,769][src.models.modules.semantic_id.tiger_generation_model][WARNING] - [rank: 0]   Hierarchy 3 shape: torch.Size([32, 6, 135])
[2025-11-14 18:32:56,770][src.models.modules.semantic_id.tiger_generation_model][WARNING] - [rank: 0]   Hierarchy 4 shape: torch.Size([32, 6, 135])
[2025-11-14 18:32:56,770][src.models.modules.semantic_id.tiger_generation_model][WARNING] - [rank: 0]   Hierarchy 5 shape: torch.Size([32, 6, 135])
[2025-11-14 18:32:56,770][src.models.modules.semantic_id.tiger_generation_model][WARNING] - [rank: 0]   Hierarchy 6 shape: torch.Size([32, 6, 135])
[2025-11-14 18:32:56,770][src.models.modules.semantic_id.tiger_generation_model][WARNING] - [rank: 0]   Hierarchy 7 shape: torch.Size([32, 6, 135])
[2025-11-14 18:32:57,364][src.utils.inference_utils][INFO] - Global Rank: 1 wrote 5504 rows to /data/mhwang/Rec/GRID/logs/inference/runs/2025-11-14/18-26-28/pickle/predictions_1_20251114T103257287.pkl.
[2025-11-14 18:32:57,381][src.utils.inference_utils][INFO] - Rank 1 finished writing predictions.
[2025-11-14 18:32:57,708][src.models.modules.semantic_id.tiger_generation_model][INFO] - [rank: 0] Saved decoder self-attention to ./attention_weights/decoder_self_attention_batch_174.pt
[2025-11-14 18:32:57,709][src.models.modules.semantic_id.tiger_generation_model][INFO] - [rank: 0] Saved encoder attention to ./attention_weights/encoder_attention_batch_174.pt
[2025-11-14 18:32:57,710][src.models.modules.semantic_id.tiger_generation_model][INFO] - [rank: 0] Saved cross attention to ./attention_weights/cross_attention_batch_174.pt
[2025-11-14 18:32:57,736][src.models.modules.semantic_id.tiger_generation_model][INFO] - [rank: 0] 当前batch的生成语义ID Embedding相似度矩阵:
[[ 1.00000000e+00  1.04824742e-02  8.11720453e-03  9.41870082e-03
   3.24809477e-02 -1.93081051e-02  1.28763262e-04  4.74075973e-02]
 [ 1.04824742e-02  1.00000000e+00 -1.03868498e-02  1.60182901e-02
   4.43467386e-02  4.25844081e-02 -3.31256762e-02 -5.75186051e-02]
 [ 8.11720453e-03 -1.03868498e-02  1.00000000e+00  7.81157538e-02
  -2.04299781e-02 -3.02563515e-03 -6.14099670e-03 -4.59105801e-03]
 [ 9.41870082e-03  1.60182901e-02  7.81157538e-02  1.00000000e+00
   2.47173700e-02 -1.27749788e-02 -4.34574932e-02  2.33172234e-02]
 [ 3.24809477e-02  4.43467386e-02 -2.04299781e-02  2.47173700e-02
   9.99999881e-01  1.24836145e-02 -5.16715534e-02 -3.01805828e-02]
 [-1.93081051e-02  4.25844081e-02 -3.02563515e-03 -1.27749788e-02
   1.24836145e-02  9.99999881e-01 -5.86956255e-02  9.93668102e-04]
 [ 1.28763262e-04 -3.31256762e-02 -6.14099670e-03 -4.34574932e-02
  -5.16715534e-02 -5.86956255e-02  1.00000000e+00 -4.30117548e-02]
 [ 4.74075973e-02 -5.75186051e-02 -4.59105801e-03  2.33172234e-02
  -3.01805828e-02  9.93668102e-04 -4.30117548e-02  1.00000012e+00]]
[2025-11-14 18:32:58,600][src.models.modules.semantic_id.tiger_generation_model][INFO] - [rank: 0] 当前batch的输入Item Hierarchy Embedding相似度矩阵:
[[ 9.99999940e-01  4.99811675e-03 -2.62272563e-02  4.81886044e-03
  -4.08048742e-03  2.18714518e-03 -1.55745307e-02  1.68267135e-02]
 [ 4.99811675e-03  9.99999940e-01 -1.57707911e-02 -1.29588014e-02
  -3.41235078e-03 -8.70899577e-03 -1.94706221e-03  7.23840902e-03]
 [-2.62272563e-02 -1.57707911e-02  9.99999940e-01  2.46637464e-02
  -8.14190507e-03  1.20849805e-02  9.20450257e-04 -1.05886618e-02]
 [ 4.81886044e-03 -1.29588014e-02  2.46637464e-02  9.99999940e-01
  -1.12875607e-02 -3.40710580e-03 -9.04220156e-03  1.87940360e-03]
 [-4.08048742e-03 -3.41235078e-03 -8.14190507e-03 -1.12875607e-02
   9.99999940e-01  1.43519491e-02 -1.01288240e-02  7.31789507e-03]
 [ 2.18714518e-03 -8.70899577e-03  1.20849805e-02 -3.40710580e-03
   1.43519491e-02  9.99999940e-01  5.06568421e-03 -1.41557772e-02]
 [-1.55745307e-02 -1.94706221e-03  9.20450257e-04 -9.04220156e-03
  -1.01288240e-02  5.06568421e-03  9.99999940e-01 -6.23291358e-02]
 [ 1.68267135e-02  7.23840902e-03 -1.05886618e-02  1.87940360e-03
   7.31789507e-03 -1.41557772e-02 -6.23291358e-02  1.00000012e+00]]
[2025-11-14 18:32:58,790][src.utils.inference_utils][INFO] - Global Rank: 0 wrote 5595 rows to /data/mhwang/Rec/GRID/logs/inference/runs/2025-11-14/18-26-28/pickle/predictions_0_20251114T103258620.pkl.
[2025-11-14 18:32:58,815][src.utils.inference_utils][INFO] - Rank 0 finished writing predictions.
[2025-11-14 18:33:00,798][src.utils.inference_utils][INFO] - Global Rank: 3 wrote 5632 rows to /data/mhwang/Rec/GRID/logs/inference/runs/2025-11-14/18-26-28/pickle/predictions_3_20251114T103300676.pkl.
[2025-11-14 18:33:00,830][src.utils.inference_utils][INFO] - Rank 3 finished writing predictions.
[2025-11-14 18:33:02,602][src.utils.inference_utils][INFO] - Global Rank: 2 wrote 5632 rows to /data/mhwang/Rec/GRID/logs/inference/runs/2025-11-14/18-26-28/pickle/predictions_2_20251114T103302531.pkl.
[2025-11-14 18:33:02,617][src.utils.inference_utils][INFO] - Rank 2 finished writing predictions.
[2025-11-14 18:33:02,620][src.utils.inference_utils][INFO] - Merging pickle files on main process.
[2025-11-14 18:33:03,411][src.utils.inference_utils][INFO] - Merged 22363 rows into merged_predictions.pkl.
[2025-11-14 18:33:04,578][src.utils.inference_utils][INFO] - Merged 22363 rows into merged_predictions_tensor.pt. as pytorch tensor
[2025-11-14 18:33:04,656][src.models.modules.semantic_id.tiger_generation_model][INFO] - [rank: 0] 
================================================================================
[2025-11-14 18:33:04,657][src.models.modules.semantic_id.tiger_generation_model][INFO] - [rank: 0] === 生成的语义ID Embedding相似度矩阵 (平均自 175 个batch) ===
[2025-11-14 18:33:04,660][src.models.modules.semantic_id.tiger_generation_model][INFO] - [rank: 0] 
[[ 1.0000000e+00  2.1414785e-02  8.6922967e-04  8.7627867e-04
  -1.9092470e-02 -1.1332437e-02 -6.9073089e-03  4.6091755e-03]
 [ 2.1414785e-02  1.0000000e+00  9.2367223e-03  4.8948089e-03
   4.9695238e-03  1.8332538e-03  5.9089425e-04 -4.8705088e-03]
 [ 8.6922967e-04  9.2367223e-03  1.0000000e+00  7.3358719e-03
  -1.0076052e-03  1.2407780e-02  2.3667505e-03  9.7263604e-03]
 [ 8.7627867e-04  4.8948089e-03  7.3358719e-03  1.0000000e+00
  -8.4176054e-03 -1.7157577e-03 -1.3620834e-02  1.9177144e-02]
 [-1.9092470e-02  4.9695238e-03 -1.0076052e-03 -8.4176054e-03
   1.0000000e+00 -1.0338088e-02 -1.2249099e-02  9.6227304e-04]
 [-1.1332437e-02  1.8332538e-03  1.2407780e-02 -1.7157577e-03
  -1.0338088e-02  1.0000000e+00 -2.3244083e-02  5.1172599e-03]
 [-6.9073089e-03  5.9089425e-04  2.3667505e-03 -1.3620834e-02
  -1.2249099e-02 -2.3244083e-02  1.0000000e+00 -2.9714316e-02]
 [ 4.6091755e-03 -4.8705088e-03  9.7263604e-03  1.9177144e-02
   9.6227304e-04  5.1172599e-03 -2.9714316e-02  1.0000001e+00]]
[2025-11-14 18:33:04,661][src.models.modules.semantic_id.tiger_generation_model][INFO] - [rank: 0] ================================================================================

[2025-11-14 18:33:04,662][src.models.modules.semantic_id.tiger_generation_model][INFO] - [rank: 0] 
================================================================================
[2025-11-14 18:33:04,663][src.models.modules.semantic_id.tiger_generation_model][INFO] - [rank: 0] === 输入序列中每个Item的Hierarchy Embedding相似度矩阵 (平均自 175 个batch) ===
[2025-11-14 18:33:04,665][src.models.modules.semantic_id.tiger_generation_model][INFO] - [rank: 0] 
[[ 1.0000000e+00  1.1268602e-03 -1.8168825e-03 -9.7458303e-04
  -5.2388228e-04 -5.4896728e-04 -1.6067970e-03  2.0059540e-03]
 [ 1.1268602e-03  1.0000000e+00  5.7118374e-04  1.9789399e-03
   3.3526788e-03 -1.9802434e-04 -3.3816975e-03  7.5474097e-03]
 [-1.8168825e-03  5.7118374e-04  1.0000000e+00  2.0850373e-03
   3.4641770e-03  3.5817500e-03 -7.3021883e-03  3.4033230e-03]
 [-9.7458303e-04  1.9789399e-03  2.0850373e-03  1.0000000e+00
   1.1012196e-03  3.8317014e-03 -6.7063146e-03  5.6164511e-03]
 [-5.2388228e-04  3.3526788e-03  3.4641770e-03  1.1012196e-03
   1.0000000e+00  2.4363680e-03 -6.8768570e-03  1.3265051e-02]
 [-5.4896728e-04 -1.9802434e-04  3.5817500e-03  3.8317014e-03
   2.4363680e-03  1.0000000e+00 -6.8405746e-03  3.4068369e-03]
 [-1.6067970e-03 -3.3816975e-03 -7.3021883e-03 -6.7063146e-03
  -6.8768570e-03 -6.8405746e-03  1.0000000e+00 -3.9807431e-02]
 [ 2.0059540e-03  7.5474097e-03  3.4033230e-03  5.6164511e-03
   1.3265051e-02  3.4068369e-03 -3.9807431e-02  1.0000000e+00]]
[2025-11-14 18:33:04,667][src.models.modules.semantic_id.tiger_generation_model][INFO] - [rank: 0] ================================================================================

