[2025-11-13 20:28:12,969][src.utils.utils][INFO] - [rank: 0] Enforcing tags! <cfg.extras.enforce_tags=True>
[2025-11-13 20:28:12,981][src.utils.utils][WARNING] - [rank: 0] Config loss was not found in the config tree. Make sure this is expected.
[2025-11-13 20:28:12,981][src.utils.utils][WARNING] - [rank: 0] Config optim was not found in the config tree. Make sure this is expected.
[2025-11-13 20:28:12,982][src.utils.utils][WARNING] - [rank: 0] Config eval was not found in the config tree. Make sure this is expected.
[2025-11-13 20:28:15,982][src.utils.utils][INFO] - [rank: 0] Printing config tree with Rich! <cfg.extras.print_config=True>
[2025-11-13 20:28:15,987][src.utils.launcher_utils][INFO] - [rank: 0] Instantiating datamodule <src.data.loading.datamodules.sequence_datamodule.SequenceDataModule>
[2025-11-13 20:28:16,115][src.utils.launcher_utils][INFO] - [rank: 0] Instantiating model <src.models.modules.semantic_id.tiger_generation_model.SemanticIDEncoderDecoder>
[2025-11-13 20:28:16,360][src.models.modules.semantic_id.tiger_generation_model][INFO] - [rank: 0] i am here
[2025-11-13 20:28:16,875][src.utils.launcher_utils][INFO] - [rank: 0] Instantiating callbacks...
[2025-11-13 20:28:16,877][src.utils.instantiators][INFO] - [rank: 0] Instantiating callback <src.utils.inference_utils.LocalPickleWriter>
[2025-11-13 20:28:17,140][src.utils.launcher_utils][INFO] - [rank: 0] Instantiating loggers...
[2025-11-13 20:28:17,140][src.utils.instantiators][INFO] - [rank: 0] Instantiating logger <lightning.pytorch.loggers.csv_logs.CSVLogger>
[2025-11-13 20:28:17,144][src.utils.launcher_utils][INFO] - [rank: 0] Instantiating trainer <lightning.pytorch.trainer.Trainer>
[2025-11-13 20:28:17,266][src.utils.launcher_utils][INFO] - [rank: 0] Logging hyperparameters!
[2025-11-13 20:28:17,517][__main__][INFO] - [rank: 0] Starting inference!
[2025-11-13 20:28:41,179][src.utils.inference_utils][INFO] - Rank 2 initialized for inference.
[2025-11-13 20:28:41,179][src.utils.inference_utils][INFO] - Rank 1 initialized for inference.
[2025-11-13 20:28:41,179][src.utils.inference_utils][INFO] - Rank 3 initialized for inference.
[2025-11-13 20:28:41,188][src.utils.inference_utils][INFO] - Rank 0 initialized for inference.
[2025-11-13 20:28:51,724][src.models.modules.semantic_id.tiger_generation_model][WARNING] - [rank: 0] Failed to stack cross attentions: stack expects each tensor to be equal size, but got [32, 6, 140] at entry 0 and [32, 6, 2, 140] at entry 1
[2025-11-13 20:28:51,726][src.models.modules.semantic_id.tiger_generation_model][WARNING] - [rank: 0]   Hierarchy 0 shape: torch.Size([32, 6, 140])
[2025-11-13 20:28:51,738][src.models.modules.semantic_id.tiger_generation_model][WARNING] - [rank: 0]   Hierarchy 1 shape: torch.Size([32, 6, 2, 140])
[2025-11-13 20:28:51,739][src.models.modules.semantic_id.tiger_generation_model][WARNING] - [rank: 0]   Hierarchy 2 shape: torch.Size([32, 6, 140])
[2025-11-13 20:28:51,739][src.models.modules.semantic_id.tiger_generation_model][WARNING] - [rank: 0]   Hierarchy 3 shape: torch.Size([32, 6, 140])
[2025-11-13 20:28:51,739][src.models.modules.semantic_id.tiger_generation_model][WARNING] - [rank: 0]   Hierarchy 4 shape: torch.Size([32, 6, 140])
[2025-11-13 20:28:51,739][src.models.modules.semantic_id.tiger_generation_model][WARNING] - [rank: 0]   Hierarchy 5 shape: torch.Size([32, 6, 140])
[2025-11-13 20:28:51,999][src.models.modules.semantic_id.tiger_generation_model][INFO] - [rank: 0] Saved decoder self-attention to ./attention_weights/decoder_self_attention_batch_0.pt
[2025-11-13 20:28:51,999][src.models.modules.semantic_id.tiger_generation_model][INFO] - [rank: 0] Saved encoder attention to ./attention_weights/encoder_attention_batch_0.pt
[2025-11-13 20:28:52,000][src.models.modules.semantic_id.tiger_generation_model][INFO] - [rank: 0] Saved cross attention to ./attention_weights/cross_attention_batch_0.pt
[2025-11-13 20:28:52,058][src.models.modules.semantic_id.tiger_generation_model][INFO] - [rank: 0] 当前batch的生成语义ID Embedding相似度矩阵:
[[ 1.         -0.00670744  0.005423   -0.01234198  0.00893844 -0.01762818]
 [-0.00670744  0.99999994 -0.01548485 -0.01655057 -0.01448638  0.01628057]
 [ 0.005423   -0.01548485  1.          0.00898651 -0.00860756 -0.00121977]
 [-0.01234198 -0.01655057  0.00898651  1.         -0.02888262  0.02877562]
 [ 0.00893844 -0.01448638 -0.00860756 -0.02888262  1.0000001   0.02775072]
 [-0.01762818  0.01628057 -0.00121977  0.02877562  0.02775072  1.0000004 ]]
[2025-11-13 20:28:53,575][src.models.modules.semantic_id.tiger_generation_model][INFO] - [rank: 0] 当前batch的输入Item Hierarchy Embedding相似度矩阵:
[[ 9.99999940e-01 -1.39351217e-02 -1.28898462e-02  1.07759135e-02
  -2.96436716e-03 -8.83423258e-03]
 [-1.39351217e-02  9.99999940e-01 -7.97440298e-03  4.96766903e-03
  -2.29945872e-03 -6.32057898e-03]
 [-1.28898462e-02 -7.97440298e-03  9.99999940e-01  1.64471231e-02
   7.45020516e-04 -4.27511986e-03]
 [ 1.07759135e-02  4.96766903e-03  1.64471231e-02  9.99999940e-01
  -5.30159986e-03  1.43268984e-02]
 [-2.96436716e-03 -2.29945872e-03  7.45020516e-04 -5.30159986e-03
   9.99999940e-01  1.66411772e-02]
 [-8.83423258e-03 -6.32057898e-03 -4.27511986e-03  1.43268984e-02
   1.66411772e-02  1.00000000e+00]]
[2025-11-13 20:28:54,238][src.models.modules.semantic_id.tiger_generation_model][WARNING] - [rank: 0] Failed to stack cross attentions: stack expects each tensor to be equal size, but got [32, 6, 140] at entry 0 and [32, 6, 2, 140] at entry 1
[2025-11-13 20:28:54,239][src.models.modules.semantic_id.tiger_generation_model][WARNING] - [rank: 0]   Hierarchy 0 shape: torch.Size([32, 6, 140])
[2025-11-13 20:28:54,239][src.models.modules.semantic_id.tiger_generation_model][WARNING] - [rank: 0]   Hierarchy 1 shape: torch.Size([32, 6, 2, 140])
[2025-11-13 20:28:54,239][src.models.modules.semantic_id.tiger_generation_model][WARNING] - [rank: 0]   Hierarchy 2 shape: torch.Size([32, 6, 140])
[2025-11-13 20:28:54,240][src.models.modules.semantic_id.tiger_generation_model][WARNING] - [rank: 0]   Hierarchy 3 shape: torch.Size([32, 6, 140])
[2025-11-13 20:28:54,240][src.models.modules.semantic_id.tiger_generation_model][WARNING] - [rank: 0]   Hierarchy 4 shape: torch.Size([32, 6, 140])
[2025-11-13 20:28:54,240][src.models.modules.semantic_id.tiger_generation_model][WARNING] - [rank: 0]   Hierarchy 5 shape: torch.Size([32, 6, 140])
[2025-11-13 20:28:54,428][src.models.modules.semantic_id.tiger_generation_model][INFO] - [rank: 0] Saved decoder self-attention to ./attention_weights/decoder_self_attention_batch_1.pt
[2025-11-13 20:28:54,428][src.models.modules.semantic_id.tiger_generation_model][INFO] - [rank: 0] Saved encoder attention to ./attention_weights/encoder_attention_batch_1.pt
[2025-11-13 20:28:54,429][src.models.modules.semantic_id.tiger_generation_model][INFO] - [rank: 0] Saved cross attention to ./attention_weights/cross_attention_batch_1.pt
[2025-11-13 20:28:54,434][src.models.modules.semantic_id.tiger_generation_model][INFO] - [rank: 0] 当前batch的生成语义ID Embedding相似度矩阵:
[[ 1.0000000e+00 -1.6170122e-02 -9.9312072e-04 -1.9671690e-02
  -4.4081196e-02 -3.6114179e-02]
 [-1.6170122e-02  1.0000000e+00 -1.5778730e-02  2.1192357e-02
  -1.6290933e-02 -2.0709883e-02]
 [-9.9312072e-04 -1.5778730e-02  1.0000000e+00  3.4816605e-03
  -1.3955678e-03 -3.7977755e-02]
 [-1.9671690e-02  2.1192357e-02  3.4816605e-03  1.0000000e+00
  -2.6994860e-02  1.6113007e-03]
 [-4.4081196e-02 -1.6290933e-02 -1.3955678e-03 -2.6994860e-02
   1.0000000e+00  7.8904815e-03]
 [-3.6114179e-02 -2.0709883e-02 -3.7977755e-02  1.6113007e-03
   7.8904815e-03  1.0000004e+00]]
[2025-11-13 20:28:55,739][src.models.modules.semantic_id.tiger_generation_model][INFO] - [rank: 0] 当前batch的输入Item Hierarchy Embedding相似度矩阵:
[[ 9.9999994e-01  7.8942608e-03  4.5621879e-03 -2.3991482e-03
  -2.2831708e-02 -4.0130401e-03]
 [ 7.8942608e-03  9.9999994e-01  5.1884591e-03  7.3923678e-03
  -8.8858902e-03 -1.5227692e-02]
 [ 4.5621879e-03  5.1884591e-03  9.9999994e-01  6.4613735e-03
   7.7886740e-04 -6.0476782e-03]
 [-2.3991482e-03  7.3923678e-03  6.4613735e-03  9.9999994e-01
  -6.5619014e-03  1.9618080e-03]
 [-2.2831708e-02 -8.8858902e-03  7.7886740e-04 -6.5619014e-03
   9.9999994e-01 -4.6599400e-03]
 [-4.0130401e-03 -1.5227692e-02 -6.0476782e-03  1.9618080e-03
  -4.6599400e-03  1.0000004e+00]]
[2025-11-13 20:28:56,228][src.models.modules.semantic_id.tiger_generation_model][WARNING] - [rank: 0] Failed to stack cross attentions: stack expects each tensor to be equal size, but got [32, 6, 140] at entry 0 and [32, 6, 2, 140] at entry 1
[2025-11-13 20:28:56,229][src.models.modules.semantic_id.tiger_generation_model][WARNING] - [rank: 0]   Hierarchy 0 shape: torch.Size([32, 6, 140])
[2025-11-13 20:28:56,229][src.models.modules.semantic_id.tiger_generation_model][WARNING] - [rank: 0]   Hierarchy 1 shape: torch.Size([32, 6, 2, 140])
[2025-11-13 20:28:56,229][src.models.modules.semantic_id.tiger_generation_model][WARNING] - [rank: 0]   Hierarchy 2 shape: torch.Size([32, 6, 140])
[2025-11-13 20:28:56,230][src.models.modules.semantic_id.tiger_generation_model][WARNING] - [rank: 0]   Hierarchy 3 shape: torch.Size([32, 6, 140])
[2025-11-13 20:28:56,230][src.models.modules.semantic_id.tiger_generation_model][WARNING] - [rank: 0]   Hierarchy 4 shape: torch.Size([32, 6, 140])
[2025-11-13 20:28:56,230][src.models.modules.semantic_id.tiger_generation_model][WARNING] - [rank: 0]   Hierarchy 5 shape: torch.Size([32, 6, 140])
[2025-11-13 20:28:56,481][src.models.modules.semantic_id.tiger_generation_model][INFO] - [rank: 0] Saved decoder self-attention to ./attention_weights/decoder_self_attention_batch_2.pt
[2025-11-13 20:28:56,482][src.models.modules.semantic_id.tiger_generation_model][INFO] - [rank: 0] Saved encoder attention to ./attention_weights/encoder_attention_batch_2.pt
[2025-11-13 20:28:56,482][src.models.modules.semantic_id.tiger_generation_model][INFO] - [rank: 0] Saved cross attention to ./attention_weights/cross_attention_batch_2.pt
[2025-11-13 20:28:56,489][src.models.modules.semantic_id.tiger_generation_model][INFO] - [rank: 0] 当前batch的生成语义ID Embedding相似度矩阵:
[[ 9.9999994e-01 -5.4631285e-02 -2.5753586e-02 -3.0910363e-04
  -2.1494143e-03 -1.2754591e-02]
 [-5.4631285e-02  9.9999994e-01  2.1440249e-02 -2.9966822e-03
   4.9679964e-03 -1.0604488e-03]
 [-2.5753586e-02  2.1440249e-02  1.0000000e+00  3.4442775e-02
  -2.8831321e-03 -6.4734952e-05]
 [-3.0910363e-04 -2.9966822e-03  3.4442775e-02  1.0000000e+00
  -3.2761548e-02 -1.3392998e-02]
 [-2.1494143e-03  4.9679964e-03 -2.8831321e-03 -3.2761548e-02
   1.0000000e+00  2.0941550e-02]
 [-1.2754591e-02 -1.0604488e-03 -6.4734952e-05 -1.3392998e-02
   2.0941550e-02  1.0000004e+00]]
[2025-11-13 20:28:57,835][src.models.modules.semantic_id.tiger_generation_model][INFO] - [rank: 0] 当前batch的输入Item Hierarchy Embedding相似度矩阵:
[[ 1.0000000e+00  5.8483770e-03 -1.1039516e-03  2.2223346e-04
   1.2910735e-03 -3.5207861e-03]
 [ 5.8483770e-03  1.0000000e+00  1.6517309e-02 -1.9620208e-03
   7.9024257e-04 -1.8088827e-02]
 [-1.1039516e-03  1.6517309e-02  1.0000000e+00  1.5428999e-02
   4.7276160e-03  3.4673468e-03]
 [ 2.2223346e-04 -1.9620208e-03  1.5428999e-02  1.0000000e+00
   1.7110305e-02 -1.4420252e-02]
 [ 1.2910735e-03  7.9024257e-04  4.7276160e-03  1.7110305e-02
   1.0000000e+00 -5.5010999e-03]
 [-3.5207861e-03 -1.8088827e-02  3.4673468e-03 -1.4420252e-02
  -5.5010999e-03  1.0000005e+00]]
[2025-11-13 20:28:58,548][src.models.modules.semantic_id.tiger_generation_model][WARNING] - [rank: 0] Failed to stack cross attentions: stack expects each tensor to be equal size, but got [32, 6, 140] at entry 0 and [32, 6, 2, 140] at entry 1
[2025-11-13 20:28:58,548][src.models.modules.semantic_id.tiger_generation_model][WARNING] - [rank: 0]   Hierarchy 0 shape: torch.Size([32, 6, 140])
[2025-11-13 20:28:58,548][src.models.modules.semantic_id.tiger_generation_model][WARNING] - [rank: 0]   Hierarchy 1 shape: torch.Size([32, 6, 2, 140])
[2025-11-13 20:28:58,549][src.models.modules.semantic_id.tiger_generation_model][WARNING] - [rank: 0]   Hierarchy 2 shape: torch.Size([32, 6, 140])
[2025-11-13 20:28:58,549][src.models.modules.semantic_id.tiger_generation_model][WARNING] - [rank: 0]   Hierarchy 3 shape: torch.Size([32, 6, 140])
[2025-11-13 20:28:58,549][src.models.modules.semantic_id.tiger_generation_model][WARNING] - [rank: 0]   Hierarchy 4 shape: torch.Size([32, 6, 140])
[2025-11-13 20:28:58,549][src.models.modules.semantic_id.tiger_generation_model][WARNING] - [rank: 0]   Hierarchy 5 shape: torch.Size([32, 6, 140])
[2025-11-13 20:28:58,778][src.models.modules.semantic_id.tiger_generation_model][INFO] - [rank: 0] Saved decoder self-attention to ./attention_weights/decoder_self_attention_batch_3.pt
[2025-11-13 20:28:58,778][src.models.modules.semantic_id.tiger_generation_model][INFO] - [rank: 0] Saved encoder attention to ./attention_weights/encoder_attention_batch_3.pt
[2025-11-13 20:28:58,779][src.models.modules.semantic_id.tiger_generation_model][INFO] - [rank: 0] Saved cross attention to ./attention_weights/cross_attention_batch_3.pt
[2025-11-13 20:28:58,784][src.models.modules.semantic_id.tiger_generation_model][INFO] - [rank: 0] 当前batch的生成语义ID Embedding相似度矩阵:
[[ 9.9999994e-01  1.8808567e-03 -3.3466448e-04  3.3153957e-03
   1.7960295e-02  1.9422621e-02]
 [ 1.8808567e-03  1.0000000e+00  8.8724233e-03 -2.9417896e-03
  -3.3960976e-02 -3.7337989e-02]
 [-3.3466448e-04  8.8724233e-03  1.0000000e+00 -7.5038043e-03
  -5.6332727e-03  3.1610742e-02]
 [ 3.3153957e-03 -2.9417896e-03 -7.5038043e-03  1.0000000e+00
  -5.7554543e-03 -1.4331850e-02]
 [ 1.7960295e-02 -3.3960976e-02 -5.6332727e-03 -5.7554543e-03
   1.0000000e+00  3.4265704e-02]
 [ 1.9422621e-02 -3.7337989e-02  3.1610742e-02 -1.4331850e-02
   3.4265704e-02  1.0000004e+00]]
[2025-11-13 20:29:00,159][src.models.modules.semantic_id.tiger_generation_model][INFO] - [rank: 0] 当前batch的输入Item Hierarchy Embedding相似度矩阵:
[[ 1.00000000e+00 -1.16850836e-02  5.68974414e-04  5.96238440e-03
  -8.49635247e-03  2.29272544e-02]
 [-1.16850836e-02  1.00000000e+00  3.55180586e-03  5.09584835e-03
  -4.89728432e-03 -2.49695014e-02]
 [ 5.68974414e-04  3.55180586e-03  1.00000000e+00 -2.78735091e-03
   1.06999911e-02  1.18385125e-02]
 [ 5.96238440e-03  5.09584835e-03 -2.78735091e-03  1.00000000e+00
  -1.88480243e-02 -7.08324369e-03]
 [-8.49635247e-03 -4.89728432e-03  1.06999911e-02 -1.88480243e-02
   1.00000000e+00 -1.35836541e-03]
 [ 2.29272544e-02 -2.49695014e-02  1.18385125e-02 -7.08324369e-03
  -1.35836541e-03  1.00000036e+00]]
[2025-11-13 20:29:00,745][src.models.modules.semantic_id.tiger_generation_model][WARNING] - [rank: 0] Failed to stack cross attentions: stack expects each tensor to be equal size, but got [32, 6, 140] at entry 0 and [32, 6, 2, 140] at entry 1
[2025-11-13 20:29:00,745][src.models.modules.semantic_id.tiger_generation_model][WARNING] - [rank: 0]   Hierarchy 0 shape: torch.Size([32, 6, 140])
[2025-11-13 20:29:00,746][src.models.modules.semantic_id.tiger_generation_model][WARNING] - [rank: 0]   Hierarchy 1 shape: torch.Size([32, 6, 2, 140])
[2025-11-13 20:29:00,746][src.models.modules.semantic_id.tiger_generation_model][WARNING] - [rank: 0]   Hierarchy 2 shape: torch.Size([32, 6, 140])
[2025-11-13 20:29:00,746][src.models.modules.semantic_id.tiger_generation_model][WARNING] - [rank: 0]   Hierarchy 3 shape: torch.Size([32, 6, 140])
[2025-11-13 20:29:00,746][src.models.modules.semantic_id.tiger_generation_model][WARNING] - [rank: 0]   Hierarchy 4 shape: torch.Size([32, 6, 140])
[2025-11-13 20:29:00,746][src.models.modules.semantic_id.tiger_generation_model][WARNING] - [rank: 0]   Hierarchy 5 shape: torch.Size([32, 6, 140])
[2025-11-13 20:29:01,066][src.models.modules.semantic_id.tiger_generation_model][INFO] - [rank: 0] Saved decoder self-attention to ./attention_weights/decoder_self_attention_batch_4.pt
[2025-11-13 20:29:01,066][src.models.modules.semantic_id.tiger_generation_model][INFO] - [rank: 0] Saved encoder attention to ./attention_weights/encoder_attention_batch_4.pt
[2025-11-13 20:29:01,066][src.models.modules.semantic_id.tiger_generation_model][INFO] - [rank: 0] Saved cross attention to ./attention_weights/cross_attention_batch_4.pt
[2025-11-13 20:29:01,074][src.models.modules.semantic_id.tiger_generation_model][INFO] - [rank: 0] 当前batch的生成语义ID Embedding相似度矩阵:
[[ 1.0000000e+00  1.8046558e-02  5.2502891e-04 -1.9735510e-02
   1.5078729e-02 -3.1283762e-02]
 [ 1.8046558e-02  1.0000000e+00  2.6855043e-03 -2.2037659e-02
  -2.8710745e-02 -8.9600896e-03]
 [ 5.2502891e-04  2.6855043e-03  1.0000000e+00  1.6135545e-02
   5.2650822e-03  2.6585793e-02]
 [-1.9735510e-02 -2.2037659e-02  1.6135545e-02  1.0000000e+00
   2.4593389e-02 -3.2789872e-03]
 [ 1.5078729e-02 -2.8710745e-02  5.2650822e-03  2.4593389e-02
   1.0000001e+00  2.5466362e-02]
 [-3.1283762e-02 -8.9600896e-03  2.6585793e-02 -3.2789872e-03
   2.5466362e-02  1.0000004e+00]]
[2025-11-13 20:29:02,170][src.models.modules.semantic_id.tiger_generation_model][INFO] - [rank: 0] 当前batch的输入Item Hierarchy Embedding相似度矩阵:
[[ 1.0000000e+00 -8.1679840e-03  1.8816158e-03  1.9385384e-03
   4.0389923e-03 -5.7199025e-03]
 [-8.1679840e-03  1.0000000e+00 -4.2352574e-03  8.0768252e-03
  -3.4184561e-03 -1.5401129e-02]
 [ 1.8816158e-03 -4.2352574e-03  1.0000000e+00 -2.9226227e-03
  -9.0995561e-03  1.8035924e-03]
 [ 1.9385384e-03  8.0768252e-03 -2.9226227e-03  1.0000000e+00
  -3.3450613e-04  1.4862908e-02]
 [ 4.0389923e-03 -3.4184561e-03 -9.0995561e-03 -3.3450613e-04
   1.0000000e+00  1.3462841e-02]
 [-5.7199025e-03 -1.5401129e-02  1.8035924e-03  1.4862908e-02
   1.3462841e-02  1.0000004e+00]]
[2025-11-13 20:29:02,939][src.models.modules.semantic_id.tiger_generation_model][WARNING] - [rank: 0] Failed to stack cross attentions: stack expects each tensor to be equal size, but got [32, 6, 140] at entry 0 and [32, 6, 2, 140] at entry 1
[2025-11-13 20:29:02,940][src.models.modules.semantic_id.tiger_generation_model][WARNING] - [rank: 0]   Hierarchy 0 shape: torch.Size([32, 6, 140])
[2025-11-13 20:29:02,940][src.models.modules.semantic_id.tiger_generation_model][WARNING] - [rank: 0]   Hierarchy 1 shape: torch.Size([32, 6, 2, 140])
[2025-11-13 20:29:02,940][src.models.modules.semantic_id.tiger_generation_model][WARNING] - [rank: 0]   Hierarchy 2 shape: torch.Size([32, 6, 140])
[2025-11-13 20:29:02,941][src.models.modules.semantic_id.tiger_generation_model][WARNING] - [rank: 0]   Hierarchy 3 shape: torch.Size([32, 6, 140])
[2025-11-13 20:29:02,941][src.models.modules.semantic_id.tiger_generation_model][WARNING] - [rank: 0]   Hierarchy 4 shape: torch.Size([32, 6, 140])
[2025-11-13 20:29:02,941][src.models.modules.semantic_id.tiger_generation_model][WARNING] - [rank: 0]   Hierarchy 5 shape: torch.Size([32, 6, 140])
[2025-11-13 20:29:03,138][src.models.modules.semantic_id.tiger_generation_model][INFO] - [rank: 0] Saved decoder self-attention to ./attention_weights/decoder_self_attention_batch_5.pt
[2025-11-13 20:29:03,139][src.models.modules.semantic_id.tiger_generation_model][INFO] - [rank: 0] Saved encoder attention to ./attention_weights/encoder_attention_batch_5.pt
[2025-11-13 20:29:03,139][src.models.modules.semantic_id.tiger_generation_model][INFO] - [rank: 0] Saved cross attention to ./attention_weights/cross_attention_batch_5.pt
[2025-11-13 20:29:03,150][src.models.modules.semantic_id.tiger_generation_model][INFO] - [rank: 0] 当前batch的生成语义ID Embedding相似度矩阵:
[[ 1.0000000e+00 -7.7826660e-03  1.2205528e-02 -2.6231635e-02
   1.7804924e-02 -9.3317209e-03]
 [-7.7826660e-03  1.0000000e+00  1.6244356e-02 -9.2124753e-04
  -1.1651353e-03  7.2504384e-03]
 [ 1.2205528e-02  1.6244356e-02  1.0000000e+00 -1.9668454e-02
  -1.0376017e-02  5.1594502e-04]
 [-2.6231635e-02 -9.2124753e-04 -1.9668454e-02  1.0000000e+00
   3.1686909e-02  5.8697388e-03]
 [ 1.7804924e-02 -1.1651353e-03 -1.0376017e-02  3.1686909e-02
   1.0000000e+00  3.8145646e-02]
 [-9.3317209e-03  7.2504384e-03  5.1594502e-04  5.8697388e-03
   3.8145646e-02  1.0000004e+00]]
[2025-11-13 20:29:04,929][src.models.modules.semantic_id.tiger_generation_model][INFO] - [rank: 0] 当前batch的输入Item Hierarchy Embedding相似度矩阵:
[[ 1.0000000e+00 -1.6976792e-02 -4.5426409e-03 -4.0975730e-03
  -7.9501129e-04  4.5148209e-03]
 [-1.6976792e-02  1.0000000e+00  9.1627585e-03  6.4493972e-03
   2.6031770e-03 -1.9990414e-02]
 [-4.5426409e-03  9.1627585e-03  1.0000000e+00  5.4310071e-03
  -1.4740779e-03  4.3152333e-03]
 [-4.0975730e-03  6.4493972e-03  5.4310071e-03  1.0000000e+00
  -1.8392419e-02  9.4147502e-03]
 [-7.9501129e-04  2.6031770e-03 -1.4740779e-03 -1.8392419e-02
   1.0000000e+00  8.4741758e-03]
 [ 4.5148209e-03 -1.9990414e-02  4.3152333e-03  9.4147502e-03
   8.4741758e-03  1.0000004e+00]]
[2025-11-13 20:29:05,572][src.models.modules.semantic_id.tiger_generation_model][WARNING] - [rank: 0] Failed to stack cross attentions: stack expects each tensor to be equal size, but got [32, 6, 140] at entry 0 and [32, 6, 2, 140] at entry 1
[2025-11-13 20:29:05,573][src.models.modules.semantic_id.tiger_generation_model][WARNING] - [rank: 0]   Hierarchy 0 shape: torch.Size([32, 6, 140])
[2025-11-13 20:29:05,573][src.models.modules.semantic_id.tiger_generation_model][WARNING] - [rank: 0]   Hierarchy 1 shape: torch.Size([32, 6, 2, 140])
[2025-11-13 20:29:05,573][src.models.modules.semantic_id.tiger_generation_model][WARNING] - [rank: 0]   Hierarchy 2 shape: torch.Size([32, 6, 140])
[2025-11-13 20:29:05,573][src.models.modules.semantic_id.tiger_generation_model][WARNING] - [rank: 0]   Hierarchy 3 shape: torch.Size([32, 6, 140])
[2025-11-13 20:29:05,573][src.models.modules.semantic_id.tiger_generation_model][WARNING] - [rank: 0]   Hierarchy 4 shape: torch.Size([32, 6, 140])
[2025-11-13 20:29:05,574][src.models.modules.semantic_id.tiger_generation_model][WARNING] - [rank: 0]   Hierarchy 5 shape: torch.Size([32, 6, 140])
[2025-11-13 20:29:06,084][src.models.modules.semantic_id.tiger_generation_model][INFO] - [rank: 0] Saved decoder self-attention to ./attention_weights/decoder_self_attention_batch_6.pt
[2025-11-13 20:29:06,084][src.models.modules.semantic_id.tiger_generation_model][INFO] - [rank: 0] Saved encoder attention to ./attention_weights/encoder_attention_batch_6.pt
[2025-11-13 20:29:06,084][src.models.modules.semantic_id.tiger_generation_model][INFO] - [rank: 0] Saved cross attention to ./attention_weights/cross_attention_batch_6.pt
[2025-11-13 20:29:06,093][src.models.modules.semantic_id.tiger_generation_model][INFO] - [rank: 0] 当前batch的生成语义ID Embedding相似度矩阵:
[[ 1.0000000e+00  3.2152645e-02 -6.4983079e-04  3.8215134e-03
   1.8615415e-02 -6.5504819e-02]
 [ 3.2152645e-02  1.0000000e+00  6.2546745e-02  5.2726470e-02
  -2.5912428e-02 -5.4106466e-02]
 [-6.4983079e-04  6.2546745e-02  1.0000000e+00  4.9885340e-02
   2.6491996e-02 -1.9838173e-02]
 [ 3.8215134e-03  5.2726470e-02  4.9885340e-02  1.0000000e+00
  -2.0995429e-02  2.2519508e-02]
 [ 1.8615415e-02 -2.5912428e-02  2.6491996e-02 -2.0995429e-02
   1.0000000e+00 -2.4567630e-02]
 [-6.5504819e-02 -5.4106466e-02 -1.9838173e-02  2.2519508e-02
  -2.4567630e-02  1.0000004e+00]]
[2025-11-13 20:29:07,466][src.models.modules.semantic_id.tiger_generation_model][INFO] - [rank: 0] 当前batch的输入Item Hierarchy Embedding相似度矩阵:
[[ 1.00000000e+00  8.20372812e-03 -1.47582665e-02  1.14978189e-02
   1.30241243e-02 -2.10449509e-02]
 [ 8.20372812e-03  1.00000000e+00  4.56333673e-03 -2.78262328e-03
  -5.78157930e-03 -7.73793133e-03]
 [-1.47582665e-02  4.56333673e-03  1.00000000e+00  7.71463165e-05
   8.97140490e-05  9.32734739e-03]
 [ 1.14978189e-02 -2.78262328e-03  7.71463165e-05  1.00000000e+00
  -1.81006789e-02  7.00519467e-03]
 [ 1.30241243e-02 -5.78157930e-03  8.97140490e-05 -1.81006789e-02
   1.00000000e+00 -2.10834682e-04]
 [-2.10449509e-02 -7.73793133e-03  9.32734739e-03  7.00519467e-03
  -2.10834682e-04  1.00000048e+00]]
[2025-11-13 20:29:08,404][src.models.modules.semantic_id.tiger_generation_model][WARNING] - [rank: 0] Failed to stack cross attentions: stack expects each tensor to be equal size, but got [32, 6, 140] at entry 0 and [32, 6, 2, 140] at entry 1
[2025-11-13 20:29:08,405][src.models.modules.semantic_id.tiger_generation_model][WARNING] - [rank: 0]   Hierarchy 0 shape: torch.Size([32, 6, 140])
[2025-11-13 20:29:08,405][src.models.modules.semantic_id.tiger_generation_model][WARNING] - [rank: 0]   Hierarchy 1 shape: torch.Size([32, 6, 2, 140])
[2025-11-13 20:29:08,406][src.models.modules.semantic_id.tiger_generation_model][WARNING] - [rank: 0]   Hierarchy 2 shape: torch.Size([32, 6, 140])
[2025-11-13 20:29:08,406][src.models.modules.semantic_id.tiger_generation_model][WARNING] - [rank: 0]   Hierarchy 3 shape: torch.Size([32, 6, 140])
[2025-11-13 20:29:08,406][src.models.modules.semantic_id.tiger_generation_model][WARNING] - [rank: 0]   Hierarchy 4 shape: torch.Size([32, 6, 140])
[2025-11-13 20:29:08,407][src.models.modules.semantic_id.tiger_generation_model][WARNING] - [rank: 0]   Hierarchy 5 shape: torch.Size([32, 6, 140])
[2025-11-13 20:29:08,845][src.models.modules.semantic_id.tiger_generation_model][INFO] - [rank: 0] Saved decoder self-attention to ./attention_weights/decoder_self_attention_batch_7.pt
[2025-11-13 20:29:08,846][src.models.modules.semantic_id.tiger_generation_model][INFO] - [rank: 0] Saved encoder attention to ./attention_weights/encoder_attention_batch_7.pt
[2025-11-13 20:29:08,846][src.models.modules.semantic_id.tiger_generation_model][INFO] - [rank: 0] Saved cross attention to ./attention_weights/cross_attention_batch_7.pt
[2025-11-13 20:29:08,852][src.models.modules.semantic_id.tiger_generation_model][INFO] - [rank: 0] 当前batch的生成语义ID Embedding相似度矩阵:
[[ 1.         -0.15416348  0.0687638  -0.02112507 -0.03617077 -0.17808174]
 [-0.15416348  0.9999999  -0.04647701  0.01079249 -0.00539691  0.07976873]
 [ 0.0687638  -0.04647701  1.         -0.00149456 -0.09006196 -0.04897981]
 [-0.02112507  0.01079249 -0.00149456  1.          0.03124191  0.02986472]
 [-0.03617077 -0.00539691 -0.09006196  0.03124191  1.          0.01550314]
 [-0.17808174  0.07976873 -0.04897981  0.02986472  0.01550314  1.0000004 ]]
[2025-11-13 20:29:10,156][src.models.modules.semantic_id.tiger_generation_model][INFO] - [rank: 0] 当前batch的输入Item Hierarchy Embedding相似度矩阵:
[[ 1.00000000e+00 -3.10842283e-02  1.34353075e-04 -1.02225235e-02
  -5.03312331e-03 -5.29382899e-02]
 [-3.10842283e-02  1.00000000e+00  9.76775307e-03 -6.85518049e-03
  -1.34824030e-03  3.64959911e-02]
 [ 1.34353075e-04  9.76775307e-03  1.00000000e+00 -5.37953922e-04
  -1.11673083e-02 -7.23868934e-03]
 [-1.02225235e-02 -6.85518049e-03 -5.37953922e-04  1.00000000e+00
  -5.04948245e-03  7.96321314e-03]
 [-5.03312331e-03 -1.34824030e-03 -1.11673083e-02 -5.04948245e-03
   1.00000000e+00  6.91430457e-03]
 [-5.29382899e-02  3.64959911e-02 -7.23868934e-03  7.96321314e-03
   6.91430457e-03  1.00000036e+00]]
[2025-11-13 20:29:10,799][src.models.modules.semantic_id.tiger_generation_model][WARNING] - [rank: 0] Failed to stack cross attentions: stack expects each tensor to be equal size, but got [32, 6, 140] at entry 0 and [32, 6, 2, 140] at entry 1
[2025-11-13 20:29:10,799][src.models.modules.semantic_id.tiger_generation_model][WARNING] - [rank: 0]   Hierarchy 0 shape: torch.Size([32, 6, 140])
[2025-11-13 20:29:10,799][src.models.modules.semantic_id.tiger_generation_model][WARNING] - [rank: 0]   Hierarchy 1 shape: torch.Size([32, 6, 2, 140])
[2025-11-13 20:29:10,799][src.models.modules.semantic_id.tiger_generation_model][WARNING] - [rank: 0]   Hierarchy 2 shape: torch.Size([32, 6, 140])
[2025-11-13 20:29:10,800][src.models.modules.semantic_id.tiger_generation_model][WARNING] - [rank: 0]   Hierarchy 3 shape: torch.Size([32, 6, 140])
[2025-11-13 20:29:10,800][src.models.modules.semantic_id.tiger_generation_model][WARNING] - [rank: 0]   Hierarchy 4 shape: torch.Size([32, 6, 140])
[2025-11-13 20:29:10,800][src.models.modules.semantic_id.tiger_generation_model][WARNING] - [rank: 0]   Hierarchy 5 shape: torch.Size([32, 6, 140])
[2025-11-13 20:29:11,044][src.models.modules.semantic_id.tiger_generation_model][INFO] - [rank: 0] Saved decoder self-attention to ./attention_weights/decoder_self_attention_batch_8.pt
[2025-11-13 20:29:11,045][src.models.modules.semantic_id.tiger_generation_model][INFO] - [rank: 0] Saved encoder attention to ./attention_weights/encoder_attention_batch_8.pt
[2025-11-13 20:29:11,045][src.models.modules.semantic_id.tiger_generation_model][INFO] - [rank: 0] Saved cross attention to ./attention_weights/cross_attention_batch_8.pt
[2025-11-13 20:29:11,053][src.models.modules.semantic_id.tiger_generation_model][INFO] - [rank: 0] 当前batch的生成语义ID Embedding相似度矩阵:
[[ 1.0000000e+00  3.3579376e-03  2.8182303e-03  5.5985069e-03
   1.9037470e-02  1.5587903e-02]
 [ 3.3579376e-03  1.0000000e+00 -4.2830682e-03 -7.9939154e-04
  -3.8746886e-02 -1.7127324e-02]
 [ 2.8182303e-03 -4.2830682e-03  1.0000000e+00 -1.1217983e-02
   8.9452602e-03  3.5912126e-02]
 [ 5.5985069e-03 -7.9939154e-04 -1.1217983e-02  1.0000000e+00
   2.6813848e-03 -2.0859165e-02]
 [ 1.9037470e-02 -3.8746886e-02  8.9452602e-03  2.6813848e-03
   1.0000000e+00  3.2669503e-02]
 [ 1.5587903e-02 -1.7127324e-02  3.5912126e-02 -2.0859165e-02
   3.2669503e-02  1.0000004e+00]]
[2025-11-13 20:29:12,193][src.models.modules.semantic_id.tiger_generation_model][INFO] - [rank: 0] 当前batch的输入Item Hierarchy Embedding相似度矩阵:
[[ 1.         -0.00455512 -0.00261183  0.01279297 -0.00263729  0.02764956]
 [-0.00455512  1.          0.00462815 -0.00121057 -0.01307912 -0.02184236]
 [-0.00261183  0.00462815  1.          0.00213798 -0.00428428  0.01142181]
 [ 0.01279297 -0.00121057  0.00213798  1.         -0.01111245 -0.00685461]
 [-0.00263729 -0.01307912 -0.00428428 -0.01111245  1.          0.00716   ]
 [ 0.02764956 -0.02184236  0.01142181 -0.00685461  0.00716     1.0000004 ]]
[2025-11-13 20:29:13,016][src.models.modules.semantic_id.tiger_generation_model][WARNING] - [rank: 0] Failed to stack cross attentions: stack expects each tensor to be equal size, but got [32, 6, 140] at entry 0 and [32, 6, 2, 140] at entry 1
[2025-11-13 20:29:13,017][src.models.modules.semantic_id.tiger_generation_model][WARNING] - [rank: 0]   Hierarchy 0 shape: torch.Size([32, 6, 140])
[2025-11-13 20:29:13,017][src.models.modules.semantic_id.tiger_generation_model][WARNING] - [rank: 0]   Hierarchy 1 shape: torch.Size([32, 6, 2, 140])
[2025-11-13 20:29:13,017][src.models.modules.semantic_id.tiger_generation_model][WARNING] - [rank: 0]   Hierarchy 2 shape: torch.Size([32, 6, 140])
[2025-11-13 20:29:13,017][src.models.modules.semantic_id.tiger_generation_model][WARNING] - [rank: 0]   Hierarchy 3 shape: torch.Size([32, 6, 140])
[2025-11-13 20:29:13,018][src.models.modules.semantic_id.tiger_generation_model][WARNING] - [rank: 0]   Hierarchy 4 shape: torch.Size([32, 6, 140])
[2025-11-13 20:29:13,018][src.models.modules.semantic_id.tiger_generation_model][WARNING] - [rank: 0]   Hierarchy 5 shape: torch.Size([32, 6, 140])
[2025-11-13 20:29:13,201][src.models.modules.semantic_id.tiger_generation_model][INFO] - [rank: 0] Saved decoder self-attention to ./attention_weights/decoder_self_attention_batch_9.pt
[2025-11-13 20:29:13,202][src.models.modules.semantic_id.tiger_generation_model][INFO] - [rank: 0] Saved encoder attention to ./attention_weights/encoder_attention_batch_9.pt
[2025-11-13 20:29:13,202][src.models.modules.semantic_id.tiger_generation_model][INFO] - [rank: 0] Saved cross attention to ./attention_weights/cross_attention_batch_9.pt
[2025-11-13 20:29:13,210][src.models.modules.semantic_id.tiger_generation_model][INFO] - [rank: 0] 当前batch的生成语义ID Embedding相似度矩阵:
[[ 0.99999994 -0.04059922 -0.00540314 -0.0292698  -0.05392259 -0.0446771 ]
 [-0.04059922  1.         -0.02379458  0.02617803 -0.03904455  0.0153029 ]
 [-0.00540314 -0.02379458  1.          0.03778347  0.02902036 -0.05472466]
 [-0.0292698   0.02617803  0.03778347  0.9999999  -0.00858825 -0.00325217]
 [-0.05392259 -0.03904455  0.02902036 -0.00858825  1.0000001   0.00960458]
 [-0.0446771   0.0153029  -0.05472466 -0.00325217  0.00960458  1.0000004 ]]
[2025-11-13 20:29:14,864][src.models.modules.semantic_id.tiger_generation_model][INFO] - [rank: 0] 当前batch的输入Item Hierarchy Embedding相似度矩阵:
[[ 1.          0.02165379  0.00216312  0.00932753 -0.0198854  -0.00385306]
 [ 0.02165379  1.          0.0107814   0.01739088 -0.02522375 -0.02992311]
 [ 0.00216312  0.0107814   1.          0.00750089  0.00493631 -0.01260249]
 [ 0.00932753  0.01739088  0.00750089  1.         -0.01104689  0.00152775]
 [-0.0198854  -0.02522375  0.00493631 -0.01104689  1.         -0.00963166]
 [-0.00385306 -0.02992311 -0.01260249  0.00152775 -0.00963166  1.0000005 ]]
[2025-11-13 20:29:15,544][src.models.modules.semantic_id.tiger_generation_model][WARNING] - [rank: 0] Failed to stack cross attentions: stack expects each tensor to be equal size, but got [32, 6, 140] at entry 0 and [32, 6, 2, 140] at entry 1
[2025-11-13 20:29:15,545][src.models.modules.semantic_id.tiger_generation_model][WARNING] - [rank: 0]   Hierarchy 0 shape: torch.Size([32, 6, 140])
[2025-11-13 20:29:15,545][src.models.modules.semantic_id.tiger_generation_model][WARNING] - [rank: 0]   Hierarchy 1 shape: torch.Size([32, 6, 2, 140])
[2025-11-13 20:29:15,545][src.models.modules.semantic_id.tiger_generation_model][WARNING] - [rank: 0]   Hierarchy 2 shape: torch.Size([32, 6, 140])
[2025-11-13 20:29:15,545][src.models.modules.semantic_id.tiger_generation_model][WARNING] - [rank: 0]   Hierarchy 3 shape: torch.Size([32, 6, 140])
[2025-11-13 20:29:15,545][src.models.modules.semantic_id.tiger_generation_model][WARNING] - [rank: 0]   Hierarchy 4 shape: torch.Size([32, 6, 140])
[2025-11-13 20:29:15,546][src.models.modules.semantic_id.tiger_generation_model][WARNING] - [rank: 0]   Hierarchy 5 shape: torch.Size([32, 6, 140])
[2025-11-13 20:29:15,732][src.models.modules.semantic_id.tiger_generation_model][INFO] - [rank: 0] Saved decoder self-attention to ./attention_weights/decoder_self_attention_batch_10.pt
[2025-11-13 20:29:15,733][src.models.modules.semantic_id.tiger_generation_model][INFO] - [rank: 0] Saved encoder attention to ./attention_weights/encoder_attention_batch_10.pt
[2025-11-13 20:29:15,733][src.models.modules.semantic_id.tiger_generation_model][INFO] - [rank: 0] Saved cross attention to ./attention_weights/cross_attention_batch_10.pt
[2025-11-13 20:29:15,739][src.models.modules.semantic_id.tiger_generation_model][INFO] - [rank: 0] 当前batch的生成语义ID Embedding相似度矩阵:
[[ 1.          0.00785257  0.01829139  0.00638595  0.01343164 -0.01098758]
 [ 0.00785257  1.         -0.02235604 -0.00112583 -0.02595616  0.0038438 ]
 [ 0.01829139 -0.02235604  0.99999994  0.00294728 -0.01107561  0.00262835]
 [ 0.00638595 -0.00112583  0.00294728  1.          0.00296797  0.00405775]
 [ 0.01343164 -0.02595616 -0.01107561  0.00296797  1.          0.04476229]
 [-0.01098758  0.0038438   0.00262835  0.00405775  0.04476229  1.0000004 ]]
[2025-11-13 20:29:16,848][src.models.modules.semantic_id.tiger_generation_model][INFO] - [rank: 0] 当前batch的输入Item Hierarchy Embedding相似度矩阵:
[[ 1.0000000e+00 -2.2290831e-02  8.7705124e-03  1.1802428e-02
   7.0723845e-03  3.2451330e-03]
 [-2.2290831e-02  1.0000000e+00  4.5834496e-03  3.4671614e-03
   8.1838351e-03 -1.7752497e-02]
 [ 8.7705124e-03  4.5834496e-03  1.0000000e+00 -3.5255685e-04
  -8.0882190e-03 -1.0072753e-02]
 [ 1.1802428e-02  3.4671614e-03 -3.5255685e-04  1.0000000e+00
  -5.5309781e-03 -7.7083958e-03]
 [ 7.0723845e-03  8.1838351e-03 -8.0882190e-03 -5.5309781e-03
   1.0000000e+00 -1.7909894e-03]
 [ 3.2451330e-03 -1.7752497e-02 -1.0072753e-02 -7.7083958e-03
  -1.7909894e-03  1.0000004e+00]]
[2025-11-13 20:29:17,600][src.models.modules.semantic_id.tiger_generation_model][WARNING] - [rank: 0] Failed to stack cross attentions: stack expects each tensor to be equal size, but got [32, 6, 140] at entry 0 and [32, 6, 2, 140] at entry 1
[2025-11-13 20:29:17,601][src.models.modules.semantic_id.tiger_generation_model][WARNING] - [rank: 0]   Hierarchy 0 shape: torch.Size([32, 6, 140])
[2025-11-13 20:29:17,601][src.models.modules.semantic_id.tiger_generation_model][WARNING] - [rank: 0]   Hierarchy 1 shape: torch.Size([32, 6, 2, 140])
[2025-11-13 20:29:17,601][src.models.modules.semantic_id.tiger_generation_model][WARNING] - [rank: 0]   Hierarchy 2 shape: torch.Size([32, 6, 140])
[2025-11-13 20:29:17,601][src.models.modules.semantic_id.tiger_generation_model][WARNING] - [rank: 0]   Hierarchy 3 shape: torch.Size([32, 6, 140])
[2025-11-13 20:29:17,602][src.models.modules.semantic_id.tiger_generation_model][WARNING] - [rank: 0]   Hierarchy 4 shape: torch.Size([32, 6, 140])
[2025-11-13 20:29:17,602][src.models.modules.semantic_id.tiger_generation_model][WARNING] - [rank: 0]   Hierarchy 5 shape: torch.Size([32, 6, 140])
[2025-11-13 20:29:17,813][src.models.modules.semantic_id.tiger_generation_model][INFO] - [rank: 0] Saved decoder self-attention to ./attention_weights/decoder_self_attention_batch_11.pt
[2025-11-13 20:29:17,813][src.models.modules.semantic_id.tiger_generation_model][INFO] - [rank: 0] Saved encoder attention to ./attention_weights/encoder_attention_batch_11.pt
[2025-11-13 20:29:17,813][src.models.modules.semantic_id.tiger_generation_model][INFO] - [rank: 0] Saved cross attention to ./attention_weights/cross_attention_batch_11.pt
[2025-11-13 20:29:17,821][src.models.modules.semantic_id.tiger_generation_model][INFO] - [rank: 0] 当前batch的生成语义ID Embedding相似度矩阵:
[[ 1.         -0.01600672  0.00271175 -0.00819066 -0.00915102  0.03203963]
 [-0.01600672  1.          0.01359992 -0.01977329 -0.01391573 -0.03434469]
 [ 0.00271175  0.01359992  1.         -0.0128066  -0.02268864  0.00259766]
 [-0.00819066 -0.01977329 -0.0128066   1.         -0.02207783  0.00926655]
 [-0.00915102 -0.01391573 -0.02268864 -0.02207783  1.          0.01259656]
 [ 0.03203963 -0.03434469  0.00259766  0.00926655  0.01259656  1.0000004 ]]
[2025-11-13 20:29:18,938][src.models.modules.semantic_id.tiger_generation_model][INFO] - [rank: 0] 当前batch的输入Item Hierarchy Embedding相似度矩阵:
[[ 1.         -0.02524549 -0.00307345  0.00669636 -0.0072434   0.01749094]
 [-0.02524549  1.         -0.0010584   0.00442684  0.00729873 -0.01182739]
 [-0.00307345 -0.0010584   1.          0.00139756 -0.00110412  0.0066647 ]
 [ 0.00669636  0.00442684  0.00139756  1.         -0.01648268 -0.01043318]
 [-0.0072434   0.00729873 -0.00110412 -0.01648268  1.          0.01574041]
 [ 0.01749094 -0.01182739  0.0066647  -0.01043318  0.01574041  1.0000005 ]]
[2025-11-13 20:29:19,672][src.models.modules.semantic_id.tiger_generation_model][WARNING] - [rank: 0] Failed to stack cross attentions: stack expects each tensor to be equal size, but got [32, 6, 140] at entry 0 and [32, 6, 2, 140] at entry 1
[2025-11-13 20:29:19,672][src.models.modules.semantic_id.tiger_generation_model][WARNING] - [rank: 0]   Hierarchy 0 shape: torch.Size([32, 6, 140])
[2025-11-13 20:29:19,672][src.models.modules.semantic_id.tiger_generation_model][WARNING] - [rank: 0]   Hierarchy 1 shape: torch.Size([32, 6, 2, 140])
[2025-11-13 20:29:19,673][src.models.modules.semantic_id.tiger_generation_model][WARNING] - [rank: 0]   Hierarchy 2 shape: torch.Size([32, 6, 140])
[2025-11-13 20:29:19,673][src.models.modules.semantic_id.tiger_generation_model][WARNING] - [rank: 0]   Hierarchy 3 shape: torch.Size([32, 6, 140])
[2025-11-13 20:29:19,673][src.models.modules.semantic_id.tiger_generation_model][WARNING] - [rank: 0]   Hierarchy 4 shape: torch.Size([32, 6, 140])
[2025-11-13 20:29:19,673][src.models.modules.semantic_id.tiger_generation_model][WARNING] - [rank: 0]   Hierarchy 5 shape: torch.Size([32, 6, 140])
[2025-11-13 20:29:20,747][src.models.modules.semantic_id.tiger_generation_model][INFO] - [rank: 0] Saved decoder self-attention to ./attention_weights/decoder_self_attention_batch_12.pt
[2025-11-13 20:29:20,747][src.models.modules.semantic_id.tiger_generation_model][INFO] - [rank: 0] Saved encoder attention to ./attention_weights/encoder_attention_batch_12.pt
[2025-11-13 20:29:20,748][src.models.modules.semantic_id.tiger_generation_model][INFO] - [rank: 0] Saved cross attention to ./attention_weights/cross_attention_batch_12.pt
[2025-11-13 20:29:20,756][src.models.modules.semantic_id.tiger_generation_model][INFO] - [rank: 0] 当前batch的生成语义ID Embedding相似度矩阵:
[[ 1.         -0.00118038  0.0043005  -0.00992456 -0.01809258  0.00427284]
 [-0.00118038  1.          0.0093716   0.0161073  -0.0252815   0.01195925]
 [ 0.0043005   0.0093716   1.         -0.013768    0.01195337 -0.01881356]
 [-0.00992456  0.0161073  -0.013768    1.         -0.00399425  0.00783218]
 [-0.01809258 -0.0252815   0.01195337 -0.00399425  1.          0.0052337 ]
 [ 0.00427284  0.01195925 -0.01881356  0.00783218  0.0052337   1.0000004 ]]
[2025-11-13 20:29:21,949][src.models.modules.semantic_id.tiger_generation_model][INFO] - [rank: 0] 当前batch的输入Item Hierarchy Embedding相似度矩阵:
[[ 1.00000000e+00 -1.27785886e-02  2.07672687e-03  9.18317412e-04
  -7.28463428e-03  1.08839469e-02]
 [-1.27785886e-02  1.00000000e+00 -2.08288687e-03  4.88040503e-03
   5.39736757e-05 -2.38443376e-03]
 [ 2.07672687e-03 -2.08288687e-03  1.00000000e+00  1.17041252e-03
  -1.43948384e-03 -2.35160254e-03]
 [ 9.18317412e-04  4.88040503e-03  1.17041252e-03  1.00000000e+00
  -9.25735291e-03  8.95363186e-03]
 [-7.28463428e-03  5.39736757e-05 -1.43948384e-03 -9.25735291e-03
   1.00000000e+00  1.53441895e-02]
 [ 1.08839469e-02 -2.38443376e-03 -2.35160254e-03  8.95363186e-03
   1.53441895e-02  1.00000036e+00]]
[2025-11-13 20:29:22,973][src.models.modules.semantic_id.tiger_generation_model][WARNING] - [rank: 0] Failed to stack cross attentions: stack expects each tensor to be equal size, but got [32, 6, 140] at entry 0 and [32, 6, 2, 140] at entry 1
[2025-11-13 20:29:22,974][src.models.modules.semantic_id.tiger_generation_model][WARNING] - [rank: 0]   Hierarchy 0 shape: torch.Size([32, 6, 140])
[2025-11-13 20:29:22,974][src.models.modules.semantic_id.tiger_generation_model][WARNING] - [rank: 0]   Hierarchy 1 shape: torch.Size([32, 6, 2, 140])
[2025-11-13 20:29:22,974][src.models.modules.semantic_id.tiger_generation_model][WARNING] - [rank: 0]   Hierarchy 2 shape: torch.Size([32, 6, 140])
[2025-11-13 20:29:22,974][src.models.modules.semantic_id.tiger_generation_model][WARNING] - [rank: 0]   Hierarchy 3 shape: torch.Size([32, 6, 140])
[2025-11-13 20:29:22,975][src.models.modules.semantic_id.tiger_generation_model][WARNING] - [rank: 0]   Hierarchy 4 shape: torch.Size([32, 6, 140])
[2025-11-13 20:29:22,975][src.models.modules.semantic_id.tiger_generation_model][WARNING] - [rank: 0]   Hierarchy 5 shape: torch.Size([32, 6, 140])
[2025-11-13 20:29:23,545][src.models.modules.semantic_id.tiger_generation_model][INFO] - [rank: 0] Saved decoder self-attention to ./attention_weights/decoder_self_attention_batch_13.pt
[2025-11-13 20:29:23,545][src.models.modules.semantic_id.tiger_generation_model][INFO] - [rank: 0] Saved encoder attention to ./attention_weights/encoder_attention_batch_13.pt
[2025-11-13 20:29:23,545][src.models.modules.semantic_id.tiger_generation_model][INFO] - [rank: 0] Saved cross attention to ./attention_weights/cross_attention_batch_13.pt
[2025-11-13 20:29:23,551][src.models.modules.semantic_id.tiger_generation_model][INFO] - [rank: 0] 当前batch的生成语义ID Embedding相似度矩阵:
[[ 1.0000000e+00 -2.3564806e-02  1.0160145e-02 -2.1837745e-02
  -6.0060178e-04 -2.7449904e-02]
 [-2.3564806e-02  1.0000000e+00 -8.4571391e-03  2.8115807e-02
  -1.0445837e-02  3.6639698e-02]
 [ 1.0160145e-02 -8.4571391e-03  1.0000000e+00 -4.9461764e-03
   6.9053858e-03 -1.8720676e-03]
 [-2.1837745e-02  2.8115807e-02 -4.9461764e-03  1.0000000e+00
   2.6911884e-03  1.4685912e-02]
 [-6.0060178e-04 -1.0445837e-02  6.9053858e-03  2.6911884e-03
   1.0000000e+00  2.7469454e-02]
 [-2.7449904e-02  3.6639698e-02 -1.8720676e-03  1.4685912e-02
   2.7469454e-02  1.0000004e+00]]
[2025-11-13 20:29:24,181][src.models.modules.semantic_id.tiger_generation_model][INFO] - [rank: 0] 当前batch的输入Item Hierarchy Embedding相似度矩阵:
[[ 9.9999988e-01 -2.1222316e-02  3.7055931e-04 -8.5923150e-03
   9.7048981e-03 -6.1564748e-03]
 [-2.1222316e-02  1.0000000e+00  3.4705319e-03  1.9976702e-02
  -2.0739825e-03 -2.1255950e-02]
 [ 3.7055931e-04  3.4705319e-03  1.0000000e+00 -2.1706233e-03
  -8.1049427e-03  2.7884457e-03]
 [-8.5923150e-03  1.9976702e-02 -2.1706233e-03  1.0000000e+00
  -1.8283321e-02  2.9752047e-03]
 [ 9.7048981e-03 -2.0739825e-03 -8.1049427e-03 -1.8283321e-02
   1.0000000e+00  1.3976888e-02]
 [-6.1564748e-03 -2.1255950e-02  2.7884457e-03  2.9752047e-03
   1.3976888e-02  1.0000004e+00]]
[2025-11-13 20:29:24,832][src.models.modules.semantic_id.tiger_generation_model][WARNING] - [rank: 0] Failed to stack cross attentions: stack expects each tensor to be equal size, but got [32, 6, 140] at entry 0 and [32, 6, 2, 140] at entry 1
[2025-11-13 20:29:24,832][src.models.modules.semantic_id.tiger_generation_model][WARNING] - [rank: 0]   Hierarchy 0 shape: torch.Size([32, 6, 140])
[2025-11-13 20:29:24,833][src.models.modules.semantic_id.tiger_generation_model][WARNING] - [rank: 0]   Hierarchy 1 shape: torch.Size([32, 6, 2, 140])
[2025-11-13 20:29:24,833][src.models.modules.semantic_id.tiger_generation_model][WARNING] - [rank: 0]   Hierarchy 2 shape: torch.Size([32, 6, 140])
[2025-11-13 20:29:24,833][src.models.modules.semantic_id.tiger_generation_model][WARNING] - [rank: 0]   Hierarchy 3 shape: torch.Size([32, 6, 140])
[2025-11-13 20:29:24,833][src.models.modules.semantic_id.tiger_generation_model][WARNING] - [rank: 0]   Hierarchy 4 shape: torch.Size([32, 6, 140])
[2025-11-13 20:29:24,833][src.models.modules.semantic_id.tiger_generation_model][WARNING] - [rank: 0]   Hierarchy 5 shape: torch.Size([32, 6, 140])
[2025-11-13 20:29:25,841][src.models.modules.semantic_id.tiger_generation_model][INFO] - [rank: 0] Saved decoder self-attention to ./attention_weights/decoder_self_attention_batch_14.pt
[2025-11-13 20:29:25,842][src.models.modules.semantic_id.tiger_generation_model][INFO] - [rank: 0] Saved encoder attention to ./attention_weights/encoder_attention_batch_14.pt
[2025-11-13 20:29:25,842][src.models.modules.semantic_id.tiger_generation_model][INFO] - [rank: 0] Saved cross attention to ./attention_weights/cross_attention_batch_14.pt
[2025-11-13 20:29:25,850][src.models.modules.semantic_id.tiger_generation_model][INFO] - [rank: 0] 当前batch的生成语义ID Embedding相似度矩阵:
[[ 1.          0.00359853  0.0063007   0.03389123  0.00319664 -0.06673969]
 [ 0.00359853  1.          0.07136479  0.0611354  -0.02792301 -0.04335608]
 [ 0.0063007   0.07136479  1.          0.03855205  0.0223067  -0.04850032]
 [ 0.03389123  0.0611354   0.03855205  0.9999999  -0.02735892  0.00430138]
 [ 0.00319664 -0.02792301  0.0223067  -0.02735892  1.         -0.02353397]
 [-0.06673969 -0.04335608 -0.04850032  0.00430138 -0.02353397  1.0000004 ]]
[2025-11-13 20:29:26,991][src.models.modules.semantic_id.tiger_generation_model][INFO] - [rank: 0] 当前batch的输入Item Hierarchy Embedding相似度矩阵:
[[ 1.0000000e+00  1.7736849e-03 -1.0436016e-02  1.6189018e-02
   6.1887470e-03 -2.2374641e-02]
 [ 1.7736849e-03  1.0000000e+00  1.1818793e-02 -3.3151594e-04
  -1.3577081e-02 -7.0195273e-03]
 [-1.0436016e-02  1.1818793e-02  1.0000000e+00  1.0721394e-02
  -4.1327220e-03  4.0614312e-03]
 [ 1.6189018e-02 -3.3151594e-04  1.0721394e-02  1.0000000e+00
  -2.1240603e-02  6.3271299e-03]
 [ 6.1887470e-03 -1.3577081e-02 -4.1327220e-03 -2.1240603e-02
   1.0000000e+00  4.6731620e-03]
 [-2.2374641e-02 -7.0195273e-03  4.0614312e-03  6.3271299e-03
   4.6731620e-03  1.0000004e+00]]
[2025-11-13 20:29:27,702][src.models.modules.semantic_id.tiger_generation_model][WARNING] - [rank: 0] Failed to stack cross attentions: stack expects each tensor to be equal size, but got [32, 6, 140] at entry 0 and [32, 6, 2, 140] at entry 1
[2025-11-13 20:29:27,703][src.models.modules.semantic_id.tiger_generation_model][WARNING] - [rank: 0]   Hierarchy 0 shape: torch.Size([32, 6, 140])
[2025-11-13 20:29:27,703][src.models.modules.semantic_id.tiger_generation_model][WARNING] - [rank: 0]   Hierarchy 1 shape: torch.Size([32, 6, 2, 140])
[2025-11-13 20:29:27,703][src.models.modules.semantic_id.tiger_generation_model][WARNING] - [rank: 0]   Hierarchy 2 shape: torch.Size([32, 6, 140])
[2025-11-13 20:29:27,703][src.models.modules.semantic_id.tiger_generation_model][WARNING] - [rank: 0]   Hierarchy 3 shape: torch.Size([32, 6, 140])
[2025-11-13 20:29:27,703][src.models.modules.semantic_id.tiger_generation_model][WARNING] - [rank: 0]   Hierarchy 4 shape: torch.Size([32, 6, 140])
[2025-11-13 20:29:27,704][src.models.modules.semantic_id.tiger_generation_model][WARNING] - [rank: 0]   Hierarchy 5 shape: torch.Size([32, 6, 140])
[2025-11-13 20:29:27,941][src.models.modules.semantic_id.tiger_generation_model][INFO] - [rank: 0] Saved decoder self-attention to ./attention_weights/decoder_self_attention_batch_15.pt
[2025-11-13 20:29:27,942][src.models.modules.semantic_id.tiger_generation_model][INFO] - [rank: 0] Saved encoder attention to ./attention_weights/encoder_attention_batch_15.pt
[2025-11-13 20:29:27,942][src.models.modules.semantic_id.tiger_generation_model][INFO] - [rank: 0] Saved cross attention to ./attention_weights/cross_attention_batch_15.pt
[2025-11-13 20:29:27,950][src.models.modules.semantic_id.tiger_generation_model][INFO] - [rank: 0] 当前batch的生成语义ID Embedding相似度矩阵:
[[ 1.         -0.0013066   0.00125967  0.01492981  0.00342494  0.0144578 ]
 [-0.0013066   0.99999994 -0.02821297  0.03130446 -0.0637089  -0.06509645]
 [ 0.00125967 -0.02821297  1.         -0.01858675 -0.03267314  0.02429307]
 [ 0.01492981  0.03130446 -0.01858675  1.         -0.06079029 -0.01018834]
 [ 0.00342494 -0.0637089  -0.03267314 -0.06079029  1.          0.04988301]
 [ 0.0144578  -0.06509645  0.02429307 -0.01018834  0.04988301  1.0000004 ]]
[2025-11-13 20:29:29,266][src.models.modules.semantic_id.tiger_generation_model][INFO] - [rank: 0] 当前batch的输入Item Hierarchy Embedding相似度矩阵:
[[ 1.00000000e+00 -8.07448942e-03 -7.11818167e-04  1.41093312e-02
  -3.36871273e-03  1.96885727e-02]
 [-8.07448942e-03  1.00000000e+00  8.79422761e-03 -4.09078831e-03
  -7.41152419e-03 -6.76595606e-03]
 [-7.11818167e-04  8.79422761e-03  1.00000000e+00  3.52588296e-03
  -1.52796251e-03  1.52329635e-02]
 [ 1.41093312e-02 -4.09078831e-03  3.52588296e-03  1.00000000e+00
  -6.32174918e-03 -6.91723777e-03]
 [-3.36871273e-03 -7.41152419e-03 -1.52796251e-03 -6.32174918e-03
   1.00000000e+00  2.62937811e-03]
 [ 1.96885727e-02 -6.76595606e-03  1.52329635e-02 -6.91723777e-03
   2.62937811e-03  1.00000036e+00]]
[2025-11-13 20:29:30,427][src.models.modules.semantic_id.tiger_generation_model][WARNING] - [rank: 0] Failed to stack cross attentions: stack expects each tensor to be equal size, but got [32, 6, 140] at entry 0 and [32, 6, 2, 140] at entry 1
[2025-11-13 20:29:30,428][src.models.modules.semantic_id.tiger_generation_model][WARNING] - [rank: 0]   Hierarchy 0 shape: torch.Size([32, 6, 140])
[2025-11-13 20:29:30,428][src.models.modules.semantic_id.tiger_generation_model][WARNING] - [rank: 0]   Hierarchy 1 shape: torch.Size([32, 6, 2, 140])
[2025-11-13 20:29:30,428][src.models.modules.semantic_id.tiger_generation_model][WARNING] - [rank: 0]   Hierarchy 2 shape: torch.Size([32, 6, 140])
[2025-11-13 20:29:30,429][src.models.modules.semantic_id.tiger_generation_model][WARNING] - [rank: 0]   Hierarchy 3 shape: torch.Size([32, 6, 140])
[2025-11-13 20:29:30,429][src.models.modules.semantic_id.tiger_generation_model][WARNING] - [rank: 0]   Hierarchy 4 shape: torch.Size([32, 6, 140])
[2025-11-13 20:29:30,429][src.models.modules.semantic_id.tiger_generation_model][WARNING] - [rank: 0]   Hierarchy 5 shape: torch.Size([32, 6, 140])
[2025-11-13 20:29:30,714][src.models.modules.semantic_id.tiger_generation_model][INFO] - [rank: 0] Saved decoder self-attention to ./attention_weights/decoder_self_attention_batch_16.pt
[2025-11-13 20:29:30,715][src.models.modules.semantic_id.tiger_generation_model][INFO] - [rank: 0] Saved encoder attention to ./attention_weights/encoder_attention_batch_16.pt
[2025-11-13 20:29:30,715][src.models.modules.semantic_id.tiger_generation_model][INFO] - [rank: 0] Saved cross attention to ./attention_weights/cross_attention_batch_16.pt
[2025-11-13 20:29:30,723][src.models.modules.semantic_id.tiger_generation_model][INFO] - [rank: 0] 当前batch的生成语义ID Embedding相似度矩阵:
[[ 1.         -0.02996527  0.03707917 -0.01148171  0.03582095  0.04205542]
 [-0.02996527  1.         -0.00642954  0.01178115 -0.06555533 -0.03449432]
 [ 0.03707917 -0.00642954  1.         -0.02498077  0.00109434  0.01870441]
 [-0.01148171  0.01178115 -0.02498077  1.         -0.03943117 -0.02439641]
 [ 0.03582095 -0.06555533  0.00109434 -0.03943117  1.          0.03023545]
 [ 0.04205542 -0.03449432  0.01870441 -0.02439641  0.03023545  1.0000004 ]]
[2025-11-13 20:29:31,945][src.models.modules.semantic_id.tiger_generation_model][INFO] - [rank: 0] 当前batch的输入Item Hierarchy Embedding相似度矩阵:
[[ 1.00000000e+00 -1.95997730e-02  2.69483123e-03  1.71873178e-02
  -4.57682041e-03  3.31922248e-02]
 [-1.95997730e-02  1.00000000e+00  1.24741849e-02 -5.08997648e-04
  -1.00319395e-02 -9.57337394e-03]
 [ 2.69483123e-03  1.24741849e-02  1.00000000e+00 -1.93345139e-03
  -4.39508306e-03  1.33694056e-02]
 [ 1.71873178e-02 -5.08997648e-04 -1.93345139e-03  1.00000000e+00
  -1.50552215e-02 -1.25805046e-02]
 [-4.57682041e-03 -1.00319395e-02 -4.39508306e-03 -1.50552215e-02
   1.00000000e+00  8.35789740e-03]
 [ 3.31922248e-02 -9.57337394e-03  1.33694056e-02 -1.25805046e-02
   8.35789740e-03  1.00000036e+00]]
[2025-11-13 20:29:32,762][src.models.modules.semantic_id.tiger_generation_model][WARNING] - [rank: 0] Failed to stack cross attentions: stack expects each tensor to be equal size, but got [32, 6, 140] at entry 0 and [32, 6, 2, 140] at entry 1
[2025-11-13 20:29:32,763][src.models.modules.semantic_id.tiger_generation_model][WARNING] - [rank: 0]   Hierarchy 0 shape: torch.Size([32, 6, 140])
[2025-11-13 20:29:32,763][src.models.modules.semantic_id.tiger_generation_model][WARNING] - [rank: 0]   Hierarchy 1 shape: torch.Size([32, 6, 2, 140])
[2025-11-13 20:29:32,763][src.models.modules.semantic_id.tiger_generation_model][WARNING] - [rank: 0]   Hierarchy 2 shape: torch.Size([32, 6, 140])
[2025-11-13 20:29:32,763][src.models.modules.semantic_id.tiger_generation_model][WARNING] - [rank: 0]   Hierarchy 3 shape: torch.Size([32, 6, 140])
[2025-11-13 20:29:32,763][src.models.modules.semantic_id.tiger_generation_model][WARNING] - [rank: 0]   Hierarchy 4 shape: torch.Size([32, 6, 140])
[2025-11-13 20:29:32,764][src.models.modules.semantic_id.tiger_generation_model][WARNING] - [rank: 0]   Hierarchy 5 shape: torch.Size([32, 6, 140])
[2025-11-13 20:29:32,996][src.models.modules.semantic_id.tiger_generation_model][INFO] - [rank: 0] Saved decoder self-attention to ./attention_weights/decoder_self_attention_batch_17.pt
[2025-11-13 20:29:32,996][src.models.modules.semantic_id.tiger_generation_model][INFO] - [rank: 0] Saved encoder attention to ./attention_weights/encoder_attention_batch_17.pt
[2025-11-13 20:29:32,996][src.models.modules.semantic_id.tiger_generation_model][INFO] - [rank: 0] Saved cross attention to ./attention_weights/cross_attention_batch_17.pt
[2025-11-13 20:29:33,003][src.models.modules.semantic_id.tiger_generation_model][INFO] - [rank: 0] 当前batch的生成语义ID Embedding相似度矩阵:
[[ 1.0000000e+00 -1.6050737e-02 -2.3869798e-06 -1.5249271e-02
  -2.1550082e-02 -1.5233997e-02]
 [-1.6050737e-02  1.0000000e+00 -1.4395630e-02  2.3908917e-02
  -4.3828644e-02  2.4702726e-04]
 [-2.3869798e-06 -1.4395630e-02  1.0000000e+00  1.1217136e-02
   8.8306731e-03 -3.5277437e-02]
 [-1.5249271e-02  2.3908917e-02  1.1217136e-02  9.9999994e-01
  -3.0458195e-03  1.7399792e-02]
 [-2.1550082e-02 -4.3828644e-02  8.8306731e-03 -3.0458195e-03
   1.0000000e+00  3.7683949e-02]
 [-1.5233997e-02  2.4702726e-04 -3.5277437e-02  1.7399792e-02
   3.7683949e-02  1.0000004e+00]]
[2025-11-13 20:29:34,124][src.models.modules.semantic_id.tiger_generation_model][INFO] - [rank: 0] 当前batch的输入Item Hierarchy Embedding相似度矩阵:
[[ 9.9999994e-01  6.1565856e-03 -7.6178595e-04 -9.8009808e-03
  -9.5721306e-03  2.8417637e-03]
 [ 6.1565856e-03  9.9999994e-01  4.4172625e-03  7.8661051e-03
  -1.4533815e-02 -3.2422997e-02]
 [-7.6178595e-04  4.4172625e-03  9.9999994e-01  1.0021197e-02
  -5.1362747e-03 -4.9235709e-03]
 [-9.8009808e-03  7.8661051e-03  1.0021197e-02  9.9999994e-01
  -1.5776254e-03  3.0709316e-03]
 [-9.5721306e-03 -1.4533815e-02 -5.1362747e-03 -1.5776254e-03
   9.9999994e-01  1.1847662e-02]
 [ 2.8417637e-03 -3.2422997e-02 -4.9235709e-03  3.0709316e-03
   1.1847662e-02  1.0000004e+00]]
[2025-11-13 20:29:34,942][src.models.modules.semantic_id.tiger_generation_model][WARNING] - [rank: 0] Failed to stack cross attentions: stack expects each tensor to be equal size, but got [32, 6, 140] at entry 0 and [32, 6, 2, 140] at entry 1
[2025-11-13 20:29:34,943][src.models.modules.semantic_id.tiger_generation_model][WARNING] - [rank: 0]   Hierarchy 0 shape: torch.Size([32, 6, 140])
[2025-11-13 20:29:34,943][src.models.modules.semantic_id.tiger_generation_model][WARNING] - [rank: 0]   Hierarchy 1 shape: torch.Size([32, 6, 2, 140])
[2025-11-13 20:29:34,944][src.models.modules.semantic_id.tiger_generation_model][WARNING] - [rank: 0]   Hierarchy 2 shape: torch.Size([32, 6, 140])
[2025-11-13 20:29:34,944][src.models.modules.semantic_id.tiger_generation_model][WARNING] - [rank: 0]   Hierarchy 3 shape: torch.Size([32, 6, 140])
[2025-11-13 20:29:34,944][src.models.modules.semantic_id.tiger_generation_model][WARNING] - [rank: 0]   Hierarchy 4 shape: torch.Size([32, 6, 140])
[2025-11-13 20:29:34,944][src.models.modules.semantic_id.tiger_generation_model][WARNING] - [rank: 0]   Hierarchy 5 shape: torch.Size([32, 6, 140])
[2025-11-13 20:29:35,245][src.models.modules.semantic_id.tiger_generation_model][INFO] - [rank: 0] Saved decoder self-attention to ./attention_weights/decoder_self_attention_batch_18.pt
[2025-11-13 20:29:35,245][src.models.modules.semantic_id.tiger_generation_model][INFO] - [rank: 0] Saved encoder attention to ./attention_weights/encoder_attention_batch_18.pt
[2025-11-13 20:29:35,245][src.models.modules.semantic_id.tiger_generation_model][INFO] - [rank: 0] Saved cross attention to ./attention_weights/cross_attention_batch_18.pt
[2025-11-13 20:29:35,253][src.models.modules.semantic_id.tiger_generation_model][INFO] - [rank: 0] 当前batch的生成语义ID Embedding相似度矩阵:
[[ 1.0000000e+00  1.3334276e-02 -1.2697203e-02 -1.1737821e-02
   2.7206147e-02  1.9842938e-02]
 [ 1.3334276e-02  1.0000000e+00  2.8219251e-03 -4.5976978e-02
  -9.7257085e-03 -1.2289799e-02]
 [-1.2697203e-02  2.8219251e-03  9.9999988e-01 -7.6979119e-04
  -1.8267058e-02  1.9752363e-02]
 [-1.1737821e-02 -4.5976978e-02 -7.6979119e-04  9.9999988e-01
  -9.3237003e-03 -1.8099360e-02]
 [ 2.7206147e-02 -9.7257085e-03 -1.8267058e-02 -9.3237003e-03
   1.0000000e+00  2.1998694e-02]
 [ 1.9842938e-02 -1.2289799e-02  1.9752363e-02 -1.8099360e-02
   2.1998694e-02  1.0000004e+00]]
[2025-11-13 20:29:36,942][src.models.modules.semantic_id.tiger_generation_model][INFO] - [rank: 0] 当前batch的输入Item Hierarchy Embedding相似度矩阵:
[[ 1.0000000e+00 -2.6890740e-03  6.4678127e-03 -3.3478427e-03
   4.0208432e-03  6.3910880e-03]
 [-2.6890740e-03  1.0000000e+00  1.1293370e-03  3.4280268e-03
  -7.9922451e-05 -6.7186276e-03]
 [ 6.4678127e-03  1.1293370e-03  1.0000000e+00  1.0898819e-02
   3.9790231e-03  2.3870920e-03]
 [-3.3478427e-03  3.4280268e-03  1.0898819e-02  1.0000000e+00
  -1.7653750e-02 -2.7800787e-03]
 [ 4.0208432e-03 -7.9922451e-05  3.9790231e-03 -1.7653750e-02
   1.0000000e+00  1.1608225e-02]
 [ 6.3910880e-03 -6.7186276e-03  2.3870920e-03 -2.7800787e-03
   1.1608225e-02  1.0000004e+00]]
[2025-11-13 20:29:37,516][src.models.modules.semantic_id.tiger_generation_model][WARNING] - [rank: 0] Failed to stack cross attentions: stack expects each tensor to be equal size, but got [32, 6, 140] at entry 0 and [32, 6, 2, 140] at entry 1
[2025-11-13 20:29:37,516][src.models.modules.semantic_id.tiger_generation_model][WARNING] - [rank: 0]   Hierarchy 0 shape: torch.Size([32, 6, 140])
[2025-11-13 20:29:37,517][src.models.modules.semantic_id.tiger_generation_model][WARNING] - [rank: 0]   Hierarchy 1 shape: torch.Size([32, 6, 2, 140])
[2025-11-13 20:29:37,517][src.models.modules.semantic_id.tiger_generation_model][WARNING] - [rank: 0]   Hierarchy 2 shape: torch.Size([32, 6, 140])
[2025-11-13 20:29:37,517][src.models.modules.semantic_id.tiger_generation_model][WARNING] - [rank: 0]   Hierarchy 3 shape: torch.Size([32, 6, 140])
[2025-11-13 20:29:37,517][src.models.modules.semantic_id.tiger_generation_model][WARNING] - [rank: 0]   Hierarchy 4 shape: torch.Size([32, 6, 140])
[2025-11-13 20:29:37,517][src.models.modules.semantic_id.tiger_generation_model][WARNING] - [rank: 0]   Hierarchy 5 shape: torch.Size([32, 6, 140])
[2025-11-13 20:29:37,743][src.models.modules.semantic_id.tiger_generation_model][INFO] - [rank: 0] Saved decoder self-attention to ./attention_weights/decoder_self_attention_batch_19.pt
[2025-11-13 20:29:37,743][src.models.modules.semantic_id.tiger_generation_model][INFO] - [rank: 0] Saved encoder attention to ./attention_weights/encoder_attention_batch_19.pt
[2025-11-13 20:29:37,743][src.models.modules.semantic_id.tiger_generation_model][INFO] - [rank: 0] Saved cross attention to ./attention_weights/cross_attention_batch_19.pt
[2025-11-13 20:29:37,750][src.models.modules.semantic_id.tiger_generation_model][INFO] - [rank: 0] 当前batch的生成语义ID Embedding相似度矩阵:
[[ 1.00000000e+00 -1.84133556e-02  4.44812281e-03  1.35204308e-02
   3.11973505e-03  1.42620578e-02]
 [-1.84133556e-02  1.00000000e+00  3.03720124e-04  1.27479816e-02
  -3.21844183e-02 -3.34859155e-02]
 [ 4.44812281e-03  3.03720124e-04  1.00000000e+00  1.74030941e-03
   3.27379536e-03  4.26438153e-02]
 [ 1.35204308e-02  1.27479816e-02  1.74030941e-03  1.00000000e+00
  -1.84821934e-02  1.57911307e-03]
 [ 3.11973505e-03 -3.21844183e-02  3.27379536e-03 -1.84821934e-02
   1.00000000e+00  1.42865535e-02]
 [ 1.42620578e-02 -3.34859155e-02  4.26438153e-02  1.57911307e-03
   1.42865535e-02  1.00000036e+00]]
[2025-11-13 20:29:38,792][src.models.modules.semantic_id.tiger_generation_model][INFO] - [rank: 0] 当前batch的输入Item Hierarchy Embedding相似度矩阵:
[[ 9.9999988e-01 -9.5634004e-03 -4.5549502e-03  1.1122605e-02
  -2.3802847e-04  8.3306869e-03]
 [-9.5634004e-03  1.0000000e+00  8.1969183e-03  7.5722521e-04
  -1.2327326e-02 -1.7619308e-02]
 [-4.5549502e-03  8.1969183e-03  1.0000000e+00 -1.0856815e-03
  -5.8969813e-03  8.5648075e-03]
 [ 1.1122605e-02  7.5722521e-04 -1.0856815e-03  1.0000000e+00
  -1.1809072e-02  1.0958181e-03]
 [-2.3802847e-04 -1.2327326e-02 -5.8969813e-03 -1.1809072e-02
   1.0000000e+00  1.7456856e-03]
 [ 8.3306869e-03 -1.7619308e-02  8.5648075e-03  1.0958181e-03
   1.7456856e-03  1.0000004e+00]]
[2025-11-13 20:29:39,314][src.models.modules.semantic_id.tiger_generation_model][WARNING] - [rank: 0] Failed to stack cross attentions: stack expects each tensor to be equal size, but got [32, 6, 140] at entry 0 and [32, 6, 2, 140] at entry 1
[2025-11-13 20:29:39,315][src.models.modules.semantic_id.tiger_generation_model][WARNING] - [rank: 0]   Hierarchy 0 shape: torch.Size([32, 6, 140])
[2025-11-13 20:29:39,315][src.models.modules.semantic_id.tiger_generation_model][WARNING] - [rank: 0]   Hierarchy 1 shape: torch.Size([32, 6, 2, 140])
[2025-11-13 20:29:39,315][src.models.modules.semantic_id.tiger_generation_model][WARNING] - [rank: 0]   Hierarchy 2 shape: torch.Size([32, 6, 140])
[2025-11-13 20:29:39,315][src.models.modules.semantic_id.tiger_generation_model][WARNING] - [rank: 0]   Hierarchy 3 shape: torch.Size([32, 6, 140])
[2025-11-13 20:29:39,316][src.models.modules.semantic_id.tiger_generation_model][WARNING] - [rank: 0]   Hierarchy 4 shape: torch.Size([32, 6, 140])
[2025-11-13 20:29:39,316][src.models.modules.semantic_id.tiger_generation_model][WARNING] - [rank: 0]   Hierarchy 5 shape: torch.Size([32, 6, 140])
[2025-11-13 20:29:39,488][src.models.modules.semantic_id.tiger_generation_model][INFO] - [rank: 0] Saved decoder self-attention to ./attention_weights/decoder_self_attention_batch_20.pt
[2025-11-13 20:29:39,488][src.models.modules.semantic_id.tiger_generation_model][INFO] - [rank: 0] Saved encoder attention to ./attention_weights/encoder_attention_batch_20.pt
[2025-11-13 20:29:39,488][src.models.modules.semantic_id.tiger_generation_model][INFO] - [rank: 0] Saved cross attention to ./attention_weights/cross_attention_batch_20.pt
[2025-11-13 20:29:39,496][src.models.modules.semantic_id.tiger_generation_model][INFO] - [rank: 0] 当前batch的生成语义ID Embedding相似度矩阵:
[[ 9.9999988e-01 -3.4512021e-04  2.5060672e-02 -2.4126604e-02
   2.5888376e-02 -1.2817362e-02]
 [-3.4512021e-04  1.0000000e+00 -5.7741851e-03 -1.8857915e-02
  -1.0762599e-02  1.1055459e-02]
 [ 2.5060672e-02 -5.7741851e-03  1.0000000e+00  3.1217847e-02
  -1.4544621e-03  9.6877422e-03]
 [-2.4126604e-02 -1.8857915e-02  3.1217847e-02  1.0000000e+00
   9.1239968e-03 -3.7853583e-03]
 [ 2.5888376e-02 -1.0762599e-02 -1.4544621e-03  9.1239968e-03
   1.0000000e+00  4.1475877e-02]
 [-1.2817362e-02  1.1055459e-02  9.6877422e-03 -3.7853583e-03
   4.1475877e-02  1.0000004e+00]]
[2025-11-13 20:29:40,520][src.models.modules.semantic_id.tiger_generation_model][INFO] - [rank: 0] 当前batch的输入Item Hierarchy Embedding相似度矩阵:
[[ 1.0000000e+00  1.0626029e-03  4.4392878e-03  5.8280502e-04
  -8.9309569e-03 -1.4838978e-03]
 [ 1.0626029e-03  1.0000000e+00 -2.1740182e-03  5.6602163e-03
   1.0577835e-02 -1.5851760e-02]
 [ 4.4392878e-03 -2.1740182e-03  1.0000000e+00  1.5599367e-02
  -2.1608034e-02 -2.0806575e-02]
 [ 5.8280502e-04  5.6602163e-03  1.5599367e-02  1.0000000e+00
  -1.3989726e-02  8.4182974e-03]
 [-8.9309569e-03  1.0577835e-02 -2.1608034e-02 -1.3989726e-02
   1.0000000e+00  1.3759229e-02]
 [-1.4838978e-03 -1.5851760e-02 -2.0806575e-02  8.4182974e-03
   1.3759229e-02  1.0000005e+00]]
[2025-11-13 20:29:41,045][src.models.modules.semantic_id.tiger_generation_model][WARNING] - [rank: 0] Failed to stack cross attentions: stack expects each tensor to be equal size, but got [32, 6, 140] at entry 0 and [32, 6, 2, 140] at entry 1
[2025-11-13 20:29:41,045][src.models.modules.semantic_id.tiger_generation_model][WARNING] - [rank: 0]   Hierarchy 0 shape: torch.Size([32, 6, 140])
[2025-11-13 20:29:41,045][src.models.modules.semantic_id.tiger_generation_model][WARNING] - [rank: 0]   Hierarchy 1 shape: torch.Size([32, 6, 2, 140])
[2025-11-13 20:29:41,046][src.models.modules.semantic_id.tiger_generation_model][WARNING] - [rank: 0]   Hierarchy 2 shape: torch.Size([32, 6, 140])
[2025-11-13 20:29:41,046][src.models.modules.semantic_id.tiger_generation_model][WARNING] - [rank: 0]   Hierarchy 3 shape: torch.Size([32, 6, 140])
[2025-11-13 20:29:41,046][src.models.modules.semantic_id.tiger_generation_model][WARNING] - [rank: 0]   Hierarchy 4 shape: torch.Size([32, 6, 140])
[2025-11-13 20:29:41,046][src.models.modules.semantic_id.tiger_generation_model][WARNING] - [rank: 0]   Hierarchy 5 shape: torch.Size([32, 6, 140])
[2025-11-13 20:29:41,211][src.models.modules.semantic_id.tiger_generation_model][INFO] - [rank: 0] Saved decoder self-attention to ./attention_weights/decoder_self_attention_batch_21.pt
[2025-11-13 20:29:41,211][src.models.modules.semantic_id.tiger_generation_model][INFO] - [rank: 0] Saved encoder attention to ./attention_weights/encoder_attention_batch_21.pt
[2025-11-13 20:29:41,212][src.models.modules.semantic_id.tiger_generation_model][INFO] - [rank: 0] Saved cross attention to ./attention_weights/cross_attention_batch_21.pt
[2025-11-13 20:29:41,217][src.models.modules.semantic_id.tiger_generation_model][INFO] - [rank: 0] 当前batch的生成语义ID Embedding相似度矩阵:
[[ 1.0000000e+00  1.8415796e-02  1.3298664e-02 -1.9999854e-02
   3.4638323e-02 -1.5736448e-02]
 [ 1.8415796e-02  1.0000000e+00 -2.0055858e-02 -7.5111473e-03
  -1.8061727e-02  7.6693962e-03]
 [ 1.3298664e-02 -2.0055858e-02  1.0000000e+00 -1.6031759e-02
   9.9083874e-05 -1.2848173e-02]
 [-1.9999854e-02 -7.5111473e-03 -1.6031759e-02  1.0000000e+00
   2.3344293e-02  3.7051667e-02]
 [ 3.4638323e-02 -1.8061727e-02  9.9083874e-05  2.3344293e-02
   1.0000001e+00  2.3209758e-02]
 [-1.5736448e-02  7.6693962e-03 -1.2848173e-02  3.7051667e-02
   2.3209758e-02  1.0000004e+00]]
[2025-11-13 20:29:42,005][src.models.modules.semantic_id.tiger_generation_model][INFO] - [rank: 0] 当前batch的输入Item Hierarchy Embedding相似度矩阵:
[[ 1.0000000e+00 -1.5998092e-02  5.9151142e-03 -1.6219466e-03
   7.0997118e-03 -3.4330091e-03]
 [-1.5998092e-02  1.0000000e+00 -8.2681578e-04 -1.7683950e-03
   4.1274321e-03 -2.4975978e-02]
 [ 5.9151142e-03 -8.2681578e-04  1.0000000e+00  7.6313997e-03
  -3.3072452e-03 -5.2549723e-03]
 [-1.6219466e-03 -1.7683950e-03  7.6313997e-03  1.0000000e+00
  -1.6139856e-02  1.8934637e-02]
 [ 7.0997118e-03  4.1274321e-03 -3.3072452e-03 -1.6139856e-02
   1.0000000e+00  6.7229341e-03]
 [-3.4330091e-03 -2.4975978e-02 -5.2549723e-03  1.8934637e-02
   6.7229341e-03  1.0000005e+00]]
[2025-11-13 20:29:42,561][src.models.modules.semantic_id.tiger_generation_model][WARNING] - [rank: 0] Failed to stack cross attentions: stack expects each tensor to be equal size, but got [32, 6, 140] at entry 0 and [32, 6, 2, 140] at entry 1
[2025-11-13 20:29:42,561][src.models.modules.semantic_id.tiger_generation_model][WARNING] - [rank: 0]   Hierarchy 0 shape: torch.Size([32, 6, 140])
[2025-11-13 20:29:42,561][src.models.modules.semantic_id.tiger_generation_model][WARNING] - [rank: 0]   Hierarchy 1 shape: torch.Size([32, 6, 2, 140])
[2025-11-13 20:29:42,561][src.models.modules.semantic_id.tiger_generation_model][WARNING] - [rank: 0]   Hierarchy 2 shape: torch.Size([32, 6, 140])
[2025-11-13 20:29:42,562][src.models.modules.semantic_id.tiger_generation_model][WARNING] - [rank: 0]   Hierarchy 3 shape: torch.Size([32, 6, 140])
[2025-11-13 20:29:42,562][src.models.modules.semantic_id.tiger_generation_model][WARNING] - [rank: 0]   Hierarchy 4 shape: torch.Size([32, 6, 140])
[2025-11-13 20:29:42,562][src.models.modules.semantic_id.tiger_generation_model][WARNING] - [rank: 0]   Hierarchy 5 shape: torch.Size([32, 6, 140])
[2025-11-13 20:29:42,843][src.models.modules.semantic_id.tiger_generation_model][INFO] - [rank: 0] Saved decoder self-attention to ./attention_weights/decoder_self_attention_batch_22.pt
[2025-11-13 20:29:42,843][src.models.modules.semantic_id.tiger_generation_model][INFO] - [rank: 0] Saved encoder attention to ./attention_weights/encoder_attention_batch_22.pt
[2025-11-13 20:29:42,843][src.models.modules.semantic_id.tiger_generation_model][INFO] - [rank: 0] Saved cross attention to ./attention_weights/cross_attention_batch_22.pt
[2025-11-13 20:29:42,850][src.models.modules.semantic_id.tiger_generation_model][INFO] - [rank: 0] 当前batch的生成语义ID Embedding相似度矩阵:
[[ 1.         -0.03026825  0.01056802  0.01941852 -0.0159342  -0.07207391]
 [-0.03026825  1.          0.0222116   0.02703415 -0.00717832  0.00200353]
 [ 0.01056802  0.0222116   1.          0.02111672 -0.01174847 -0.06789262]
 [ 0.01941852  0.02703415  0.02111672  1.         -0.02517351 -0.01084431]
 [-0.0159342  -0.00717832 -0.01174847 -0.02517351  1.         -0.01686385]
 [-0.07207391  0.00200353 -0.06789262 -0.01084431 -0.01686385  1.0000004 ]]
[2025-11-13 20:29:45,401][src.models.modules.semantic_id.tiger_generation_model][INFO] - [rank: 0] 当前batch的输入Item Hierarchy Embedding相似度矩阵:
[[ 0.99999994 -0.01024795 -0.00110015  0.01074936  0.01544726  0.00476916]
 [-0.01024795  0.99999994  0.0026642   0.01207831 -0.00397004 -0.01123025]
 [-0.00110015  0.0026642   0.99999994  0.00646682  0.00581421  0.00719744]
 [ 0.01074936  0.01207831  0.00646682  0.99999994 -0.01631095  0.007468  ]
 [ 0.01544726 -0.00397004  0.00581421 -0.01631095  0.99999994  0.00223934]
 [ 0.00476916 -0.01123025  0.00719744  0.007468    0.00223934  1.0000004 ]]
[2025-11-13 20:29:46,180][src.models.modules.semantic_id.tiger_generation_model][WARNING] - [rank: 0] Failed to stack cross attentions: stack expects each tensor to be equal size, but got [32, 6, 140] at entry 0 and [32, 6, 2, 140] at entry 1
[2025-11-13 20:29:46,180][src.models.modules.semantic_id.tiger_generation_model][WARNING] - [rank: 0]   Hierarchy 0 shape: torch.Size([32, 6, 140])
[2025-11-13 20:29:46,180][src.models.modules.semantic_id.tiger_generation_model][WARNING] - [rank: 0]   Hierarchy 1 shape: torch.Size([32, 6, 2, 140])
[2025-11-13 20:29:46,181][src.models.modules.semantic_id.tiger_generation_model][WARNING] - [rank: 0]   Hierarchy 2 shape: torch.Size([32, 6, 140])
[2025-11-13 20:29:46,181][src.models.modules.semantic_id.tiger_generation_model][WARNING] - [rank: 0]   Hierarchy 3 shape: torch.Size([32, 6, 140])
[2025-11-13 20:29:46,181][src.models.modules.semantic_id.tiger_generation_model][WARNING] - [rank: 0]   Hierarchy 4 shape: torch.Size([32, 6, 140])
[2025-11-13 20:29:46,181][src.models.modules.semantic_id.tiger_generation_model][WARNING] - [rank: 0]   Hierarchy 5 shape: torch.Size([32, 6, 140])
[2025-11-13 20:29:46,439][src.models.modules.semantic_id.tiger_generation_model][INFO] - [rank: 0] Saved decoder self-attention to ./attention_weights/decoder_self_attention_batch_23.pt
[2025-11-13 20:29:46,439][src.models.modules.semantic_id.tiger_generation_model][INFO] - [rank: 0] Saved encoder attention to ./attention_weights/encoder_attention_batch_23.pt
[2025-11-13 20:29:46,439][src.models.modules.semantic_id.tiger_generation_model][INFO] - [rank: 0] Saved cross attention to ./attention_weights/cross_attention_batch_23.pt
[2025-11-13 20:29:46,447][src.models.modules.semantic_id.tiger_generation_model][INFO] - [rank: 0] 当前batch的生成语义ID Embedding相似度矩阵:
[[ 1.00000000e+00 -3.77771594e-02  1.91119481e-02  4.99674492e-03
   8.95128818e-04 -1.84609052e-02]
 [-3.77771594e-02  1.00000000e+00 -1.07751805e-02 -7.66407838e-03
  -6.51755789e-03  1.99345127e-02]
 [ 1.91119481e-02 -1.07751805e-02  1.00000000e+00  3.59355882e-02
  -1.22539159e-02 -3.58978659e-02]
 [ 4.99674492e-03 -7.66407838e-03  3.59355882e-02  1.00000000e+00
  -1.44321322e-02  1.47859566e-03]
 [ 8.95128818e-04 -6.51755789e-03 -1.22539159e-02 -1.44321322e-02
   1.00000000e+00  6.72178529e-03]
 [-1.84609052e-02  1.99345127e-02 -3.58978659e-02  1.47859566e-03
   6.72178529e-03  1.00000036e+00]]
[2025-11-13 20:29:47,824][src.models.modules.semantic_id.tiger_generation_model][INFO] - [rank: 0] 当前batch的输入Item Hierarchy Embedding相似度矩阵:
[[ 1.0000000e+00 -9.1437725e-03 -4.3933201e-03 -1.5341302e-03
   1.7050099e-04  4.8921322e-03]
 [-9.1437725e-03  1.0000000e+00  1.4986223e-04  3.1137592e-03
  -1.1084300e-02  1.9782525e-03]
 [-4.3933201e-03  1.4986223e-04  1.0000000e+00  8.6660311e-03
  -3.7643667e-03 -1.2754132e-02]
 [-1.5341302e-03  3.1137592e-03  8.6660311e-03  1.0000000e+00
  -7.1265944e-03  2.9123120e-03]
 [ 1.7050099e-04 -1.1084300e-02 -3.7643667e-03 -7.1265944e-03
   1.0000000e+00 -7.5259595e-05]
 [ 4.8921322e-03  1.9782525e-03 -1.2754132e-02  2.9123120e-03
  -7.5259595e-05  1.0000000e+00]]
[2025-11-13 20:29:48,498][src.models.modules.semantic_id.tiger_generation_model][WARNING] - [rank: 0] Failed to stack cross attentions: stack expects each tensor to be equal size, but got [32, 6, 140] at entry 0 and [32, 6, 2, 140] at entry 1
[2025-11-13 20:29:48,499][src.models.modules.semantic_id.tiger_generation_model][WARNING] - [rank: 0]   Hierarchy 0 shape: torch.Size([32, 6, 140])
[2025-11-13 20:29:48,499][src.models.modules.semantic_id.tiger_generation_model][WARNING] - [rank: 0]   Hierarchy 1 shape: torch.Size([32, 6, 2, 140])
[2025-11-13 20:29:48,499][src.models.modules.semantic_id.tiger_generation_model][WARNING] - [rank: 0]   Hierarchy 2 shape: torch.Size([32, 6, 140])
[2025-11-13 20:29:48,499][src.models.modules.semantic_id.tiger_generation_model][WARNING] - [rank: 0]   Hierarchy 3 shape: torch.Size([32, 6, 140])
[2025-11-13 20:29:48,499][src.models.modules.semantic_id.tiger_generation_model][WARNING] - [rank: 0]   Hierarchy 4 shape: torch.Size([32, 6, 140])
[2025-11-13 20:29:48,500][src.models.modules.semantic_id.tiger_generation_model][WARNING] - [rank: 0]   Hierarchy 5 shape: torch.Size([32, 6, 140])
[2025-11-13 20:29:48,912][src.models.modules.semantic_id.tiger_generation_model][INFO] - [rank: 0] Saved decoder self-attention to ./attention_weights/decoder_self_attention_batch_24.pt
[2025-11-13 20:29:48,913][src.models.modules.semantic_id.tiger_generation_model][INFO] - [rank: 0] Saved encoder attention to ./attention_weights/encoder_attention_batch_24.pt
[2025-11-13 20:29:48,913][src.models.modules.semantic_id.tiger_generation_model][INFO] - [rank: 0] Saved cross attention to ./attention_weights/cross_attention_batch_24.pt
[2025-11-13 20:29:48,919][src.models.modules.semantic_id.tiger_generation_model][INFO] - [rank: 0] 当前batch的生成语义ID Embedding相似度矩阵:
[[ 1.         -0.02188793 -0.00610117 -0.00116864  0.04562709  0.0278447 ]
 [-0.02188793  0.9999999   0.01663084 -0.00574047 -0.03403538 -0.02185597]
 [-0.00610117  0.01663084  1.         -0.0024641  -0.00511862  0.04409211]
 [-0.00116864 -0.00574047 -0.0024641   1.         -0.01745038 -0.02548925]
 [ 0.04562709 -0.03403538 -0.00511862 -0.01745038  1.          0.03527214]
 [ 0.0278447  -0.02185597  0.04409211 -0.02548925  0.03527214  1.0000004 ]]
[2025-11-13 20:29:50,201][src.models.modules.semantic_id.tiger_generation_model][INFO] - [rank: 0] 当前batch的输入Item Hierarchy Embedding相似度矩阵:
[[ 1.0000000e+00 -1.0721637e-02  2.2183660e-04  1.8088542e-02
   2.3429615e-03  3.2167360e-02]
 [-1.0721637e-02  1.0000000e+00  2.3567530e-03 -6.6300104e-03
  -1.5409859e-02 -1.5655089e-02]
 [ 2.2183660e-04  2.3567530e-03  1.0000000e+00 -1.4210115e-03
  -8.2007563e-03 -5.0527593e-03]
 [ 1.8088542e-02 -6.6300104e-03 -1.4210115e-03  1.0000000e+00
  -1.3576433e-02 -1.2724642e-02]
 [ 2.3429615e-03 -1.5409859e-02 -8.2007563e-03 -1.3576433e-02
   1.0000000e+00  2.8962181e-03]
 [ 3.2167360e-02 -1.5655089e-02 -5.0527593e-03 -1.2724642e-02
   2.8962181e-03  1.0000004e+00]]
[2025-11-13 20:29:50,804][src.models.modules.semantic_id.tiger_generation_model][WARNING] - [rank: 0] Failed to stack cross attentions: stack expects each tensor to be equal size, but got [32, 6, 140] at entry 0 and [32, 6, 2, 140] at entry 1
[2025-11-13 20:29:50,805][src.models.modules.semantic_id.tiger_generation_model][WARNING] - [rank: 0]   Hierarchy 0 shape: torch.Size([32, 6, 140])
[2025-11-13 20:29:50,805][src.models.modules.semantic_id.tiger_generation_model][WARNING] - [rank: 0]   Hierarchy 1 shape: torch.Size([32, 6, 2, 140])
[2025-11-13 20:29:50,805][src.models.modules.semantic_id.tiger_generation_model][WARNING] - [rank: 0]   Hierarchy 2 shape: torch.Size([32, 6, 140])
[2025-11-13 20:29:50,805][src.models.modules.semantic_id.tiger_generation_model][WARNING] - [rank: 0]   Hierarchy 3 shape: torch.Size([32, 6, 140])
[2025-11-13 20:29:50,806][src.models.modules.semantic_id.tiger_generation_model][WARNING] - [rank: 0]   Hierarchy 4 shape: torch.Size([32, 6, 140])
[2025-11-13 20:29:50,806][src.models.modules.semantic_id.tiger_generation_model][WARNING] - [rank: 0]   Hierarchy 5 shape: torch.Size([32, 6, 140])
[2025-11-13 20:29:51,270][src.models.modules.semantic_id.tiger_generation_model][INFO] - [rank: 0] Saved decoder self-attention to ./attention_weights/decoder_self_attention_batch_25.pt
[2025-11-13 20:29:51,271][src.models.modules.semantic_id.tiger_generation_model][INFO] - [rank: 0] Saved encoder attention to ./attention_weights/encoder_attention_batch_25.pt
[2025-11-13 20:29:51,271][src.models.modules.semantic_id.tiger_generation_model][INFO] - [rank: 0] Saved cross attention to ./attention_weights/cross_attention_batch_25.pt
[2025-11-13 20:29:51,277][src.models.modules.semantic_id.tiger_generation_model][INFO] - [rank: 0] 当前batch的生成语义ID Embedding相似度矩阵:
[[ 1.0000000e+00 -2.1584935e-02  5.3660501e-02 -5.3505071e-02
   3.2711716e-04  1.6137069e-02]
 [-2.1584935e-02  9.9999994e-01 -2.5861228e-02  3.6749266e-02
  -2.6619153e-02  3.3327084e-02]
 [ 5.3660501e-02 -2.5861228e-02  1.0000000e+00 -1.9475937e-02
   2.1729618e-03 -6.1479704e-03]
 [-5.3505071e-02  3.6749266e-02 -1.9475937e-02  1.0000000e+00
   1.6941406e-02  4.9086548e-02]
 [ 3.2711716e-04 -2.6619153e-02  2.1729618e-03  1.6941406e-02
   1.0000000e+00  3.3612832e-02]
 [ 1.6137069e-02  3.3327084e-02 -6.1479704e-03  4.9086548e-02
   3.3612832e-02  1.0000004e+00]]
[2025-11-13 20:29:52,650][src.models.modules.semantic_id.tiger_generation_model][INFO] - [rank: 0] 当前batch的输入Item Hierarchy Embedding相似度矩阵:
[[ 1.00000000e+00 -4.47635073e-03  1.29837478e-02 -2.66703451e-03
   6.69585192e-04  5.44005726e-03]
 [-4.47635073e-03  1.00000000e+00  4.50915162e-04 -1.74461666e-03
   6.50656829e-03 -1.38250487e-02]
 [ 1.29837478e-02  4.50915162e-04  1.00000000e+00  9.83121991e-03
  -3.57596925e-03 -5.99499093e-03]
 [-2.66703451e-03 -1.74461666e-03  9.83121991e-03  1.00000000e+00
  -1.11561725e-02  6.64052228e-03]
 [ 6.69585192e-04  6.50656829e-03 -3.57596925e-03 -1.11561725e-02
   1.00000000e+00  1.11878822e-02]
 [ 5.44005726e-03 -1.38250487e-02 -5.99499093e-03  6.64052228e-03
   1.11878822e-02  1.00000012e+00]]
[2025-11-13 20:29:53,271][src.models.modules.semantic_id.tiger_generation_model][WARNING] - [rank: 0] Failed to stack cross attentions: stack expects each tensor to be equal size, but got [32, 6, 140] at entry 0 and [32, 6, 2, 140] at entry 1
[2025-11-13 20:29:53,272][src.models.modules.semantic_id.tiger_generation_model][WARNING] - [rank: 0]   Hierarchy 0 shape: torch.Size([32, 6, 140])
[2025-11-13 20:29:53,272][src.models.modules.semantic_id.tiger_generation_model][WARNING] - [rank: 0]   Hierarchy 1 shape: torch.Size([32, 6, 2, 140])
[2025-11-13 20:29:53,272][src.models.modules.semantic_id.tiger_generation_model][WARNING] - [rank: 0]   Hierarchy 2 shape: torch.Size([32, 6, 140])
[2025-11-13 20:29:53,272][src.models.modules.semantic_id.tiger_generation_model][WARNING] - [rank: 0]   Hierarchy 3 shape: torch.Size([32, 6, 140])
[2025-11-13 20:29:53,272][src.models.modules.semantic_id.tiger_generation_model][WARNING] - [rank: 0]   Hierarchy 4 shape: torch.Size([32, 6, 140])
[2025-11-13 20:29:53,272][src.models.modules.semantic_id.tiger_generation_model][WARNING] - [rank: 0]   Hierarchy 5 shape: torch.Size([32, 6, 140])
[2025-11-13 20:29:53,807][src.models.modules.semantic_id.tiger_generation_model][INFO] - [rank: 0] Saved decoder self-attention to ./attention_weights/decoder_self_attention_batch_26.pt
[2025-11-13 20:29:53,808][src.models.modules.semantic_id.tiger_generation_model][INFO] - [rank: 0] Saved encoder attention to ./attention_weights/encoder_attention_batch_26.pt
[2025-11-13 20:29:53,808][src.models.modules.semantic_id.tiger_generation_model][INFO] - [rank: 0] Saved cross attention to ./attention_weights/cross_attention_batch_26.pt
[2025-11-13 20:29:53,813][src.models.modules.semantic_id.tiger_generation_model][INFO] - [rank: 0] 当前batch的生成语义ID Embedding相似度矩阵:
[[ 1.00000000e+00  6.38929941e-03 -2.74498463e-02 -1.50156915e-02
  -5.46229817e-03 -9.76232626e-03]
 [ 6.38929941e-03  1.00000000e+00  2.04468183e-02  2.63100136e-02
  -1.83877852e-02  8.24967306e-03]
 [-2.74498463e-02  2.04468183e-02  1.00000000e+00  2.21949583e-03
  -1.10326624e-02 -8.47211946e-03]
 [-1.50156915e-02  2.63100136e-02  2.21949583e-03  1.00000000e+00
   1.41839590e-03  1.73712615e-05]
 [-5.46229817e-03 -1.83877852e-02 -1.10326624e-02  1.41839590e-03
   1.00000000e+00  4.42734994e-02]
 [-9.76232626e-03  8.24967306e-03 -8.47211946e-03  1.73712615e-05
   4.42734994e-02  1.00000036e+00]]
[2025-11-13 20:29:55,132][src.models.modules.semantic_id.tiger_generation_model][INFO] - [rank: 0] 当前batch的输入Item Hierarchy Embedding相似度矩阵:
[[ 1.0000000e+00 -2.3971619e-03  1.3641074e-02 -8.3072232e-03
   6.0480664e-04 -6.6004205e-03]
 [-2.3971619e-03  1.0000000e+00  1.2524418e-02 -2.3270035e-03
  -2.3243574e-03 -9.2299832e-03]
 [ 1.3641074e-02  1.2524418e-02  1.0000000e+00  2.4248860e-03
   7.4933766e-04 -4.6156102e-04]
 [-8.3072232e-03 -2.3270035e-03  2.4248860e-03  1.0000000e+00
  -1.5582094e-02  1.5158180e-02]
 [ 6.0480664e-04 -2.3243574e-03  7.4933766e-04 -1.5582094e-02
   1.0000000e+00  6.7967083e-03]
 [-6.6004205e-03 -9.2299832e-03 -4.6156102e-04  1.5158180e-02
   6.7967083e-03  1.0000005e+00]]
[2025-11-13 20:29:55,807][src.models.modules.semantic_id.tiger_generation_model][WARNING] - [rank: 0] Failed to stack cross attentions: stack expects each tensor to be equal size, but got [32, 6, 140] at entry 0 and [32, 6, 2, 140] at entry 1
[2025-11-13 20:29:55,807][src.models.modules.semantic_id.tiger_generation_model][WARNING] - [rank: 0]   Hierarchy 0 shape: torch.Size([32, 6, 140])
[2025-11-13 20:29:55,808][src.models.modules.semantic_id.tiger_generation_model][WARNING] - [rank: 0]   Hierarchy 1 shape: torch.Size([32, 6, 2, 140])
[2025-11-13 20:29:55,808][src.models.modules.semantic_id.tiger_generation_model][WARNING] - [rank: 0]   Hierarchy 2 shape: torch.Size([32, 6, 140])
[2025-11-13 20:29:55,808][src.models.modules.semantic_id.tiger_generation_model][WARNING] - [rank: 0]   Hierarchy 3 shape: torch.Size([32, 6, 140])
[2025-11-13 20:29:55,808][src.models.modules.semantic_id.tiger_generation_model][WARNING] - [rank: 0]   Hierarchy 4 shape: torch.Size([32, 6, 140])
[2025-11-13 20:29:55,808][src.models.modules.semantic_id.tiger_generation_model][WARNING] - [rank: 0]   Hierarchy 5 shape: torch.Size([32, 6, 140])
[2025-11-13 20:29:56,332][src.models.modules.semantic_id.tiger_generation_model][INFO] - [rank: 0] Saved decoder self-attention to ./attention_weights/decoder_self_attention_batch_27.pt
[2025-11-13 20:29:56,332][src.models.modules.semantic_id.tiger_generation_model][INFO] - [rank: 0] Saved encoder attention to ./attention_weights/encoder_attention_batch_27.pt
[2025-11-13 20:29:56,332][src.models.modules.semantic_id.tiger_generation_model][INFO] - [rank: 0] Saved cross attention to ./attention_weights/cross_attention_batch_27.pt
[2025-11-13 20:29:56,339][src.models.modules.semantic_id.tiger_generation_model][INFO] - [rank: 0] 当前batch的生成语义ID Embedding相似度矩阵:
[[ 0.99999994  0.00444741  0.01239219  0.00740793  0.00739266 -0.00621473]
 [ 0.00444741  1.          0.01771384  0.00252271 -0.01273648 -0.01604187]
 [ 0.01239219  0.01771384  1.         -0.01891553 -0.00376969 -0.00551479]
 [ 0.00740793  0.00252271 -0.01891553  0.99999994 -0.01666642  0.00756892]
 [ 0.00739266 -0.01273648 -0.00376969 -0.01666642  1.          0.00847809]
 [-0.00621473 -0.01604187 -0.00551479  0.00756892  0.00847809  1.0000004 ]]
[2025-11-13 20:29:57,573][src.models.modules.semantic_id.tiger_generation_model][INFO] - [rank: 0] 当前batch的输入Item Hierarchy Embedding相似度矩阵:
[[ 1.          0.01283651  0.00680711 -0.00501205 -0.00403927 -0.00628139]
 [ 0.01283651  1.         -0.0092687   0.00712598  0.00604194 -0.00762217]
 [ 0.00680711 -0.0092687   1.         -0.00566344 -0.0167365  -0.0145892 ]
 [-0.00501205  0.00712598 -0.00566344  1.         -0.0094086   0.01065743]
 [-0.00403927  0.00604194 -0.0167365  -0.0094086   1.          0.01316527]
 [-0.00628139 -0.00762217 -0.0145892   0.01065743  0.01316527  1.0000001 ]]
[2025-11-13 20:29:58,410][src.models.modules.semantic_id.tiger_generation_model][WARNING] - [rank: 0] Failed to stack cross attentions: stack expects each tensor to be equal size, but got [32, 6, 140] at entry 0 and [32, 6, 2, 140] at entry 1
[2025-11-13 20:29:58,411][src.models.modules.semantic_id.tiger_generation_model][WARNING] - [rank: 0]   Hierarchy 0 shape: torch.Size([32, 6, 140])
[2025-11-13 20:29:58,411][src.models.modules.semantic_id.tiger_generation_model][WARNING] - [rank: 0]   Hierarchy 1 shape: torch.Size([32, 6, 2, 140])
[2025-11-13 20:29:58,411][src.models.modules.semantic_id.tiger_generation_model][WARNING] - [rank: 0]   Hierarchy 2 shape: torch.Size([32, 6, 140])
[2025-11-13 20:29:58,412][src.models.modules.semantic_id.tiger_generation_model][WARNING] - [rank: 0]   Hierarchy 3 shape: torch.Size([32, 6, 140])
[2025-11-13 20:29:58,412][src.models.modules.semantic_id.tiger_generation_model][WARNING] - [rank: 0]   Hierarchy 4 shape: torch.Size([32, 6, 140])
[2025-11-13 20:29:58,412][src.models.modules.semantic_id.tiger_generation_model][WARNING] - [rank: 0]   Hierarchy 5 shape: torch.Size([32, 6, 140])
[2025-11-13 20:29:59,150][src.models.modules.semantic_id.tiger_generation_model][INFO] - [rank: 0] Saved decoder self-attention to ./attention_weights/decoder_self_attention_batch_28.pt
[2025-11-13 20:29:59,150][src.models.modules.semantic_id.tiger_generation_model][INFO] - [rank: 0] Saved encoder attention to ./attention_weights/encoder_attention_batch_28.pt
[2025-11-13 20:29:59,151][src.models.modules.semantic_id.tiger_generation_model][INFO] - [rank: 0] Saved cross attention to ./attention_weights/cross_attention_batch_28.pt
[2025-11-13 20:29:59,158][src.models.modules.semantic_id.tiger_generation_model][INFO] - [rank: 0] 当前batch的生成语义ID Embedding相似度矩阵:
[[ 1.0000000e+00  1.2102113e-03  1.6879536e-02  3.7281718e-03
   1.7687706e-02 -4.7081474e-02]
 [ 1.2102113e-03  1.0000000e+00 -4.3288376e-02 -6.9233854e-03
  -4.4529596e-03  1.9310314e-02]
 [ 1.6879536e-02 -4.3288376e-02  9.9999994e-01 -2.0608706e-02
   5.6044897e-03  8.8728033e-05]
 [ 3.7281718e-03 -6.9233854e-03 -2.0608706e-02  1.0000000e+00
  -3.3781631e-05  1.0945378e-02]
 [ 1.7687706e-02 -4.4529596e-03  5.6044897e-03 -3.3781631e-05
   1.0000000e+00  2.2317545e-02]
 [-4.7081474e-02  1.9310314e-02  8.8728033e-05  1.0945378e-02
   2.2317545e-02  1.0000004e+00]]
[2025-11-13 20:30:00,577][src.models.modules.semantic_id.tiger_generation_model][INFO] - [rank: 0] 当前batch的输入Item Hierarchy Embedding相似度矩阵:
[[ 1.         -0.00657346  0.00316324  0.00234153  0.0104981   0.00720137]
 [-0.00657346  1.          0.0045839   0.00748221 -0.0056402  -0.01788658]
 [ 0.00316324  0.0045839   1.         -0.00217715 -0.00714715  0.00915452]
 [ 0.00234153  0.00748221 -0.00217715  1.         -0.00380542  0.00218415]
 [ 0.0104981  -0.0056402  -0.00714715 -0.00380542  1.          0.02202434]
 [ 0.00720137 -0.01788658  0.00915452  0.00218415  0.02202434  1.0000005 ]]
[2025-11-13 20:30:01,718][src.models.modules.semantic_id.tiger_generation_model][WARNING] - [rank: 0] Failed to stack cross attentions: stack expects each tensor to be equal size, but got [32, 6, 140] at entry 0 and [32, 6, 2, 140] at entry 1
[2025-11-13 20:30:01,719][src.models.modules.semantic_id.tiger_generation_model][WARNING] - [rank: 0]   Hierarchy 0 shape: torch.Size([32, 6, 140])
[2025-11-13 20:30:01,720][src.models.modules.semantic_id.tiger_generation_model][WARNING] - [rank: 0]   Hierarchy 1 shape: torch.Size([32, 6, 2, 140])
[2025-11-13 20:30:01,720][src.models.modules.semantic_id.tiger_generation_model][WARNING] - [rank: 0]   Hierarchy 2 shape: torch.Size([32, 6, 140])
[2025-11-13 20:30:01,720][src.models.modules.semantic_id.tiger_generation_model][WARNING] - [rank: 0]   Hierarchy 3 shape: torch.Size([32, 6, 140])
[2025-11-13 20:30:01,720][src.models.modules.semantic_id.tiger_generation_model][WARNING] - [rank: 0]   Hierarchy 4 shape: torch.Size([32, 6, 140])
[2025-11-13 20:30:01,720][src.models.modules.semantic_id.tiger_generation_model][WARNING] - [rank: 0]   Hierarchy 5 shape: torch.Size([32, 6, 140])
[2025-11-13 20:30:02,373][src.models.modules.semantic_id.tiger_generation_model][INFO] - [rank: 0] Saved decoder self-attention to ./attention_weights/decoder_self_attention_batch_29.pt
[2025-11-13 20:30:02,374][src.models.modules.semantic_id.tiger_generation_model][INFO] - [rank: 0] Saved encoder attention to ./attention_weights/encoder_attention_batch_29.pt
[2025-11-13 20:30:02,374][src.models.modules.semantic_id.tiger_generation_model][INFO] - [rank: 0] Saved cross attention to ./attention_weights/cross_attention_batch_29.pt
[2025-11-13 20:30:02,382][src.models.modules.semantic_id.tiger_generation_model][INFO] - [rank: 0] 当前batch的生成语义ID Embedding相似度矩阵:
[[ 1.          0.0094748   0.0080481  -0.04010974 -0.01075087 -0.02515413]
 [ 0.0094748   1.          0.01702137  0.03890109 -0.03292682  0.01088157]
 [ 0.0080481   0.01702137  1.          0.00685639  0.007494    0.02574904]
 [-0.04010974  0.03890109  0.00685639  1.          0.01517122  0.02871203]
 [-0.01075087 -0.03292682  0.007494    0.01517122  1.          0.00588092]
 [-0.02515413  0.01088157  0.02574904  0.02871203  0.00588092  1.0000004 ]]
[2025-11-13 20:30:03,601][src.models.modules.semantic_id.tiger_generation_model][INFO] - [rank: 0] 当前batch的输入Item Hierarchy Embedding相似度矩阵:
[[ 1.0000000e+00 -9.3401456e-03  8.7186052e-03  1.5830377e-02
   8.8356035e-03 -1.7565269e-02]
 [-9.3401456e-03  1.0000000e+00  6.2034889e-03  1.7221352e-03
  -2.4264615e-03  1.0166316e-03]
 [ 8.7186052e-03  6.2034889e-03  1.0000000e+00  4.7326065e-03
   1.0197923e-02  1.7578173e-02]
 [ 1.5830377e-02  1.7221352e-03  4.7326065e-03  1.0000000e+00
  -4.1231856e-04  1.4646304e-02]
 [ 8.8356035e-03 -2.4264615e-03  1.0197923e-02 -4.1231856e-04
   1.0000000e+00  3.4138113e-02]
 [-1.7565269e-02  1.0166316e-03  1.7578173e-02  1.4646304e-02
   3.4138113e-02  1.0000004e+00]]
[2025-11-13 20:30:05,118][src.models.modules.semantic_id.tiger_generation_model][WARNING] - [rank: 0] Failed to stack cross attentions: stack expects each tensor to be equal size, but got [32, 6, 140] at entry 0 and [32, 6, 2, 140] at entry 1
[2025-11-13 20:30:05,119][src.models.modules.semantic_id.tiger_generation_model][WARNING] - [rank: 0]   Hierarchy 0 shape: torch.Size([32, 6, 140])
[2025-11-13 20:30:05,119][src.models.modules.semantic_id.tiger_generation_model][WARNING] - [rank: 0]   Hierarchy 1 shape: torch.Size([32, 6, 2, 140])
[2025-11-13 20:30:05,119][src.models.modules.semantic_id.tiger_generation_model][WARNING] - [rank: 0]   Hierarchy 2 shape: torch.Size([32, 6, 140])
[2025-11-13 20:30:05,119][src.models.modules.semantic_id.tiger_generation_model][WARNING] - [rank: 0]   Hierarchy 3 shape: torch.Size([32, 6, 140])
[2025-11-13 20:30:05,120][src.models.modules.semantic_id.tiger_generation_model][WARNING] - [rank: 0]   Hierarchy 4 shape: torch.Size([32, 6, 140])
[2025-11-13 20:30:05,120][src.models.modules.semantic_id.tiger_generation_model][WARNING] - [rank: 0]   Hierarchy 5 shape: torch.Size([32, 6, 140])
[2025-11-13 20:30:05,397][src.models.modules.semantic_id.tiger_generation_model][INFO] - [rank: 0] Saved decoder self-attention to ./attention_weights/decoder_self_attention_batch_30.pt
[2025-11-13 20:30:05,397][src.models.modules.semantic_id.tiger_generation_model][INFO] - [rank: 0] Saved encoder attention to ./attention_weights/encoder_attention_batch_30.pt
[2025-11-13 20:30:05,398][src.models.modules.semantic_id.tiger_generation_model][INFO] - [rank: 0] Saved cross attention to ./attention_weights/cross_attention_batch_30.pt
[2025-11-13 20:30:05,406][src.models.modules.semantic_id.tiger_generation_model][INFO] - [rank: 0] 当前batch的生成语义ID Embedding相似度矩阵:
[[ 1.          0.044321   -0.00709473 -0.0556922   0.03112873  0.0107295 ]
 [ 0.044321    0.99999994  0.04803539  0.01274305 -0.00815308 -0.02245927]
 [-0.00709473  0.04803539  1.         -0.03859701  0.01968963 -0.05491379]
 [-0.0556922   0.01274305 -0.03859701  1.          0.00464116  0.01705243]
 [ 0.03112873 -0.00815308  0.01968963  0.00464116  1.         -0.00402337]
 [ 0.0107295  -0.02245927 -0.05491379  0.01705243 -0.00402337  1.0000004 ]]
[2025-11-13 20:30:06,561][src.models.modules.semantic_id.tiger_generation_model][INFO] - [rank: 0] 当前batch的输入Item Hierarchy Embedding相似度矩阵:
[[ 1.         -0.01024346  0.01899726  0.00712824 -0.00540385  0.00831069]
 [-0.01024346  1.          0.00923216  0.00684801 -0.00557521 -0.01143881]
 [ 0.01899726  0.00923216  1.          0.00127862  0.00548076  0.00151243]
 [ 0.00712824  0.00684801  0.00127862  1.         -0.00930996  0.01175116]
 [-0.00540385 -0.00557521  0.00548076 -0.00930996  1.          0.01776544]
 [ 0.00831069 -0.01143881  0.00151243  0.01175116  0.01776544  1.0000004 ]]
[2025-11-13 20:30:07,208][src.models.modules.semantic_id.tiger_generation_model][WARNING] - [rank: 0] Failed to stack cross attentions: stack expects each tensor to be equal size, but got [32, 6, 140] at entry 0 and [32, 6, 2, 140] at entry 1
[2025-11-13 20:30:07,209][src.models.modules.semantic_id.tiger_generation_model][WARNING] - [rank: 0]   Hierarchy 0 shape: torch.Size([32, 6, 140])
[2025-11-13 20:30:07,209][src.models.modules.semantic_id.tiger_generation_model][WARNING] - [rank: 0]   Hierarchy 1 shape: torch.Size([32, 6, 2, 140])
[2025-11-13 20:30:07,209][src.models.modules.semantic_id.tiger_generation_model][WARNING] - [rank: 0]   Hierarchy 2 shape: torch.Size([32, 6, 140])
[2025-11-13 20:30:07,209][src.models.modules.semantic_id.tiger_generation_model][WARNING] - [rank: 0]   Hierarchy 3 shape: torch.Size([32, 6, 140])
[2025-11-13 20:30:07,210][src.models.modules.semantic_id.tiger_generation_model][WARNING] - [rank: 0]   Hierarchy 4 shape: torch.Size([32, 6, 140])
[2025-11-13 20:30:07,210][src.models.modules.semantic_id.tiger_generation_model][WARNING] - [rank: 0]   Hierarchy 5 shape: torch.Size([32, 6, 140])
[2025-11-13 20:30:07,471][src.models.modules.semantic_id.tiger_generation_model][INFO] - [rank: 0] Saved decoder self-attention to ./attention_weights/decoder_self_attention_batch_31.pt
[2025-11-13 20:30:07,472][src.models.modules.semantic_id.tiger_generation_model][INFO] - [rank: 0] Saved encoder attention to ./attention_weights/encoder_attention_batch_31.pt
[2025-11-13 20:30:07,472][src.models.modules.semantic_id.tiger_generation_model][INFO] - [rank: 0] Saved cross attention to ./attention_weights/cross_attention_batch_31.pt
[2025-11-13 20:30:07,482][src.models.modules.semantic_id.tiger_generation_model][INFO] - [rank: 0] 当前batch的生成语义ID Embedding相似度矩阵:
[[ 0.99999994 -0.01097684 -0.00839808 -0.00401625 -0.00228759  0.00226921]
 [-0.01097684  1.         -0.01106396  0.00557613 -0.00946566  0.01489353]
 [-0.00839808 -0.01106396  0.99999994 -0.00496724  0.03146436 -0.00916192]
 [-0.00401625  0.00557613 -0.00496724  1.          0.01114126  0.02770397]
 [-0.00228759 -0.00946566  0.03146436  0.01114126  1.          0.02114102]
 [ 0.00226921  0.01489353 -0.00916192  0.02770397  0.02114102  1.0000004 ]]
[2025-11-13 20:30:08,574][src.models.modules.semantic_id.tiger_generation_model][INFO] - [rank: 0] 当前batch的输入Item Hierarchy Embedding相似度矩阵:
[[ 1.         -0.00380933 -0.00256159  0.01500522 -0.01659178 -0.00520647]
 [-0.00380933  1.         -0.00505164 -0.00929497  0.00535318 -0.00731823]
 [-0.00256159 -0.00505164  1.          0.01656769 -0.00995652 -0.0027887 ]
 [ 0.01500522 -0.00929497  0.01656769  1.          0.0040771   0.00331747]
 [-0.01659178  0.00535318 -0.00995652  0.0040771   1.          0.00967522]
 [-0.00520647 -0.00731823 -0.0027887   0.00331747  0.00967522  1.0000001 ]]
[2025-11-13 20:30:09,202][src.models.modules.semantic_id.tiger_generation_model][WARNING] - [rank: 0] Failed to stack cross attentions: stack expects each tensor to be equal size, but got [32, 6, 140] at entry 0 and [32, 6, 2, 140] at entry 1
[2025-11-13 20:30:09,203][src.models.modules.semantic_id.tiger_generation_model][WARNING] - [rank: 0]   Hierarchy 0 shape: torch.Size([32, 6, 140])
[2025-11-13 20:30:09,203][src.models.modules.semantic_id.tiger_generation_model][WARNING] - [rank: 0]   Hierarchy 1 shape: torch.Size([32, 6, 2, 140])
[2025-11-13 20:30:09,203][src.models.modules.semantic_id.tiger_generation_model][WARNING] - [rank: 0]   Hierarchy 2 shape: torch.Size([32, 6, 140])
[2025-11-13 20:30:09,203][src.models.modules.semantic_id.tiger_generation_model][WARNING] - [rank: 0]   Hierarchy 3 shape: torch.Size([32, 6, 140])
[2025-11-13 20:30:09,203][src.models.modules.semantic_id.tiger_generation_model][WARNING] - [rank: 0]   Hierarchy 4 shape: torch.Size([32, 6, 140])
[2025-11-13 20:30:09,204][src.models.modules.semantic_id.tiger_generation_model][WARNING] - [rank: 0]   Hierarchy 5 shape: torch.Size([32, 6, 140])
[2025-11-13 20:30:09,406][src.models.modules.semantic_id.tiger_generation_model][INFO] - [rank: 0] Saved decoder self-attention to ./attention_weights/decoder_self_attention_batch_32.pt
[2025-11-13 20:30:09,406][src.models.modules.semantic_id.tiger_generation_model][INFO] - [rank: 0] Saved encoder attention to ./attention_weights/encoder_attention_batch_32.pt
[2025-11-13 20:30:09,407][src.models.modules.semantic_id.tiger_generation_model][INFO] - [rank: 0] Saved cross attention to ./attention_weights/cross_attention_batch_32.pt
[2025-11-13 20:30:09,431][src.models.modules.semantic_id.tiger_generation_model][INFO] - [rank: 0] 当前batch的生成语义ID Embedding相似度矩阵:
[[ 1.0000000e+00  1.2538352e-02  1.4371203e-02 -1.9481579e-02
   4.7796732e-04 -3.5059553e-02]
 [ 1.2538352e-02  1.0000000e+00 -2.1485439e-02 -1.3365086e-02
  -2.1735743e-02 -1.2572880e-03]
 [ 1.4371203e-02 -2.1485439e-02  1.0000000e+00  3.3878017e-02
   9.0903863e-03 -3.1314851e-03]
 [-1.9481579e-02 -1.3365086e-02  3.3878017e-02  1.0000000e+00
   6.8981228e-03  5.3854361e-03]
 [ 4.7796732e-04 -2.1735743e-02  9.0903863e-03  6.8981228e-03
   1.0000000e+00  3.1893864e-02]
 [-3.5059553e-02 -1.2572880e-03 -3.1314851e-03  5.3854361e-03
   3.1893864e-02  1.0000004e+00]]
[2025-11-13 20:30:10,864][src.models.modules.semantic_id.tiger_generation_model][INFO] - [rank: 0] 当前batch的输入Item Hierarchy Embedding相似度矩阵:
[[ 1.00000000e+00 -8.11834820e-03  1.03705889e-03 -5.36855077e-03
  -1.88156054e-03 -2.02468541e-02]
 [-8.11834820e-03  1.00000000e+00 -1.25040615e-03  1.97292748e-03
   1.21572232e-02 -5.56723680e-03]
 [ 1.03705889e-03 -1.25040615e-03  1.00000000e+00  3.46038467e-03
  -1.09579305e-04 -1.87125858e-02]
 [-5.36855077e-03  1.97292748e-03  3.46038467e-03  1.00000000e+00
  -1.15093477e-02  1.54700559e-02]
 [-1.88156054e-03  1.21572232e-02 -1.09579305e-04 -1.15093477e-02
   1.00000000e+00  4.91680112e-03]
 [-2.02468541e-02 -5.56723680e-03 -1.87125858e-02  1.54700559e-02
   4.91680112e-03  1.00000012e+00]]
[2025-11-13 20:30:11,557][src.models.modules.semantic_id.tiger_generation_model][WARNING] - [rank: 0] Failed to stack cross attentions: stack expects each tensor to be equal size, but got [32, 6, 140] at entry 0 and [32, 6, 2, 140] at entry 1
[2025-11-13 20:30:11,557][src.models.modules.semantic_id.tiger_generation_model][WARNING] - [rank: 0]   Hierarchy 0 shape: torch.Size([32, 6, 140])
[2025-11-13 20:30:11,557][src.models.modules.semantic_id.tiger_generation_model][WARNING] - [rank: 0]   Hierarchy 1 shape: torch.Size([32, 6, 2, 140])
[2025-11-13 20:30:11,558][src.models.modules.semantic_id.tiger_generation_model][WARNING] - [rank: 0]   Hierarchy 2 shape: torch.Size([32, 6, 140])
[2025-11-13 20:30:11,558][src.models.modules.semantic_id.tiger_generation_model][WARNING] - [rank: 0]   Hierarchy 3 shape: torch.Size([32, 6, 140])
[2025-11-13 20:30:11,558][src.models.modules.semantic_id.tiger_generation_model][WARNING] - [rank: 0]   Hierarchy 4 shape: torch.Size([32, 6, 140])
[2025-11-13 20:30:11,558][src.models.modules.semantic_id.tiger_generation_model][WARNING] - [rank: 0]   Hierarchy 5 shape: torch.Size([32, 6, 140])
[2025-11-13 20:30:11,938][src.models.modules.semantic_id.tiger_generation_model][INFO] - [rank: 0] Saved decoder self-attention to ./attention_weights/decoder_self_attention_batch_33.pt
[2025-11-13 20:30:11,939][src.models.modules.semantic_id.tiger_generation_model][INFO] - [rank: 0] Saved encoder attention to ./attention_weights/encoder_attention_batch_33.pt
[2025-11-13 20:30:11,939][src.models.modules.semantic_id.tiger_generation_model][INFO] - [rank: 0] Saved cross attention to ./attention_weights/cross_attention_batch_33.pt
[2025-11-13 20:30:11,946][src.models.modules.semantic_id.tiger_generation_model][INFO] - [rank: 0] 当前batch的生成语义ID Embedding相似度矩阵:
[[ 1.         -0.00166859 -0.01164251 -0.02299524  0.01560616 -0.01672828]
 [-0.00166859  1.         -0.03089645  0.00363962 -0.04267368  0.00717275]
 [-0.01164251 -0.03089645  1.          0.00248546 -0.00483251 -0.00967562]
 [-0.02299524  0.00363962  0.00248546  1.          0.00694647  0.0087055 ]
 [ 0.01560616 -0.04267368 -0.00483251  0.00694647  1.          0.00315827]
 [-0.01672828  0.00717275 -0.00967562  0.0087055   0.00315827  1.0000004 ]]
[2025-11-13 20:30:13,274][src.models.modules.semantic_id.tiger_generation_model][INFO] - [rank: 0] 当前batch的输入Item Hierarchy Embedding相似度矩阵:
[[ 1.0000000e+00 -5.5648857e-03  1.2712090e-02  4.3183090e-03
   6.7110982e-04  5.5501591e-03]
 [-5.5648857e-03  1.0000000e+00  1.3786980e-03  1.6932840e-02
   7.1093389e-03 -1.3726594e-02]
 [ 1.2712090e-02  1.3786980e-03  1.0000000e+00 -3.2551463e-03
  -8.8696731e-03  3.6671218e-03]
 [ 4.3183090e-03  1.6932840e-02 -3.2551463e-03  1.0000000e+00
  -9.0929086e-04  1.5310633e-03]
 [ 6.7110982e-04  7.1093389e-03 -8.8696731e-03 -9.0929086e-04
   1.0000000e+00  1.0457718e-02]
 [ 5.5501591e-03 -1.3726594e-02  3.6671218e-03  1.5310633e-03
   1.0457718e-02  1.0000004e+00]]
[2025-11-13 20:30:13,995][src.models.modules.semantic_id.tiger_generation_model][WARNING] - [rank: 0] Failed to stack cross attentions: stack expects each tensor to be equal size, but got [32, 6, 140] at entry 0 and [32, 6, 2, 140] at entry 1
[2025-11-13 20:30:13,997][src.models.modules.semantic_id.tiger_generation_model][WARNING] - [rank: 0]   Hierarchy 0 shape: torch.Size([32, 6, 140])
[2025-11-13 20:30:13,997][src.models.modules.semantic_id.tiger_generation_model][WARNING] - [rank: 0]   Hierarchy 1 shape: torch.Size([32, 6, 2, 140])
[2025-11-13 20:30:13,997][src.models.modules.semantic_id.tiger_generation_model][WARNING] - [rank: 0]   Hierarchy 2 shape: torch.Size([32, 6, 140])
[2025-11-13 20:30:13,998][src.models.modules.semantic_id.tiger_generation_model][WARNING] - [rank: 0]   Hierarchy 3 shape: torch.Size([32, 6, 140])
[2025-11-13 20:30:13,998][src.models.modules.semantic_id.tiger_generation_model][WARNING] - [rank: 0]   Hierarchy 4 shape: torch.Size([32, 6, 140])
[2025-11-13 20:30:13,998][src.models.modules.semantic_id.tiger_generation_model][WARNING] - [rank: 0]   Hierarchy 5 shape: torch.Size([32, 6, 140])
[2025-11-13 20:30:14,749][src.models.modules.semantic_id.tiger_generation_model][INFO] - [rank: 0] Saved decoder self-attention to ./attention_weights/decoder_self_attention_batch_34.pt
[2025-11-13 20:30:14,750][src.models.modules.semantic_id.tiger_generation_model][INFO] - [rank: 0] Saved encoder attention to ./attention_weights/encoder_attention_batch_34.pt
[2025-11-13 20:30:14,750][src.models.modules.semantic_id.tiger_generation_model][INFO] - [rank: 0] Saved cross attention to ./attention_weights/cross_attention_batch_34.pt
[2025-11-13 20:30:14,757][src.models.modules.semantic_id.tiger_generation_model][INFO] - [rank: 0] 当前batch的生成语义ID Embedding相似度矩阵:
[[ 1.0000000e+00 -1.7073322e-03 -1.9813294e-02 -8.5096946e-03
  -2.1676034e-02 -7.3268791e-03]
 [-1.7073322e-03  9.9999994e-01  6.8722293e-06  1.8549949e-02
   1.0458274e-02 -9.3368851e-03]
 [-1.9813294e-02  6.8722293e-06  1.0000000e+00  1.5546399e-02
   7.3668906e-03 -1.5020564e-02]
 [-8.5096946e-03  1.8549949e-02  1.5546399e-02  1.0000000e+00
  -3.7672604e-03 -4.0817154e-03]
 [-2.1676034e-02  1.0458274e-02  7.3668906e-03 -3.7672604e-03
   1.0000000e+00  3.0294852e-02]
 [-7.3268791e-03 -9.3368851e-03 -1.5020564e-02 -4.0817154e-03
   3.0294852e-02  1.0000004e+00]]
[2025-11-13 20:30:15,384][src.models.modules.semantic_id.tiger_generation_model][INFO] - [rank: 0] 当前batch的输入Item Hierarchy Embedding相似度矩阵:
[[ 1.0000000e+00  1.6802237e-03  3.5213146e-03 -4.2923386e-03
   5.6140567e-03 -1.8807258e-02]
 [ 1.6802237e-03  1.0000000e+00  9.1426270e-03  3.6657890e-03
   1.3419971e-02  1.6253338e-04]
 [ 3.5213146e-03  9.1426270e-03  1.0000000e+00  6.8613491e-03
  -1.3490958e-02 -7.2698696e-03]
 [-4.2923386e-03  3.6657890e-03  6.8613491e-03  1.0000000e+00
  -3.6975374e-03  3.0132527e-03]
 [ 5.6140567e-03  1.3419971e-02 -1.3490958e-02 -3.6975374e-03
   1.0000000e+00  1.9565538e-02]
 [-1.8807258e-02  1.6253338e-04 -7.2698696e-03  3.0132527e-03
   1.9565538e-02  1.0000005e+00]]
[2025-11-13 20:30:16,025][src.models.modules.semantic_id.tiger_generation_model][WARNING] - [rank: 0] Failed to stack cross attentions: stack expects each tensor to be equal size, but got [32, 6, 140] at entry 0 and [32, 6, 2, 140] at entry 1
[2025-11-13 20:30:16,026][src.models.modules.semantic_id.tiger_generation_model][WARNING] - [rank: 0]   Hierarchy 0 shape: torch.Size([32, 6, 140])
[2025-11-13 20:30:16,026][src.models.modules.semantic_id.tiger_generation_model][WARNING] - [rank: 0]   Hierarchy 1 shape: torch.Size([32, 6, 2, 140])
[2025-11-13 20:30:16,026][src.models.modules.semantic_id.tiger_generation_model][WARNING] - [rank: 0]   Hierarchy 2 shape: torch.Size([32, 6, 140])
[2025-11-13 20:30:16,027][src.models.modules.semantic_id.tiger_generation_model][WARNING] - [rank: 0]   Hierarchy 3 shape: torch.Size([32, 6, 140])
[2025-11-13 20:30:16,027][src.models.modules.semantic_id.tiger_generation_model][WARNING] - [rank: 0]   Hierarchy 4 shape: torch.Size([32, 6, 140])
[2025-11-13 20:30:16,027][src.models.modules.semantic_id.tiger_generation_model][WARNING] - [rank: 0]   Hierarchy 5 shape: torch.Size([32, 6, 140])
[2025-11-13 20:30:16,664][src.models.modules.semantic_id.tiger_generation_model][INFO] - [rank: 0] Saved decoder self-attention to ./attention_weights/decoder_self_attention_batch_35.pt
[2025-11-13 20:30:16,665][src.models.modules.semantic_id.tiger_generation_model][INFO] - [rank: 0] Saved encoder attention to ./attention_weights/encoder_attention_batch_35.pt
[2025-11-13 20:30:16,665][src.models.modules.semantic_id.tiger_generation_model][INFO] - [rank: 0] Saved cross attention to ./attention_weights/cross_attention_batch_35.pt
[2025-11-13 20:30:16,673][src.models.modules.semantic_id.tiger_generation_model][INFO] - [rank: 0] 当前batch的生成语义ID Embedding相似度矩阵:
[[ 1.          0.01862305  0.00371901 -0.00535744  0.01918844 -0.01573437]
 [ 0.01862305  1.         -0.01717513  0.00941663 -0.02444778 -0.01918282]
 [ 0.00371901 -0.01717513  1.         -0.00815278 -0.0114663   0.01255732]
 [-0.00535744  0.00941663 -0.00815278  1.         -0.02785185  0.03188204]
 [ 0.01918844 -0.02444778 -0.0114663  -0.02785185  1.          0.02431129]
 [-0.01573437 -0.01918282  0.01255732  0.03188204  0.02431129  1.0000004 ]]
[2025-11-13 20:30:17,785][src.models.modules.semantic_id.tiger_generation_model][INFO] - [rank: 0] 当前batch的输入Item Hierarchy Embedding相似度矩阵:
[[ 1.0000000e+00 -1.2690366e-02 -1.8023797e-03  5.2717067e-03
  -1.6133551e-03  2.2264665e-02]
 [-1.2690366e-02  1.0000000e+00 -3.7481494e-03  8.8480907e-03
  -5.3140696e-04 -1.5916266e-02]
 [-1.8023797e-03 -3.7481494e-03  1.0000000e+00  1.1763511e-02
  -4.2135729e-03 -7.0581469e-03]
 [ 5.2717067e-03  8.8480907e-03  1.1763511e-02  1.0000000e+00
  -8.3732130e-03  6.2991264e-03]
 [-1.6133551e-03 -5.3140696e-04 -4.2135729e-03 -8.3732130e-03
   1.0000000e+00  2.3726588e-02]
 [ 2.2264665e-02 -1.5916266e-02 -7.0581469e-03  6.2991264e-03
   2.3726588e-02  1.0000001e+00]]
[2025-11-13 20:30:18,407][src.models.modules.semantic_id.tiger_generation_model][WARNING] - [rank: 0] Failed to stack cross attentions: stack expects each tensor to be equal size, but got [32, 6, 140] at entry 0 and [32, 6, 2, 140] at entry 1
[2025-11-13 20:30:18,408][src.models.modules.semantic_id.tiger_generation_model][WARNING] - [rank: 0]   Hierarchy 0 shape: torch.Size([32, 6, 140])
[2025-11-13 20:30:18,408][src.models.modules.semantic_id.tiger_generation_model][WARNING] - [rank: 0]   Hierarchy 1 shape: torch.Size([32, 6, 2, 140])
[2025-11-13 20:30:18,408][src.models.modules.semantic_id.tiger_generation_model][WARNING] - [rank: 0]   Hierarchy 2 shape: torch.Size([32, 6, 140])
[2025-11-13 20:30:18,408][src.models.modules.semantic_id.tiger_generation_model][WARNING] - [rank: 0]   Hierarchy 3 shape: torch.Size([32, 6, 140])
[2025-11-13 20:30:18,408][src.models.modules.semantic_id.tiger_generation_model][WARNING] - [rank: 0]   Hierarchy 4 shape: torch.Size([32, 6, 140])
[2025-11-13 20:30:18,409][src.models.modules.semantic_id.tiger_generation_model][WARNING] - [rank: 0]   Hierarchy 5 shape: torch.Size([32, 6, 140])
[2025-11-13 20:30:18,645][src.models.modules.semantic_id.tiger_generation_model][INFO] - [rank: 0] Saved decoder self-attention to ./attention_weights/decoder_self_attention_batch_36.pt
[2025-11-13 20:30:18,648][src.models.modules.semantic_id.tiger_generation_model][INFO] - [rank: 0] Saved encoder attention to ./attention_weights/encoder_attention_batch_36.pt
[2025-11-13 20:30:18,649][src.models.modules.semantic_id.tiger_generation_model][INFO] - [rank: 0] Saved cross attention to ./attention_weights/cross_attention_batch_36.pt
[2025-11-13 20:30:18,654][src.models.modules.semantic_id.tiger_generation_model][INFO] - [rank: 0] 当前batch的生成语义ID Embedding相似度矩阵:
[[ 1.0000000e+00 -2.1529412e-02  2.8806260e-02 -4.3934718e-02
  -5.0908360e-03 -5.7677947e-02]
 [-2.1529412e-02  9.9999988e-01 -3.1414255e-03  1.1145810e-02
  -8.3790384e-03 -3.6499449e-03]
 [ 2.8806260e-02 -3.1414255e-03  1.0000000e+00 -2.2312645e-02
  -3.3609420e-02 -6.2248949e-04]
 [-4.3934718e-02  1.1145810e-02 -2.2312645e-02  1.0000000e+00
  -5.4319892e-03  4.4122174e-02]
 [-5.0908360e-03 -8.3790384e-03 -3.3609420e-02 -5.4319892e-03
   1.0000000e+00  5.2267615e-02]
 [-5.7677947e-02 -3.6499449e-03 -6.2248949e-04  4.4122174e-02
   5.2267615e-02  1.0000004e+00]]
[2025-11-13 20:30:19,759][src.models.modules.semantic_id.tiger_generation_model][INFO] - [rank: 0] 当前batch的输入Item Hierarchy Embedding相似度矩阵:
[[ 1.         -0.01093978  0.00179832 -0.00325149  0.01104285  0.00588498]
 [-0.01093978  1.         -0.00654814  0.00555383 -0.00746393 -0.00324182]
 [ 0.00179832 -0.00654814  1.         -0.00646754 -0.00582173 -0.00301951]
 [-0.00325149  0.00555383 -0.00646754  1.         -0.01605739  0.01922548]
 [ 0.01104285 -0.00746393 -0.00582173 -0.01605739  1.          0.00269649]
 [ 0.00588498 -0.00324182 -0.00301951  0.01922548  0.00269649  1.0000004 ]]
[2025-11-13 20:30:20,271][src.models.modules.semantic_id.tiger_generation_model][WARNING] - [rank: 0] Failed to stack cross attentions: stack expects each tensor to be equal size, but got [32, 6, 140] at entry 0 and [32, 6, 2, 140] at entry 1
[2025-11-13 20:30:20,271][src.models.modules.semantic_id.tiger_generation_model][WARNING] - [rank: 0]   Hierarchy 0 shape: torch.Size([32, 6, 140])
[2025-11-13 20:30:20,271][src.models.modules.semantic_id.tiger_generation_model][WARNING] - [rank: 0]   Hierarchy 1 shape: torch.Size([32, 6, 2, 140])
[2025-11-13 20:30:20,272][src.models.modules.semantic_id.tiger_generation_model][WARNING] - [rank: 0]   Hierarchy 2 shape: torch.Size([32, 6, 140])
[2025-11-13 20:30:20,272][src.models.modules.semantic_id.tiger_generation_model][WARNING] - [rank: 0]   Hierarchy 3 shape: torch.Size([32, 6, 140])
[2025-11-13 20:30:20,272][src.models.modules.semantic_id.tiger_generation_model][WARNING] - [rank: 0]   Hierarchy 4 shape: torch.Size([32, 6, 140])
[2025-11-13 20:30:20,272][src.models.modules.semantic_id.tiger_generation_model][WARNING] - [rank: 0]   Hierarchy 5 shape: torch.Size([32, 6, 140])
[2025-11-13 20:30:20,489][src.models.modules.semantic_id.tiger_generation_model][INFO] - [rank: 0] Saved decoder self-attention to ./attention_weights/decoder_self_attention_batch_37.pt
[2025-11-13 20:30:20,489][src.models.modules.semantic_id.tiger_generation_model][INFO] - [rank: 0] Saved encoder attention to ./attention_weights/encoder_attention_batch_37.pt
[2025-11-13 20:30:20,489][src.models.modules.semantic_id.tiger_generation_model][INFO] - [rank: 0] Saved cross attention to ./attention_weights/cross_attention_batch_37.pt
[2025-11-13 20:30:20,497][src.models.modules.semantic_id.tiger_generation_model][INFO] - [rank: 0] 当前batch的生成语义ID Embedding相似度矩阵:
[[ 1.0000000e+00 -2.2715975e-02  2.3393800e-02 -2.3258761e-02
   3.9061506e-03 -2.3935797e-02]
 [-2.2715975e-02  1.0000000e+00 -4.7600269e-04  1.2098567e-02
  -1.4267747e-02  1.4018079e-02]
 [ 2.3393800e-02 -4.7600269e-04  1.0000000e+00  2.6121777e-02
   2.0912757e-02  7.7669770e-03]
 [-2.3258761e-02  1.2098567e-02  2.6121777e-02  1.0000000e+00
   2.1427812e-02 -7.8380471e-03]
 [ 3.9061506e-03 -1.4267747e-02  2.0912757e-02  2.1427812e-02
   1.0000001e+00  2.6287455e-02]
 [-2.3935797e-02  1.4018079e-02  7.7669770e-03 -7.8380471e-03
   2.6287455e-02  1.0000004e+00]]
[2025-11-13 20:30:21,740][src.models.modules.semantic_id.tiger_generation_model][INFO] - [rank: 0] 当前batch的输入Item Hierarchy Embedding相似度矩阵:
[[ 0.99999994 -0.0180017   0.00361811 -0.00297842  0.00897793 -0.00256315]
 [-0.0180017   0.99999994  0.00145716  0.00556729 -0.01145815 -0.00646037]
 [ 0.00361811  0.00145716  0.99999994  0.00641776  0.01100167 -0.01079847]
 [-0.00297842  0.00556729  0.00641776  0.99999994 -0.01354592  0.00258736]
 [ 0.00897793 -0.01145815  0.01100167 -0.01354592  0.99999994  0.01149138]
 [-0.00256315 -0.00646037 -0.01079847  0.00258736  0.01149138  1.        ]]
[2025-11-13 20:30:22,218][src.models.modules.semantic_id.tiger_generation_model][WARNING] - [rank: 0] Failed to stack cross attentions: stack expects each tensor to be equal size, but got [32, 6, 140] at entry 0 and [32, 6, 2, 140] at entry 1
[2025-11-13 20:30:22,219][src.models.modules.semantic_id.tiger_generation_model][WARNING] - [rank: 0]   Hierarchy 0 shape: torch.Size([32, 6, 140])
[2025-11-13 20:30:22,219][src.models.modules.semantic_id.tiger_generation_model][WARNING] - [rank: 0]   Hierarchy 1 shape: torch.Size([32, 6, 2, 140])
[2025-11-13 20:30:22,220][src.models.modules.semantic_id.tiger_generation_model][WARNING] - [rank: 0]   Hierarchy 2 shape: torch.Size([32, 6, 140])
[2025-11-13 20:30:22,220][src.models.modules.semantic_id.tiger_generation_model][WARNING] - [rank: 0]   Hierarchy 3 shape: torch.Size([32, 6, 140])
[2025-11-13 20:30:22,220][src.models.modules.semantic_id.tiger_generation_model][WARNING] - [rank: 0]   Hierarchy 4 shape: torch.Size([32, 6, 140])
[2025-11-13 20:30:22,220][src.models.modules.semantic_id.tiger_generation_model][WARNING] - [rank: 0]   Hierarchy 5 shape: torch.Size([32, 6, 140])
[2025-11-13 20:30:22,908][src.models.modules.semantic_id.tiger_generation_model][INFO] - [rank: 0] Saved decoder self-attention to ./attention_weights/decoder_self_attention_batch_38.pt
[2025-11-13 20:30:22,908][src.models.modules.semantic_id.tiger_generation_model][INFO] - [rank: 0] Saved encoder attention to ./attention_weights/encoder_attention_batch_38.pt
[2025-11-13 20:30:22,908][src.models.modules.semantic_id.tiger_generation_model][INFO] - [rank: 0] Saved cross attention to ./attention_weights/cross_attention_batch_38.pt
[2025-11-13 20:30:22,915][src.models.modules.semantic_id.tiger_generation_model][INFO] - [rank: 0] 当前batch的生成语义ID Embedding相似度矩阵:
[[ 1.          0.01908726  0.00311019 -0.02056623  0.00203417 -0.03517849]
 [ 0.01908726  0.99999994 -0.02612142  0.01909027 -0.01936747  0.00729906]
 [ 0.00311019 -0.02612142  1.          0.01775893 -0.00448752 -0.00757379]
 [-0.02056623  0.01909027  0.01775893  1.         -0.00366748  0.0405158 ]
 [ 0.00203417 -0.01936747 -0.00448752 -0.00366748  1.          0.01550708]
 [-0.03517849  0.00729906 -0.00757379  0.0405158   0.01550708  1.0000004 ]]
[2025-11-13 20:30:23,994][src.models.modules.semantic_id.tiger_generation_model][INFO] - [rank: 0] 当前batch的输入Item Hierarchy Embedding相似度矩阵:
[[ 1.         -0.0138896  -0.00605599 -0.02244244  0.0077917   0.00346343]
 [-0.0138896   1.         -0.01946411  0.00553461  0.00750111 -0.00200081]
 [-0.00605599 -0.01946411  1.         -0.00186596 -0.01082648 -0.02181265]
 [-0.02244244  0.00553461 -0.00186596  1.         -0.00110073 -0.00585571]
 [ 0.0077917   0.00750111 -0.01082648 -0.00110073  1.          0.00465618]
 [ 0.00346343 -0.00200081 -0.02181265 -0.00585571  0.00465618  1.0000001 ]]
[2025-11-13 20:30:25,113][src.models.modules.semantic_id.tiger_generation_model][WARNING] - [rank: 0] Failed to stack cross attentions: stack expects each tensor to be equal size, but got [32, 6, 140] at entry 0 and [32, 6, 2, 140] at entry 1
[2025-11-13 20:30:25,113][src.models.modules.semantic_id.tiger_generation_model][WARNING] - [rank: 0]   Hierarchy 0 shape: torch.Size([32, 6, 140])
[2025-11-13 20:30:25,113][src.models.modules.semantic_id.tiger_generation_model][WARNING] - [rank: 0]   Hierarchy 1 shape: torch.Size([32, 6, 2, 140])
[2025-11-13 20:30:25,113][src.models.modules.semantic_id.tiger_generation_model][WARNING] - [rank: 0]   Hierarchy 2 shape: torch.Size([32, 6, 140])
[2025-11-13 20:30:25,114][src.models.modules.semantic_id.tiger_generation_model][WARNING] - [rank: 0]   Hierarchy 3 shape: torch.Size([32, 6, 140])
[2025-11-13 20:30:25,114][src.models.modules.semantic_id.tiger_generation_model][WARNING] - [rank: 0]   Hierarchy 4 shape: torch.Size([32, 6, 140])
[2025-11-13 20:30:25,114][src.models.modules.semantic_id.tiger_generation_model][WARNING] - [rank: 0]   Hierarchy 5 shape: torch.Size([32, 6, 140])
[2025-11-13 20:30:25,607][src.models.modules.semantic_id.tiger_generation_model][INFO] - [rank: 0] Saved decoder self-attention to ./attention_weights/decoder_self_attention_batch_39.pt
[2025-11-13 20:30:25,608][src.models.modules.semantic_id.tiger_generation_model][INFO] - [rank: 0] Saved encoder attention to ./attention_weights/encoder_attention_batch_39.pt
[2025-11-13 20:30:25,608][src.models.modules.semantic_id.tiger_generation_model][INFO] - [rank: 0] Saved cross attention to ./attention_weights/cross_attention_batch_39.pt
[2025-11-13 20:30:25,615][src.models.modules.semantic_id.tiger_generation_model][INFO] - [rank: 0] 当前batch的生成语义ID Embedding相似度矩阵:
[[ 1.         -0.03084461  0.02410669  0.0109375  -0.00370582 -0.02127576]
 [-0.03084461  1.          0.00144794 -0.00665044 -0.00389343  0.01656198]
 [ 0.02410669  0.00144794  1.         -0.00772235  0.02862876  0.01535732]
 [ 0.0109375  -0.00665044 -0.00772235  1.          0.01504487 -0.00484153]
 [-0.00370582 -0.00389343  0.02862876  0.01504487  1.          0.00585078]
 [-0.02127576  0.01656198  0.01535732 -0.00484153  0.00585078  1.0000004 ]]
[2025-11-13 20:30:26,537][src.models.modules.semantic_id.tiger_generation_model][INFO] - [rank: 0] 当前batch的输入Item Hierarchy Embedding相似度矩阵:
[[ 9.9999994e-01 -2.3448545e-02  8.1432108e-03 -2.7574736e-03
   9.3931463e-03 -1.2311930e-02]
 [-2.3448545e-02  9.9999994e-01  6.2657832e-03  1.0756938e-02
  -4.6956274e-03 -4.1334615e-03]
 [ 8.1432108e-03  6.2657832e-03  9.9999994e-01 -9.2347065e-04
   5.3280271e-03 -2.3591071e-02]
 [-2.7574736e-03  1.0756938e-02 -9.2347065e-04  9.9999994e-01
  -1.1879549e-02 -4.7572316e-03]
 [ 9.3931463e-03 -4.6956274e-03  5.3280271e-03 -1.1879549e-02
   9.9999994e-01  5.9219619e-04]
 [-1.2311930e-02 -4.1334615e-03 -2.3591071e-02 -4.7572316e-03
   5.9219619e-04  1.0000000e+00]]
[2025-11-13 20:30:27,993][src.models.modules.semantic_id.tiger_generation_model][WARNING] - [rank: 0] Failed to stack cross attentions: stack expects each tensor to be equal size, but got [32, 6, 140] at entry 0 and [32, 6, 2, 140] at entry 1
[2025-11-13 20:30:27,994][src.models.modules.semantic_id.tiger_generation_model][WARNING] - [rank: 0]   Hierarchy 0 shape: torch.Size([32, 6, 140])
[2025-11-13 20:30:27,994][src.models.modules.semantic_id.tiger_generation_model][WARNING] - [rank: 0]   Hierarchy 1 shape: torch.Size([32, 6, 2, 140])
[2025-11-13 20:30:27,994][src.models.modules.semantic_id.tiger_generation_model][WARNING] - [rank: 0]   Hierarchy 2 shape: torch.Size([32, 6, 140])
[2025-11-13 20:30:27,994][src.models.modules.semantic_id.tiger_generation_model][WARNING] - [rank: 0]   Hierarchy 3 shape: torch.Size([32, 6, 140])
[2025-11-13 20:30:27,995][src.models.modules.semantic_id.tiger_generation_model][WARNING] - [rank: 0]   Hierarchy 4 shape: torch.Size([32, 6, 140])
[2025-11-13 20:30:27,995][src.models.modules.semantic_id.tiger_generation_model][WARNING] - [rank: 0]   Hierarchy 5 shape: torch.Size([32, 6, 140])
[2025-11-13 20:30:28,484][src.models.modules.semantic_id.tiger_generation_model][INFO] - [rank: 0] Saved decoder self-attention to ./attention_weights/decoder_self_attention_batch_40.pt
[2025-11-13 20:30:28,485][src.models.modules.semantic_id.tiger_generation_model][INFO] - [rank: 0] Saved encoder attention to ./attention_weights/encoder_attention_batch_40.pt
[2025-11-13 20:30:28,486][src.models.modules.semantic_id.tiger_generation_model][INFO] - [rank: 0] Saved cross attention to ./attention_weights/cross_attention_batch_40.pt
[2025-11-13 20:30:28,497][src.models.modules.semantic_id.tiger_generation_model][INFO] - [rank: 0] 当前batch的生成语义ID Embedding相似度矩阵:
[[ 1.          0.01023368  0.03355101 -0.05218997 -0.00126998 -0.01018586]
 [ 0.01023368  1.          0.00410675  0.00835635 -0.01131522  0.0190612 ]
 [ 0.03355101  0.00410675  1.          0.00251237 -0.01323074 -0.00992454]
 [-0.05218997  0.00835635  0.00251237  1.          0.00839376  0.03032216]
 [-0.00126998 -0.01131522 -0.01323074  0.00839376  1.          0.04381426]
 [-0.01018586  0.0190612  -0.00992454  0.03032216  0.04381426  1.0000004 ]]
[2025-11-13 20:30:30,062][src.models.modules.semantic_id.tiger_generation_model][INFO] - [rank: 0] 当前batch的输入Item Hierarchy Embedding相似度矩阵:
[[ 1.00000000e+00 -1.28013175e-02 -9.55378450e-03 -5.37652103e-03
   2.13161181e-03 -8.57909676e-03]
 [-1.28013175e-02  1.00000000e+00  7.15732761e-03  2.00375654e-02
   5.15378918e-03  9.67245316e-04]
 [-9.55378450e-03  7.15732761e-03  1.00000000e+00  6.52779313e-03
  -1.03900461e-02 -1.72333233e-02]
 [-5.37652103e-03  2.00375654e-02  6.52779313e-03  1.00000000e+00
  -3.85881122e-03 -1.12700602e-03]
 [ 2.13161181e-03  5.15378918e-03 -1.03900461e-02 -3.85881122e-03
   1.00000000e+00 -4.36150189e-03]
 [-8.57909676e-03  9.67245316e-04 -1.72333233e-02 -1.12700602e-03
  -4.36150189e-03  1.00000012e+00]]
[2025-11-13 20:30:31,020][src.models.modules.semantic_id.tiger_generation_model][WARNING] - [rank: 0] Failed to stack cross attentions: stack expects each tensor to be equal size, but got [32, 6, 140] at entry 0 and [32, 6, 2, 140] at entry 1
[2025-11-13 20:30:31,021][src.models.modules.semantic_id.tiger_generation_model][WARNING] - [rank: 0]   Hierarchy 0 shape: torch.Size([32, 6, 140])
[2025-11-13 20:30:31,021][src.models.modules.semantic_id.tiger_generation_model][WARNING] - [rank: 0]   Hierarchy 1 shape: torch.Size([32, 6, 2, 140])
[2025-11-13 20:30:31,021][src.models.modules.semantic_id.tiger_generation_model][WARNING] - [rank: 0]   Hierarchy 2 shape: torch.Size([32, 6, 140])
[2025-11-13 20:30:31,021][src.models.modules.semantic_id.tiger_generation_model][WARNING] - [rank: 0]   Hierarchy 3 shape: torch.Size([32, 6, 140])
[2025-11-13 20:30:31,022][src.models.modules.semantic_id.tiger_generation_model][WARNING] - [rank: 0]   Hierarchy 4 shape: torch.Size([32, 6, 140])
[2025-11-13 20:30:31,022][src.models.modules.semantic_id.tiger_generation_model][WARNING] - [rank: 0]   Hierarchy 5 shape: torch.Size([32, 6, 140])
[2025-11-13 20:30:31,425][src.models.modules.semantic_id.tiger_generation_model][INFO] - [rank: 0] Saved decoder self-attention to ./attention_weights/decoder_self_attention_batch_41.pt
[2025-11-13 20:30:31,425][src.models.modules.semantic_id.tiger_generation_model][INFO] - [rank: 0] Saved encoder attention to ./attention_weights/encoder_attention_batch_41.pt
[2025-11-13 20:30:31,425][src.models.modules.semantic_id.tiger_generation_model][INFO] - [rank: 0] Saved cross attention to ./attention_weights/cross_attention_batch_41.pt
[2025-11-13 20:30:31,437][src.models.modules.semantic_id.tiger_generation_model][INFO] - [rank: 0] 当前batch的生成语义ID Embedding相似度矩阵:
[[ 1.0000000e+00 -2.0013215e-02  3.7206452e-02 -4.9414132e-03
   2.9260977e-03 -1.6213827e-02]
 [-2.0013215e-02  1.0000000e+00  1.9292699e-02  4.4807517e-03
  -2.1896074e-02 -9.8231249e-03]
 [ 3.7206452e-02  1.9292699e-02  1.0000000e+00 -2.8220132e-02
   1.7143775e-02 -1.7862890e-02]
 [-4.9414132e-03  4.4807517e-03 -2.8220132e-02  1.0000000e+00
  -2.6724301e-06  1.1228487e-02]
 [ 2.9260977e-03 -2.1896074e-02  1.7143775e-02 -2.6724301e-06
   1.0000000e+00  5.8962079e-03]
 [-1.6213827e-02 -9.8231249e-03 -1.7862890e-02  1.1228487e-02
   5.8962079e-03  1.0000004e+00]]
[2025-11-13 20:30:32,760][src.models.modules.semantic_id.tiger_generation_model][INFO] - [rank: 0] 当前batch的输入Item Hierarchy Embedding相似度矩阵:
[[ 1.0000000e+00 -2.9551776e-03  5.1642670e-03  2.7051568e-04
   6.4805150e-03 -6.7757755e-03]
 [-2.9551776e-03  1.0000000e+00  1.0535453e-02  5.2906345e-03
  -1.9004685e-03  9.9387777e-05]
 [ 5.1642670e-03  1.0535453e-02  1.0000000e+00  9.7491816e-03
  -7.7312542e-03 -3.4805422e-03]
 [ 2.7051568e-04  5.2906345e-03  9.7491816e-03  1.0000000e+00
  -2.0349123e-02  2.7845406e-03]
 [ 6.4805150e-03 -1.9004685e-03 -7.7312542e-03 -2.0349123e-02
   1.0000000e+00  1.1272072e-02]
 [-6.7757755e-03  9.9387777e-05 -3.4805422e-03  2.7845406e-03
   1.1272072e-02  1.0000004e+00]]
[2025-11-13 20:30:34,096][src.models.modules.semantic_id.tiger_generation_model][WARNING] - [rank: 0] Failed to stack cross attentions: stack expects each tensor to be equal size, but got [32, 6, 140] at entry 0 and [32, 6, 2, 140] at entry 1
[2025-11-13 20:30:34,097][src.models.modules.semantic_id.tiger_generation_model][WARNING] - [rank: 0]   Hierarchy 0 shape: torch.Size([32, 6, 140])
[2025-11-13 20:30:34,097][src.models.modules.semantic_id.tiger_generation_model][WARNING] - [rank: 0]   Hierarchy 1 shape: torch.Size([32, 6, 2, 140])
[2025-11-13 20:30:34,097][src.models.modules.semantic_id.tiger_generation_model][WARNING] - [rank: 0]   Hierarchy 2 shape: torch.Size([32, 6, 140])
[2025-11-13 20:30:34,097][src.models.modules.semantic_id.tiger_generation_model][WARNING] - [rank: 0]   Hierarchy 3 shape: torch.Size([32, 6, 140])
[2025-11-13 20:30:34,097][src.models.modules.semantic_id.tiger_generation_model][WARNING] - [rank: 0]   Hierarchy 4 shape: torch.Size([32, 6, 140])
[2025-11-13 20:30:34,098][src.models.modules.semantic_id.tiger_generation_model][WARNING] - [rank: 0]   Hierarchy 5 shape: torch.Size([32, 6, 140])
[2025-11-13 20:30:34,381][src.models.modules.semantic_id.tiger_generation_model][INFO] - [rank: 0] Saved decoder self-attention to ./attention_weights/decoder_self_attention_batch_42.pt
[2025-11-13 20:30:34,382][src.models.modules.semantic_id.tiger_generation_model][INFO] - [rank: 0] Saved encoder attention to ./attention_weights/encoder_attention_batch_42.pt
[2025-11-13 20:30:34,382][src.models.modules.semantic_id.tiger_generation_model][INFO] - [rank: 0] Saved cross attention to ./attention_weights/cross_attention_batch_42.pt
[2025-11-13 20:30:34,389][src.models.modules.semantic_id.tiger_generation_model][INFO] - [rank: 0] 当前batch的生成语义ID Embedding相似度矩阵:
[[ 1.         -0.00855288 -0.00844127  0.00134921 -0.00962564 -0.03842939]
 [-0.00855288  0.99999994  0.00821182  0.02233924  0.00455253  0.00405983]
 [-0.00844127  0.00821182  1.          0.04868826 -0.00321063 -0.01793574]
 [ 0.00134921  0.02233924  0.04868826  1.         -0.0060182   0.01353991]
 [-0.00962564  0.00455253 -0.00321063 -0.0060182   1.          0.047507  ]
 [-0.03842939  0.00405983 -0.01793574  0.01353991  0.047507    1.0000004 ]]
[2025-11-13 20:30:35,962][src.models.modules.semantic_id.tiger_generation_model][INFO] - [rank: 0] 当前batch的输入Item Hierarchy Embedding相似度矩阵:
[[ 1.0000000e+00 -1.0485690e-02 -4.9580797e-03 -1.1758526e-03
  -5.0337194e-03 -2.3271358e-02]
 [-1.0485690e-02  1.0000000e+00  2.5324814e-03 -2.1660395e-03
   7.1740383e-03  7.9862186e-04]
 [-4.9580797e-03  2.5324814e-03  1.0000000e+00  1.2402923e-02
  -6.0907938e-04  6.7911982e-03]
 [-1.1758526e-03 -2.1660395e-03  1.2402923e-02  1.0000000e+00
  -7.2182869e-03 -4.6223635e-04]
 [-5.0337194e-03  7.1740383e-03 -6.0907938e-04 -7.2182869e-03
   1.0000000e+00  1.0143312e-02]
 [-2.3271358e-02  7.9862186e-04  6.7911982e-03 -4.6223635e-04
   1.0143312e-02  1.0000005e+00]]
[2025-11-13 20:30:37,273][src.models.modules.semantic_id.tiger_generation_model][WARNING] - [rank: 0] Failed to stack cross attentions: stack expects each tensor to be equal size, but got [32, 6, 140] at entry 0 and [32, 6, 2, 140] at entry 1
[2025-11-13 20:30:37,273][src.models.modules.semantic_id.tiger_generation_model][WARNING] - [rank: 0]   Hierarchy 0 shape: torch.Size([32, 6, 140])
[2025-11-13 20:30:37,273][src.models.modules.semantic_id.tiger_generation_model][WARNING] - [rank: 0]   Hierarchy 1 shape: torch.Size([32, 6, 2, 140])
[2025-11-13 20:30:37,273][src.models.modules.semantic_id.tiger_generation_model][WARNING] - [rank: 0]   Hierarchy 2 shape: torch.Size([32, 6, 140])
[2025-11-13 20:30:37,274][src.models.modules.semantic_id.tiger_generation_model][WARNING] - [rank: 0]   Hierarchy 3 shape: torch.Size([32, 6, 140])
[2025-11-13 20:30:37,274][src.models.modules.semantic_id.tiger_generation_model][WARNING] - [rank: 0]   Hierarchy 4 shape: torch.Size([32, 6, 140])
[2025-11-13 20:30:37,274][src.models.modules.semantic_id.tiger_generation_model][WARNING] - [rank: 0]   Hierarchy 5 shape: torch.Size([32, 6, 140])
[2025-11-13 20:30:37,717][src.models.modules.semantic_id.tiger_generation_model][INFO] - [rank: 0] Saved decoder self-attention to ./attention_weights/decoder_self_attention_batch_43.pt
[2025-11-13 20:30:37,717][src.models.modules.semantic_id.tiger_generation_model][INFO] - [rank: 0] Saved encoder attention to ./attention_weights/encoder_attention_batch_43.pt
[2025-11-13 20:30:37,718][src.models.modules.semantic_id.tiger_generation_model][INFO] - [rank: 0] Saved cross attention to ./attention_weights/cross_attention_batch_43.pt
[2025-11-13 20:30:37,724][src.models.modules.semantic_id.tiger_generation_model][INFO] - [rank: 0] 当前batch的生成语义ID Embedding相似度矩阵:
[[ 9.9999994e-01  6.8236892e-03  2.2390734e-02 -1.7554503e-02
   4.3585323e-02 -8.3502373e-03]
 [ 6.8236892e-03  1.0000000e+00 -5.4831160e-03  8.5486807e-03
   2.9686457e-03 -3.4485683e-02]
 [ 2.2390734e-02 -5.4831160e-03  9.9999988e-01  1.8864891e-02
   2.8128964e-03 -6.1562029e-03]
 [-1.7554503e-02  8.5486807e-03  1.8864891e-02  1.0000000e+00
  -1.0327175e-02  1.0328027e-03]
 [ 4.3585323e-02  2.9686457e-03  2.8128964e-03 -1.0327175e-02
   1.0000000e+00 -4.6951626e-04]
 [-8.3502373e-03 -3.4485683e-02 -6.1562029e-03  1.0328027e-03
  -4.6951626e-04  1.0000004e+00]]
[2025-11-13 20:30:38,969][src.models.modules.semantic_id.tiger_generation_model][INFO] - [rank: 0] 当前batch的输入Item Hierarchy Embedding相似度矩阵:
[[ 9.9999994e-01 -9.8320339e-03  2.9982931e-03 -3.2174198e-03
  -7.3995902e-03  1.3330089e-02]
 [-9.8320339e-03  9.9999994e-01 -8.5883739e-04 -3.6377986e-03
   4.8760935e-03 -1.7273771e-02]
 [ 2.9982931e-03 -8.5883739e-04  9.9999994e-01  2.3240179e-03
  -6.5717651e-03 -4.3878972e-04]
 [-3.2174198e-03 -3.6377986e-03  2.3240179e-03  9.9999994e-01
  -1.6288601e-02 -1.3444626e-02]
 [-7.3995902e-03  4.8760935e-03 -6.5717651e-03 -1.6288601e-02
   9.9999994e-01  2.0211395e-02]
 [ 1.3330089e-02 -1.7273771e-02 -4.3878972e-04 -1.3444626e-02
   2.0211395e-02  1.0000004e+00]]
[2025-11-13 20:30:39,615][src.models.modules.semantic_id.tiger_generation_model][WARNING] - [rank: 0] Failed to stack cross attentions: stack expects each tensor to be equal size, but got [32, 6, 140] at entry 0 and [32, 6, 2, 140] at entry 1
[2025-11-13 20:30:39,615][src.models.modules.semantic_id.tiger_generation_model][WARNING] - [rank: 0]   Hierarchy 0 shape: torch.Size([32, 6, 140])
[2025-11-13 20:30:39,615][src.models.modules.semantic_id.tiger_generation_model][WARNING] - [rank: 0]   Hierarchy 1 shape: torch.Size([32, 6, 2, 140])
[2025-11-13 20:30:39,615][src.models.modules.semantic_id.tiger_generation_model][WARNING] - [rank: 0]   Hierarchy 2 shape: torch.Size([32, 6, 140])
[2025-11-13 20:30:39,616][src.models.modules.semantic_id.tiger_generation_model][WARNING] - [rank: 0]   Hierarchy 3 shape: torch.Size([32, 6, 140])
[2025-11-13 20:30:39,616][src.models.modules.semantic_id.tiger_generation_model][WARNING] - [rank: 0]   Hierarchy 4 shape: torch.Size([32, 6, 140])
[2025-11-13 20:30:39,616][src.models.modules.semantic_id.tiger_generation_model][WARNING] - [rank: 0]   Hierarchy 5 shape: torch.Size([32, 6, 140])
[2025-11-13 20:30:40,483][src.models.modules.semantic_id.tiger_generation_model][INFO] - [rank: 0] Saved decoder self-attention to ./attention_weights/decoder_self_attention_batch_44.pt
[2025-11-13 20:30:40,484][src.models.modules.semantic_id.tiger_generation_model][INFO] - [rank: 0] Saved encoder attention to ./attention_weights/encoder_attention_batch_44.pt
[2025-11-13 20:30:40,484][src.models.modules.semantic_id.tiger_generation_model][INFO] - [rank: 0] Saved cross attention to ./attention_weights/cross_attention_batch_44.pt
[2025-11-13 20:30:40,495][src.models.modules.semantic_id.tiger_generation_model][INFO] - [rank: 0] 当前batch的生成语义ID Embedding相似度矩阵:
[[ 1.         -0.01470581  0.018193   -0.01461153  0.01205126 -0.02478245]
 [-0.01470581  1.         -0.03771085  0.00669468  0.01089975 -0.00915655]
 [ 0.018193   -0.03771085  1.          0.00723942 -0.01996585 -0.0106844 ]
 [-0.01461153  0.00669468  0.00723942  1.         -0.00551918  0.0051674 ]
 [ 0.01205126  0.01089975 -0.01996585 -0.00551918  1.          0.02505784]
 [-0.02478245 -0.00915655 -0.0106844   0.0051674   0.02505784  1.0000004 ]]
[2025-11-13 20:30:41,866][src.models.modules.semantic_id.tiger_generation_model][INFO] - [rank: 0] 当前batch的输入Item Hierarchy Embedding相似度矩阵:
[[ 9.9999994e-01 -9.7813550e-03  6.5314905e-03  5.2675125e-03
   2.5228413e-03 -2.2964727e-03]
 [-9.7813550e-03  9.9999994e-01  8.6105391e-03  1.6435004e-04
   5.7312637e-03 -6.7446386e-03]
 [ 6.5314905e-03  8.6105391e-03  9.9999994e-01  2.6382178e-03
  -4.8740339e-03  7.0098755e-03]
 [ 5.2675125e-03  1.6435004e-04  2.6382178e-03  9.9999994e-01
  -1.5464034e-02  4.1624540e-03]
 [ 2.5228413e-03  5.7312637e-03 -4.8740339e-03 -1.5464034e-02
   9.9999994e-01  6.0153278e-03]
 [-2.2964727e-03 -6.7446386e-03  7.0098755e-03  4.1624540e-03
   6.0153278e-03  1.0000000e+00]]
[2025-11-13 20:30:42,550][src.models.modules.semantic_id.tiger_generation_model][WARNING] - [rank: 0] Failed to stack cross attentions: stack expects each tensor to be equal size, but got [32, 6, 140] at entry 0 and [32, 6, 2, 140] at entry 1
[2025-11-13 20:30:42,551][src.models.modules.semantic_id.tiger_generation_model][WARNING] - [rank: 0]   Hierarchy 0 shape: torch.Size([32, 6, 140])
[2025-11-13 20:30:42,551][src.models.modules.semantic_id.tiger_generation_model][WARNING] - [rank: 0]   Hierarchy 1 shape: torch.Size([32, 6, 2, 140])
[2025-11-13 20:30:42,551][src.models.modules.semantic_id.tiger_generation_model][WARNING] - [rank: 0]   Hierarchy 2 shape: torch.Size([32, 6, 140])
[2025-11-13 20:30:42,551][src.models.modules.semantic_id.tiger_generation_model][WARNING] - [rank: 0]   Hierarchy 3 shape: torch.Size([32, 6, 140])
[2025-11-13 20:30:42,551][src.models.modules.semantic_id.tiger_generation_model][WARNING] - [rank: 0]   Hierarchy 4 shape: torch.Size([32, 6, 140])
[2025-11-13 20:30:42,552][src.models.modules.semantic_id.tiger_generation_model][WARNING] - [rank: 0]   Hierarchy 5 shape: torch.Size([32, 6, 140])
[2025-11-13 20:30:42,788][src.models.modules.semantic_id.tiger_generation_model][INFO] - [rank: 0] Saved decoder self-attention to ./attention_weights/decoder_self_attention_batch_45.pt
[2025-11-13 20:30:42,789][src.models.modules.semantic_id.tiger_generation_model][INFO] - [rank: 0] Saved encoder attention to ./attention_weights/encoder_attention_batch_45.pt
[2025-11-13 20:30:42,799][src.models.modules.semantic_id.tiger_generation_model][INFO] - [rank: 0] Saved cross attention to ./attention_weights/cross_attention_batch_45.pt
[2025-11-13 20:30:42,807][src.models.modules.semantic_id.tiger_generation_model][INFO] - [rank: 0] 当前batch的生成语义ID Embedding相似度矩阵:
[[ 1.00000000e+00  5.33553679e-03 -7.88880885e-03 -4.35430557e-05
   1.52938645e-02 -2.87956535e-03]
 [ 5.33553679e-03  1.00000000e+00  1.58623178e-02 -2.84374226e-03
  -2.85617057e-02  4.51917201e-03]
 [-7.88880885e-03  1.58623178e-02  1.00000000e+00 -1.07163563e-03
  -1.19678536e-02  1.40055567e-02]
 [-4.35430557e-05 -2.84374226e-03 -1.07163563e-03  1.00000000e+00
   1.82280205e-02 -3.32959858e-03]
 [ 1.52938645e-02 -2.85617057e-02 -1.19678536e-02  1.82280205e-02
   1.00000000e+00  2.80365199e-02]
 [-2.87956535e-03  4.51917201e-03  1.40055567e-02 -3.32959858e-03
   2.80365199e-02  1.00000036e+00]]
[2025-11-13 20:30:44,515][src.models.modules.semantic_id.tiger_generation_model][INFO] - [rank: 0] 当前batch的输入Item Hierarchy Embedding相似度矩阵:
[[ 1.0000000e+00 -1.7730290e-02 -5.8973460e-03  8.5750706e-03
  -7.5698044e-04  2.0577932e-02]
 [-1.7730290e-02  1.0000000e+00  1.3921131e-02  9.5819514e-03
  -1.4091873e-03 -1.1867529e-02]
 [-5.8973460e-03  1.3921131e-02  1.0000000e+00  1.3637878e-02
  -1.2636218e-02  2.7833169e-03]
 [ 8.5750706e-03  9.5819514e-03  1.3637878e-02  1.0000000e+00
  -1.2777520e-02  4.8231673e-03]
 [-7.5698044e-04 -1.4091873e-03 -1.2636218e-02 -1.2777520e-02
   1.0000000e+00  6.9055255e-03]
 [ 2.0577932e-02 -1.1867529e-02  2.7833169e-03  4.8231673e-03
   6.9055255e-03  1.0000004e+00]]
[2025-11-13 20:30:45,340][src.models.modules.semantic_id.tiger_generation_model][WARNING] - [rank: 0] Failed to stack cross attentions: stack expects each tensor to be equal size, but got [32, 6, 140] at entry 0 and [32, 6, 2, 140] at entry 1
[2025-11-13 20:30:45,341][src.models.modules.semantic_id.tiger_generation_model][WARNING] - [rank: 0]   Hierarchy 0 shape: torch.Size([32, 6, 140])
[2025-11-13 20:30:45,342][src.models.modules.semantic_id.tiger_generation_model][WARNING] - [rank: 0]   Hierarchy 1 shape: torch.Size([32, 6, 2, 140])
[2025-11-13 20:30:45,342][src.models.modules.semantic_id.tiger_generation_model][WARNING] - [rank: 0]   Hierarchy 2 shape: torch.Size([32, 6, 140])
[2025-11-13 20:30:45,342][src.models.modules.semantic_id.tiger_generation_model][WARNING] - [rank: 0]   Hierarchy 3 shape: torch.Size([32, 6, 140])
[2025-11-13 20:30:45,342][src.models.modules.semantic_id.tiger_generation_model][WARNING] - [rank: 0]   Hierarchy 4 shape: torch.Size([32, 6, 140])
[2025-11-13 20:30:45,342][src.models.modules.semantic_id.tiger_generation_model][WARNING] - [rank: 0]   Hierarchy 5 shape: torch.Size([32, 6, 140])
[2025-11-13 20:30:45,887][src.models.modules.semantic_id.tiger_generation_model][INFO] - [rank: 0] Saved decoder self-attention to ./attention_weights/decoder_self_attention_batch_46.pt
[2025-11-13 20:30:45,888][src.models.modules.semantic_id.tiger_generation_model][INFO] - [rank: 0] Saved encoder attention to ./attention_weights/encoder_attention_batch_46.pt
[2025-11-13 20:30:45,888][src.models.modules.semantic_id.tiger_generation_model][INFO] - [rank: 0] Saved cross attention to ./attention_weights/cross_attention_batch_46.pt
[2025-11-13 20:30:45,894][src.models.modules.semantic_id.tiger_generation_model][INFO] - [rank: 0] 当前batch的生成语义ID Embedding相似度矩阵:
[[ 0.99999994 -0.01964989  0.00976415 -0.01574103  0.01988372 -0.02577753]
 [-0.01964989  1.         -0.00310442  0.00149724  0.00270322 -0.01370258]
 [ 0.00976415 -0.00310442  1.          0.02214929  0.00934352 -0.00777464]
 [-0.01574103  0.00149724  0.02214929  1.          0.01139276 -0.01274902]
 [ 0.01988372  0.00270322  0.00934352  0.01139276  1.0000001   0.01176671]
 [-0.02577753 -0.01370258 -0.00777464 -0.01274902  0.01176671  1.0000004 ]]
[2025-11-13 20:30:46,954][src.models.modules.semantic_id.tiger_generation_model][INFO] - [rank: 0] 当前batch的输入Item Hierarchy Embedding相似度矩阵:
[[ 9.99999940e-01  3.12115531e-03 -6.28507975e-03 -1.60296413e-03
   7.38507230e-03  4.67145676e-03]
 [ 3.12115531e-03  9.99999940e-01  4.14382579e-04  7.06200209e-03
  -1.03908060e-02 -1.07105095e-02]
 [-6.28507975e-03  4.14382579e-04  9.99999940e-01 -9.68182273e-03
  -2.69747735e-03 -1.07574156e-02]
 [-1.60296413e-03  7.06200209e-03 -9.68182273e-03  9.99999940e-01
  -9.90152545e-03  1.60868857e-02]
 [ 7.38507230e-03 -1.03908060e-02 -2.69747735e-03 -9.90152545e-03
   9.99999940e-01  2.04503760e-02]
 [ 4.67145676e-03 -1.07105095e-02 -1.07574156e-02  1.60868857e-02
   2.04503760e-02  1.00000000e+00]]
[2025-11-13 20:30:48,052][src.models.modules.semantic_id.tiger_generation_model][WARNING] - [rank: 0] Failed to stack cross attentions: stack expects each tensor to be equal size, but got [32, 6, 140] at entry 0 and [32, 6, 2, 140] at entry 1
[2025-11-13 20:30:48,052][src.models.modules.semantic_id.tiger_generation_model][WARNING] - [rank: 0]   Hierarchy 0 shape: torch.Size([32, 6, 140])
[2025-11-13 20:30:48,053][src.models.modules.semantic_id.tiger_generation_model][WARNING] - [rank: 0]   Hierarchy 1 shape: torch.Size([32, 6, 2, 140])
[2025-11-13 20:30:48,053][src.models.modules.semantic_id.tiger_generation_model][WARNING] - [rank: 0]   Hierarchy 2 shape: torch.Size([32, 6, 140])
[2025-11-13 20:30:48,053][src.models.modules.semantic_id.tiger_generation_model][WARNING] - [rank: 0]   Hierarchy 3 shape: torch.Size([32, 6, 140])
[2025-11-13 20:30:48,053][src.models.modules.semantic_id.tiger_generation_model][WARNING] - [rank: 0]   Hierarchy 4 shape: torch.Size([32, 6, 140])
[2025-11-13 20:30:48,053][src.models.modules.semantic_id.tiger_generation_model][WARNING] - [rank: 0]   Hierarchy 5 shape: torch.Size([32, 6, 140])
[2025-11-13 20:30:48,532][src.models.modules.semantic_id.tiger_generation_model][INFO] - [rank: 0] Saved decoder self-attention to ./attention_weights/decoder_self_attention_batch_47.pt
[2025-11-13 20:30:48,532][src.models.modules.semantic_id.tiger_generation_model][INFO] - [rank: 0] Saved encoder attention to ./attention_weights/encoder_attention_batch_47.pt
[2025-11-13 20:30:48,533][src.models.modules.semantic_id.tiger_generation_model][INFO] - [rank: 0] Saved cross attention to ./attention_weights/cross_attention_batch_47.pt
[2025-11-13 20:30:48,545][src.models.modules.semantic_id.tiger_generation_model][INFO] - [rank: 0] 当前batch的生成语义ID Embedding相似度矩阵:
[[ 9.9999994e-01  6.4751580e-03  5.5779502e-02 -1.8248126e-02
   3.8885828e-02 -2.2571817e-02]
 [ 6.4751580e-03  1.0000000e+00 -1.1685143e-02  1.8160855e-02
  -2.5529355e-02  3.2918097e-04]
 [ 5.5779502e-02 -1.1685143e-02  1.0000000e+00  1.2898162e-02
   1.6164230e-02 -5.8391001e-03]
 [-1.8248126e-02  1.8160855e-02  1.2898162e-02  1.0000000e+00
  -9.0067824e-03  1.5315617e-02]
 [ 3.8885828e-02 -2.5529355e-02  1.6164230e-02 -9.0067824e-03
   1.0000000e+00  2.8376007e-02]
 [-2.2571817e-02  3.2918097e-04 -5.8391001e-03  1.5315617e-02
   2.8376007e-02  1.0000004e+00]]
[2025-11-13 20:30:49,692][src.models.modules.semantic_id.tiger_generation_model][INFO] - [rank: 0] 当前batch的输入Item Hierarchy Embedding相似度矩阵:
[[ 9.9999994e-01 -1.7750602e-02  4.3272940e-04 -3.9556287e-03
  -2.3313994e-03 -1.4788052e-02]
 [-1.7750602e-02  9.9999994e-01  7.3114350e-03 -9.6960797e-04
  -3.0916689e-03 -1.4094679e-02]
 [ 4.3272940e-04  7.3114350e-03  9.9999994e-01  6.8831160e-03
  -1.0667004e-03  3.2306090e-03]
 [-3.9556287e-03 -9.6960797e-04  6.8831160e-03  9.9999994e-01
   3.0976650e-03 -5.2709021e-03]
 [-2.3313994e-03 -3.0916689e-03 -1.0667004e-03  3.0976650e-03
   9.9999994e-01  6.2034568e-03]
 [-1.4788052e-02 -1.4094679e-02  3.2306090e-03 -5.2709021e-03
   6.2034568e-03  1.0000004e+00]]
[2025-11-13 20:30:50,669][src.models.modules.semantic_id.tiger_generation_model][WARNING] - [rank: 0] Failed to stack cross attentions: stack expects each tensor to be equal size, but got [32, 6, 140] at entry 0 and [32, 6, 2, 140] at entry 1
[2025-11-13 20:30:50,669][src.models.modules.semantic_id.tiger_generation_model][WARNING] - [rank: 0]   Hierarchy 0 shape: torch.Size([32, 6, 140])
[2025-11-13 20:30:50,669][src.models.modules.semantic_id.tiger_generation_model][WARNING] - [rank: 0]   Hierarchy 1 shape: torch.Size([32, 6, 2, 140])
[2025-11-13 20:30:50,670][src.models.modules.semantic_id.tiger_generation_model][WARNING] - [rank: 0]   Hierarchy 2 shape: torch.Size([32, 6, 140])
[2025-11-13 20:30:50,670][src.models.modules.semantic_id.tiger_generation_model][WARNING] - [rank: 0]   Hierarchy 3 shape: torch.Size([32, 6, 140])
[2025-11-13 20:30:50,670][src.models.modules.semantic_id.tiger_generation_model][WARNING] - [rank: 0]   Hierarchy 4 shape: torch.Size([32, 6, 140])
[2025-11-13 20:30:50,670][src.models.modules.semantic_id.tiger_generation_model][WARNING] - [rank: 0]   Hierarchy 5 shape: torch.Size([32, 6, 140])
[2025-11-13 20:30:51,394][src.models.modules.semantic_id.tiger_generation_model][INFO] - [rank: 0] Saved decoder self-attention to ./attention_weights/decoder_self_attention_batch_48.pt
[2025-11-13 20:30:51,394][src.models.modules.semantic_id.tiger_generation_model][INFO] - [rank: 0] Saved encoder attention to ./attention_weights/encoder_attention_batch_48.pt
[2025-11-13 20:30:51,395][src.models.modules.semantic_id.tiger_generation_model][INFO] - [rank: 0] Saved cross attention to ./attention_weights/cross_attention_batch_48.pt
[2025-11-13 20:30:51,403][src.models.modules.semantic_id.tiger_generation_model][INFO] - [rank: 0] 当前batch的生成语义ID Embedding相似度矩阵:
[[ 0.99999994  0.01937329  0.00713625  0.01561814  0.00502599  0.02523734]
 [ 0.01937329  1.         -0.00748392 -0.0042506  -0.0094954  -0.02206765]
 [ 0.00713625 -0.00748392  1.         -0.0229656  -0.03133778 -0.01146393]
 [ 0.01561814 -0.0042506  -0.0229656   1.         -0.00175341  0.01573976]
 [ 0.00502599 -0.0094954  -0.03133778 -0.00175341  1.          0.01860035]
 [ 0.02523734 -0.02206765 -0.01146393  0.01573976  0.01860035  1.0000004 ]]
[2025-11-13 20:30:52,807][src.models.modules.semantic_id.tiger_generation_model][INFO] - [rank: 0] 当前batch的输入Item Hierarchy Embedding相似度矩阵:
[[ 1.0000000e+00 -1.2686055e-02 -6.5667350e-03 -2.2318243e-04
   5.6809750e-03  5.4290071e-03]
 [-1.2686055e-02  1.0000000e+00  1.3764040e-02  3.1874832e-03
  -1.8066337e-03 -7.2454698e-03]
 [-6.5667350e-03  1.3764040e-02  1.0000000e+00  6.2265554e-03
  -5.2227480e-03  1.1143633e-02]
 [-2.2318243e-04  3.1874832e-03  6.2265554e-03  1.0000000e+00
  -1.0552079e-02  8.2717482e-03]
 [ 5.6809750e-03 -1.8066337e-03 -5.2227480e-03 -1.0552079e-02
   1.0000000e+00  8.1209363e-03]
 [ 5.4290071e-03 -7.2454698e-03  1.1143633e-02  8.2717482e-03
   8.1209363e-03  1.0000004e+00]]
[2025-11-13 20:30:54,008][src.models.modules.semantic_id.tiger_generation_model][WARNING] - [rank: 0] Failed to stack cross attentions: stack expects each tensor to be equal size, but got [32, 6, 140] at entry 0 and [32, 6, 2, 140] at entry 1
[2025-11-13 20:30:54,009][src.models.modules.semantic_id.tiger_generation_model][WARNING] - [rank: 0]   Hierarchy 0 shape: torch.Size([32, 6, 140])
[2025-11-13 20:30:54,009][src.models.modules.semantic_id.tiger_generation_model][WARNING] - [rank: 0]   Hierarchy 1 shape: torch.Size([32, 6, 2, 140])
[2025-11-13 20:30:54,009][src.models.modules.semantic_id.tiger_generation_model][WARNING] - [rank: 0]   Hierarchy 2 shape: torch.Size([32, 6, 140])
[2025-11-13 20:30:54,009][src.models.modules.semantic_id.tiger_generation_model][WARNING] - [rank: 0]   Hierarchy 3 shape: torch.Size([32, 6, 140])
[2025-11-13 20:30:54,009][src.models.modules.semantic_id.tiger_generation_model][WARNING] - [rank: 0]   Hierarchy 4 shape: torch.Size([32, 6, 140])
[2025-11-13 20:30:54,009][src.models.modules.semantic_id.tiger_generation_model][WARNING] - [rank: 0]   Hierarchy 5 shape: torch.Size([32, 6, 140])
[2025-11-13 20:30:54,292][src.models.modules.semantic_id.tiger_generation_model][INFO] - [rank: 0] Saved decoder self-attention to ./attention_weights/decoder_self_attention_batch_49.pt
[2025-11-13 20:30:54,293][src.models.modules.semantic_id.tiger_generation_model][INFO] - [rank: 0] Saved encoder attention to ./attention_weights/encoder_attention_batch_49.pt
[2025-11-13 20:30:54,293][src.models.modules.semantic_id.tiger_generation_model][INFO] - [rank: 0] Saved cross attention to ./attention_weights/cross_attention_batch_49.pt
[2025-11-13 20:30:54,300][src.models.modules.semantic_id.tiger_generation_model][INFO] - [rank: 0] 当前batch的生成语义ID Embedding相似度矩阵:
[[ 1.00000000e+00  1.33256260e-02 -1.06402775e-02 -9.44123231e-03
   2.24793591e-02 -1.58693343e-02]
 [ 1.33256260e-02  1.00000000e+00 -3.53934169e-02 -2.22506505e-02
   5.21798152e-04  1.74989086e-02]
 [-1.06402775e-02 -3.53934169e-02  1.00000000e+00  1.81730092e-02
  -7.09760282e-03 -4.78905952e-03]
 [-9.44123231e-03 -2.22506505e-02  1.81730092e-02  1.00000000e+00
   5.35938889e-04  5.81587572e-03]
 [ 2.24793591e-02  5.21798152e-04 -7.09760282e-03  5.35938889e-04
   1.00000000e+00  7.42484909e-03]
 [-1.58693343e-02  1.74989086e-02 -4.78905952e-03  5.81587572e-03
   7.42484909e-03  1.00000036e+00]]
[2025-11-13 20:30:55,566][src.models.modules.semantic_id.tiger_generation_model][INFO] - [rank: 0] 当前batch的输入Item Hierarchy Embedding相似度矩阵:
[[ 1.         -0.00313966  0.00734468  0.01029222  0.00721779  0.00116138]
 [-0.00313966  1.          0.01201962  0.01585958  0.00909234 -0.00377811]
 [ 0.00734468  0.01201962  1.          0.00533143 -0.00182662 -0.00275205]
 [ 0.01029222  0.01585958  0.00533143  1.         -0.01048657  0.01768649]
 [ 0.00721779  0.00909234 -0.00182662 -0.01048657  1.         -0.01004384]
 [ 0.00116138 -0.00377811 -0.00275205  0.01768649 -0.01004384  1.0000004 ]]
[2025-11-13 20:30:56,641][src.models.modules.semantic_id.tiger_generation_model][WARNING] - [rank: 0] Failed to stack cross attentions: stack expects each tensor to be equal size, but got [32, 6, 140] at entry 0 and [32, 6, 2, 140] at entry 1
[2025-11-13 20:30:56,641][src.models.modules.semantic_id.tiger_generation_model][WARNING] - [rank: 0]   Hierarchy 0 shape: torch.Size([32, 6, 140])
[2025-11-13 20:30:56,642][src.models.modules.semantic_id.tiger_generation_model][WARNING] - [rank: 0]   Hierarchy 1 shape: torch.Size([32, 6, 2, 140])
[2025-11-13 20:30:56,642][src.models.modules.semantic_id.tiger_generation_model][WARNING] - [rank: 0]   Hierarchy 2 shape: torch.Size([32, 6, 140])
[2025-11-13 20:30:56,642][src.models.modules.semantic_id.tiger_generation_model][WARNING] - [rank: 0]   Hierarchy 3 shape: torch.Size([32, 6, 140])
[2025-11-13 20:30:56,642][src.models.modules.semantic_id.tiger_generation_model][WARNING] - [rank: 0]   Hierarchy 4 shape: torch.Size([32, 6, 140])
[2025-11-13 20:30:56,642][src.models.modules.semantic_id.tiger_generation_model][WARNING] - [rank: 0]   Hierarchy 5 shape: torch.Size([32, 6, 140])
[2025-11-13 20:30:57,319][src.models.modules.semantic_id.tiger_generation_model][INFO] - [rank: 0] Saved decoder self-attention to ./attention_weights/decoder_self_attention_batch_50.pt
[2025-11-13 20:30:57,319][src.models.modules.semantic_id.tiger_generation_model][INFO] - [rank: 0] Saved encoder attention to ./attention_weights/encoder_attention_batch_50.pt
[2025-11-13 20:30:57,319][src.models.modules.semantic_id.tiger_generation_model][INFO] - [rank: 0] Saved cross attention to ./attention_weights/cross_attention_batch_50.pt
[2025-11-13 20:30:57,327][src.models.modules.semantic_id.tiger_generation_model][INFO] - [rank: 0] 当前batch的生成语义ID Embedding相似度矩阵:
[[ 1.         -0.02451086 -0.02566206 -0.02611161 -0.00479457  0.00335686]
 [-0.02451086  1.          0.0399122   0.01041205 -0.01893261 -0.01306782]
 [-0.02566206  0.0399122   1.          0.02876386  0.00450286 -0.00925274]
 [-0.02611161  0.01041205  0.02876386  1.         -0.00802819 -0.00702531]
 [-0.00479457 -0.01893261  0.00450286 -0.00802819  1.          0.03061987]
 [ 0.00335686 -0.01306782 -0.00925274 -0.00702531  0.03061987  1.0000004 ]]
[2025-11-13 20:30:58,780][src.models.modules.semantic_id.tiger_generation_model][INFO] - [rank: 0] 当前batch的输入Item Hierarchy Embedding相似度矩阵:
[[ 1.0000000e+00 -1.7286413e-03  3.0931614e-03 -1.2750596e-02
   6.5265852e-03  4.8051025e-03]
 [-1.7286413e-03  1.0000000e+00 -1.1388968e-02  1.6861824e-02
   1.1318668e-02 -1.5215105e-03]
 [ 3.0931614e-03 -1.1388968e-02  1.0000000e+00 -1.0975990e-02
  -9.2440197e-04 -1.0603162e-03]
 [-1.2750596e-02  1.6861824e-02 -1.0975990e-02  1.0000000e+00
   2.3197986e-03  1.3391011e-02]
 [ 6.5265852e-03  1.1318668e-02 -9.2440197e-04  2.3197986e-03
   1.0000000e+00  6.2663909e-03]
 [ 4.8051025e-03 -1.5215105e-03 -1.0603162e-03  1.3391011e-02
   6.2663909e-03  1.0000004e+00]]
[2025-11-13 20:30:59,751][src.models.modules.semantic_id.tiger_generation_model][WARNING] - [rank: 0] Failed to stack cross attentions: stack expects each tensor to be equal size, but got [32, 6, 140] at entry 0 and [32, 6, 2, 140] at entry 1
[2025-11-13 20:30:59,752][src.models.modules.semantic_id.tiger_generation_model][WARNING] - [rank: 0]   Hierarchy 0 shape: torch.Size([32, 6, 140])
[2025-11-13 20:30:59,752][src.models.modules.semantic_id.tiger_generation_model][WARNING] - [rank: 0]   Hierarchy 1 shape: torch.Size([32, 6, 2, 140])
[2025-11-13 20:30:59,752][src.models.modules.semantic_id.tiger_generation_model][WARNING] - [rank: 0]   Hierarchy 2 shape: torch.Size([32, 6, 140])
[2025-11-13 20:30:59,752][src.models.modules.semantic_id.tiger_generation_model][WARNING] - [rank: 0]   Hierarchy 3 shape: torch.Size([32, 6, 140])
[2025-11-13 20:30:59,752][src.models.modules.semantic_id.tiger_generation_model][WARNING] - [rank: 0]   Hierarchy 4 shape: torch.Size([32, 6, 140])
[2025-11-13 20:30:59,752][src.models.modules.semantic_id.tiger_generation_model][WARNING] - [rank: 0]   Hierarchy 5 shape: torch.Size([32, 6, 140])
[2025-11-13 20:31:00,037][src.models.modules.semantic_id.tiger_generation_model][INFO] - [rank: 0] Saved decoder self-attention to ./attention_weights/decoder_self_attention_batch_51.pt
[2025-11-13 20:31:00,037][src.models.modules.semantic_id.tiger_generation_model][INFO] - [rank: 0] Saved encoder attention to ./attention_weights/encoder_attention_batch_51.pt
[2025-11-13 20:31:00,037][src.models.modules.semantic_id.tiger_generation_model][INFO] - [rank: 0] Saved cross attention to ./attention_weights/cross_attention_batch_51.pt
[2025-11-13 20:31:00,045][src.models.modules.semantic_id.tiger_generation_model][INFO] - [rank: 0] 当前batch的生成语义ID Embedding相似度矩阵:
[[ 9.9999988e-01 -3.2792571e-03 -2.6382843e-02 -5.4795396e-02
   3.6542177e-02  1.3185114e-02]
 [-3.2792571e-03  1.0000000e+00 -5.2628350e-03 -4.1119638e-03
  -3.0898059e-02 -7.6604099e-04]
 [-2.6382843e-02 -5.2628350e-03  1.0000000e+00  1.7084021e-02
  -2.8809898e-02  1.6671529e-02]
 [-5.4795396e-02 -4.1119638e-03  1.7084021e-02  1.0000000e+00
   2.5976364e-02  1.2287616e-02]
 [ 3.6542177e-02 -3.0898059e-02 -2.8809898e-02  2.5976364e-02
   1.0000001e+00 -3.3691574e-02]
 [ 1.3185114e-02 -7.6604099e-04  1.6671529e-02  1.2287616e-02
  -3.3691574e-02  1.0000004e+00]]
[2025-11-13 20:31:01,279][src.models.modules.semantic_id.tiger_generation_model][INFO] - [rank: 0] 当前batch的输入Item Hierarchy Embedding相似度矩阵:
[[ 1.0000000e+00 -2.1338859e-03 -8.8512525e-03  8.1198826e-04
  -5.2229310e-03 -3.1157383e-03]
 [-2.1338859e-03  1.0000000e+00 -4.5393952e-04  1.4388084e-02
  -1.6484637e-02 -1.6383810e-02]
 [-8.8512525e-03 -4.5393952e-04  1.0000000e+00 -4.6213865e-03
  -1.5781786e-02 -1.5348390e-03]
 [ 8.1198826e-04  1.4388084e-02 -4.6213865e-03  1.0000000e+00
  -3.0904938e-02  1.4039839e-03]
 [-5.2229310e-03 -1.6484637e-02 -1.5781786e-02 -3.0904938e-02
   1.0000000e+00  1.9784188e-03]
 [-3.1157383e-03 -1.6383810e-02 -1.5348390e-03  1.4039839e-03
   1.9784188e-03  1.0000005e+00]]
[2025-11-13 20:31:02,360][src.models.modules.semantic_id.tiger_generation_model][WARNING] - [rank: 0] Failed to stack cross attentions: stack expects each tensor to be equal size, but got [32, 6, 140] at entry 0 and [32, 6, 2, 140] at entry 1
[2025-11-13 20:31:02,360][src.models.modules.semantic_id.tiger_generation_model][WARNING] - [rank: 0]   Hierarchy 0 shape: torch.Size([32, 6, 140])
[2025-11-13 20:31:02,361][src.models.modules.semantic_id.tiger_generation_model][WARNING] - [rank: 0]   Hierarchy 1 shape: torch.Size([32, 6, 2, 140])
[2025-11-13 20:31:02,361][src.models.modules.semantic_id.tiger_generation_model][WARNING] - [rank: 0]   Hierarchy 2 shape: torch.Size([32, 6, 140])
[2025-11-13 20:31:02,361][src.models.modules.semantic_id.tiger_generation_model][WARNING] - [rank: 0]   Hierarchy 3 shape: torch.Size([32, 6, 140])
[2025-11-13 20:31:02,361][src.models.modules.semantic_id.tiger_generation_model][WARNING] - [rank: 0]   Hierarchy 4 shape: torch.Size([32, 6, 140])
[2025-11-13 20:31:02,361][src.models.modules.semantic_id.tiger_generation_model][WARNING] - [rank: 0]   Hierarchy 5 shape: torch.Size([32, 6, 140])
[2025-11-13 20:31:02,594][src.models.modules.semantic_id.tiger_generation_model][INFO] - [rank: 0] Saved decoder self-attention to ./attention_weights/decoder_self_attention_batch_52.pt
[2025-11-13 20:31:02,594][src.models.modules.semantic_id.tiger_generation_model][INFO] - [rank: 0] Saved encoder attention to ./attention_weights/encoder_attention_batch_52.pt
[2025-11-13 20:31:02,594][src.models.modules.semantic_id.tiger_generation_model][INFO] - [rank: 0] Saved cross attention to ./attention_weights/cross_attention_batch_52.pt
[2025-11-13 20:31:02,604][src.models.modules.semantic_id.tiger_generation_model][INFO] - [rank: 0] 当前batch的生成语义ID Embedding相似度矩阵:
[[ 1.0000000e+00 -1.6341988e-02 -2.8920194e-02 -5.3736940e-04
   2.6123649e-02  9.8328916e-03]
 [-1.6341988e-02  1.0000000e+00 -1.2012990e-03 -5.7157963e-03
  -3.7029866e-02  1.8035807e-02]
 [-2.8920194e-02 -1.2012990e-03  9.9999988e-01 -1.9351725e-02
   1.7565267e-02  6.1499514e-03]
 [-5.3736940e-04 -5.7157963e-03 -1.9351725e-02  1.0000000e+00
  -4.1813431e-03  5.3457241e-03]
 [ 2.6123649e-02 -3.7029866e-02  1.7565267e-02 -4.1813431e-03
   1.0000001e+00  3.0772932e-02]
 [ 9.8328916e-03  1.8035807e-02  6.1499514e-03  5.3457241e-03
   3.0772932e-02  1.0000004e+00]]
[2025-11-13 20:31:03,771][src.models.modules.semantic_id.tiger_generation_model][INFO] - [rank: 0] 当前batch的输入Item Hierarchy Embedding相似度矩阵:
[[ 0.99999994  0.00541003 -0.00718228 -0.01012979 -0.00651262  0.01845445]
 [ 0.00541003  0.99999994 -0.00437535 -0.00167284 -0.00771884 -0.01538539]
 [-0.00718228 -0.00437535  0.99999994 -0.01142244  0.01127678  0.00366879]
 [-0.01012979 -0.00167284 -0.01142244  0.99999994 -0.00844222  0.00285674]
 [-0.00651262 -0.00771884  0.01127678 -0.00844222  0.99999994  0.01982366]
 [ 0.01845445 -0.01538539  0.00366879  0.00285674  0.01982366  1.        ]]
[2025-11-13 20:31:05,543][src.models.modules.semantic_id.tiger_generation_model][WARNING] - [rank: 0] Failed to stack cross attentions: stack expects each tensor to be equal size, but got [32, 6, 140] at entry 0 and [32, 6, 2, 140] at entry 1
[2025-11-13 20:31:05,546][src.models.modules.semantic_id.tiger_generation_model][WARNING] - [rank: 0]   Hierarchy 0 shape: torch.Size([32, 6, 140])
[2025-11-13 20:31:05,546][src.models.modules.semantic_id.tiger_generation_model][WARNING] - [rank: 0]   Hierarchy 1 shape: torch.Size([32, 6, 2, 140])
[2025-11-13 20:31:05,547][src.models.modules.semantic_id.tiger_generation_model][WARNING] - [rank: 0]   Hierarchy 2 shape: torch.Size([32, 6, 140])
[2025-11-13 20:31:05,547][src.models.modules.semantic_id.tiger_generation_model][WARNING] - [rank: 0]   Hierarchy 3 shape: torch.Size([32, 6, 140])
[2025-11-13 20:31:05,547][src.models.modules.semantic_id.tiger_generation_model][WARNING] - [rank: 0]   Hierarchy 4 shape: torch.Size([32, 6, 140])
[2025-11-13 20:31:05,547][src.models.modules.semantic_id.tiger_generation_model][WARNING] - [rank: 0]   Hierarchy 5 shape: torch.Size([32, 6, 140])
[2025-11-13 20:31:05,948][src.models.modules.semantic_id.tiger_generation_model][INFO] - [rank: 0] Saved decoder self-attention to ./attention_weights/decoder_self_attention_batch_53.pt
[2025-11-13 20:31:05,948][src.models.modules.semantic_id.tiger_generation_model][INFO] - [rank: 0] Saved encoder attention to ./attention_weights/encoder_attention_batch_53.pt
[2025-11-13 20:31:05,949][src.models.modules.semantic_id.tiger_generation_model][INFO] - [rank: 0] Saved cross attention to ./attention_weights/cross_attention_batch_53.pt
[2025-11-13 20:31:05,959][src.models.modules.semantic_id.tiger_generation_model][INFO] - [rank: 0] 当前batch的生成语义ID Embedding相似度矩阵:
[[ 9.9999988e-01 -1.1981336e-02 -1.5326572e-02 -2.0619219e-02
   1.8372092e-02  2.5144134e-02]
 [-1.1981336e-02  1.0000000e+00  1.3079313e-02 -5.1641837e-04
  -2.2014618e-02 -1.4090117e-03]
 [-1.5326572e-02  1.3079313e-02  1.0000000e+00  2.9606067e-02
  -2.2548612e-02 -1.2413269e-02]
 [-2.0619219e-02 -5.1641837e-04  2.9606067e-02  1.0000000e+00
  -4.6418235e-04  3.9031124e-04]
 [ 1.8372092e-02 -2.2014618e-02 -2.2548612e-02 -4.6418235e-04
   1.0000000e+00  4.0553465e-02]
 [ 2.5144134e-02 -1.4090117e-03 -1.2413269e-02  3.9031124e-04
   4.0553465e-02  1.0000004e+00]]
[2025-11-13 20:31:07,323][src.models.modules.semantic_id.tiger_generation_model][INFO] - [rank: 0] 当前batch的输入Item Hierarchy Embedding相似度矩阵:
[[ 1.0000000e+00 -1.1189761e-02 -8.3829984e-03 -3.4715023e-03
  -4.5141545e-03  6.9671166e-03]
 [-1.1189761e-02  1.0000000e+00  2.0018823e-02  5.1466706e-03
   1.2598677e-03 -2.0201797e-02]
 [-8.3829984e-03  2.0018823e-02  1.0000000e+00  8.1133097e-03
  -4.9507795e-03  1.2532105e-04]
 [-3.4715023e-03  5.1466706e-03  8.1133097e-03  1.0000000e+00
  -9.6752234e-03  1.3473043e-02]
 [-4.5141545e-03  1.2598677e-03 -4.9507795e-03 -9.6752234e-03
   1.0000000e+00  8.1870975e-03]
 [ 6.9671166e-03 -2.0201797e-02  1.2532105e-04  1.3473043e-02
   8.1870975e-03  1.0000005e+00]]
[2025-11-13 20:31:08,769][src.models.modules.semantic_id.tiger_generation_model][WARNING] - [rank: 0] Failed to stack cross attentions: stack expects each tensor to be equal size, but got [32, 6, 140] at entry 0 and [32, 6, 2, 140] at entry 1
[2025-11-13 20:31:08,770][src.models.modules.semantic_id.tiger_generation_model][WARNING] - [rank: 0]   Hierarchy 0 shape: torch.Size([32, 6, 140])
[2025-11-13 20:31:08,770][src.models.modules.semantic_id.tiger_generation_model][WARNING] - [rank: 0]   Hierarchy 1 shape: torch.Size([32, 6, 2, 140])
[2025-11-13 20:31:08,770][src.models.modules.semantic_id.tiger_generation_model][WARNING] - [rank: 0]   Hierarchy 2 shape: torch.Size([32, 6, 140])
[2025-11-13 20:31:08,771][src.models.modules.semantic_id.tiger_generation_model][WARNING] - [rank: 0]   Hierarchy 3 shape: torch.Size([32, 6, 140])
[2025-11-13 20:31:08,771][src.models.modules.semantic_id.tiger_generation_model][WARNING] - [rank: 0]   Hierarchy 4 shape: torch.Size([32, 6, 140])
[2025-11-13 20:31:08,771][src.models.modules.semantic_id.tiger_generation_model][WARNING] - [rank: 0]   Hierarchy 5 shape: torch.Size([32, 6, 140])
[2025-11-13 20:31:09,034][src.models.modules.semantic_id.tiger_generation_model][INFO] - [rank: 0] Saved decoder self-attention to ./attention_weights/decoder_self_attention_batch_54.pt
[2025-11-13 20:31:09,034][src.models.modules.semantic_id.tiger_generation_model][INFO] - [rank: 0] Saved encoder attention to ./attention_weights/encoder_attention_batch_54.pt
[2025-11-13 20:31:09,034][src.models.modules.semantic_id.tiger_generation_model][INFO] - [rank: 0] Saved cross attention to ./attention_weights/cross_attention_batch_54.pt
[2025-11-13 20:31:09,041][src.models.modules.semantic_id.tiger_generation_model][INFO] - [rank: 0] 当前batch的生成语义ID Embedding相似度矩阵:
[[ 9.9999994e-01 -2.0311728e-02 -1.7629936e-05 -2.3704322e-02
   1.8588101e-02 -3.9097499e-03]
 [-2.0311728e-02  9.9999988e-01 -2.9521003e-02  1.3647823e-02
   1.6634746e-03 -1.6009990e-02]
 [-1.7629936e-05 -2.9521003e-02  1.0000000e+00 -1.5471503e-03
  -2.1496562e-02 -1.1908976e-02]
 [-2.3704322e-02  1.3647823e-02 -1.5471503e-03  1.0000000e+00
  -1.8280722e-02  6.1657866e-03]
 [ 1.8588101e-02  1.6634746e-03 -2.1496562e-02 -1.8280722e-02
   1.0000000e+00  5.7200240e-03]
 [-3.9097499e-03 -1.6009990e-02 -1.1908976e-02  6.1657866e-03
   5.7200240e-03  1.0000004e+00]]
[2025-11-13 20:31:10,486][src.models.modules.semantic_id.tiger_generation_model][INFO] - [rank: 0] 当前batch的输入Item Hierarchy Embedding相似度矩阵:
[[ 1.         -0.00634134 -0.00335534  0.00554117 -0.0041715  -0.00670774]
 [-0.00634134  1.          0.01437273  0.00367218 -0.00944841  0.00104905]
 [-0.00335534  0.01437273  1.         -0.00560488 -0.00644862 -0.00478594]
 [ 0.00554117  0.00367218 -0.00560488  1.         -0.00475343  0.00689068]
 [-0.0041715  -0.00944841 -0.00644862 -0.00475343  1.          0.0157848 ]
 [-0.00670774  0.00104905 -0.00478594  0.00689068  0.0157848   1.0000005 ]]
[2025-11-13 20:31:11,329][src.models.modules.semantic_id.tiger_generation_model][WARNING] - [rank: 0] Failed to stack cross attentions: stack expects each tensor to be equal size, but got [32, 6, 140] at entry 0 and [32, 6, 2, 140] at entry 1
[2025-11-13 20:31:11,329][src.models.modules.semantic_id.tiger_generation_model][WARNING] - [rank: 0]   Hierarchy 0 shape: torch.Size([32, 6, 140])
[2025-11-13 20:31:11,330][src.models.modules.semantic_id.tiger_generation_model][WARNING] - [rank: 0]   Hierarchy 1 shape: torch.Size([32, 6, 2, 140])
[2025-11-13 20:31:11,330][src.models.modules.semantic_id.tiger_generation_model][WARNING] - [rank: 0]   Hierarchy 2 shape: torch.Size([32, 6, 140])
[2025-11-13 20:31:11,330][src.models.modules.semantic_id.tiger_generation_model][WARNING] - [rank: 0]   Hierarchy 3 shape: torch.Size([32, 6, 140])
[2025-11-13 20:31:11,330][src.models.modules.semantic_id.tiger_generation_model][WARNING] - [rank: 0]   Hierarchy 4 shape: torch.Size([32, 6, 140])
[2025-11-13 20:31:11,330][src.models.modules.semantic_id.tiger_generation_model][WARNING] - [rank: 0]   Hierarchy 5 shape: torch.Size([32, 6, 140])
[2025-11-13 20:31:11,528][src.models.modules.semantic_id.tiger_generation_model][INFO] - [rank: 0] Saved decoder self-attention to ./attention_weights/decoder_self_attention_batch_55.pt
[2025-11-13 20:31:11,529][src.models.modules.semantic_id.tiger_generation_model][INFO] - [rank: 0] Saved encoder attention to ./attention_weights/encoder_attention_batch_55.pt
[2025-11-13 20:31:11,529][src.models.modules.semantic_id.tiger_generation_model][INFO] - [rank: 0] Saved cross attention to ./attention_weights/cross_attention_batch_55.pt
[2025-11-13 20:31:11,539][src.models.modules.semantic_id.tiger_generation_model][INFO] - [rank: 0] 当前batch的生成语义ID Embedding相似度矩阵:
[[ 1.00000000e+00 -1.15253963e-02 -1.74746066e-02 -1.02231745e-02
   3.05122638e-04 -6.84300438e-03]
 [-1.15253963e-02  1.00000000e+00  2.47944910e-02  2.56585376e-03
  -3.89744230e-02  1.32271713e-02]
 [-1.74746066e-02  2.47944910e-02  1.00000000e+00  8.79533403e-03
   2.76148226e-02  2.21641287e-02]
 [-1.02231745e-02  2.56585376e-03  8.79533403e-03  1.00000000e+00
  -2.67767031e-02  1.69700813e-02]
 [ 3.05122638e-04 -3.89744230e-02  2.76148226e-02 -2.67767031e-02
   1.00000000e+00  4.72520553e-02]
 [-6.84300438e-03  1.32271713e-02  2.21641287e-02  1.69700813e-02
   4.72520553e-02  1.00000036e+00]]
[2025-11-13 20:31:12,704][src.models.modules.semantic_id.tiger_generation_model][INFO] - [rank: 0] 当前batch的输入Item Hierarchy Embedding相似度矩阵:
[[ 1.0000000e+00 -4.7750226e-03  7.1349507e-04  2.3906766e-03
  -8.9400280e-03 -4.4096019e-03]
 [-4.7750226e-03  1.0000000e+00 -7.5365473e-03  6.9698424e-04
   2.3499858e-03 -4.7119102e-04]
 [ 7.1349507e-04 -7.5365473e-03  1.0000000e+00 -2.6509310e-03
  -7.8678252e-03  6.8249516e-03]
 [ 2.3906766e-03  6.9698424e-04 -2.6509310e-03  1.0000000e+00
  -3.9319559e-03  7.1049025e-03]
 [-8.9400280e-03  2.3499858e-03 -7.8678252e-03 -3.9319559e-03
   1.0000000e+00  1.3526014e-02]
 [-4.4096019e-03 -4.7119102e-04  6.8249516e-03  7.1049025e-03
   1.3526014e-02  1.0000002e+00]]
[2025-11-13 20:31:13,571][src.models.modules.semantic_id.tiger_generation_model][WARNING] - [rank: 0] Failed to stack cross attentions: stack expects each tensor to be equal size, but got [32, 6, 140] at entry 0 and [32, 6, 2, 140] at entry 1
[2025-11-13 20:31:13,571][src.models.modules.semantic_id.tiger_generation_model][WARNING] - [rank: 0]   Hierarchy 0 shape: torch.Size([32, 6, 140])
[2025-11-13 20:31:13,571][src.models.modules.semantic_id.tiger_generation_model][WARNING] - [rank: 0]   Hierarchy 1 shape: torch.Size([32, 6, 2, 140])
[2025-11-13 20:31:13,571][src.models.modules.semantic_id.tiger_generation_model][WARNING] - [rank: 0]   Hierarchy 2 shape: torch.Size([32, 6, 140])
[2025-11-13 20:31:13,572][src.models.modules.semantic_id.tiger_generation_model][WARNING] - [rank: 0]   Hierarchy 3 shape: torch.Size([32, 6, 140])
[2025-11-13 20:31:13,572][src.models.modules.semantic_id.tiger_generation_model][WARNING] - [rank: 0]   Hierarchy 4 shape: torch.Size([32, 6, 140])
[2025-11-13 20:31:13,572][src.models.modules.semantic_id.tiger_generation_model][WARNING] - [rank: 0]   Hierarchy 5 shape: torch.Size([32, 6, 140])
[2025-11-13 20:31:14,280][src.models.modules.semantic_id.tiger_generation_model][INFO] - [rank: 0] Saved decoder self-attention to ./attention_weights/decoder_self_attention_batch_56.pt
[2025-11-13 20:31:14,281][src.models.modules.semantic_id.tiger_generation_model][INFO] - [rank: 0] Saved encoder attention to ./attention_weights/encoder_attention_batch_56.pt
[2025-11-13 20:31:14,281][src.models.modules.semantic_id.tiger_generation_model][INFO] - [rank: 0] Saved cross attention to ./attention_weights/cross_attention_batch_56.pt
[2025-11-13 20:31:14,288][src.models.modules.semantic_id.tiger_generation_model][INFO] - [rank: 0] 当前batch的生成语义ID Embedding相似度矩阵:
[[ 1.0000000e+00 -1.1164824e-02  1.5725179e-02  1.6046952e-02
  -4.2911964e-03 -1.3425034e-02]
 [-1.1164824e-02  9.9999994e-01 -1.3989741e-02  9.8685897e-04
  -3.0247439e-02 -8.3552282e-03]
 [ 1.5725179e-02 -1.3989741e-02  1.0000000e+00 -8.4523484e-03
  -4.3204459e-03  1.8108400e-02]
 [ 1.6046952e-02  9.8685897e-04 -8.4523484e-03  9.9999994e-01
  -2.4692761e-02  1.6078137e-02]
 [-4.2911964e-03 -3.0247439e-02 -4.3204459e-03 -2.4692761e-02
   1.0000000e+00  4.9437054e-02]
 [-1.3425034e-02 -8.3552282e-03  1.8108400e-02  1.6078137e-02
   4.9437054e-02  1.0000004e+00]]
[2025-11-13 20:31:15,446][src.models.modules.semantic_id.tiger_generation_model][INFO] - [rank: 0] 当前batch的输入Item Hierarchy Embedding相似度矩阵:
[[ 1.0000000e+00 -1.2827548e-02  1.6850922e-03 -7.4586798e-03
  -3.4902215e-03  3.8282829e-03]
 [-1.2827548e-02  1.0000000e+00  1.6153108e-02 -2.1659706e-03
   3.7059938e-03 -1.0406051e-02]
 [ 1.6850922e-03  1.6153108e-02  1.0000000e+00  8.7603548e-04
  -1.6669335e-02 -5.7957256e-03]
 [-7.4586798e-03 -2.1659706e-03  8.7603548e-04  1.0000000e+00
   2.5072719e-03 -4.7181384e-03]
 [-3.4902215e-03  3.7059938e-03 -1.6669335e-02  2.5072719e-03
   1.0000000e+00  1.8329986e-03]
 [ 3.8282829e-03 -1.0406051e-02 -5.7957256e-03 -4.7181384e-03
   1.8329986e-03  1.0000004e+00]]
[2025-11-13 20:31:16,349][src.models.modules.semantic_id.tiger_generation_model][WARNING] - [rank: 0] Failed to stack cross attentions: stack expects each tensor to be equal size, but got [32, 6, 140] at entry 0 and [32, 6, 2, 140] at entry 1
[2025-11-13 20:31:16,350][src.models.modules.semantic_id.tiger_generation_model][WARNING] - [rank: 0]   Hierarchy 0 shape: torch.Size([32, 6, 140])
[2025-11-13 20:31:16,350][src.models.modules.semantic_id.tiger_generation_model][WARNING] - [rank: 0]   Hierarchy 1 shape: torch.Size([32, 6, 2, 140])
[2025-11-13 20:31:16,350][src.models.modules.semantic_id.tiger_generation_model][WARNING] - [rank: 0]   Hierarchy 2 shape: torch.Size([32, 6, 140])
[2025-11-13 20:31:16,350][src.models.modules.semantic_id.tiger_generation_model][WARNING] - [rank: 0]   Hierarchy 3 shape: torch.Size([32, 6, 140])
[2025-11-13 20:31:16,351][src.models.modules.semantic_id.tiger_generation_model][WARNING] - [rank: 0]   Hierarchy 4 shape: torch.Size([32, 6, 140])
[2025-11-13 20:31:16,351][src.models.modules.semantic_id.tiger_generation_model][WARNING] - [rank: 0]   Hierarchy 5 shape: torch.Size([32, 6, 140])
[2025-11-13 20:31:16,963][src.models.modules.semantic_id.tiger_generation_model][INFO] - [rank: 0] Saved decoder self-attention to ./attention_weights/decoder_self_attention_batch_57.pt
[2025-11-13 20:31:16,963][src.models.modules.semantic_id.tiger_generation_model][INFO] - [rank: 0] Saved encoder attention to ./attention_weights/encoder_attention_batch_57.pt
[2025-11-13 20:31:16,963][src.models.modules.semantic_id.tiger_generation_model][INFO] - [rank: 0] Saved cross attention to ./attention_weights/cross_attention_batch_57.pt
[2025-11-13 20:31:16,970][src.models.modules.semantic_id.tiger_generation_model][INFO] - [rank: 0] 当前batch的生成语义ID Embedding相似度矩阵:
[[ 1.          0.04678548  0.09175487 -0.0624134   0.02671978 -0.04270909]
 [ 0.04678548  1.          0.00506146  0.02030909  0.0068568   0.00673165]
 [ 0.09175487  0.00506146  1.0000002   0.0083135  -0.00228512 -0.05517172]
 [-0.0624134   0.02030909  0.0083135   1.         -0.00802938  0.07094106]
 [ 0.02671978  0.0068568  -0.00228512 -0.00802938  1.          0.02847452]
 [-0.04270909  0.00673165 -0.05517172  0.07094106  0.02847452  1.0000004 ]]
[2025-11-13 20:31:18,230][src.models.modules.semantic_id.tiger_generation_model][INFO] - [rank: 0] 当前batch的输入Item Hierarchy Embedding相似度矩阵:
[[ 9.9999994e-01 -2.3345884e-02  7.7499398e-03 -1.9864418e-02
  -3.7261436e-03 -1.5763551e-02]
 [-2.3345884e-02  9.9999994e-01 -1.3142591e-02  1.1320193e-02
   6.7818463e-03  1.7263114e-02]
 [ 7.7499398e-03 -1.3142591e-02  9.9999994e-01 -4.7403772e-04
  -1.3157345e-02  1.3188189e-02]
 [-1.9864418e-02  1.1320193e-02 -4.7403772e-04  9.9999994e-01
  -3.1348509e-03  3.5913389e-02]
 [-3.7261436e-03  6.7818463e-03 -1.3157345e-02 -3.1348509e-03
   9.9999994e-01  1.7082755e-02]
 [-1.5763551e-02  1.7263114e-02  1.3188189e-02  3.5913389e-02
   1.7082755e-02  1.0000000e+00]]
[2025-11-13 20:31:19,173][src.models.modules.semantic_id.tiger_generation_model][WARNING] - [rank: 0] Failed to stack cross attentions: stack expects each tensor to be equal size, but got [32, 6, 140] at entry 0 and [32, 6, 2, 140] at entry 1
[2025-11-13 20:31:19,173][src.models.modules.semantic_id.tiger_generation_model][WARNING] - [rank: 0]   Hierarchy 0 shape: torch.Size([32, 6, 140])
[2025-11-13 20:31:19,173][src.models.modules.semantic_id.tiger_generation_model][WARNING] - [rank: 0]   Hierarchy 1 shape: torch.Size([32, 6, 2, 140])
[2025-11-13 20:31:19,174][src.models.modules.semantic_id.tiger_generation_model][WARNING] - [rank: 0]   Hierarchy 2 shape: torch.Size([32, 6, 140])
[2025-11-13 20:31:19,174][src.models.modules.semantic_id.tiger_generation_model][WARNING] - [rank: 0]   Hierarchy 3 shape: torch.Size([32, 6, 140])
[2025-11-13 20:31:19,174][src.models.modules.semantic_id.tiger_generation_model][WARNING] - [rank: 0]   Hierarchy 4 shape: torch.Size([32, 6, 140])
[2025-11-13 20:31:19,174][src.models.modules.semantic_id.tiger_generation_model][WARNING] - [rank: 0]   Hierarchy 5 shape: torch.Size([32, 6, 140])
[2025-11-13 20:31:19,899][src.models.modules.semantic_id.tiger_generation_model][INFO] - [rank: 0] Saved decoder self-attention to ./attention_weights/decoder_self_attention_batch_58.pt
[2025-11-13 20:31:19,900][src.models.modules.semantic_id.tiger_generation_model][INFO] - [rank: 0] Saved encoder attention to ./attention_weights/encoder_attention_batch_58.pt
[2025-11-13 20:31:19,901][src.models.modules.semantic_id.tiger_generation_model][INFO] - [rank: 0] Saved cross attention to ./attention_weights/cross_attention_batch_58.pt
[2025-11-13 20:31:19,906][src.models.modules.semantic_id.tiger_generation_model][INFO] - [rank: 0] 当前batch的生成语义ID Embedding相似度矩阵:
[[ 1.0000000e+00 -9.6882191e-03 -2.7220149e-02 -5.8239754e-03
  -4.9335156e-03 -3.2398604e-02]
 [-9.6882191e-03  1.0000000e+00 -7.7973930e-03  1.4756631e-02
  -5.6193341e-03  1.3951569e-02]
 [-2.7220149e-02 -7.7973930e-03  1.0000000e+00  6.5475116e-03
   1.6831821e-03  4.6052663e-03]
 [-5.8239754e-03  1.4756631e-02  6.5475116e-03  1.0000000e+00
   6.4497790e-04  1.5812134e-02]
 [-4.9335156e-03 -5.6193341e-03  1.6831821e-03  6.4497790e-04
   1.0000000e+00  3.4773447e-02]
 [-3.2398604e-02  1.3951569e-02  4.6052663e-03  1.5812134e-02
   3.4773447e-02  1.0000004e+00]]
[2025-11-13 20:31:21,093][src.models.modules.semantic_id.tiger_generation_model][INFO] - [rank: 0] 当前batch的输入Item Hierarchy Embedding相似度矩阵:
[[ 1.         -0.01841663  0.00918543  0.00705875  0.00719799 -0.00811218]
 [-0.01841663  1.         -0.00441285  0.00202192  0.0036197  -0.01296117]
 [ 0.00918543 -0.00441285  1.          0.00355212 -0.01656304 -0.00746355]
 [ 0.00705875  0.00202192  0.00355212  1.         -0.00369439  0.01346929]
 [ 0.00719799  0.0036197  -0.01656304 -0.00369439  1.          0.02463715]
 [-0.00811218 -0.01296117 -0.00746355  0.01346929  0.02463715  1.0000005 ]]
[2025-11-13 20:31:22,275][src.models.modules.semantic_id.tiger_generation_model][WARNING] - [rank: 0] Failed to stack cross attentions: stack expects each tensor to be equal size, but got [32, 6, 140] at entry 0 and [32, 6, 2, 140] at entry 1
[2025-11-13 20:31:22,276][src.models.modules.semantic_id.tiger_generation_model][WARNING] - [rank: 0]   Hierarchy 0 shape: torch.Size([32, 6, 140])
[2025-11-13 20:31:22,276][src.models.modules.semantic_id.tiger_generation_model][WARNING] - [rank: 0]   Hierarchy 1 shape: torch.Size([32, 6, 2, 140])
[2025-11-13 20:31:22,276][src.models.modules.semantic_id.tiger_generation_model][WARNING] - [rank: 0]   Hierarchy 2 shape: torch.Size([32, 6, 140])
[2025-11-13 20:31:22,276][src.models.modules.semantic_id.tiger_generation_model][WARNING] - [rank: 0]   Hierarchy 3 shape: torch.Size([32, 6, 140])
[2025-11-13 20:31:22,276][src.models.modules.semantic_id.tiger_generation_model][WARNING] - [rank: 0]   Hierarchy 4 shape: torch.Size([32, 6, 140])
[2025-11-13 20:31:22,277][src.models.modules.semantic_id.tiger_generation_model][WARNING] - [rank: 0]   Hierarchy 5 shape: torch.Size([32, 6, 140])
[2025-11-13 20:31:22,916][src.models.modules.semantic_id.tiger_generation_model][INFO] - [rank: 0] Saved decoder self-attention to ./attention_weights/decoder_self_attention_batch_59.pt
[2025-11-13 20:31:22,917][src.models.modules.semantic_id.tiger_generation_model][INFO] - [rank: 0] Saved encoder attention to ./attention_weights/encoder_attention_batch_59.pt
[2025-11-13 20:31:22,917][src.models.modules.semantic_id.tiger_generation_model][INFO] - [rank: 0] Saved cross attention to ./attention_weights/cross_attention_batch_59.pt
[2025-11-13 20:31:22,927][src.models.modules.semantic_id.tiger_generation_model][INFO] - [rank: 0] 当前batch的生成语义ID Embedding相似度矩阵:
[[ 9.99999881e-01 -7.35416589e-03  1.00425035e-02 -4.91573811e-02
   8.97228438e-03  2.10454920e-03]
 [-7.35416589e-03  9.99999940e-01 -2.56857406e-02  1.26464730e-02
  -5.09501323e-02 -2.71185394e-03]
 [ 1.00425035e-02 -2.56857406e-02  1.00000000e+00  1.98125429e-02
  -8.46856833e-03 -3.23780347e-04]
 [-4.91573811e-02  1.26464730e-02  1.98125429e-02  1.00000000e+00
   2.31233947e-02  2.25561578e-03]
 [ 8.97228438e-03 -5.09501323e-02 -8.46856833e-03  2.31233947e-02
   1.00000000e+00 -1.38733070e-02]
 [ 2.10454920e-03 -2.71185394e-03 -3.23780347e-04  2.25561578e-03
  -1.38733070e-02  1.00000036e+00]]
[2025-11-13 20:31:24,140][src.models.modules.semantic_id.tiger_generation_model][INFO] - [rank: 0] 当前batch的输入Item Hierarchy Embedding相似度矩阵:
[[ 9.99999940e-01 -5.81726432e-03  6.69249380e-03 -1.48428709e-03
   3.20067629e-03  1.08221313e-02]
 [-5.81726432e-03  1.00000000e+00 -2.09279102e-03  6.02668198e-03
  -6.99758343e-03 -1.18605895e-02]
 [ 6.69249380e-03 -2.09279102e-03  1.00000000e+00 -1.40525153e-04
  -9.68255475e-03  1.44848484e-03]
 [-1.48428709e-03  6.02668198e-03 -1.40525153e-04  1.00000000e+00
  -1.94071643e-02  8.12802347e-04]
 [ 3.20067629e-03 -6.99758343e-03 -9.68255475e-03 -1.94071643e-02
   1.00000000e+00  1.08428942e-02]
 [ 1.08221313e-02 -1.18605895e-02  1.44848484e-03  8.12802347e-04
   1.08428942e-02  1.00000036e+00]]
[2025-11-13 20:31:25,232][src.models.modules.semantic_id.tiger_generation_model][WARNING] - [rank: 0] Failed to stack cross attentions: stack expects each tensor to be equal size, but got [32, 6, 140] at entry 0 and [32, 6, 2, 140] at entry 1
[2025-11-13 20:31:25,233][src.models.modules.semantic_id.tiger_generation_model][WARNING] - [rank: 0]   Hierarchy 0 shape: torch.Size([32, 6, 140])
[2025-11-13 20:31:25,233][src.models.modules.semantic_id.tiger_generation_model][WARNING] - [rank: 0]   Hierarchy 1 shape: torch.Size([32, 6, 2, 140])
[2025-11-13 20:31:25,233][src.models.modules.semantic_id.tiger_generation_model][WARNING] - [rank: 0]   Hierarchy 2 shape: torch.Size([32, 6, 140])
[2025-11-13 20:31:25,233][src.models.modules.semantic_id.tiger_generation_model][WARNING] - [rank: 0]   Hierarchy 3 shape: torch.Size([32, 6, 140])
[2025-11-13 20:31:25,234][src.models.modules.semantic_id.tiger_generation_model][WARNING] - [rank: 0]   Hierarchy 4 shape: torch.Size([32, 6, 140])
[2025-11-13 20:31:25,234][src.models.modules.semantic_id.tiger_generation_model][WARNING] - [rank: 0]   Hierarchy 5 shape: torch.Size([32, 6, 140])
[2025-11-13 20:31:25,858][src.models.modules.semantic_id.tiger_generation_model][INFO] - [rank: 0] Saved decoder self-attention to ./attention_weights/decoder_self_attention_batch_60.pt
[2025-11-13 20:31:25,859][src.models.modules.semantic_id.tiger_generation_model][INFO] - [rank: 0] Saved encoder attention to ./attention_weights/encoder_attention_batch_60.pt
[2025-11-13 20:31:25,859][src.models.modules.semantic_id.tiger_generation_model][INFO] - [rank: 0] Saved cross attention to ./attention_weights/cross_attention_batch_60.pt
[2025-11-13 20:31:25,868][src.models.modules.semantic_id.tiger_generation_model][INFO] - [rank: 0] 当前batch的生成语义ID Embedding相似度矩阵:
[[ 9.9999994e-01 -2.8059376e-02 -2.3106972e-02 -1.2299249e-02
  -9.4822032e-04 -2.0297308e-02]
 [-2.8059376e-02  1.0000000e+00 -1.0778997e-02 -2.9167850e-03
  -1.5686329e-02  1.0276623e-03]
 [-2.3106972e-02 -1.0778997e-02  1.0000000e+00  2.0890130e-02
  -6.5437863e-03 -9.6458290e-04]
 [-1.2299249e-02 -2.9167850e-03  2.0890130e-02  1.0000000e+00
  -4.2046290e-03 -1.3054854e-02]
 [-9.4822032e-04 -1.5686329e-02 -6.5437863e-03 -4.2046290e-03
   1.0000000e+00  2.3172695e-02]
 [-2.0297308e-02  1.0276623e-03 -9.6458290e-04 -1.3054854e-02
   2.3172695e-02  1.0000004e+00]]
[2025-11-13 20:31:27,317][src.models.modules.semantic_id.tiger_generation_model][INFO] - [rank: 0] 当前batch的输入Item Hierarchy Embedding相似度矩阵:
[[ 1.0000000e+00 -1.6363237e-02 -3.7226413e-04 -1.4313941e-02
  -1.5314305e-03  8.6318292e-03]
 [-1.6363237e-02  1.0000000e+00  9.3557657e-04  1.0206449e-02
  -1.2960363e-02 -2.1520878e-04]
 [-3.7226413e-04  9.3557657e-04  1.0000000e+00  1.1249593e-02
  -1.6483869e-02  1.5917132e-02]
 [-1.4313941e-02  1.0206449e-02  1.1249593e-02  1.0000000e+00
  -1.1812409e-02  1.4234920e-02]
 [-1.5314305e-03 -1.2960363e-02 -1.6483869e-02 -1.1812409e-02
   1.0000000e+00  1.7652601e-02]
 [ 8.6318292e-03 -2.1520878e-04  1.5917132e-02  1.4234920e-02
   1.7652601e-02  1.0000005e+00]]
[2025-11-13 20:31:28,759][src.models.modules.semantic_id.tiger_generation_model][WARNING] - [rank: 0] Failed to stack cross attentions: stack expects each tensor to be equal size, but got [32, 6, 140] at entry 0 and [32, 6, 2, 140] at entry 1
[2025-11-13 20:31:28,760][src.models.modules.semantic_id.tiger_generation_model][WARNING] - [rank: 0]   Hierarchy 0 shape: torch.Size([32, 6, 140])
[2025-11-13 20:31:28,760][src.models.modules.semantic_id.tiger_generation_model][WARNING] - [rank: 0]   Hierarchy 1 shape: torch.Size([32, 6, 2, 140])
[2025-11-13 20:31:28,760][src.models.modules.semantic_id.tiger_generation_model][WARNING] - [rank: 0]   Hierarchy 2 shape: torch.Size([32, 6, 140])
[2025-11-13 20:31:28,760][src.models.modules.semantic_id.tiger_generation_model][WARNING] - [rank: 0]   Hierarchy 3 shape: torch.Size([32, 6, 140])
[2025-11-13 20:31:28,761][src.models.modules.semantic_id.tiger_generation_model][WARNING] - [rank: 0]   Hierarchy 4 shape: torch.Size([32, 6, 140])
[2025-11-13 20:31:28,761][src.models.modules.semantic_id.tiger_generation_model][WARNING] - [rank: 0]   Hierarchy 5 shape: torch.Size([32, 6, 140])
[2025-11-13 20:31:29,151][src.models.modules.semantic_id.tiger_generation_model][INFO] - [rank: 0] Saved decoder self-attention to ./attention_weights/decoder_self_attention_batch_61.pt
[2025-11-13 20:31:29,151][src.models.modules.semantic_id.tiger_generation_model][INFO] - [rank: 0] Saved encoder attention to ./attention_weights/encoder_attention_batch_61.pt
[2025-11-13 20:31:29,151][src.models.modules.semantic_id.tiger_generation_model][INFO] - [rank: 0] Saved cross attention to ./attention_weights/cross_attention_batch_61.pt
[2025-11-13 20:31:29,159][src.models.modules.semantic_id.tiger_generation_model][INFO] - [rank: 0] 当前batch的生成语义ID Embedding相似度矩阵:
[[ 0.99999994 -0.00216873  0.03426751 -0.01363201 -0.00163238 -0.02211835]
 [-0.00216873  1.          0.00647703  0.01003357 -0.04452075 -0.00520162]
 [ 0.03426751  0.00647703  1.          0.0203594   0.00687793 -0.0102307 ]
 [-0.01363201  0.01003357  0.0203594   1.         -0.02563415  0.01439844]
 [-0.00163238 -0.04452075  0.00687793 -0.02563415  1.          0.00852915]
 [-0.02211835 -0.00520162 -0.0102307   0.01439844  0.00852915  1.0000004 ]]
[2025-11-13 20:31:30,756][src.models.modules.semantic_id.tiger_generation_model][INFO] - [rank: 0] 当前batch的输入Item Hierarchy Embedding相似度矩阵:
[[ 1.         -0.0110826  -0.00850618 -0.00901592 -0.00681569  0.00127744]
 [-0.0110826   1.          0.00279741 -0.00994748 -0.00984937 -0.01034864]
 [-0.00850618  0.00279741  1.          0.00571908 -0.00429608 -0.01011744]
 [-0.00901592 -0.00994748  0.00571908  1.         -0.01336816  0.00366325]
 [-0.00681569 -0.00984937 -0.00429608 -0.01336816  1.          0.01029739]
 [ 0.00127744 -0.01034864 -0.01011744  0.00366325  0.01029739  1.0000001 ]]
[2025-11-13 20:31:31,909][src.models.modules.semantic_id.tiger_generation_model][WARNING] - [rank: 0] Failed to stack cross attentions: stack expects each tensor to be equal size, but got [32, 6, 140] at entry 0 and [32, 6, 2, 140] at entry 1
[2025-11-13 20:31:31,910][src.models.modules.semantic_id.tiger_generation_model][WARNING] - [rank: 0]   Hierarchy 0 shape: torch.Size([32, 6, 140])
[2025-11-13 20:31:31,910][src.models.modules.semantic_id.tiger_generation_model][WARNING] - [rank: 0]   Hierarchy 1 shape: torch.Size([32, 6, 2, 140])
[2025-11-13 20:31:31,910][src.models.modules.semantic_id.tiger_generation_model][WARNING] - [rank: 0]   Hierarchy 2 shape: torch.Size([32, 6, 140])
[2025-11-13 20:31:31,910][src.models.modules.semantic_id.tiger_generation_model][WARNING] - [rank: 0]   Hierarchy 3 shape: torch.Size([32, 6, 140])
[2025-11-13 20:31:31,911][src.models.modules.semantic_id.tiger_generation_model][WARNING] - [rank: 0]   Hierarchy 4 shape: torch.Size([32, 6, 140])
[2025-11-13 20:31:31,911][src.models.modules.semantic_id.tiger_generation_model][WARNING] - [rank: 0]   Hierarchy 5 shape: torch.Size([32, 6, 140])
[2025-11-13 20:31:32,154][src.models.modules.semantic_id.tiger_generation_model][INFO] - [rank: 0] Saved decoder self-attention to ./attention_weights/decoder_self_attention_batch_62.pt
[2025-11-13 20:31:32,154][src.models.modules.semantic_id.tiger_generation_model][INFO] - [rank: 0] Saved encoder attention to ./attention_weights/encoder_attention_batch_62.pt
[2025-11-13 20:31:32,154][src.models.modules.semantic_id.tiger_generation_model][INFO] - [rank: 0] Saved cross attention to ./attention_weights/cross_attention_batch_62.pt
[2025-11-13 20:31:32,161][src.models.modules.semantic_id.tiger_generation_model][INFO] - [rank: 0] 当前batch的生成语义ID Embedding相似度矩阵:
[[ 9.9999994e-01  1.2134733e-02  1.9793194e-02 -1.9667836e-02
   9.8058991e-03 -5.3082045e-02]
 [ 1.2134733e-02  1.0000000e+00  1.8752621e-02  8.8653993e-05
  -1.3878936e-02  1.3033997e-02]
 [ 1.9793194e-02  1.8752621e-02  1.0000000e+00  2.3358993e-02
  -1.8031446e-02  1.9337703e-02]
 [-1.9667836e-02  8.8653993e-05  2.3358993e-02  1.0000000e+00
   9.6138213e-03  3.0187674e-02]
 [ 9.8058991e-03 -1.3878936e-02 -1.8031446e-02  9.6138213e-03
   1.0000000e+00  2.0292547e-02]
 [-5.3082045e-02  1.3033997e-02  1.9337703e-02  3.0187674e-02
   2.0292547e-02  1.0000004e+00]]
[2025-11-13 20:31:33,454][src.models.modules.semantic_id.tiger_generation_model][INFO] - [rank: 0] 当前batch的输入Item Hierarchy Embedding相似度矩阵:
[[ 1.         -0.01002093 -0.00702472  0.00238004 -0.00883186 -0.01327991]
 [-0.01002093  1.         -0.00457542 -0.00339011  0.00566288 -0.0103332 ]
 [-0.00702472 -0.00457542  1.          0.00727825 -0.02088501  0.00726341]
 [ 0.00238004 -0.00339011  0.00727825  1.         -0.01399433  0.02809021]
 [-0.00883186  0.00566288 -0.02088501 -0.01399433  1.          0.02004568]
 [-0.01327991 -0.0103332   0.00726341  0.02809021  0.02004568  1.0000004 ]]
[2025-11-13 20:31:34,406][src.models.modules.semantic_id.tiger_generation_model][WARNING] - [rank: 0] Failed to stack cross attentions: stack expects each tensor to be equal size, but got [32, 6, 140] at entry 0 and [32, 6, 2, 140] at entry 1
[2025-11-13 20:31:34,407][src.models.modules.semantic_id.tiger_generation_model][WARNING] - [rank: 0]   Hierarchy 0 shape: torch.Size([32, 6, 140])
[2025-11-13 20:31:34,407][src.models.modules.semantic_id.tiger_generation_model][WARNING] - [rank: 0]   Hierarchy 1 shape: torch.Size([32, 6, 2, 140])
[2025-11-13 20:31:34,407][src.models.modules.semantic_id.tiger_generation_model][WARNING] - [rank: 0]   Hierarchy 2 shape: torch.Size([32, 6, 140])
[2025-11-13 20:31:34,408][src.models.modules.semantic_id.tiger_generation_model][WARNING] - [rank: 0]   Hierarchy 3 shape: torch.Size([32, 6, 140])
[2025-11-13 20:31:34,408][src.models.modules.semantic_id.tiger_generation_model][WARNING] - [rank: 0]   Hierarchy 4 shape: torch.Size([32, 6, 140])
[2025-11-13 20:31:34,408][src.models.modules.semantic_id.tiger_generation_model][WARNING] - [rank: 0]   Hierarchy 5 shape: torch.Size([32, 6, 140])
[2025-11-13 20:31:34,644][src.models.modules.semantic_id.tiger_generation_model][INFO] - [rank: 0] Saved decoder self-attention to ./attention_weights/decoder_self_attention_batch_63.pt
[2025-11-13 20:31:34,645][src.models.modules.semantic_id.tiger_generation_model][INFO] - [rank: 0] Saved encoder attention to ./attention_weights/encoder_attention_batch_63.pt
[2025-11-13 20:31:34,645][src.models.modules.semantic_id.tiger_generation_model][INFO] - [rank: 0] Saved cross attention to ./attention_weights/cross_attention_batch_63.pt
[2025-11-13 20:31:34,655][src.models.modules.semantic_id.tiger_generation_model][INFO] - [rank: 0] 当前batch的生成语义ID Embedding相似度矩阵:
[[ 1.          0.02220451  0.04572812 -0.02170697  0.02538062 -0.02219837]
 [ 0.02220451  1.         -0.02442499  0.01204375 -0.02300971 -0.00754196]
 [ 0.04572812 -0.02442499  1.          0.00375471  0.02292313  0.02089622]
 [-0.02170697  0.01204375  0.00375471  1.         -0.01678497  0.02467856]
 [ 0.02538062 -0.02300971  0.02292313 -0.01678497  1.          0.03067837]
 [-0.02219837 -0.00754196  0.02089622  0.02467856  0.03067837  1.0000004 ]]
[2025-11-13 20:31:35,950][src.models.modules.semantic_id.tiger_generation_model][INFO] - [rank: 0] 当前batch的输入Item Hierarchy Embedding相似度矩阵:
[[ 1.0000000e+00  6.5691373e-04  5.8360165e-03 -1.8527837e-02
   9.4197714e-04 -1.4667835e-02]
 [ 6.5691373e-04  1.0000000e+00  6.5280776e-03 -7.1661174e-03
  -1.0505678e-02  7.3245686e-04]
 [ 5.8360165e-03  6.5280776e-03  1.0000000e+00  2.5171039e-03
  -2.4518266e-03 -6.9378326e-03]
 [-1.8527837e-02 -7.1661174e-03  2.5171039e-03  1.0000000e+00
   1.3650382e-03  1.7459091e-02]
 [ 9.4197714e-04 -1.0505678e-02 -2.4518266e-03  1.3650382e-03
   1.0000000e+00  8.5725328e-03]
 [-1.4667835e-02  7.3245686e-04 -6.9378326e-03  1.7459091e-02
   8.5725328e-03  1.0000005e+00]]
[2025-11-13 20:31:37,005][src.models.modules.semantic_id.tiger_generation_model][WARNING] - [rank: 0] Failed to stack cross attentions: stack expects each tensor to be equal size, but got [32, 6, 140] at entry 0 and [32, 6, 2, 140] at entry 1
[2025-11-13 20:31:37,015][src.models.modules.semantic_id.tiger_generation_model][WARNING] - [rank: 0]   Hierarchy 0 shape: torch.Size([32, 6, 140])
[2025-11-13 20:31:37,016][src.models.modules.semantic_id.tiger_generation_model][WARNING] - [rank: 0]   Hierarchy 1 shape: torch.Size([32, 6, 2, 140])
[2025-11-13 20:31:37,016][src.models.modules.semantic_id.tiger_generation_model][WARNING] - [rank: 0]   Hierarchy 2 shape: torch.Size([32, 6, 140])
[2025-11-13 20:31:37,016][src.models.modules.semantic_id.tiger_generation_model][WARNING] - [rank: 0]   Hierarchy 3 shape: torch.Size([32, 6, 140])
[2025-11-13 20:31:37,017][src.models.modules.semantic_id.tiger_generation_model][WARNING] - [rank: 0]   Hierarchy 4 shape: torch.Size([32, 6, 140])
[2025-11-13 20:31:37,017][src.models.modules.semantic_id.tiger_generation_model][WARNING] - [rank: 0]   Hierarchy 5 shape: torch.Size([32, 6, 140])
[2025-11-13 20:31:37,201][src.models.modules.semantic_id.tiger_generation_model][INFO] - [rank: 0] Saved decoder self-attention to ./attention_weights/decoder_self_attention_batch_64.pt
[2025-11-13 20:31:37,202][src.models.modules.semantic_id.tiger_generation_model][INFO] - [rank: 0] Saved encoder attention to ./attention_weights/encoder_attention_batch_64.pt
[2025-11-13 20:31:37,202][src.models.modules.semantic_id.tiger_generation_model][INFO] - [rank: 0] Saved cross attention to ./attention_weights/cross_attention_batch_64.pt
[2025-11-13 20:31:37,209][src.models.modules.semantic_id.tiger_generation_model][INFO] - [rank: 0] 当前batch的生成语义ID Embedding相似度矩阵:
[[ 1.          0.00940576 -0.01099914 -0.0282256   0.01206851 -0.0195821 ]
 [ 0.00940576  1.         -0.0033136   0.01389417 -0.03131171  0.00358297]
 [-0.01099914 -0.0033136   1.         -0.01214314  0.00541534  0.02142466]
 [-0.0282256   0.01389417 -0.01214314  1.          0.00443881  0.02915921]
 [ 0.01206851 -0.03131171  0.00541534  0.00443881  1.0000001   0.02376314]
 [-0.0195821   0.00358297  0.02142466  0.02915921  0.02376314  1.0000004 ]]
[2025-11-13 20:31:38,493][src.models.modules.semantic_id.tiger_generation_model][INFO] - [rank: 0] 当前batch的输入Item Hierarchy Embedding相似度矩阵:
[[ 1.          0.00863126 -0.00422022 -0.0151778   0.00285846 -0.00616597]
 [ 0.00863126  1.          0.00522651  0.01010675 -0.004232   -0.01191085]
 [-0.00422022  0.00522651  1.          0.00232931 -0.00140627 -0.0015654 ]
 [-0.0151778   0.01010675  0.00232931  1.         -0.02058463  0.00246257]
 [ 0.00285846 -0.004232   -0.00140627 -0.02058463  1.          0.01648064]
 [-0.00616597 -0.01191085 -0.0015654   0.00246257  0.01648064  1.0000005 ]]
[2025-11-13 20:31:39,782][src.models.modules.semantic_id.tiger_generation_model][WARNING] - [rank: 0] Failed to stack cross attentions: stack expects each tensor to be equal size, but got [32, 6, 140] at entry 0 and [32, 6, 2, 140] at entry 1
[2025-11-13 20:31:39,783][src.models.modules.semantic_id.tiger_generation_model][WARNING] - [rank: 0]   Hierarchy 0 shape: torch.Size([32, 6, 140])
[2025-11-13 20:31:39,783][src.models.modules.semantic_id.tiger_generation_model][WARNING] - [rank: 0]   Hierarchy 1 shape: torch.Size([32, 6, 2, 140])
[2025-11-13 20:31:39,786][src.models.modules.semantic_id.tiger_generation_model][WARNING] - [rank: 0]   Hierarchy 2 shape: torch.Size([32, 6, 140])
[2025-11-13 20:31:39,786][src.models.modules.semantic_id.tiger_generation_model][WARNING] - [rank: 0]   Hierarchy 3 shape: torch.Size([32, 6, 140])
[2025-11-13 20:31:39,787][src.models.modules.semantic_id.tiger_generation_model][WARNING] - [rank: 0]   Hierarchy 4 shape: torch.Size([32, 6, 140])
[2025-11-13 20:31:39,787][src.models.modules.semantic_id.tiger_generation_model][WARNING] - [rank: 0]   Hierarchy 5 shape: torch.Size([32, 6, 140])
[2025-11-13 20:31:40,189][src.models.modules.semantic_id.tiger_generation_model][INFO] - [rank: 0] Saved decoder self-attention to ./attention_weights/decoder_self_attention_batch_65.pt
[2025-11-13 20:31:40,189][src.models.modules.semantic_id.tiger_generation_model][INFO] - [rank: 0] Saved encoder attention to ./attention_weights/encoder_attention_batch_65.pt
[2025-11-13 20:31:40,190][src.models.modules.semantic_id.tiger_generation_model][INFO] - [rank: 0] Saved cross attention to ./attention_weights/cross_attention_batch_65.pt
[2025-11-13 20:31:40,197][src.models.modules.semantic_id.tiger_generation_model][INFO] - [rank: 0] 当前batch的生成语义ID Embedding相似度矩阵:
[[ 1.          0.01341539 -0.01978769 -0.03269271  0.01337744  0.01275257]
 [ 0.01341539  1.          0.02984467 -0.01707619 -0.03678321  0.01953935]
 [-0.01978769  0.02984467  1.         -0.00226575 -0.01322516 -0.00749906]
 [-0.03269271 -0.01707619 -0.00226575  1.         -0.01382886  0.00963206]
 [ 0.01337744 -0.03678321 -0.01322516 -0.01382886  1.          0.04761232]
 [ 0.01275257  0.01953935 -0.00749906  0.00963206  0.04761232  1.0000004 ]]
[2025-11-13 20:31:41,685][src.models.modules.semantic_id.tiger_generation_model][INFO] - [rank: 0] 当前batch的输入Item Hierarchy Embedding相似度矩阵:
[[ 1.          0.0015152  -0.00212233 -0.01876532  0.01179845  0.00984338]
 [ 0.0015152   1.          0.01125956  0.00587577  0.00335206 -0.00322691]
 [-0.00212233  0.01125956  1.         -0.02255198 -0.00331443 -0.00779345]
 [-0.01876532  0.00587577 -0.02255198  1.         -0.00815782  0.01020067]
 [ 0.01179845  0.00335206 -0.00331443 -0.00815782  1.          0.00875304]
 [ 0.00984338 -0.00322691 -0.00779345  0.01020067  0.00875304  1.0000004 ]]
[2025-11-13 20:31:42,711][src.models.modules.semantic_id.tiger_generation_model][WARNING] - [rank: 0] Failed to stack cross attentions: stack expects each tensor to be equal size, but got [32, 6, 140] at entry 0 and [32, 6, 2, 140] at entry 1
[2025-11-13 20:31:42,712][src.models.modules.semantic_id.tiger_generation_model][WARNING] - [rank: 0]   Hierarchy 0 shape: torch.Size([32, 6, 140])
[2025-11-13 20:31:42,712][src.models.modules.semantic_id.tiger_generation_model][WARNING] - [rank: 0]   Hierarchy 1 shape: torch.Size([32, 6, 2, 140])
[2025-11-13 20:31:42,712][src.models.modules.semantic_id.tiger_generation_model][WARNING] - [rank: 0]   Hierarchy 2 shape: torch.Size([32, 6, 140])
[2025-11-13 20:31:42,713][src.models.modules.semantic_id.tiger_generation_model][WARNING] - [rank: 0]   Hierarchy 3 shape: torch.Size([32, 6, 140])
[2025-11-13 20:31:42,713][src.models.modules.semantic_id.tiger_generation_model][WARNING] - [rank: 0]   Hierarchy 4 shape: torch.Size([32, 6, 140])
[2025-11-13 20:31:42,713][src.models.modules.semantic_id.tiger_generation_model][WARNING] - [rank: 0]   Hierarchy 5 shape: torch.Size([32, 6, 140])
[2025-11-13 20:31:42,940][src.models.modules.semantic_id.tiger_generation_model][INFO] - [rank: 0] Saved decoder self-attention to ./attention_weights/decoder_self_attention_batch_66.pt
[2025-11-13 20:31:42,940][src.models.modules.semantic_id.tiger_generation_model][INFO] - [rank: 0] Saved encoder attention to ./attention_weights/encoder_attention_batch_66.pt
[2025-11-13 20:31:42,941][src.models.modules.semantic_id.tiger_generation_model][INFO] - [rank: 0] Saved cross attention to ./attention_weights/cross_attention_batch_66.pt
[2025-11-13 20:31:42,947][src.models.modules.semantic_id.tiger_generation_model][INFO] - [rank: 0] 当前batch的生成语义ID Embedding相似度矩阵:
[[ 1.0000000e+00  2.1515429e-02  3.3131987e-02 -4.1502725e-02
   1.6906450e-02 -8.8099353e-03]
 [ 2.1515429e-02  1.0000000e+00 -4.9009833e-02  8.0022151e-03
   4.0179715e-03  5.3846464e-04]
 [ 3.3131987e-02 -4.9009833e-02  1.0000000e+00  3.1710871e-02
  -1.3735954e-02 -6.0467110e-03]
 [-4.1502725e-02  8.0022151e-03  3.1710871e-02  1.0000000e+00
  -9.8939314e-03  1.2160465e-03]
 [ 1.6906450e-02  4.0179715e-03 -1.3735954e-02 -9.8939314e-03
   1.0000001e+00  4.9836114e-02]
 [-8.8099353e-03  5.3846464e-04 -6.0467110e-03  1.2160465e-03
   4.9836114e-02  1.0000004e+00]]
[2025-11-13 20:31:44,001][src.models.modules.semantic_id.tiger_generation_model][INFO] - [rank: 0] 当前batch的输入Item Hierarchy Embedding相似度矩阵:
[[ 1.00000000e+00 -7.28654629e-03  7.58166541e-04  6.40639555e-05
  -5.78883756e-03  1.42847821e-02]
 [-7.28654629e-03  1.00000000e+00 -1.13150645e-02  8.85102246e-03
  -1.11915832e-02  1.53454160e-03]
 [ 7.58166541e-04 -1.13150645e-02  1.00000000e+00  1.38695166e-02
  -1.29762525e-03 -9.49758478e-03]
 [ 6.40639555e-05  8.85102246e-03  1.38695166e-02  1.00000000e+00
  -1.15374653e-02  1.07682850e-02]
 [-5.78883756e-03 -1.11915832e-02 -1.29762525e-03 -1.15374653e-02
   1.00000000e+00  1.15512153e-02]
 [ 1.42847821e-02  1.53454160e-03 -9.49758478e-03  1.07682850e-02
   1.15512153e-02  1.00000048e+00]]
[2025-11-13 20:31:45,225][src.models.modules.semantic_id.tiger_generation_model][WARNING] - [rank: 0] Failed to stack cross attentions: stack expects each tensor to be equal size, but got [32, 6, 140] at entry 0 and [32, 6, 2, 140] at entry 1
[2025-11-13 20:31:45,225][src.models.modules.semantic_id.tiger_generation_model][WARNING] - [rank: 0]   Hierarchy 0 shape: torch.Size([32, 6, 140])
[2025-11-13 20:31:45,226][src.models.modules.semantic_id.tiger_generation_model][WARNING] - [rank: 0]   Hierarchy 1 shape: torch.Size([32, 6, 2, 140])
[2025-11-13 20:31:45,226][src.models.modules.semantic_id.tiger_generation_model][WARNING] - [rank: 0]   Hierarchy 2 shape: torch.Size([32, 6, 140])
[2025-11-13 20:31:45,226][src.models.modules.semantic_id.tiger_generation_model][WARNING] - [rank: 0]   Hierarchy 3 shape: torch.Size([32, 6, 140])
[2025-11-13 20:31:45,226][src.models.modules.semantic_id.tiger_generation_model][WARNING] - [rank: 0]   Hierarchy 4 shape: torch.Size([32, 6, 140])
[2025-11-13 20:31:45,226][src.models.modules.semantic_id.tiger_generation_model][WARNING] - [rank: 0]   Hierarchy 5 shape: torch.Size([32, 6, 140])
[2025-11-13 20:31:45,485][src.models.modules.semantic_id.tiger_generation_model][INFO] - [rank: 0] Saved decoder self-attention to ./attention_weights/decoder_self_attention_batch_67.pt
[2025-11-13 20:31:45,485][src.models.modules.semantic_id.tiger_generation_model][INFO] - [rank: 0] Saved encoder attention to ./attention_weights/encoder_attention_batch_67.pt
[2025-11-13 20:31:45,486][src.models.modules.semantic_id.tiger_generation_model][INFO] - [rank: 0] Saved cross attention to ./attention_weights/cross_attention_batch_67.pt
[2025-11-13 20:31:45,492][src.models.modules.semantic_id.tiger_generation_model][INFO] - [rank: 0] 当前batch的生成语义ID Embedding相似度矩阵:
[[ 0.9999999  -0.0062907  -0.02083027 -0.04540612  0.04042521  0.0042019 ]
 [-0.0062907   0.99999994 -0.00813922 -0.01654657 -0.03115061 -0.02303942]
 [-0.02083027 -0.00813922  1.          0.02973675 -0.00799654  0.04437173]
 [-0.04540612 -0.01654657  0.02973675  1.          0.02002306  0.00714663]
 [ 0.04042521 -0.03115061 -0.00799654  0.02002306  1.0000001  -0.02634045]
 [ 0.0042019  -0.02303942  0.04437173  0.00714663 -0.02634045  1.0000004 ]]
[2025-11-13 20:31:46,571][src.models.modules.semantic_id.tiger_generation_model][INFO] - [rank: 0] 当前batch的输入Item Hierarchy Embedding相似度矩阵:
[[ 9.9999994e-01  1.6398147e-02 -2.5012020e-03 -4.7775937e-04
   1.0514118e-02  2.8774865e-02]
 [ 1.6398147e-02  9.9999994e-01  1.2022780e-02 -2.8908390e-03
  -1.6923055e-02 -1.4689629e-02]
 [-2.5012020e-03  1.2022780e-02  9.9999994e-01 -3.3283033e-03
  -6.4116586e-03 -2.3650970e-02]
 [-4.7775937e-04 -2.8908390e-03 -3.3283033e-03  9.9999994e-01
  -6.7693689e-03 -1.9463160e-03]
 [ 1.0514118e-02 -1.6923055e-02 -6.4116586e-03 -6.7693689e-03
   9.9999994e-01  2.2031832e-02]
 [ 2.8774865e-02 -1.4689629e-02 -2.3650970e-02 -1.9463160e-03
   2.2031832e-02  1.0000000e+00]]
[2025-11-13 20:31:47,426][src.models.modules.semantic_id.tiger_generation_model][WARNING] - [rank: 0] Failed to stack cross attentions: stack expects each tensor to be equal size, but got [32, 6, 140] at entry 0 and [32, 6, 2, 140] at entry 1
[2025-11-13 20:31:47,427][src.models.modules.semantic_id.tiger_generation_model][WARNING] - [rank: 0]   Hierarchy 0 shape: torch.Size([32, 6, 140])
[2025-11-13 20:31:47,427][src.models.modules.semantic_id.tiger_generation_model][WARNING] - [rank: 0]   Hierarchy 1 shape: torch.Size([32, 6, 2, 140])
[2025-11-13 20:31:47,427][src.models.modules.semantic_id.tiger_generation_model][WARNING] - [rank: 0]   Hierarchy 2 shape: torch.Size([32, 6, 140])
[2025-11-13 20:31:47,428][src.models.modules.semantic_id.tiger_generation_model][WARNING] - [rank: 0]   Hierarchy 3 shape: torch.Size([32, 6, 140])
[2025-11-13 20:31:47,428][src.models.modules.semantic_id.tiger_generation_model][WARNING] - [rank: 0]   Hierarchy 4 shape: torch.Size([32, 6, 140])
[2025-11-13 20:31:47,428][src.models.modules.semantic_id.tiger_generation_model][WARNING] - [rank: 0]   Hierarchy 5 shape: torch.Size([32, 6, 140])
[2025-11-13 20:31:47,665][src.models.modules.semantic_id.tiger_generation_model][INFO] - [rank: 0] Saved decoder self-attention to ./attention_weights/decoder_self_attention_batch_68.pt
[2025-11-13 20:31:47,666][src.models.modules.semantic_id.tiger_generation_model][INFO] - [rank: 0] Saved encoder attention to ./attention_weights/encoder_attention_batch_68.pt
[2025-11-13 20:31:47,666][src.models.modules.semantic_id.tiger_generation_model][INFO] - [rank: 0] Saved cross attention to ./attention_weights/cross_attention_batch_68.pt
[2025-11-13 20:31:47,672][src.models.modules.semantic_id.tiger_generation_model][INFO] - [rank: 0] 当前batch的生成语义ID Embedding相似度矩阵:
[[ 0.9999999  -0.00350794 -0.0025672  -0.03126117  0.00420155 -0.02916437]
 [-0.00350794  1.          0.02111091  0.00214592 -0.02940749 -0.00990047]
 [-0.0025672   0.02111091  1.          0.0260847  -0.01389129  0.02157299]
 [-0.03126117  0.00214592  0.0260847   1.          0.01458199  0.01498798]
 [ 0.00420155 -0.02940749 -0.01389129  0.01458199  1.         -0.0029879 ]
 [-0.02916437 -0.00990047  0.02157299  0.01498798 -0.0029879   1.0000004 ]]
[2025-11-13 20:31:49,429][src.models.modules.semantic_id.tiger_generation_model][INFO] - [rank: 0] 当前batch的输入Item Hierarchy Embedding相似度矩阵:
[[ 9.9999994e-01 -1.2125196e-03 -7.5119813e-03  2.3419107e-03
  -2.9975278e-03  3.3412424e-03]
 [-1.2125196e-03  9.9999994e-01  4.3593133e-03 -9.0280147e-03
  -1.8913181e-02 -4.5044841e-03]
 [-7.5119813e-03  4.3593133e-03  9.9999994e-01  2.8384558e-04
   8.6544156e-03 -6.4925244e-03]
 [ 2.3419107e-03 -9.0280147e-03  2.8384558e-04  9.9999994e-01
  -7.0152488e-03 -8.6309304e-03]
 [-2.9975278e-03 -1.8913181e-02  8.6544156e-03 -7.0152488e-03
   9.9999994e-01  2.2413515e-02]
 [ 3.3412424e-03 -4.5044841e-03 -6.4925244e-03 -8.6309304e-03
   2.2413515e-02  1.0000000e+00]]
[2025-11-13 20:31:50,184][src.models.modules.semantic_id.tiger_generation_model][WARNING] - [rank: 0] Failed to stack cross attentions: stack expects each tensor to be equal size, but got [32, 6, 140] at entry 0 and [32, 6, 2, 140] at entry 1
[2025-11-13 20:31:50,185][src.models.modules.semantic_id.tiger_generation_model][WARNING] - [rank: 0]   Hierarchy 0 shape: torch.Size([32, 6, 140])
[2025-11-13 20:31:50,185][src.models.modules.semantic_id.tiger_generation_model][WARNING] - [rank: 0]   Hierarchy 1 shape: torch.Size([32, 6, 2, 140])
[2025-11-13 20:31:50,186][src.models.modules.semantic_id.tiger_generation_model][WARNING] - [rank: 0]   Hierarchy 2 shape: torch.Size([32, 6, 140])
[2025-11-13 20:31:50,186][src.models.modules.semantic_id.tiger_generation_model][WARNING] - [rank: 0]   Hierarchy 3 shape: torch.Size([32, 6, 140])
[2025-11-13 20:31:50,186][src.models.modules.semantic_id.tiger_generation_model][WARNING] - [rank: 0]   Hierarchy 4 shape: torch.Size([32, 6, 140])
[2025-11-13 20:31:50,186][src.models.modules.semantic_id.tiger_generation_model][WARNING] - [rank: 0]   Hierarchy 5 shape: torch.Size([32, 6, 140])
[2025-11-13 20:31:50,643][src.models.modules.semantic_id.tiger_generation_model][INFO] - [rank: 0] Saved decoder self-attention to ./attention_weights/decoder_self_attention_batch_69.pt
[2025-11-13 20:31:50,643][src.models.modules.semantic_id.tiger_generation_model][INFO] - [rank: 0] Saved encoder attention to ./attention_weights/encoder_attention_batch_69.pt
[2025-11-13 20:31:50,644][src.models.modules.semantic_id.tiger_generation_model][INFO] - [rank: 0] Saved cross attention to ./attention_weights/cross_attention_batch_69.pt
[2025-11-13 20:31:50,651][src.models.modules.semantic_id.tiger_generation_model][INFO] - [rank: 0] 当前batch的生成语义ID Embedding相似度矩阵:
[[ 1.00000000e+00 -1.43933040e-03  2.64458777e-03 -4.22495082e-02
  -1.49799995e-02 -2.16782298e-02]
 [-1.43933040e-03  1.00000000e+00 -2.05526780e-03  9.58300754e-03
   9.16384161e-03  1.05299605e-02]
 [ 2.64458777e-03 -2.05526780e-03  1.00000000e+00 -1.76820171e-03
   1.05193220e-02 -1.10497978e-02]
 [-4.22495082e-02  9.58300754e-03 -1.76820171e-03  1.00000000e+00
  -6.58457587e-03  8.08966812e-04]
 [-1.49799995e-02  9.16384161e-03  1.05193220e-02 -6.58457587e-03
   1.00000000e+00  1.69730047e-03]
 [-2.16782298e-02  1.05299605e-02 -1.10497978e-02  8.08966812e-04
   1.69730047e-03  1.00000036e+00]]
[2025-11-13 20:31:52,074][src.models.modules.semantic_id.tiger_generation_model][INFO] - [rank: 0] 当前batch的输入Item Hierarchy Embedding相似度矩阵:
[[ 1.0000000e+00  3.3921851e-03  1.0251647e-03 -9.5334678e-04
  -4.6643591e-04  3.8984702e-03]
 [ 3.3921851e-03  1.0000000e+00  1.5027130e-04  6.3109971e-03
   9.9357162e-03 -1.1099805e-02]
 [ 1.0251647e-03  1.5027130e-04  1.0000000e+00  1.3428833e-03
  -2.1547398e-02  8.5973414e-03]
 [-9.5334678e-04  6.3109971e-03  1.3428833e-03  1.0000000e+00
  -1.1485957e-02  1.9608896e-02]
 [-4.6643591e-04  9.9357162e-03 -2.1547398e-02 -1.1485957e-02
   1.0000000e+00  2.2509303e-02]
 [ 3.8984702e-03 -1.1099805e-02  8.5973414e-03  1.9608896e-02
   2.2509303e-02  1.0000005e+00]]
[2025-11-13 20:31:53,400][src.models.modules.semantic_id.tiger_generation_model][WARNING] - [rank: 0] Failed to stack cross attentions: stack expects each tensor to be equal size, but got [32, 6, 140] at entry 0 and [32, 6, 2, 140] at entry 1
[2025-11-13 20:31:53,400][src.models.modules.semantic_id.tiger_generation_model][WARNING] - [rank: 0]   Hierarchy 0 shape: torch.Size([32, 6, 140])
[2025-11-13 20:31:53,400][src.models.modules.semantic_id.tiger_generation_model][WARNING] - [rank: 0]   Hierarchy 1 shape: torch.Size([32, 6, 2, 140])
[2025-11-13 20:31:53,401][src.models.modules.semantic_id.tiger_generation_model][WARNING] - [rank: 0]   Hierarchy 2 shape: torch.Size([32, 6, 140])
[2025-11-13 20:31:53,401][src.models.modules.semantic_id.tiger_generation_model][WARNING] - [rank: 0]   Hierarchy 3 shape: torch.Size([32, 6, 140])
[2025-11-13 20:31:53,401][src.models.modules.semantic_id.tiger_generation_model][WARNING] - [rank: 0]   Hierarchy 4 shape: torch.Size([32, 6, 140])
[2025-11-13 20:31:53,401][src.models.modules.semantic_id.tiger_generation_model][WARNING] - [rank: 0]   Hierarchy 5 shape: torch.Size([32, 6, 140])
[2025-11-13 20:31:54,139][src.models.modules.semantic_id.tiger_generation_model][INFO] - [rank: 0] Saved decoder self-attention to ./attention_weights/decoder_self_attention_batch_70.pt
[2025-11-13 20:31:54,140][src.models.modules.semantic_id.tiger_generation_model][INFO] - [rank: 0] Saved encoder attention to ./attention_weights/encoder_attention_batch_70.pt
[2025-11-13 20:31:54,140][src.models.modules.semantic_id.tiger_generation_model][INFO] - [rank: 0] Saved cross attention to ./attention_weights/cross_attention_batch_70.pt
[2025-11-13 20:31:54,149][src.models.modules.semantic_id.tiger_generation_model][INFO] - [rank: 0] 当前batch的生成语义ID Embedding相似度矩阵:
[[ 1.0000000e+00 -3.5690334e-02 -1.3359705e-02 -2.6044879e-02
  -6.1219996e-03 -2.0338871e-02]
 [-3.5690334e-02  1.0000000e+00  5.2906878e-02  1.4953278e-03
  -2.0925265e-02  1.3045035e-02]
 [-1.3359705e-02  5.2906878e-02  1.0000000e+00  9.8309880e-03
   6.6943029e-03 -1.5616618e-02]
 [-2.6044879e-02  1.4953278e-03  9.8309880e-03  9.9999994e-01
   1.1602640e-02 -4.1047484e-04]
 [-6.1219996e-03 -2.0925265e-02  6.6943029e-03  1.1602640e-02
   1.0000000e+00  3.1669930e-02]
 [-2.0338871e-02  1.3045035e-02 -1.5616618e-02 -4.1047484e-04
   3.1669930e-02  1.0000004e+00]]
[2025-11-13 20:31:55,546][src.models.modules.semantic_id.tiger_generation_model][INFO] - [rank: 0] 当前batch的输入Item Hierarchy Embedding相似度矩阵:
[[ 9.9999994e-01  2.4937396e-03  1.4713092e-02 -1.8958731e-03
  -1.1884425e-02 -6.6933446e-03]
 [ 2.4937396e-03  9.9999994e-01  4.7744731e-03  6.8521705e-03
  -3.9132673e-04 -1.8381929e-02]
 [ 1.4713092e-02  4.7744731e-03  9.9999994e-01 -3.0254142e-03
  -9.4253366e-04  1.1556755e-03]
 [-1.8958731e-03  6.8521705e-03 -3.0254142e-03  9.9999994e-01
  -1.4185824e-02  2.4080999e-02]
 [-1.1884425e-02 -3.9132673e-04 -9.4253366e-04 -1.4185824e-02
   9.9999994e-01  1.2032340e-02]
 [-6.6933446e-03 -1.8381929e-02  1.1556755e-03  2.4080999e-02
   1.2032340e-02  1.0000000e+00]]
[2025-11-13 20:31:57,215][src.models.modules.semantic_id.tiger_generation_model][WARNING] - [rank: 0] Failed to stack cross attentions: stack expects each tensor to be equal size, but got [32, 6, 140] at entry 0 and [32, 6, 2, 140] at entry 1
[2025-11-13 20:31:57,215][src.models.modules.semantic_id.tiger_generation_model][WARNING] - [rank: 0]   Hierarchy 0 shape: torch.Size([32, 6, 140])
[2025-11-13 20:31:57,216][src.models.modules.semantic_id.tiger_generation_model][WARNING] - [rank: 0]   Hierarchy 1 shape: torch.Size([32, 6, 2, 140])
[2025-11-13 20:31:57,216][src.models.modules.semantic_id.tiger_generation_model][WARNING] - [rank: 0]   Hierarchy 2 shape: torch.Size([32, 6, 140])
[2025-11-13 20:31:57,216][src.models.modules.semantic_id.tiger_generation_model][WARNING] - [rank: 0]   Hierarchy 3 shape: torch.Size([32, 6, 140])
[2025-11-13 20:31:57,216][src.models.modules.semantic_id.tiger_generation_model][WARNING] - [rank: 0]   Hierarchy 4 shape: torch.Size([32, 6, 140])
[2025-11-13 20:31:57,216][src.models.modules.semantic_id.tiger_generation_model][WARNING] - [rank: 0]   Hierarchy 5 shape: torch.Size([32, 6, 140])
[2025-11-13 20:31:57,816][src.models.modules.semantic_id.tiger_generation_model][INFO] - [rank: 0] Saved decoder self-attention to ./attention_weights/decoder_self_attention_batch_71.pt
[2025-11-13 20:31:57,817][src.models.modules.semantic_id.tiger_generation_model][INFO] - [rank: 0] Saved encoder attention to ./attention_weights/encoder_attention_batch_71.pt
[2025-11-13 20:31:57,817][src.models.modules.semantic_id.tiger_generation_model][INFO] - [rank: 0] Saved cross attention to ./attention_weights/cross_attention_batch_71.pt
[2025-11-13 20:31:57,826][src.models.modules.semantic_id.tiger_generation_model][INFO] - [rank: 0] 当前batch的生成语义ID Embedding相似度矩阵:
[[ 0.99999994 -0.0273289   0.03397088  0.00535448 -0.01141291 -0.02785846]
 [-0.0273289   1.          0.00955667 -0.00927705 -0.00279588  0.00456902]
 [ 0.03397088  0.00955667  1.          0.01908935  0.00413268 -0.0033787 ]
 [ 0.00535448 -0.00927705  0.01908935  1.          0.00182512 -0.00615666]
 [-0.01141291 -0.00279588  0.00413268  0.00182512  1.          0.0103831 ]
 [-0.02785846  0.00456902 -0.0033787  -0.00615666  0.0103831   1.0000004 ]]
[2025-11-13 20:31:58,802][src.models.modules.semantic_id.tiger_generation_model][INFO] - [rank: 0] 当前batch的输入Item Hierarchy Embedding相似度矩阵:
[[ 1.         -0.00799601 -0.00995126  0.00537772 -0.0036927  -0.01735533]
 [-0.00799601  1.         -0.00376395 -0.00458688  0.00194192 -0.01046523]
 [-0.00995126 -0.00376395  1.         -0.01126002  0.00649742 -0.00403045]
 [ 0.00537772 -0.00458688 -0.01126002  1.          0.0079983   0.00471163]
 [-0.0036927   0.00194192  0.00649742  0.0079983   1.          0.01932653]
 [-0.01735533 -0.01046523 -0.00403045  0.00471163  0.01932653  1.0000005 ]]
[2025-11-13 20:32:00,008][src.models.modules.semantic_id.tiger_generation_model][WARNING] - [rank: 0] Failed to stack cross attentions: stack expects each tensor to be equal size, but got [32, 6, 140] at entry 0 and [32, 6, 2, 140] at entry 1
[2025-11-13 20:32:00,008][src.models.modules.semantic_id.tiger_generation_model][WARNING] - [rank: 0]   Hierarchy 0 shape: torch.Size([32, 6, 140])
[2025-11-13 20:32:00,008][src.models.modules.semantic_id.tiger_generation_model][WARNING] - [rank: 0]   Hierarchy 1 shape: torch.Size([32, 6, 2, 140])
[2025-11-13 20:32:00,009][src.models.modules.semantic_id.tiger_generation_model][WARNING] - [rank: 0]   Hierarchy 2 shape: torch.Size([32, 6, 140])
[2025-11-13 20:32:00,009][src.models.modules.semantic_id.tiger_generation_model][WARNING] - [rank: 0]   Hierarchy 3 shape: torch.Size([32, 6, 140])
[2025-11-13 20:32:00,009][src.models.modules.semantic_id.tiger_generation_model][WARNING] - [rank: 0]   Hierarchy 4 shape: torch.Size([32, 6, 140])
[2025-11-13 20:32:00,009][src.models.modules.semantic_id.tiger_generation_model][WARNING] - [rank: 0]   Hierarchy 5 shape: torch.Size([32, 6, 140])
[2025-11-13 20:32:00,400][src.models.modules.semantic_id.tiger_generation_model][INFO] - [rank: 0] Saved decoder self-attention to ./attention_weights/decoder_self_attention_batch_72.pt
[2025-11-13 20:32:00,401][src.models.modules.semantic_id.tiger_generation_model][INFO] - [rank: 0] Saved encoder attention to ./attention_weights/encoder_attention_batch_72.pt
[2025-11-13 20:32:00,401][src.models.modules.semantic_id.tiger_generation_model][INFO] - [rank: 0] Saved cross attention to ./attention_weights/cross_attention_batch_72.pt
[2025-11-13 20:32:00,410][src.models.modules.semantic_id.tiger_generation_model][INFO] - [rank: 0] 当前batch的生成语义ID Embedding相似度矩阵:
[[ 1.          0.01183162  0.02375547 -0.03533327 -0.00734032 -0.02119724]
 [ 0.01183162  1.         -0.01976999  0.01677246 -0.01543504 -0.00875408]
 [ 0.02375547 -0.01976999  1.         -0.00740749 -0.03411563 -0.01645094]
 [-0.03533327  0.01677246 -0.00740749  1.         -0.01265441  0.04402365]
 [-0.00734032 -0.01543504 -0.03411563 -0.01265441  1.          0.02112011]
 [-0.02119724 -0.00875408 -0.01645094  0.04402365  0.02112011  1.0000004 ]]
[2025-11-13 20:32:01,380][src.models.modules.semantic_id.tiger_generation_model][INFO] - [rank: 0] 当前batch的输入Item Hierarchy Embedding相似度矩阵:
[[ 1.         -0.00408222 -0.00862581 -0.00185657 -0.0019375  -0.00108394]
 [-0.00408222  1.          0.01407896  0.00330322  0.00460697 -0.01058725]
 [-0.00862581  0.01407896  1.          0.0075772  -0.00336483  0.00871657]
 [-0.00185657  0.00330322  0.0075772   1.         -0.01559308  0.01331584]
 [-0.0019375   0.00460697 -0.00336483 -0.01559308  1.          0.01212489]
 [-0.00108394 -0.01058725  0.00871657  0.01331584  0.01212489  1.0000005 ]]
[2025-11-13 20:32:01,909][src.models.modules.semantic_id.tiger_generation_model][WARNING] - [rank: 0] Failed to stack cross attentions: stack expects each tensor to be equal size, but got [32, 6, 140] at entry 0 and [32, 6, 2, 140] at entry 1
[2025-11-13 20:32:01,910][src.models.modules.semantic_id.tiger_generation_model][WARNING] - [rank: 0]   Hierarchy 0 shape: torch.Size([32, 6, 140])
[2025-11-13 20:32:01,911][src.models.modules.semantic_id.tiger_generation_model][WARNING] - [rank: 0]   Hierarchy 1 shape: torch.Size([32, 6, 2, 140])
[2025-11-13 20:32:01,911][src.models.modules.semantic_id.tiger_generation_model][WARNING] - [rank: 0]   Hierarchy 2 shape: torch.Size([32, 6, 140])
[2025-11-13 20:32:01,911][src.models.modules.semantic_id.tiger_generation_model][WARNING] - [rank: 0]   Hierarchy 3 shape: torch.Size([32, 6, 140])
[2025-11-13 20:32:01,911][src.models.modules.semantic_id.tiger_generation_model][WARNING] - [rank: 0]   Hierarchy 4 shape: torch.Size([32, 6, 140])
[2025-11-13 20:32:01,911][src.models.modules.semantic_id.tiger_generation_model][WARNING] - [rank: 0]   Hierarchy 5 shape: torch.Size([32, 6, 140])
[2025-11-13 20:32:02,334][src.models.modules.semantic_id.tiger_generation_model][INFO] - [rank: 0] Saved decoder self-attention to ./attention_weights/decoder_self_attention_batch_73.pt
[2025-11-13 20:32:02,334][src.models.modules.semantic_id.tiger_generation_model][INFO] - [rank: 0] Saved encoder attention to ./attention_weights/encoder_attention_batch_73.pt
[2025-11-13 20:32:02,334][src.models.modules.semantic_id.tiger_generation_model][INFO] - [rank: 0] Saved cross attention to ./attention_weights/cross_attention_batch_73.pt
[2025-11-13 20:32:02,340][src.models.modules.semantic_id.tiger_generation_model][INFO] - [rank: 0] 当前batch的生成语义ID Embedding相似度矩阵:
[[ 1.          0.01660253  0.01494704 -0.04231388  0.01345163 -0.05373137]
 [ 0.01660253  1.         -0.0079006   0.00121307 -0.00170419 -0.02350598]
 [ 0.01494704 -0.0079006   1.         -0.01694056 -0.01323121 -0.00175651]
 [-0.04231388  0.00121307 -0.01694056  1.          0.02270493  0.01883366]
 [ 0.01345163 -0.00170419 -0.01323121  0.02270493  1.          0.02723107]
 [-0.05373137 -0.02350598 -0.00175651  0.01883366  0.02723107  1.0000004 ]]
[2025-11-13 20:32:03,691][src.models.modules.semantic_id.tiger_generation_model][INFO] - [rank: 0] 当前batch的输入Item Hierarchy Embedding相似度矩阵:
[[ 1.0000000e+00  5.4981927e-03 -2.0133560e-03  1.5782429e-02
  -6.4045312e-03 -2.2040265e-02]
 [ 5.4981927e-03  1.0000000e+00  1.7425736e-02  6.5107439e-03
  -8.7815290e-03  1.5132176e-02]
 [-2.0133560e-03  1.7425736e-02  1.0000000e+00  1.2064954e-02
  -6.4457557e-03 -5.6936301e-04]
 [ 1.5782429e-02  6.5107439e-03  1.2064954e-02  1.0000000e+00
  -2.4103606e-02  2.7188007e-03]
 [-6.4045312e-03 -8.7815290e-03 -6.4457557e-03 -2.4103606e-02
   1.0000000e+00  2.4092581e-02]
 [-2.2040265e-02  1.5132176e-02 -5.6936301e-04  2.7188007e-03
   2.4092581e-02  1.0000000e+00]]
[2025-11-13 20:32:05,111][src.models.modules.semantic_id.tiger_generation_model][WARNING] - [rank: 0] Failed to stack cross attentions: stack expects each tensor to be equal size, but got [32, 6, 140] at entry 0 and [32, 6, 2, 140] at entry 1
[2025-11-13 20:32:05,111][src.models.modules.semantic_id.tiger_generation_model][WARNING] - [rank: 0]   Hierarchy 0 shape: torch.Size([32, 6, 140])
[2025-11-13 20:32:05,112][src.models.modules.semantic_id.tiger_generation_model][WARNING] - [rank: 0]   Hierarchy 1 shape: torch.Size([32, 6, 2, 140])
[2025-11-13 20:32:05,112][src.models.modules.semantic_id.tiger_generation_model][WARNING] - [rank: 0]   Hierarchy 2 shape: torch.Size([32, 6, 140])
[2025-11-13 20:32:05,112][src.models.modules.semantic_id.tiger_generation_model][WARNING] - [rank: 0]   Hierarchy 3 shape: torch.Size([32, 6, 140])
[2025-11-13 20:32:05,112][src.models.modules.semantic_id.tiger_generation_model][WARNING] - [rank: 0]   Hierarchy 4 shape: torch.Size([32, 6, 140])
[2025-11-13 20:32:05,112][src.models.modules.semantic_id.tiger_generation_model][WARNING] - [rank: 0]   Hierarchy 5 shape: torch.Size([32, 6, 140])
[2025-11-13 20:32:05,491][src.models.modules.semantic_id.tiger_generation_model][INFO] - [rank: 0] Saved decoder self-attention to ./attention_weights/decoder_self_attention_batch_74.pt
[2025-11-13 20:32:05,492][src.models.modules.semantic_id.tiger_generation_model][INFO] - [rank: 0] Saved encoder attention to ./attention_weights/encoder_attention_batch_74.pt
[2025-11-13 20:32:05,493][src.models.modules.semantic_id.tiger_generation_model][INFO] - [rank: 0] Saved cross attention to ./attention_weights/cross_attention_batch_74.pt
[2025-11-13 20:32:05,500][src.models.modules.semantic_id.tiger_generation_model][INFO] - [rank: 0] 当前batch的生成语义ID Embedding相似度矩阵:
[[ 1.          0.0070198  -0.00593982 -0.02577006  0.01295408  0.00643347]
 [ 0.0070198   1.         -0.00954392 -0.01257904 -0.02801105 -0.00515754]
 [-0.00593982 -0.00954392  1.         -0.02305706  0.01010132 -0.01736113]
 [-0.02577006 -0.01257904 -0.02305706  0.9999999   0.00938748 -0.00200257]
 [ 0.01295408 -0.02801105  0.01010132  0.00938748  1.          0.01975497]
 [ 0.00643347 -0.00515754 -0.01736113 -0.00200257  0.01975497  1.0000004 ]]
[2025-11-13 20:32:07,040][src.models.modules.semantic_id.tiger_generation_model][INFO] - [rank: 0] 当前batch的输入Item Hierarchy Embedding相似度矩阵:
[[ 1.         -0.00548865  0.00733043  0.00235794 -0.0017149   0.00683799]
 [-0.00548865  1.         -0.00617191 -0.00203222  0.00661146  0.00435501]
 [ 0.00733043 -0.00617191  1.          0.00618458 -0.0089954   0.00614219]
 [ 0.00235794 -0.00203222  0.00618458  1.         -0.01120724  0.01340393]
 [-0.0017149   0.00661146 -0.0089954  -0.01120724  1.          0.01103145]
 [ 0.00683799  0.00435501  0.00614219  0.01340393  0.01103145  1.0000001 ]]
[2025-11-13 20:32:08,052][src.models.modules.semantic_id.tiger_generation_model][WARNING] - [rank: 0] Failed to stack cross attentions: stack expects each tensor to be equal size, but got [32, 6, 140] at entry 0 and [32, 6, 2, 140] at entry 1
[2025-11-13 20:32:08,053][src.models.modules.semantic_id.tiger_generation_model][WARNING] - [rank: 0]   Hierarchy 0 shape: torch.Size([32, 6, 140])
[2025-11-13 20:32:08,053][src.models.modules.semantic_id.tiger_generation_model][WARNING] - [rank: 0]   Hierarchy 1 shape: torch.Size([32, 6, 2, 140])
[2025-11-13 20:32:08,053][src.models.modules.semantic_id.tiger_generation_model][WARNING] - [rank: 0]   Hierarchy 2 shape: torch.Size([32, 6, 140])
[2025-11-13 20:32:08,054][src.models.modules.semantic_id.tiger_generation_model][WARNING] - [rank: 0]   Hierarchy 3 shape: torch.Size([32, 6, 140])
[2025-11-13 20:32:08,054][src.models.modules.semantic_id.tiger_generation_model][WARNING] - [rank: 0]   Hierarchy 4 shape: torch.Size([32, 6, 140])
[2025-11-13 20:32:08,054][src.models.modules.semantic_id.tiger_generation_model][WARNING] - [rank: 0]   Hierarchy 5 shape: torch.Size([32, 6, 140])
[2025-11-13 20:32:08,328][src.models.modules.semantic_id.tiger_generation_model][INFO] - [rank: 0] Saved decoder self-attention to ./attention_weights/decoder_self_attention_batch_75.pt
[2025-11-13 20:32:08,329][src.models.modules.semantic_id.tiger_generation_model][INFO] - [rank: 0] Saved encoder attention to ./attention_weights/encoder_attention_batch_75.pt
[2025-11-13 20:32:08,329][src.models.modules.semantic_id.tiger_generation_model][INFO] - [rank: 0] Saved cross attention to ./attention_weights/cross_attention_batch_75.pt
[2025-11-13 20:32:08,339][src.models.modules.semantic_id.tiger_generation_model][INFO] - [rank: 0] 当前batch的生成语义ID Embedding相似度矩阵:
[[ 0.99999994 -0.01766028  0.01920092 -0.03724268  0.04041428  0.00860823]
 [-0.01766028  1.         -0.0092074   0.02057508  0.00965502 -0.00713074]
 [ 0.01920092 -0.0092074   1.          0.02296344 -0.01495254 -0.02276359]
 [-0.03724268  0.02057508  0.02296344  1.          0.00189142  0.00878944]
 [ 0.04041428  0.00965502 -0.01495254  0.00189142  1.         -0.00787536]
 [ 0.00860823 -0.00713074 -0.02276359  0.00878944 -0.00787536  1.0000004 ]]
[2025-11-13 20:32:09,638][src.models.modules.semantic_id.tiger_generation_model][INFO] - [rank: 0] 当前batch的输入Item Hierarchy Embedding相似度矩阵:
[[ 1.0000000e+00 -2.0718046e-02 -1.6924127e-03 -6.8162783e-04
   6.0230615e-03  2.7771958e-03]
 [-2.0718046e-02  1.0000000e+00  8.5621988e-03  1.2320694e-02
  -1.8424077e-03 -5.8150040e-03]
 [-1.6924127e-03  8.5621988e-03  1.0000000e+00  1.2083467e-02
  -2.8246220e-03 -2.6316999e-03]
 [-6.8162783e-04  1.2320694e-02  1.2083467e-02  1.0000000e+00
  -1.6803604e-02 -7.0398315e-03]
 [ 6.0230615e-03 -1.8424077e-03 -2.8246220e-03 -1.6803604e-02
   1.0000000e+00  7.1666897e-03]
 [ 2.7771958e-03 -5.8150040e-03 -2.6316999e-03 -7.0398315e-03
   7.1666897e-03  1.0000005e+00]]
[2025-11-13 20:32:10,306][src.models.modules.semantic_id.tiger_generation_model][WARNING] - [rank: 0] Failed to stack cross attentions: stack expects each tensor to be equal size, but got [32, 6, 140] at entry 0 and [32, 6, 2, 140] at entry 1
[2025-11-13 20:32:10,307][src.models.modules.semantic_id.tiger_generation_model][WARNING] - [rank: 0]   Hierarchy 0 shape: torch.Size([32, 6, 140])
[2025-11-13 20:32:10,307][src.models.modules.semantic_id.tiger_generation_model][WARNING] - [rank: 0]   Hierarchy 1 shape: torch.Size([32, 6, 2, 140])
[2025-11-13 20:32:10,307][src.models.modules.semantic_id.tiger_generation_model][WARNING] - [rank: 0]   Hierarchy 2 shape: torch.Size([32, 6, 140])
[2025-11-13 20:32:10,307][src.models.modules.semantic_id.tiger_generation_model][WARNING] - [rank: 0]   Hierarchy 3 shape: torch.Size([32, 6, 140])
[2025-11-13 20:32:10,308][src.models.modules.semantic_id.tiger_generation_model][WARNING] - [rank: 0]   Hierarchy 4 shape: torch.Size([32, 6, 140])
[2025-11-13 20:32:10,308][src.models.modules.semantic_id.tiger_generation_model][WARNING] - [rank: 0]   Hierarchy 5 shape: torch.Size([32, 6, 140])
[2025-11-13 20:32:10,569][src.models.modules.semantic_id.tiger_generation_model][INFO] - [rank: 0] Saved decoder self-attention to ./attention_weights/decoder_self_attention_batch_76.pt
[2025-11-13 20:32:10,570][src.models.modules.semantic_id.tiger_generation_model][INFO] - [rank: 0] Saved encoder attention to ./attention_weights/encoder_attention_batch_76.pt
[2025-11-13 20:32:10,570][src.models.modules.semantic_id.tiger_generation_model][INFO] - [rank: 0] Saved cross attention to ./attention_weights/cross_attention_batch_76.pt
[2025-11-13 20:32:10,579][src.models.modules.semantic_id.tiger_generation_model][INFO] - [rank: 0] 当前batch的生成语义ID Embedding相似度矩阵:
[[ 0.9999999  -0.01131448 -0.00587015 -0.02379584  0.00696836 -0.01474447]
 [-0.01131448  0.99999994 -0.01241835  0.03135464 -0.02231258  0.0250964 ]
 [-0.00587015 -0.01241835  1.          0.03142525 -0.00560442  0.00327475]
 [-0.02379584  0.03135464  0.03142525  1.         -0.01533023  0.04920589]
 [ 0.00696836 -0.02231258 -0.00560442 -0.01533023  1.0000001   0.01944274]
 [-0.01474447  0.0250964   0.00327475  0.04920589  0.01944274  1.0000004 ]]
[2025-11-13 20:32:11,188][src.models.modules.semantic_id.tiger_generation_model][INFO] - [rank: 0] 当前batch的输入Item Hierarchy Embedding相似度矩阵:
[[ 9.99999881e-01 -8.59127007e-03 -2.64771935e-02  2.17242958e-03
  -5.65948663e-04  1.12765655e-02]
 [-8.59127007e-03  9.99999940e-01 -5.57182776e-03  1.69908702e-02
   5.35707548e-03 -1.39971860e-02]
 [-2.64771935e-02 -5.57182776e-03  9.99999940e-01 -7.39308819e-03
  -3.80902970e-03 -1.83988991e-03]
 [ 2.17242958e-03  1.69908702e-02 -7.39308819e-03  9.99999940e-01
  -2.61583773e-04 -6.31386228e-03]
 [-5.65948663e-04  5.35707548e-03 -3.80902970e-03 -2.61583773e-04
   9.99999940e-01  4.61223675e-03]
 [ 1.12765655e-02 -1.39971860e-02 -1.83988991e-03 -6.31386228e-03
   4.61223675e-03  1.00000000e+00]]
[2025-11-13 20:32:12,172][src.models.modules.semantic_id.tiger_generation_model][WARNING] - [rank: 0] Failed to stack cross attentions: stack expects each tensor to be equal size, but got [32, 6, 140] at entry 0 and [32, 6, 2, 140] at entry 1
[2025-11-13 20:32:12,173][src.models.modules.semantic_id.tiger_generation_model][WARNING] - [rank: 0]   Hierarchy 0 shape: torch.Size([32, 6, 140])
[2025-11-13 20:32:12,173][src.models.modules.semantic_id.tiger_generation_model][WARNING] - [rank: 0]   Hierarchy 1 shape: torch.Size([32, 6, 2, 140])
[2025-11-13 20:32:12,173][src.models.modules.semantic_id.tiger_generation_model][WARNING] - [rank: 0]   Hierarchy 2 shape: torch.Size([32, 6, 140])
[2025-11-13 20:32:12,173][src.models.modules.semantic_id.tiger_generation_model][WARNING] - [rank: 0]   Hierarchy 3 shape: torch.Size([32, 6, 140])
[2025-11-13 20:32:12,173][src.models.modules.semantic_id.tiger_generation_model][WARNING] - [rank: 0]   Hierarchy 4 shape: torch.Size([32, 6, 140])
[2025-11-13 20:32:12,173][src.models.modules.semantic_id.tiger_generation_model][WARNING] - [rank: 0]   Hierarchy 5 shape: torch.Size([32, 6, 140])
[2025-11-13 20:32:12,499][src.models.modules.semantic_id.tiger_generation_model][INFO] - [rank: 0] Saved decoder self-attention to ./attention_weights/decoder_self_attention_batch_77.pt
[2025-11-13 20:32:12,499][src.models.modules.semantic_id.tiger_generation_model][INFO] - [rank: 0] Saved encoder attention to ./attention_weights/encoder_attention_batch_77.pt
[2025-11-13 20:32:12,499][src.models.modules.semantic_id.tiger_generation_model][INFO] - [rank: 0] Saved cross attention to ./attention_weights/cross_attention_batch_77.pt
[2025-11-13 20:32:12,509][src.models.modules.semantic_id.tiger_generation_model][INFO] - [rank: 0] 当前batch的生成语义ID Embedding相似度矩阵:
[[ 9.9999994e-01 -2.0254079e-02  3.6891475e-02 -2.9083032e-02
   1.5297917e-02 -5.5373378e-02]
 [-2.0254079e-02  1.0000000e+00 -1.9748695e-06  8.0816615e-03
   2.5943806e-03  8.0643585e-03]
 [ 3.6891475e-02 -1.9748695e-06  1.0000001e+00 -9.9543473e-03
   2.6656520e-03 -1.6980965e-02]
 [-2.9083032e-02  8.0816615e-03 -9.9543473e-03  1.0000000e+00
  -1.4887456e-02  4.4520427e-02]
 [ 1.5297917e-02  2.5943806e-03  2.6656520e-03 -1.4887456e-02
   1.0000000e+00  3.5890955e-02]
 [-5.5373378e-02  8.0643585e-03 -1.6980965e-02  4.4520427e-02
   3.5890955e-02  1.0000004e+00]]
[2025-11-13 20:32:13,749][src.models.modules.semantic_id.tiger_generation_model][INFO] - [rank: 0] 当前batch的输入Item Hierarchy Embedding相似度矩阵:
[[ 1.         -0.00566093 -0.01084402  0.00123813  0.00869973 -0.02365838]
 [-0.00566093  1.         -0.00441708 -0.00999571 -0.01650521 -0.00316197]
 [-0.01084402 -0.00441708  1.          0.01306823 -0.00919672 -0.01377495]
 [ 0.00123813 -0.00999571  0.01306823  1.         -0.01877828  0.0189882 ]
 [ 0.00869973 -0.01650521 -0.00919672 -0.01877828  1.          0.02306586]
 [-0.02365838 -0.00316197 -0.01377495  0.0189882   0.02306586  1.0000001 ]]
[2025-11-13 20:32:14,684][src.models.modules.semantic_id.tiger_generation_model][WARNING] - [rank: 0] Failed to stack cross attentions: stack expects each tensor to be equal size, but got [32, 6, 140] at entry 0 and [32, 6, 2, 140] at entry 1
[2025-11-13 20:32:14,684][src.models.modules.semantic_id.tiger_generation_model][WARNING] - [rank: 0]   Hierarchy 0 shape: torch.Size([32, 6, 140])
[2025-11-13 20:32:14,685][src.models.modules.semantic_id.tiger_generation_model][WARNING] - [rank: 0]   Hierarchy 1 shape: torch.Size([32, 6, 2, 140])
[2025-11-13 20:32:14,685][src.models.modules.semantic_id.tiger_generation_model][WARNING] - [rank: 0]   Hierarchy 2 shape: torch.Size([32, 6, 140])
[2025-11-13 20:32:14,685][src.models.modules.semantic_id.tiger_generation_model][WARNING] - [rank: 0]   Hierarchy 3 shape: torch.Size([32, 6, 140])
[2025-11-13 20:32:14,685][src.models.modules.semantic_id.tiger_generation_model][WARNING] - [rank: 0]   Hierarchy 4 shape: torch.Size([32, 6, 140])
[2025-11-13 20:32:14,685][src.models.modules.semantic_id.tiger_generation_model][WARNING] - [rank: 0]   Hierarchy 5 shape: torch.Size([32, 6, 140])
[2025-11-13 20:32:15,386][src.models.modules.semantic_id.tiger_generation_model][INFO] - [rank: 0] Saved decoder self-attention to ./attention_weights/decoder_self_attention_batch_78.pt
[2025-11-13 20:32:15,387][src.models.modules.semantic_id.tiger_generation_model][INFO] - [rank: 0] Saved encoder attention to ./attention_weights/encoder_attention_batch_78.pt
[2025-11-13 20:32:15,388][src.models.modules.semantic_id.tiger_generation_model][INFO] - [rank: 0] Saved cross attention to ./attention_weights/cross_attention_batch_78.pt
[2025-11-13 20:32:15,393][src.models.modules.semantic_id.tiger_generation_model][INFO] - [rank: 0] 当前batch的生成语义ID Embedding相似度矩阵:
[[ 0.99999994 -0.00190079 -0.01466461  0.00455548 -0.01963405 -0.01251917]
 [-0.00190079  1.          0.01251993 -0.00251132 -0.01226294 -0.01981996]
 [-0.01466461  0.01251993  1.          0.03700117 -0.01457296  0.00772815]
 [ 0.00455548 -0.00251132  0.03700117  1.          0.0147236   0.00284163]
 [-0.01963405 -0.01226294 -0.01457296  0.0147236   1.          0.03398051]
 [-0.01251917 -0.01981996  0.00772815  0.00284163  0.03398051  1.0000004 ]]
[2025-11-13 20:32:16,902][src.models.modules.semantic_id.tiger_generation_model][INFO] - [rank: 0] 当前batch的输入Item Hierarchy Embedding相似度矩阵:
[[ 1.         -0.00686503  0.00105904  0.01135852  0.00476179 -0.01171798]
 [-0.00686503  1.          0.00200082  0.00519167  0.0141529  -0.0082474 ]
 [ 0.00105904  0.00200082  1.          0.00168454 -0.01863298  0.01214306]
 [ 0.01135852  0.00519167  0.00168454  1.         -0.00259251  0.00358642]
 [ 0.00476179  0.0141529  -0.01863298 -0.00259251  1.          0.01014691]
 [-0.01171798 -0.0082474   0.01214306  0.00358642  0.01014691  1.0000004 ]]
[2025-11-13 20:32:18,033][src.models.modules.semantic_id.tiger_generation_model][WARNING] - [rank: 0] Failed to stack cross attentions: stack expects each tensor to be equal size, but got [32, 6, 140] at entry 0 and [32, 6, 2, 140] at entry 1
[2025-11-13 20:32:18,034][src.models.modules.semantic_id.tiger_generation_model][WARNING] - [rank: 0]   Hierarchy 0 shape: torch.Size([32, 6, 140])
[2025-11-13 20:32:18,034][src.models.modules.semantic_id.tiger_generation_model][WARNING] - [rank: 0]   Hierarchy 1 shape: torch.Size([32, 6, 2, 140])
[2025-11-13 20:32:18,034][src.models.modules.semantic_id.tiger_generation_model][WARNING] - [rank: 0]   Hierarchy 2 shape: torch.Size([32, 6, 140])
[2025-11-13 20:32:18,034][src.models.modules.semantic_id.tiger_generation_model][WARNING] - [rank: 0]   Hierarchy 3 shape: torch.Size([32, 6, 140])
[2025-11-13 20:32:18,035][src.models.modules.semantic_id.tiger_generation_model][WARNING] - [rank: 0]   Hierarchy 4 shape: torch.Size([32, 6, 140])
[2025-11-13 20:32:18,035][src.models.modules.semantic_id.tiger_generation_model][WARNING] - [rank: 0]   Hierarchy 5 shape: torch.Size([32, 6, 140])
[2025-11-13 20:32:18,611][src.models.modules.semantic_id.tiger_generation_model][INFO] - [rank: 0] Saved decoder self-attention to ./attention_weights/decoder_self_attention_batch_79.pt
[2025-11-13 20:32:18,611][src.models.modules.semantic_id.tiger_generation_model][INFO] - [rank: 0] Saved encoder attention to ./attention_weights/encoder_attention_batch_79.pt
[2025-11-13 20:32:18,612][src.models.modules.semantic_id.tiger_generation_model][INFO] - [rank: 0] Saved cross attention to ./attention_weights/cross_attention_batch_79.pt
[2025-11-13 20:32:18,619][src.models.modules.semantic_id.tiger_generation_model][INFO] - [rank: 0] 当前batch的生成语义ID Embedding相似度矩阵:
[[ 0.9999999  -0.00377939 -0.011418    0.01801269 -0.00340307 -0.00791967]
 [-0.00377939  1.          0.03480443 -0.01167242  0.01766138 -0.00961113]
 [-0.011418    0.03480443  1.         -0.01247052 -0.00361417 -0.01610499]
 [ 0.01801269 -0.01167242 -0.01247052  1.         -0.02498672  0.04096081]
 [-0.00340307  0.01766138 -0.00361417 -0.02498672  1.          0.00794278]
 [-0.00791967 -0.00961113 -0.01610499  0.04096081  0.00794278  1.0000004 ]]
[2025-11-13 20:32:19,919][src.models.modules.semantic_id.tiger_generation_model][INFO] - [rank: 0] 当前batch的输入Item Hierarchy Embedding相似度矩阵:
[[ 1.0000000e+00 -9.6592093e-03 -2.9991528e-03 -4.6743928e-03
   6.1626900e-03 -1.4814704e-02]
 [-9.6592093e-03  1.0000000e+00  1.6464279e-03  7.4887020e-04
  -1.9478234e-03 -7.9124402e-03]
 [-2.9991528e-03  1.6464279e-03  1.0000000e+00 -3.8734614e-03
  -1.7334019e-03 -8.3170915e-03]
 [-4.6743928e-03  7.4887020e-04 -3.8734614e-03  1.0000000e+00
  -1.7021637e-02  8.7382272e-03]
 [ 6.1626900e-03 -1.9478234e-03 -1.7334019e-03 -1.7021637e-02
   1.0000000e+00  1.7357491e-02]
 [-1.4814704e-02 -7.9124402e-03 -8.3170915e-03  8.7382272e-03
   1.7357491e-02  1.0000005e+00]]
[2025-11-13 20:32:20,849][src.models.modules.semantic_id.tiger_generation_model][WARNING] - [rank: 0] Failed to stack cross attentions: stack expects each tensor to be equal size, but got [32, 6, 140] at entry 0 and [32, 6, 2, 140] at entry 1
[2025-11-13 20:32:20,851][src.models.modules.semantic_id.tiger_generation_model][WARNING] - [rank: 0]   Hierarchy 0 shape: torch.Size([32, 6, 140])
[2025-11-13 20:32:20,851][src.models.modules.semantic_id.tiger_generation_model][WARNING] - [rank: 0]   Hierarchy 1 shape: torch.Size([32, 6, 2, 140])
[2025-11-13 20:32:20,851][src.models.modules.semantic_id.tiger_generation_model][WARNING] - [rank: 0]   Hierarchy 2 shape: torch.Size([32, 6, 140])
[2025-11-13 20:32:20,852][src.models.modules.semantic_id.tiger_generation_model][WARNING] - [rank: 0]   Hierarchy 3 shape: torch.Size([32, 6, 140])
[2025-11-13 20:32:20,852][src.models.modules.semantic_id.tiger_generation_model][WARNING] - [rank: 0]   Hierarchy 4 shape: torch.Size([32, 6, 140])
[2025-11-13 20:32:20,852][src.models.modules.semantic_id.tiger_generation_model][WARNING] - [rank: 0]   Hierarchy 5 shape: torch.Size([32, 6, 140])
[2025-11-13 20:32:21,636][src.models.modules.semantic_id.tiger_generation_model][INFO] - [rank: 0] Saved decoder self-attention to ./attention_weights/decoder_self_attention_batch_80.pt
[2025-11-13 20:32:21,637][src.models.modules.semantic_id.tiger_generation_model][INFO] - [rank: 0] Saved encoder attention to ./attention_weights/encoder_attention_batch_80.pt
[2025-11-13 20:32:21,638][src.models.modules.semantic_id.tiger_generation_model][INFO] - [rank: 0] Saved cross attention to ./attention_weights/cross_attention_batch_80.pt
[2025-11-13 20:32:21,644][src.models.modules.semantic_id.tiger_generation_model][INFO] - [rank: 0] 当前batch的生成语义ID Embedding相似度矩阵:
[[ 9.9999994e-01 -1.4922706e-02  2.3525801e-02 -3.6564711e-02
  -2.0711925e-03 -2.6681665e-02]
 [-1.4922706e-02  1.0000000e+00 -9.4381711e-03 -5.9940689e-04
  -1.9684084e-02  1.4055963e-02]
 [ 2.3525801e-02 -9.4381711e-03  1.0000000e+00 -2.0401761e-02
  -4.1059051e-03 -1.5182793e-02]
 [-3.6564711e-02 -5.9940689e-04 -2.0401761e-02  1.0000000e+00
  -9.5541002e-03  3.0185353e-02]
 [-2.0711925e-03 -1.9684084e-02 -4.1059051e-03 -9.5541002e-03
   1.0000002e+00  2.2709187e-02]
 [-2.6681665e-02  1.4055963e-02 -1.5182793e-02  3.0185353e-02
   2.2709187e-02  1.0000004e+00]]
[2025-11-13 20:32:22,907][src.models.modules.semantic_id.tiger_generation_model][INFO] - [rank: 0] 当前batch的输入Item Hierarchy Embedding相似度矩阵:
[[ 1.          0.00225974 -0.00249131 -0.01184445 -0.00462673 -0.00846443]
 [ 0.00225974  1.         -0.00952685 -0.00181312 -0.00122829 -0.00309152]
 [-0.00249131 -0.00952685  1.          0.00625502 -0.00653922 -0.01570042]
 [-0.01184445 -0.00181312  0.00625502  1.         -0.0136465   0.00727198]
 [-0.00462673 -0.00122829 -0.00653922 -0.0136465   1.          0.00866225]
 [-0.00846443 -0.00309152 -0.01570042  0.00727198  0.00866225  1.0000005 ]]
[2025-11-13 20:32:23,575][src.models.modules.semantic_id.tiger_generation_model][WARNING] - [rank: 0] Failed to stack cross attentions: stack expects each tensor to be equal size, but got [32, 6, 140] at entry 0 and [32, 6, 2, 140] at entry 1
[2025-11-13 20:32:23,577][src.models.modules.semantic_id.tiger_generation_model][WARNING] - [rank: 0]   Hierarchy 0 shape: torch.Size([32, 6, 140])
[2025-11-13 20:32:23,577][src.models.modules.semantic_id.tiger_generation_model][WARNING] - [rank: 0]   Hierarchy 1 shape: torch.Size([32, 6, 2, 140])
[2025-11-13 20:32:23,577][src.models.modules.semantic_id.tiger_generation_model][WARNING] - [rank: 0]   Hierarchy 2 shape: torch.Size([32, 6, 140])
[2025-11-13 20:32:23,577][src.models.modules.semantic_id.tiger_generation_model][WARNING] - [rank: 0]   Hierarchy 3 shape: torch.Size([32, 6, 140])
[2025-11-13 20:32:23,577][src.models.modules.semantic_id.tiger_generation_model][WARNING] - [rank: 0]   Hierarchy 4 shape: torch.Size([32, 6, 140])
[2025-11-13 20:32:23,577][src.models.modules.semantic_id.tiger_generation_model][WARNING] - [rank: 0]   Hierarchy 5 shape: torch.Size([32, 6, 140])
[2025-11-13 20:32:23,868][src.models.modules.semantic_id.tiger_generation_model][INFO] - [rank: 0] Saved decoder self-attention to ./attention_weights/decoder_self_attention_batch_81.pt
[2025-11-13 20:32:23,869][src.models.modules.semantic_id.tiger_generation_model][INFO] - [rank: 0] Saved encoder attention to ./attention_weights/encoder_attention_batch_81.pt
[2025-11-13 20:32:23,869][src.models.modules.semantic_id.tiger_generation_model][INFO] - [rank: 0] Saved cross attention to ./attention_weights/cross_attention_batch_81.pt
[2025-11-13 20:32:23,876][src.models.modules.semantic_id.tiger_generation_model][INFO] - [rank: 0] 当前batch的生成语义ID Embedding相似度矩阵:
[[ 1.          0.01426635  0.0534723  -0.02298655  0.01748628 -0.01874574]
 [ 0.01426635  1.         -0.0478448   0.02638786 -0.01673556 -0.02240783]
 [ 0.0534723  -0.0478448   1.         -0.01695051  0.01077958  0.01632033]
 [-0.02298655  0.02638786 -0.01695051  1.          0.00803742  0.02121047]
 [ 0.01748628 -0.01673556  0.01077958  0.00803742  1.          0.01317202]
 [-0.01874574 -0.02240783  0.01632033  0.02121047  0.01317202  1.0000004 ]]
[2025-11-13 20:32:25,109][src.models.modules.semantic_id.tiger_generation_model][INFO] - [rank: 0] 当前batch的输入Item Hierarchy Embedding相似度矩阵:
[[ 1.00000000e+00  6.81543315e-04  7.40770902e-03  3.98004707e-03
  -3.90668213e-03 -1.26021691e-02]
 [ 6.81543315e-04  1.00000000e+00 -1.17239784e-02  2.81322654e-03
  -1.65216178e-02 -8.18426546e-04]
 [ 7.40770902e-03 -1.17239784e-02  1.00000000e+00  1.33308209e-03
  -3.84420273e-03  1.40820965e-02]
 [ 3.98004707e-03  2.81322654e-03  1.33308209e-03  1.00000000e+00
   1.34363528e-02  2.22046650e-03]
 [-3.90668213e-03 -1.65216178e-02 -3.84420273e-03  1.34363528e-02
   1.00000000e+00  1.57996062e-02]
 [-1.26021691e-02 -8.18426546e-04  1.40820965e-02  2.22046650e-03
   1.57996062e-02  1.00000048e+00]]
[2025-11-13 20:32:25,694][src.models.modules.semantic_id.tiger_generation_model][WARNING] - [rank: 0] Failed to stack cross attentions: stack expects each tensor to be equal size, but got [32, 6, 140] at entry 0 and [32, 6, 2, 140] at entry 1
[2025-11-13 20:32:25,695][src.models.modules.semantic_id.tiger_generation_model][WARNING] - [rank: 0]   Hierarchy 0 shape: torch.Size([32, 6, 140])
[2025-11-13 20:32:25,695][src.models.modules.semantic_id.tiger_generation_model][WARNING] - [rank: 0]   Hierarchy 1 shape: torch.Size([32, 6, 2, 140])
[2025-11-13 20:32:25,695][src.models.modules.semantic_id.tiger_generation_model][WARNING] - [rank: 0]   Hierarchy 2 shape: torch.Size([32, 6, 140])
[2025-11-13 20:32:25,695][src.models.modules.semantic_id.tiger_generation_model][WARNING] - [rank: 0]   Hierarchy 3 shape: torch.Size([32, 6, 140])
[2025-11-13 20:32:25,695][src.models.modules.semantic_id.tiger_generation_model][WARNING] - [rank: 0]   Hierarchy 4 shape: torch.Size([32, 6, 140])
[2025-11-13 20:32:25,695][src.models.modules.semantic_id.tiger_generation_model][WARNING] - [rank: 0]   Hierarchy 5 shape: torch.Size([32, 6, 140])
[2025-11-13 20:32:25,976][src.models.modules.semantic_id.tiger_generation_model][INFO] - [rank: 0] Saved decoder self-attention to ./attention_weights/decoder_self_attention_batch_82.pt
[2025-11-13 20:32:25,976][src.models.modules.semantic_id.tiger_generation_model][INFO] - [rank: 0] Saved encoder attention to ./attention_weights/encoder_attention_batch_82.pt
[2025-11-13 20:32:25,976][src.models.modules.semantic_id.tiger_generation_model][INFO] - [rank: 0] Saved cross attention to ./attention_weights/cross_attention_batch_82.pt
[2025-11-13 20:32:25,986][src.models.modules.semantic_id.tiger_generation_model][INFO] - [rank: 0] 当前batch的生成语义ID Embedding相似度矩阵:
[[ 0.99999994 -0.00576441  0.02011664  0.01571285 -0.01548396 -0.01526175]
 [-0.00576441  1.         -0.02618169 -0.00644484 -0.02479617  0.00321846]
 [ 0.02011664 -0.02618169  1.          0.01545188 -0.00537096 -0.00223824]
 [ 0.01571285 -0.00644484  0.01545188  1.         -0.02030325  0.01741214]
 [-0.01548396 -0.02479617 -0.00537096 -0.02030325  1.          0.03059502]
 [-0.01526175  0.00321846 -0.00223824  0.01741214  0.03059502  1.0000004 ]]
[2025-11-13 20:32:27,413][src.models.modules.semantic_id.tiger_generation_model][INFO] - [rank: 0] 当前batch的输入Item Hierarchy Embedding相似度矩阵:
[[ 1.0000000e+00 -1.4931032e-02 -1.0909940e-03  1.1655532e-02
   4.0288391e-03  7.8115771e-03]
 [-1.4931032e-02  1.0000000e+00 -2.6859513e-03  2.4587759e-03
   2.2383195e-03 -1.1353713e-02]
 [-1.0909940e-03 -2.6859513e-03  1.0000000e+00  5.4228352e-03
   9.3773892e-03  8.5316930e-04]
 [ 1.1655532e-02  2.4587759e-03  5.4228352e-03  1.0000000e+00
   1.9351338e-03  1.3014545e-02]
 [ 4.0288391e-03  2.2383195e-03  9.3773892e-03  1.9351338e-03
   1.0000000e+00  6.9012255e-03]
 [ 7.8115771e-03 -1.1353713e-02  8.5316930e-04  1.3014545e-02
   6.9012255e-03  1.0000004e+00]]
[2025-11-13 20:32:28,252][src.models.modules.semantic_id.tiger_generation_model][WARNING] - [rank: 0] Failed to stack cross attentions: stack expects each tensor to be equal size, but got [32, 6, 140] at entry 0 and [32, 6, 2, 140] at entry 1
[2025-11-13 20:32:28,253][src.models.modules.semantic_id.tiger_generation_model][WARNING] - [rank: 0]   Hierarchy 0 shape: torch.Size([32, 6, 140])
[2025-11-13 20:32:28,253][src.models.modules.semantic_id.tiger_generation_model][WARNING] - [rank: 0]   Hierarchy 1 shape: torch.Size([32, 6, 2, 140])
[2025-11-13 20:32:28,254][src.models.modules.semantic_id.tiger_generation_model][WARNING] - [rank: 0]   Hierarchy 2 shape: torch.Size([32, 6, 140])
[2025-11-13 20:32:28,254][src.models.modules.semantic_id.tiger_generation_model][WARNING] - [rank: 0]   Hierarchy 3 shape: torch.Size([32, 6, 140])
[2025-11-13 20:32:28,254][src.models.modules.semantic_id.tiger_generation_model][WARNING] - [rank: 0]   Hierarchy 4 shape: torch.Size([32, 6, 140])
[2025-11-13 20:32:28,254][src.models.modules.semantic_id.tiger_generation_model][WARNING] - [rank: 0]   Hierarchy 5 shape: torch.Size([32, 6, 140])
[2025-11-13 20:32:28,764][src.models.modules.semantic_id.tiger_generation_model][INFO] - [rank: 0] Saved decoder self-attention to ./attention_weights/decoder_self_attention_batch_83.pt
[2025-11-13 20:32:28,765][src.models.modules.semantic_id.tiger_generation_model][INFO] - [rank: 0] Saved encoder attention to ./attention_weights/encoder_attention_batch_83.pt
[2025-11-13 20:32:28,765][src.models.modules.semantic_id.tiger_generation_model][INFO] - [rank: 0] Saved cross attention to ./attention_weights/cross_attention_batch_83.pt
[2025-11-13 20:32:28,775][src.models.modules.semantic_id.tiger_generation_model][INFO] - [rank: 0] 当前batch的生成语义ID Embedding相似度矩阵:
[[ 1.0000000e+00  4.5185760e-03 -2.7240864e-03 -5.6614000e-03
   2.5723472e-02 -2.0639715e-04]
 [ 4.5185760e-03  1.0000000e+00 -3.2363091e-02 -3.8048034e-03
  -1.8230844e-03  3.0836056e-03]
 [-2.7240864e-03 -3.2363091e-02  1.0000000e+00  4.6732710e-03
  -2.4734121e-02 -4.4129668e-03]
 [-5.6614000e-03 -3.8048034e-03  4.6732710e-03  9.9999994e-01
  -4.3380214e-03 -6.1428361e-04]
 [ 2.5723472e-02 -1.8230844e-03 -2.4734121e-02 -4.3380214e-03
   1.0000000e+00  2.5818504e-02]
 [-2.0639715e-04  3.0836056e-03 -4.4129668e-03 -6.1428361e-04
   2.5818504e-02  1.0000004e+00]]
[2025-11-13 20:32:29,976][src.models.modules.semantic_id.tiger_generation_model][INFO] - [rank: 0] 当前batch的输入Item Hierarchy Embedding相似度矩阵:
[[ 1.0000000e+00 -8.1908181e-03 -8.5334168e-06  2.2264058e-03
  -4.8385570e-03  1.3740668e-02]
 [-8.1908181e-03  1.0000000e+00 -9.7530792e-03  1.5452681e-02
   7.7066962e-03 -1.5387274e-02]
 [-8.5334168e-06 -9.7530792e-03  1.0000000e+00  2.4607321e-03
  -1.2159031e-02 -5.8348430e-03]
 [ 2.2264058e-03  1.5452681e-02  2.4607321e-03  1.0000000e+00
  -2.0587303e-02  2.3971191e-03]
 [-4.8385570e-03  7.7066962e-03 -1.2159031e-02 -2.0587303e-02
   1.0000000e+00  9.5347585e-03]
 [ 1.3740668e-02 -1.5387274e-02 -5.8348430e-03  2.3971191e-03
   9.5347585e-03  1.0000005e+00]]
[2025-11-13 20:32:30,560][src.models.modules.semantic_id.tiger_generation_model][WARNING] - [rank: 0] Failed to stack cross attentions: stack expects each tensor to be equal size, but got [32, 6, 140] at entry 0 and [32, 6, 2, 140] at entry 1
[2025-11-13 20:32:30,561][src.models.modules.semantic_id.tiger_generation_model][WARNING] - [rank: 0]   Hierarchy 0 shape: torch.Size([32, 6, 140])
[2025-11-13 20:32:30,561][src.models.modules.semantic_id.tiger_generation_model][WARNING] - [rank: 0]   Hierarchy 1 shape: torch.Size([32, 6, 2, 140])
[2025-11-13 20:32:30,561][src.models.modules.semantic_id.tiger_generation_model][WARNING] - [rank: 0]   Hierarchy 2 shape: torch.Size([32, 6, 140])
[2025-11-13 20:32:30,562][src.models.modules.semantic_id.tiger_generation_model][WARNING] - [rank: 0]   Hierarchy 3 shape: torch.Size([32, 6, 140])
[2025-11-13 20:32:30,562][src.models.modules.semantic_id.tiger_generation_model][WARNING] - [rank: 0]   Hierarchy 4 shape: torch.Size([32, 6, 140])
[2025-11-13 20:32:30,562][src.models.modules.semantic_id.tiger_generation_model][WARNING] - [rank: 0]   Hierarchy 5 shape: torch.Size([32, 6, 140])
[2025-11-13 20:32:30,760][src.models.modules.semantic_id.tiger_generation_model][INFO] - [rank: 0] Saved decoder self-attention to ./attention_weights/decoder_self_attention_batch_84.pt
[2025-11-13 20:32:30,760][src.models.modules.semantic_id.tiger_generation_model][INFO] - [rank: 0] Saved encoder attention to ./attention_weights/encoder_attention_batch_84.pt
[2025-11-13 20:32:30,760][src.models.modules.semantic_id.tiger_generation_model][INFO] - [rank: 0] Saved cross attention to ./attention_weights/cross_attention_batch_84.pt
[2025-11-13 20:32:30,768][src.models.modules.semantic_id.tiger_generation_model][INFO] - [rank: 0] 当前batch的生成语义ID Embedding相似度矩阵:
[[ 1.0000000e+00  8.8213244e-03  6.3745556e-03 -4.8434911e-03
   1.2533235e-02 -1.5469191e-02]
 [ 8.8213244e-03  1.0000000e+00  3.0324709e-02  1.8308409e-02
  -2.3322916e-02  2.1065492e-04]
 [ 6.3745556e-03  3.0324709e-02  1.0000000e+00 -2.4115810e-02
   3.2948241e-02 -2.0644896e-02]
 [-4.8434911e-03  1.8308409e-02 -2.4115810e-02  1.0000000e+00
   8.7884525e-03  2.4167813e-02]
 [ 1.2533235e-02 -2.3322916e-02  3.2948241e-02  8.7884525e-03
   1.0000000e+00  9.9016726e-03]
 [-1.5469191e-02  2.1065492e-04 -2.0644896e-02  2.4167813e-02
   9.9016726e-03  1.0000004e+00]]
[2025-11-13 20:32:32,039][src.models.modules.semantic_id.tiger_generation_model][INFO] - [rank: 0] 当前batch的输入Item Hierarchy Embedding相似度矩阵:
[[ 9.9999994e-01 -8.9626862e-03 -5.6787685e-04 -2.9781575e-03
  -2.1122271e-02  1.8225444e-03]
 [-8.9626862e-03  9.9999994e-01 -4.0498038e-04  9.2328917e-03
  -2.6199820e-03 -1.2918084e-02]
 [-5.6787685e-04 -4.0498038e-04  9.9999994e-01  9.4225332e-03
  -2.8728186e-03 -1.4211829e-02]
 [-2.9781575e-03  9.2328917e-03  9.4225332e-03  9.9999994e-01
  -2.5032647e-03  1.3211991e-02]
 [-2.1122271e-02 -2.6199820e-03 -2.8728186e-03 -2.5032647e-03
   9.9999994e-01  1.8373396e-02]
 [ 1.8225444e-03 -1.2918084e-02 -1.4211829e-02  1.3211991e-02
   1.8373396e-02  1.0000004e+00]]
[2025-11-13 20:32:32,812][src.models.modules.semantic_id.tiger_generation_model][WARNING] - [rank: 0] Failed to stack cross attentions: stack expects each tensor to be equal size, but got [32, 6, 140] at entry 0 and [32, 6, 2, 140] at entry 1
[2025-11-13 20:32:32,812][src.models.modules.semantic_id.tiger_generation_model][WARNING] - [rank: 0]   Hierarchy 0 shape: torch.Size([32, 6, 140])
[2025-11-13 20:32:32,813][src.models.modules.semantic_id.tiger_generation_model][WARNING] - [rank: 0]   Hierarchy 1 shape: torch.Size([32, 6, 2, 140])
[2025-11-13 20:32:32,813][src.models.modules.semantic_id.tiger_generation_model][WARNING] - [rank: 0]   Hierarchy 2 shape: torch.Size([32, 6, 140])
[2025-11-13 20:32:32,813][src.models.modules.semantic_id.tiger_generation_model][WARNING] - [rank: 0]   Hierarchy 3 shape: torch.Size([32, 6, 140])
[2025-11-13 20:32:32,813][src.models.modules.semantic_id.tiger_generation_model][WARNING] - [rank: 0]   Hierarchy 4 shape: torch.Size([32, 6, 140])
[2025-11-13 20:32:32,813][src.models.modules.semantic_id.tiger_generation_model][WARNING] - [rank: 0]   Hierarchy 5 shape: torch.Size([32, 6, 140])
[2025-11-13 20:32:33,018][src.models.modules.semantic_id.tiger_generation_model][INFO] - [rank: 0] Saved decoder self-attention to ./attention_weights/decoder_self_attention_batch_85.pt
[2025-11-13 20:32:33,019][src.models.modules.semantic_id.tiger_generation_model][INFO] - [rank: 0] Saved encoder attention to ./attention_weights/encoder_attention_batch_85.pt
[2025-11-13 20:32:33,019][src.models.modules.semantic_id.tiger_generation_model][INFO] - [rank: 0] Saved cross attention to ./attention_weights/cross_attention_batch_85.pt
[2025-11-13 20:32:33,027][src.models.modules.semantic_id.tiger_generation_model][INFO] - [rank: 0] 当前batch的生成语义ID Embedding相似度矩阵:
[[ 1.0000000e+00 -1.3427858e-03  1.4918114e-02 -3.0436741e-02
  -9.5423423e-03 -3.1636335e-02]
 [-1.3427858e-03  1.0000000e+00  1.2112851e-02  2.5994617e-02
  -1.7851077e-02 -2.3106867e-02]
 [ 1.4918114e-02  1.2112851e-02  1.0000000e+00  1.5604419e-03
   1.1665647e-02  4.3539098e-04]
 [-3.0436741e-02  2.5994617e-02  1.5604419e-03  1.0000000e+00
   7.0472569e-03  3.8360454e-02]
 [-9.5423423e-03 -1.7851077e-02  1.1665647e-02  7.0472569e-03
   1.0000001e+00  1.5483156e-02]
 [-3.1636335e-02 -2.3106867e-02  4.3539098e-04  3.8360454e-02
   1.5483156e-02  1.0000004e+00]]
[2025-11-13 20:32:34,142][src.models.modules.semantic_id.tiger_generation_model][INFO] - [rank: 0] 当前batch的输入Item Hierarchy Embedding相似度矩阵:
[[ 1.0000000e+00  5.6121089e-03 -1.1223223e-02  1.0217164e-03
   7.3774159e-03 -1.7684307e-02]
 [ 5.6121089e-03  1.0000000e+00  2.6342222e-03  1.1782910e-02
   2.1205883e-04 -6.2392000e-03]
 [-1.1223223e-02  2.6342222e-03  1.0000000e+00  1.1260563e-02
  -4.2643612e-03 -1.2148603e-02]
 [ 1.0217164e-03  1.1782910e-02  1.1260563e-02  1.0000000e+00
  -2.6049552e-02  4.7056652e-03]
 [ 7.3774159e-03  2.1205883e-04 -4.2643612e-03 -2.6049552e-02
   1.0000000e+00  6.1149965e-03]
 [-1.7684307e-02 -6.2392000e-03 -1.2148603e-02  4.7056652e-03
   6.1149965e-03  1.0000004e+00]]
[2025-11-13 20:32:35,286][src.models.modules.semantic_id.tiger_generation_model][WARNING] - [rank: 0] Failed to stack cross attentions: stack expects each tensor to be equal size, but got [32, 6, 140] at entry 0 and [32, 6, 2, 140] at entry 1
[2025-11-13 20:32:35,286][src.models.modules.semantic_id.tiger_generation_model][WARNING] - [rank: 0]   Hierarchy 0 shape: torch.Size([32, 6, 140])
[2025-11-13 20:32:35,286][src.models.modules.semantic_id.tiger_generation_model][WARNING] - [rank: 0]   Hierarchy 1 shape: torch.Size([32, 6, 2, 140])
[2025-11-13 20:32:35,287][src.models.modules.semantic_id.tiger_generation_model][WARNING] - [rank: 0]   Hierarchy 2 shape: torch.Size([32, 6, 140])
[2025-11-13 20:32:35,287][src.models.modules.semantic_id.tiger_generation_model][WARNING] - [rank: 0]   Hierarchy 3 shape: torch.Size([32, 6, 140])
[2025-11-13 20:32:35,287][src.models.modules.semantic_id.tiger_generation_model][WARNING] - [rank: 0]   Hierarchy 4 shape: torch.Size([32, 6, 140])
[2025-11-13 20:32:35,287][src.models.modules.semantic_id.tiger_generation_model][WARNING] - [rank: 0]   Hierarchy 5 shape: torch.Size([32, 6, 140])
[2025-11-13 20:32:35,578][src.models.modules.semantic_id.tiger_generation_model][INFO] - [rank: 0] Saved decoder self-attention to ./attention_weights/decoder_self_attention_batch_86.pt
[2025-11-13 20:32:35,578][src.models.modules.semantic_id.tiger_generation_model][INFO] - [rank: 0] Saved encoder attention to ./attention_weights/encoder_attention_batch_86.pt
[2025-11-13 20:32:35,579][src.models.modules.semantic_id.tiger_generation_model][INFO] - [rank: 0] Saved cross attention to ./attention_weights/cross_attention_batch_86.pt
[2025-11-13 20:32:35,585][src.models.modules.semantic_id.tiger_generation_model][INFO] - [rank: 0] 当前batch的生成语义ID Embedding相似度矩阵:
[[ 1.         -0.01415497 -0.01054014 -0.03095429  0.0161126  -0.01648833]
 [-0.01415497  1.          0.01740355  0.00471431 -0.03539034 -0.01455369]
 [-0.01054014  0.01740355  1.         -0.00660599 -0.01959542  0.00927131]
 [-0.03095429  0.00471431 -0.00660599  1.         -0.00109002  0.00362839]
 [ 0.0161126  -0.03539034 -0.01959542 -0.00109002  1.          0.01700098]
 [-0.01648833 -0.01455369  0.00927131  0.00362839  0.01700098  1.0000004 ]]
[2025-11-13 20:32:37,146][src.models.modules.semantic_id.tiger_generation_model][INFO] - [rank: 0] 当前batch的输入Item Hierarchy Embedding相似度矩阵:
[[ 1.0000000e+00 -1.0022713e-05 -1.7407063e-03 -2.4658392e-04
  -1.5439938e-03  4.7788019e-03]
 [-1.0022713e-05  1.0000000e+00  4.6301270e-03  4.9402989e-03
  -3.9181542e-03  1.2709366e-03]
 [-1.7407063e-03  4.6301270e-03  1.0000000e+00  2.2568419e-03
  -3.5015694e-03 -7.8340685e-03]
 [-2.4658392e-04  4.9402989e-03  2.2568419e-03  1.0000000e+00
  -5.9010605e-03  4.5411834e-03]
 [-1.5439938e-03 -3.9181542e-03 -3.5015694e-03 -5.9010605e-03
   1.0000000e+00  2.5222753e-03]
 [ 4.7788019e-03  1.2709366e-03 -7.8340685e-03  4.5411834e-03
   2.5222753e-03  1.0000000e+00]]
[2025-11-13 20:32:37,713][src.models.modules.semantic_id.tiger_generation_model][WARNING] - [rank: 0] Failed to stack cross attentions: stack expects each tensor to be equal size, but got [32, 6, 140] at entry 0 and [32, 6, 2, 140] at entry 1
[2025-11-13 20:32:37,714][src.models.modules.semantic_id.tiger_generation_model][WARNING] - [rank: 0]   Hierarchy 0 shape: torch.Size([32, 6, 140])
[2025-11-13 20:32:37,714][src.models.modules.semantic_id.tiger_generation_model][WARNING] - [rank: 0]   Hierarchy 1 shape: torch.Size([32, 6, 2, 140])
[2025-11-13 20:32:37,714][src.models.modules.semantic_id.tiger_generation_model][WARNING] - [rank: 0]   Hierarchy 2 shape: torch.Size([32, 6, 140])
[2025-11-13 20:32:37,714][src.models.modules.semantic_id.tiger_generation_model][WARNING] - [rank: 0]   Hierarchy 3 shape: torch.Size([32, 6, 140])
[2025-11-13 20:32:37,716][src.models.modules.semantic_id.tiger_generation_model][WARNING] - [rank: 0]   Hierarchy 4 shape: torch.Size([32, 6, 140])
[2025-11-13 20:32:37,716][src.models.modules.semantic_id.tiger_generation_model][WARNING] - [rank: 0]   Hierarchy 5 shape: torch.Size([32, 6, 140])
[2025-11-13 20:32:37,971][src.models.modules.semantic_id.tiger_generation_model][INFO] - [rank: 0] Saved decoder self-attention to ./attention_weights/decoder_self_attention_batch_87.pt
[2025-11-13 20:32:37,972][src.models.modules.semantic_id.tiger_generation_model][INFO] - [rank: 0] Saved encoder attention to ./attention_weights/encoder_attention_batch_87.pt
[2025-11-13 20:32:37,972][src.models.modules.semantic_id.tiger_generation_model][INFO] - [rank: 0] Saved cross attention to ./attention_weights/cross_attention_batch_87.pt
[2025-11-13 20:32:37,980][src.models.modules.semantic_id.tiger_generation_model][INFO] - [rank: 0] 当前batch的生成语义ID Embedding相似度矩阵:
[[ 0.9999999   0.01249468  0.02889331 -0.00625261  0.04868549 -0.01689964]
 [ 0.01249468  1.          0.00704768 -0.00496256  0.00199161 -0.00778399]
 [ 0.02889331  0.00704768  1.          0.0231399   0.00418302 -0.02688305]
 [-0.00625261 -0.00496256  0.0231399   0.99999994 -0.02908649  0.00584739]
 [ 0.04868549  0.00199161  0.00418302 -0.02908649  1.          0.00547312]
 [-0.01689964 -0.00778399 -0.02688305  0.00584739  0.00547312  1.0000004 ]]
[2025-11-13 20:32:39,383][src.models.modules.semantic_id.tiger_generation_model][INFO] - [rank: 0] 当前batch的输入Item Hierarchy Embedding相似度矩阵:
[[ 1.00000000e+00 -2.28011678e-03 -1.08015614e-04 -5.35206869e-03
  -4.45952313e-03  2.89677200e-03]
 [-2.28011678e-03  1.00000000e+00 -9.04735271e-03 -1.50006432e-02
   2.74983863e-03 -1.06900139e-02]
 [-1.08015614e-04 -9.04735271e-03  1.00000000e+00  6.44242112e-03
  -1.70011856e-02 -7.49442261e-03]
 [-5.35206869e-03 -1.50006432e-02  6.44242112e-03  1.00000000e+00
  -1.29105356e-02  2.48898659e-03]
 [-4.45952313e-03  2.74983863e-03 -1.70011856e-02 -1.29105356e-02
   1.00000000e+00  1.70188975e-02]
 [ 2.89677200e-03 -1.06900139e-02 -7.49442261e-03  2.48898659e-03
   1.70188975e-02  1.00000012e+00]]
[2025-11-13 20:32:40,021][src.models.modules.semantic_id.tiger_generation_model][WARNING] - [rank: 0] Failed to stack cross attentions: stack expects each tensor to be equal size, but got [32, 6, 140] at entry 0 and [32, 6, 2, 140] at entry 1
[2025-11-13 20:32:40,021][src.models.modules.semantic_id.tiger_generation_model][WARNING] - [rank: 0]   Hierarchy 0 shape: torch.Size([32, 6, 140])
[2025-11-13 20:32:40,022][src.models.modules.semantic_id.tiger_generation_model][WARNING] - [rank: 0]   Hierarchy 1 shape: torch.Size([32, 6, 2, 140])
[2025-11-13 20:32:40,022][src.models.modules.semantic_id.tiger_generation_model][WARNING] - [rank: 0]   Hierarchy 2 shape: torch.Size([32, 6, 140])
[2025-11-13 20:32:40,022][src.models.modules.semantic_id.tiger_generation_model][WARNING] - [rank: 0]   Hierarchy 3 shape: torch.Size([32, 6, 140])
[2025-11-13 20:32:40,022][src.models.modules.semantic_id.tiger_generation_model][WARNING] - [rank: 0]   Hierarchy 4 shape: torch.Size([32, 6, 140])
[2025-11-13 20:32:40,022][src.models.modules.semantic_id.tiger_generation_model][WARNING] - [rank: 0]   Hierarchy 5 shape: torch.Size([32, 6, 140])
[2025-11-13 20:32:40,253][src.models.modules.semantic_id.tiger_generation_model][INFO] - [rank: 0] Saved decoder self-attention to ./attention_weights/decoder_self_attention_batch_88.pt
[2025-11-13 20:32:40,254][src.models.modules.semantic_id.tiger_generation_model][INFO] - [rank: 0] Saved encoder attention to ./attention_weights/encoder_attention_batch_88.pt
[2025-11-13 20:32:40,254][src.models.modules.semantic_id.tiger_generation_model][INFO] - [rank: 0] Saved cross attention to ./attention_weights/cross_attention_batch_88.pt
[2025-11-13 20:32:40,273][src.models.modules.semantic_id.tiger_generation_model][INFO] - [rank: 0] 当前batch的生成语义ID Embedding相似度矩阵:
[[ 1.00000000e+00 -6.16523018e-03  2.80042179e-04 -1.64363887e-02
   1.19761340e-02  9.07862745e-03]
 [-6.16523018e-03  1.00000000e+00 -6.76336512e-03 -4.34939889e-03
  -8.13930528e-04  1.18805394e-02]
 [ 2.80042179e-04 -6.76336512e-03  1.00000000e+00 -1.01698935e-02
  -3.80356726e-03 -2.46592965e-02]
 [-1.64363887e-02 -4.34939889e-03 -1.01698935e-02  1.00000000e+00
   2.70631979e-03 -6.11433480e-03]
 [ 1.19761340e-02 -8.13930528e-04 -3.80356726e-03  2.70631979e-03
   1.00000000e+00  1.45210128e-03]
 [ 9.07862745e-03  1.18805394e-02 -2.46592965e-02 -6.11433480e-03
   1.45210128e-03  1.00000036e+00]]
[2025-11-13 20:32:40,783][src.models.modules.semantic_id.tiger_generation_model][INFO] - [rank: 0] 当前batch的输入Item Hierarchy Embedding相似度矩阵:
[[ 0.99999994 -0.00526332 -0.00749756 -0.00399722 -0.00291307  0.01117043]
 [-0.00526332  0.99999994  0.00270095 -0.00221917 -0.00803536 -0.00118677]
 [-0.00749756  0.00270095  0.99999994 -0.00530613 -0.01632234 -0.00731695]
 [-0.00399722 -0.00221917 -0.00530613  0.99999994 -0.01107819  0.0075959 ]
 [-0.00291307 -0.00803536 -0.01632234 -0.01107819  0.99999994  0.02141614]
 [ 0.01117043 -0.00118677 -0.00731695  0.0075959   0.02141614  1.        ]]
[2025-11-13 20:32:42,439][src.models.modules.semantic_id.tiger_generation_model][WARNING] - [rank: 0] Failed to stack cross attentions: stack expects each tensor to be equal size, but got [32, 6, 140] at entry 0 and [32, 6, 2, 140] at entry 1
[2025-11-13 20:32:42,440][src.models.modules.semantic_id.tiger_generation_model][WARNING] - [rank: 0]   Hierarchy 0 shape: torch.Size([32, 6, 140])
[2025-11-13 20:32:42,440][src.models.modules.semantic_id.tiger_generation_model][WARNING] - [rank: 0]   Hierarchy 1 shape: torch.Size([32, 6, 2, 140])
[2025-11-13 20:32:42,441][src.models.modules.semantic_id.tiger_generation_model][WARNING] - [rank: 0]   Hierarchy 2 shape: torch.Size([32, 6, 140])
[2025-11-13 20:32:42,441][src.models.modules.semantic_id.tiger_generation_model][WARNING] - [rank: 0]   Hierarchy 3 shape: torch.Size([32, 6, 140])
[2025-11-13 20:32:42,441][src.models.modules.semantic_id.tiger_generation_model][WARNING] - [rank: 0]   Hierarchy 4 shape: torch.Size([32, 6, 140])
[2025-11-13 20:32:42,441][src.models.modules.semantic_id.tiger_generation_model][WARNING] - [rank: 0]   Hierarchy 5 shape: torch.Size([32, 6, 140])
[2025-11-13 20:32:42,727][src.models.modules.semantic_id.tiger_generation_model][INFO] - [rank: 0] Saved decoder self-attention to ./attention_weights/decoder_self_attention_batch_89.pt
[2025-11-13 20:32:42,727][src.models.modules.semantic_id.tiger_generation_model][INFO] - [rank: 0] Saved encoder attention to ./attention_weights/encoder_attention_batch_89.pt
[2025-11-13 20:32:42,728][src.models.modules.semantic_id.tiger_generation_model][INFO] - [rank: 0] Saved cross attention to ./attention_weights/cross_attention_batch_89.pt
[2025-11-13 20:32:42,737][src.models.modules.semantic_id.tiger_generation_model][INFO] - [rank: 0] 当前batch的生成语义ID Embedding相似度矩阵:
[[ 1.          0.01775577  0.01928952 -0.06510153 -0.01417779 -0.03073771]
 [ 0.01775577  1.         -0.01300434  0.01684691 -0.01604066 -0.00690048]
 [ 0.01928952 -0.01300434  1.0000001   0.01086061  0.00860001  0.03934181]
 [-0.06510153  0.01684691  0.01086061  1.          0.01469033  0.02403411]
 [-0.01417779 -0.01604066  0.00860001  0.01469033  1.0000001   0.05783289]
 [-0.03073771 -0.00690048  0.03934181  0.02403411  0.05783289  1.0000004 ]]
[2025-11-13 20:32:44,129][src.models.modules.semantic_id.tiger_generation_model][INFO] - [rank: 0] 当前batch的输入Item Hierarchy Embedding相似度矩阵:
[[ 1.0000000e+00 -2.5116920e-03  8.8441139e-03  5.4212525e-03
  -1.5357522e-02 -1.4945753e-02]
 [-2.5116920e-03  1.0000000e+00 -7.4366010e-03 -2.5036943e-03
  -1.7855249e-02 -3.7590109e-03]
 [ 8.8441139e-03 -7.4366010e-03  1.0000000e+00  9.3625818e-04
   4.4604731e-03  8.7575428e-03]
 [ 5.4212525e-03 -2.5036943e-03  9.3625818e-04  1.0000000e+00
   1.7931771e-02  1.1508116e-03]
 [-1.5357522e-02 -1.7855249e-02  4.4604731e-03  1.7931771e-02
   1.0000000e+00  9.4684819e-03]
 [-1.4945753e-02 -3.7590109e-03  8.7575428e-03  1.1508116e-03
   9.4684819e-03  1.0000005e+00]]
[2025-11-13 20:32:45,378][src.models.modules.semantic_id.tiger_generation_model][WARNING] - [rank: 0] Failed to stack cross attentions: stack expects each tensor to be equal size, but got [32, 6, 140] at entry 0 and [32, 6, 2, 140] at entry 1
[2025-11-13 20:32:45,379][src.models.modules.semantic_id.tiger_generation_model][WARNING] - [rank: 0]   Hierarchy 0 shape: torch.Size([32, 6, 140])
[2025-11-13 20:32:45,380][src.models.modules.semantic_id.tiger_generation_model][WARNING] - [rank: 0]   Hierarchy 1 shape: torch.Size([32, 6, 2, 140])
[2025-11-13 20:32:45,380][src.models.modules.semantic_id.tiger_generation_model][WARNING] - [rank: 0]   Hierarchy 2 shape: torch.Size([32, 6, 140])
[2025-11-13 20:32:45,380][src.models.modules.semantic_id.tiger_generation_model][WARNING] - [rank: 0]   Hierarchy 3 shape: torch.Size([32, 6, 140])
[2025-11-13 20:32:45,380][src.models.modules.semantic_id.tiger_generation_model][WARNING] - [rank: 0]   Hierarchy 4 shape: torch.Size([32, 6, 140])
[2025-11-13 20:32:45,380][src.models.modules.semantic_id.tiger_generation_model][WARNING] - [rank: 0]   Hierarchy 5 shape: torch.Size([32, 6, 140])
[2025-11-13 20:32:45,727][src.models.modules.semantic_id.tiger_generation_model][INFO] - [rank: 0] Saved decoder self-attention to ./attention_weights/decoder_self_attention_batch_90.pt
[2025-11-13 20:32:45,728][src.models.modules.semantic_id.tiger_generation_model][INFO] - [rank: 0] Saved encoder attention to ./attention_weights/encoder_attention_batch_90.pt
[2025-11-13 20:32:45,728][src.models.modules.semantic_id.tiger_generation_model][INFO] - [rank: 0] Saved cross attention to ./attention_weights/cross_attention_batch_90.pt
[2025-11-13 20:32:45,734][src.models.modules.semantic_id.tiger_generation_model][INFO] - [rank: 0] 当前batch的生成语义ID Embedding相似度矩阵:
[[ 1.0000000e+00 -3.2915913e-02 -1.2104609e-02  2.2392705e-02
  -3.6367547e-02 -3.5463288e-02]
 [-3.2915913e-02  9.9999994e-01  2.2129796e-02  7.0079952e-04
   1.7237528e-03  3.0191079e-02]
 [-1.2104609e-02  2.2129796e-02  1.0000000e+00 -1.0862274e-02
  -1.3056388e-02 -3.8356692e-02]
 [ 2.2392705e-02  7.0079952e-04 -1.0862274e-02  1.0000000e+00
  -3.0352216e-02  1.7821230e-02]
 [-3.6367547e-02  1.7237528e-03 -1.3056388e-02 -3.0352216e-02
   1.0000001e+00  1.9665197e-02]
 [-3.5463288e-02  3.0191079e-02 -3.8356692e-02  1.7821230e-02
   1.9665197e-02  1.0000004e+00]]
[2025-11-13 20:32:46,891][src.models.modules.semantic_id.tiger_generation_model][INFO] - [rank: 0] 当前batch的输入Item Hierarchy Embedding相似度矩阵:
[[ 1.0000000e+00  6.1745844e-03 -2.2684399e-03 -1.0139746e-02
   1.6369182e-03 -2.7095309e-02]
 [ 6.1745844e-03  1.0000000e+00 -6.8334606e-03  4.1857734e-03
  -1.2994501e-02 -7.7477680e-04]
 [-2.2684399e-03 -6.8334606e-03  1.0000000e+00 -1.7865626e-02
   1.4061985e-03 -8.8031059e-03]
 [-1.0139746e-02  4.1857734e-03 -1.7865626e-02  1.0000000e+00
  -1.7979879e-02  1.6932385e-02]
 [ 1.6369182e-03 -1.2994501e-02  1.4061985e-03 -1.7979879e-02
   1.0000000e+00  7.6346699e-04]
 [-2.7095309e-02 -7.7477680e-04 -8.8031059e-03  1.6932385e-02
   7.6346699e-04  1.0000005e+00]]
[2025-11-13 20:32:47,514][src.models.modules.semantic_id.tiger_generation_model][WARNING] - [rank: 0] Failed to stack cross attentions: stack expects each tensor to be equal size, but got [32, 6, 140] at entry 0 and [32, 6, 2, 140] at entry 1
[2025-11-13 20:32:47,515][src.models.modules.semantic_id.tiger_generation_model][WARNING] - [rank: 0]   Hierarchy 0 shape: torch.Size([32, 6, 140])
[2025-11-13 20:32:47,515][src.models.modules.semantic_id.tiger_generation_model][WARNING] - [rank: 0]   Hierarchy 1 shape: torch.Size([32, 6, 2, 140])
[2025-11-13 20:32:47,516][src.models.modules.semantic_id.tiger_generation_model][WARNING] - [rank: 0]   Hierarchy 2 shape: torch.Size([32, 6, 140])
[2025-11-13 20:32:47,516][src.models.modules.semantic_id.tiger_generation_model][WARNING] - [rank: 0]   Hierarchy 3 shape: torch.Size([32, 6, 140])
[2025-11-13 20:32:47,516][src.models.modules.semantic_id.tiger_generation_model][WARNING] - [rank: 0]   Hierarchy 4 shape: torch.Size([32, 6, 140])
[2025-11-13 20:32:47,516][src.models.modules.semantic_id.tiger_generation_model][WARNING] - [rank: 0]   Hierarchy 5 shape: torch.Size([32, 6, 140])
[2025-11-13 20:32:47,734][src.models.modules.semantic_id.tiger_generation_model][INFO] - [rank: 0] Saved decoder self-attention to ./attention_weights/decoder_self_attention_batch_91.pt
[2025-11-13 20:32:47,734][src.models.modules.semantic_id.tiger_generation_model][INFO] - [rank: 0] Saved encoder attention to ./attention_weights/encoder_attention_batch_91.pt
[2025-11-13 20:32:47,734][src.models.modules.semantic_id.tiger_generation_model][INFO] - [rank: 0] Saved cross attention to ./attention_weights/cross_attention_batch_91.pt
[2025-11-13 20:32:47,742][src.models.modules.semantic_id.tiger_generation_model][INFO] - [rank: 0] 当前batch的生成语义ID Embedding相似度矩阵:
[[ 9.9999988e-01  6.2246933e-03  3.1754017e-02 -3.4070566e-02
   9.2285899e-03 -1.7275466e-02]
 [ 6.2246933e-03  1.0000000e+00 -2.9118542e-02  2.2512088e-03
   7.8014890e-04  9.2338100e-03]
 [ 3.1754017e-02 -2.9118542e-02  1.0000000e+00 -1.3306764e-02
  -1.4685630e-02 -3.8171420e-03]
 [-3.4070566e-02  2.2512088e-03 -1.3306764e-02  1.0000000e+00
   9.1734203e-03  1.5079562e-02]
 [ 9.2285899e-03  7.8014890e-04 -1.4685630e-02  9.1734203e-03
   1.0000000e+00  2.2716632e-02]
 [-1.7275466e-02  9.2338100e-03 -3.8171420e-03  1.5079562e-02
   2.2716632e-02  1.0000004e+00]]
[2025-11-13 20:32:48,425][src.models.modules.semantic_id.tiger_generation_model][INFO] - [rank: 0] 当前batch的输入Item Hierarchy Embedding相似度矩阵:
[[ 1.0000000e+00 -1.7955679e-02  1.2031243e-04 -3.5939815e-03
   2.5582770e-04 -2.1824936e-04]
 [-1.7955679e-02  1.0000000e+00 -6.2361537e-03  1.0658791e-02
   6.0287477e-03 -5.6576594e-03]
 [ 1.2031243e-04 -6.2361537e-03  1.0000000e+00  2.5453083e-03
  -3.2207428e-03  2.4124160e-03]
 [-3.5939815e-03  1.0658791e-02  2.5453083e-03  1.0000000e+00
  -1.9596016e-02  2.1007599e-03]
 [ 2.5582770e-04  6.0287477e-03 -3.2207428e-03 -1.9596016e-02
   1.0000000e+00  5.1207282e-03]
 [-2.1824936e-04 -5.6576594e-03  2.4124160e-03  2.1007599e-03
   5.1207282e-03  1.0000005e+00]]
[2025-11-13 20:32:49,702][src.models.modules.semantic_id.tiger_generation_model][WARNING] - [rank: 0] Failed to stack cross attentions: stack expects each tensor to be equal size, but got [32, 6, 140] at entry 0 and [32, 6, 2, 140] at entry 1
[2025-11-13 20:32:49,703][src.models.modules.semantic_id.tiger_generation_model][WARNING] - [rank: 0]   Hierarchy 0 shape: torch.Size([32, 6, 140])
[2025-11-13 20:32:49,703][src.models.modules.semantic_id.tiger_generation_model][WARNING] - [rank: 0]   Hierarchy 1 shape: torch.Size([32, 6, 2, 140])
[2025-11-13 20:32:49,704][src.models.modules.semantic_id.tiger_generation_model][WARNING] - [rank: 0]   Hierarchy 2 shape: torch.Size([32, 6, 140])
[2025-11-13 20:32:49,704][src.models.modules.semantic_id.tiger_generation_model][WARNING] - [rank: 0]   Hierarchy 3 shape: torch.Size([32, 6, 140])
[2025-11-13 20:32:49,704][src.models.modules.semantic_id.tiger_generation_model][WARNING] - [rank: 0]   Hierarchy 4 shape: torch.Size([32, 6, 140])
[2025-11-13 20:32:49,704][src.models.modules.semantic_id.tiger_generation_model][WARNING] - [rank: 0]   Hierarchy 5 shape: torch.Size([32, 6, 140])
[2025-11-13 20:32:49,973][src.models.modules.semantic_id.tiger_generation_model][INFO] - [rank: 0] Saved decoder self-attention to ./attention_weights/decoder_self_attention_batch_92.pt
[2025-11-13 20:32:49,974][src.models.modules.semantic_id.tiger_generation_model][INFO] - [rank: 0] Saved encoder attention to ./attention_weights/encoder_attention_batch_92.pt
[2025-11-13 20:32:49,974][src.models.modules.semantic_id.tiger_generation_model][INFO] - [rank: 0] Saved cross attention to ./attention_weights/cross_attention_batch_92.pt
[2025-11-13 20:32:49,982][src.models.modules.semantic_id.tiger_generation_model][INFO] - [rank: 0] 当前batch的生成语义ID Embedding相似度矩阵:
[[ 1.00000000e+00 -2.79450472e-02  1.14290621e-02 -2.25766539e-03
   3.23153399e-02 -9.02487338e-03]
 [-2.79450472e-02  1.00000000e+00 -6.81408588e-03 -1.16474451e-02
  -1.81760378e-02 -1.24623254e-02]
 [ 1.14290621e-02 -6.81408588e-03  1.00000000e+00  3.17258062e-03
   3.37837497e-04  1.52699668e-02]
 [-2.25766539e-03 -1.16474451e-02  3.17258062e-03  9.99999940e-01
  -8.13930482e-03  1.08659845e-02]
 [ 3.23153399e-02 -1.81760378e-02  3.37837497e-04 -8.13930482e-03
   1.00000000e+00  1.77592598e-02]
 [-9.02487338e-03 -1.24623254e-02  1.52699668e-02  1.08659845e-02
   1.77592598e-02  1.00000036e+00]]
[2025-11-13 20:32:51,368][src.models.modules.semantic_id.tiger_generation_model][INFO] - [rank: 0] 当前batch的输入Item Hierarchy Embedding相似度矩阵:
[[ 1.         -0.00385206 -0.00852936 -0.00804131  0.00239448  0.00372545]
 [-0.00385206  1.         -0.01014669 -0.0041606  -0.0103984  -0.00861109]
 [-0.00852936 -0.01014669  1.         -0.0085771  -0.01794677  0.00564912]
 [-0.00804131 -0.0041606  -0.0085771   1.         -0.01270594  0.00959149]
 [ 0.00239448 -0.0103984  -0.01794677 -0.01270594  1.          0.00403072]
 [ 0.00372545 -0.00861109  0.00564912  0.00959149  0.00403072  1.0000005 ]]
[2025-11-13 20:32:52,331][src.models.modules.semantic_id.tiger_generation_model][WARNING] - [rank: 0] Failed to stack cross attentions: stack expects each tensor to be equal size, but got [32, 6, 140] at entry 0 and [32, 6, 2, 140] at entry 1
[2025-11-13 20:32:52,333][src.models.modules.semantic_id.tiger_generation_model][WARNING] - [rank: 0]   Hierarchy 0 shape: torch.Size([32, 6, 140])
[2025-11-13 20:32:52,333][src.models.modules.semantic_id.tiger_generation_model][WARNING] - [rank: 0]   Hierarchy 1 shape: torch.Size([32, 6, 2, 140])
[2025-11-13 20:32:52,334][src.models.modules.semantic_id.tiger_generation_model][WARNING] - [rank: 0]   Hierarchy 2 shape: torch.Size([32, 6, 140])
[2025-11-13 20:32:52,334][src.models.modules.semantic_id.tiger_generation_model][WARNING] - [rank: 0]   Hierarchy 3 shape: torch.Size([32, 6, 140])
[2025-11-13 20:32:52,340][src.models.modules.semantic_id.tiger_generation_model][WARNING] - [rank: 0]   Hierarchy 4 shape: torch.Size([32, 6, 140])
[2025-11-13 20:32:52,341][src.models.modules.semantic_id.tiger_generation_model][WARNING] - [rank: 0]   Hierarchy 5 shape: torch.Size([32, 6, 140])
[2025-11-13 20:32:52,800][src.models.modules.semantic_id.tiger_generation_model][INFO] - [rank: 0] Saved decoder self-attention to ./attention_weights/decoder_self_attention_batch_93.pt
[2025-11-13 20:32:52,800][src.models.modules.semantic_id.tiger_generation_model][INFO] - [rank: 0] Saved encoder attention to ./attention_weights/encoder_attention_batch_93.pt
[2025-11-13 20:32:52,800][src.models.modules.semantic_id.tiger_generation_model][INFO] - [rank: 0] Saved cross attention to ./attention_weights/cross_attention_batch_93.pt
[2025-11-13 20:32:52,807][src.models.modules.semantic_id.tiger_generation_model][INFO] - [rank: 0] 当前batch的生成语义ID Embedding相似度矩阵:
[[ 1.0000000e+00 -1.4326432e-02  3.0128723e-02 -2.0307235e-02
  -1.9635100e-02 -2.6415596e-03]
 [-1.4326432e-02  1.0000000e+00 -1.2161666e-02  2.5728427e-02
  -1.0327902e-02  9.3992054e-03]
 [ 3.0128723e-02 -1.2161666e-02  1.0000000e+00 -5.3064846e-03
  -1.9946046e-02  6.8806298e-04]
 [-2.0307235e-02  2.5728427e-02 -5.3064846e-03  9.9999994e-01
  -7.6836543e-03  5.0119106e-03]
 [-1.9635100e-02 -1.0327902e-02 -1.9946046e-02 -7.6836543e-03
   1.0000000e+00  3.6519780e-03]
 [-2.6415596e-03  9.3992054e-03  6.8806298e-04  5.0119106e-03
   3.6519780e-03  1.0000004e+00]]
[2025-11-13 20:32:54,448][src.models.modules.semantic_id.tiger_generation_model][INFO] - [rank: 0] 当前batch的输入Item Hierarchy Embedding相似度矩阵:
[[ 1.0000000e+00 -6.4574471e-03  1.5724821e-02 -1.0031745e-03
   8.0774125e-04 -1.0468341e-02]
 [-6.4574471e-03  1.0000000e+00 -1.9619521e-02 -1.7295930e-03
   7.9947496e-03 -1.7669570e-02]
 [ 1.5724821e-02 -1.9619521e-02  1.0000000e+00  1.0232749e-02
  -1.3467173e-02  1.5084767e-02]
 [-1.0031745e-03 -1.7295930e-03  1.0232749e-02  1.0000000e+00
  -2.0482380e-02  7.7429186e-03]
 [ 8.0774125e-04  7.9947496e-03 -1.3467173e-02 -2.0482380e-02
   1.0000000e+00  1.6132578e-02]
 [-1.0468341e-02 -1.7669570e-02  1.5084767e-02  7.7429186e-03
   1.6132578e-02  1.0000001e+00]]
[2025-11-13 20:32:55,135][src.models.modules.semantic_id.tiger_generation_model][WARNING] - [rank: 0] Failed to stack cross attentions: stack expects each tensor to be equal size, but got [32, 6, 140] at entry 0 and [32, 6, 2, 140] at entry 1
[2025-11-13 20:32:55,136][src.models.modules.semantic_id.tiger_generation_model][WARNING] - [rank: 0]   Hierarchy 0 shape: torch.Size([32, 6, 140])
[2025-11-13 20:32:55,137][src.models.modules.semantic_id.tiger_generation_model][WARNING] - [rank: 0]   Hierarchy 1 shape: torch.Size([32, 6, 2, 140])
[2025-11-13 20:32:55,137][src.models.modules.semantic_id.tiger_generation_model][WARNING] - [rank: 0]   Hierarchy 2 shape: torch.Size([32, 6, 140])
[2025-11-13 20:32:55,137][src.models.modules.semantic_id.tiger_generation_model][WARNING] - [rank: 0]   Hierarchy 3 shape: torch.Size([32, 6, 140])
[2025-11-13 20:32:55,137][src.models.modules.semantic_id.tiger_generation_model][WARNING] - [rank: 0]   Hierarchy 4 shape: torch.Size([32, 6, 140])
[2025-11-13 20:32:55,137][src.models.modules.semantic_id.tiger_generation_model][WARNING] - [rank: 0]   Hierarchy 5 shape: torch.Size([32, 6, 140])
[2025-11-13 20:32:55,588][src.models.modules.semantic_id.tiger_generation_model][INFO] - [rank: 0] Saved decoder self-attention to ./attention_weights/decoder_self_attention_batch_94.pt
[2025-11-13 20:32:55,588][src.models.modules.semantic_id.tiger_generation_model][INFO] - [rank: 0] Saved encoder attention to ./attention_weights/encoder_attention_batch_94.pt
[2025-11-13 20:32:55,589][src.models.modules.semantic_id.tiger_generation_model][INFO] - [rank: 0] Saved cross attention to ./attention_weights/cross_attention_batch_94.pt
[2025-11-13 20:32:55,595][src.models.modules.semantic_id.tiger_generation_model][INFO] - [rank: 0] 当前batch的生成语义ID Embedding相似度矩阵:
[[ 1.00000000e+00  1.54366875e-02  3.40307057e-02 -1.66655090e-02
   1.74489385e-03 -1.06513858e-01]
 [ 1.54366875e-02  1.00000000e+00 -3.19287367e-02  3.38663813e-03
  -9.16786306e-03  3.73287965e-03]
 [ 3.40307057e-02 -3.19287367e-02  1.00000000e+00 -2.32435428e-02
   2.16456912e-02 -3.83827053e-02]
 [-1.66655090e-02  3.38663813e-03 -2.32435428e-02  1.00000000e+00
   7.30059925e-04  5.46453036e-02]
 [ 1.74489385e-03 -9.16786306e-03  2.16456912e-02  7.30059925e-04
   1.00000000e+00  2.02242248e-02]
 [-1.06513858e-01  3.73287965e-03 -3.83827053e-02  5.46453036e-02
   2.02242248e-02  1.00000036e+00]]
[2025-11-13 20:32:56,784][src.models.modules.semantic_id.tiger_generation_model][INFO] - [rank: 0] 当前batch的输入Item Hierarchy Embedding相似度矩阵:
[[ 1.         -0.00124127  0.00542147  0.00338738 -0.00886238 -0.01411369]
 [-0.00124127  1.         -0.00393903 -0.00693734  0.00679405 -0.01371815]
 [ 0.00542147 -0.00393903  1.         -0.00305607 -0.01474318  0.00134743]
 [ 0.00338738 -0.00693734 -0.00305607  1.          0.00573395  0.00592196]
 [-0.00886238  0.00679405 -0.01474318  0.00573395  1.         -0.00461558]
 [-0.01411369 -0.01371815  0.00134743  0.00592196 -0.00461558  1.0000001 ]]
[2025-11-13 20:32:57,485][src.models.modules.semantic_id.tiger_generation_model][WARNING] - [rank: 0] Failed to stack cross attentions: stack expects each tensor to be equal size, but got [32, 6, 140] at entry 0 and [32, 6, 2, 140] at entry 1
[2025-11-13 20:32:57,486][src.models.modules.semantic_id.tiger_generation_model][WARNING] - [rank: 0]   Hierarchy 0 shape: torch.Size([32, 6, 140])
[2025-11-13 20:32:57,486][src.models.modules.semantic_id.tiger_generation_model][WARNING] - [rank: 0]   Hierarchy 1 shape: torch.Size([32, 6, 2, 140])
[2025-11-13 20:32:57,486][src.models.modules.semantic_id.tiger_generation_model][WARNING] - [rank: 0]   Hierarchy 2 shape: torch.Size([32, 6, 140])
[2025-11-13 20:32:57,486][src.models.modules.semantic_id.tiger_generation_model][WARNING] - [rank: 0]   Hierarchy 3 shape: torch.Size([32, 6, 140])
[2025-11-13 20:32:57,487][src.models.modules.semantic_id.tiger_generation_model][WARNING] - [rank: 0]   Hierarchy 4 shape: torch.Size([32, 6, 140])
[2025-11-13 20:32:57,487][src.models.modules.semantic_id.tiger_generation_model][WARNING] - [rank: 0]   Hierarchy 5 shape: torch.Size([32, 6, 140])
[2025-11-13 20:32:57,729][src.models.modules.semantic_id.tiger_generation_model][INFO] - [rank: 0] Saved decoder self-attention to ./attention_weights/decoder_self_attention_batch_95.pt
[2025-11-13 20:32:57,729][src.models.modules.semantic_id.tiger_generation_model][INFO] - [rank: 0] Saved encoder attention to ./attention_weights/encoder_attention_batch_95.pt
[2025-11-13 20:32:57,730][src.models.modules.semantic_id.tiger_generation_model][INFO] - [rank: 0] Saved cross attention to ./attention_weights/cross_attention_batch_95.pt
[2025-11-13 20:32:57,737][src.models.modules.semantic_id.tiger_generation_model][INFO] - [rank: 0] 当前batch的生成语义ID Embedding相似度矩阵:
[[ 1.         -0.01171036 -0.00840512 -0.01807336  0.03933985  0.0029974 ]
 [-0.01171036  1.          0.00774017  0.00597169 -0.00350981 -0.00121407]
 [-0.00840512  0.00774017  0.99999994  0.06388452 -0.00361829  0.00965792]
 [-0.01807336  0.00597169  0.06388452  1.         -0.05053488 -0.03620264]
 [ 0.03933985 -0.00350981 -0.00361829 -0.05053488  1.         -0.06426311]
 [ 0.0029974  -0.00121407  0.00965792 -0.03620264 -0.06426311  1.0000004 ]]
[2025-11-13 20:32:58,893][src.models.modules.semantic_id.tiger_generation_model][INFO] - [rank: 0] 当前batch的输入Item Hierarchy Embedding相似度矩阵:
[[ 1.0000000e+00 -2.5547136e-02 -1.6610229e-02  2.3331851e-04
  -1.1019751e-03 -3.8813404e-03]
 [-2.5547136e-02  1.0000000e+00 -8.2041780e-03 -9.2153652e-03
   3.7034211e-04 -2.0646786e-03]
 [-1.6610229e-02 -8.2041780e-03  1.0000000e+00  1.0754995e-02
  -1.1948593e-02 -2.1509784e-03]
 [ 2.3331851e-04 -9.2153652e-03  1.0754995e-02  1.0000000e+00
  -9.8990211e-03 -4.8481273e-03]
 [-1.1019751e-03  3.7034211e-04 -1.1948593e-02 -9.8990211e-03
   1.0000000e+00  5.9537240e-03]
 [-3.8813404e-03 -2.0646786e-03 -2.1509784e-03 -4.8481273e-03
   5.9537240e-03  1.0000001e+00]]
[2025-11-13 20:32:59,733][src.models.modules.semantic_id.tiger_generation_model][WARNING] - [rank: 0] Failed to stack cross attentions: stack expects each tensor to be equal size, but got [32, 6, 140] at entry 0 and [32, 6, 2, 140] at entry 1
[2025-11-13 20:32:59,734][src.models.modules.semantic_id.tiger_generation_model][WARNING] - [rank: 0]   Hierarchy 0 shape: torch.Size([32, 6, 140])
[2025-11-13 20:32:59,734][src.models.modules.semantic_id.tiger_generation_model][WARNING] - [rank: 0]   Hierarchy 1 shape: torch.Size([32, 6, 2, 140])
[2025-11-13 20:32:59,734][src.models.modules.semantic_id.tiger_generation_model][WARNING] - [rank: 0]   Hierarchy 2 shape: torch.Size([32, 6, 140])
[2025-11-13 20:32:59,734][src.models.modules.semantic_id.tiger_generation_model][WARNING] - [rank: 0]   Hierarchy 3 shape: torch.Size([32, 6, 140])
[2025-11-13 20:32:59,734][src.models.modules.semantic_id.tiger_generation_model][WARNING] - [rank: 0]   Hierarchy 4 shape: torch.Size([32, 6, 140])
[2025-11-13 20:32:59,735][src.models.modules.semantic_id.tiger_generation_model][WARNING] - [rank: 0]   Hierarchy 5 shape: torch.Size([32, 6, 140])
[2025-11-13 20:33:00,203][src.models.modules.semantic_id.tiger_generation_model][INFO] - [rank: 0] Saved decoder self-attention to ./attention_weights/decoder_self_attention_batch_96.pt
[2025-11-13 20:33:00,204][src.models.modules.semantic_id.tiger_generation_model][INFO] - [rank: 0] Saved encoder attention to ./attention_weights/encoder_attention_batch_96.pt
[2025-11-13 20:33:00,204][src.models.modules.semantic_id.tiger_generation_model][INFO] - [rank: 0] Saved cross attention to ./attention_weights/cross_attention_batch_96.pt
[2025-11-13 20:33:00,210][src.models.modules.semantic_id.tiger_generation_model][INFO] - [rank: 0] 当前batch的生成语义ID Embedding相似度矩阵:
[[ 1.         -0.00735939  0.03476267 -0.04672134 -0.00202511 -0.02799869]
 [-0.00735939  1.          0.00694216  0.0035845   0.0052239  -0.00236013]
 [ 0.03476267  0.00694216  1.         -0.02335481 -0.02127792 -0.00329478]
 [-0.04672134  0.0035845  -0.02335481  1.          0.00354083  0.0203955 ]
 [-0.00202511  0.0052239  -0.02127792  0.00354083  1.          0.02192444]
 [-0.02799869 -0.00236013 -0.00329478  0.0203955   0.02192444  1.0000004 ]]
[2025-11-13 20:33:01,073][src.models.modules.semantic_id.tiger_generation_model][INFO] - [rank: 0] 当前batch的输入Item Hierarchy Embedding相似度矩阵:
[[ 1.0000000e+00  1.4175781e-03  1.0410713e-03  1.3505486e-02
   2.9845298e-03 -3.2171186e-03]
 [ 1.4175781e-03  1.0000000e+00  7.1627744e-03  7.3980819e-03
  -3.1441289e-03 -9.6539146e-04]
 [ 1.0410713e-03  7.1627744e-03  1.0000000e+00  7.2677080e-03
  -3.5858294e-03 -7.8419046e-03]
 [ 1.3505486e-02  7.3980819e-03  7.2677080e-03  1.0000000e+00
  -7.1757659e-03  6.3655553e-03]
 [ 2.9845298e-03 -3.1441289e-03 -3.5858294e-03 -7.1757659e-03
   1.0000000e+00  1.6269183e-02]
 [-3.2171186e-03 -9.6539146e-04 -7.8419046e-03  6.3655553e-03
   1.6269183e-02  1.0000001e+00]]
[2025-11-13 20:33:01,638][src.models.modules.semantic_id.tiger_generation_model][WARNING] - [rank: 0] Failed to stack cross attentions: stack expects each tensor to be equal size, but got [32, 6, 140] at entry 0 and [32, 6, 2, 140] at entry 1
[2025-11-13 20:33:01,639][src.models.modules.semantic_id.tiger_generation_model][WARNING] - [rank: 0]   Hierarchy 0 shape: torch.Size([32, 6, 140])
[2025-11-13 20:33:01,639][src.models.modules.semantic_id.tiger_generation_model][WARNING] - [rank: 0]   Hierarchy 1 shape: torch.Size([32, 6, 2, 140])
[2025-11-13 20:33:01,640][src.models.modules.semantic_id.tiger_generation_model][WARNING] - [rank: 0]   Hierarchy 2 shape: torch.Size([32, 6, 140])
[2025-11-13 20:33:01,640][src.models.modules.semantic_id.tiger_generation_model][WARNING] - [rank: 0]   Hierarchy 3 shape: torch.Size([32, 6, 140])
[2025-11-13 20:33:01,640][src.models.modules.semantic_id.tiger_generation_model][WARNING] - [rank: 0]   Hierarchy 4 shape: torch.Size([32, 6, 140])
[2025-11-13 20:33:01,640][src.models.modules.semantic_id.tiger_generation_model][WARNING] - [rank: 0]   Hierarchy 5 shape: torch.Size([32, 6, 140])
[2025-11-13 20:33:02,096][src.models.modules.semantic_id.tiger_generation_model][INFO] - [rank: 0] Saved decoder self-attention to ./attention_weights/decoder_self_attention_batch_97.pt
[2025-11-13 20:33:02,097][src.models.modules.semantic_id.tiger_generation_model][INFO] - [rank: 0] Saved encoder attention to ./attention_weights/encoder_attention_batch_97.pt
[2025-11-13 20:33:02,097][src.models.modules.semantic_id.tiger_generation_model][INFO] - [rank: 0] Saved cross attention to ./attention_weights/cross_attention_batch_97.pt
[2025-11-13 20:33:02,107][src.models.modules.semantic_id.tiger_generation_model][INFO] - [rank: 0] 当前batch的生成语义ID Embedding相似度矩阵:
[[ 1.0000000e+00  1.1016275e-02 -3.9072884e-03 -1.0743737e-02
  -2.3651705e-03 -2.1254038e-02]
 [ 1.1016275e-02  1.0000000e+00 -2.3025135e-04 -1.9641582e-02
   1.2332770e-02 -1.8326921e-02]
 [-3.9072884e-03 -2.3025135e-04  1.0000000e+00  2.8720696e-02
  -1.4719923e-02  9.9330852e-03]
 [-1.0743737e-02 -1.9641582e-02  2.8720696e-02  1.0000000e+00
   1.7872751e-02  1.6757224e-02]
 [-2.3651705e-03  1.2332770e-02 -1.4719923e-02  1.7872751e-02
   1.0000000e+00  4.6310276e-02]
 [-2.1254038e-02 -1.8326921e-02  9.9330852e-03  1.6757224e-02
   4.6310276e-02  1.0000004e+00]]
[2025-11-13 20:33:03,605][src.models.modules.semantic_id.tiger_generation_model][INFO] - [rank: 0] 当前batch的输入Item Hierarchy Embedding相似度矩阵:
[[ 1.         -0.00470857  0.01286045  0.00124925  0.00236281 -0.01093698]
 [-0.00470857  1.         -0.00313756 -0.01207927  0.00663195 -0.00766653]
 [ 0.01286045 -0.00313756  1.         -0.00192414 -0.03008426  0.00649869]
 [ 0.00124925 -0.01207927 -0.00192414  1.         -0.00545404  0.00597834]
 [ 0.00236281  0.00663195 -0.03008426 -0.00545404  1.         -0.00603768]
 [-0.01093698 -0.00766653  0.00649869  0.00597834 -0.00603768  1.0000001 ]]
[2025-11-13 20:33:04,212][src.models.modules.semantic_id.tiger_generation_model][WARNING] - [rank: 0] Failed to stack cross attentions: stack expects each tensor to be equal size, but got [32, 6, 140] at entry 0 and [32, 6, 2, 140] at entry 1
[2025-11-13 20:33:04,212][src.models.modules.semantic_id.tiger_generation_model][WARNING] - [rank: 0]   Hierarchy 0 shape: torch.Size([32, 6, 140])
[2025-11-13 20:33:04,213][src.models.modules.semantic_id.tiger_generation_model][WARNING] - [rank: 0]   Hierarchy 1 shape: torch.Size([32, 6, 2, 140])
[2025-11-13 20:33:04,213][src.models.modules.semantic_id.tiger_generation_model][WARNING] - [rank: 0]   Hierarchy 2 shape: torch.Size([32, 6, 140])
[2025-11-13 20:33:04,213][src.models.modules.semantic_id.tiger_generation_model][WARNING] - [rank: 0]   Hierarchy 3 shape: torch.Size([32, 6, 140])
[2025-11-13 20:33:04,213][src.models.modules.semantic_id.tiger_generation_model][WARNING] - [rank: 0]   Hierarchy 4 shape: torch.Size([32, 6, 140])
[2025-11-13 20:33:04,213][src.models.modules.semantic_id.tiger_generation_model][WARNING] - [rank: 0]   Hierarchy 5 shape: torch.Size([32, 6, 140])
[2025-11-13 20:33:04,395][src.models.modules.semantic_id.tiger_generation_model][INFO] - [rank: 0] Saved decoder self-attention to ./attention_weights/decoder_self_attention_batch_98.pt
[2025-11-13 20:33:04,396][src.models.modules.semantic_id.tiger_generation_model][INFO] - [rank: 0] Saved encoder attention to ./attention_weights/encoder_attention_batch_98.pt
[2025-11-13 20:33:04,396][src.models.modules.semantic_id.tiger_generation_model][INFO] - [rank: 0] Saved cross attention to ./attention_weights/cross_attention_batch_98.pt
[2025-11-13 20:33:04,404][src.models.modules.semantic_id.tiger_generation_model][INFO] - [rank: 0] 当前batch的生成语义ID Embedding相似度矩阵:
[[ 1.          0.02230121  0.01153887 -0.0357683  -0.00701303 -0.02552411]
 [ 0.02230121  0.9999999  -0.02313966  0.00768525 -0.02861195 -0.00614607]
 [ 0.01153887 -0.02313966  1.          0.02920152  0.00221604  0.03113742]
 [-0.0357683   0.00768525  0.02920152  1.          0.01477117  0.01758554]
 [-0.00701303 -0.02861195  0.00221604  0.01477117  1.0000001   0.02556689]
 [-0.02552411 -0.00614607  0.03113742  0.01758554  0.02556689  1.0000004 ]]
[2025-11-13 20:33:06,024][src.models.modules.semantic_id.tiger_generation_model][INFO] - [rank: 0] 当前batch的输入Item Hierarchy Embedding相似度矩阵:
[[ 1.         -0.02021393 -0.00621419 -0.00294832 -0.01208703  0.01763522]
 [-0.02021393  1.          0.00247303  0.01339737 -0.00413638 -0.01683966]
 [-0.00621419  0.00247303  1.         -0.00431187 -0.00698886 -0.00684299]
 [-0.00294832  0.01339737 -0.00431187  1.         -0.01171595  0.00502204]
 [-0.01208703 -0.00413638 -0.00698886 -0.01171595  1.          0.0265166 ]
 [ 0.01763522 -0.01683966 -0.00684299  0.00502204  0.0265166   1.0000001 ]]
[2025-11-13 20:33:06,905][src.models.modules.semantic_id.tiger_generation_model][WARNING] - [rank: 0] Failed to stack cross attentions: stack expects each tensor to be equal size, but got [32, 6, 140] at entry 0 and [32, 6, 2, 140] at entry 1
[2025-11-13 20:33:06,907][src.models.modules.semantic_id.tiger_generation_model][WARNING] - [rank: 0]   Hierarchy 0 shape: torch.Size([32, 6, 140])
[2025-11-13 20:33:06,907][src.models.modules.semantic_id.tiger_generation_model][WARNING] - [rank: 0]   Hierarchy 1 shape: torch.Size([32, 6, 2, 140])
[2025-11-13 20:33:06,908][src.models.modules.semantic_id.tiger_generation_model][WARNING] - [rank: 0]   Hierarchy 2 shape: torch.Size([32, 6, 140])
[2025-11-13 20:33:06,908][src.models.modules.semantic_id.tiger_generation_model][WARNING] - [rank: 0]   Hierarchy 3 shape: torch.Size([32, 6, 140])
[2025-11-13 20:33:06,908][src.models.modules.semantic_id.tiger_generation_model][WARNING] - [rank: 0]   Hierarchy 4 shape: torch.Size([32, 6, 140])
[2025-11-13 20:33:06,908][src.models.modules.semantic_id.tiger_generation_model][WARNING] - [rank: 0]   Hierarchy 5 shape: torch.Size([32, 6, 140])
[2025-11-13 20:33:07,412][src.models.modules.semantic_id.tiger_generation_model][INFO] - [rank: 0] Saved decoder self-attention to ./attention_weights/decoder_self_attention_batch_99.pt
[2025-11-13 20:33:07,412][src.models.modules.semantic_id.tiger_generation_model][INFO] - [rank: 0] Saved encoder attention to ./attention_weights/encoder_attention_batch_99.pt
[2025-11-13 20:33:07,416][src.models.modules.semantic_id.tiger_generation_model][INFO] - [rank: 0] Saved cross attention to ./attention_weights/cross_attention_batch_99.pt
[2025-11-13 20:33:07,423][src.models.modules.semantic_id.tiger_generation_model][INFO] - [rank: 0] 当前batch的生成语义ID Embedding相似度矩阵:
[[ 1.00000000e+00  1.37150260e-02  5.76104969e-04 -1.21294288e-02
   8.22656881e-03 -1.04078241e-02]
 [ 1.37150260e-02  1.00000000e+00 -2.51883771e-02 -2.03280728e-02
  -1.85838230e-02  1.23019125e-02]
 [ 5.76104969e-04 -2.51883771e-02  1.00000000e+00 -4.57798783e-03
   1.20687950e-02  1.23425573e-03]
 [-1.21294288e-02 -2.03280728e-02 -4.57798783e-03  1.00000000e+00
  -1.26893399e-02  3.33121791e-02]
 [ 8.22656881e-03 -1.85838230e-02  1.20687950e-02 -1.26893399e-02
   1.00000012e+00  3.56551148e-02]
 [-1.04078241e-02  1.23019125e-02  1.23425573e-03  3.33121791e-02
   3.56551148e-02  1.00000036e+00]]
[2025-11-13 20:33:08,564][src.models.modules.semantic_id.tiger_generation_model][INFO] - [rank: 0] 当前batch的输入Item Hierarchy Embedding相似度矩阵:
[[ 1.0000000e+00 -6.9222547e-04 -2.2780256e-04 -8.7009221e-03
   2.1179593e-03  1.1849041e-02]
 [-6.9222547e-04  1.0000000e+00  7.7720596e-03  1.3220493e-02
  -1.8515218e-03 -2.9979101e-03]
 [-2.2780256e-04  7.7720596e-03  1.0000000e+00  5.6322175e-03
  -1.3809209e-02 -2.3947567e-02]
 [-8.7009221e-03  1.3220493e-02  5.6322175e-03  1.0000000e+00
   3.1939332e-04  1.3724149e-02]
 [ 2.1179593e-03 -1.8515218e-03 -1.3809209e-02  3.1939332e-04
   1.0000000e+00  2.1512751e-02]
 [ 1.1849041e-02 -2.9979101e-03 -2.3947567e-02  1.3724149e-02
   2.1512751e-02  1.0000001e+00]]
[2025-11-13 20:33:10,012][src.models.modules.semantic_id.tiger_generation_model][WARNING] - [rank: 0] Failed to stack cross attentions: stack expects each tensor to be equal size, but got [32, 6, 140] at entry 0 and [32, 6, 2, 140] at entry 1
[2025-11-13 20:33:10,013][src.models.modules.semantic_id.tiger_generation_model][WARNING] - [rank: 0]   Hierarchy 0 shape: torch.Size([32, 6, 140])
[2025-11-13 20:33:10,013][src.models.modules.semantic_id.tiger_generation_model][WARNING] - [rank: 0]   Hierarchy 1 shape: torch.Size([32, 6, 2, 140])
[2025-11-13 20:33:10,013][src.models.modules.semantic_id.tiger_generation_model][WARNING] - [rank: 0]   Hierarchy 2 shape: torch.Size([32, 6, 140])
[2025-11-13 20:33:10,014][src.models.modules.semantic_id.tiger_generation_model][WARNING] - [rank: 0]   Hierarchy 3 shape: torch.Size([32, 6, 140])
[2025-11-13 20:33:10,014][src.models.modules.semantic_id.tiger_generation_model][WARNING] - [rank: 0]   Hierarchy 4 shape: torch.Size([32, 6, 140])
[2025-11-13 20:33:10,014][src.models.modules.semantic_id.tiger_generation_model][WARNING] - [rank: 0]   Hierarchy 5 shape: torch.Size([32, 6, 140])
[2025-11-13 20:33:10,296][src.models.modules.semantic_id.tiger_generation_model][INFO] - [rank: 0] Saved decoder self-attention to ./attention_weights/decoder_self_attention_batch_100.pt
[2025-11-13 20:33:10,296][src.models.modules.semantic_id.tiger_generation_model][INFO] - [rank: 0] Saved encoder attention to ./attention_weights/encoder_attention_batch_100.pt
[2025-11-13 20:33:10,296][src.models.modules.semantic_id.tiger_generation_model][INFO] - [rank: 0] Saved cross attention to ./attention_weights/cross_attention_batch_100.pt
[2025-11-13 20:33:10,305][src.models.modules.semantic_id.tiger_generation_model][INFO] - [rank: 0] 当前batch的生成语义ID Embedding相似度矩阵:
[[ 1.          0.02199219  0.00104888  0.00102602  0.01627231 -0.01433471]
 [ 0.02199219  1.         -0.01366475  0.0265682   0.00460406 -0.00181932]
 [ 0.00104888 -0.01366475  1.         -0.00644709 -0.01438952  0.02998521]
 [ 0.00102602  0.0265682  -0.00644709  1.          0.01916031  0.02891712]
 [ 0.01627231  0.00460406 -0.01438952  0.01916031  1.          0.02921395]
 [-0.01433471 -0.00181932  0.02998521  0.02891712  0.02921395  1.0000004 ]]
[2025-11-13 20:33:11,210][src.models.modules.semantic_id.tiger_generation_model][INFO] - [rank: 0] 当前batch的输入Item Hierarchy Embedding相似度矩阵:
[[ 1.         -0.0123054  -0.01326487 -0.00117285  0.00598058 -0.01303842]
 [-0.0123054   1.          0.0118806  -0.00834793  0.00166922 -0.0114945 ]
 [-0.01326487  0.0118806   1.         -0.00477959 -0.01339418 -0.00121648]
 [-0.00117285 -0.00834793 -0.00477959  1.         -0.00125835 -0.00586188]
 [ 0.00598058  0.00166922 -0.01339418 -0.00125835  1.          0.01009288]
 [-0.01303842 -0.0114945  -0.00121648 -0.00586188  0.01009288  1.0000005 ]]
[2025-11-13 20:33:11,913][src.models.modules.semantic_id.tiger_generation_model][WARNING] - [rank: 0] Failed to stack cross attentions: stack expects each tensor to be equal size, but got [32, 6, 140] at entry 0 and [32, 6, 2, 140] at entry 1
[2025-11-13 20:33:11,913][src.models.modules.semantic_id.tiger_generation_model][WARNING] - [rank: 0]   Hierarchy 0 shape: torch.Size([32, 6, 140])
[2025-11-13 20:33:11,913][src.models.modules.semantic_id.tiger_generation_model][WARNING] - [rank: 0]   Hierarchy 1 shape: torch.Size([32, 6, 2, 140])
[2025-11-13 20:33:11,913][src.models.modules.semantic_id.tiger_generation_model][WARNING] - [rank: 0]   Hierarchy 2 shape: torch.Size([32, 6, 140])
[2025-11-13 20:33:11,914][src.models.modules.semantic_id.tiger_generation_model][WARNING] - [rank: 0]   Hierarchy 3 shape: torch.Size([32, 6, 140])
[2025-11-13 20:33:11,914][src.models.modules.semantic_id.tiger_generation_model][WARNING] - [rank: 0]   Hierarchy 4 shape: torch.Size([32, 6, 140])
[2025-11-13 20:33:11,914][src.models.modules.semantic_id.tiger_generation_model][WARNING] - [rank: 0]   Hierarchy 5 shape: torch.Size([32, 6, 140])
[2025-11-13 20:33:12,763][src.models.modules.semantic_id.tiger_generation_model][INFO] - [rank: 0] Saved decoder self-attention to ./attention_weights/decoder_self_attention_batch_101.pt
[2025-11-13 20:33:12,763][src.models.modules.semantic_id.tiger_generation_model][INFO] - [rank: 0] Saved encoder attention to ./attention_weights/encoder_attention_batch_101.pt
[2025-11-13 20:33:12,763][src.models.modules.semantic_id.tiger_generation_model][INFO] - [rank: 0] Saved cross attention to ./attention_weights/cross_attention_batch_101.pt
[2025-11-13 20:33:12,776][src.models.modules.semantic_id.tiger_generation_model][INFO] - [rank: 0] 当前batch的生成语义ID Embedding相似度矩阵:
[[ 1.         -0.01933867  0.01258409 -0.0216913  -0.0252203  -0.03795305]
 [-0.01933867  1.         -0.00421752 -0.00667517 -0.01383097  0.02013244]
 [ 0.01258409 -0.00421752  1.          0.0083358  -0.02741766 -0.02456607]
 [-0.0216913  -0.00667517  0.0083358   1.         -0.01720223  0.02875017]
 [-0.0252203  -0.01383097 -0.02741766 -0.01720223  1.          0.01944443]
 [-0.03795305  0.02013244 -0.02456607  0.02875017  0.01944443  1.0000004 ]]
[2025-11-13 20:33:14,117][src.models.modules.semantic_id.tiger_generation_model][INFO] - [rank: 0] 当前batch的输入Item Hierarchy Embedding相似度矩阵:
[[ 1.0000000e+00 -1.2907419e-02  5.6736451e-03 -5.5887592e-03
  -7.6053999e-03 -2.2455046e-02]
 [-1.2907419e-02  1.0000000e+00 -3.5729215e-03  1.3563871e-02
  -4.6124318e-04  4.7664307e-03]
 [ 5.6736451e-03 -3.5729215e-03  1.0000000e+00  1.1845203e-02
  -1.1473064e-02 -1.2891613e-02]
 [-5.5887592e-03  1.3563871e-02  1.1845203e-02  1.0000000e+00
  -5.0510834e-03  8.6487923e-03]
 [-7.6053999e-03 -4.6124318e-04 -1.1473064e-02 -5.0510834e-03
   1.0000000e+00  1.1524559e-02]
 [-2.2455046e-02  4.7664307e-03 -1.2891613e-02  8.6487923e-03
   1.1524559e-02  1.0000001e+00]]
[2025-11-13 20:33:14,727][src.models.modules.semantic_id.tiger_generation_model][WARNING] - [rank: 0] Failed to stack cross attentions: stack expects each tensor to be equal size, but got [32, 6, 140] at entry 0 and [32, 6, 2, 140] at entry 1
[2025-11-13 20:33:14,728][src.models.modules.semantic_id.tiger_generation_model][WARNING] - [rank: 0]   Hierarchy 0 shape: torch.Size([32, 6, 140])
[2025-11-13 20:33:14,728][src.models.modules.semantic_id.tiger_generation_model][WARNING] - [rank: 0]   Hierarchy 1 shape: torch.Size([32, 6, 2, 140])
[2025-11-13 20:33:14,728][src.models.modules.semantic_id.tiger_generation_model][WARNING] - [rank: 0]   Hierarchy 2 shape: torch.Size([32, 6, 140])
[2025-11-13 20:33:14,728][src.models.modules.semantic_id.tiger_generation_model][WARNING] - [rank: 0]   Hierarchy 3 shape: torch.Size([32, 6, 140])
[2025-11-13 20:33:14,728][src.models.modules.semantic_id.tiger_generation_model][WARNING] - [rank: 0]   Hierarchy 4 shape: torch.Size([32, 6, 140])
[2025-11-13 20:33:14,729][src.models.modules.semantic_id.tiger_generation_model][WARNING] - [rank: 0]   Hierarchy 5 shape: torch.Size([32, 6, 140])
[2025-11-13 20:33:15,148][src.models.modules.semantic_id.tiger_generation_model][INFO] - [rank: 0] Saved decoder self-attention to ./attention_weights/decoder_self_attention_batch_102.pt
[2025-11-13 20:33:15,149][src.models.modules.semantic_id.tiger_generation_model][INFO] - [rank: 0] Saved encoder attention to ./attention_weights/encoder_attention_batch_102.pt
[2025-11-13 20:33:15,149][src.models.modules.semantic_id.tiger_generation_model][INFO] - [rank: 0] Saved cross attention to ./attention_weights/cross_attention_batch_102.pt
[2025-11-13 20:33:15,158][src.models.modules.semantic_id.tiger_generation_model][INFO] - [rank: 0] 当前batch的生成语义ID Embedding相似度矩阵:
[[ 1.         -0.01248561  0.01768629 -0.02250104  0.0081418  -0.00841486]
 [-0.01248561  1.         -0.01327723  0.01397447 -0.02123923 -0.02935948]
 [ 0.01768629 -0.01327723  1.         -0.01171905  0.00384004  0.02701374]
 [-0.02250104  0.01397447 -0.01171905  0.99999994 -0.02834874  0.00643385]
 [ 0.0081418  -0.02123923  0.00384004 -0.02834874  1.          0.01304541]
 [-0.00841486 -0.02935948  0.02701374  0.00643385  0.01304541  1.0000004 ]]
[2025-11-13 20:33:16,366][src.models.modules.semantic_id.tiger_generation_model][INFO] - [rank: 0] 当前batch的输入Item Hierarchy Embedding相似度矩阵:
[[ 1.0000000e+00 -1.7056724e-02  1.4306691e-03  7.3043988e-03
  -4.0211547e-03  1.1415110e-02]
 [-1.7056724e-02  1.0000000e+00 -8.9017879e-03  3.7101957e-03
   1.4254116e-03 -2.6417205e-03]
 [ 1.4306691e-03 -8.9017879e-03  1.0000000e+00  6.5954775e-03
  -1.0487009e-04 -9.0206199e-04]
 [ 7.3043988e-03  3.7101957e-03  6.5954775e-03  1.0000000e+00
  -1.6952295e-02  1.7745327e-03]
 [-4.0211547e-03  1.4254116e-03 -1.0487009e-04 -1.6952295e-02
   1.0000000e+00  5.4744929e-03]
 [ 1.1415110e-02 -2.6417205e-03 -9.0206199e-04  1.7745327e-03
   5.4744929e-03  1.0000004e+00]]
[2025-11-13 20:33:17,053][src.models.modules.semantic_id.tiger_generation_model][WARNING] - [rank: 0] Failed to stack cross attentions: stack expects each tensor to be equal size, but got [32, 6, 140] at entry 0 and [32, 6, 2, 140] at entry 1
[2025-11-13 20:33:17,054][src.models.modules.semantic_id.tiger_generation_model][WARNING] - [rank: 0]   Hierarchy 0 shape: torch.Size([32, 6, 140])
[2025-11-13 20:33:17,054][src.models.modules.semantic_id.tiger_generation_model][WARNING] - [rank: 0]   Hierarchy 1 shape: torch.Size([32, 6, 2, 140])
[2025-11-13 20:33:17,054][src.models.modules.semantic_id.tiger_generation_model][WARNING] - [rank: 0]   Hierarchy 2 shape: torch.Size([32, 6, 140])
[2025-11-13 20:33:17,055][src.models.modules.semantic_id.tiger_generation_model][WARNING] - [rank: 0]   Hierarchy 3 shape: torch.Size([32, 6, 140])
[2025-11-13 20:33:17,055][src.models.modules.semantic_id.tiger_generation_model][WARNING] - [rank: 0]   Hierarchy 4 shape: torch.Size([32, 6, 140])
[2025-11-13 20:33:17,055][src.models.modules.semantic_id.tiger_generation_model][WARNING] - [rank: 0]   Hierarchy 5 shape: torch.Size([32, 6, 140])
[2025-11-13 20:33:17,322][src.models.modules.semantic_id.tiger_generation_model][INFO] - [rank: 0] Saved decoder self-attention to ./attention_weights/decoder_self_attention_batch_103.pt
[2025-11-13 20:33:17,322][src.models.modules.semantic_id.tiger_generation_model][INFO] - [rank: 0] Saved encoder attention to ./attention_weights/encoder_attention_batch_103.pt
[2025-11-13 20:33:17,322][src.models.modules.semantic_id.tiger_generation_model][INFO] - [rank: 0] Saved cross attention to ./attention_weights/cross_attention_batch_103.pt
[2025-11-13 20:33:17,329][src.models.modules.semantic_id.tiger_generation_model][INFO] - [rank: 0] 当前batch的生成语义ID Embedding相似度矩阵:
[[ 1.          0.00899502  0.01425738  0.01032542  0.03051333 -0.00908036]
 [ 0.00899502  1.         -0.0144981  -0.00571981 -0.00431071  0.0111179 ]
 [ 0.01425738 -0.0144981   1.          0.00921072 -0.02821438  0.00884555]
 [ 0.01032542 -0.00571981  0.00921072  1.         -0.00615481  0.00643746]
 [ 0.03051333 -0.00431071 -0.02821438 -0.00615481  1.          0.02842084]
 [-0.00908036  0.0111179   0.00884555  0.00643746  0.02842084  1.0000004 ]]
[2025-11-13 20:33:18,595][src.models.modules.semantic_id.tiger_generation_model][INFO] - [rank: 0] 当前batch的输入Item Hierarchy Embedding相似度矩阵:
[[ 1.         -0.00795191 -0.01586291  0.00327896  0.00261521 -0.00598624]
 [-0.00795191  1.          0.00487019 -0.00660949  0.00564043  0.00715348]
 [-0.01586291  0.00487019  1.          0.00270433 -0.01884645 -0.0069005 ]
 [ 0.00327896 -0.00660949  0.00270433  1.         -0.01753448 -0.00327973]
 [ 0.00261521  0.00564043 -0.01884645 -0.01753448  1.          0.00960781]
 [-0.00598624  0.00715348 -0.0069005  -0.00327973  0.00960781  1.0000001 ]]
[2025-11-13 20:33:19,994][src.models.modules.semantic_id.tiger_generation_model][WARNING] - [rank: 0] Failed to stack cross attentions: stack expects each tensor to be equal size, but got [32, 6, 140] at entry 0 and [32, 6, 2, 140] at entry 1
[2025-11-13 20:33:19,995][src.models.modules.semantic_id.tiger_generation_model][WARNING] - [rank: 0]   Hierarchy 0 shape: torch.Size([32, 6, 140])
[2025-11-13 20:33:19,995][src.models.modules.semantic_id.tiger_generation_model][WARNING] - [rank: 0]   Hierarchy 1 shape: torch.Size([32, 6, 2, 140])
[2025-11-13 20:33:19,995][src.models.modules.semantic_id.tiger_generation_model][WARNING] - [rank: 0]   Hierarchy 2 shape: torch.Size([32, 6, 140])
[2025-11-13 20:33:19,995][src.models.modules.semantic_id.tiger_generation_model][WARNING] - [rank: 0]   Hierarchy 3 shape: torch.Size([32, 6, 140])
[2025-11-13 20:33:19,996][src.models.modules.semantic_id.tiger_generation_model][WARNING] - [rank: 0]   Hierarchy 4 shape: torch.Size([32, 6, 140])
[2025-11-13 20:33:19,996][src.models.modules.semantic_id.tiger_generation_model][WARNING] - [rank: 0]   Hierarchy 5 shape: torch.Size([32, 6, 140])
[2025-11-13 20:33:20,636][src.models.modules.semantic_id.tiger_generation_model][INFO] - [rank: 0] Saved decoder self-attention to ./attention_weights/decoder_self_attention_batch_104.pt
[2025-11-13 20:33:20,637][src.models.modules.semantic_id.tiger_generation_model][INFO] - [rank: 0] Saved encoder attention to ./attention_weights/encoder_attention_batch_104.pt
[2025-11-13 20:33:20,637][src.models.modules.semantic_id.tiger_generation_model][INFO] - [rank: 0] Saved cross attention to ./attention_weights/cross_attention_batch_104.pt
[2025-11-13 20:33:20,647][src.models.modules.semantic_id.tiger_generation_model][INFO] - [rank: 0] 当前batch的生成语义ID Embedding相似度矩阵:
[[ 1.          0.02613659 -0.01947776 -0.03808687  0.01777003 -0.03264525]
 [ 0.02613659  1.          0.01760585  0.00145786 -0.02576006  0.0069364 ]
 [-0.01947776  0.01760585  1.0000001  -0.01274206  0.00200208 -0.01223747]
 [-0.03808687  0.00145786 -0.01274206  1.         -0.01637856  0.01136244]
 [ 0.01777003 -0.02576006  0.00200208 -0.01637856  1.          0.02745858]
 [-0.03264525  0.0069364  -0.01223747  0.01136244  0.02745858  1.0000004 ]]
[2025-11-13 20:33:21,799][src.models.modules.semantic_id.tiger_generation_model][INFO] - [rank: 0] 当前batch的输入Item Hierarchy Embedding相似度矩阵:
[[ 1.0000000e+00 -5.9252651e-03  5.0122757e-03  4.1989828e-03
   6.9845682e-03  9.1670500e-03]
 [-5.9252651e-03  1.0000000e+00  1.3549466e-02 -5.1788590e-03
  -3.7694960e-03 -8.3082309e-04]
 [ 5.0122757e-03  1.3549466e-02  1.0000000e+00  2.0142460e-02
  -9.9472171e-03 -2.1589721e-02]
 [ 4.1989828e-03 -5.1788590e-03  2.0142460e-02  1.0000000e+00
  -2.1161007e-02  4.2617557e-04]
 [ 6.9845682e-03 -3.7694960e-03 -9.9472171e-03 -2.1161007e-02
   1.0000000e+00  4.4745482e-03]
 [ 9.1670500e-03 -8.3082309e-04 -2.1589721e-02  4.2617557e-04
   4.4745482e-03  1.0000001e+00]]
[2025-11-13 20:33:22,551][src.models.modules.semantic_id.tiger_generation_model][WARNING] - [rank: 0] Failed to stack cross attentions: stack expects each tensor to be equal size, but got [32, 6, 140] at entry 0 and [32, 6, 2, 140] at entry 1
[2025-11-13 20:33:22,552][src.models.modules.semantic_id.tiger_generation_model][WARNING] - [rank: 0]   Hierarchy 0 shape: torch.Size([32, 6, 140])
[2025-11-13 20:33:22,552][src.models.modules.semantic_id.tiger_generation_model][WARNING] - [rank: 0]   Hierarchy 1 shape: torch.Size([32, 6, 2, 140])
[2025-11-13 20:33:22,552][src.models.modules.semantic_id.tiger_generation_model][WARNING] - [rank: 0]   Hierarchy 2 shape: torch.Size([32, 6, 140])
[2025-11-13 20:33:22,552][src.models.modules.semantic_id.tiger_generation_model][WARNING] - [rank: 0]   Hierarchy 3 shape: torch.Size([32, 6, 140])
[2025-11-13 20:33:22,553][src.models.modules.semantic_id.tiger_generation_model][WARNING] - [rank: 0]   Hierarchy 4 shape: torch.Size([32, 6, 140])
[2025-11-13 20:33:22,553][src.models.modules.semantic_id.tiger_generation_model][WARNING] - [rank: 0]   Hierarchy 5 shape: torch.Size([32, 6, 140])
[2025-11-13 20:33:22,826][src.models.modules.semantic_id.tiger_generation_model][INFO] - [rank: 0] Saved decoder self-attention to ./attention_weights/decoder_self_attention_batch_105.pt
[2025-11-13 20:33:22,827][src.models.modules.semantic_id.tiger_generation_model][INFO] - [rank: 0] Saved encoder attention to ./attention_weights/encoder_attention_batch_105.pt
[2025-11-13 20:33:22,827][src.models.modules.semantic_id.tiger_generation_model][INFO] - [rank: 0] Saved cross attention to ./attention_weights/cross_attention_batch_105.pt
[2025-11-13 20:33:22,840][src.models.modules.semantic_id.tiger_generation_model][INFO] - [rank: 0] 当前batch的生成语义ID Embedding相似度矩阵:
[[ 1.0000000e+00  5.9552975e-03  6.9516227e-03 -1.1124910e-02
  -2.0188646e-02  8.5839368e-03]
 [ 5.9552975e-03  1.0000000e+00 -2.1340111e-03  8.4957574e-03
  -2.5382109e-02 -8.0350961e-04]
 [ 6.9516227e-03 -2.1340111e-03  1.0000000e+00  6.5993536e-03
  -1.3652477e-02 -4.0327827e-03]
 [-1.1124910e-02  8.4957574e-03  6.5993536e-03  1.0000000e+00
  -7.6370817e-03  1.8820405e-02]
 [-2.0188646e-02 -2.5382109e-02 -1.3652477e-02 -7.6370817e-03
   1.0000000e+00  4.0767021e-02]
 [ 8.5839368e-03 -8.0350961e-04 -4.0327827e-03  1.8820405e-02
   4.0767021e-02  1.0000004e+00]]
[2025-11-13 20:33:24,179][src.models.modules.semantic_id.tiger_generation_model][INFO] - [rank: 0] 当前batch的输入Item Hierarchy Embedding相似度矩阵:
[[ 1.0000000e+00 -7.8058578e-03 -1.7546996e-04 -2.4635738e-03
   4.6448773e-04  2.6473232e-02]
 [-7.8058578e-03  1.0000000e+00  9.2634317e-03  1.2766448e-03
   1.9902267e-02 -5.5280696e-03]
 [-1.7546996e-04  9.2634317e-03  1.0000000e+00 -9.0746069e-03
  -1.1775224e-02  5.1282747e-03]
 [-2.4635738e-03  1.2766448e-03 -9.0746069e-03  1.0000000e+00
  -2.1208202e-02  5.3501618e-03]
 [ 4.6448773e-04  1.9902267e-02 -1.1775224e-02 -2.1208202e-02
   1.0000000e+00  9.9670589e-03]
 [ 2.6473232e-02 -5.5280696e-03  5.1282747e-03  5.3501618e-03
   9.9670589e-03  1.0000005e+00]]
[2025-11-13 20:33:24,880][src.models.modules.semantic_id.tiger_generation_model][WARNING] - [rank: 0] Failed to stack cross attentions: stack expects each tensor to be equal size, but got [32, 6, 140] at entry 0 and [32, 6, 2, 140] at entry 1
[2025-11-13 20:33:24,881][src.models.modules.semantic_id.tiger_generation_model][WARNING] - [rank: 0]   Hierarchy 0 shape: torch.Size([32, 6, 140])
[2025-11-13 20:33:24,881][src.models.modules.semantic_id.tiger_generation_model][WARNING] - [rank: 0]   Hierarchy 1 shape: torch.Size([32, 6, 2, 140])
[2025-11-13 20:33:24,881][src.models.modules.semantic_id.tiger_generation_model][WARNING] - [rank: 0]   Hierarchy 2 shape: torch.Size([32, 6, 140])
[2025-11-13 20:33:24,881][src.models.modules.semantic_id.tiger_generation_model][WARNING] - [rank: 0]   Hierarchy 3 shape: torch.Size([32, 6, 140])
[2025-11-13 20:33:24,882][src.models.modules.semantic_id.tiger_generation_model][WARNING] - [rank: 0]   Hierarchy 4 shape: torch.Size([32, 6, 140])
[2025-11-13 20:33:24,882][src.models.modules.semantic_id.tiger_generation_model][WARNING] - [rank: 0]   Hierarchy 5 shape: torch.Size([32, 6, 140])
[2025-11-13 20:33:25,086][src.models.modules.semantic_id.tiger_generation_model][INFO] - [rank: 0] Saved decoder self-attention to ./attention_weights/decoder_self_attention_batch_106.pt
[2025-11-13 20:33:25,086][src.models.modules.semantic_id.tiger_generation_model][INFO] - [rank: 0] Saved encoder attention to ./attention_weights/encoder_attention_batch_106.pt
[2025-11-13 20:33:25,087][src.models.modules.semantic_id.tiger_generation_model][INFO] - [rank: 0] Saved cross attention to ./attention_weights/cross_attention_batch_106.pt
[2025-11-13 20:33:25,096][src.models.modules.semantic_id.tiger_generation_model][INFO] - [rank: 0] 当前batch的生成语义ID Embedding相似度矩阵:
[[ 1.          0.00897327  0.01734821 -0.00809139  0.00304043 -0.01871936]
 [ 0.00897327  1.         -0.02309064 -0.00147803 -0.0191123   0.00347962]
 [ 0.01734821 -0.02309064  1.         -0.01824214  0.01324344 -0.00569872]
 [-0.00809139 -0.00147803 -0.01824214  1.          0.00420194  0.01694494]
 [ 0.00304043 -0.0191123   0.01324344  0.00420194  1.          0.02225449]
 [-0.01871936  0.00347962 -0.00569872  0.01694494  0.02225449  1.0000004 ]]
[2025-11-13 20:33:26,456][src.models.modules.semantic_id.tiger_generation_model][INFO] - [rank: 0] 当前batch的输入Item Hierarchy Embedding相似度矩阵:
[[ 1.0000000e+00 -1.2556586e-02 -1.8313603e-02  1.5811792e-02
   5.2085072e-03 -1.5885290e-02]
 [-1.2556586e-02  1.0000000e+00 -3.9667236e-03  1.4901029e-02
  -2.6173156e-03 -8.0035096e-03]
 [-1.8313603e-02 -3.9667236e-03  1.0000000e+00  3.3352484e-05
   3.7011024e-04 -1.9228213e-02]
 [ 1.5811792e-02  1.4901029e-02  3.3352484e-05  1.0000000e+00
  -2.5830824e-02 -1.1285132e-02]
 [ 5.2085072e-03 -2.6173156e-03  3.7011024e-04 -2.5830824e-02
   1.0000000e+00  2.9205166e-02]
 [-1.5885290e-02 -8.0035096e-03 -1.9228213e-02 -1.1285132e-02
   2.9205166e-02  1.0000005e+00]]
[2025-11-13 20:33:27,130][src.models.modules.semantic_id.tiger_generation_model][WARNING] - [rank: 0] Failed to stack cross attentions: stack expects each tensor to be equal size, but got [32, 6, 140] at entry 0 and [32, 6, 2, 140] at entry 1
[2025-11-13 20:33:27,130][src.models.modules.semantic_id.tiger_generation_model][WARNING] - [rank: 0]   Hierarchy 0 shape: torch.Size([32, 6, 140])
[2025-11-13 20:33:27,130][src.models.modules.semantic_id.tiger_generation_model][WARNING] - [rank: 0]   Hierarchy 1 shape: torch.Size([32, 6, 2, 140])
[2025-11-13 20:33:27,131][src.models.modules.semantic_id.tiger_generation_model][WARNING] - [rank: 0]   Hierarchy 2 shape: torch.Size([32, 6, 140])
[2025-11-13 20:33:27,131][src.models.modules.semantic_id.tiger_generation_model][WARNING] - [rank: 0]   Hierarchy 3 shape: torch.Size([32, 6, 140])
[2025-11-13 20:33:27,131][src.models.modules.semantic_id.tiger_generation_model][WARNING] - [rank: 0]   Hierarchy 4 shape: torch.Size([32, 6, 140])
[2025-11-13 20:33:27,131][src.models.modules.semantic_id.tiger_generation_model][WARNING] - [rank: 0]   Hierarchy 5 shape: torch.Size([32, 6, 140])
[2025-11-13 20:33:27,574][src.models.modules.semantic_id.tiger_generation_model][INFO] - [rank: 0] Saved decoder self-attention to ./attention_weights/decoder_self_attention_batch_107.pt
[2025-11-13 20:33:27,575][src.models.modules.semantic_id.tiger_generation_model][INFO] - [rank: 0] Saved encoder attention to ./attention_weights/encoder_attention_batch_107.pt
[2025-11-13 20:33:27,575][src.models.modules.semantic_id.tiger_generation_model][INFO] - [rank: 0] Saved cross attention to ./attention_weights/cross_attention_batch_107.pt
[2025-11-13 20:33:27,581][src.models.modules.semantic_id.tiger_generation_model][INFO] - [rank: 0] 当前batch的生成语义ID Embedding相似度矩阵:
[[ 1.0000000e+00 -4.4195354e-03  6.9382507e-04 -8.7504769e-03
   2.2944054e-03 -1.1722308e-02]
 [-4.4195354e-03  1.0000000e+00  2.3798678e-02  3.9977534e-04
  -1.9005453e-02 -2.1753102e-03]
 [ 6.9382507e-04  2.3798678e-02  1.0000000e+00  2.5988374e-02
  -1.8721877e-03 -7.2951987e-04]
 [-8.7504769e-03  3.9977534e-04  2.5988374e-02  1.0000000e+00
  -6.8712295e-03  3.4764417e-02]
 [ 2.2944054e-03 -1.9005453e-02 -1.8721877e-03 -6.8712295e-03
   1.0000000e+00  4.0332872e-02]
 [-1.1722308e-02 -2.1753102e-03 -7.2951987e-04  3.4764417e-02
   4.0332872e-02  1.0000004e+00]]
[2025-11-13 20:33:28,596][src.models.modules.semantic_id.tiger_generation_model][INFO] - [rank: 0] 当前batch的输入Item Hierarchy Embedding相似度矩阵:
[[ 1.         -0.00253044  0.00501866 -0.01021871 -0.00454287  0.0148397 ]
 [-0.00253044  1.          0.01335404 -0.00241554 -0.00362171 -0.01001417]
 [ 0.00501866  0.01335404  1.          0.00249676 -0.00714045  0.00161438]
 [-0.01021871 -0.00241554  0.00249676  1.         -0.00848     0.00465005]
 [-0.00454287 -0.00362171 -0.00714045 -0.00848     1.          0.00181619]
 [ 0.0148397  -0.01001417  0.00161438  0.00465005  0.00181619  1.0000001 ]]
[2025-11-13 20:33:29,223][src.models.modules.semantic_id.tiger_generation_model][WARNING] - [rank: 0] Failed to stack cross attentions: stack expects each tensor to be equal size, but got [32, 6, 140] at entry 0 and [32, 6, 2, 140] at entry 1
[2025-11-13 20:33:29,224][src.models.modules.semantic_id.tiger_generation_model][WARNING] - [rank: 0]   Hierarchy 0 shape: torch.Size([32, 6, 140])
[2025-11-13 20:33:29,224][src.models.modules.semantic_id.tiger_generation_model][WARNING] - [rank: 0]   Hierarchy 1 shape: torch.Size([32, 6, 2, 140])
[2025-11-13 20:33:29,224][src.models.modules.semantic_id.tiger_generation_model][WARNING] - [rank: 0]   Hierarchy 2 shape: torch.Size([32, 6, 140])
[2025-11-13 20:33:29,224][src.models.modules.semantic_id.tiger_generation_model][WARNING] - [rank: 0]   Hierarchy 3 shape: torch.Size([32, 6, 140])
[2025-11-13 20:33:29,225][src.models.modules.semantic_id.tiger_generation_model][WARNING] - [rank: 0]   Hierarchy 4 shape: torch.Size([32, 6, 140])
[2025-11-13 20:33:29,225][src.models.modules.semantic_id.tiger_generation_model][WARNING] - [rank: 0]   Hierarchy 5 shape: torch.Size([32, 6, 140])
[2025-11-13 20:33:29,435][src.models.modules.semantic_id.tiger_generation_model][INFO] - [rank: 0] Saved decoder self-attention to ./attention_weights/decoder_self_attention_batch_108.pt
[2025-11-13 20:33:29,436][src.models.modules.semantic_id.tiger_generation_model][INFO] - [rank: 0] Saved encoder attention to ./attention_weights/encoder_attention_batch_108.pt
[2025-11-13 20:33:29,436][src.models.modules.semantic_id.tiger_generation_model][INFO] - [rank: 0] Saved cross attention to ./attention_weights/cross_attention_batch_108.pt
[2025-11-13 20:33:29,446][src.models.modules.semantic_id.tiger_generation_model][INFO] - [rank: 0] 当前batch的生成语义ID Embedding相似度矩阵:
[[ 1.         -0.04229748  0.01056825 -0.02544878 -0.019456   -0.03471114]
 [-0.04229748  1.          0.00145544 -0.00917731 -0.0178408   0.03083171]
 [ 0.01056825  0.00145544  1.         -0.00947709  0.00840348 -0.01115973]
 [-0.02544878 -0.00917731 -0.00947709  1.          0.00765081  0.00606657]
 [-0.019456   -0.0178408   0.00840348  0.00765081  1.0000001   0.01251424]
 [-0.03471114  0.03083171 -0.01115973  0.00606657  0.01251424  1.0000004 ]]
[2025-11-13 20:33:30,503][src.models.modules.semantic_id.tiger_generation_model][INFO] - [rank: 0] 当前batch的输入Item Hierarchy Embedding相似度矩阵:
[[ 1.0000000e+00  1.2910767e-03  8.3328818e-04 -6.9471537e-03
   1.1100911e-02 -2.8321412e-03]
 [ 1.2910767e-03  1.0000000e+00  2.0867304e-03 -2.6991498e-03
   3.1535567e-03 -7.3739425e-03]
 [ 8.3328818e-04  2.0867304e-03  1.0000000e+00  2.1598523e-03
   8.9027244e-04  2.9710454e-03]
 [-6.9471537e-03 -2.6991498e-03  2.1598523e-03  1.0000000e+00
  -1.1581432e-02  3.9462433e-03]
 [ 1.1100911e-02  3.1535567e-03  8.9027244e-04 -1.1581432e-02
   1.0000000e+00  9.0542650e-03]
 [-2.8321412e-03 -7.3739425e-03  2.9710454e-03  3.9462433e-03
   9.0542650e-03  1.0000001e+00]]
[2025-11-13 20:33:31,560][src.models.modules.semantic_id.tiger_generation_model][WARNING] - [rank: 0] Failed to stack cross attentions: stack expects each tensor to be equal size, but got [32, 6, 140] at entry 0 and [32, 6, 2, 140] at entry 1
[2025-11-13 20:33:31,561][src.models.modules.semantic_id.tiger_generation_model][WARNING] - [rank: 0]   Hierarchy 0 shape: torch.Size([32, 6, 140])
[2025-11-13 20:33:31,561][src.models.modules.semantic_id.tiger_generation_model][WARNING] - [rank: 0]   Hierarchy 1 shape: torch.Size([32, 6, 2, 140])
[2025-11-13 20:33:31,562][src.models.modules.semantic_id.tiger_generation_model][WARNING] - [rank: 0]   Hierarchy 2 shape: torch.Size([32, 6, 140])
[2025-11-13 20:33:31,562][src.models.modules.semantic_id.tiger_generation_model][WARNING] - [rank: 0]   Hierarchy 3 shape: torch.Size([32, 6, 140])
[2025-11-13 20:33:31,562][src.models.modules.semantic_id.tiger_generation_model][WARNING] - [rank: 0]   Hierarchy 4 shape: torch.Size([32, 6, 140])
[2025-11-13 20:33:31,562][src.models.modules.semantic_id.tiger_generation_model][WARNING] - [rank: 0]   Hierarchy 5 shape: torch.Size([32, 6, 140])
[2025-11-13 20:33:32,107][src.models.modules.semantic_id.tiger_generation_model][INFO] - [rank: 0] Saved decoder self-attention to ./attention_weights/decoder_self_attention_batch_109.pt
[2025-11-13 20:33:32,108][src.models.modules.semantic_id.tiger_generation_model][INFO] - [rank: 0] Saved encoder attention to ./attention_weights/encoder_attention_batch_109.pt
[2025-11-13 20:33:32,108][src.models.modules.semantic_id.tiger_generation_model][INFO] - [rank: 0] Saved cross attention to ./attention_weights/cross_attention_batch_109.pt
[2025-11-13 20:33:32,118][src.models.modules.semantic_id.tiger_generation_model][INFO] - [rank: 0] 当前batch的生成语义ID Embedding相似度矩阵:
[[ 1.          0.00853604  0.00156055 -0.01427665 -0.0095331  -0.0181015 ]
 [ 0.00853604  1.          0.02196423  0.04134508 -0.01463761 -0.01047136]
 [ 0.00156055  0.02196423  1.          0.00441303 -0.01793422 -0.01650721]
 [-0.01427665  0.04134508  0.00441303  1.          0.00438139  0.01736852]
 [-0.0095331  -0.01463761 -0.01793422  0.00438139  1.          0.01281283]
 [-0.0181015  -0.01047136 -0.01650721  0.01736852  0.01281283  1.0000004 ]]
[2025-11-13 20:33:33,967][src.models.modules.semantic_id.tiger_generation_model][INFO] - [rank: 0] 当前batch的输入Item Hierarchy Embedding相似度矩阵:
[[ 1.0000000e+00 -8.1610577e-03  6.0148975e-03 -1.1097960e-02
  -6.2226271e-03 -6.8784822e-03]
 [-8.1610577e-03  1.0000000e+00  1.1554470e-02  1.6661284e-02
   8.9771725e-04  3.2706426e-03]
 [ 6.0148975e-03  1.1554470e-02  1.0000000e+00  1.6662357e-02
  -1.7916530e-02 -1.2026166e-02]
 [-1.1097960e-02  1.6661284e-02  1.6662357e-02  1.0000000e+00
  -1.8803723e-02  1.4758876e-02]
 [-6.2226271e-03  8.9771725e-04 -1.7916530e-02 -1.8803723e-02
   1.0000000e+00  9.0640094e-03]
 [-6.8784822e-03  3.2706426e-03 -1.2026166e-02  1.4758876e-02
   9.0640094e-03  1.0000001e+00]]
[2025-11-13 20:33:35,136][src.models.modules.semantic_id.tiger_generation_model][WARNING] - [rank: 0] Failed to stack cross attentions: stack expects each tensor to be equal size, but got [32, 6, 140] at entry 0 and [32, 6, 2, 140] at entry 1
[2025-11-13 20:33:35,136][src.models.modules.semantic_id.tiger_generation_model][WARNING] - [rank: 0]   Hierarchy 0 shape: torch.Size([32, 6, 140])
[2025-11-13 20:33:35,136][src.models.modules.semantic_id.tiger_generation_model][WARNING] - [rank: 0]   Hierarchy 1 shape: torch.Size([32, 6, 2, 140])
[2025-11-13 20:33:35,137][src.models.modules.semantic_id.tiger_generation_model][WARNING] - [rank: 0]   Hierarchy 2 shape: torch.Size([32, 6, 140])
[2025-11-13 20:33:35,137][src.models.modules.semantic_id.tiger_generation_model][WARNING] - [rank: 0]   Hierarchy 3 shape: torch.Size([32, 6, 140])
[2025-11-13 20:33:35,137][src.models.modules.semantic_id.tiger_generation_model][WARNING] - [rank: 0]   Hierarchy 4 shape: torch.Size([32, 6, 140])
[2025-11-13 20:33:35,137][src.models.modules.semantic_id.tiger_generation_model][WARNING] - [rank: 0]   Hierarchy 5 shape: torch.Size([32, 6, 140])
[2025-11-13 20:33:35,773][src.models.modules.semantic_id.tiger_generation_model][INFO] - [rank: 0] Saved decoder self-attention to ./attention_weights/decoder_self_attention_batch_110.pt
[2025-11-13 20:33:35,774][src.models.modules.semantic_id.tiger_generation_model][INFO] - [rank: 0] Saved encoder attention to ./attention_weights/encoder_attention_batch_110.pt
[2025-11-13 20:33:35,774][src.models.modules.semantic_id.tiger_generation_model][INFO] - [rank: 0] Saved cross attention to ./attention_weights/cross_attention_batch_110.pt
[2025-11-13 20:33:35,779][src.models.modules.semantic_id.tiger_generation_model][INFO] - [rank: 0] 当前batch的生成语义ID Embedding相似度矩阵:
[[ 1.         -0.02044048  0.01790638  0.00545039 -0.0431723  -0.00225474]
 [-0.02044048  0.9999998   0.00894096  0.00790028 -0.0210898  -0.00796873]
 [ 0.01790638  0.00894096  1.         -0.00743162 -0.01222157 -0.00544521]
 [ 0.00545039  0.00790028 -0.00743162  1.         -0.02835431  0.00458276]
 [-0.0431723  -0.0210898  -0.01222157 -0.02835431  1.         -0.00305665]
 [-0.00225474 -0.00796873 -0.00544521  0.00458276 -0.00305665  1.0000004 ]]
[2025-11-13 20:33:36,863][src.models.modules.semantic_id.tiger_generation_model][INFO] - [rank: 0] 当前batch的输入Item Hierarchy Embedding相似度矩阵:
[[ 1.0000000e+00 -1.1258845e-02  1.2429828e-02 -1.4924159e-03
   3.4680800e-04  2.6637735e-03]
 [-1.1258845e-02  1.0000000e+00 -1.8440409e-03 -1.7791402e-03
   6.2505668e-03 -1.6432226e-02]
 [ 1.2429828e-02 -1.8440409e-03  1.0000000e+00  8.7833460e-03
  -8.1669176e-03 -3.1548643e-03]
 [-1.4924159e-03 -1.7791402e-03  8.7833460e-03  1.0000000e+00
   2.6230121e-03  4.8826179e-03]
 [ 3.4680800e-04  6.2505668e-03 -8.1669176e-03  2.6230121e-03
   1.0000000e+00  1.3147859e-02]
 [ 2.6637735e-03 -1.6432226e-02 -3.1548643e-03  4.8826179e-03
   1.3147859e-02  1.0000000e+00]]
[2025-11-13 20:33:37,649][src.models.modules.semantic_id.tiger_generation_model][WARNING] - [rank: 0] Failed to stack cross attentions: stack expects each tensor to be equal size, but got [32, 6, 140] at entry 0 and [32, 6, 2, 140] at entry 1
[2025-11-13 20:33:37,650][src.models.modules.semantic_id.tiger_generation_model][WARNING] - [rank: 0]   Hierarchy 0 shape: torch.Size([32, 6, 140])
[2025-11-13 20:33:37,650][src.models.modules.semantic_id.tiger_generation_model][WARNING] - [rank: 0]   Hierarchy 1 shape: torch.Size([32, 6, 2, 140])
[2025-11-13 20:33:37,651][src.models.modules.semantic_id.tiger_generation_model][WARNING] - [rank: 0]   Hierarchy 2 shape: torch.Size([32, 6, 140])
[2025-11-13 20:33:37,651][src.models.modules.semantic_id.tiger_generation_model][WARNING] - [rank: 0]   Hierarchy 3 shape: torch.Size([32, 6, 140])
[2025-11-13 20:33:37,651][src.models.modules.semantic_id.tiger_generation_model][WARNING] - [rank: 0]   Hierarchy 4 shape: torch.Size([32, 6, 140])
[2025-11-13 20:33:37,651][src.models.modules.semantic_id.tiger_generation_model][WARNING] - [rank: 0]   Hierarchy 5 shape: torch.Size([32, 6, 140])
[2025-11-13 20:33:38,550][src.models.modules.semantic_id.tiger_generation_model][INFO] - [rank: 0] Saved decoder self-attention to ./attention_weights/decoder_self_attention_batch_111.pt
[2025-11-13 20:33:38,550][src.models.modules.semantic_id.tiger_generation_model][INFO] - [rank: 0] Saved encoder attention to ./attention_weights/encoder_attention_batch_111.pt
[2025-11-13 20:33:38,551][src.models.modules.semantic_id.tiger_generation_model][INFO] - [rank: 0] Saved cross attention to ./attention_weights/cross_attention_batch_111.pt
[2025-11-13 20:33:38,557][src.models.modules.semantic_id.tiger_generation_model][INFO] - [rank: 0] 当前batch的生成语义ID Embedding相似度矩阵:
[[ 0.99999994 -0.0068012   0.03800682 -0.0388035   0.00747794 -0.04075398]
 [-0.0068012   1.         -0.01645694  0.00884134 -0.01509189 -0.00317471]
 [ 0.03800682 -0.01645694  1.         -0.0162382   0.00832467  0.02187458]
 [-0.0388035   0.00884134 -0.0162382   1.          0.01939877  0.02551328]
 [ 0.00747794 -0.01509189  0.00832467  0.01939877  1.          0.03254553]
 [-0.04075398 -0.00317471  0.02187458  0.02551328  0.03254553  1.0000004 ]]
[2025-11-13 20:33:39,758][src.models.modules.semantic_id.tiger_generation_model][INFO] - [rank: 0] 当前batch的输入Item Hierarchy Embedding相似度矩阵:
[[ 1.0000000e+00 -3.6230020e-03 -3.3506000e-04 -1.1252641e-04
  -1.1902871e-02 -3.6663581e-03]
 [-3.6230020e-03  1.0000000e+00  1.2648687e-02 -1.2483797e-02
   8.1202490e-03 -9.8973392e-03]
 [-3.3506000e-04  1.2648687e-02  1.0000000e+00 -1.4047621e-02
  -6.9879284e-03  3.8606334e-03]
 [-1.1252641e-04 -1.2483797e-02 -1.4047621e-02  1.0000000e+00
  -8.8409334e-03  8.6597418e-03]
 [-1.1902871e-02  8.1202490e-03 -6.9879284e-03 -8.8409334e-03
   1.0000000e+00  2.5464937e-02]
 [-3.6663581e-03 -9.8973392e-03  3.8606334e-03  8.6597418e-03
   2.5464937e-02  1.0000001e+00]]
[2025-11-13 20:33:40,383][src.models.modules.semantic_id.tiger_generation_model][WARNING] - [rank: 0] Failed to stack cross attentions: stack expects each tensor to be equal size, but got [32, 6, 140] at entry 0 and [32, 6, 2, 140] at entry 1
[2025-11-13 20:33:40,385][src.models.modules.semantic_id.tiger_generation_model][WARNING] - [rank: 0]   Hierarchy 0 shape: torch.Size([32, 6, 140])
[2025-11-13 20:33:40,385][src.models.modules.semantic_id.tiger_generation_model][WARNING] - [rank: 0]   Hierarchy 1 shape: torch.Size([32, 6, 2, 140])
[2025-11-13 20:33:40,386][src.models.modules.semantic_id.tiger_generation_model][WARNING] - [rank: 0]   Hierarchy 2 shape: torch.Size([32, 6, 140])
[2025-11-13 20:33:40,386][src.models.modules.semantic_id.tiger_generation_model][WARNING] - [rank: 0]   Hierarchy 3 shape: torch.Size([32, 6, 140])
[2025-11-13 20:33:40,386][src.models.modules.semantic_id.tiger_generation_model][WARNING] - [rank: 0]   Hierarchy 4 shape: torch.Size([32, 6, 140])
[2025-11-13 20:33:40,387][src.models.modules.semantic_id.tiger_generation_model][WARNING] - [rank: 0]   Hierarchy 5 shape: torch.Size([32, 6, 140])
[2025-11-13 20:33:40,629][src.models.modules.semantic_id.tiger_generation_model][INFO] - [rank: 0] Saved decoder self-attention to ./attention_weights/decoder_self_attention_batch_112.pt
[2025-11-13 20:33:40,629][src.models.modules.semantic_id.tiger_generation_model][INFO] - [rank: 0] Saved encoder attention to ./attention_weights/encoder_attention_batch_112.pt
[2025-11-13 20:33:40,630][src.models.modules.semantic_id.tiger_generation_model][INFO] - [rank: 0] Saved cross attention to ./attention_weights/cross_attention_batch_112.pt
[2025-11-13 20:33:40,637][src.models.modules.semantic_id.tiger_generation_model][INFO] - [rank: 0] 当前batch的生成语义ID Embedding相似度矩阵:
[[ 0.99999994  0.00991077 -0.00515256 -0.03633065 -0.00691611 -0.02443136]
 [ 0.00991077  1.         -0.00524603 -0.02179334 -0.02830512  0.00613343]
 [-0.00515256 -0.00524603  1.         -0.02660251  0.02386544 -0.00967804]
 [-0.03633065 -0.02179334 -0.02660251  1.          0.00624499  0.03420297]
 [-0.00691611 -0.02830512  0.02386544  0.00624499  1.          0.03371026]
 [-0.02443136  0.00613343 -0.00967804  0.03420297  0.03371026  1.0000004 ]]
[2025-11-13 20:33:41,868][src.models.modules.semantic_id.tiger_generation_model][INFO] - [rank: 0] 当前batch的输入Item Hierarchy Embedding相似度矩阵:
[[ 1.0000000e+00 -1.9319868e-03  7.7088745e-03  7.9764158e-04
  -8.6940493e-04  3.5105150e-03]
 [-1.9319868e-03  1.0000000e+00 -9.7934820e-04 -1.5339578e-03
   1.0548121e-03 -1.4007098e-02]
 [ 7.7088745e-03 -9.7934820e-04  1.0000000e+00  8.1279278e-03
  -1.3757385e-02 -2.5830767e-03]
 [ 7.9764158e-04 -1.5339578e-03  8.1279278e-03  1.0000000e+00
  -1.3319242e-02  2.4519596e-02]
 [-8.6940493e-04  1.0548121e-03 -1.3757385e-02 -1.3319242e-02
   1.0000000e+00 -2.5794427e-03]
 [ 3.5105150e-03 -1.4007098e-02 -2.5830767e-03  2.4519596e-02
  -2.5794427e-03  1.0000001e+00]]
[2025-11-13 20:33:43,007][src.models.modules.semantic_id.tiger_generation_model][WARNING] - [rank: 0] Failed to stack cross attentions: stack expects each tensor to be equal size, but got [32, 6, 140] at entry 0 and [32, 6, 2, 140] at entry 1
[2025-11-13 20:33:43,008][src.models.modules.semantic_id.tiger_generation_model][WARNING] - [rank: 0]   Hierarchy 0 shape: torch.Size([32, 6, 140])
[2025-11-13 20:33:43,008][src.models.modules.semantic_id.tiger_generation_model][WARNING] - [rank: 0]   Hierarchy 1 shape: torch.Size([32, 6, 2, 140])
[2025-11-13 20:33:43,008][src.models.modules.semantic_id.tiger_generation_model][WARNING] - [rank: 0]   Hierarchy 2 shape: torch.Size([32, 6, 140])
[2025-11-13 20:33:43,008][src.models.modules.semantic_id.tiger_generation_model][WARNING] - [rank: 0]   Hierarchy 3 shape: torch.Size([32, 6, 140])
[2025-11-13 20:33:43,009][src.models.modules.semantic_id.tiger_generation_model][WARNING] - [rank: 0]   Hierarchy 4 shape: torch.Size([32, 6, 140])
[2025-11-13 20:33:43,009][src.models.modules.semantic_id.tiger_generation_model][WARNING] - [rank: 0]   Hierarchy 5 shape: torch.Size([32, 6, 140])
[2025-11-13 20:33:43,466][src.models.modules.semantic_id.tiger_generation_model][INFO] - [rank: 0] Saved decoder self-attention to ./attention_weights/decoder_self_attention_batch_113.pt
[2025-11-13 20:33:43,467][src.models.modules.semantic_id.tiger_generation_model][INFO] - [rank: 0] Saved encoder attention to ./attention_weights/encoder_attention_batch_113.pt
[2025-11-13 20:33:43,467][src.models.modules.semantic_id.tiger_generation_model][INFO] - [rank: 0] Saved cross attention to ./attention_weights/cross_attention_batch_113.pt
[2025-11-13 20:33:43,474][src.models.modules.semantic_id.tiger_generation_model][INFO] - [rank: 0] 当前batch的生成语义ID Embedding相似度矩阵:
[[ 1.         -0.02760959  0.01139392 -0.04145739 -0.00666767 -0.01507417]
 [-0.02760959  1.         -0.02141664  0.00113284 -0.01112153  0.03727725]
 [ 0.01139392 -0.02141664  1.         -0.00413477 -0.01580364 -0.02479719]
 [-0.04145739  0.00113284 -0.00413477  1.          0.01789119  0.00768166]
 [-0.00666767 -0.01112153 -0.01580364  0.01789119  1.          0.05196003]
 [-0.01507417  0.03727725 -0.02479719  0.00768166  0.05196003  1.0000004 ]]
[2025-11-13 20:33:45,185][src.models.modules.semantic_id.tiger_generation_model][INFO] - [rank: 0] 当前batch的输入Item Hierarchy Embedding相似度矩阵:
[[ 1.00000000e+00 -2.02169572e-03 -1.86837424e-04  1.01001747e-02
   1.00975456e-02  4.55105444e-03]
 [-2.02169572e-03  1.00000000e+00  7.02415220e-03 -8.77283420e-03
  -2.44617462e-03 -2.11872580e-03]
 [-1.86837424e-04  7.02415220e-03  1.00000000e+00  5.39223012e-03
  -5.76176867e-03 -1.15413703e-02]
 [ 1.01001747e-02 -8.77283420e-03  5.39223012e-03  1.00000000e+00
   1.52156595e-02  1.91686430e-03]
 [ 1.00975456e-02 -2.44617462e-03 -5.76176867e-03  1.52156595e-02
   1.00000000e+00  1.59492623e-02]
 [ 4.55105444e-03 -2.11872580e-03 -1.15413703e-02  1.91686430e-03
   1.59492623e-02  1.00000000e+00]]
[2025-11-13 20:33:45,864][src.models.modules.semantic_id.tiger_generation_model][WARNING] - [rank: 0] Failed to stack cross attentions: stack expects each tensor to be equal size, but got [32, 6, 140] at entry 0 and [32, 6, 2, 140] at entry 1
[2025-11-13 20:33:45,864][src.models.modules.semantic_id.tiger_generation_model][WARNING] - [rank: 0]   Hierarchy 0 shape: torch.Size([32, 6, 140])
[2025-11-13 20:33:45,865][src.models.modules.semantic_id.tiger_generation_model][WARNING] - [rank: 0]   Hierarchy 1 shape: torch.Size([32, 6, 2, 140])
[2025-11-13 20:33:45,865][src.models.modules.semantic_id.tiger_generation_model][WARNING] - [rank: 0]   Hierarchy 2 shape: torch.Size([32, 6, 140])
[2025-11-13 20:33:45,865][src.models.modules.semantic_id.tiger_generation_model][WARNING] - [rank: 0]   Hierarchy 3 shape: torch.Size([32, 6, 140])
[2025-11-13 20:33:45,865][src.models.modules.semantic_id.tiger_generation_model][WARNING] - [rank: 0]   Hierarchy 4 shape: torch.Size([32, 6, 140])
[2025-11-13 20:33:45,865][src.models.modules.semantic_id.tiger_generation_model][WARNING] - [rank: 0]   Hierarchy 5 shape: torch.Size([32, 6, 140])
[2025-11-13 20:33:46,630][src.models.modules.semantic_id.tiger_generation_model][INFO] - [rank: 0] Saved decoder self-attention to ./attention_weights/decoder_self_attention_batch_114.pt
[2025-11-13 20:33:46,631][src.models.modules.semantic_id.tiger_generation_model][INFO] - [rank: 0] Saved encoder attention to ./attention_weights/encoder_attention_batch_114.pt
[2025-11-13 20:33:46,631][src.models.modules.semantic_id.tiger_generation_model][INFO] - [rank: 0] Saved cross attention to ./attention_weights/cross_attention_batch_114.pt
[2025-11-13 20:33:46,637][src.models.modules.semantic_id.tiger_generation_model][INFO] - [rank: 0] 当前batch的生成语义ID Embedding相似度矩阵:
[[ 1.          0.02424718  0.01493227 -0.01205422  0.01304462  0.00442147]
 [ 0.02424718  1.          0.01500246 -0.01061315 -0.02556061 -0.0133911 ]
 [ 0.01493227  0.01500246  0.99999994 -0.04458607  0.0128801  -0.01017527]
 [-0.01205422 -0.01061315 -0.04458607  1.         -0.00457507  0.00563749]
 [ 0.01304462 -0.02556061  0.0128801  -0.00457507  1.0000001   0.01105847]
 [ 0.00442147 -0.0133911  -0.01017527  0.00563749  0.01105847  1.0000004 ]]
[2025-11-13 20:33:48,089][src.models.modules.semantic_id.tiger_generation_model][INFO] - [rank: 0] 当前batch的输入Item Hierarchy Embedding相似度矩阵:
[[ 9.9999994e-01  2.6439261e-03 -4.7612074e-03  3.8049091e-04
   3.4541800e-03  8.9736404e-03]
 [ 2.6439261e-03  9.9999994e-01 -1.1582163e-02 -3.2800494e-04
  -4.2512845e-03 -4.1695666e-03]
 [-4.7612074e-03 -1.1582163e-02  9.9999994e-01 -1.1783262e-02
  -7.4286046e-03 -6.4550210e-03]
 [ 3.8049091e-04 -3.2800494e-04 -1.1783262e-02  9.9999994e-01
  -9.0518780e-03 -4.7233580e-03]
 [ 3.4541800e-03 -4.2512845e-03 -7.4286046e-03 -9.0518780e-03
   9.9999994e-01  1.2660428e-02]
 [ 8.9736404e-03 -4.1695666e-03 -6.4550210e-03 -4.7233580e-03
   1.2660428e-02  1.0000000e+00]]
[2025-11-13 20:33:49,031][src.models.modules.semantic_id.tiger_generation_model][WARNING] - [rank: 0] Failed to stack cross attentions: stack expects each tensor to be equal size, but got [32, 6, 140] at entry 0 and [32, 6, 2, 140] at entry 1
[2025-11-13 20:33:49,032][src.models.modules.semantic_id.tiger_generation_model][WARNING] - [rank: 0]   Hierarchy 0 shape: torch.Size([32, 6, 140])
[2025-11-13 20:33:49,032][src.models.modules.semantic_id.tiger_generation_model][WARNING] - [rank: 0]   Hierarchy 1 shape: torch.Size([32, 6, 2, 140])
[2025-11-13 20:33:49,032][src.models.modules.semantic_id.tiger_generation_model][WARNING] - [rank: 0]   Hierarchy 2 shape: torch.Size([32, 6, 140])
[2025-11-13 20:33:49,033][src.models.modules.semantic_id.tiger_generation_model][WARNING] - [rank: 0]   Hierarchy 3 shape: torch.Size([32, 6, 140])
[2025-11-13 20:33:49,033][src.models.modules.semantic_id.tiger_generation_model][WARNING] - [rank: 0]   Hierarchy 4 shape: torch.Size([32, 6, 140])
[2025-11-13 20:33:49,033][src.models.modules.semantic_id.tiger_generation_model][WARNING] - [rank: 0]   Hierarchy 5 shape: torch.Size([32, 6, 140])
[2025-11-13 20:33:49,783][src.models.modules.semantic_id.tiger_generation_model][INFO] - [rank: 0] Saved decoder self-attention to ./attention_weights/decoder_self_attention_batch_115.pt
[2025-11-13 20:33:49,783][src.models.modules.semantic_id.tiger_generation_model][INFO] - [rank: 0] Saved encoder attention to ./attention_weights/encoder_attention_batch_115.pt
[2025-11-13 20:33:49,783][src.models.modules.semantic_id.tiger_generation_model][INFO] - [rank: 0] Saved cross attention to ./attention_weights/cross_attention_batch_115.pt
[2025-11-13 20:33:49,793][src.models.modules.semantic_id.tiger_generation_model][INFO] - [rank: 0] 当前batch的生成语义ID Embedding相似度矩阵:
[[ 1.          0.00610281 -0.00970603  0.01625742  0.03059    -0.00467077]
 [ 0.00610281  1.          0.0075224   0.01727434 -0.00459099 -0.01019628]
 [-0.00970603  0.0075224   1.         -0.00784196 -0.01905358 -0.01830603]
 [ 0.01625742  0.01727434 -0.00784196  1.          0.00117508  0.00783863]
 [ 0.03059    -0.00459099 -0.01905358  0.00117508  1.          0.03228858]
 [-0.00467077 -0.01019628 -0.01830603  0.00783863  0.03228858  1.0000004 ]]
[2025-11-13 20:33:50,977][src.models.modules.semantic_id.tiger_generation_model][INFO] - [rank: 0] 当前batch的输入Item Hierarchy Embedding相似度矩阵:
[[ 1.00000000e+00 -8.83952808e-03 -1.61496620e-03  9.35657229e-03
  -9.93559137e-03  7.46156694e-03]
 [-8.83952808e-03  1.00000000e+00  4.22123400e-03 -2.63020559e-03
  -1.20720621e-02 -1.01276106e-04]
 [-1.61496620e-03  4.22123400e-03  1.00000000e+00  1.50647259e-03
  -1.39176100e-02  1.22524714e-02]
 [ 9.35657229e-03 -2.63020559e-03  1.50647259e-03  1.00000000e+00
  -1.10345697e-02  1.08662657e-02]
 [-9.93559137e-03 -1.20720621e-02 -1.39176100e-02 -1.10345697e-02
   1.00000000e+00  1.19519383e-02]
 [ 7.46156694e-03 -1.01276106e-04  1.22524714e-02  1.08662657e-02
   1.19519383e-02  1.00000012e+00]]
[2025-11-13 20:33:52,103][src.models.modules.semantic_id.tiger_generation_model][WARNING] - [rank: 0] Failed to stack cross attentions: stack expects each tensor to be equal size, but got [32, 6, 140] at entry 0 and [32, 6, 2, 140] at entry 1
[2025-11-13 20:33:52,104][src.models.modules.semantic_id.tiger_generation_model][WARNING] - [rank: 0]   Hierarchy 0 shape: torch.Size([32, 6, 140])
[2025-11-13 20:33:52,104][src.models.modules.semantic_id.tiger_generation_model][WARNING] - [rank: 0]   Hierarchy 1 shape: torch.Size([32, 6, 2, 140])
[2025-11-13 20:33:52,104][src.models.modules.semantic_id.tiger_generation_model][WARNING] - [rank: 0]   Hierarchy 2 shape: torch.Size([32, 6, 140])
[2025-11-13 20:33:52,104][src.models.modules.semantic_id.tiger_generation_model][WARNING] - [rank: 0]   Hierarchy 3 shape: torch.Size([32, 6, 140])
[2025-11-13 20:33:52,104][src.models.modules.semantic_id.tiger_generation_model][WARNING] - [rank: 0]   Hierarchy 4 shape: torch.Size([32, 6, 140])
[2025-11-13 20:33:52,104][src.models.modules.semantic_id.tiger_generation_model][WARNING] - [rank: 0]   Hierarchy 5 shape: torch.Size([32, 6, 140])
[2025-11-13 20:33:52,587][src.models.modules.semantic_id.tiger_generation_model][INFO] - [rank: 0] Saved decoder self-attention to ./attention_weights/decoder_self_attention_batch_116.pt
[2025-11-13 20:33:52,588][src.models.modules.semantic_id.tiger_generation_model][INFO] - [rank: 0] Saved encoder attention to ./attention_weights/encoder_attention_batch_116.pt
[2025-11-13 20:33:52,588][src.models.modules.semantic_id.tiger_generation_model][INFO] - [rank: 0] Saved cross attention to ./attention_weights/cross_attention_batch_116.pt
[2025-11-13 20:33:52,597][src.models.modules.semantic_id.tiger_generation_model][INFO] - [rank: 0] 当前batch的生成语义ID Embedding相似度矩阵:
[[ 1.00000000e+00  1.74881686e-02 -1.25674559e-02 -1.68353654e-02
   1.12054069e-02 -1.37602165e-02]
 [ 1.74881686e-02  1.00000000e+00  1.61556117e-02  1.35667734e-02
  -2.22032107e-02  4.14215121e-03]
 [-1.25674559e-02  1.61556117e-02  1.00000000e+00 -1.54550895e-02
   2.75862329e-02 -3.02336849e-02]
 [-1.68353654e-02  1.35667734e-02 -1.54550895e-02  1.00000000e+00
   1.51284039e-04  1.48277031e-02]
 [ 1.12054069e-02 -2.22032107e-02  2.75862329e-02  1.51284039e-04
   1.00000000e+00  3.11100800e-02]
 [-1.37602165e-02  4.14215121e-03 -3.02336849e-02  1.48277031e-02
   3.11100800e-02  1.00000036e+00]]
[2025-11-13 20:33:53,506][src.models.modules.semantic_id.tiger_generation_model][INFO] - [rank: 0] 当前batch的输入Item Hierarchy Embedding相似度矩阵:
[[ 1.0000000e+00  5.0796014e-03 -4.1673668e-03  9.0115601e-03
  -4.0780259e-03 -2.9081022e-03]
 [ 5.0796014e-03  1.0000000e+00 -1.4117155e-02  4.0810327e-03
   7.1626469e-03  3.9935894e-03]
 [-4.1673668e-03 -1.4117155e-02  1.0000000e+00  3.6758778e-03
  -8.2891043e-03  6.4268257e-03]
 [ 9.0115601e-03  4.0810327e-03  3.6758778e-03  1.0000000e+00
   7.6915574e-04  5.6404304e-03]
 [-4.0780259e-03  7.1626469e-03 -8.2891043e-03  7.6915574e-04
   1.0000000e+00  1.3169919e-02]
 [-2.9081022e-03  3.9935894e-03  6.4268257e-03  5.6404304e-03
   1.3169919e-02  1.0000001e+00]]
[2025-11-13 20:33:54,186][src.models.modules.semantic_id.tiger_generation_model][WARNING] - [rank: 0] Failed to stack cross attentions: stack expects each tensor to be equal size, but got [32, 6, 140] at entry 0 and [32, 6, 2, 140] at entry 1
[2025-11-13 20:33:54,187][src.models.modules.semantic_id.tiger_generation_model][WARNING] - [rank: 0]   Hierarchy 0 shape: torch.Size([32, 6, 140])
[2025-11-13 20:33:54,187][src.models.modules.semantic_id.tiger_generation_model][WARNING] - [rank: 0]   Hierarchy 1 shape: torch.Size([32, 6, 2, 140])
[2025-11-13 20:33:54,187][src.models.modules.semantic_id.tiger_generation_model][WARNING] - [rank: 0]   Hierarchy 2 shape: torch.Size([32, 6, 140])
[2025-11-13 20:33:54,188][src.models.modules.semantic_id.tiger_generation_model][WARNING] - [rank: 0]   Hierarchy 3 shape: torch.Size([32, 6, 140])
[2025-11-13 20:33:54,188][src.models.modules.semantic_id.tiger_generation_model][WARNING] - [rank: 0]   Hierarchy 4 shape: torch.Size([32, 6, 140])
[2025-11-13 20:33:54,188][src.models.modules.semantic_id.tiger_generation_model][WARNING] - [rank: 0]   Hierarchy 5 shape: torch.Size([32, 6, 140])
[2025-11-13 20:33:54,412][src.models.modules.semantic_id.tiger_generation_model][INFO] - [rank: 0] Saved decoder self-attention to ./attention_weights/decoder_self_attention_batch_117.pt
[2025-11-13 20:33:54,412][src.models.modules.semantic_id.tiger_generation_model][INFO] - [rank: 0] Saved encoder attention to ./attention_weights/encoder_attention_batch_117.pt
[2025-11-13 20:33:54,413][src.models.modules.semantic_id.tiger_generation_model][INFO] - [rank: 0] Saved cross attention to ./attention_weights/cross_attention_batch_117.pt
[2025-11-13 20:33:54,422][src.models.modules.semantic_id.tiger_generation_model][INFO] - [rank: 0] 当前batch的生成语义ID Embedding相似度矩阵:
[[ 1.          0.0091839   0.02034028 -0.01213876 -0.03245774 -0.05230736]
 [ 0.0091839   1.         -0.00550756  0.01772168 -0.02540676 -0.01189192]
 [ 0.02034028 -0.00550756  1.          0.00259685 -0.00995975  0.0127127 ]
 [-0.01213876  0.01772168  0.00259685  1.         -0.00232514  0.02126822]
 [-0.03245774 -0.02540676 -0.00995975 -0.00232514  1.          0.02228856]
 [-0.05230736 -0.01189192  0.0127127   0.02126822  0.02228856  1.0000004 ]]
[2025-11-13 20:33:56,018][src.models.modules.semantic_id.tiger_generation_model][INFO] - [rank: 0] 当前batch的输入Item Hierarchy Embedding相似度矩阵:
[[ 9.9999994e-01 -2.2808786e-02 -2.3982108e-03 -9.6035833e-03
  -5.4066568e-03 -9.9337669e-03]
 [-2.2808786e-02  9.9999994e-01  7.6584923e-03  1.1764552e-02
   6.3334987e-04 -1.7075753e-02]
 [-2.3982108e-03  7.6584923e-03  9.9999994e-01  6.4597931e-03
  -5.8416165e-03  4.2385473e-03]
 [-9.6035833e-03  1.1764552e-02  6.4597931e-03  9.9999994e-01
  -1.1084763e-02  7.8581776e-03]
 [-5.4066568e-03  6.3334987e-04 -5.8416165e-03 -1.1084763e-02
   9.9999994e-01  2.9856267e-03]
 [-9.9337669e-03 -1.7075753e-02  4.2385473e-03  7.8581776e-03
   2.9856267e-03  1.0000000e+00]]
[2025-11-13 20:33:56,935][src.models.modules.semantic_id.tiger_generation_model][WARNING] - [rank: 0] Failed to stack cross attentions: stack expects each tensor to be equal size, but got [32, 6, 140] at entry 0 and [32, 6, 2, 140] at entry 1
[2025-11-13 20:33:56,936][src.models.modules.semantic_id.tiger_generation_model][WARNING] - [rank: 0]   Hierarchy 0 shape: torch.Size([32, 6, 140])
[2025-11-13 20:33:56,936][src.models.modules.semantic_id.tiger_generation_model][WARNING] - [rank: 0]   Hierarchy 1 shape: torch.Size([32, 6, 2, 140])
[2025-11-13 20:33:56,936][src.models.modules.semantic_id.tiger_generation_model][WARNING] - [rank: 0]   Hierarchy 2 shape: torch.Size([32, 6, 140])
[2025-11-13 20:33:56,936][src.models.modules.semantic_id.tiger_generation_model][WARNING] - [rank: 0]   Hierarchy 3 shape: torch.Size([32, 6, 140])
[2025-11-13 20:33:56,936][src.models.modules.semantic_id.tiger_generation_model][WARNING] - [rank: 0]   Hierarchy 4 shape: torch.Size([32, 6, 140])
[2025-11-13 20:33:56,937][src.models.modules.semantic_id.tiger_generation_model][WARNING] - [rank: 0]   Hierarchy 5 shape: torch.Size([32, 6, 140])
[2025-11-13 20:33:57,313][src.models.modules.semantic_id.tiger_generation_model][INFO] - [rank: 0] Saved decoder self-attention to ./attention_weights/decoder_self_attention_batch_118.pt
[2025-11-13 20:33:57,313][src.models.modules.semantic_id.tiger_generation_model][INFO] - [rank: 0] Saved encoder attention to ./attention_weights/encoder_attention_batch_118.pt
[2025-11-13 20:33:57,313][src.models.modules.semantic_id.tiger_generation_model][INFO] - [rank: 0] Saved cross attention to ./attention_weights/cross_attention_batch_118.pt
[2025-11-13 20:33:57,323][src.models.modules.semantic_id.tiger_generation_model][INFO] - [rank: 0] 当前batch的生成语义ID Embedding相似度矩阵:
[[ 1.         -0.08302742  0.02115938 -0.02086899 -0.03546352 -0.0815284 ]
 [-0.08302742  0.9999999   0.00466029 -0.02020703 -0.0102531   0.02974727]
 [ 0.02115938  0.00466029  1.         -0.01359648 -0.05400739 -0.00797274]
 [-0.02086899 -0.02020703 -0.01359648  1.          0.00242861  0.01733527]
 [-0.03546352 -0.0102531  -0.05400739  0.00242861  1.         -0.02745299]
 [-0.0815284   0.02974727 -0.00797274  0.01733527 -0.02745299  1.0000004 ]]
[2025-11-13 20:33:58,649][src.models.modules.semantic_id.tiger_generation_model][INFO] - [rank: 0] 当前batch的输入Item Hierarchy Embedding相似度矩阵:
[[ 1.0000000e+00 -8.7913912e-04  4.7854362e-03 -1.8578136e-02
  -8.2444327e-05 -2.8279740e-02]
 [-8.7913912e-04  1.0000000e+00  4.6018758e-03  2.1263920e-02
  -1.1997591e-02  8.6819185e-03]
 [ 4.7854362e-03  4.6018758e-03  1.0000000e+00 -1.1825916e-02
  -1.6505888e-02 -2.4553358e-03]
 [-1.8578136e-02  2.1263920e-02 -1.1825916e-02  1.0000000e+00
  -2.1463785e-02  1.7219380e-02]
 [-8.2444327e-05 -1.1997591e-02 -1.6505888e-02 -2.1463785e-02
   1.0000000e+00  2.0739031e-03]
 [-2.8279740e-02  8.6819185e-03 -2.4553358e-03  1.7219380e-02
   2.0739031e-03  1.0000001e+00]]
[2025-11-13 20:33:59,324][src.models.modules.semantic_id.tiger_generation_model][WARNING] - [rank: 0] Failed to stack cross attentions: stack expects each tensor to be equal size, but got [32, 6, 140] at entry 0 and [32, 6, 2, 140] at entry 1
[2025-11-13 20:33:59,325][src.models.modules.semantic_id.tiger_generation_model][WARNING] - [rank: 0]   Hierarchy 0 shape: torch.Size([32, 6, 140])
[2025-11-13 20:33:59,325][src.models.modules.semantic_id.tiger_generation_model][WARNING] - [rank: 0]   Hierarchy 1 shape: torch.Size([32, 6, 2, 140])
[2025-11-13 20:33:59,325][src.models.modules.semantic_id.tiger_generation_model][WARNING] - [rank: 0]   Hierarchy 2 shape: torch.Size([32, 6, 140])
[2025-11-13 20:33:59,325][src.models.modules.semantic_id.tiger_generation_model][WARNING] - [rank: 0]   Hierarchy 3 shape: torch.Size([32, 6, 140])
[2025-11-13 20:33:59,325][src.models.modules.semantic_id.tiger_generation_model][WARNING] - [rank: 0]   Hierarchy 4 shape: torch.Size([32, 6, 140])
[2025-11-13 20:33:59,325][src.models.modules.semantic_id.tiger_generation_model][WARNING] - [rank: 0]   Hierarchy 5 shape: torch.Size([32, 6, 140])
[2025-11-13 20:33:59,578][src.models.modules.semantic_id.tiger_generation_model][INFO] - [rank: 0] Saved decoder self-attention to ./attention_weights/decoder_self_attention_batch_119.pt
[2025-11-13 20:33:59,579][src.models.modules.semantic_id.tiger_generation_model][INFO] - [rank: 0] Saved encoder attention to ./attention_weights/encoder_attention_batch_119.pt
[2025-11-13 20:33:59,580][src.models.modules.semantic_id.tiger_generation_model][INFO] - [rank: 0] Saved cross attention to ./attention_weights/cross_attention_batch_119.pt
[2025-11-13 20:33:59,593][src.models.modules.semantic_id.tiger_generation_model][INFO] - [rank: 0] 当前batch的生成语义ID Embedding相似度矩阵:
[[ 9.9999994e-01  2.0223832e-02  3.4606893e-02 -1.7768074e-02
   1.8049272e-02 -3.6180235e-02]
 [ 2.0223832e-02  1.0000000e+00  2.8573223e-03  7.4648894e-03
   9.4132684e-04 -6.6442583e-03]
 [ 3.4606893e-02  2.8573223e-03  1.0000000e+00  1.2648832e-02
  -1.1145484e-02 -1.0902429e-02]
 [-1.7768074e-02  7.4648894e-03  1.2648832e-02  1.0000000e+00
   9.6934848e-04  3.2111090e-02]
 [ 1.8049272e-02  9.4132684e-04 -1.1145484e-02  9.6934848e-04
   1.0000000e+00  2.7753657e-02]
 [-3.6180235e-02 -6.6442583e-03 -1.0902429e-02  3.2111090e-02
   2.7753657e-02  1.0000004e+00]]
[2025-11-13 20:34:00,875][src.models.modules.semantic_id.tiger_generation_model][INFO] - [rank: 0] 当前batch的输入Item Hierarchy Embedding相似度矩阵:
[[ 1.         -0.01035239 -0.0112162  -0.00680947 -0.00789573 -0.00213627]
 [-0.01035239  1.         -0.0015447  -0.00315816  0.00322551 -0.01156521]
 [-0.0112162  -0.0015447   1.         -0.00755462 -0.00880637 -0.00524708]
 [-0.00680947 -0.00315816 -0.00755462  1.         -0.00876522  0.01228816]
 [-0.00789573  0.00322551 -0.00880637 -0.00876522  1.          0.00239229]
 [-0.00213627 -0.01156521 -0.00524708  0.01228816  0.00239229  1.0000001 ]]
[2025-11-13 20:34:01,565][src.models.modules.semantic_id.tiger_generation_model][WARNING] - [rank: 0] Failed to stack cross attentions: stack expects each tensor to be equal size, but got [32, 6, 140] at entry 0 and [32, 6, 2, 140] at entry 1
[2025-11-13 20:34:01,566][src.models.modules.semantic_id.tiger_generation_model][WARNING] - [rank: 0]   Hierarchy 0 shape: torch.Size([32, 6, 140])
[2025-11-13 20:34:01,566][src.models.modules.semantic_id.tiger_generation_model][WARNING] - [rank: 0]   Hierarchy 1 shape: torch.Size([32, 6, 2, 140])
[2025-11-13 20:34:01,566][src.models.modules.semantic_id.tiger_generation_model][WARNING] - [rank: 0]   Hierarchy 2 shape: torch.Size([32, 6, 140])
[2025-11-13 20:34:01,567][src.models.modules.semantic_id.tiger_generation_model][WARNING] - [rank: 0]   Hierarchy 3 shape: torch.Size([32, 6, 140])
[2025-11-13 20:34:01,567][src.models.modules.semantic_id.tiger_generation_model][WARNING] - [rank: 0]   Hierarchy 4 shape: torch.Size([32, 6, 140])
[2025-11-13 20:34:01,567][src.models.modules.semantic_id.tiger_generation_model][WARNING] - [rank: 0]   Hierarchy 5 shape: torch.Size([32, 6, 140])
[2025-11-13 20:34:01,854][src.models.modules.semantic_id.tiger_generation_model][INFO] - [rank: 0] Saved decoder self-attention to ./attention_weights/decoder_self_attention_batch_120.pt
[2025-11-13 20:34:01,854][src.models.modules.semantic_id.tiger_generation_model][INFO] - [rank: 0] Saved encoder attention to ./attention_weights/encoder_attention_batch_120.pt
[2025-11-13 20:34:01,854][src.models.modules.semantic_id.tiger_generation_model][INFO] - [rank: 0] Saved cross attention to ./attention_weights/cross_attention_batch_120.pt
[2025-11-13 20:34:01,861][src.models.modules.semantic_id.tiger_generation_model][INFO] - [rank: 0] 当前batch的生成语义ID Embedding相似度矩阵:
[[ 1.0000000e+00 -1.2482751e-02  1.5739566e-02 -2.9423235e-02
  -3.0612256e-02 -6.2815607e-02]
 [-1.2482751e-02  1.0000000e+00  2.4433501e-02  1.0222939e-02
  -1.5599174e-02 -3.3585336e-03]
 [ 1.5739566e-02  2.4433501e-02  1.0000000e+00  9.5592043e-04
  -3.9336439e-03  3.0776195e-02]
 [-2.9423235e-02  1.0222939e-02  9.5592043e-04  9.9999994e-01
  -1.2551252e-02  2.0632472e-02]
 [-3.0612256e-02 -1.5599174e-02 -3.9336439e-03 -1.2551252e-02
   1.0000000e+00  2.7146500e-02]
 [-6.2815607e-02 -3.3585336e-03  3.0776195e-02  2.0632472e-02
   2.7146500e-02  1.0000004e+00]]
[2025-11-13 20:34:03,137][src.models.modules.semantic_id.tiger_generation_model][INFO] - [rank: 0] 当前batch的输入Item Hierarchy Embedding相似度矩阵:
[[ 1.0000000e+00 -4.9746237e-03 -1.9784486e-03  3.4862545e-03
  -8.7199425e-03 -1.7100614e-02]
 [-4.9746237e-03  1.0000000e+00  3.4922600e-04  6.2570563e-03
  -2.6413344e-03 -5.7301661e-03]
 [-1.9784486e-03  3.4922600e-04  1.0000000e+00 -8.3552450e-03
  -1.0453461e-03 -6.6921785e-03]
 [ 3.4862545e-03  6.2570563e-03 -8.3552450e-03  1.0000000e+00
  -1.3314385e-02  2.3826731e-02]
 [-8.7199425e-03 -2.6413344e-03 -1.0453461e-03 -1.3314385e-02
   1.0000000e+00  1.9841427e-02]
 [-1.7100614e-02 -5.7301661e-03 -6.6921785e-03  2.3826731e-02
   1.9841427e-02  1.0000005e+00]]
[2025-11-13 20:34:04,282][src.models.modules.semantic_id.tiger_generation_model][WARNING] - [rank: 0] Failed to stack cross attentions: stack expects each tensor to be equal size, but got [32, 6, 140] at entry 0 and [32, 6, 2, 140] at entry 1
[2025-11-13 20:34:04,283][src.models.modules.semantic_id.tiger_generation_model][WARNING] - [rank: 0]   Hierarchy 0 shape: torch.Size([32, 6, 140])
[2025-11-13 20:34:04,296][src.models.modules.semantic_id.tiger_generation_model][WARNING] - [rank: 0]   Hierarchy 1 shape: torch.Size([32, 6, 2, 140])
[2025-11-13 20:34:04,296][src.models.modules.semantic_id.tiger_generation_model][WARNING] - [rank: 0]   Hierarchy 2 shape: torch.Size([32, 6, 140])
[2025-11-13 20:34:04,296][src.models.modules.semantic_id.tiger_generation_model][WARNING] - [rank: 0]   Hierarchy 3 shape: torch.Size([32, 6, 140])
[2025-11-13 20:34:04,297][src.models.modules.semantic_id.tiger_generation_model][WARNING] - [rank: 0]   Hierarchy 4 shape: torch.Size([32, 6, 140])
[2025-11-13 20:34:04,297][src.models.modules.semantic_id.tiger_generation_model][WARNING] - [rank: 0]   Hierarchy 5 shape: torch.Size([32, 6, 140])
[2025-11-13 20:34:04,739][src.models.modules.semantic_id.tiger_generation_model][INFO] - [rank: 0] Saved decoder self-attention to ./attention_weights/decoder_self_attention_batch_121.pt
[2025-11-13 20:34:04,740][src.models.modules.semantic_id.tiger_generation_model][INFO] - [rank: 0] Saved encoder attention to ./attention_weights/encoder_attention_batch_121.pt
[2025-11-13 20:34:04,740][src.models.modules.semantic_id.tiger_generation_model][INFO] - [rank: 0] Saved cross attention to ./attention_weights/cross_attention_batch_121.pt
[2025-11-13 20:34:04,747][src.models.modules.semantic_id.tiger_generation_model][INFO] - [rank: 0] 当前batch的生成语义ID Embedding相似度矩阵:
[[ 1.0000000e+00 -1.2986352e-02 -8.9139235e-04 -6.3305631e-02
   7.0686769e-03 -1.8144513e-02]
 [-1.2986352e-02  1.0000000e+00 -2.1220192e-02 -4.8569031e-03
  -8.2953088e-03  4.8874225e-02]
 [-8.9139235e-04 -2.1220192e-02  9.9999988e-01  1.9452480e-03
   1.1429377e-02 -3.1922512e-02]
 [-6.3305631e-02 -4.8569031e-03  1.9452480e-03  1.0000000e+00
   3.8717099e-02  1.0651184e-02]
 [ 7.0686769e-03 -8.2953088e-03  1.1429377e-02  3.8717099e-02
   1.0000000e+00  1.9160457e-02]
 [-1.8144513e-02  4.8874225e-02 -3.1922512e-02  1.0651184e-02
   1.9160457e-02  1.0000004e+00]]
[2025-11-13 20:34:05,643][src.models.modules.semantic_id.tiger_generation_model][INFO] - [rank: 0] 当前batch的输入Item Hierarchy Embedding相似度矩阵:
[[ 1.0000000e+00  1.6535826e-02 -6.6026757e-03  1.0274891e-02
  -2.3402073e-03 -4.8871054e-03]
 [ 1.6535826e-02  1.0000000e+00  8.5023707e-03 -1.1726762e-02
  -1.0607047e-02 -2.6483901e-03]
 [-6.6026757e-03  8.5023707e-03  1.0000000e+00  1.0623166e-02
  -1.8680636e-02 -1.1620624e-02]
 [ 1.0274891e-02 -1.1726762e-02  1.0623166e-02  1.0000000e+00
   3.6481265e-02  6.3585176e-04]
 [-2.3402073e-03 -1.0607047e-02 -1.8680636e-02  3.6481265e-02
   1.0000000e+00  1.9075079e-02]
 [-4.8871054e-03 -2.6483901e-03 -1.1620624e-02  6.3585176e-04
   1.9075079e-02  1.0000001e+00]]
[2025-11-13 20:34:06,404][src.models.modules.semantic_id.tiger_generation_model][WARNING] - [rank: 0] Failed to stack cross attentions: stack expects each tensor to be equal size, but got [32, 6, 140] at entry 0 and [32, 6, 2, 140] at entry 1
[2025-11-13 20:34:06,405][src.models.modules.semantic_id.tiger_generation_model][WARNING] - [rank: 0]   Hierarchy 0 shape: torch.Size([32, 6, 140])
[2025-11-13 20:34:06,405][src.models.modules.semantic_id.tiger_generation_model][WARNING] - [rank: 0]   Hierarchy 1 shape: torch.Size([32, 6, 2, 140])
[2025-11-13 20:34:06,405][src.models.modules.semantic_id.tiger_generation_model][WARNING] - [rank: 0]   Hierarchy 2 shape: torch.Size([32, 6, 140])
[2025-11-13 20:34:06,405][src.models.modules.semantic_id.tiger_generation_model][WARNING] - [rank: 0]   Hierarchy 3 shape: torch.Size([32, 6, 140])
[2025-11-13 20:34:06,405][src.models.modules.semantic_id.tiger_generation_model][WARNING] - [rank: 0]   Hierarchy 4 shape: torch.Size([32, 6, 140])
[2025-11-13 20:34:06,406][src.models.modules.semantic_id.tiger_generation_model][WARNING] - [rank: 0]   Hierarchy 5 shape: torch.Size([32, 6, 140])
[2025-11-13 20:34:07,110][src.models.modules.semantic_id.tiger_generation_model][INFO] - [rank: 0] Saved decoder self-attention to ./attention_weights/decoder_self_attention_batch_122.pt
[2025-11-13 20:34:07,111][src.models.modules.semantic_id.tiger_generation_model][INFO] - [rank: 0] Saved encoder attention to ./attention_weights/encoder_attention_batch_122.pt
[2025-11-13 20:34:07,111][src.models.modules.semantic_id.tiger_generation_model][INFO] - [rank: 0] Saved cross attention to ./attention_weights/cross_attention_batch_122.pt
[2025-11-13 20:34:07,120][src.models.modules.semantic_id.tiger_generation_model][INFO] - [rank: 0] 当前batch的生成语义ID Embedding相似度矩阵:
[[ 1.          0.03292351 -0.00100817 -0.04101483 -0.02828833  0.01802086]
 [ 0.03292351  1.          0.01866088  0.00350788 -0.04539989 -0.00865596]
 [-0.00100817  0.01866088  1.         -0.01073822  0.02046072 -0.00202878]
 [-0.04101483  0.00350788 -0.01073822  1.         -0.0179089   0.02415723]
 [-0.02828833 -0.04539989  0.02046072 -0.0179089   1.0000002   0.02232379]
 [ 0.01802086 -0.00865596 -0.00202878  0.02415723  0.02232379  1.0000004 ]]
[2025-11-13 20:34:07,919][src.models.modules.semantic_id.tiger_generation_model][INFO] - [rank: 0] 当前batch的输入Item Hierarchy Embedding相似度矩阵:
[[ 1.00000000e+00 -1.03041809e-03 -1.10867135e-04 -1.53788337e-02
   8.22792237e-04  1.28354635e-02]
 [-1.03041809e-03  1.00000000e+00  6.54706918e-03 -1.02236830e-02
  -2.76203211e-02 -1.64730195e-02]
 [-1.10867135e-04  6.54706918e-03  1.00000000e+00  9.12862271e-03
  -1.38304778e-03 -3.32911592e-03]
 [-1.53788337e-02 -1.02236830e-02  9.12862271e-03  1.00000000e+00
  -2.09838804e-02  1.91599745e-02]
 [ 8.22792237e-04 -2.76203211e-02 -1.38304778e-03 -2.09838804e-02
   1.00000000e+00  3.11917765e-03]
 [ 1.28354635e-02 -1.64730195e-02 -3.32911592e-03  1.91599745e-02
   3.11917765e-03  1.00000012e+00]]
[2025-11-13 20:34:08,526][src.models.modules.semantic_id.tiger_generation_model][WARNING] - [rank: 0] Failed to stack cross attentions: stack expects each tensor to be equal size, but got [32, 6, 140] at entry 0 and [32, 6, 2, 140] at entry 1
[2025-11-13 20:34:08,527][src.models.modules.semantic_id.tiger_generation_model][WARNING] - [rank: 0]   Hierarchy 0 shape: torch.Size([32, 6, 140])
[2025-11-13 20:34:08,527][src.models.modules.semantic_id.tiger_generation_model][WARNING] - [rank: 0]   Hierarchy 1 shape: torch.Size([32, 6, 2, 140])
[2025-11-13 20:34:08,527][src.models.modules.semantic_id.tiger_generation_model][WARNING] - [rank: 0]   Hierarchy 2 shape: torch.Size([32, 6, 140])
[2025-11-13 20:34:08,528][src.models.modules.semantic_id.tiger_generation_model][WARNING] - [rank: 0]   Hierarchy 3 shape: torch.Size([32, 6, 140])
[2025-11-13 20:34:08,528][src.models.modules.semantic_id.tiger_generation_model][WARNING] - [rank: 0]   Hierarchy 4 shape: torch.Size([32, 6, 140])
[2025-11-13 20:34:08,529][src.models.modules.semantic_id.tiger_generation_model][WARNING] - [rank: 0]   Hierarchy 5 shape: torch.Size([32, 6, 140])
[2025-11-13 20:34:08,755][src.models.modules.semantic_id.tiger_generation_model][INFO] - [rank: 0] Saved decoder self-attention to ./attention_weights/decoder_self_attention_batch_123.pt
[2025-11-13 20:34:08,756][src.models.modules.semantic_id.tiger_generation_model][INFO] - [rank: 0] Saved encoder attention to ./attention_weights/encoder_attention_batch_123.pt
[2025-11-13 20:34:08,756][src.models.modules.semantic_id.tiger_generation_model][INFO] - [rank: 0] Saved cross attention to ./attention_weights/cross_attention_batch_123.pt
[2025-11-13 20:34:08,762][src.models.modules.semantic_id.tiger_generation_model][INFO] - [rank: 0] 当前batch的生成语义ID Embedding相似度矩阵:
[[ 1.          0.00350715  0.01248232  0.0320344  -0.0112256   0.011714  ]
 [ 0.00350715  1.         -0.00408164 -0.00754449 -0.02401651  0.01463686]
 [ 0.01248232 -0.00408164  1.         -0.01446533 -0.00373177  0.00295509]
 [ 0.0320344  -0.00754449 -0.01446533  1.         -0.02859088  0.0047016 ]
 [-0.0112256  -0.02401651 -0.00373177 -0.02859088  1.          0.02237838]
 [ 0.011714    0.01463686  0.00295509  0.0047016   0.02237838  1.0000004 ]]
[2025-11-13 20:34:09,687][src.models.modules.semantic_id.tiger_generation_model][INFO] - [rank: 0] 当前batch的输入Item Hierarchy Embedding相似度矩阵:
[[ 1.         -0.00816487 -0.00260287  0.0031814  -0.0064755   0.00894049]
 [-0.00816487  1.         -0.00742278  0.00136354 -0.00482464 -0.01251432]
 [-0.00260287 -0.00742278  1.          0.00282966 -0.00328369  0.00250457]
 [ 0.0031814   0.00136354  0.00282966  1.         -0.00547466  0.009039  ]
 [-0.0064755  -0.00482464 -0.00328369 -0.00547466  1.          0.00817206]
 [ 0.00894049 -0.01251432  0.00250457  0.009039    0.00817206  1.0000001 ]]
[2025-11-13 20:34:10,775][src.models.modules.semantic_id.tiger_generation_model][WARNING] - [rank: 0] Failed to stack cross attentions: stack expects each tensor to be equal size, but got [32, 6, 140] at entry 0 and [32, 6, 2, 140] at entry 1
[2025-11-13 20:34:10,775][src.models.modules.semantic_id.tiger_generation_model][WARNING] - [rank: 0]   Hierarchy 0 shape: torch.Size([32, 6, 140])
[2025-11-13 20:34:10,775][src.models.modules.semantic_id.tiger_generation_model][WARNING] - [rank: 0]   Hierarchy 1 shape: torch.Size([32, 6, 2, 140])
[2025-11-13 20:34:10,776][src.models.modules.semantic_id.tiger_generation_model][WARNING] - [rank: 0]   Hierarchy 2 shape: torch.Size([32, 6, 140])
[2025-11-13 20:34:10,776][src.models.modules.semantic_id.tiger_generation_model][WARNING] - [rank: 0]   Hierarchy 3 shape: torch.Size([32, 6, 140])
[2025-11-13 20:34:10,776][src.models.modules.semantic_id.tiger_generation_model][WARNING] - [rank: 0]   Hierarchy 4 shape: torch.Size([32, 6, 140])
[2025-11-13 20:34:10,776][src.models.modules.semantic_id.tiger_generation_model][WARNING] - [rank: 0]   Hierarchy 5 shape: torch.Size([32, 6, 140])
[2025-11-13 20:34:11,018][src.models.modules.semantic_id.tiger_generation_model][INFO] - [rank: 0] Saved decoder self-attention to ./attention_weights/decoder_self_attention_batch_124.pt
[2025-11-13 20:34:11,019][src.models.modules.semantic_id.tiger_generation_model][INFO] - [rank: 0] Saved encoder attention to ./attention_weights/encoder_attention_batch_124.pt
[2025-11-13 20:34:11,019][src.models.modules.semantic_id.tiger_generation_model][INFO] - [rank: 0] Saved cross attention to ./attention_weights/cross_attention_batch_124.pt
[2025-11-13 20:34:11,026][src.models.modules.semantic_id.tiger_generation_model][INFO] - [rank: 0] 当前batch的生成语义ID Embedding相似度矩阵:
[[ 1.0000000e+00 -4.4192322e-02  1.6007116e-02 -2.7322538e-02
  -1.2022538e-02 -2.6951751e-02]
 [-4.4192322e-02  9.9999994e-01  2.9808654e-02  1.0094919e-02
  -1.0070436e-02  2.7210880e-02]
 [ 1.6007116e-02  2.9808654e-02  1.0000000e+00 -5.2629160e-03
  -3.5785022e-04  1.6465661e-03]
 [-2.7322538e-02  1.0094919e-02 -5.2629160e-03  1.0000000e+00
   1.9115632e-03  2.6861878e-02]
 [-1.2022538e-02 -1.0070436e-02 -3.5785022e-04  1.9115632e-03
   1.0000000e+00  6.0262675e-03]
 [-2.6951751e-02  2.7210880e-02  1.6465661e-03  2.6861878e-02
   6.0262675e-03  1.0000004e+00]]
[2025-11-13 20:34:12,356][src.models.modules.semantic_id.tiger_generation_model][INFO] - [rank: 0] 当前batch的输入Item Hierarchy Embedding相似度矩阵:
[[ 0.99999994  0.0094947  -0.0080974   0.00180884  0.00338566 -0.01476025]
 [ 0.0094947   0.99999994  0.0205568   0.01113882 -0.00627201  0.00536589]
 [-0.0080974   0.0205568   0.99999994 -0.00651499  0.01204894  0.01060499]
 [ 0.00180884  0.01113882 -0.00651499  0.99999994 -0.01381378  0.01436956]
 [ 0.00338566 -0.00627201  0.01204894 -0.01381378  0.99999994  0.01500489]
 [-0.01476025  0.00536589  0.01060499  0.01436956  0.01500489  1.        ]]
[2025-11-13 20:34:13,023][src.models.modules.semantic_id.tiger_generation_model][WARNING] - [rank: 0] Failed to stack cross attentions: stack expects each tensor to be equal size, but got [32, 6, 140] at entry 0 and [32, 6, 2, 140] at entry 1
[2025-11-13 20:34:13,024][src.models.modules.semantic_id.tiger_generation_model][WARNING] - [rank: 0]   Hierarchy 0 shape: torch.Size([32, 6, 140])
[2025-11-13 20:34:13,024][src.models.modules.semantic_id.tiger_generation_model][WARNING] - [rank: 0]   Hierarchy 1 shape: torch.Size([32, 6, 2, 140])
[2025-11-13 20:34:13,025][src.models.modules.semantic_id.tiger_generation_model][WARNING] - [rank: 0]   Hierarchy 2 shape: torch.Size([32, 6, 140])
[2025-11-13 20:34:13,025][src.models.modules.semantic_id.tiger_generation_model][WARNING] - [rank: 0]   Hierarchy 3 shape: torch.Size([32, 6, 140])
[2025-11-13 20:34:13,025][src.models.modules.semantic_id.tiger_generation_model][WARNING] - [rank: 0]   Hierarchy 4 shape: torch.Size([32, 6, 140])
[2025-11-13 20:34:13,026][src.models.modules.semantic_id.tiger_generation_model][WARNING] - [rank: 0]   Hierarchy 5 shape: torch.Size([32, 6, 140])
[2025-11-13 20:34:13,260][src.models.modules.semantic_id.tiger_generation_model][INFO] - [rank: 0] Saved decoder self-attention to ./attention_weights/decoder_self_attention_batch_125.pt
[2025-11-13 20:34:13,261][src.models.modules.semantic_id.tiger_generation_model][INFO] - [rank: 0] Saved encoder attention to ./attention_weights/encoder_attention_batch_125.pt
[2025-11-13 20:34:13,261][src.models.modules.semantic_id.tiger_generation_model][INFO] - [rank: 0] Saved cross attention to ./attention_weights/cross_attention_batch_125.pt
[2025-11-13 20:34:13,268][src.models.modules.semantic_id.tiger_generation_model][INFO] - [rank: 0] 当前batch的生成语义ID Embedding相似度矩阵:
[[ 1.0000000e+00 -2.3234277e-03  4.3432964e-03 -2.4527173e-02
  -9.8194927e-04  8.2251488e-04]
 [-2.3234277e-03  1.0000000e+00 -1.9602863e-02  8.6976076e-03
  -2.1356033e-02 -7.2983555e-03]
 [ 4.3432964e-03 -1.9602863e-02  1.0000000e+00 -5.1765614e-03
  -5.1763174e-03 -1.3703201e-04]
 [-2.4527173e-02  8.6976076e-03 -5.1765614e-03  1.0000000e+00
  -2.2960966e-02  3.3024286e-03]
 [-9.8194927e-04 -2.1356033e-02 -5.1763174e-03 -2.2960966e-02
   1.0000000e+00  2.8858956e-02]
 [ 8.2251488e-04 -7.2983555e-03 -1.3703201e-04  3.3024286e-03
   2.8858956e-02  1.0000004e+00]]
[2025-11-13 20:34:14,462][src.models.modules.semantic_id.tiger_generation_model][INFO] - [rank: 0] 当前batch的输入Item Hierarchy Embedding相似度矩阵:
[[ 1.0000000e+00 -5.0564292e-03  7.6875539e-04  6.6324254e-03
  -8.1468066e-03  8.7584089e-03]
 [-5.0564292e-03  1.0000000e+00  9.0862848e-03 -1.0889672e-03
   2.1820385e-03 -7.0739607e-03]
 [ 7.6875539e-04  9.0862848e-03  1.0000000e+00  1.2698198e-02
  -1.6788565e-02 -8.2182735e-03]
 [ 6.6324254e-03 -1.0889672e-03  1.2698198e-02  1.0000000e+00
  -7.7522891e-03 -7.5276736e-03]
 [-8.1468066e-03  2.1820385e-03 -1.6788565e-02 -7.7522891e-03
   1.0000000e+00  1.3023466e-02]
 [ 8.7584089e-03 -7.0739607e-03 -8.2182735e-03 -7.5276736e-03
   1.3023466e-02  1.0000004e+00]]
[2025-11-13 20:34:15,336][src.models.modules.semantic_id.tiger_generation_model][WARNING] - [rank: 0] Failed to stack cross attentions: stack expects each tensor to be equal size, but got [32, 6, 140] at entry 0 and [32, 6, 2, 140] at entry 1
[2025-11-13 20:34:15,337][src.models.modules.semantic_id.tiger_generation_model][WARNING] - [rank: 0]   Hierarchy 0 shape: torch.Size([32, 6, 140])
[2025-11-13 20:34:15,337][src.models.modules.semantic_id.tiger_generation_model][WARNING] - [rank: 0]   Hierarchy 1 shape: torch.Size([32, 6, 2, 140])
[2025-11-13 20:34:15,338][src.models.modules.semantic_id.tiger_generation_model][WARNING] - [rank: 0]   Hierarchy 2 shape: torch.Size([32, 6, 140])
[2025-11-13 20:34:15,338][src.models.modules.semantic_id.tiger_generation_model][WARNING] - [rank: 0]   Hierarchy 3 shape: torch.Size([32, 6, 140])
[2025-11-13 20:34:15,338][src.models.modules.semantic_id.tiger_generation_model][WARNING] - [rank: 0]   Hierarchy 4 shape: torch.Size([32, 6, 140])
[2025-11-13 20:34:15,338][src.models.modules.semantic_id.tiger_generation_model][WARNING] - [rank: 0]   Hierarchy 5 shape: torch.Size([32, 6, 140])
[2025-11-13 20:34:15,851][src.models.modules.semantic_id.tiger_generation_model][INFO] - [rank: 0] Saved decoder self-attention to ./attention_weights/decoder_self_attention_batch_126.pt
[2025-11-13 20:34:15,851][src.models.modules.semantic_id.tiger_generation_model][INFO] - [rank: 0] Saved encoder attention to ./attention_weights/encoder_attention_batch_126.pt
[2025-11-13 20:34:15,851][src.models.modules.semantic_id.tiger_generation_model][INFO] - [rank: 0] Saved cross attention to ./attention_weights/cross_attention_batch_126.pt
[2025-11-13 20:34:15,858][src.models.modules.semantic_id.tiger_generation_model][INFO] - [rank: 0] 当前batch的生成语义ID Embedding相似度矩阵:
[[ 1.         -0.05109605  0.02517935 -0.02270205 -0.0145127  -0.02290558]
 [-0.05109605  1.          0.01088863 -0.00689931 -0.01623636  0.00463173]
 [ 0.02517935  0.01088863  1.         -0.04195429 -0.00583201 -0.00593936]
 [-0.02270205 -0.00689931 -0.04195429  1.         -0.01834458  0.02424468]
 [-0.0145127  -0.01623636 -0.00583201 -0.01834458  1.          0.00789644]
 [-0.02290558  0.00463173 -0.00593936  0.02424468  0.00789644  1.0000004 ]]
[2025-11-13 20:34:17,617][src.models.modules.semantic_id.tiger_generation_model][INFO] - [rank: 0] 当前batch的输入Item Hierarchy Embedding相似度矩阵:
[[ 1.0000000e+00  3.7304834e-03 -1.3790901e-02  6.0977796e-03
  -9.1383327e-03 -2.0187061e-02]
 [ 3.7304834e-03  1.0000000e+00  3.5739567e-03  7.5784600e-03
  -3.8602434e-03 -3.7116371e-04]
 [-1.3790901e-02  3.5739567e-03  1.0000000e+00  1.4404766e-03
  -1.3831086e-02 -8.4721977e-03]
 [ 6.0977796e-03  7.5784600e-03  1.4404766e-03  1.0000000e+00
  -9.3441326e-03  7.4149463e-03]
 [-9.1383327e-03 -3.8602434e-03 -1.3831086e-02 -9.3441326e-03
   1.0000000e+00  6.2223822e-03]
 [-2.0187061e-02 -3.7116371e-04 -8.4721977e-03  7.4149463e-03
   6.2223822e-03  1.0000001e+00]]
[2025-11-13 20:34:18,455][src.models.modules.semantic_id.tiger_generation_model][WARNING] - [rank: 0] Failed to stack cross attentions: stack expects each tensor to be equal size, but got [32, 6, 140] at entry 0 and [32, 6, 2, 140] at entry 1
[2025-11-13 20:34:18,456][src.models.modules.semantic_id.tiger_generation_model][WARNING] - [rank: 0]   Hierarchy 0 shape: torch.Size([32, 6, 140])
[2025-11-13 20:34:18,456][src.models.modules.semantic_id.tiger_generation_model][WARNING] - [rank: 0]   Hierarchy 1 shape: torch.Size([32, 6, 2, 140])
[2025-11-13 20:34:18,456][src.models.modules.semantic_id.tiger_generation_model][WARNING] - [rank: 0]   Hierarchy 2 shape: torch.Size([32, 6, 140])
[2025-11-13 20:34:18,456][src.models.modules.semantic_id.tiger_generation_model][WARNING] - [rank: 0]   Hierarchy 3 shape: torch.Size([32, 6, 140])
[2025-11-13 20:34:18,457][src.models.modules.semantic_id.tiger_generation_model][WARNING] - [rank: 0]   Hierarchy 4 shape: torch.Size([32, 6, 140])
[2025-11-13 20:34:18,457][src.models.modules.semantic_id.tiger_generation_model][WARNING] - [rank: 0]   Hierarchy 5 shape: torch.Size([32, 6, 140])
[2025-11-13 20:34:18,954][src.models.modules.semantic_id.tiger_generation_model][INFO] - [rank: 0] Saved decoder self-attention to ./attention_weights/decoder_self_attention_batch_127.pt
[2025-11-13 20:34:18,955][src.models.modules.semantic_id.tiger_generation_model][INFO] - [rank: 0] Saved encoder attention to ./attention_weights/encoder_attention_batch_127.pt
[2025-11-13 20:34:18,955][src.models.modules.semantic_id.tiger_generation_model][INFO] - [rank: 0] Saved cross attention to ./attention_weights/cross_attention_batch_127.pt
[2025-11-13 20:34:18,961][src.models.modules.semantic_id.tiger_generation_model][INFO] - [rank: 0] 当前batch的生成语义ID Embedding相似度矩阵:
[[ 1.         -0.03475297 -0.01837569  0.01610926  0.02415083 -0.01858908]
 [-0.03475297  1.         -0.0065135   0.01280509 -0.01592271  0.01657359]
 [-0.01837569 -0.0065135   1.         -0.00948163  0.00142169 -0.02687986]
 [ 0.01610926  0.01280509 -0.00948163  1.         -0.01106597  0.00340404]
 [ 0.02415083 -0.01592271  0.00142169 -0.01106597  1.          0.02945315]
 [-0.01858908  0.01657359 -0.02687986  0.00340404  0.02945315  1.0000004 ]]
[2025-11-13 20:34:19,977][src.models.modules.semantic_id.tiger_generation_model][INFO] - [rank: 0] 当前batch的输入Item Hierarchy Embedding相似度矩阵:
[[ 9.99999940e-01  5.79495623e-04  7.40395393e-03 -1.13090044e-02
   4.86996165e-03  1.90458563e-03]
 [ 5.79495623e-04  9.99999940e-01 -1.48561206e-02  1.15630375e-02
  -5.43451170e-03 -1.07217850e-02]
 [ 7.40395393e-03 -1.48561206e-02  9.99999940e-01 -2.25622160e-03
   8.80903564e-03 -3.26206768e-03]
 [-1.13090044e-02  1.15630375e-02 -2.25622160e-03  9.99999940e-01
  -7.11791124e-03  6.04729168e-03]
 [ 4.86996165e-03 -5.43451170e-03  8.80903564e-03 -7.11791124e-03
   9.99999940e-01  2.56082322e-02]
 [ 1.90458563e-03 -1.07217850e-02 -3.26206768e-03  6.04729168e-03
   2.56082322e-02  1.00000000e+00]]
[2025-11-13 20:34:20,629][src.models.modules.semantic_id.tiger_generation_model][WARNING] - [rank: 0] Failed to stack cross attentions: stack expects each tensor to be equal size, but got [32, 6, 140] at entry 0 and [32, 6, 2, 140] at entry 1
[2025-11-13 20:34:20,630][src.models.modules.semantic_id.tiger_generation_model][WARNING] - [rank: 0]   Hierarchy 0 shape: torch.Size([32, 6, 140])
[2025-11-13 20:34:20,630][src.models.modules.semantic_id.tiger_generation_model][WARNING] - [rank: 0]   Hierarchy 1 shape: torch.Size([32, 6, 2, 140])
[2025-11-13 20:34:20,630][src.models.modules.semantic_id.tiger_generation_model][WARNING] - [rank: 0]   Hierarchy 2 shape: torch.Size([32, 6, 140])
[2025-11-13 20:34:20,630][src.models.modules.semantic_id.tiger_generation_model][WARNING] - [rank: 0]   Hierarchy 3 shape: torch.Size([32, 6, 140])
[2025-11-13 20:34:20,630][src.models.modules.semantic_id.tiger_generation_model][WARNING] - [rank: 0]   Hierarchy 4 shape: torch.Size([32, 6, 140])
[2025-11-13 20:34:20,630][src.models.modules.semantic_id.tiger_generation_model][WARNING] - [rank: 0]   Hierarchy 5 shape: torch.Size([32, 6, 140])
[2025-11-13 20:34:20,851][src.models.modules.semantic_id.tiger_generation_model][INFO] - [rank: 0] Saved decoder self-attention to ./attention_weights/decoder_self_attention_batch_128.pt
[2025-11-13 20:34:20,852][src.models.modules.semantic_id.tiger_generation_model][INFO] - [rank: 0] Saved encoder attention to ./attention_weights/encoder_attention_batch_128.pt
[2025-11-13 20:34:20,852][src.models.modules.semantic_id.tiger_generation_model][INFO] - [rank: 0] Saved cross attention to ./attention_weights/cross_attention_batch_128.pt
[2025-11-13 20:34:20,858][src.models.modules.semantic_id.tiger_generation_model][INFO] - [rank: 0] 当前batch的生成语义ID Embedding相似度矩阵:
[[ 1.          0.03202475 -0.00254625 -0.01038902 -0.01108038 -0.00327861]
 [ 0.03202475  1.         -0.01173025  0.01785492 -0.04920501 -0.02062912]
 [-0.00254625 -0.01173025  1.          0.00397231  0.00751709 -0.0156382 ]
 [-0.01038902  0.01785492  0.00397231  1.         -0.00244765  0.03070098]
 [-0.01108038 -0.04920501  0.00751709 -0.00244765  1.          0.01116915]
 [-0.00327861 -0.02062912 -0.0156382   0.03070098  0.01116915  1.0000004 ]]
[2025-11-13 20:34:22,473][src.models.modules.semantic_id.tiger_generation_model][INFO] - [rank: 0] 当前batch的输入Item Hierarchy Embedding相似度矩阵:
[[ 0.99999994 -0.00458189  0.00908781  0.00267782 -0.00345265 -0.00926233]
 [-0.00458189  0.99999994 -0.00558545  0.01249952  0.00632872 -0.01717287]
 [ 0.00908781 -0.00558545  0.99999994 -0.0067821   0.01266986 -0.01039609]
 [ 0.00267782  0.01249952 -0.0067821   0.99999994 -0.00337376  0.01357755]
 [-0.00345265  0.00632872  0.01266986 -0.00337376  0.99999994  0.01169296]
 [-0.00926233 -0.01717287 -0.01039609  0.01357755  0.01169296  1.        ]]
[2025-11-13 20:34:23,130][src.models.modules.semantic_id.tiger_generation_model][WARNING] - [rank: 0] Failed to stack cross attentions: stack expects each tensor to be equal size, but got [32, 6, 140] at entry 0 and [32, 6, 2, 140] at entry 1
[2025-11-13 20:34:23,131][src.models.modules.semantic_id.tiger_generation_model][WARNING] - [rank: 0]   Hierarchy 0 shape: torch.Size([32, 6, 140])
[2025-11-13 20:34:23,131][src.models.modules.semantic_id.tiger_generation_model][WARNING] - [rank: 0]   Hierarchy 1 shape: torch.Size([32, 6, 2, 140])
[2025-11-13 20:34:23,131][src.models.modules.semantic_id.tiger_generation_model][WARNING] - [rank: 0]   Hierarchy 2 shape: torch.Size([32, 6, 140])
[2025-11-13 20:34:23,131][src.models.modules.semantic_id.tiger_generation_model][WARNING] - [rank: 0]   Hierarchy 3 shape: torch.Size([32, 6, 140])
[2025-11-13 20:34:23,131][src.models.modules.semantic_id.tiger_generation_model][WARNING] - [rank: 0]   Hierarchy 4 shape: torch.Size([32, 6, 140])
[2025-11-13 20:34:23,132][src.models.modules.semantic_id.tiger_generation_model][WARNING] - [rank: 0]   Hierarchy 5 shape: torch.Size([32, 6, 140])
[2025-11-13 20:34:23,398][src.models.modules.semantic_id.tiger_generation_model][INFO] - [rank: 0] Saved decoder self-attention to ./attention_weights/decoder_self_attention_batch_129.pt
[2025-11-13 20:34:23,398][src.models.modules.semantic_id.tiger_generation_model][INFO] - [rank: 0] Saved encoder attention to ./attention_weights/encoder_attention_batch_129.pt
[2025-11-13 20:34:23,399][src.models.modules.semantic_id.tiger_generation_model][INFO] - [rank: 0] Saved cross attention to ./attention_weights/cross_attention_batch_129.pt
[2025-11-13 20:34:23,408][src.models.modules.semantic_id.tiger_generation_model][INFO] - [rank: 0] 当前batch的生成语义ID Embedding相似度矩阵:
[[ 0.99999994  0.01962877 -0.06172811 -0.03471951 -0.00839709 -0.01169679]
 [ 0.01962877  1.         -0.02423812  0.01467444 -0.02582831 -0.0383827 ]
 [-0.06172811 -0.02423812  1.          0.00525201  0.00449543 -0.03547859]
 [-0.03471951  0.01467444  0.00525201  0.99999994  0.00515912  0.01902613]
 [-0.00839709 -0.02582831  0.00449543  0.00515912  1.          0.04788022]
 [-0.01169679 -0.0383827  -0.03547859  0.01902613  0.04788022  1.0000004 ]]
[2025-11-13 20:34:24,778][src.models.modules.semantic_id.tiger_generation_model][INFO] - [rank: 0] 当前batch的输入Item Hierarchy Embedding相似度矩阵:
[[ 1.         -0.02401129 -0.03647228 -0.01315757  0.00665026  0.00142552]
 [-0.02401129  1.          0.01957785  0.02079882  0.00236172  0.00207578]
 [-0.03647228  0.01957785  1.         -0.00192802 -0.00501169 -0.01228085]
 [-0.01315757  0.02079882 -0.00192802  1.         -0.01814054  0.02706743]
 [ 0.00665026  0.00236172 -0.00501169 -0.01814054  1.          0.00842968]
 [ 0.00142552  0.00207578 -0.01228085  0.02706743  0.00842968  1.0000005 ]]
[2025-11-13 20:34:25,600][src.models.modules.semantic_id.tiger_generation_model][WARNING] - [rank: 0] Failed to stack cross attentions: stack expects each tensor to be equal size, but got [32, 6, 140] at entry 0 and [32, 6, 2, 140] at entry 1
[2025-11-13 20:34:25,600][src.models.modules.semantic_id.tiger_generation_model][WARNING] - [rank: 0]   Hierarchy 0 shape: torch.Size([32, 6, 140])
[2025-11-13 20:34:25,601][src.models.modules.semantic_id.tiger_generation_model][WARNING] - [rank: 0]   Hierarchy 1 shape: torch.Size([32, 6, 2, 140])
[2025-11-13 20:34:25,601][src.models.modules.semantic_id.tiger_generation_model][WARNING] - [rank: 0]   Hierarchy 2 shape: torch.Size([32, 6, 140])
[2025-11-13 20:34:25,601][src.models.modules.semantic_id.tiger_generation_model][WARNING] - [rank: 0]   Hierarchy 3 shape: torch.Size([32, 6, 140])
[2025-11-13 20:34:25,601][src.models.modules.semantic_id.tiger_generation_model][WARNING] - [rank: 0]   Hierarchy 4 shape: torch.Size([32, 6, 140])
[2025-11-13 20:34:25,601][src.models.modules.semantic_id.tiger_generation_model][WARNING] - [rank: 0]   Hierarchy 5 shape: torch.Size([32, 6, 140])
[2025-11-13 20:34:25,970][src.models.modules.semantic_id.tiger_generation_model][INFO] - [rank: 0] Saved decoder self-attention to ./attention_weights/decoder_self_attention_batch_130.pt
[2025-11-13 20:34:25,971][src.models.modules.semantic_id.tiger_generation_model][INFO] - [rank: 0] Saved encoder attention to ./attention_weights/encoder_attention_batch_130.pt
[2025-11-13 20:34:25,971][src.models.modules.semantic_id.tiger_generation_model][INFO] - [rank: 0] Saved cross attention to ./attention_weights/cross_attention_batch_130.pt
[2025-11-13 20:34:25,979][src.models.modules.semantic_id.tiger_generation_model][INFO] - [rank: 0] 当前batch的生成语义ID Embedding相似度矩阵:
[[ 1.         -0.0574211   0.03413983  0.00270867 -0.03218207 -0.01344439]
 [-0.0574211   1.         -0.01121313  0.00992546  0.00915002  0.04565824]
 [ 0.03413983 -0.01121313  0.9999999  -0.04499442  0.02731803 -0.04792221]
 [ 0.00270867  0.00992546 -0.04499442  1.         -0.062974    0.02639517]
 [-0.03218207  0.00915002  0.02731803 -0.062974    1.         -0.04067732]
 [-0.01344439  0.04565824 -0.04792221  0.02639517 -0.04067732  1.0000004 ]]
[2025-11-13 20:34:27,122][src.models.modules.semantic_id.tiger_generation_model][INFO] - [rank: 0] 当前batch的输入Item Hierarchy Embedding相似度矩阵:
[[ 1.0000000e+00  4.0253825e-03  1.8298220e-02 -1.3285344e-02
  -1.2375862e-02  5.5147177e-03]
 [ 4.0253825e-03  1.0000000e+00 -6.8646008e-03  7.9936357e-03
   7.4059456e-03 -2.0624010e-03]
 [ 1.8298220e-02 -6.8646008e-03  1.0000000e+00  1.9385923e-04
   3.5711802e-03 -2.2850784e-02]
 [-1.3285344e-02  7.9936357e-03  1.9385923e-04  1.0000000e+00
  -8.7346258e-03 -1.2337469e-02]
 [-1.2375862e-02  7.4059456e-03  3.5711802e-03 -8.7346258e-03
   1.0000000e+00  3.1836596e-03]
 [ 5.5147177e-03 -2.0624010e-03 -2.2850784e-02 -1.2337469e-02
   3.1836596e-03  1.0000001e+00]]
[2025-11-13 20:34:28,133][src.models.modules.semantic_id.tiger_generation_model][WARNING] - [rank: 0] Failed to stack cross attentions: stack expects each tensor to be equal size, but got [32, 6, 140] at entry 0 and [32, 6, 2, 140] at entry 1
[2025-11-13 20:34:28,133][src.models.modules.semantic_id.tiger_generation_model][WARNING] - [rank: 0]   Hierarchy 0 shape: torch.Size([32, 6, 140])
[2025-11-13 20:34:28,134][src.models.modules.semantic_id.tiger_generation_model][WARNING] - [rank: 0]   Hierarchy 1 shape: torch.Size([32, 6, 2, 140])
[2025-11-13 20:34:28,134][src.models.modules.semantic_id.tiger_generation_model][WARNING] - [rank: 0]   Hierarchy 2 shape: torch.Size([32, 6, 140])
[2025-11-13 20:34:28,134][src.models.modules.semantic_id.tiger_generation_model][WARNING] - [rank: 0]   Hierarchy 3 shape: torch.Size([32, 6, 140])
[2025-11-13 20:34:28,134][src.models.modules.semantic_id.tiger_generation_model][WARNING] - [rank: 0]   Hierarchy 4 shape: torch.Size([32, 6, 140])
[2025-11-13 20:34:28,134][src.models.modules.semantic_id.tiger_generation_model][WARNING] - [rank: 0]   Hierarchy 5 shape: torch.Size([32, 6, 140])
[2025-11-13 20:34:28,366][src.models.modules.semantic_id.tiger_generation_model][INFO] - [rank: 0] Saved decoder self-attention to ./attention_weights/decoder_self_attention_batch_131.pt
[2025-11-13 20:34:28,383][src.models.modules.semantic_id.tiger_generation_model][INFO] - [rank: 0] Saved encoder attention to ./attention_weights/encoder_attention_batch_131.pt
[2025-11-13 20:34:28,383][src.models.modules.semantic_id.tiger_generation_model][INFO] - [rank: 0] Saved cross attention to ./attention_weights/cross_attention_batch_131.pt
[2025-11-13 20:34:28,391][src.models.modules.semantic_id.tiger_generation_model][INFO] - [rank: 0] 当前batch的生成语义ID Embedding相似度矩阵:
[[ 1.         -0.01256041  0.04230329  0.01894213 -0.00662198  0.01390518]
 [-0.01256041  0.9999999  -0.03219589 -0.02069148 -0.0216509  -0.02022839]
 [ 0.04230329 -0.03219589  1.         -0.0075709   0.00862888  0.03113093]
 [ 0.01894213 -0.02069148 -0.0075709   1.         -0.01955977  0.01188668]
 [-0.00662198 -0.0216509   0.00862888 -0.01955977  1.          0.02260472]
 [ 0.01390518 -0.02022839  0.03113093  0.01188668  0.02260472  1.0000004 ]]
[2025-11-13 20:34:29,729][src.models.modules.semantic_id.tiger_generation_model][INFO] - [rank: 0] 当前batch的输入Item Hierarchy Embedding相似度矩阵:
[[ 1.0000000e+00 -9.4545446e-03 -1.1083645e-02  6.7654502e-04
  -4.9990979e-03  3.4745950e-03]
 [-9.4545446e-03  1.0000000e+00 -8.9730992e-04 -1.0543346e-02
  -1.9145868e-03 -1.1008826e-02]
 [-1.1083645e-02 -8.9730992e-04  1.0000000e+00 -2.8689380e-03
  -2.9161416e-03 -5.2451761e-04]
 [ 6.7654502e-04 -1.0543346e-02 -2.8689380e-03  1.0000000e+00
  -3.4620317e-03 -4.8634503e-03]
 [-4.9990979e-03 -1.9145868e-03 -2.9161416e-03 -3.4620317e-03
   1.0000000e+00  9.2585022e-03]
 [ 3.4745950e-03 -1.1008826e-02 -5.2451761e-04 -4.8634503e-03
   9.2585022e-03  1.0000005e+00]]
[2025-11-13 20:34:30,518][src.models.modules.semantic_id.tiger_generation_model][WARNING] - [rank: 0] Failed to stack cross attentions: stack expects each tensor to be equal size, but got [32, 6, 140] at entry 0 and [32, 6, 2, 140] at entry 1
[2025-11-13 20:34:30,519][src.models.modules.semantic_id.tiger_generation_model][WARNING] - [rank: 0]   Hierarchy 0 shape: torch.Size([32, 6, 140])
[2025-11-13 20:34:30,519][src.models.modules.semantic_id.tiger_generation_model][WARNING] - [rank: 0]   Hierarchy 1 shape: torch.Size([32, 6, 2, 140])
[2025-11-13 20:34:30,520][src.models.modules.semantic_id.tiger_generation_model][WARNING] - [rank: 0]   Hierarchy 2 shape: torch.Size([32, 6, 140])
[2025-11-13 20:34:30,520][src.models.modules.semantic_id.tiger_generation_model][WARNING] - [rank: 0]   Hierarchy 3 shape: torch.Size([32, 6, 140])
[2025-11-13 20:34:30,520][src.models.modules.semantic_id.tiger_generation_model][WARNING] - [rank: 0]   Hierarchy 4 shape: torch.Size([32, 6, 140])
[2025-11-13 20:34:30,521][src.models.modules.semantic_id.tiger_generation_model][WARNING] - [rank: 0]   Hierarchy 5 shape: torch.Size([32, 6, 140])
[2025-11-13 20:34:30,705][src.models.modules.semantic_id.tiger_generation_model][INFO] - [rank: 0] Saved decoder self-attention to ./attention_weights/decoder_self_attention_batch_132.pt
[2025-11-13 20:34:30,706][src.models.modules.semantic_id.tiger_generation_model][INFO] - [rank: 0] Saved encoder attention to ./attention_weights/encoder_attention_batch_132.pt
[2025-11-13 20:34:30,706][src.models.modules.semantic_id.tiger_generation_model][INFO] - [rank: 0] Saved cross attention to ./attention_weights/cross_attention_batch_132.pt
[2025-11-13 20:34:30,716][src.models.modules.semantic_id.tiger_generation_model][INFO] - [rank: 0] 当前batch的生成语义ID Embedding相似度矩阵:
[[ 0.9999999   0.02369747  0.01190319 -0.03350114  0.00594222 -0.02541441]
 [ 0.02369747  1.          0.00707104 -0.00472928 -0.02502134 -0.01166952]
 [ 0.01190319  0.00707104  1.          0.01306571  0.01476124 -0.00648497]
 [-0.03350114 -0.00472928  0.01306571  1.          0.00125008  0.02336442]
 [ 0.00594222 -0.02502134  0.01476124  0.00125008  1.          0.01803576]
 [-0.02541441 -0.01166952 -0.00648497  0.02336442  0.01803576  1.0000004 ]]
[2025-11-13 20:34:32,417][src.models.modules.semantic_id.tiger_generation_model][INFO] - [rank: 0] 当前batch的输入Item Hierarchy Embedding相似度矩阵:
[[ 9.9999994e-01 -1.4338874e-04 -1.3568024e-02  1.3749587e-02
  -4.7299447e-03 -7.1747815e-03]
 [-1.4338874e-04  9.9999994e-01  3.0351987e-03  4.2029915e-04
   1.8251968e-03 -1.3990103e-02]
 [-1.3568024e-02  3.0351987e-03  9.9999994e-01  9.8920017e-03
  -1.1394503e-02  5.7483185e-03]
 [ 1.3749587e-02  4.2029915e-04  9.8920017e-03  9.9999994e-01
  -1.0653715e-02  6.9145127e-03]
 [-4.7299447e-03  1.8251968e-03 -1.1394503e-02 -1.0653715e-02
   9.9999994e-01 -5.8094005e-04]
 [-7.1747815e-03 -1.3990103e-02  5.7483185e-03  6.9145127e-03
  -5.8094005e-04  1.0000000e+00]]
[2025-11-13 20:34:33,134][src.models.modules.semantic_id.tiger_generation_model][WARNING] - [rank: 0] Failed to stack cross attentions: stack expects each tensor to be equal size, but got [32, 6, 140] at entry 0 and [32, 6, 2, 140] at entry 1
[2025-11-13 20:34:33,135][src.models.modules.semantic_id.tiger_generation_model][WARNING] - [rank: 0]   Hierarchy 0 shape: torch.Size([32, 6, 140])
[2025-11-13 20:34:33,135][src.models.modules.semantic_id.tiger_generation_model][WARNING] - [rank: 0]   Hierarchy 1 shape: torch.Size([32, 6, 2, 140])
[2025-11-13 20:34:33,135][src.models.modules.semantic_id.tiger_generation_model][WARNING] - [rank: 0]   Hierarchy 2 shape: torch.Size([32, 6, 140])
[2025-11-13 20:34:33,135][src.models.modules.semantic_id.tiger_generation_model][WARNING] - [rank: 0]   Hierarchy 3 shape: torch.Size([32, 6, 140])
[2025-11-13 20:34:33,135][src.models.modules.semantic_id.tiger_generation_model][WARNING] - [rank: 0]   Hierarchy 4 shape: torch.Size([32, 6, 140])
[2025-11-13 20:34:33,136][src.models.modules.semantic_id.tiger_generation_model][WARNING] - [rank: 0]   Hierarchy 5 shape: torch.Size([32, 6, 140])
[2025-11-13 20:34:33,303][src.models.modules.semantic_id.tiger_generation_model][INFO] - [rank: 0] Saved decoder self-attention to ./attention_weights/decoder_self_attention_batch_133.pt
[2025-11-13 20:34:33,303][src.models.modules.semantic_id.tiger_generation_model][INFO] - [rank: 0] Saved encoder attention to ./attention_weights/encoder_attention_batch_133.pt
[2025-11-13 20:34:33,303][src.models.modules.semantic_id.tiger_generation_model][INFO] - [rank: 0] Saved cross attention to ./attention_weights/cross_attention_batch_133.pt
[2025-11-13 20:34:33,312][src.models.modules.semantic_id.tiger_generation_model][INFO] - [rank: 0] 当前batch的生成语义ID Embedding相似度矩阵:
[[ 1.         -0.00981062 -0.01130173 -0.01133148 -0.02391546 -0.01184329]
 [-0.00981062  0.99999994 -0.00659163 -0.02275695  0.01445096 -0.00425702]
 [-0.01130173 -0.00659163  1.         -0.01364374 -0.02856703  0.0072138 ]
 [-0.01133148 -0.02275695 -0.01364374  1.         -0.01082697  0.01836747]
 [-0.02391546  0.01445096 -0.02856703 -0.01082697  1.          0.00160033]
 [-0.01184329 -0.00425702  0.0072138   0.01836747  0.00160033  1.0000004 ]]
[2025-11-13 20:34:34,428][src.models.modules.semantic_id.tiger_generation_model][INFO] - [rank: 0] 当前batch的输入Item Hierarchy Embedding相似度矩阵:
[[ 9.9999994e-01 -8.3302259e-03  9.0859728e-03 -3.2902926e-03
  -8.2634287e-03 -8.7503241e-03]
 [-8.3302259e-03  9.9999994e-01 -7.8084860e-03  6.9652954e-03
  -1.5769149e-03 -9.2628272e-03]
 [ 9.0859728e-03 -7.8084860e-03  9.9999994e-01 -2.3864990e-03
  -6.1574476e-03 -1.6674023e-02]
 [-3.2902926e-03  6.9652954e-03 -2.3864990e-03  9.9999994e-01
   1.4625501e-04  7.9280039e-04]
 [-8.2634287e-03 -1.5769149e-03 -6.1574476e-03  1.4625501e-04
   9.9999994e-01  6.7286589e-03]
 [-8.7503241e-03 -9.2628272e-03 -1.6674023e-02  7.9280039e-04
   6.7286589e-03  1.0000000e+00]]
[2025-11-13 20:34:34,997][src.models.modules.semantic_id.tiger_generation_model][WARNING] - [rank: 0] Failed to stack cross attentions: stack expects each tensor to be equal size, but got [32, 6, 140] at entry 0 and [32, 6, 2, 140] at entry 1
[2025-11-13 20:34:34,998][src.models.modules.semantic_id.tiger_generation_model][WARNING] - [rank: 0]   Hierarchy 0 shape: torch.Size([32, 6, 140])
[2025-11-13 20:34:34,999][src.models.modules.semantic_id.tiger_generation_model][WARNING] - [rank: 0]   Hierarchy 1 shape: torch.Size([32, 6, 2, 140])
[2025-11-13 20:34:34,999][src.models.modules.semantic_id.tiger_generation_model][WARNING] - [rank: 0]   Hierarchy 2 shape: torch.Size([32, 6, 140])
[2025-11-13 20:34:34,999][src.models.modules.semantic_id.tiger_generation_model][WARNING] - [rank: 0]   Hierarchy 3 shape: torch.Size([32, 6, 140])
[2025-11-13 20:34:34,999][src.models.modules.semantic_id.tiger_generation_model][WARNING] - [rank: 0]   Hierarchy 4 shape: torch.Size([32, 6, 140])
[2025-11-13 20:34:34,999][src.models.modules.semantic_id.tiger_generation_model][WARNING] - [rank: 0]   Hierarchy 5 shape: torch.Size([32, 6, 140])
[2025-11-13 20:34:35,248][src.models.modules.semantic_id.tiger_generation_model][INFO] - [rank: 0] Saved decoder self-attention to ./attention_weights/decoder_self_attention_batch_134.pt
[2025-11-13 20:34:35,249][src.models.modules.semantic_id.tiger_generation_model][INFO] - [rank: 0] Saved encoder attention to ./attention_weights/encoder_attention_batch_134.pt
[2025-11-13 20:34:35,249][src.models.modules.semantic_id.tiger_generation_model][INFO] - [rank: 0] Saved cross attention to ./attention_weights/cross_attention_batch_134.pt
[2025-11-13 20:34:35,257][src.models.modules.semantic_id.tiger_generation_model][INFO] - [rank: 0] 当前batch的生成语义ID Embedding相似度矩阵:
[[ 1.          0.00996356  0.01658615 -0.01133477 -0.01400252  0.0019719 ]
 [ 0.00996356  1.         -0.00627634 -0.00684082  0.01070422  0.01300808]
 [ 0.01658615 -0.00627634  1.         -0.00983858 -0.00710655 -0.00540115]
 [-0.01133477 -0.00684082 -0.00983858  1.         -0.02294695  0.03101388]
 [-0.01400252  0.01070422 -0.00710655 -0.02294695  1.         -0.01348654]
 [ 0.0019719   0.01300808 -0.00540115  0.03101388 -0.01348654  1.0000004 ]]
[2025-11-13 20:34:36,708][src.models.modules.semantic_id.tiger_generation_model][INFO] - [rank: 0] 当前batch的输入Item Hierarchy Embedding相似度矩阵:
[[ 1.          0.00320072  0.00121661 -0.00477084 -0.00401985 -0.00360418]
 [ 0.00320072  1.         -0.00703284  0.00161243 -0.0066327  -0.00409122]
 [ 0.00121661 -0.00703284  1.          0.01386863  0.00194607 -0.01547296]
 [-0.00477084  0.00161243  0.01386863  1.         -0.01193128  0.00381185]
 [-0.00401985 -0.0066327   0.00194607 -0.01193128  1.         -0.00237796]
 [-0.00360418 -0.00409122 -0.01547296  0.00381185 -0.00237796  1.0000001 ]]
[2025-11-13 20:34:37,381][src.models.modules.semantic_id.tiger_generation_model][WARNING] - [rank: 0] Failed to stack cross attentions: stack expects each tensor to be equal size, but got [32, 6, 140] at entry 0 and [32, 6, 2, 140] at entry 1
[2025-11-13 20:34:37,411][src.models.modules.semantic_id.tiger_generation_model][WARNING] - [rank: 0]   Hierarchy 0 shape: torch.Size([32, 6, 140])
[2025-11-13 20:34:37,411][src.models.modules.semantic_id.tiger_generation_model][WARNING] - [rank: 0]   Hierarchy 1 shape: torch.Size([32, 6, 2, 140])
[2025-11-13 20:34:37,412][src.models.modules.semantic_id.tiger_generation_model][WARNING] - [rank: 0]   Hierarchy 2 shape: torch.Size([32, 6, 140])
[2025-11-13 20:34:37,412][src.models.modules.semantic_id.tiger_generation_model][WARNING] - [rank: 0]   Hierarchy 3 shape: torch.Size([32, 6, 140])
[2025-11-13 20:34:37,412][src.models.modules.semantic_id.tiger_generation_model][WARNING] - [rank: 0]   Hierarchy 4 shape: torch.Size([32, 6, 140])
[2025-11-13 20:34:37,412][src.models.modules.semantic_id.tiger_generation_model][WARNING] - [rank: 0]   Hierarchy 5 shape: torch.Size([32, 6, 140])
[2025-11-13 20:34:37,726][src.models.modules.semantic_id.tiger_generation_model][INFO] - [rank: 0] Saved decoder self-attention to ./attention_weights/decoder_self_attention_batch_135.pt
[2025-11-13 20:34:37,727][src.models.modules.semantic_id.tiger_generation_model][INFO] - [rank: 0] Saved encoder attention to ./attention_weights/encoder_attention_batch_135.pt
[2025-11-13 20:34:37,727][src.models.modules.semantic_id.tiger_generation_model][INFO] - [rank: 0] Saved cross attention to ./attention_weights/cross_attention_batch_135.pt
[2025-11-13 20:34:37,733][src.models.modules.semantic_id.tiger_generation_model][INFO] - [rank: 0] 当前batch的生成语义ID Embedding相似度矩阵:
[[ 1.         -0.00905229  0.03282737 -0.04756554 -0.03022761 -0.06187216]
 [-0.00905229  0.9999999   0.03186322 -0.00992384  0.03409684  0.04190148]
 [ 0.03282737  0.03186322  1.         -0.03923849 -0.00326673  0.02020821]
 [-0.04756554 -0.00992384 -0.03923849  1.         -0.01440636  0.03873319]
 [-0.03022761  0.03409684 -0.00326673 -0.01440636  1.         -0.03918532]
 [-0.06187216  0.04190148  0.02020821  0.03873319 -0.03918532  1.0000004 ]]
[2025-11-13 20:34:39,115][src.models.modules.semantic_id.tiger_generation_model][INFO] - [rank: 0] 当前batch的输入Item Hierarchy Embedding相似度矩阵:
[[ 1.00000000e+00  1.10167135e-02  1.77493356e-02  6.38456922e-03
  -8.46090913e-03 -3.14715095e-02]
 [ 1.10167135e-02  1.00000000e+00  1.04069775e-02  1.81625262e-02
  -2.88709044e-03  9.46394866e-04]
 [ 1.77493356e-02  1.04069775e-02  1.00000000e+00 -1.57844983e-02
  -7.76439579e-03  2.67468696e-03]
 [ 6.38456922e-03  1.81625262e-02 -1.57844983e-02  1.00000000e+00
   4.11073444e-04  1.10177109e-02]
 [-8.46090913e-03 -2.88709044e-03 -7.76439579e-03  4.11073444e-04
   1.00000000e+00  4.38196585e-02]
 [-3.14715095e-02  9.46394866e-04  2.67468696e-03  1.10177109e-02
   4.38196585e-02  1.00000012e+00]]
[2025-11-13 20:34:39,805][src.models.modules.semantic_id.tiger_generation_model][WARNING] - [rank: 0] Failed to stack cross attentions: stack expects each tensor to be equal size, but got [32, 6, 140] at entry 0 and [32, 6, 2, 140] at entry 1
[2025-11-13 20:34:39,806][src.models.modules.semantic_id.tiger_generation_model][WARNING] - [rank: 0]   Hierarchy 0 shape: torch.Size([32, 6, 140])
[2025-11-13 20:34:39,806][src.models.modules.semantic_id.tiger_generation_model][WARNING] - [rank: 0]   Hierarchy 1 shape: torch.Size([32, 6, 2, 140])
[2025-11-13 20:34:39,806][src.models.modules.semantic_id.tiger_generation_model][WARNING] - [rank: 0]   Hierarchy 2 shape: torch.Size([32, 6, 140])
[2025-11-13 20:34:39,806][src.models.modules.semantic_id.tiger_generation_model][WARNING] - [rank: 0]   Hierarchy 3 shape: torch.Size([32, 6, 140])
[2025-11-13 20:34:39,807][src.models.modules.semantic_id.tiger_generation_model][WARNING] - [rank: 0]   Hierarchy 4 shape: torch.Size([32, 6, 140])
[2025-11-13 20:34:39,807][src.models.modules.semantic_id.tiger_generation_model][WARNING] - [rank: 0]   Hierarchy 5 shape: torch.Size([32, 6, 140])
[2025-11-13 20:34:40,071][src.models.modules.semantic_id.tiger_generation_model][INFO] - [rank: 0] Saved decoder self-attention to ./attention_weights/decoder_self_attention_batch_136.pt
[2025-11-13 20:34:40,071][src.models.modules.semantic_id.tiger_generation_model][INFO] - [rank: 0] Saved encoder attention to ./attention_weights/encoder_attention_batch_136.pt
[2025-11-13 20:34:40,072][src.models.modules.semantic_id.tiger_generation_model][INFO] - [rank: 0] Saved cross attention to ./attention_weights/cross_attention_batch_136.pt
[2025-11-13 20:34:40,083][src.models.modules.semantic_id.tiger_generation_model][INFO] - [rank: 0] 当前batch的生成语义ID Embedding相似度矩阵:
[[ 9.9999994e-01 -2.7138291e-02  6.6540530e-04 -2.2471206e-02
  -1.4154442e-02  7.2308998e-03]
 [-2.7138291e-02  1.0000000e+00  2.7993489e-02  1.4735481e-02
  -1.1448632e-03  2.4406159e-02]
 [ 6.6540530e-04  2.7993489e-02  1.0000000e+00 -1.0890759e-02
   2.3734629e-02 -2.8892372e-02]
 [-2.2471206e-02  1.4735481e-02 -1.0890759e-02  1.0000000e+00
   1.9509593e-02  4.1475102e-02]
 [-1.4154442e-02 -1.1448632e-03  2.3734629e-02  1.9509593e-02
   1.0000000e+00  1.4612978e-02]
 [ 7.2308998e-03  2.4406159e-02 -2.8892372e-02  4.1475102e-02
   1.4612978e-02  1.0000004e+00]]
[2025-11-13 20:34:41,466][src.models.modules.semantic_id.tiger_generation_model][INFO] - [rank: 0] 当前batch的输入Item Hierarchy Embedding相似度矩阵:
[[ 1.         -0.03086046 -0.00961924 -0.00403671 -0.01324023 -0.00203042]
 [-0.03086046  1.          0.0152195   0.00365578  0.0212884   0.00154064]
 [-0.00961924  0.0152195   1.         -0.00663423 -0.00900015 -0.00905304]
 [-0.00403671  0.00365578 -0.00663423  1.          0.00124776  0.00822583]
 [-0.01324023  0.0212884  -0.00900015  0.00124776  1.          0.02243333]
 [-0.00203042  0.00154064 -0.00905304  0.00822583  0.02243333  1.0000001 ]]
[2025-11-13 20:34:42,116][src.models.modules.semantic_id.tiger_generation_model][WARNING] - [rank: 0] Failed to stack cross attentions: stack expects each tensor to be equal size, but got [32, 6, 140] at entry 0 and [32, 6, 2, 140] at entry 1
[2025-11-13 20:34:42,116][src.models.modules.semantic_id.tiger_generation_model][WARNING] - [rank: 0]   Hierarchy 0 shape: torch.Size([32, 6, 140])
[2025-11-13 20:34:42,116][src.models.modules.semantic_id.tiger_generation_model][WARNING] - [rank: 0]   Hierarchy 1 shape: torch.Size([32, 6, 2, 140])
[2025-11-13 20:34:42,117][src.models.modules.semantic_id.tiger_generation_model][WARNING] - [rank: 0]   Hierarchy 2 shape: torch.Size([32, 6, 140])
[2025-11-13 20:34:42,117][src.models.modules.semantic_id.tiger_generation_model][WARNING] - [rank: 0]   Hierarchy 3 shape: torch.Size([32, 6, 140])
[2025-11-13 20:34:42,117][src.models.modules.semantic_id.tiger_generation_model][WARNING] - [rank: 0]   Hierarchy 4 shape: torch.Size([32, 6, 140])
[2025-11-13 20:34:42,117][src.models.modules.semantic_id.tiger_generation_model][WARNING] - [rank: 0]   Hierarchy 5 shape: torch.Size([32, 6, 140])
[2025-11-13 20:34:42,363][src.models.modules.semantic_id.tiger_generation_model][INFO] - [rank: 0] Saved decoder self-attention to ./attention_weights/decoder_self_attention_batch_137.pt
[2025-11-13 20:34:42,363][src.models.modules.semantic_id.tiger_generation_model][INFO] - [rank: 0] Saved encoder attention to ./attention_weights/encoder_attention_batch_137.pt
[2025-11-13 20:34:42,364][src.models.modules.semantic_id.tiger_generation_model][INFO] - [rank: 0] Saved cross attention to ./attention_weights/cross_attention_batch_137.pt
[2025-11-13 20:34:42,369][src.models.modules.semantic_id.tiger_generation_model][INFO] - [rank: 0] 当前batch的生成语义ID Embedding相似度矩阵:
[[ 1.0000000e+00 -9.8386267e-03 -3.0106336e-02 -1.9886952e-02
   2.1006055e-03 -3.3040904e-02]
 [-9.8386267e-03  9.9999994e-01  1.0665732e-02  2.5324309e-03
   6.2612188e-04 -2.2817301e-02]
 [-3.0106336e-02  1.0665732e-02  1.0000000e+00  6.2968135e-03
  -2.1102063e-02 -3.3865284e-02]
 [-1.9886952e-02  2.5324309e-03  6.2968135e-03  1.0000000e+00
  -3.1611867e-02 -8.0949720e-04]
 [ 2.1006055e-03  6.2612188e-04 -2.1102063e-02 -3.1611867e-02
   1.0000000e+00  3.5708562e-02]
 [-3.3040904e-02 -2.2817301e-02 -3.3865284e-02 -8.0949720e-04
   3.5708562e-02  1.0000004e+00]]
[2025-11-13 20:34:43,689][src.models.modules.semantic_id.tiger_generation_model][INFO] - [rank: 0] 当前batch的输入Item Hierarchy Embedding相似度矩阵:
[[ 1.         -0.02134895 -0.02821036 -0.00911938 -0.01121657  0.00242701]
 [-0.02134895  1.          0.01533563 -0.00634299 -0.00832243 -0.01539557]
 [-0.02821036  0.01533563  1.          0.0063922  -0.00526963 -0.01789863]
 [-0.00911938 -0.00634299  0.0063922   1.         -0.01639219  0.01214904]
 [-0.01121657 -0.00832243 -0.00526963 -0.01639219  1.          0.00784216]
 [ 0.00242701 -0.01539557 -0.01789863  0.01214904  0.00784216  1.0000001 ]]
[2025-11-13 20:34:44,489][src.models.modules.semantic_id.tiger_generation_model][WARNING] - [rank: 0] Failed to stack cross attentions: stack expects each tensor to be equal size, but got [32, 6, 140] at entry 0 and [32, 6, 2, 140] at entry 1
[2025-11-13 20:34:44,490][src.models.modules.semantic_id.tiger_generation_model][WARNING] - [rank: 0]   Hierarchy 0 shape: torch.Size([32, 6, 140])
[2025-11-13 20:34:44,490][src.models.modules.semantic_id.tiger_generation_model][WARNING] - [rank: 0]   Hierarchy 1 shape: torch.Size([32, 6, 2, 140])
[2025-11-13 20:34:44,490][src.models.modules.semantic_id.tiger_generation_model][WARNING] - [rank: 0]   Hierarchy 2 shape: torch.Size([32, 6, 140])
[2025-11-13 20:34:44,490][src.models.modules.semantic_id.tiger_generation_model][WARNING] - [rank: 0]   Hierarchy 3 shape: torch.Size([32, 6, 140])
[2025-11-13 20:34:44,491][src.models.modules.semantic_id.tiger_generation_model][WARNING] - [rank: 0]   Hierarchy 4 shape: torch.Size([32, 6, 140])
[2025-11-13 20:34:44,491][src.models.modules.semantic_id.tiger_generation_model][WARNING] - [rank: 0]   Hierarchy 5 shape: torch.Size([32, 6, 140])
[2025-11-13 20:34:44,671][src.models.modules.semantic_id.tiger_generation_model][INFO] - [rank: 0] Saved decoder self-attention to ./attention_weights/decoder_self_attention_batch_138.pt
[2025-11-13 20:34:44,672][src.models.modules.semantic_id.tiger_generation_model][INFO] - [rank: 0] Saved encoder attention to ./attention_weights/encoder_attention_batch_138.pt
[2025-11-13 20:34:44,672][src.models.modules.semantic_id.tiger_generation_model][INFO] - [rank: 0] Saved cross attention to ./attention_weights/cross_attention_batch_138.pt
[2025-11-13 20:34:44,678][src.models.modules.semantic_id.tiger_generation_model][INFO] - [rank: 0] 当前batch的生成语义ID Embedding相似度矩阵:
[[ 1.         -0.0182282  -0.00897821  0.00119089 -0.00754444 -0.02658341]
 [-0.0182282   1.          0.00436052  0.00806804  0.00787417  0.01980065]
 [-0.00897821  0.00436052  1.         -0.00640488  0.03095523  0.00304796]
 [ 0.00119089  0.00806804 -0.00640488  1.          0.00742902  0.00125844]
 [-0.00754444  0.00787417  0.03095523  0.00742902  1.         -0.00176836]
 [-0.02658341  0.01980065  0.00304796  0.00125844 -0.00176836  1.0000004 ]]
[2025-11-13 20:34:46,060][src.models.modules.semantic_id.tiger_generation_model][INFO] - [rank: 0] 当前batch的输入Item Hierarchy Embedding相似度矩阵:
[[ 9.9999994e-01  1.2745264e-03 -2.6134369e-03 -2.3488612e-03
   1.3360794e-04 -8.2569020e-03]
 [ 1.2745264e-03  9.9999994e-01  5.7439962e-03 -2.5432357e-03
   1.6349354e-03 -1.5258897e-03]
 [-2.6134369e-03  5.7439962e-03  9.9999994e-01  2.9834867e-03
  -1.0977725e-02  2.7926697e-03]
 [-2.3488612e-03 -2.5432357e-03  2.9834867e-03  9.9999994e-01
   6.5573067e-03 -1.2791825e-03]
 [ 1.3360794e-04  1.6349354e-03 -1.0977725e-02  6.5573067e-03
   9.9999994e-01  1.1583960e-02]
 [-8.2569020e-03 -1.5258897e-03  2.7926697e-03 -1.2791825e-03
   1.1583960e-02  1.0000000e+00]]
[2025-11-13 20:34:46,803][src.models.modules.semantic_id.tiger_generation_model][WARNING] - [rank: 0] Failed to stack cross attentions: stack expects each tensor to be equal size, but got [32, 6, 140] at entry 0 and [32, 6, 2, 140] at entry 1
[2025-11-13 20:34:46,804][src.models.modules.semantic_id.tiger_generation_model][WARNING] - [rank: 0]   Hierarchy 0 shape: torch.Size([32, 6, 140])
[2025-11-13 20:34:46,804][src.models.modules.semantic_id.tiger_generation_model][WARNING] - [rank: 0]   Hierarchy 1 shape: torch.Size([32, 6, 2, 140])
[2025-11-13 20:34:46,804][src.models.modules.semantic_id.tiger_generation_model][WARNING] - [rank: 0]   Hierarchy 2 shape: torch.Size([32, 6, 140])
[2025-11-13 20:34:46,804][src.models.modules.semantic_id.tiger_generation_model][WARNING] - [rank: 0]   Hierarchy 3 shape: torch.Size([32, 6, 140])
[2025-11-13 20:34:46,806][src.models.modules.semantic_id.tiger_generation_model][WARNING] - [rank: 0]   Hierarchy 4 shape: torch.Size([32, 6, 140])
[2025-11-13 20:34:46,806][src.models.modules.semantic_id.tiger_generation_model][WARNING] - [rank: 0]   Hierarchy 5 shape: torch.Size([32, 6, 140])
[2025-11-13 20:34:47,063][src.models.modules.semantic_id.tiger_generation_model][INFO] - [rank: 0] Saved decoder self-attention to ./attention_weights/decoder_self_attention_batch_139.pt
[2025-11-13 20:34:47,063][src.models.modules.semantic_id.tiger_generation_model][INFO] - [rank: 0] Saved encoder attention to ./attention_weights/encoder_attention_batch_139.pt
[2025-11-13 20:34:47,064][src.models.modules.semantic_id.tiger_generation_model][INFO] - [rank: 0] Saved cross attention to ./attention_weights/cross_attention_batch_139.pt
[2025-11-13 20:34:47,073][src.models.modules.semantic_id.tiger_generation_model][INFO] - [rank: 0] 当前batch的生成语义ID Embedding相似度矩阵:
[[ 1.         -0.05109333 -0.00827744  0.00469145 -0.02382902 -0.05251183]
 [-0.05109333  1.          0.01728623  0.00980483 -0.00558366  0.03673344]
 [-0.00827744  0.01728623  1.          0.01209935 -0.01721023 -0.03523823]
 [ 0.00469145  0.00980483  0.01209935  0.99999994 -0.00302072 -0.00895119]
 [-0.02382902 -0.00558366 -0.01721023 -0.00302072  1.          0.00743268]
 [-0.05251183  0.03673344 -0.03523823 -0.00895119  0.00743268  1.0000004 ]]
[2025-11-13 20:34:48,148][src.models.modules.semantic_id.tiger_generation_model][INFO] - [rank: 0] 当前batch的输入Item Hierarchy Embedding相似度矩阵:
[[ 1.         -0.00457292 -0.01317582 -0.00474932 -0.01503536  0.00678695]
 [-0.00457292  1.         -0.01642792  0.00370355 -0.01499698 -0.0011373 ]
 [-0.01317582 -0.01642792  1.          0.00118374 -0.00597139 -0.01627382]
 [-0.00474932  0.00370355  0.00118374  1.         -0.00583157  0.01358605]
 [-0.01503536 -0.01499698 -0.00597139 -0.00583157  1.          0.01247528]
 [ 0.00678695 -0.0011373  -0.01627382  0.01358605  0.01247528  1.        ]]
[2025-11-13 20:34:48,577][src.utils.inference_utils][INFO] - Global Rank: 3 wrote 5632 rows to /data/mhwang/Rec/GRID/logs/inference/runs/2025-11-13/20-28-12/pickle/predictions_3_20251113T123448511.pkl.
[2025-11-13 20:34:48,591][src.utils.inference_utils][INFO] - Rank 3 finished writing predictions.
[2025-11-13 20:34:48,755][src.models.modules.semantic_id.tiger_generation_model][WARNING] - [rank: 0] Failed to stack cross attentions: stack expects each tensor to be equal size, but got [32, 6, 140] at entry 0 and [32, 6, 2, 140] at entry 1
[2025-11-13 20:34:48,756][src.models.modules.semantic_id.tiger_generation_model][WARNING] - [rank: 0]   Hierarchy 0 shape: torch.Size([32, 6, 140])
[2025-11-13 20:34:48,756][src.models.modules.semantic_id.tiger_generation_model][WARNING] - [rank: 0]   Hierarchy 1 shape: torch.Size([32, 6, 2, 140])
[2025-11-13 20:34:48,756][src.models.modules.semantic_id.tiger_generation_model][WARNING] - [rank: 0]   Hierarchy 2 shape: torch.Size([32, 6, 140])
[2025-11-13 20:34:48,756][src.models.modules.semantic_id.tiger_generation_model][WARNING] - [rank: 0]   Hierarchy 3 shape: torch.Size([32, 6, 140])
[2025-11-13 20:34:48,757][src.models.modules.semantic_id.tiger_generation_model][WARNING] - [rank: 0]   Hierarchy 4 shape: torch.Size([32, 6, 140])
[2025-11-13 20:34:48,757][src.models.modules.semantic_id.tiger_generation_model][WARNING] - [rank: 0]   Hierarchy 5 shape: torch.Size([32, 6, 140])
[2025-11-13 20:34:49,034][src.models.modules.semantic_id.tiger_generation_model][INFO] - [rank: 0] Saved decoder self-attention to ./attention_weights/decoder_self_attention_batch_140.pt
[2025-11-13 20:34:49,034][src.models.modules.semantic_id.tiger_generation_model][INFO] - [rank: 0] Saved encoder attention to ./attention_weights/encoder_attention_batch_140.pt
[2025-11-13 20:34:49,034][src.models.modules.semantic_id.tiger_generation_model][INFO] - [rank: 0] Saved cross attention to ./attention_weights/cross_attention_batch_140.pt
[2025-11-13 20:34:49,059][src.models.modules.semantic_id.tiger_generation_model][INFO] - [rank: 0] 当前batch的生成语义ID Embedding相似度矩阵:
[[ 1.         -0.01727197  0.00260287 -0.00132672  0.00310409  0.03563065]
 [-0.01727197  1.          0.00972261  0.00923639 -0.01144341 -0.04637054]
 [ 0.00260287  0.00972261  0.99999994 -0.00683843 -0.01652177  0.04078332]
 [-0.00132672  0.00923639 -0.00683843  1.         -0.01455646 -0.00342856]
 [ 0.00310409 -0.01144341 -0.01652177 -0.01455646  1.0000001   0.0148049 ]
 [ 0.03563065 -0.04637054  0.04078332 -0.00342856  0.0148049   1.0000004 ]]
[2025-11-13 20:34:50,457][src.models.modules.semantic_id.tiger_generation_model][INFO] - [rank: 0] 当前batch的输入Item Hierarchy Embedding相似度矩阵:
[[ 1.0000000e+00 -4.5695389e-03 -1.2388372e-02 -3.1653575e-03
  -8.2890755e-03 -5.7966374e-03]
 [-4.5695389e-03  1.0000000e+00  6.5986789e-04 -1.9442833e-03
  -7.3716757e-03 -4.7208010e-03]
 [-1.2388372e-02  6.5986789e-04  1.0000000e+00 -8.6297104e-03
   8.8754417e-03 -6.5431758e-03]
 [-3.1653575e-03 -1.9442833e-03 -8.6297104e-03  1.0000000e+00
  -9.0121171e-03  7.7986675e-03]
 [-8.2890755e-03 -7.3716757e-03  8.8754417e-03 -9.0121171e-03
   1.0000000e+00  6.9074612e-03]
 [-5.7966374e-03 -4.7208010e-03 -6.5431758e-03  7.7986675e-03
   6.9074612e-03  1.0000002e+00]]
[2025-11-13 20:34:51,276][src.models.modules.semantic_id.tiger_generation_model][WARNING] - [rank: 0] Failed to stack cross attentions: stack expects each tensor to be equal size, but got [32, 6, 140] at entry 0 and [32, 6, 2, 140] at entry 1
[2025-11-13 20:34:51,276][src.models.modules.semantic_id.tiger_generation_model][WARNING] - [rank: 0]   Hierarchy 0 shape: torch.Size([32, 6, 140])
[2025-11-13 20:34:51,277][src.models.modules.semantic_id.tiger_generation_model][WARNING] - [rank: 0]   Hierarchy 1 shape: torch.Size([32, 6, 2, 140])
[2025-11-13 20:34:51,277][src.models.modules.semantic_id.tiger_generation_model][WARNING] - [rank: 0]   Hierarchy 2 shape: torch.Size([32, 6, 140])
[2025-11-13 20:34:51,277][src.models.modules.semantic_id.tiger_generation_model][WARNING] - [rank: 0]   Hierarchy 3 shape: torch.Size([32, 6, 140])
[2025-11-13 20:34:51,277][src.models.modules.semantic_id.tiger_generation_model][WARNING] - [rank: 0]   Hierarchy 4 shape: torch.Size([32, 6, 140])
[2025-11-13 20:34:51,277][src.models.modules.semantic_id.tiger_generation_model][WARNING] - [rank: 0]   Hierarchy 5 shape: torch.Size([32, 6, 140])
[2025-11-13 20:34:51,780][src.models.modules.semantic_id.tiger_generation_model][INFO] - [rank: 0] Saved decoder self-attention to ./attention_weights/decoder_self_attention_batch_141.pt
[2025-11-13 20:34:51,780][src.models.modules.semantic_id.tiger_generation_model][INFO] - [rank: 0] Saved encoder attention to ./attention_weights/encoder_attention_batch_141.pt
[2025-11-13 20:34:51,781][src.models.modules.semantic_id.tiger_generation_model][INFO] - [rank: 0] Saved cross attention to ./attention_weights/cross_attention_batch_141.pt
[2025-11-13 20:34:51,792][src.models.modules.semantic_id.tiger_generation_model][INFO] - [rank: 0] 当前batch的生成语义ID Embedding相似度矩阵:
[[ 0.99999994 -0.02855728  0.02323402 -0.04127573  0.01255887 -0.00997413]
 [-0.02855728  1.         -0.02190376  0.01175517 -0.00387331  0.01432942]
 [ 0.02323402 -0.02190376  1.         -0.01738925 -0.02228623 -0.03015062]
 [-0.04127573  0.01175517 -0.01738925  1.          0.01431304  0.00378017]
 [ 0.01255887 -0.00387331 -0.02228623  0.01431304  1.          0.01954283]
 [-0.00997413  0.01432942 -0.03015062  0.00378017  0.01954283  1.0000004 ]]
[2025-11-13 20:34:53,224][src.models.modules.semantic_id.tiger_generation_model][INFO] - [rank: 0] 当前batch的输入Item Hierarchy Embedding相似度矩阵:
[[ 1.0000000e+00 -1.1067077e-02  2.5398128e-03 -1.6276280e-03
  -3.1235823e-03 -7.4969651e-03]
 [-1.1067077e-02  1.0000000e+00  1.3978387e-02 -3.3889767e-03
   4.0259887e-03 -1.1836970e-02]
 [ 2.5398128e-03  1.3978387e-02  1.0000000e+00 -1.4532627e-02
  -8.8988128e-04 -5.9277019e-03]
 [-1.6276280e-03 -3.3889767e-03 -1.4532627e-02  1.0000000e+00
  -5.6699696e-03  1.6774818e-02]
 [-3.1235823e-03  4.0259887e-03 -8.8988128e-04 -5.6699696e-03
   1.0000000e+00  9.0090251e-03]
 [-7.4969651e-03 -1.1836970e-02 -5.9277019e-03  1.6774818e-02
   9.0090251e-03  1.0000001e+00]]
[2025-11-13 20:34:54,006][src.models.modules.semantic_id.tiger_generation_model][WARNING] - [rank: 0] Failed to stack cross attentions: stack expects each tensor to be equal size, but got [32, 6, 140] at entry 0 and [32, 6, 2, 140] at entry 1
[2025-11-13 20:34:54,007][src.models.modules.semantic_id.tiger_generation_model][WARNING] - [rank: 0]   Hierarchy 0 shape: torch.Size([32, 6, 140])
[2025-11-13 20:34:54,007][src.models.modules.semantic_id.tiger_generation_model][WARNING] - [rank: 0]   Hierarchy 1 shape: torch.Size([32, 6, 2, 140])
[2025-11-13 20:34:54,007][src.models.modules.semantic_id.tiger_generation_model][WARNING] - [rank: 0]   Hierarchy 2 shape: torch.Size([32, 6, 140])
[2025-11-13 20:34:54,007][src.models.modules.semantic_id.tiger_generation_model][WARNING] - [rank: 0]   Hierarchy 3 shape: torch.Size([32, 6, 140])
[2025-11-13 20:34:54,007][src.models.modules.semantic_id.tiger_generation_model][WARNING] - [rank: 0]   Hierarchy 4 shape: torch.Size([32, 6, 140])
[2025-11-13 20:34:54,008][src.models.modules.semantic_id.tiger_generation_model][WARNING] - [rank: 0]   Hierarchy 5 shape: torch.Size([32, 6, 140])
[2025-11-13 20:34:54,205][src.models.modules.semantic_id.tiger_generation_model][INFO] - [rank: 0] Saved decoder self-attention to ./attention_weights/decoder_self_attention_batch_142.pt
[2025-11-13 20:34:54,206][src.models.modules.semantic_id.tiger_generation_model][INFO] - [rank: 0] Saved encoder attention to ./attention_weights/encoder_attention_batch_142.pt
[2025-11-13 20:34:54,206][src.models.modules.semantic_id.tiger_generation_model][INFO] - [rank: 0] Saved cross attention to ./attention_weights/cross_attention_batch_142.pt
[2025-11-13 20:34:54,213][src.models.modules.semantic_id.tiger_generation_model][INFO] - [rank: 0] 当前batch的生成语义ID Embedding相似度矩阵:
[[ 1.         -0.0094945   0.00894311 -0.00239743 -0.00906304 -0.00929272]
 [-0.0094945   0.99999994 -0.00320412 -0.00107145 -0.00142466 -0.02299492]
 [ 0.00894311 -0.00320412  1.          0.01140232 -0.00196831  0.00148405]
 [-0.00239743 -0.00107145  0.01140232  1.         -0.02634366  0.03140931]
 [-0.00906304 -0.00142466 -0.00196831 -0.02634366  1.         -0.00213237]
 [-0.00929272 -0.02299492  0.00148405  0.03140931 -0.00213237  1.0000004 ]]
[2025-11-13 20:34:55,336][src.models.modules.semantic_id.tiger_generation_model][INFO] - [rank: 0] 当前batch的输入Item Hierarchy Embedding相似度矩阵:
[[ 1.0000000e+00 -1.1180679e-02  9.0044067e-04  1.2279666e-02
  -1.0537692e-02  5.0016324e-04]
 [-1.1180679e-02  1.0000000e+00  1.2353227e-03 -1.0731027e-02
  -1.1964124e-02  1.6614792e-03]
 [ 9.0044067e-04  1.2353227e-03  1.0000000e+00  2.9618904e-04
  -7.3647387e-03  6.0267271e-03]
 [ 1.2279666e-02 -1.0731027e-02  2.9618904e-04  1.0000000e+00
  -9.6807573e-03  1.8054113e-03]
 [-1.0537692e-02 -1.1964124e-02 -7.3647387e-03 -9.6807573e-03
   1.0000000e+00  8.2063572e-03]
 [ 5.0016324e-04  1.6614792e-03  6.0267271e-03  1.8054113e-03
   8.2063572e-03  1.0000001e+00]]
[2025-11-13 20:34:55,920][src.models.modules.semantic_id.tiger_generation_model][WARNING] - [rank: 0] Failed to stack cross attentions: stack expects each tensor to be equal size, but got [32, 6, 140] at entry 0 and [32, 6, 2, 140] at entry 1
[2025-11-13 20:34:55,920][src.models.modules.semantic_id.tiger_generation_model][WARNING] - [rank: 0]   Hierarchy 0 shape: torch.Size([32, 6, 140])
[2025-11-13 20:34:55,921][src.models.modules.semantic_id.tiger_generation_model][WARNING] - [rank: 0]   Hierarchy 1 shape: torch.Size([32, 6, 2, 140])
[2025-11-13 20:34:55,921][src.models.modules.semantic_id.tiger_generation_model][WARNING] - [rank: 0]   Hierarchy 2 shape: torch.Size([32, 6, 140])
[2025-11-13 20:34:55,921][src.models.modules.semantic_id.tiger_generation_model][WARNING] - [rank: 0]   Hierarchy 3 shape: torch.Size([32, 6, 140])
[2025-11-13 20:34:55,921][src.models.modules.semantic_id.tiger_generation_model][WARNING] - [rank: 0]   Hierarchy 4 shape: torch.Size([32, 6, 140])
[2025-11-13 20:34:55,921][src.models.modules.semantic_id.tiger_generation_model][WARNING] - [rank: 0]   Hierarchy 5 shape: torch.Size([32, 6, 140])
[2025-11-13 20:34:56,427][src.models.modules.semantic_id.tiger_generation_model][INFO] - [rank: 0] Saved decoder self-attention to ./attention_weights/decoder_self_attention_batch_143.pt
[2025-11-13 20:34:56,428][src.models.modules.semantic_id.tiger_generation_model][INFO] - [rank: 0] Saved encoder attention to ./attention_weights/encoder_attention_batch_143.pt
[2025-11-13 20:34:56,428][src.models.modules.semantic_id.tiger_generation_model][INFO] - [rank: 0] Saved cross attention to ./attention_weights/cross_attention_batch_143.pt
[2025-11-13 20:34:56,437][src.models.modules.semantic_id.tiger_generation_model][INFO] - [rank: 0] 当前batch的生成语义ID Embedding相似度矩阵:
[[ 1.         -0.02190069  0.03024835 -0.03338636 -0.04676516 -0.05212397]
 [-0.02190069  0.9999999   0.04136231 -0.01454375  0.01384281  0.03456499]
 [ 0.03024835  0.04136231  1.0000001  -0.04597957 -0.04169004  0.01019397]
 [-0.03338636 -0.01454375 -0.04597957  1.         -0.02054741  0.03281847]
 [-0.04676516  0.01384281 -0.04169004 -0.02054741  1.         -0.03087138]
 [-0.05212397  0.03456499  0.01019397  0.03281847 -0.03087138  1.0000004 ]]
[2025-11-13 20:34:57,862][src.models.modules.semantic_id.tiger_generation_model][INFO] - [rank: 0] 当前batch的输入Item Hierarchy Embedding相似度矩阵:
[[ 1.0000000e+00 -1.4979339e-02  1.6823085e-02 -1.5453553e-02
  -1.0652401e-02 -5.9595488e-02]
 [-1.4979339e-02  1.0000000e+00 -5.6668920e-03  2.8842723e-02
   8.6747380e-03 -5.7376448e-05]
 [ 1.6823085e-02 -5.6668920e-03  1.0000000e+00 -2.0099372e-02
  -8.4259557e-03 -7.7718310e-03]
 [-1.5453553e-02  2.8842723e-02 -2.0099372e-02  1.0000000e+00
   1.0924446e-03  2.3377845e-02]
 [-1.0652401e-02  8.6747380e-03 -8.4259557e-03  1.0924446e-03
   1.0000000e+00  2.9724255e-02]
 [-5.9595488e-02 -5.7376448e-05 -7.7718310e-03  2.3377845e-02
   2.9724255e-02  1.0000001e+00]]
[2025-11-13 20:34:58,761][src.models.modules.semantic_id.tiger_generation_model][WARNING] - [rank: 0] Failed to stack cross attentions: stack expects each tensor to be equal size, but got [32, 6, 140] at entry 0 and [32, 6, 2, 140] at entry 1
[2025-11-13 20:34:58,762][src.models.modules.semantic_id.tiger_generation_model][WARNING] - [rank: 0]   Hierarchy 0 shape: torch.Size([32, 6, 140])
[2025-11-13 20:34:58,763][src.models.modules.semantic_id.tiger_generation_model][WARNING] - [rank: 0]   Hierarchy 1 shape: torch.Size([32, 6, 2, 140])
[2025-11-13 20:34:58,763][src.models.modules.semantic_id.tiger_generation_model][WARNING] - [rank: 0]   Hierarchy 2 shape: torch.Size([32, 6, 140])
[2025-11-13 20:34:58,763][src.models.modules.semantic_id.tiger_generation_model][WARNING] - [rank: 0]   Hierarchy 3 shape: torch.Size([32, 6, 140])
[2025-11-13 20:34:58,763][src.models.modules.semantic_id.tiger_generation_model][WARNING] - [rank: 0]   Hierarchy 4 shape: torch.Size([32, 6, 140])
[2025-11-13 20:34:58,763][src.models.modules.semantic_id.tiger_generation_model][WARNING] - [rank: 0]   Hierarchy 5 shape: torch.Size([32, 6, 140])
[2025-11-13 20:34:58,955][src.models.modules.semantic_id.tiger_generation_model][INFO] - [rank: 0] Saved decoder self-attention to ./attention_weights/decoder_self_attention_batch_144.pt
[2025-11-13 20:34:58,956][src.models.modules.semantic_id.tiger_generation_model][INFO] - [rank: 0] Saved encoder attention to ./attention_weights/encoder_attention_batch_144.pt
[2025-11-13 20:34:58,956][src.models.modules.semantic_id.tiger_generation_model][INFO] - [rank: 0] Saved cross attention to ./attention_weights/cross_attention_batch_144.pt
[2025-11-13 20:34:58,965][src.models.modules.semantic_id.tiger_generation_model][INFO] - [rank: 0] 当前batch的生成语义ID Embedding相似度矩阵:
[[ 9.9999988e-01 -1.6941359e-02  7.2642211e-03 -1.5854048e-02
  -2.6676357e-02 -2.2983929e-02]
 [-1.6941359e-02  1.0000000e+00  1.0575302e-02  6.2323203e-03
  -2.6081402e-02  2.0833021e-02]
 [ 7.2642211e-03  1.0575302e-02  9.9999994e-01 -1.6635828e-02
   1.1581816e-02 -3.8213290e-02]
 [-1.5854048e-02  6.2323203e-03 -1.6635828e-02  1.0000000e+00
  -6.9650449e-04  2.3097431e-02]
 [-2.6676357e-02 -2.6081402e-02  1.1581816e-02 -6.9650449e-04
   1.0000000e+00  4.2865064e-02]
 [-2.2983929e-02  2.0833021e-02 -3.8213290e-02  2.3097431e-02
   4.2865064e-02  1.0000004e+00]]
[2025-11-13 20:34:59,883][src.models.modules.semantic_id.tiger_generation_model][INFO] - [rank: 0] 当前batch的输入Item Hierarchy Embedding相似度矩阵:
[[ 1.0000000e+00  4.1210864e-04 -1.0080473e-03  1.0392249e-02
  -2.9427940e-03  4.1243141e-03]
 [ 4.1210864e-04  1.0000000e+00 -1.2288583e-02  9.6554763e-04
   1.1454053e-02  1.1813048e-03]
 [-1.0080473e-03 -1.2288583e-02  1.0000000e+00 -1.3238757e-02
  -2.5285145e-03 -7.6326071e-03]
 [ 1.0392249e-02  9.6554763e-04 -1.3238757e-02  1.0000000e+00
  -1.7947303e-02  1.4263723e-02]
 [-2.9427940e-03  1.1454053e-02 -2.5285145e-03 -1.7947303e-02
   1.0000000e+00  7.1162297e-03]
 [ 4.1243141e-03  1.1813048e-03 -7.6326071e-03  1.4263723e-02
   7.1162297e-03  1.0000001e+00]]
[2025-11-13 20:35:00,494][src.models.modules.semantic_id.tiger_generation_model][WARNING] - [rank: 0] Failed to stack cross attentions: stack expects each tensor to be equal size, but got [32, 6, 140] at entry 0 and [32, 6, 2, 140] at entry 1
[2025-11-13 20:35:00,495][src.models.modules.semantic_id.tiger_generation_model][WARNING] - [rank: 0]   Hierarchy 0 shape: torch.Size([32, 6, 140])
[2025-11-13 20:35:00,495][src.models.modules.semantic_id.tiger_generation_model][WARNING] - [rank: 0]   Hierarchy 1 shape: torch.Size([32, 6, 2, 140])
[2025-11-13 20:35:00,495][src.models.modules.semantic_id.tiger_generation_model][WARNING] - [rank: 0]   Hierarchy 2 shape: torch.Size([32, 6, 140])
[2025-11-13 20:35:00,495][src.models.modules.semantic_id.tiger_generation_model][WARNING] - [rank: 0]   Hierarchy 3 shape: torch.Size([32, 6, 140])
[2025-11-13 20:35:00,496][src.models.modules.semantic_id.tiger_generation_model][WARNING] - [rank: 0]   Hierarchy 4 shape: torch.Size([32, 6, 140])
[2025-11-13 20:35:00,496][src.models.modules.semantic_id.tiger_generation_model][WARNING] - [rank: 0]   Hierarchy 5 shape: torch.Size([32, 6, 140])
[2025-11-13 20:35:00,796][src.models.modules.semantic_id.tiger_generation_model][INFO] - [rank: 0] Saved decoder self-attention to ./attention_weights/decoder_self_attention_batch_145.pt
[2025-11-13 20:35:00,796][src.models.modules.semantic_id.tiger_generation_model][INFO] - [rank: 0] Saved encoder attention to ./attention_weights/encoder_attention_batch_145.pt
[2025-11-13 20:35:00,797][src.models.modules.semantic_id.tiger_generation_model][INFO] - [rank: 0] Saved cross attention to ./attention_weights/cross_attention_batch_145.pt
[2025-11-13 20:35:00,802][src.models.modules.semantic_id.tiger_generation_model][INFO] - [rank: 0] 当前batch的生成语义ID Embedding相似度矩阵:
[[ 9.9999982e-01  2.0199159e-02 -6.6788285e-04 -4.1893423e-02
  -2.3916563e-02 -9.7633190e-03]
 [ 2.0199159e-02  1.0000000e+00 -1.6052779e-02  1.4232662e-02
  -1.4753084e-02 -1.0832782e-02]
 [-6.6788285e-04 -1.6052779e-02  1.0000001e+00  3.9229980e-03
   1.8986218e-02  1.9852042e-02]
 [-4.1893423e-02  1.4232662e-02  3.9229980e-03  1.0000000e+00
   6.0208589e-03  5.3122148e-02]
 [-2.3916563e-02 -1.4753084e-02  1.8986218e-02  6.0208589e-03
   1.0000000e+00  1.0641064e-02]
 [-9.7633190e-03 -1.0832782e-02  1.9852042e-02  5.3122148e-02
   1.0641064e-02  1.0000004e+00]]
[2025-11-13 20:35:01,879][src.models.modules.semantic_id.tiger_generation_model][INFO] - [rank: 0] 当前batch的输入Item Hierarchy Embedding相似度矩阵:
[[ 0.99999994 -0.01222603 -0.00104352 -0.02019616 -0.00668336 -0.0077419 ]
 [-0.01222603  0.99999994 -0.0266518   0.01145774  0.00734252 -0.00683612]
 [-0.00104352 -0.0266518   0.99999994 -0.00760729  0.00180665 -0.00417179]
 [-0.02019616  0.01145774 -0.00760729  0.99999994 -0.00147071  0.01758392]
 [-0.00668336  0.00734252  0.00180665 -0.00147071  0.99999994  0.01921579]
 [-0.0077419  -0.00683612 -0.00417179  0.01758392  0.01921579  1.        ]]
[2025-11-13 20:35:02,417][src.models.modules.semantic_id.tiger_generation_model][WARNING] - [rank: 0] Failed to stack cross attentions: stack expects each tensor to be equal size, but got [32, 6, 140] at entry 0 and [32, 6, 2, 140] at entry 1
[2025-11-13 20:35:02,418][src.models.modules.semantic_id.tiger_generation_model][WARNING] - [rank: 0]   Hierarchy 0 shape: torch.Size([32, 6, 140])
[2025-11-13 20:35:02,419][src.models.modules.semantic_id.tiger_generation_model][WARNING] - [rank: 0]   Hierarchy 1 shape: torch.Size([32, 6, 2, 140])
[2025-11-13 20:35:02,419][src.models.modules.semantic_id.tiger_generation_model][WARNING] - [rank: 0]   Hierarchy 2 shape: torch.Size([32, 6, 140])
[2025-11-13 20:35:02,419][src.models.modules.semantic_id.tiger_generation_model][WARNING] - [rank: 0]   Hierarchy 3 shape: torch.Size([32, 6, 140])
[2025-11-13 20:35:02,419][src.models.modules.semantic_id.tiger_generation_model][WARNING] - [rank: 0]   Hierarchy 4 shape: torch.Size([32, 6, 140])
[2025-11-13 20:35:02,419][src.models.modules.semantic_id.tiger_generation_model][WARNING] - [rank: 0]   Hierarchy 5 shape: torch.Size([32, 6, 140])
[2025-11-13 20:35:02,919][src.models.modules.semantic_id.tiger_generation_model][INFO] - [rank: 0] Saved decoder self-attention to ./attention_weights/decoder_self_attention_batch_146.pt
[2025-11-13 20:35:02,919][src.models.modules.semantic_id.tiger_generation_model][INFO] - [rank: 0] Saved encoder attention to ./attention_weights/encoder_attention_batch_146.pt
[2025-11-13 20:35:02,920][src.models.modules.semantic_id.tiger_generation_model][INFO] - [rank: 0] Saved cross attention to ./attention_weights/cross_attention_batch_146.pt
[2025-11-13 20:35:02,926][src.models.modules.semantic_id.tiger_generation_model][INFO] - [rank: 0] 当前batch的生成语义ID Embedding相似度矩阵:
[[ 1.         -0.02837122  0.04537527 -0.03523732 -0.0171577  -0.03192498]
 [-0.02837122  0.99999994 -0.00379893  0.01894051  0.01140849  0.02836268]
 [ 0.04537527 -0.00379893  1.         -0.01613522 -0.02332269  0.00730002]
 [-0.03523732  0.01894051 -0.01613522  1.         -0.00178295  0.00667218]
 [-0.0171577   0.01140849 -0.02332269 -0.00178295  1.          0.05590687]
 [-0.03192498  0.02836268  0.00730002  0.00667218  0.05590687  1.0000004 ]]
[2025-11-13 20:35:04,329][src.models.modules.semantic_id.tiger_generation_model][INFO] - [rank: 0] 当前batch的输入Item Hierarchy Embedding相似度矩阵:
[[ 1.         -0.00400087 -0.00432746 -0.01276375  0.01581196  0.00520601]
 [-0.00400087  1.          0.01401027 -0.00585603  0.00470436 -0.00374817]
 [-0.00432746  0.01401027  1.          0.01542718 -0.00464693  0.00452021]
 [-0.01276375 -0.00585603  0.01542718  1.          0.01314455  0.005924  ]
 [ 0.01581196  0.00470436 -0.00464693  0.01314455  1.          0.01470639]
 [ 0.00520601 -0.00374817  0.00452021  0.005924    0.01470639  1.0000001 ]]
[2025-11-13 20:35:05,026][src.models.modules.semantic_id.tiger_generation_model][WARNING] - [rank: 0] Failed to stack cross attentions: stack expects each tensor to be equal size, but got [32, 6, 140] at entry 0 and [32, 6, 2, 140] at entry 1
[2025-11-13 20:35:05,027][src.models.modules.semantic_id.tiger_generation_model][WARNING] - [rank: 0]   Hierarchy 0 shape: torch.Size([32, 6, 140])
[2025-11-13 20:35:05,027][src.models.modules.semantic_id.tiger_generation_model][WARNING] - [rank: 0]   Hierarchy 1 shape: torch.Size([32, 6, 2, 140])
[2025-11-13 20:35:05,028][src.models.modules.semantic_id.tiger_generation_model][WARNING] - [rank: 0]   Hierarchy 2 shape: torch.Size([32, 6, 140])
[2025-11-13 20:35:05,028][src.models.modules.semantic_id.tiger_generation_model][WARNING] - [rank: 0]   Hierarchy 3 shape: torch.Size([32, 6, 140])
[2025-11-13 20:35:05,028][src.models.modules.semantic_id.tiger_generation_model][WARNING] - [rank: 0]   Hierarchy 4 shape: torch.Size([32, 6, 140])
[2025-11-13 20:35:05,028][src.models.modules.semantic_id.tiger_generation_model][WARNING] - [rank: 0]   Hierarchy 5 shape: torch.Size([32, 6, 140])
[2025-11-13 20:35:05,451][src.models.modules.semantic_id.tiger_generation_model][INFO] - [rank: 0] Saved decoder self-attention to ./attention_weights/decoder_self_attention_batch_147.pt
[2025-11-13 20:35:05,451][src.models.modules.semantic_id.tiger_generation_model][INFO] - [rank: 0] Saved encoder attention to ./attention_weights/encoder_attention_batch_147.pt
[2025-11-13 20:35:05,452][src.models.modules.semantic_id.tiger_generation_model][INFO] - [rank: 0] Saved cross attention to ./attention_weights/cross_attention_batch_147.pt
[2025-11-13 20:35:05,458][src.models.modules.semantic_id.tiger_generation_model][INFO] - [rank: 0] 当前batch的生成语义ID Embedding相似度矩阵:
[[ 1.         -0.00629162  0.02689785 -0.0146774   0.00772015 -0.05190539]
 [-0.00629162  1.          0.0226576   0.01920504 -0.00600732  0.00453721]
 [ 0.02689785  0.0226576   1.          0.01903593 -0.01508153 -0.02324461]
 [-0.0146774   0.01920504  0.01903593  1.         -0.02939216 -0.01405734]
 [ 0.00772015 -0.00600732 -0.01508153 -0.02939216  1.         -0.03089849]
 [-0.05190539  0.00453721 -0.02324461 -0.01405734 -0.03089849  1.0000004 ]]
[2025-11-13 20:35:06,279][src.models.modules.semantic_id.tiger_generation_model][INFO] - [rank: 0] 当前batch的输入Item Hierarchy Embedding相似度矩阵:
[[ 1.00000000e+00 -3.16461101e-02  6.21769810e-03 -6.76192751e-04
   4.34389152e-03 -1.04988208e-02]
 [-3.16461101e-02  1.00000000e+00  1.12459844e-03 -1.76827367e-02
  -5.94849978e-03  2.68108211e-03]
 [ 6.21769810e-03  1.12459844e-03  1.00000000e+00  5.23443799e-04
  -1.28546385e-02 -1.84358899e-02]
 [-6.76192751e-04 -1.76827367e-02  5.23443799e-04  1.00000000e+00
  -2.16612183e-02  3.66364070e-03]
 [ 4.34389152e-03 -5.94849978e-03 -1.28546385e-02 -2.16612183e-02
   1.00000000e+00  5.82078611e-03]
 [-1.04988208e-02  2.68108211e-03 -1.84358899e-02  3.66364070e-03
   5.82078611e-03  1.00000012e+00]]
[2025-11-13 20:35:06,910][src.models.modules.semantic_id.tiger_generation_model][WARNING] - [rank: 0] Failed to stack cross attentions: stack expects each tensor to be equal size, but got [32, 6, 140] at entry 0 and [32, 6, 2, 140] at entry 1
[2025-11-13 20:35:06,911][src.models.modules.semantic_id.tiger_generation_model][WARNING] - [rank: 0]   Hierarchy 0 shape: torch.Size([32, 6, 140])
[2025-11-13 20:35:06,911][src.models.modules.semantic_id.tiger_generation_model][WARNING] - [rank: 0]   Hierarchy 1 shape: torch.Size([32, 6, 2, 140])
[2025-11-13 20:35:06,911][src.models.modules.semantic_id.tiger_generation_model][WARNING] - [rank: 0]   Hierarchy 2 shape: torch.Size([32, 6, 140])
[2025-11-13 20:35:06,911][src.models.modules.semantic_id.tiger_generation_model][WARNING] - [rank: 0]   Hierarchy 3 shape: torch.Size([32, 6, 140])
[2025-11-13 20:35:06,912][src.models.modules.semantic_id.tiger_generation_model][WARNING] - [rank: 0]   Hierarchy 4 shape: torch.Size([32, 6, 140])
[2025-11-13 20:35:06,912][src.models.modules.semantic_id.tiger_generation_model][WARNING] - [rank: 0]   Hierarchy 5 shape: torch.Size([32, 6, 140])
[2025-11-13 20:35:07,162][src.models.modules.semantic_id.tiger_generation_model][INFO] - [rank: 0] Saved decoder self-attention to ./attention_weights/decoder_self_attention_batch_148.pt
[2025-11-13 20:35:07,162][src.models.modules.semantic_id.tiger_generation_model][INFO] - [rank: 0] Saved encoder attention to ./attention_weights/encoder_attention_batch_148.pt
[2025-11-13 20:35:07,162][src.models.modules.semantic_id.tiger_generation_model][INFO] - [rank: 0] Saved cross attention to ./attention_weights/cross_attention_batch_148.pt
[2025-11-13 20:35:07,181][src.models.modules.semantic_id.tiger_generation_model][INFO] - [rank: 0] 当前batch的生成语义ID Embedding相似度矩阵:
[[ 1.0000000e+00  1.4051688e-02  1.3642393e-02 -2.1739164e-02
   2.6462691e-02 -1.3729758e-02]
 [ 1.4051688e-02  1.0000000e+00  4.5898482e-03 -1.9912817e-02
   4.1901167e-03  1.2638481e-02]
 [ 1.3642393e-02  4.5898482e-03  1.0000000e+00  3.1920515e-02
   6.8628881e-04  4.7994312e-03]
 [-2.1739164e-02 -1.9912817e-02  3.1920515e-02  1.0000000e+00
  -1.0265242e-02  1.6004624e-02]
 [ 2.6462691e-02  4.1901167e-03  6.8628881e-04 -1.0265242e-02
   1.0000000e+00 -1.2443077e-02]
 [-1.3729758e-02  1.2638481e-02  4.7994312e-03  1.6004624e-02
  -1.2443077e-02  1.0000004e+00]]
[2025-11-13 20:35:08,689][src.models.modules.semantic_id.tiger_generation_model][INFO] - [rank: 0] 当前batch的输入Item Hierarchy Embedding相似度矩阵:
[[ 1.0000000e+00 -4.5681242e-03  1.0276544e-02  7.3969676e-03
  -1.5465657e-02 -4.8590531e-03]
 [-4.5681242e-03  1.0000000e+00  1.5388263e-02 -2.8829796e-03
  -6.5527349e-03  7.6043280e-03]
 [ 1.0276544e-02  1.5388263e-02  1.0000000e+00  1.0603197e-02
   1.1419433e-02 -1.1726735e-02]
 [ 7.3969676e-03 -2.8829796e-03  1.0603197e-02  1.0000000e+00
  -1.2228649e-02  1.7004168e-02]
 [-1.5465657e-02 -6.5527349e-03  1.1419433e-02 -1.2228649e-02
   1.0000000e+00  9.3694421e-04]
 [-4.8590531e-03  7.6043280e-03 -1.1726735e-02  1.7004168e-02
   9.3694421e-04  1.0000001e+00]]
[2025-11-13 20:35:09,877][src.models.modules.semantic_id.tiger_generation_model][WARNING] - [rank: 0] Failed to stack cross attentions: stack expects each tensor to be equal size, but got [32, 6, 140] at entry 0 and [32, 6, 2, 140] at entry 1
[2025-11-13 20:35:09,878][src.models.modules.semantic_id.tiger_generation_model][WARNING] - [rank: 0]   Hierarchy 0 shape: torch.Size([32, 6, 140])
[2025-11-13 20:35:09,878][src.models.modules.semantic_id.tiger_generation_model][WARNING] - [rank: 0]   Hierarchy 1 shape: torch.Size([32, 6, 2, 140])
[2025-11-13 20:35:09,878][src.models.modules.semantic_id.tiger_generation_model][WARNING] - [rank: 0]   Hierarchy 2 shape: torch.Size([32, 6, 140])
[2025-11-13 20:35:09,878][src.models.modules.semantic_id.tiger_generation_model][WARNING] - [rank: 0]   Hierarchy 3 shape: torch.Size([32, 6, 140])
[2025-11-13 20:35:09,878][src.models.modules.semantic_id.tiger_generation_model][WARNING] - [rank: 0]   Hierarchy 4 shape: torch.Size([32, 6, 140])
[2025-11-13 20:35:09,879][src.models.modules.semantic_id.tiger_generation_model][WARNING] - [rank: 0]   Hierarchy 5 shape: torch.Size([32, 6, 140])
[2025-11-13 20:35:10,268][src.models.modules.semantic_id.tiger_generation_model][INFO] - [rank: 0] Saved decoder self-attention to ./attention_weights/decoder_self_attention_batch_149.pt
[2025-11-13 20:35:10,270][src.models.modules.semantic_id.tiger_generation_model][INFO] - [rank: 0] Saved encoder attention to ./attention_weights/encoder_attention_batch_149.pt
[2025-11-13 20:35:10,271][src.models.modules.semantic_id.tiger_generation_model][INFO] - [rank: 0] Saved cross attention to ./attention_weights/cross_attention_batch_149.pt
[2025-11-13 20:35:10,281][src.models.modules.semantic_id.tiger_generation_model][INFO] - [rank: 0] 当前batch的生成语义ID Embedding相似度矩阵:
[[ 1.0000000e+00 -3.0468561e-02  2.1102548e-02 -5.7707960e-03
  -4.4601094e-03 -1.2798705e-02]
 [-3.0468561e-02  1.0000000e+00  2.4870289e-02  9.8988805e-03
  -3.3610030e-03 -1.2691185e-02]
 [ 2.1102548e-02  2.4870289e-02  1.0000000e+00  2.6717596e-04
   2.8050723e-02 -3.6067069e-02]
 [-5.7707960e-03  9.8988805e-03  2.6717596e-04  1.0000000e+00
  -2.7138557e-02  2.0034965e-02]
 [-4.4601094e-03 -3.3610030e-03  2.8050723e-02 -2.7138557e-02
   1.0000000e+00  1.6752919e-02]
 [-1.2798705e-02 -1.2691185e-02 -3.6067069e-02  2.0034965e-02
   1.6752919e-02  1.0000004e+00]]
[2025-11-13 20:35:12,007][src.models.modules.semantic_id.tiger_generation_model][INFO] - [rank: 0] 当前batch的输入Item Hierarchy Embedding相似度矩阵:
[[ 1.0000000e+00 -1.4556840e-02 -1.2089438e-02 -9.8392682e-04
  -1.6218526e-03 -1.5090476e-02]
 [-1.4556840e-02  1.0000000e+00  1.0507347e-02 -5.8014048e-03
  -7.0974147e-03 -5.5347965e-04]
 [-1.2089438e-02  1.0507347e-02  1.0000000e+00  1.7897421e-03
  -5.0210170e-03 -9.3920846e-03]
 [-9.8392682e-04 -5.8014048e-03  1.7897421e-03  1.0000000e+00
  -2.3778863e-03  6.9881505e-03]
 [-1.6218526e-03 -7.0974147e-03 -5.0210170e-03 -2.3778863e-03
   1.0000000e+00  1.2129630e-02]
 [-1.5090476e-02 -5.5347965e-04 -9.3920846e-03  6.9881505e-03
   1.2129630e-02  1.0000001e+00]]
[2025-11-13 20:35:13,107][src.models.modules.semantic_id.tiger_generation_model][WARNING] - [rank: 0] Failed to stack cross attentions: stack expects each tensor to be equal size, but got [32, 6, 140] at entry 0 and [32, 6, 2, 140] at entry 1
[2025-11-13 20:35:13,107][src.models.modules.semantic_id.tiger_generation_model][WARNING] - [rank: 0]   Hierarchy 0 shape: torch.Size([32, 6, 140])
[2025-11-13 20:35:13,107][src.models.modules.semantic_id.tiger_generation_model][WARNING] - [rank: 0]   Hierarchy 1 shape: torch.Size([32, 6, 2, 140])
[2025-11-13 20:35:13,108][src.models.modules.semantic_id.tiger_generation_model][WARNING] - [rank: 0]   Hierarchy 2 shape: torch.Size([32, 6, 140])
[2025-11-13 20:35:13,108][src.models.modules.semantic_id.tiger_generation_model][WARNING] - [rank: 0]   Hierarchy 3 shape: torch.Size([32, 6, 140])
[2025-11-13 20:35:13,108][src.models.modules.semantic_id.tiger_generation_model][WARNING] - [rank: 0]   Hierarchy 4 shape: torch.Size([32, 6, 140])
[2025-11-13 20:35:13,108][src.models.modules.semantic_id.tiger_generation_model][WARNING] - [rank: 0]   Hierarchy 5 shape: torch.Size([32, 6, 140])
[2025-11-13 20:35:13,397][src.models.modules.semantic_id.tiger_generation_model][INFO] - [rank: 0] Saved decoder self-attention to ./attention_weights/decoder_self_attention_batch_150.pt
[2025-11-13 20:35:13,398][src.models.modules.semantic_id.tiger_generation_model][INFO] - [rank: 0] Saved encoder attention to ./attention_weights/encoder_attention_batch_150.pt
[2025-11-13 20:35:13,398][src.models.modules.semantic_id.tiger_generation_model][INFO] - [rank: 0] Saved cross attention to ./attention_weights/cross_attention_batch_150.pt
[2025-11-13 20:35:13,405][src.models.modules.semantic_id.tiger_generation_model][INFO] - [rank: 0] 当前batch的生成语义ID Embedding相似度矩阵:
[[ 1.0000000e+00 -8.7297568e-04  1.8077785e-02 -1.8906526e-02
  -7.8718318e-03 -1.7457396e-02]
 [-8.7297568e-04  9.9999994e-01  2.7414164e-02 -2.6236961e-02
   4.6946011e-03  2.6708758e-02]
 [ 1.8077785e-02  2.7414164e-02  1.0000000e+00 -1.8837934e-02
  -6.4512836e-03  2.0289153e-02]
 [-1.8906526e-02 -2.6236961e-02 -1.8837934e-02  1.0000000e+00
  -2.2818370e-02  1.7100388e-02]
 [-7.8718318e-03  4.6946011e-03 -6.4512836e-03 -2.2818370e-02
   1.0000000e+00 -3.5430856e-02]
 [-1.7457396e-02  2.6708758e-02  2.0289153e-02  1.7100388e-02
  -3.5430856e-02  1.0000004e+00]]
[2025-11-13 20:35:14,149][src.models.modules.semantic_id.tiger_generation_model][INFO] - [rank: 0] 当前batch的输入Item Hierarchy Embedding相似度矩阵:
[[ 9.9999994e-01  8.3685829e-04 -1.2459428e-02  6.3175838e-03
  -1.7375078e-03 -5.8429344e-03]
 [ 8.3685829e-04  9.9999994e-01 -2.8431099e-03 -4.7676726e-03
  -2.1399122e-03  5.6384336e-03]
 [-1.2459428e-02 -2.8431099e-03  9.9999994e-01  5.7460781e-04
  -1.0460159e-02  9.3252375e-04]
 [ 6.3175838e-03 -4.7676726e-03  5.7460781e-04  9.9999994e-01
  -1.4323023e-02  1.0372852e-02]
 [-1.7375078e-03 -2.1399122e-03 -1.0460159e-02 -1.4323023e-02
   9.9999994e-01  6.5879864e-03]
 [-5.8429344e-03  5.6384336e-03  9.3252375e-04  1.0372852e-02
   6.5879864e-03  1.0000000e+00]]
[2025-11-13 20:35:15,228][src.models.modules.semantic_id.tiger_generation_model][WARNING] - [rank: 0] Failed to stack cross attentions: stack expects each tensor to be equal size, but got [32, 6, 140] at entry 0 and [32, 6, 2, 140] at entry 1
[2025-11-13 20:35:15,229][src.models.modules.semantic_id.tiger_generation_model][WARNING] - [rank: 0]   Hierarchy 0 shape: torch.Size([32, 6, 140])
[2025-11-13 20:35:15,229][src.models.modules.semantic_id.tiger_generation_model][WARNING] - [rank: 0]   Hierarchy 1 shape: torch.Size([32, 6, 2, 140])
[2025-11-13 20:35:15,229][src.models.modules.semantic_id.tiger_generation_model][WARNING] - [rank: 0]   Hierarchy 2 shape: torch.Size([32, 6, 140])
[2025-11-13 20:35:15,229][src.models.modules.semantic_id.tiger_generation_model][WARNING] - [rank: 0]   Hierarchy 3 shape: torch.Size([32, 6, 140])
[2025-11-13 20:35:15,230][src.models.modules.semantic_id.tiger_generation_model][WARNING] - [rank: 0]   Hierarchy 4 shape: torch.Size([32, 6, 140])
[2025-11-13 20:35:15,230][src.models.modules.semantic_id.tiger_generation_model][WARNING] - [rank: 0]   Hierarchy 5 shape: torch.Size([32, 6, 140])
[2025-11-13 20:35:16,455][src.models.modules.semantic_id.tiger_generation_model][INFO] - [rank: 0] Saved decoder self-attention to ./attention_weights/decoder_self_attention_batch_151.pt
[2025-11-13 20:35:16,456][src.models.modules.semantic_id.tiger_generation_model][INFO] - [rank: 0] Saved encoder attention to ./attention_weights/encoder_attention_batch_151.pt
[2025-11-13 20:35:16,456][src.models.modules.semantic_id.tiger_generation_model][INFO] - [rank: 0] Saved cross attention to ./attention_weights/cross_attention_batch_151.pt
[2025-11-13 20:35:16,463][src.models.modules.semantic_id.tiger_generation_model][INFO] - [rank: 0] 当前batch的生成语义ID Embedding相似度矩阵:
[[ 1.         -0.03763742  0.04784766 -0.04008183 -0.04079004 -0.022587  ]
 [-0.03763742  0.9999998  -0.02204739  0.02161714  0.04060978  0.01249967]
 [ 0.04784766 -0.02204739  1.         -0.03624473 -0.06154678  0.0119662 ]
 [-0.04008183  0.02161714 -0.03624473  1.          0.00595799  0.03711327]
 [-0.04079004  0.04060978 -0.06154678  0.00595799  1.          0.0077865 ]
 [-0.022587    0.01249967  0.0119662   0.03711327  0.0077865   1.0000004 ]]
[2025-11-13 20:35:17,660][src.models.modules.semantic_id.tiger_generation_model][INFO] - [rank: 0] 当前batch的输入Item Hierarchy Embedding相似度矩阵:
[[ 1.0000000e+00 -3.4452495e-03 -2.0828550e-03 -9.8785129e-04
  -1.6339986e-02 -9.0752952e-03]
 [-3.4452495e-03  1.0000000e+00 -4.2352946e-03  1.1225703e-02
   7.3701645e-05  3.5537663e-03]
 [-2.0828550e-03 -4.2352946e-03  1.0000000e+00 -4.4689504e-03
  -1.5874175e-02  1.3326596e-03]
 [-9.8785129e-04  1.1225703e-02 -4.4689504e-03  1.0000000e+00
  -1.6118204e-02  6.4936001e-04]
 [-1.6339986e-02  7.3701645e-05 -1.5874175e-02 -1.6118204e-02
   1.0000000e+00  1.0844525e-02]
 [-9.0752952e-03  3.5537663e-03  1.3326596e-03  6.4936001e-04
   1.0844525e-02  1.0000001e+00]]
[2025-11-13 20:35:18,582][src.models.modules.semantic_id.tiger_generation_model][WARNING] - [rank: 0] Failed to stack cross attentions: stack expects each tensor to be equal size, but got [32, 6, 140] at entry 0 and [32, 6, 2, 140] at entry 1
[2025-11-13 20:35:18,583][src.models.modules.semantic_id.tiger_generation_model][WARNING] - [rank: 0]   Hierarchy 0 shape: torch.Size([32, 6, 140])
[2025-11-13 20:35:18,583][src.models.modules.semantic_id.tiger_generation_model][WARNING] - [rank: 0]   Hierarchy 1 shape: torch.Size([32, 6, 2, 140])
[2025-11-13 20:35:18,584][src.models.modules.semantic_id.tiger_generation_model][WARNING] - [rank: 0]   Hierarchy 2 shape: torch.Size([32, 6, 140])
[2025-11-13 20:35:18,584][src.models.modules.semantic_id.tiger_generation_model][WARNING] - [rank: 0]   Hierarchy 3 shape: torch.Size([32, 6, 140])
[2025-11-13 20:35:18,584][src.models.modules.semantic_id.tiger_generation_model][WARNING] - [rank: 0]   Hierarchy 4 shape: torch.Size([32, 6, 140])
[2025-11-13 20:35:18,584][src.models.modules.semantic_id.tiger_generation_model][WARNING] - [rank: 0]   Hierarchy 5 shape: torch.Size([32, 6, 140])
[2025-11-13 20:35:18,782][src.models.modules.semantic_id.tiger_generation_model][INFO] - [rank: 0] Saved decoder self-attention to ./attention_weights/decoder_self_attention_batch_152.pt
[2025-11-13 20:35:18,783][src.models.modules.semantic_id.tiger_generation_model][INFO] - [rank: 0] Saved encoder attention to ./attention_weights/encoder_attention_batch_152.pt
[2025-11-13 20:35:18,783][src.models.modules.semantic_id.tiger_generation_model][INFO] - [rank: 0] Saved cross attention to ./attention_weights/cross_attention_batch_152.pt
[2025-11-13 20:35:18,793][src.models.modules.semantic_id.tiger_generation_model][INFO] - [rank: 0] 当前batch的生成语义ID Embedding相似度矩阵:
[[ 9.9999994e-01  9.0199243e-04  2.0065608e-02 -1.0098402e-02
  -3.5791334e-03 -1.0100082e-03]
 [ 9.0199243e-04  1.0000000e+00  7.8664059e-03 -5.1840842e-03
  -1.2129963e-02 -1.2298579e-02]
 [ 2.0065608e-02  7.8664059e-03  1.0000000e+00 -1.0657860e-03
   3.9419681e-03  1.3785263e-02]
 [-1.0098402e-02 -5.1840842e-03 -1.0657860e-03  1.0000000e+00
  -1.5401154e-02  1.9644205e-02]
 [-3.5791334e-03 -1.2129963e-02  3.9419681e-03 -1.5401154e-02
   1.0000000e+00  3.5714824e-02]
 [-1.0100082e-03 -1.2298579e-02  1.3785263e-02  1.9644205e-02
   3.5714824e-02  1.0000004e+00]]
[2025-11-13 20:35:20,426][src.models.modules.semantic_id.tiger_generation_model][INFO] - [rank: 0] 当前batch的输入Item Hierarchy Embedding相似度矩阵:
[[ 1.00000000e+00 -1.80490725e-02  4.37874021e-03  1.77891087e-02
   8.99120327e-03  1.90541670e-02]
 [-1.80490725e-02  1.00000000e+00  1.84621979e-02 -2.05961382e-03
  -6.97694067e-03 -8.59097391e-03]
 [ 4.37874021e-03  1.84621979e-02  1.00000000e+00  7.26294331e-03
  -1.49871465e-02 -3.03216711e-05]
 [ 1.77891087e-02 -2.05961382e-03  7.26294331e-03  1.00000000e+00
  -1.19859437e-02  1.27581228e-03]
 [ 8.99120327e-03 -6.97694067e-03 -1.49871465e-02 -1.19859437e-02
   1.00000000e+00  1.48529867e-02]
 [ 1.90541670e-02 -8.59097391e-03 -3.03216711e-05  1.27581228e-03
   1.48529867e-02  1.00000048e+00]]
[2025-11-13 20:35:21,419][src.models.modules.semantic_id.tiger_generation_model][WARNING] - [rank: 0] Failed to stack cross attentions: stack expects each tensor to be equal size, but got [32, 6, 140] at entry 0 and [32, 6, 2, 140] at entry 1
[2025-11-13 20:35:21,420][src.models.modules.semantic_id.tiger_generation_model][WARNING] - [rank: 0]   Hierarchy 0 shape: torch.Size([32, 6, 140])
[2025-11-13 20:35:21,420][src.models.modules.semantic_id.tiger_generation_model][WARNING] - [rank: 0]   Hierarchy 1 shape: torch.Size([32, 6, 2, 140])
[2025-11-13 20:35:21,420][src.models.modules.semantic_id.tiger_generation_model][WARNING] - [rank: 0]   Hierarchy 2 shape: torch.Size([32, 6, 140])
[2025-11-13 20:35:21,420][src.models.modules.semantic_id.tiger_generation_model][WARNING] - [rank: 0]   Hierarchy 3 shape: torch.Size([32, 6, 140])
[2025-11-13 20:35:21,420][src.models.modules.semantic_id.tiger_generation_model][WARNING] - [rank: 0]   Hierarchy 4 shape: torch.Size([32, 6, 140])
[2025-11-13 20:35:21,421][src.models.modules.semantic_id.tiger_generation_model][WARNING] - [rank: 0]   Hierarchy 5 shape: torch.Size([32, 6, 140])
[2025-11-13 20:35:21,923][src.models.modules.semantic_id.tiger_generation_model][INFO] - [rank: 0] Saved decoder self-attention to ./attention_weights/decoder_self_attention_batch_153.pt
[2025-11-13 20:35:21,924][src.models.modules.semantic_id.tiger_generation_model][INFO] - [rank: 0] Saved encoder attention to ./attention_weights/encoder_attention_batch_153.pt
[2025-11-13 20:35:21,924][src.models.modules.semantic_id.tiger_generation_model][INFO] - [rank: 0] Saved cross attention to ./attention_weights/cross_attention_batch_153.pt
[2025-11-13 20:35:21,933][src.models.modules.semantic_id.tiger_generation_model][INFO] - [rank: 0] 当前batch的生成语义ID Embedding相似度矩阵:
[[ 9.9999976e-01 -3.5049212e-03  9.4289845e-03 -3.5686821e-02
  -3.1733583e-04  1.0428046e-02]
 [-3.5049212e-03  1.0000000e+00 -3.6649548e-02 -2.0657336e-02
  -5.8869706e-03  2.9290510e-02]
 [ 9.4289845e-03 -3.6649548e-02  1.0000000e+00 -7.2725024e-03
   1.7082438e-02 -2.3100454e-02]
 [-3.5686821e-02 -2.0657336e-02 -7.2725024e-03  1.0000000e+00
  -9.7743552e-03  5.3520501e-02]
 [-3.1733583e-04 -5.8869706e-03  1.7082438e-02 -9.7743552e-03
   1.0000000e+00  8.6700469e-03]
 [ 1.0428046e-02  2.9290510e-02 -2.3100454e-02  5.3520501e-02
   8.6700469e-03  1.0000004e+00]]
[2025-11-13 20:35:23,203][src.models.modules.semantic_id.tiger_generation_model][INFO] - [rank: 0] 当前batch的输入Item Hierarchy Embedding相似度矩阵:
[[ 1.         -0.01978464  0.01807074 -0.02573418 -0.0035736  -0.00190996]
 [-0.01978464  1.         -0.02491069 -0.0028463   0.00837654 -0.00691051]
 [ 0.01807074 -0.02491069  1.         -0.01633596 -0.00387306 -0.00939793]
 [-0.02573418 -0.0028463  -0.01633596  1.         -0.02479491  0.01318027]
 [-0.0035736   0.00837654 -0.00387306 -0.02479491  1.          0.02593777]
 [-0.00190996 -0.00691051 -0.00939793  0.01318027  0.02593777  1.0000001 ]]
[2025-11-13 20:35:23,350][src.utils.inference_utils][INFO] - Global Rank: 2 wrote 5632 rows to /data/mhwang/Rec/GRID/logs/inference/runs/2025-11-13/20-28-12/pickle/predictions_2_20251113T123523294.pkl.
[2025-11-13 20:35:23,378][src.utils.inference_utils][INFO] - Rank 2 finished writing predictions.
[2025-11-13 20:35:23,800][src.models.modules.semantic_id.tiger_generation_model][WARNING] - [rank: 0] Failed to stack cross attentions: stack expects each tensor to be equal size, but got [32, 6, 140] at entry 0 and [32, 6, 2, 140] at entry 1
[2025-11-13 20:35:23,800][src.models.modules.semantic_id.tiger_generation_model][WARNING] - [rank: 0]   Hierarchy 0 shape: torch.Size([32, 6, 140])
[2025-11-13 20:35:23,801][src.models.modules.semantic_id.tiger_generation_model][WARNING] - [rank: 0]   Hierarchy 1 shape: torch.Size([32, 6, 2, 140])
[2025-11-13 20:35:23,801][src.models.modules.semantic_id.tiger_generation_model][WARNING] - [rank: 0]   Hierarchy 2 shape: torch.Size([32, 6, 140])
[2025-11-13 20:35:23,801][src.models.modules.semantic_id.tiger_generation_model][WARNING] - [rank: 0]   Hierarchy 3 shape: torch.Size([32, 6, 140])
[2025-11-13 20:35:23,801][src.models.modules.semantic_id.tiger_generation_model][WARNING] - [rank: 0]   Hierarchy 4 shape: torch.Size([32, 6, 140])
[2025-11-13 20:35:23,801][src.models.modules.semantic_id.tiger_generation_model][WARNING] - [rank: 0]   Hierarchy 5 shape: torch.Size([32, 6, 140])
[2025-11-13 20:35:24,005][src.models.modules.semantic_id.tiger_generation_model][INFO] - [rank: 0] Saved decoder self-attention to ./attention_weights/decoder_self_attention_batch_154.pt
[2025-11-13 20:35:24,006][src.models.modules.semantic_id.tiger_generation_model][INFO] - [rank: 0] Saved encoder attention to ./attention_weights/encoder_attention_batch_154.pt
[2025-11-13 20:35:24,006][src.models.modules.semantic_id.tiger_generation_model][INFO] - [rank: 0] Saved cross attention to ./attention_weights/cross_attention_batch_154.pt
[2025-11-13 20:35:24,013][src.models.modules.semantic_id.tiger_generation_model][INFO] - [rank: 0] 当前batch的生成语义ID Embedding相似度矩阵:
[[ 1.0000000e+00 -1.3834235e-02  1.7920654e-02 -5.2878233e-03
  -9.0787131e-03 -6.6920742e-02]
 [-1.3834235e-02  1.0000000e+00  2.6899336e-02  1.1582019e-02
  -2.5165036e-02 -6.9865254e-03]
 [ 1.7920654e-02  2.6899336e-02  1.0000000e+00 -1.7035242e-02
  -5.4608309e-04 -2.0951347e-02]
 [-5.2878233e-03  1.1582019e-02 -1.7035242e-02  1.0000000e+00
   8.1280526e-04  4.6002060e-02]
 [-9.0787131e-03 -2.5165036e-02 -5.4608309e-04  8.1280526e-04
   1.0000000e+00  4.2285942e-02]
 [-6.6920742e-02 -6.9865254e-03 -2.0951347e-02  4.6002060e-02
   4.2285942e-02  1.0000004e+00]]
[2025-11-13 20:35:25,091][src.models.modules.semantic_id.tiger_generation_model][INFO] - [rank: 0] 当前batch的输入Item Hierarchy Embedding相似度矩阵:
[[ 1.0000000e+00  1.2139165e-03  1.1113686e-03 -7.6689166e-03
  -9.5087680e-04 -1.9903034e-02]
 [ 1.2139165e-03  1.0000000e+00  7.3057325e-03 -2.3832687e-04
  -1.4015763e-03 -3.0646827e-03]
 [ 1.1113686e-03  7.3057325e-03  1.0000000e+00  3.3160145e-03
  -5.6056804e-03 -1.8479180e-03]
 [-7.6689166e-03 -2.3832687e-04  3.3160145e-03  1.0000000e+00
   2.8888618e-03  5.0615170e-03]
 [-9.5087680e-04 -1.4015763e-03 -5.6056804e-03  2.8888618e-03
   1.0000000e+00  1.4523968e-02]
 [-1.9903034e-02 -3.0646827e-03 -1.8479180e-03  5.0615170e-03
   1.4523968e-02  1.0000005e+00]]
[2025-11-13 20:35:25,796][src.models.modules.semantic_id.tiger_generation_model][WARNING] - [rank: 0] Failed to stack cross attentions: stack expects each tensor to be equal size, but got [32, 6, 140] at entry 0 and [32, 6, 2, 140] at entry 1
[2025-11-13 20:35:25,797][src.models.modules.semantic_id.tiger_generation_model][WARNING] - [rank: 0]   Hierarchy 0 shape: torch.Size([32, 6, 140])
[2025-11-13 20:35:25,798][src.models.modules.semantic_id.tiger_generation_model][WARNING] - [rank: 0]   Hierarchy 1 shape: torch.Size([32, 6, 2, 140])
[2025-11-13 20:35:25,798][src.models.modules.semantic_id.tiger_generation_model][WARNING] - [rank: 0]   Hierarchy 2 shape: torch.Size([32, 6, 140])
[2025-11-13 20:35:25,799][src.models.modules.semantic_id.tiger_generation_model][WARNING] - [rank: 0]   Hierarchy 3 shape: torch.Size([32, 6, 140])
[2025-11-13 20:35:25,799][src.models.modules.semantic_id.tiger_generation_model][WARNING] - [rank: 0]   Hierarchy 4 shape: torch.Size([32, 6, 140])
[2025-11-13 20:35:25,799][src.models.modules.semantic_id.tiger_generation_model][WARNING] - [rank: 0]   Hierarchy 5 shape: torch.Size([32, 6, 140])
[2025-11-13 20:35:26,032][src.models.modules.semantic_id.tiger_generation_model][INFO] - [rank: 0] Saved decoder self-attention to ./attention_weights/decoder_self_attention_batch_155.pt
[2025-11-13 20:35:26,033][src.models.modules.semantic_id.tiger_generation_model][INFO] - [rank: 0] Saved encoder attention to ./attention_weights/encoder_attention_batch_155.pt
[2025-11-13 20:35:26,033][src.models.modules.semantic_id.tiger_generation_model][INFO] - [rank: 0] Saved cross attention to ./attention_weights/cross_attention_batch_155.pt
[2025-11-13 20:35:26,042][src.models.modules.semantic_id.tiger_generation_model][INFO] - [rank: 0] 当前batch的生成语义ID Embedding相似度矩阵:
[[ 1.         -0.01102811 -0.0111168   0.01491805 -0.03622615 -0.04050025]
 [-0.01102811  1.         -0.00329813 -0.02716995  0.00218407 -0.00460568]
 [-0.0111168  -0.00329813  1.         -0.03516945  0.0144281   0.00840929]
 [ 0.01491805 -0.02716995 -0.03516945  1.         -0.01512305  0.02013092]
 [-0.03622615  0.00218407  0.0144281  -0.01512305  1.         -0.0097726 ]
 [-0.04050025 -0.00460568  0.00840929  0.02013092 -0.0097726   1.0000002 ]]
[2025-11-13 20:35:27,001][src.models.modules.semantic_id.tiger_generation_model][INFO] - [rank: 0] 当前batch的输入Item Hierarchy Embedding相似度矩阵:
[[ 0.99999994 -0.00641431  0.00401282 -0.00203053 -0.01118521 -0.01337655]
 [-0.00641431  0.99999994 -0.00309636  0.0042813   0.0010683  -0.00821068]
 [ 0.00401282 -0.00309636  0.99999994  0.00342275 -0.00942309  0.00332636]
 [-0.00203053  0.0042813   0.00342275  0.99999994 -0.00578751  0.01421717]
 [-0.01118521  0.0010683  -0.00942309 -0.00578751  0.99999994 -0.00253199]
 [-0.01337655 -0.00821068  0.00332636  0.01421717 -0.00253199  1.        ]]
[2025-11-13 20:35:27,762][src.models.modules.semantic_id.tiger_generation_model][WARNING] - [rank: 0] Failed to stack cross attentions: stack expects each tensor to be equal size, but got [32, 6, 140] at entry 0 and [32, 6, 2, 140] at entry 1
[2025-11-13 20:35:27,763][src.models.modules.semantic_id.tiger_generation_model][WARNING] - [rank: 0]   Hierarchy 0 shape: torch.Size([32, 6, 140])
[2025-11-13 20:35:27,763][src.models.modules.semantic_id.tiger_generation_model][WARNING] - [rank: 0]   Hierarchy 1 shape: torch.Size([32, 6, 2, 140])
[2025-11-13 20:35:27,764][src.models.modules.semantic_id.tiger_generation_model][WARNING] - [rank: 0]   Hierarchy 2 shape: torch.Size([32, 6, 140])
[2025-11-13 20:35:27,764][src.models.modules.semantic_id.tiger_generation_model][WARNING] - [rank: 0]   Hierarchy 3 shape: torch.Size([32, 6, 140])
[2025-11-13 20:35:27,765][src.models.modules.semantic_id.tiger_generation_model][WARNING] - [rank: 0]   Hierarchy 4 shape: torch.Size([32, 6, 140])
[2025-11-13 20:35:27,765][src.models.modules.semantic_id.tiger_generation_model][WARNING] - [rank: 0]   Hierarchy 5 shape: torch.Size([32, 6, 140])
[2025-11-13 20:35:27,975][src.models.modules.semantic_id.tiger_generation_model][INFO] - [rank: 0] Saved decoder self-attention to ./attention_weights/decoder_self_attention_batch_156.pt
[2025-11-13 20:35:27,975][src.models.modules.semantic_id.tiger_generation_model][INFO] - [rank: 0] Saved encoder attention to ./attention_weights/encoder_attention_batch_156.pt
[2025-11-13 20:35:27,975][src.models.modules.semantic_id.tiger_generation_model][INFO] - [rank: 0] Saved cross attention to ./attention_weights/cross_attention_batch_156.pt
[2025-11-13 20:35:27,986][src.models.modules.semantic_id.tiger_generation_model][INFO] - [rank: 0] 当前batch的生成语义ID Embedding相似度矩阵:
[[ 1.          0.00126598  0.01195621  0.01421613 -0.01301098  0.01021378]
 [ 0.00126598  1.         -0.01523419 -0.03855095 -0.01617902 -0.03775007]
 [ 0.01195621 -0.01523419  1.          0.00709338 -0.03724661  0.02041554]
 [ 0.01421613 -0.03855095  0.00709338  1.         -0.02468384  0.01519327]
 [-0.01301098 -0.01617902 -0.03724661 -0.02468384  1.          0.00258236]
 [ 0.01021378 -0.03775007  0.02041554  0.01519327  0.00258236  1.0000004 ]]
[2025-11-13 20:35:28,687][src.models.modules.semantic_id.tiger_generation_model][INFO] - [rank: 0] 当前batch的输入Item Hierarchy Embedding相似度矩阵:
[[ 1.0000000e+00 -1.8088488e-02  8.2683098e-03  2.0254417e-03
  -1.7183356e-02  1.5106776e-02]
 [-1.8088488e-02  1.0000000e+00 -2.4204287e-03 -2.1322159e-04
   3.3185352e-03 -1.1403027e-02]
 [ 8.2683098e-03 -2.4204287e-03  1.0000000e+00  9.5292078e-03
  -7.5383526e-03 -1.2672756e-02]
 [ 2.0254417e-03 -2.1322159e-04  9.5292078e-03  1.0000000e+00
   7.2545530e-03  7.6371059e-03]
 [-1.7183356e-02  3.3185352e-03 -7.5383526e-03  7.2545530e-03
   1.0000000e+00  1.3636409e-02]
 [ 1.5106776e-02 -1.1403027e-02 -1.2672756e-02  7.6371059e-03
   1.3636409e-02  1.0000001e+00]]
[2025-11-13 20:35:29,334][src.models.modules.semantic_id.tiger_generation_model][WARNING] - [rank: 0] Failed to stack cross attentions: stack expects each tensor to be equal size, but got [32, 6, 140] at entry 0 and [32, 6, 2, 140] at entry 1
[2025-11-13 20:35:29,334][src.models.modules.semantic_id.tiger_generation_model][WARNING] - [rank: 0]   Hierarchy 0 shape: torch.Size([32, 6, 140])
[2025-11-13 20:35:29,335][src.models.modules.semantic_id.tiger_generation_model][WARNING] - [rank: 0]   Hierarchy 1 shape: torch.Size([32, 6, 2, 140])
[2025-11-13 20:35:29,335][src.models.modules.semantic_id.tiger_generation_model][WARNING] - [rank: 0]   Hierarchy 2 shape: torch.Size([32, 6, 140])
[2025-11-13 20:35:29,335][src.models.modules.semantic_id.tiger_generation_model][WARNING] - [rank: 0]   Hierarchy 3 shape: torch.Size([32, 6, 140])
[2025-11-13 20:35:29,335][src.models.modules.semantic_id.tiger_generation_model][WARNING] - [rank: 0]   Hierarchy 4 shape: torch.Size([32, 6, 140])
[2025-11-13 20:35:29,335][src.models.modules.semantic_id.tiger_generation_model][WARNING] - [rank: 0]   Hierarchy 5 shape: torch.Size([32, 6, 140])
[2025-11-13 20:35:29,556][src.models.modules.semantic_id.tiger_generation_model][INFO] - [rank: 0] Saved decoder self-attention to ./attention_weights/decoder_self_attention_batch_157.pt
[2025-11-13 20:35:29,557][src.models.modules.semantic_id.tiger_generation_model][INFO] - [rank: 0] Saved encoder attention to ./attention_weights/encoder_attention_batch_157.pt
[2025-11-13 20:35:29,557][src.models.modules.semantic_id.tiger_generation_model][INFO] - [rank: 0] Saved cross attention to ./attention_weights/cross_attention_batch_157.pt
[2025-11-13 20:35:29,567][src.models.modules.semantic_id.tiger_generation_model][INFO] - [rank: 0] 当前batch的生成语义ID Embedding相似度矩阵:
[[ 9.9999988e-01  9.6071046e-04  1.4976909e-02 -5.2784476e-02
  -2.4677854e-02 -1.3267774e-02]
 [ 9.6071046e-04  1.0000000e+00 -9.8934798e-03  1.6515944e-03
  -1.7429516e-02 -2.5739335e-04]
 [ 1.4976909e-02 -9.8934798e-03  1.0000000e+00 -1.5033972e-03
   1.0795438e-02  1.9794242e-02]
 [-5.2784476e-02  1.6515944e-03 -1.5033972e-03  9.9999994e-01
   1.6373286e-02  2.7892698e-02]
 [-2.4677854e-02 -1.7429516e-02  1.0795438e-02  1.6373286e-02
   1.0000000e+00  3.7246034e-02]
 [-1.3267774e-02 -2.5739335e-04  1.9794242e-02  2.7892698e-02
   3.7246034e-02  1.0000004e+00]]
[2025-11-13 20:35:30,561][src.models.modules.semantic_id.tiger_generation_model][INFO] - [rank: 0] 当前batch的输入Item Hierarchy Embedding相似度矩阵:
[[ 1.0000000e+00 -9.3428921e-03 -7.7768844e-03 -7.4381041e-03
   1.7760018e-02 -3.2182618e-03]
 [-9.3428921e-03  1.0000000e+00 -2.0070921e-03  4.9992074e-04
  -3.6097111e-04 -1.5639409e-02]
 [-7.7768844e-03 -2.0070921e-03  1.0000000e+00  5.6096725e-03
  -1.1037195e-02  2.3260212e-03]
 [-7.4381041e-03  4.9992074e-04  5.6096725e-03  1.0000000e+00
  -1.1389908e-02  3.3980021e-03]
 [ 1.7760018e-02 -3.6097111e-04 -1.1037195e-02 -1.1389908e-02
   1.0000000e+00  1.6876768e-02]
 [-3.2182618e-03 -1.5639409e-02  2.3260212e-03  3.3980021e-03
   1.6876768e-02  1.0000001e+00]]
[2025-11-13 20:35:31,466][src.models.modules.semantic_id.tiger_generation_model][WARNING] - [rank: 0] Failed to stack cross attentions: stack expects each tensor to be equal size, but got [32, 6, 140] at entry 0 and [32, 6, 2, 140] at entry 1
[2025-11-13 20:35:31,467][src.models.modules.semantic_id.tiger_generation_model][WARNING] - [rank: 0]   Hierarchy 0 shape: torch.Size([32, 6, 140])
[2025-11-13 20:35:31,467][src.models.modules.semantic_id.tiger_generation_model][WARNING] - [rank: 0]   Hierarchy 1 shape: torch.Size([32, 6, 2, 140])
[2025-11-13 20:35:31,467][src.models.modules.semantic_id.tiger_generation_model][WARNING] - [rank: 0]   Hierarchy 2 shape: torch.Size([32, 6, 140])
[2025-11-13 20:35:31,468][src.models.modules.semantic_id.tiger_generation_model][WARNING] - [rank: 0]   Hierarchy 3 shape: torch.Size([32, 6, 140])
[2025-11-13 20:35:31,468][src.models.modules.semantic_id.tiger_generation_model][WARNING] - [rank: 0]   Hierarchy 4 shape: torch.Size([32, 6, 140])
[2025-11-13 20:35:31,468][src.models.modules.semantic_id.tiger_generation_model][WARNING] - [rank: 0]   Hierarchy 5 shape: torch.Size([32, 6, 140])
[2025-11-13 20:35:31,768][src.models.modules.semantic_id.tiger_generation_model][INFO] - [rank: 0] Saved decoder self-attention to ./attention_weights/decoder_self_attention_batch_158.pt
[2025-11-13 20:35:31,769][src.models.modules.semantic_id.tiger_generation_model][INFO] - [rank: 0] Saved encoder attention to ./attention_weights/encoder_attention_batch_158.pt
[2025-11-13 20:35:31,770][src.models.modules.semantic_id.tiger_generation_model][INFO] - [rank: 0] Saved cross attention to ./attention_weights/cross_attention_batch_158.pt
[2025-11-13 20:35:31,779][src.models.modules.semantic_id.tiger_generation_model][INFO] - [rank: 0] 当前batch的生成语义ID Embedding相似度矩阵:
[[ 1.         -0.01997036  0.0154943   0.0172965  -0.01529122  0.01567599]
 [-0.01997036  0.9999999   0.00514469  0.01079524 -0.03034464 -0.0153811 ]
 [ 0.0154943   0.00514469  1.         -0.01185792 -0.00712945  0.01456942]
 [ 0.0172965   0.01079524 -0.01185792  1.         -0.02361705  0.0189454 ]
 [-0.01529122 -0.03034464 -0.00712945 -0.02361705  1.         -0.03233802]
 [ 0.01567599 -0.0153811   0.01456942  0.0189454  -0.03233802  1.0000004 ]]
[2025-11-13 20:35:32,598][src.utils.inference_utils][INFO] - Global Rank: 1 wrote 5504 rows to /data/mhwang/Rec/GRID/logs/inference/runs/2025-11-13/20-28-12/pickle/predictions_1_20251113T123532543.pkl.
[2025-11-13 20:35:32,611][src.utils.inference_utils][INFO] - Rank 1 finished writing predictions.
[2025-11-13 20:35:33,244][src.models.modules.semantic_id.tiger_generation_model][INFO] - [rank: 0] 当前batch的输入Item Hierarchy Embedding相似度矩阵:
[[ 9.9999994e-01 -2.9945481e-03 -6.0741371e-04  2.9350128e-03
  -1.5494030e-03  1.5167132e-02]
 [-2.9945481e-03  9.9999994e-01  2.0626471e-03  8.2725761e-03
  -3.1738095e-03 -2.1889966e-02]
 [-6.0741371e-04  2.0626471e-03  9.9999994e-01  6.9463332e-03
  -1.8255403e-02  2.3601793e-02]
 [ 2.9350128e-03  8.2725761e-03  6.9463332e-03  9.9999994e-01
  -7.6385862e-03 -6.5390742e-03]
 [-1.5494030e-03 -3.1738095e-03 -1.8255403e-02 -7.6385862e-03
   9.9999994e-01  4.1602161e-03]
 [ 1.5167132e-02 -2.1889966e-02  2.3601793e-02 -6.5390742e-03
   4.1602161e-03  1.0000000e+00]]
[2025-11-13 20:35:33,860][src.models.modules.semantic_id.tiger_generation_model][WARNING] - [rank: 0] Failed to stack cross attentions: stack expects each tensor to be equal size, but got [32, 6, 140] at entry 0 and [32, 6, 2, 140] at entry 1
[2025-11-13 20:35:33,861][src.models.modules.semantic_id.tiger_generation_model][WARNING] - [rank: 0]   Hierarchy 0 shape: torch.Size([32, 6, 140])
[2025-11-13 20:35:33,862][src.models.modules.semantic_id.tiger_generation_model][WARNING] - [rank: 0]   Hierarchy 1 shape: torch.Size([32, 6, 2, 140])
[2025-11-13 20:35:33,862][src.models.modules.semantic_id.tiger_generation_model][WARNING] - [rank: 0]   Hierarchy 2 shape: torch.Size([32, 6, 140])
[2025-11-13 20:35:33,862][src.models.modules.semantic_id.tiger_generation_model][WARNING] - [rank: 0]   Hierarchy 3 shape: torch.Size([32, 6, 140])
[2025-11-13 20:35:33,862][src.models.modules.semantic_id.tiger_generation_model][WARNING] - [rank: 0]   Hierarchy 4 shape: torch.Size([32, 6, 140])
[2025-11-13 20:35:33,863][src.models.modules.semantic_id.tiger_generation_model][WARNING] - [rank: 0]   Hierarchy 5 shape: torch.Size([32, 6, 140])
[2025-11-13 20:35:34,030][src.models.modules.semantic_id.tiger_generation_model][INFO] - [rank: 0] Saved decoder self-attention to ./attention_weights/decoder_self_attention_batch_159.pt
[2025-11-13 20:35:34,030][src.models.modules.semantic_id.tiger_generation_model][INFO] - [rank: 0] Saved encoder attention to ./attention_weights/encoder_attention_batch_159.pt
[2025-11-13 20:35:34,030][src.models.modules.semantic_id.tiger_generation_model][INFO] - [rank: 0] Saved cross attention to ./attention_weights/cross_attention_batch_159.pt
[2025-11-13 20:35:34,039][src.models.modules.semantic_id.tiger_generation_model][INFO] - [rank: 0] 当前batch的生成语义ID Embedding相似度矩阵:
[[ 1.0000000e+00 -1.2276058e-02  3.9170342e-03  5.3933803e-03
  -3.4131303e-02 -6.5582185e-03]
 [-1.2276058e-02  9.9999988e-01  1.0188667e-02 -3.6562979e-04
  -1.6552117e-04  1.9435931e-02]
 [ 3.9170342e-03  1.0188667e-02  9.9999994e-01 -3.2191161e-02
  -1.4037970e-02  2.0067669e-02]
 [ 5.3933803e-03 -3.6562979e-04 -3.2191161e-02  1.0000000e+00
  -7.6049436e-03  1.2102367e-02]
 [-3.4131303e-02 -1.6552117e-04 -1.4037970e-02 -7.6049436e-03
   1.0000000e+00 -2.4971524e-02]
 [-6.5582185e-03  1.9435931e-02  2.0067669e-02  1.2102367e-02
  -2.4971524e-02  1.0000004e+00]]
[2025-11-13 20:35:35,233][src.models.modules.semantic_id.tiger_generation_model][INFO] - [rank: 0] 当前batch的输入Item Hierarchy Embedding相似度矩阵:
[[ 1.00000000e+00  1.76182672e-04 -4.21773829e-03  6.28333632e-03
  -8.45232746e-04  9.63696861e-04]
 [ 1.76182672e-04  1.00000000e+00 -1.07451386e-04  2.29605217e-03
   1.18517829e-03 -1.27784694e-02]
 [-4.21773829e-03 -1.07451386e-04  1.00000000e+00  9.11962241e-03
  -2.58719944e-03 -8.29555653e-03]
 [ 6.28333632e-03  2.29605217e-03  9.11962241e-03  1.00000000e+00
  -1.50484331e-02  7.89700635e-03]
 [-8.45232746e-04  1.18517829e-03 -2.58719944e-03 -1.50484331e-02
   1.00000000e+00  1.48243038e-02]
 [ 9.63696861e-04 -1.27784694e-02 -8.29555653e-03  7.89700635e-03
   1.48243038e-02  1.00000012e+00]]
[2025-11-13 20:35:35,799][src.models.modules.semantic_id.tiger_generation_model][WARNING] - [rank: 0] Failed to stack cross attentions: stack expects each tensor to be equal size, but got [32, 6, 140] at entry 0 and [32, 6, 2, 140] at entry 1
[2025-11-13 20:35:35,799][src.models.modules.semantic_id.tiger_generation_model][WARNING] - [rank: 0]   Hierarchy 0 shape: torch.Size([32, 6, 140])
[2025-11-13 20:35:35,799][src.models.modules.semantic_id.tiger_generation_model][WARNING] - [rank: 0]   Hierarchy 1 shape: torch.Size([32, 6, 2, 140])
[2025-11-13 20:35:35,800][src.models.modules.semantic_id.tiger_generation_model][WARNING] - [rank: 0]   Hierarchy 2 shape: torch.Size([32, 6, 140])
[2025-11-13 20:35:35,800][src.models.modules.semantic_id.tiger_generation_model][WARNING] - [rank: 0]   Hierarchy 3 shape: torch.Size([32, 6, 140])
[2025-11-13 20:35:35,800][src.models.modules.semantic_id.tiger_generation_model][WARNING] - [rank: 0]   Hierarchy 4 shape: torch.Size([32, 6, 140])
[2025-11-13 20:35:35,800][src.models.modules.semantic_id.tiger_generation_model][WARNING] - [rank: 0]   Hierarchy 5 shape: torch.Size([32, 6, 140])
[2025-11-13 20:35:36,000][src.models.modules.semantic_id.tiger_generation_model][INFO] - [rank: 0] Saved decoder self-attention to ./attention_weights/decoder_self_attention_batch_160.pt
[2025-11-13 20:35:36,001][src.models.modules.semantic_id.tiger_generation_model][INFO] - [rank: 0] Saved encoder attention to ./attention_weights/encoder_attention_batch_160.pt
[2025-11-13 20:35:36,001][src.models.modules.semantic_id.tiger_generation_model][INFO] - [rank: 0] Saved cross attention to ./attention_weights/cross_attention_batch_160.pt
[2025-11-13 20:35:36,007][src.models.modules.semantic_id.tiger_generation_model][INFO] - [rank: 0] 当前batch的生成语义ID Embedding相似度矩阵:
[[ 1.         -0.00657941 -0.0131583  -0.01095184 -0.01940893 -0.01420914]
 [-0.00657941  1.          0.02103265  0.02931053  0.00824026 -0.00206589]
 [-0.0131583   0.02103265  1.0000001   0.00956414  0.02309548 -0.03530643]
 [-0.01095184  0.02931053  0.00956414  1.          0.00396372  0.04469109]
 [-0.01940893  0.00824026  0.02309548  0.00396372  1.          0.03598931]
 [-0.01420914 -0.00206589 -0.03530643  0.04469109  0.03598931  1.0000004 ]]
[2025-11-13 20:35:37,425][src.models.modules.semantic_id.tiger_generation_model][INFO] - [rank: 0] 当前batch的输入Item Hierarchy Embedding相似度矩阵:
[[ 1.0000000e+00 -1.2709917e-02  5.0212410e-03 -4.0906654e-03
  -2.9768907e-03  9.3783619e-04]
 [-1.2709917e-02  1.0000000e+00  4.9564834e-03  8.3731338e-03
  -3.2508327e-04  1.7353811e-03]
 [ 5.0212410e-03  4.9564834e-03  1.0000000e+00 -2.6898358e-03
  -9.6317369e-04 -1.2016032e-03]
 [-4.0906654e-03  8.3731338e-03 -2.6898358e-03  1.0000000e+00
  -1.5038576e-02  1.3714246e-02]
 [-2.9768907e-03 -3.2508327e-04 -9.6317369e-04 -1.5038576e-02
   1.0000000e+00  1.7506396e-02]
 [ 9.3783619e-04  1.7353811e-03 -1.2016032e-03  1.3714246e-02
   1.7506396e-02  1.0000001e+00]]
[2025-11-13 20:35:37,990][src.models.modules.semantic_id.tiger_generation_model][WARNING] - [rank: 0] Failed to stack cross attentions: stack expects each tensor to be equal size, but got [32, 6, 140] at entry 0 and [32, 6, 2, 140] at entry 1
[2025-11-13 20:35:37,991][src.models.modules.semantic_id.tiger_generation_model][WARNING] - [rank: 0]   Hierarchy 0 shape: torch.Size([32, 6, 140])
[2025-11-13 20:35:37,991][src.models.modules.semantic_id.tiger_generation_model][WARNING] - [rank: 0]   Hierarchy 1 shape: torch.Size([32, 6, 2, 140])
[2025-11-13 20:35:37,991][src.models.modules.semantic_id.tiger_generation_model][WARNING] - [rank: 0]   Hierarchy 2 shape: torch.Size([32, 6, 140])
[2025-11-13 20:35:37,992][src.models.modules.semantic_id.tiger_generation_model][WARNING] - [rank: 0]   Hierarchy 3 shape: torch.Size([32, 6, 140])
[2025-11-13 20:35:37,992][src.models.modules.semantic_id.tiger_generation_model][WARNING] - [rank: 0]   Hierarchy 4 shape: torch.Size([32, 6, 140])
[2025-11-13 20:35:37,992][src.models.modules.semantic_id.tiger_generation_model][WARNING] - [rank: 0]   Hierarchy 5 shape: torch.Size([32, 6, 140])
[2025-11-13 20:35:38,174][src.models.modules.semantic_id.tiger_generation_model][INFO] - [rank: 0] Saved decoder self-attention to ./attention_weights/decoder_self_attention_batch_161.pt
[2025-11-13 20:35:38,175][src.models.modules.semantic_id.tiger_generation_model][INFO] - [rank: 0] Saved encoder attention to ./attention_weights/encoder_attention_batch_161.pt
[2025-11-13 20:35:38,175][src.models.modules.semantic_id.tiger_generation_model][INFO] - [rank: 0] Saved cross attention to ./attention_weights/cross_attention_batch_161.pt
[2025-11-13 20:35:38,186][src.models.modules.semantic_id.tiger_generation_model][INFO] - [rank: 0] 当前batch的生成语义ID Embedding相似度矩阵:
[[ 0.99999994 -0.03513836  0.03847167 -0.02368047 -0.00422759 -0.05584191]
 [-0.03513836  1.         -0.0046527   0.02706786 -0.00100728  0.01997389]
 [ 0.03847167 -0.0046527   1.         -0.0216507   0.01338874 -0.00823801]
 [-0.02368047  0.02706786 -0.0216507   1.         -0.0021054   0.02387829]
 [-0.00422759 -0.00100728  0.01338874 -0.0021054   1.0000001   0.05040593]
 [-0.05584191  0.01997389 -0.00823801  0.02387829  0.05040593  1.0000004 ]]
[2025-11-13 20:35:40,251][src.models.modules.semantic_id.tiger_generation_model][INFO] - [rank: 0] 当前batch的输入Item Hierarchy Embedding相似度矩阵:
[[ 1.0000000e+00  1.8266162e-04 -1.0216574e-03  7.2280997e-03
  -6.3313595e-03  3.8281037e-03]
 [ 1.8266162e-04  1.0000000e+00 -2.5205375e-03  8.1677167e-03
   1.4975902e-02 -4.8018005e-03]
 [-1.0216574e-03 -2.5205375e-03  1.0000000e+00  6.3203191e-03
   1.6051668e-03 -1.6895644e-02]
 [ 7.2280997e-03  8.1677167e-03  6.3203191e-03  1.0000000e+00
  -2.7813350e-03  1.0425721e-02]
 [-6.3313595e-03  1.4975902e-02  1.6051668e-03 -2.7813350e-03
   1.0000000e+00  2.0719958e-02]
 [ 3.8281037e-03 -4.8018005e-03 -1.6895644e-02  1.0425721e-02
   2.0719958e-02  1.0000001e+00]]
[2025-11-13 20:35:40,891][src.models.modules.semantic_id.tiger_generation_model][WARNING] - [rank: 0] Failed to stack cross attentions: stack expects each tensor to be equal size, but got [32, 6, 140] at entry 0 and [32, 6, 2, 140] at entry 1
[2025-11-13 20:35:40,892][src.models.modules.semantic_id.tiger_generation_model][WARNING] - [rank: 0]   Hierarchy 0 shape: torch.Size([32, 6, 140])
[2025-11-13 20:35:40,892][src.models.modules.semantic_id.tiger_generation_model][WARNING] - [rank: 0]   Hierarchy 1 shape: torch.Size([32, 6, 2, 140])
[2025-11-13 20:35:40,892][src.models.modules.semantic_id.tiger_generation_model][WARNING] - [rank: 0]   Hierarchy 2 shape: torch.Size([32, 6, 140])
[2025-11-13 20:35:40,892][src.models.modules.semantic_id.tiger_generation_model][WARNING] - [rank: 0]   Hierarchy 3 shape: torch.Size([32, 6, 140])
[2025-11-13 20:35:40,892][src.models.modules.semantic_id.tiger_generation_model][WARNING] - [rank: 0]   Hierarchy 4 shape: torch.Size([32, 6, 140])
[2025-11-13 20:35:40,893][src.models.modules.semantic_id.tiger_generation_model][WARNING] - [rank: 0]   Hierarchy 5 shape: torch.Size([32, 6, 140])
[2025-11-13 20:35:41,067][src.models.modules.semantic_id.tiger_generation_model][INFO] - [rank: 0] Saved decoder self-attention to ./attention_weights/decoder_self_attention_batch_162.pt
[2025-11-13 20:35:41,068][src.models.modules.semantic_id.tiger_generation_model][INFO] - [rank: 0] Saved encoder attention to ./attention_weights/encoder_attention_batch_162.pt
[2025-11-13 20:35:41,068][src.models.modules.semantic_id.tiger_generation_model][INFO] - [rank: 0] Saved cross attention to ./attention_weights/cross_attention_batch_162.pt
[2025-11-13 20:35:41,076][src.models.modules.semantic_id.tiger_generation_model][INFO] - [rank: 0] 当前batch的生成语义ID Embedding相似度矩阵:
[[ 1.0000000e+00 -1.3853607e-02  2.2640301e-02 -2.2794308e-02
  -5.1999185e-04 -3.1990744e-02]
 [-1.3853607e-02  1.0000000e+00 -1.2149473e-02  3.3896174e-03
  -2.1327095e-02  2.5568713e-02]
 [ 2.2640301e-02 -1.2149473e-02  1.0000000e+00 -2.2054521e-02
   3.6895104e-02 -3.7083859e-03]
 [-2.2794308e-02  3.3896174e-03 -2.2054521e-02  1.0000000e+00
  -6.1433818e-03  1.7721513e-02]
 [-5.1999185e-04 -2.1327095e-02  3.6895104e-02 -6.1433818e-03
   1.0000001e+00  4.8716608e-03]
 [-3.1990744e-02  2.5568713e-02 -3.7083859e-03  1.7721513e-02
   4.8716608e-03  1.0000004e+00]]
[2025-11-13 20:35:41,801][src.models.modules.semantic_id.tiger_generation_model][INFO] - [rank: 0] 当前batch的输入Item Hierarchy Embedding相似度矩阵:
[[ 1.         -0.01006281 -0.00288895 -0.00412815 -0.00218366  0.00136769]
 [-0.01006281  1.          0.00775547 -0.00122347 -0.00610169 -0.0032561 ]
 [-0.00288895  0.00775547  1.          0.01159261 -0.00785953 -0.01602981]
 [-0.00412815 -0.00122347  0.01159261  1.         -0.02266132  0.01596099]
 [-0.00218366 -0.00610169 -0.00785953 -0.02266132  1.          0.00886278]
 [ 0.00136769 -0.0032561  -0.01602981  0.01596099  0.00886278  1.0000001 ]]
[2025-11-13 20:35:42,367][src.models.modules.semantic_id.tiger_generation_model][WARNING] - [rank: 0] Failed to stack cross attentions: stack expects each tensor to be equal size, but got [32, 6, 140] at entry 0 and [32, 6, 2, 140] at entry 1
[2025-11-13 20:35:42,368][src.models.modules.semantic_id.tiger_generation_model][WARNING] - [rank: 0]   Hierarchy 0 shape: torch.Size([32, 6, 140])
[2025-11-13 20:35:42,368][src.models.modules.semantic_id.tiger_generation_model][WARNING] - [rank: 0]   Hierarchy 1 shape: torch.Size([32, 6, 2, 140])
[2025-11-13 20:35:42,368][src.models.modules.semantic_id.tiger_generation_model][WARNING] - [rank: 0]   Hierarchy 2 shape: torch.Size([32, 6, 140])
[2025-11-13 20:35:42,368][src.models.modules.semantic_id.tiger_generation_model][WARNING] - [rank: 0]   Hierarchy 3 shape: torch.Size([32, 6, 140])
[2025-11-13 20:35:42,368][src.models.modules.semantic_id.tiger_generation_model][WARNING] - [rank: 0]   Hierarchy 4 shape: torch.Size([32, 6, 140])
[2025-11-13 20:35:42,369][src.models.modules.semantic_id.tiger_generation_model][WARNING] - [rank: 0]   Hierarchy 5 shape: torch.Size([32, 6, 140])
[2025-11-13 20:35:42,612][src.models.modules.semantic_id.tiger_generation_model][INFO] - [rank: 0] Saved decoder self-attention to ./attention_weights/decoder_self_attention_batch_163.pt
[2025-11-13 20:35:42,613][src.models.modules.semantic_id.tiger_generation_model][INFO] - [rank: 0] Saved encoder attention to ./attention_weights/encoder_attention_batch_163.pt
[2025-11-13 20:35:42,613][src.models.modules.semantic_id.tiger_generation_model][INFO] - [rank: 0] Saved cross attention to ./attention_weights/cross_attention_batch_163.pt
[2025-11-13 20:35:42,622][src.models.modules.semantic_id.tiger_generation_model][INFO] - [rank: 0] 当前batch的生成语义ID Embedding相似度矩阵:
[[ 0.9999999  -0.03785829  0.01120411  0.01632239  0.01512098 -0.0776999 ]
 [-0.03785829  1.         -0.02394595  0.03200935 -0.03034753 -0.01336688]
 [ 0.01120411 -0.02394595  1.          0.03199538  0.02703903  0.01168731]
 [ 0.01632239  0.03200935  0.03199538  1.         -0.02975835  0.01097245]
 [ 0.01512098 -0.03034753  0.02703903 -0.02975835  1.          0.04404584]
 [-0.0776999  -0.01336688  0.01168731  0.01097245  0.04404584  1.0000004 ]]
[2025-11-13 20:35:44,245][src.models.modules.semantic_id.tiger_generation_model][INFO] - [rank: 0] 当前batch的输入Item Hierarchy Embedding相似度矩阵:
[[ 1.         -0.00173806  0.00339229 -0.01366243  0.00407911 -0.05620387]
 [-0.00173806  1.         -0.00770781  0.00678473 -0.02566078 -0.00483736]
 [ 0.00339229 -0.00770781  1.         -0.00204002  0.00136449 -0.01173938]
 [-0.01366243  0.00678473 -0.00204002  1.         -0.01479702  0.03167371]
 [ 0.00407911 -0.02566078  0.00136449 -0.01479702  1.          0.01870537]
 [-0.05620387 -0.00483736 -0.01173938  0.03167371  0.01870537  1.0000001 ]]
[2025-11-13 20:35:44,868][src.models.modules.semantic_id.tiger_generation_model][WARNING] - [rank: 0] Failed to stack cross attentions: stack expects each tensor to be equal size, but got [32, 6, 140] at entry 0 and [32, 6, 2, 140] at entry 1
[2025-11-13 20:35:44,868][src.models.modules.semantic_id.tiger_generation_model][WARNING] - [rank: 0]   Hierarchy 0 shape: torch.Size([32, 6, 140])
[2025-11-13 20:35:44,869][src.models.modules.semantic_id.tiger_generation_model][WARNING] - [rank: 0]   Hierarchy 1 shape: torch.Size([32, 6, 2, 140])
[2025-11-13 20:35:44,869][src.models.modules.semantic_id.tiger_generation_model][WARNING] - [rank: 0]   Hierarchy 2 shape: torch.Size([32, 6, 140])
[2025-11-13 20:35:44,869][src.models.modules.semantic_id.tiger_generation_model][WARNING] - [rank: 0]   Hierarchy 3 shape: torch.Size([32, 6, 140])
[2025-11-13 20:35:44,869][src.models.modules.semantic_id.tiger_generation_model][WARNING] - [rank: 0]   Hierarchy 4 shape: torch.Size([32, 6, 140])
[2025-11-13 20:35:44,869][src.models.modules.semantic_id.tiger_generation_model][WARNING] - [rank: 0]   Hierarchy 5 shape: torch.Size([32, 6, 140])
[2025-11-13 20:35:45,068][src.models.modules.semantic_id.tiger_generation_model][INFO] - [rank: 0] Saved decoder self-attention to ./attention_weights/decoder_self_attention_batch_164.pt
[2025-11-13 20:35:45,069][src.models.modules.semantic_id.tiger_generation_model][INFO] - [rank: 0] Saved encoder attention to ./attention_weights/encoder_attention_batch_164.pt
[2025-11-13 20:35:45,069][src.models.modules.semantic_id.tiger_generation_model][INFO] - [rank: 0] Saved cross attention to ./attention_weights/cross_attention_batch_164.pt
[2025-11-13 20:35:45,077][src.models.modules.semantic_id.tiger_generation_model][INFO] - [rank: 0] 当前batch的生成语义ID Embedding相似度矩阵:
[[ 9.9999988e-01 -1.9033825e-02  1.1649478e-02 -2.3563888e-02
  -9.4223395e-03 -8.2236733e-03]
 [-1.9033825e-02  1.0000000e+00 -6.4817164e-04 -1.4618538e-02
  -2.3772544e-03  1.3161096e-02]
 [ 1.1649478e-02 -6.4817164e-04  1.0000000e+00 -3.7116118e-02
   1.5581911e-03 -2.8162641e-02]
 [-2.3563888e-02 -1.4618538e-02 -3.7116118e-02  1.0000000e+00
   4.6602325e-03  2.9077988e-02]
 [-9.4223395e-03 -2.3772544e-03  1.5581911e-03  4.6602325e-03
   1.0000000e+00  1.1043618e-03]
 [-8.2236733e-03  1.3161096e-02 -2.8162641e-02  2.9077988e-02
   1.1043618e-03  1.0000004e+00]]
[2025-11-13 20:35:46,965][src.models.modules.semantic_id.tiger_generation_model][INFO] - [rank: 0] 当前batch的输入Item Hierarchy Embedding相似度矩阵:
[[ 1.0000000e+00 -1.1698556e-02  1.0592208e-03 -3.5452712e-03
  -2.4443436e-03 -7.0321397e-03]
 [-1.1698556e-02  1.0000000e+00 -8.1003588e-03  1.7179804e-02
   8.7385648e-04 -1.2100764e-02]
 [ 1.0592208e-03 -8.1003588e-03  1.0000000e+00 -1.7325711e-02
   4.5181629e-03 -6.9984687e-03]
 [-3.5452712e-03  1.7179804e-02 -1.7325711e-02  1.0000000e+00
  -1.1428616e-03  7.9978984e-03]
 [-2.4443436e-03  8.7385648e-04  4.5181629e-03 -1.1428616e-03
   1.0000000e+00  1.5774433e-02]
 [-7.0321397e-03 -1.2100764e-02 -6.9984687e-03  7.9978984e-03
   1.5774433e-02  1.0000000e+00]]
[2025-11-13 20:35:47,647][src.models.modules.semantic_id.tiger_generation_model][WARNING] - [rank: 0] Failed to stack cross attentions: stack expects each tensor to be equal size, but got [32, 6, 140] at entry 0 and [32, 6, 2, 140] at entry 1
[2025-11-13 20:35:47,647][src.models.modules.semantic_id.tiger_generation_model][WARNING] - [rank: 0]   Hierarchy 0 shape: torch.Size([32, 6, 140])
[2025-11-13 20:35:47,648][src.models.modules.semantic_id.tiger_generation_model][WARNING] - [rank: 0]   Hierarchy 1 shape: torch.Size([32, 6, 2, 140])
[2025-11-13 20:35:47,648][src.models.modules.semantic_id.tiger_generation_model][WARNING] - [rank: 0]   Hierarchy 2 shape: torch.Size([32, 6, 140])
[2025-11-13 20:35:47,648][src.models.modules.semantic_id.tiger_generation_model][WARNING] - [rank: 0]   Hierarchy 3 shape: torch.Size([32, 6, 140])
[2025-11-13 20:35:47,648][src.models.modules.semantic_id.tiger_generation_model][WARNING] - [rank: 0]   Hierarchy 4 shape: torch.Size([32, 6, 140])
[2025-11-13 20:35:47,648][src.models.modules.semantic_id.tiger_generation_model][WARNING] - [rank: 0]   Hierarchy 5 shape: torch.Size([32, 6, 140])
[2025-11-13 20:35:47,876][src.models.modules.semantic_id.tiger_generation_model][INFO] - [rank: 0] Saved decoder self-attention to ./attention_weights/decoder_self_attention_batch_165.pt
[2025-11-13 20:35:47,877][src.models.modules.semantic_id.tiger_generation_model][INFO] - [rank: 0] Saved encoder attention to ./attention_weights/encoder_attention_batch_165.pt
[2025-11-13 20:35:47,877][src.models.modules.semantic_id.tiger_generation_model][INFO] - [rank: 0] Saved cross attention to ./attention_weights/cross_attention_batch_165.pt
[2025-11-13 20:35:47,884][src.models.modules.semantic_id.tiger_generation_model][INFO] - [rank: 0] 当前batch的生成语义ID Embedding相似度矩阵:
[[ 1.          0.01925054 -0.00979174 -0.02275423 -0.01929707  0.01032401]
 [ 0.01925054  1.          0.00205958  0.00148103 -0.02737376 -0.01389101]
 [-0.00979174  0.00205958  1.         -0.01455164 -0.02432313 -0.00246099]
 [-0.02275423  0.00148103 -0.01455164  1.         -0.00542484  0.03013102]
 [-0.01929707 -0.02737376 -0.02432313 -0.00542484  1.          0.01106708]
 [ 0.01032401 -0.01389101 -0.00246099  0.03013102  0.01106708  1.0000004 ]]
[2025-11-13 20:35:49,125][src.models.modules.semantic_id.tiger_generation_model][INFO] - [rank: 0] 当前batch的输入Item Hierarchy Embedding相似度矩阵:
[[ 9.9999994e-01 -9.7225811e-03 -4.5670215e-03  3.8865993e-03
  -1.8661372e-02  3.6388824e-03]
 [-9.7225811e-03  9.9999994e-01 -9.6911757e-04  1.0536689e-02
  -1.3410542e-02 -8.5049272e-03]
 [-4.5670215e-03 -9.6911757e-04  9.9999994e-01  3.5034351e-03
  -3.4772304e-03 -1.9570963e-02]
 [ 3.8865993e-03  1.0536689e-02  3.5034351e-03  9.9999994e-01
  -9.3251164e-04  8.0833444e-03]
 [-1.8661372e-02 -1.3410542e-02 -3.4772304e-03 -9.3251164e-04
   9.9999994e-01  8.1428038e-03]
 [ 3.6388824e-03 -8.5049272e-03 -1.9570963e-02  8.0833444e-03
   8.1428038e-03  1.0000000e+00]]
[2025-11-13 20:35:49,750][src.models.modules.semantic_id.tiger_generation_model][WARNING] - [rank: 0] Failed to stack cross attentions: stack expects each tensor to be equal size, but got [32, 6, 140] at entry 0 and [32, 6, 2, 140] at entry 1
[2025-11-13 20:35:49,751][src.models.modules.semantic_id.tiger_generation_model][WARNING] - [rank: 0]   Hierarchy 0 shape: torch.Size([32, 6, 140])
[2025-11-13 20:35:49,751][src.models.modules.semantic_id.tiger_generation_model][WARNING] - [rank: 0]   Hierarchy 1 shape: torch.Size([32, 6, 2, 140])
[2025-11-13 20:35:49,752][src.models.modules.semantic_id.tiger_generation_model][WARNING] - [rank: 0]   Hierarchy 2 shape: torch.Size([32, 6, 140])
[2025-11-13 20:35:49,752][src.models.modules.semantic_id.tiger_generation_model][WARNING] - [rank: 0]   Hierarchy 3 shape: torch.Size([32, 6, 140])
[2025-11-13 20:35:49,752][src.models.modules.semantic_id.tiger_generation_model][WARNING] - [rank: 0]   Hierarchy 4 shape: torch.Size([32, 6, 140])
[2025-11-13 20:35:49,752][src.models.modules.semantic_id.tiger_generation_model][WARNING] - [rank: 0]   Hierarchy 5 shape: torch.Size([32, 6, 140])
[2025-11-13 20:35:50,015][src.models.modules.semantic_id.tiger_generation_model][INFO] - [rank: 0] Saved decoder self-attention to ./attention_weights/decoder_self_attention_batch_166.pt
[2025-11-13 20:35:50,015][src.models.modules.semantic_id.tiger_generation_model][INFO] - [rank: 0] Saved encoder attention to ./attention_weights/encoder_attention_batch_166.pt
[2025-11-13 20:35:50,016][src.models.modules.semantic_id.tiger_generation_model][INFO] - [rank: 0] Saved cross attention to ./attention_weights/cross_attention_batch_166.pt
[2025-11-13 20:35:50,023][src.models.modules.semantic_id.tiger_generation_model][INFO] - [rank: 0] 当前batch的生成语义ID Embedding相似度矩阵:
[[ 0.9999999  -0.01547604  0.00511819 -0.00124321  0.01770378 -0.04259101]
 [-0.01547604  1.         -0.00564023  0.00875944 -0.00964095 -0.02492914]
 [ 0.00511819 -0.00564023  1.         -0.00495662 -0.00315275 -0.01442071]
 [-0.00124321  0.00875944 -0.00495662  1.         -0.01114047  0.03265786]
 [ 0.01770378 -0.00964095 -0.00315275 -0.01114047  1.          0.03894592]
 [-0.04259101 -0.02492914 -0.01442071  0.03265786  0.03894592  1.0000004 ]]
[2025-11-13 20:35:51,430][src.models.modules.semantic_id.tiger_generation_model][INFO] - [rank: 0] 当前batch的输入Item Hierarchy Embedding相似度矩阵:
[[ 1.0000000e+00 -4.7082262e-04  5.4434193e-03  1.3677541e-02
   1.2465738e-02 -7.7514183e-03]
 [-4.7082262e-04  1.0000000e+00 -5.8322693e-03 -1.0455806e-02
   4.3658898e-03  2.4478785e-03]
 [ 5.4434193e-03 -5.8322693e-03  1.0000000e+00 -6.3948645e-03
  -1.7939169e-03 -1.0603348e-02]
 [ 1.3677541e-02 -1.0455806e-02 -6.3948645e-03  1.0000000e+00
  -5.4226629e-03  2.1787195e-02]
 [ 1.2465738e-02  4.3658898e-03 -1.7939169e-03 -5.4226629e-03
   1.0000000e+00  7.9889372e-03]
 [-7.7514183e-03  2.4478785e-03 -1.0603348e-02  2.1787195e-02
   7.9889372e-03  1.0000001e+00]]
[2025-11-13 20:35:52,076][src.models.modules.semantic_id.tiger_generation_model][WARNING] - [rank: 0] Failed to stack cross attentions: stack expects each tensor to be equal size, but got [32, 6, 140] at entry 0 and [32, 6, 2, 140] at entry 1
[2025-11-13 20:35:52,076][src.models.modules.semantic_id.tiger_generation_model][WARNING] - [rank: 0]   Hierarchy 0 shape: torch.Size([32, 6, 140])
[2025-11-13 20:35:52,077][src.models.modules.semantic_id.tiger_generation_model][WARNING] - [rank: 0]   Hierarchy 1 shape: torch.Size([32, 6, 2, 140])
[2025-11-13 20:35:52,077][src.models.modules.semantic_id.tiger_generation_model][WARNING] - [rank: 0]   Hierarchy 2 shape: torch.Size([32, 6, 140])
[2025-11-13 20:35:52,077][src.models.modules.semantic_id.tiger_generation_model][WARNING] - [rank: 0]   Hierarchy 3 shape: torch.Size([32, 6, 140])
[2025-11-13 20:35:52,077][src.models.modules.semantic_id.tiger_generation_model][WARNING] - [rank: 0]   Hierarchy 4 shape: torch.Size([32, 6, 140])
[2025-11-13 20:35:52,077][src.models.modules.semantic_id.tiger_generation_model][WARNING] - [rank: 0]   Hierarchy 5 shape: torch.Size([32, 6, 140])
[2025-11-13 20:35:52,314][src.models.modules.semantic_id.tiger_generation_model][INFO] - [rank: 0] Saved decoder self-attention to ./attention_weights/decoder_self_attention_batch_167.pt
[2025-11-13 20:35:52,314][src.models.modules.semantic_id.tiger_generation_model][INFO] - [rank: 0] Saved encoder attention to ./attention_weights/encoder_attention_batch_167.pt
[2025-11-13 20:35:52,314][src.models.modules.semantic_id.tiger_generation_model][INFO] - [rank: 0] Saved cross attention to ./attention_weights/cross_attention_batch_167.pt
[2025-11-13 20:35:52,321][src.models.modules.semantic_id.tiger_generation_model][INFO] - [rank: 0] 当前batch的生成语义ID Embedding相似度矩阵:
[[ 0.99999994 -0.004248   -0.02529071  0.01276327 -0.00433336 -0.10704435]
 [-0.004248    0.9999999  -0.05364214  0.00412121  0.00580528  0.01156131]
 [-0.02529071 -0.05364214  1.          0.03605294 -0.02832621 -0.00782985]
 [ 0.01276327  0.00412121  0.03605294  1.         -0.03352326  0.0509608 ]
 [-0.00433336  0.00580528 -0.02832621 -0.03352326  1.         -0.00905509]
 [-0.10704435  0.01156131 -0.00782985  0.0509608  -0.00905509  1.0000004 ]]
[2025-11-13 20:35:53,730][src.models.modules.semantic_id.tiger_generation_model][INFO] - [rank: 0] 当前batch的输入Item Hierarchy Embedding相似度矩阵:
[[ 9.9999994e-01  1.2678008e-02  9.0994621e-03 -6.6062124e-03
   4.0553996e-04 -1.1742883e-01]
 [ 1.2678008e-02  1.0000000e+00 -7.3640859e-03  3.1709345e-03
  -8.7311566e-03 -1.6253922e-02]
 [ 9.0994621e-03 -7.3640859e-03  1.0000000e+00  2.2104912e-02
   1.9110166e-02 -9.9453870e-03]
 [-6.6062124e-03  3.1709345e-03  2.2104912e-02  1.0000000e+00
  -6.1382214e-03  4.7023620e-02]
 [ 4.0553996e-04 -8.7311566e-03  1.9110166e-02 -6.1382214e-03
   1.0000000e+00  3.9113928e-02]
 [-1.1742883e-01 -1.6253922e-02 -9.9453870e-03  4.7023620e-02
   3.9113928e-02  1.0000005e+00]]
[2025-11-13 20:35:54,472][src.models.modules.semantic_id.tiger_generation_model][WARNING] - [rank: 0] Failed to stack cross attentions: stack expects each tensor to be equal size, but got [32, 6, 140] at entry 0 and [32, 6, 2, 140] at entry 1
[2025-11-13 20:35:54,473][src.models.modules.semantic_id.tiger_generation_model][WARNING] - [rank: 0]   Hierarchy 0 shape: torch.Size([32, 6, 140])
[2025-11-13 20:35:54,473][src.models.modules.semantic_id.tiger_generation_model][WARNING] - [rank: 0]   Hierarchy 1 shape: torch.Size([32, 6, 2, 140])
[2025-11-13 20:35:54,473][src.models.modules.semantic_id.tiger_generation_model][WARNING] - [rank: 0]   Hierarchy 2 shape: torch.Size([32, 6, 140])
[2025-11-13 20:35:54,473][src.models.modules.semantic_id.tiger_generation_model][WARNING] - [rank: 0]   Hierarchy 3 shape: torch.Size([32, 6, 140])
[2025-11-13 20:35:54,474][src.models.modules.semantic_id.tiger_generation_model][WARNING] - [rank: 0]   Hierarchy 4 shape: torch.Size([32, 6, 140])
[2025-11-13 20:35:54,474][src.models.modules.semantic_id.tiger_generation_model][WARNING] - [rank: 0]   Hierarchy 5 shape: torch.Size([32, 6, 140])
[2025-11-13 20:35:54,643][src.models.modules.semantic_id.tiger_generation_model][INFO] - [rank: 0] Saved decoder self-attention to ./attention_weights/decoder_self_attention_batch_168.pt
[2025-11-13 20:35:54,644][src.models.modules.semantic_id.tiger_generation_model][INFO] - [rank: 0] Saved encoder attention to ./attention_weights/encoder_attention_batch_168.pt
[2025-11-13 20:35:54,644][src.models.modules.semantic_id.tiger_generation_model][INFO] - [rank: 0] Saved cross attention to ./attention_weights/cross_attention_batch_168.pt
[2025-11-13 20:35:54,650][src.models.modules.semantic_id.tiger_generation_model][INFO] - [rank: 0] 当前batch的生成语义ID Embedding相似度矩阵:
[[ 0.99999994 -0.01240362  0.00400636 -0.00357477 -0.03713093  0.00753475]
 [-0.01240362  0.99999994  0.00530546 -0.00157325 -0.00276532  0.0026889 ]
 [ 0.00400636  0.00530546  1.         -0.00811391  0.00329248 -0.04683738]
 [-0.00357477 -0.00157325 -0.00811391  1.         -0.03070267  0.03813522]
 [-0.03713093 -0.00276532  0.00329248 -0.03070267  1.          0.02324232]
 [ 0.00753475  0.0026889  -0.04683738  0.03813522  0.02324232  1.0000004 ]]
[2025-11-13 20:35:55,969][src.models.modules.semantic_id.tiger_generation_model][INFO] - [rank: 0] 当前batch的输入Item Hierarchy Embedding相似度矩阵:
[[ 1.         -0.01142837 -0.00469875 -0.00134788 -0.00412284  0.01765846]
 [-0.01142837  1.          0.02628641 -0.00180246  0.00445894 -0.00718968]
 [-0.00469875  0.02628641  1.          0.0068513   0.00859551  0.00338939]
 [-0.00134788 -0.00180246  0.0068513   1.         -0.00908229  0.0162992 ]
 [-0.00412284  0.00445894  0.00859551 -0.00908229  1.          0.00931783]
 [ 0.01765846 -0.00718968  0.00338939  0.0162992   0.00931783  1.0000001 ]]
[2025-11-13 20:35:56,672][src.models.modules.semantic_id.tiger_generation_model][WARNING] - [rank: 0] Failed to stack cross attentions: stack expects each tensor to be equal size, but got [32, 6, 140] at entry 0 and [32, 6, 2, 140] at entry 1
[2025-11-13 20:35:56,673][src.models.modules.semantic_id.tiger_generation_model][WARNING] - [rank: 0]   Hierarchy 0 shape: torch.Size([32, 6, 140])
[2025-11-13 20:35:56,673][src.models.modules.semantic_id.tiger_generation_model][WARNING] - [rank: 0]   Hierarchy 1 shape: torch.Size([32, 6, 2, 140])
[2025-11-13 20:35:56,673][src.models.modules.semantic_id.tiger_generation_model][WARNING] - [rank: 0]   Hierarchy 2 shape: torch.Size([32, 6, 140])
[2025-11-13 20:35:56,673][src.models.modules.semantic_id.tiger_generation_model][WARNING] - [rank: 0]   Hierarchy 3 shape: torch.Size([32, 6, 140])
[2025-11-13 20:35:56,674][src.models.modules.semantic_id.tiger_generation_model][WARNING] - [rank: 0]   Hierarchy 4 shape: torch.Size([32, 6, 140])
[2025-11-13 20:35:56,674][src.models.modules.semantic_id.tiger_generation_model][WARNING] - [rank: 0]   Hierarchy 5 shape: torch.Size([32, 6, 140])
[2025-11-13 20:35:56,921][src.models.modules.semantic_id.tiger_generation_model][INFO] - [rank: 0] Saved decoder self-attention to ./attention_weights/decoder_self_attention_batch_169.pt
[2025-11-13 20:35:56,921][src.models.modules.semantic_id.tiger_generation_model][INFO] - [rank: 0] Saved encoder attention to ./attention_weights/encoder_attention_batch_169.pt
[2025-11-13 20:35:56,921][src.models.modules.semantic_id.tiger_generation_model][INFO] - [rank: 0] Saved cross attention to ./attention_weights/cross_attention_batch_169.pt
[2025-11-13 20:35:56,930][src.models.modules.semantic_id.tiger_generation_model][INFO] - [rank: 0] 当前batch的生成语义ID Embedding相似度矩阵:
[[ 1.0000000e+00 -4.3731283e-02  6.0851648e-02  1.3076250e-02
  -1.5338700e-02 -8.1272267e-02]
 [-4.3731283e-02  9.9999988e-01  2.3765301e-02  4.2606179e-02
   9.1979653e-04  2.5677301e-02]
 [ 6.0851648e-02  2.3765301e-02  1.0000000e+00 -1.8571008e-02
  -8.7871877e-03 -2.0616518e-02]
 [ 1.3076250e-02  4.2606179e-02 -1.8571008e-02  9.9999994e-01
  -4.6347216e-02  1.9501232e-02]
 [-1.5338700e-02  9.1979653e-04 -8.7871877e-03 -4.6347216e-02
   1.0000000e+00  3.1037336e-02]
 [-8.1272267e-02  2.5677301e-02 -2.0616518e-02  1.9501232e-02
   3.1037336e-02  1.0000004e+00]]
[2025-11-13 20:35:59,220][src.models.modules.semantic_id.tiger_generation_model][INFO] - [rank: 0] 当前batch的输入Item Hierarchy Embedding相似度矩阵:
[[ 9.9999994e-01  1.6140898e-03  4.5962310e-03  1.1334123e-02
   2.1194322e-04 -3.1356353e-02]
 [ 1.6140898e-03  9.9999994e-01  1.3354170e-02  1.9434698e-02
  -3.7261785e-03  9.5763849e-03]
 [ 4.5962310e-03  1.3354170e-02  9.9999994e-01  7.9846261e-03
  -1.4805320e-03  2.9626009e-03]
 [ 1.1334123e-02  1.9434698e-02  7.9846261e-03  9.9999994e-01
  -7.9021538e-03  5.4982202e-03]
 [ 2.1194322e-04 -3.7261785e-03 -1.4805320e-03 -7.9021538e-03
   9.9999994e-01  1.1659829e-02]
 [-3.1356353e-02  9.5763849e-03  2.9626009e-03  5.4982202e-03
   1.1659829e-02  1.0000000e+00]]
[2025-11-13 20:35:59,805][src.models.modules.semantic_id.tiger_generation_model][WARNING] - [rank: 0] Failed to stack cross attentions: stack expects each tensor to be equal size, but got [32, 6, 140] at entry 0 and [32, 6, 2, 140] at entry 1
[2025-11-13 20:35:59,806][src.models.modules.semantic_id.tiger_generation_model][WARNING] - [rank: 0]   Hierarchy 0 shape: torch.Size([32, 6, 140])
[2025-11-13 20:35:59,807][src.models.modules.semantic_id.tiger_generation_model][WARNING] - [rank: 0]   Hierarchy 1 shape: torch.Size([32, 6, 2, 140])
[2025-11-13 20:35:59,807][src.models.modules.semantic_id.tiger_generation_model][WARNING] - [rank: 0]   Hierarchy 2 shape: torch.Size([32, 6, 140])
[2025-11-13 20:35:59,807][src.models.modules.semantic_id.tiger_generation_model][WARNING] - [rank: 0]   Hierarchy 3 shape: torch.Size([32, 6, 140])
[2025-11-13 20:35:59,808][src.models.modules.semantic_id.tiger_generation_model][WARNING] - [rank: 0]   Hierarchy 4 shape: torch.Size([32, 6, 140])
[2025-11-13 20:35:59,808][src.models.modules.semantic_id.tiger_generation_model][WARNING] - [rank: 0]   Hierarchy 5 shape: torch.Size([32, 6, 140])
[2025-11-13 20:36:00,036][src.models.modules.semantic_id.tiger_generation_model][INFO] - [rank: 0] Saved decoder self-attention to ./attention_weights/decoder_self_attention_batch_170.pt
[2025-11-13 20:36:00,036][src.models.modules.semantic_id.tiger_generation_model][INFO] - [rank: 0] Saved encoder attention to ./attention_weights/encoder_attention_batch_170.pt
[2025-11-13 20:36:00,036][src.models.modules.semantic_id.tiger_generation_model][INFO] - [rank: 0] Saved cross attention to ./attention_weights/cross_attention_batch_170.pt
[2025-11-13 20:36:00,044][src.models.modules.semantic_id.tiger_generation_model][INFO] - [rank: 0] 当前batch的生成语义ID Embedding相似度矩阵:
[[ 9.9999988e-01 -7.9718400e-03  2.2847859e-02 -8.5867886e-03
  -1.8731738e-04  2.5595212e-02]
 [-7.9718400e-03  9.9999988e-01 -7.0572719e-03 -2.5708245e-02
   3.0987491e-03  8.3575835e-03]
 [ 2.2847859e-02 -7.0572719e-03  1.0000000e+00 -1.7599856e-02
   1.4112098e-03 -5.6750597e-03]
 [-8.5867886e-03 -2.5708245e-02 -1.7599856e-02  9.9999994e-01
  -7.3408633e-03  3.8363356e-02]
 [-1.8731738e-04  3.0987491e-03  1.4112098e-03 -7.3408633e-03
   1.0000000e+00  1.8004809e-02]
 [ 2.5595212e-02  8.3575835e-03 -5.6750597e-03  3.8363356e-02
   1.8004809e-02  1.0000004e+00]]
[2025-11-13 20:36:00,673][src.models.modules.semantic_id.tiger_generation_model][INFO] - [rank: 0] 当前batch的输入Item Hierarchy Embedding相似度矩阵:
[[ 9.9999994e-01 -1.2040514e-02  1.3402018e-02 -8.7022567e-03
   5.0039147e-03  3.0238217e-02]
 [-1.2040514e-02  9.9999994e-01 -4.0958514e-03  6.0386065e-04
  -9.1355564e-03 -2.1614048e-03]
 [ 1.3402018e-02 -4.0958514e-03  9.9999994e-01  1.7356006e-02
  -1.6610628e-02 -6.8795090e-03]
 [-8.7022567e-03  6.0386065e-04  1.7356006e-02  9.9999994e-01
  -1.6863817e-02  1.0776076e-02]
 [ 5.0039147e-03 -9.1355564e-03 -1.6610628e-02 -1.6863817e-02
   9.9999994e-01  1.6392415e-02]
 [ 3.0238217e-02 -2.1614048e-03 -6.8795090e-03  1.0776076e-02
   1.6392415e-02  1.0000000e+00]]
[2025-11-13 20:36:01,297][src.models.modules.semantic_id.tiger_generation_model][WARNING] - [rank: 0] Failed to stack cross attentions: stack expects each tensor to be equal size, but got [27, 6, 140] at entry 0 and [27, 6, 2, 140] at entry 1
[2025-11-13 20:36:01,297][src.models.modules.semantic_id.tiger_generation_model][WARNING] - [rank: 0]   Hierarchy 0 shape: torch.Size([27, 6, 140])
[2025-11-13 20:36:01,298][src.models.modules.semantic_id.tiger_generation_model][WARNING] - [rank: 0]   Hierarchy 1 shape: torch.Size([27, 6, 2, 140])
[2025-11-13 20:36:01,298][src.models.modules.semantic_id.tiger_generation_model][WARNING] - [rank: 0]   Hierarchy 2 shape: torch.Size([27, 6, 140])
[2025-11-13 20:36:01,298][src.models.modules.semantic_id.tiger_generation_model][WARNING] - [rank: 0]   Hierarchy 3 shape: torch.Size([27, 6, 140])
[2025-11-13 20:36:01,298][src.models.modules.semantic_id.tiger_generation_model][WARNING] - [rank: 0]   Hierarchy 4 shape: torch.Size([27, 6, 140])
[2025-11-13 20:36:01,298][src.models.modules.semantic_id.tiger_generation_model][WARNING] - [rank: 0]   Hierarchy 5 shape: torch.Size([27, 6, 140])
[2025-11-13 20:36:01,543][src.models.modules.semantic_id.tiger_generation_model][INFO] - [rank: 0] Saved decoder self-attention to ./attention_weights/decoder_self_attention_batch_171.pt
[2025-11-13 20:36:01,543][src.models.modules.semantic_id.tiger_generation_model][INFO] - [rank: 0] Saved encoder attention to ./attention_weights/encoder_attention_batch_171.pt
[2025-11-13 20:36:01,544][src.models.modules.semantic_id.tiger_generation_model][INFO] - [rank: 0] Saved cross attention to ./attention_weights/cross_attention_batch_171.pt
[2025-11-13 20:36:01,550][src.models.modules.semantic_id.tiger_generation_model][INFO] - [rank: 0] 当前batch的生成语义ID Embedding相似度矩阵:
[[ 9.9999994e-01  2.3092313e-03 -1.3950087e-02  5.3716045e-02
  -3.5871374e-03 -1.1987913e-01]
 [ 2.3092313e-03  1.0000000e+00 -1.8077055e-02 -2.4770549e-02
   4.3955088e-02 -9.8241037e-03]
 [-1.3950087e-02 -1.8077055e-02  1.0000001e+00  1.5890133e-02
  -4.0146094e-02 -2.5252519e-02]
 [ 5.3716045e-02 -2.4770549e-02  1.5890133e-02  1.0000000e+00
  -2.5128338e-02  2.4023281e-02]
 [-3.5871374e-03  4.3955088e-02 -4.0146094e-02 -2.5128338e-02
   1.0000000e+00  6.6048541e-04]
 [-1.1987913e-01 -9.8241037e-03 -2.5252519e-02  2.4023281e-02
   6.6048541e-04  1.0000004e+00]]
[2025-11-13 20:36:03,539][src.models.modules.semantic_id.tiger_generation_model][INFO] - [rank: 0] 当前batch的输入Item Hierarchy Embedding相似度矩阵:
[[ 1.          0.01810834 -0.00146942 -0.01450694 -0.00309044 -0.10750765]
 [ 0.01810834  1.         -0.01584162  0.01194416 -0.00410997 -0.00825473]
 [-0.00146942 -0.01584162  1.          0.01464657  0.0069023  -0.0037622 ]
 [-0.01450694  0.01194416  0.01464657  1.         -0.01947246  0.0368617 ]
 [-0.00309044 -0.00410997  0.0069023  -0.01947246  1.          0.02189484]
 [-0.10750765 -0.00825473 -0.0037622   0.0368617   0.02189484  1.0000001 ]]
[2025-11-13 20:36:04,134][src.models.modules.semantic_id.tiger_generation_model][WARNING] - [rank: 0] Failed to stack cross attentions: stack expects each tensor to be equal size, but got [32, 6, 140] at entry 0 and [32, 6, 2, 140] at entry 1
[2025-11-13 20:36:04,134][src.models.modules.semantic_id.tiger_generation_model][WARNING] - [rank: 0]   Hierarchy 0 shape: torch.Size([32, 6, 140])
[2025-11-13 20:36:04,134][src.models.modules.semantic_id.tiger_generation_model][WARNING] - [rank: 0]   Hierarchy 1 shape: torch.Size([32, 6, 2, 140])
[2025-11-13 20:36:04,135][src.models.modules.semantic_id.tiger_generation_model][WARNING] - [rank: 0]   Hierarchy 2 shape: torch.Size([32, 6, 140])
[2025-11-13 20:36:04,135][src.models.modules.semantic_id.tiger_generation_model][WARNING] - [rank: 0]   Hierarchy 3 shape: torch.Size([32, 6, 140])
[2025-11-13 20:36:04,159][src.models.modules.semantic_id.tiger_generation_model][WARNING] - [rank: 0]   Hierarchy 4 shape: torch.Size([32, 6, 140])
[2025-11-13 20:36:04,159][src.models.modules.semantic_id.tiger_generation_model][WARNING] - [rank: 0]   Hierarchy 5 shape: torch.Size([32, 6, 140])
[2025-11-13 20:36:04,355][src.models.modules.semantic_id.tiger_generation_model][INFO] - [rank: 0] Saved decoder self-attention to ./attention_weights/decoder_self_attention_batch_172.pt
[2025-11-13 20:36:04,355][src.models.modules.semantic_id.tiger_generation_model][INFO] - [rank: 0] Saved encoder attention to ./attention_weights/encoder_attention_batch_172.pt
[2025-11-13 20:36:04,356][src.models.modules.semantic_id.tiger_generation_model][INFO] - [rank: 0] Saved cross attention to ./attention_weights/cross_attention_batch_172.pt
[2025-11-13 20:36:04,367][src.models.modules.semantic_id.tiger_generation_model][INFO] - [rank: 0] 当前batch的生成语义ID Embedding相似度矩阵:
[[ 1.00000000e+00  1.91551074e-02 -1.18552269e-02  2.38097943e-02
  -6.65153004e-03  1.11872945e-02]
 [ 1.91551074e-02  1.00000000e+00 -8.10105167e-03 -1.55217340e-02
   7.57282088e-03 -1.09886508e-02]
 [-1.18552269e-02 -8.10105167e-03  1.00000000e+00  2.67719897e-03
  -1.11818314e-03  9.77869146e-04]
 [ 2.38097943e-02 -1.55217340e-02  2.67719897e-03  1.00000000e+00
  -5.99524565e-03  5.53580886e-03]
 [-6.65153004e-03  7.57282088e-03 -1.11818314e-03 -5.99524565e-03
   1.00000000e+00  1.79238599e-02]
 [ 1.11872945e-02 -1.09886508e-02  9.77869146e-04  5.53580886e-03
   1.79238599e-02  1.00000036e+00]]
[2025-11-13 20:36:05,632][src.models.modules.semantic_id.tiger_generation_model][INFO] - [rank: 0] 当前batch的输入Item Hierarchy Embedding相似度矩阵:
[[ 1.0000000e+00 -1.0059736e-03 -4.0764818e-03  6.5184096e-03
  -1.5705157e-02 -9.1266801e-04]
 [-1.0059736e-03  1.0000000e+00  2.0208346e-02 -3.5386198e-04
  -9.0042036e-03 -1.6904661e-02]
 [-4.0764818e-03  2.0208346e-02  1.0000000e+00 -6.0564466e-03
   2.4408607e-03  6.2148809e-03]
 [ 6.5184096e-03 -3.5386198e-04 -6.0564466e-03  1.0000000e+00
   3.1159096e-04 -7.3022321e-03]
 [-1.5705157e-02 -9.0042036e-03  2.4408607e-03  3.1159096e-04
   1.0000000e+00  1.0855004e-02]
 [-9.1266801e-04 -1.6904661e-02  6.2148809e-03 -7.3022321e-03
   1.0855004e-02  1.0000001e+00]]
[2025-11-13 20:36:06,281][src.models.modules.semantic_id.tiger_generation_model][WARNING] - [rank: 0] Failed to stack cross attentions: stack expects each tensor to be equal size, but got [32, 6, 140] at entry 0 and [32, 6, 2, 140] at entry 1
[2025-11-13 20:36:06,282][src.models.modules.semantic_id.tiger_generation_model][WARNING] - [rank: 0]   Hierarchy 0 shape: torch.Size([32, 6, 140])
[2025-11-13 20:36:06,282][src.models.modules.semantic_id.tiger_generation_model][WARNING] - [rank: 0]   Hierarchy 1 shape: torch.Size([32, 6, 2, 140])
[2025-11-13 20:36:06,282][src.models.modules.semantic_id.tiger_generation_model][WARNING] - [rank: 0]   Hierarchy 2 shape: torch.Size([32, 6, 140])
[2025-11-13 20:36:06,282][src.models.modules.semantic_id.tiger_generation_model][WARNING] - [rank: 0]   Hierarchy 3 shape: torch.Size([32, 6, 140])
[2025-11-13 20:36:06,283][src.models.modules.semantic_id.tiger_generation_model][WARNING] - [rank: 0]   Hierarchy 4 shape: torch.Size([32, 6, 140])
[2025-11-13 20:36:06,283][src.models.modules.semantic_id.tiger_generation_model][WARNING] - [rank: 0]   Hierarchy 5 shape: torch.Size([32, 6, 140])
[2025-11-13 20:36:06,511][src.models.modules.semantic_id.tiger_generation_model][INFO] - [rank: 0] Saved decoder self-attention to ./attention_weights/decoder_self_attention_batch_173.pt
[2025-11-13 20:36:06,512][src.models.modules.semantic_id.tiger_generation_model][INFO] - [rank: 0] Saved encoder attention to ./attention_weights/encoder_attention_batch_173.pt
[2025-11-13 20:36:06,512][src.models.modules.semantic_id.tiger_generation_model][INFO] - [rank: 0] Saved cross attention to ./attention_weights/cross_attention_batch_173.pt
[2025-11-13 20:36:06,521][src.models.modules.semantic_id.tiger_generation_model][INFO] - [rank: 0] 当前batch的生成语义ID Embedding相似度矩阵:
[[ 0.99999994  0.02112694 -0.01318399 -0.00726399 -0.02477679 -0.00677857]
 [ 0.02112694  1.         -0.01328721 -0.02368484  0.0080232  -0.03660921]
 [-0.01318399 -0.01328721  1.          0.00699815  0.00224056  0.00865365]
 [-0.00726399 -0.02368484  0.00699815  1.         -0.01581095  0.0127758 ]
 [-0.02477679  0.0080232   0.00224056 -0.01581095  1.          0.02308118]
 [-0.00677857 -0.03660921  0.00865365  0.0127758   0.02308118  1.0000004 ]]
[2025-11-13 20:36:08,601][src.models.modules.semantic_id.tiger_generation_model][INFO] - [rank: 0] 当前batch的输入Item Hierarchy Embedding相似度矩阵:
[[ 1.         -0.02017812  0.00470506  0.00531782 -0.00511238 -0.00642444]
 [-0.02017812  1.          0.00836316  0.01192927  0.00808681 -0.01620512]
 [ 0.00470506  0.00836316  1.          0.00290025 -0.00676737 -0.01526111]
 [ 0.00531782  0.01192927  0.00290025  1.          0.00268313  0.01386674]
 [-0.00511238  0.00808681 -0.00676737  0.00268313  1.          0.0125254 ]
 [-0.00642444 -0.01620512 -0.01526111  0.01386674  0.0125254   1.0000001 ]]
[2025-11-13 20:36:09,471][src.models.modules.semantic_id.tiger_generation_model][WARNING] - [rank: 0] Failed to stack cross attentions: stack expects each tensor to be equal size, but got [32, 6, 140] at entry 0 and [32, 6, 2, 140] at entry 1
[2025-11-13 20:36:09,472][src.models.modules.semantic_id.tiger_generation_model][WARNING] - [rank: 0]   Hierarchy 0 shape: torch.Size([32, 6, 140])
[2025-11-13 20:36:09,472][src.models.modules.semantic_id.tiger_generation_model][WARNING] - [rank: 0]   Hierarchy 1 shape: torch.Size([32, 6, 2, 140])
[2025-11-13 20:36:09,472][src.models.modules.semantic_id.tiger_generation_model][WARNING] - [rank: 0]   Hierarchy 2 shape: torch.Size([32, 6, 140])
[2025-11-13 20:36:09,473][src.models.modules.semantic_id.tiger_generation_model][WARNING] - [rank: 0]   Hierarchy 3 shape: torch.Size([32, 6, 140])
[2025-11-13 20:36:09,473][src.models.modules.semantic_id.tiger_generation_model][WARNING] - [rank: 0]   Hierarchy 4 shape: torch.Size([32, 6, 140])
[2025-11-13 20:36:09,473][src.models.modules.semantic_id.tiger_generation_model][WARNING] - [rank: 0]   Hierarchy 5 shape: torch.Size([32, 6, 140])
[2025-11-13 20:36:09,739][src.models.modules.semantic_id.tiger_generation_model][INFO] - [rank: 0] Saved decoder self-attention to ./attention_weights/decoder_self_attention_batch_174.pt
[2025-11-13 20:36:09,739][src.models.modules.semantic_id.tiger_generation_model][INFO] - [rank: 0] Saved encoder attention to ./attention_weights/encoder_attention_batch_174.pt
[2025-11-13 20:36:09,739][src.models.modules.semantic_id.tiger_generation_model][INFO] - [rank: 0] Saved cross attention to ./attention_weights/cross_attention_batch_174.pt
[2025-11-13 20:36:09,745][src.models.modules.semantic_id.tiger_generation_model][INFO] - [rank: 0] 当前batch的生成语义ID Embedding相似度矩阵:
[[ 1.0000000e+00 -1.5869202e-02 -3.7660711e-02 -2.1875836e-04
  -4.2285617e-02 -1.7718904e-02]
 [-1.5869202e-02  1.0000000e+00 -2.1476928e-02 -6.5367948e-04
  -2.6447769e-02 -3.1550556e-02]
 [-3.7660711e-02 -2.1476928e-02  1.0000000e+00 -4.5190945e-02
   3.0754532e-03  2.3358928e-02]
 [-2.1875836e-04 -6.5367948e-04 -4.5190945e-02  9.9999994e-01
  -8.8567380e-04 -1.1149283e-02]
 [-4.2285617e-02 -2.6447769e-02  3.0754532e-03 -8.8567380e-04
   1.0000000e+00  1.0089631e-02]
 [-1.7718904e-02 -3.1550556e-02  2.3358928e-02 -1.1149283e-02
   1.0089631e-02  1.0000002e+00]]
[2025-11-13 20:36:10,952][src.models.modules.semantic_id.tiger_generation_model][INFO] - [rank: 0] 当前batch的输入Item Hierarchy Embedding相似度矩阵:
[[ 9.99999940e-01  1.95836909e-02 -4.75799636e-04 -3.22387591e-02
  -1.88771077e-02 -2.04514768e-02]
 [ 1.95836909e-02  9.99999940e-01 -2.04169508e-02  1.21308374e-04
  -1.41669009e-02 -1.23747848e-02]
 [-4.75799636e-04 -2.04169508e-02  9.99999940e-01  4.01411671e-03
  -1.12584736e-02  1.70974489e-02]
 [-3.22387591e-02  1.21308374e-04  4.01411671e-03  9.99999940e-01
  -7.95093924e-03  2.17347704e-02]
 [-1.88771077e-02 -1.41669009e-02 -1.12584736e-02 -7.95093924e-03
   9.99999940e-01  1.50458375e-02]
 [-2.04514768e-02 -1.23747848e-02  1.70974489e-02  2.17347704e-02
   1.50458375e-02  1.00000000e+00]]
[2025-11-13 20:36:11,019][src.utils.inference_utils][INFO] - Global Rank: 0 wrote 5595 rows to /data/mhwang/Rec/GRID/logs/inference/runs/2025-11-13/20-28-12/pickle/predictions_0_20251113T123610959.pkl.
[2025-11-13 20:36:11,031][src.utils.inference_utils][INFO] - Rank 0 finished writing predictions.
[2025-11-13 20:36:11,036][src.utils.inference_utils][INFO] - Merging pickle files on main process.
[2025-11-13 20:36:11,553][src.utils.inference_utils][INFO] - Merged 22363 rows into merged_predictions.pkl.
[2025-11-13 20:36:12,571][src.utils.inference_utils][INFO] - Merged 22363 rows into merged_predictions_tensor.pt. as pytorch tensor
[2025-11-13 20:36:12,653][src.models.modules.semantic_id.tiger_generation_model][INFO] - [rank: 0] 
================================================================================
[2025-11-13 20:36:12,653][src.models.modules.semantic_id.tiger_generation_model][INFO] - [rank: 0] === 生成的语义ID Embedding相似度矩阵 (平均自 175 个batch) ===
[2025-11-13 20:36:12,673][src.models.modules.semantic_id.tiger_generation_model][INFO] - [rank: 0] 
[[ 1.00000000e+00 -6.57391967e-03  8.56834836e-03 -1.49412658e-02
  -1.10884204e-04 -1.88335087e-02]
 [-6.57391967e-03  1.00000000e+00 -1.43752689e-03  4.17691469e-03
  -1.31981261e-02  1.12118185e-04]
 [ 8.56834836e-03 -1.43752689e-03  1.00000000e+00 -4.27486812e-04
  -2.64348788e-03 -4.10447922e-03]
 [-1.49412658e-02  4.17691469e-03 -4.27486812e-04  1.00000000e+00
  -5.75757446e-03  1.51395909e-02]
 [-1.10884204e-04 -1.31981261e-02 -2.64348788e-03 -5.75757446e-03
   1.00000000e+00  1.76162440e-02]
 [-1.88335087e-02  1.12118185e-04 -4.10447922e-03  1.51395909e-02
   1.76162440e-02  1.00000012e+00]]
[2025-11-13 20:36:12,673][src.models.modules.semantic_id.tiger_generation_model][INFO] - [rank: 0] ================================================================================

[2025-11-13 20:36:12,674][src.models.modules.semantic_id.tiger_generation_model][INFO] - [rank: 0] 
================================================================================
[2025-11-13 20:36:12,674][src.models.modules.semantic_id.tiger_generation_model][INFO] - [rank: 0] === 输入序列中每个Item的Hierarchy Embedding相似度矩阵 (平均自 175 个batch) ===
[2025-11-13 20:36:12,675][src.models.modules.semantic_id.tiger_generation_model][INFO] - [rank: 0] 
[[ 1.00000000e+00 -6.34526741e-03 -4.70145314e-04 -5.32935199e-04
  -1.74024876e-03 -3.20230541e-03]
 [-6.34526741e-03  1.00000000e+00  1.62730750e-03  3.13554774e-03
  -1.75684423e-03 -7.15385098e-03]
 [-4.70145314e-04  1.62730750e-03  1.00000000e+00  2.20896676e-03
  -5.31123392e-03 -3.05334292e-03]
 [-5.32935199e-04  3.13554774e-03  2.20896676e-03  1.00000000e+00
  -8.86888616e-03  7.12882401e-03]
 [-1.74024876e-03 -1.75684423e-03 -5.31123392e-03 -8.86888616e-03
   1.00000000e+00  1.10941045e-02]
 [-3.20230541e-03 -7.15385098e-03 -3.05334292e-03  7.12882401e-03
   1.10941045e-02  1.00000000e+00]]
[2025-11-13 20:36:12,676][src.models.modules.semantic_id.tiger_generation_model][INFO] - [rank: 0] ================================================================================

